City/municipality,State/ Country,Population,Focus,Aggregation,Average Score,Disparity,Infra ratio,Dest ratio,Highest Point,Focus Disparity,Accuracy Score,Continent,Subdivision,latitude,longitude,Safe Area (sq mi),Bike Network (mi),Bike Network %,Bike Paths (mi),Bike Paths %,Bike Lanes (mi),Bike Lanes %,Friendly (mi),Friendly %,Shared Road %,Other %,Total Network,Destinations,Bike Parking,Destination Score,Bad Ints  / mi,Furthest Reach #1 (mi),Furthest Reach #2 (mi),Furthest Reach #3 (mi),PFB rank dif,Copenhagen rank dif
Helsinki,Finland,"690,000",Infrastructure,City Wide,101.2,3.0,104%,96%,104.3,8.4,96,EU,,60.17,24.94,225,2146,0.559,2127,0.419,19,0.004,859,0.169,0.164,0.244,5074,12368,4779,19304,0.3,16.4,14.8,12.1,,6
Helsinki,Finland,"690,000",Infrastructure,Best Area,104.2,0.4,105%,95%,104.6,10.0,96,EU,,60.17,24.94,269,2420,0.55,2401,0.404,19,0.003,965,0.163,0.171,0.259,5939,13337,5125,20799,0.3,17.3,16.2,14.9,,6
Helsinki,Finland,"690,000",Balanced,City Wide,97.1,2.2,104%,96%,99.4,8.4,96,EU,,60.17,24.94,225,2146,0.559,2128,0.42,19,0.004,859,0.169,0.164,0.243,5070,12467,4818,19448,0.3,16.3,14.8,12.1,,6
Helsinki,Finland,"690,000",Balanced,Best Area,99.3,0.3,105%,95%,99.6,10.0,96,EU,,60.17,24.94,269,2420,0.55,2401,0.404,19,0.003,965,0.163,0.171,0.259,5939,13337,5125,20799,0.3,17.3,16.2,14.9,,6
Helsinki,Finland,"690,000",Destination,City Wide,92.8,1.4,104%,96%,94.3,8.4,96,EU,,60.17,24.94,225,2146,0.559,2128,0.42,19,0.004,859,0.169,0.164,0.243,5070,12467,4818,19448,0.3,16.3,14.8,12.1,,5
Helsinki,Finland,"690,000",Destination,Best Area,94.2,0.2,105%,95%,94.4,10.0,96,EU,,60.17,24.94,269,2420,0.55,2401,0.404,19,0.003,965,0.163,0.171,0.259,5939,13337,5125,20799,0.3,17.3,16.2,14.9,,5
Espoo,Finland,"300,000",Infrastructure,City Wide,98.6,4.0,104%,96%,102.7,7.9,95,EU,,60.20,24.66,196,1810,0.559,1794,0.41,17,0.004,716,0.164,0.163,0.26,4376,10910,4468,17108,0.3,15.9,13.9,11.5,,
Espoo,Finland,"300,000",Infrastructure,Best Area,102.6,0.8,104%,95%,103.4,9.0,95,EU,,60.20,24.66,246,2191,0.549,2172,0.398,20,0.004,882,0.162,0.168,0.269,5457,12804,5142,20066,0.3,17.3,15.7,13.4,,
Espoo,Finland,"300,000",Balanced,City Wide,94.7,3.5,104%,96%,98.3,7.9,95,EU,,60.20,24.66,197,1810,0.559,1793,0.41,17,0.004,716,0.163,0.163,0.26,4376,10907,4466,17104,0.3,15.9,13.9,11.5,,
Espoo,Finland,"300,000",Balanced,Best Area,98.2,0.6,104%,95%,98.8,9.0,95,EU,,60.20,24.66,246,2193,0.549,2173,0.399,20,0.004,883,0.162,0.168,0.268,5450,12813,5146,20081,0.3,17.3,15.8,13.5,,
Espoo,Finland,"300,000",Destination,City Wide,90.7,2.9,104%,96%,93.6,7.9,95,EU,,60.20,24.66,197,1809,0.559,1793,0.41,17,0.004,715,0.163,0.163,0.26,4376,10905,4466,17100,0.3,15.9,13.9,11.5,,
Espoo,Finland,"300,000",Destination,Best Area,93.6,0.4,104%,95%,94.0,9.0,95,EU,,60.20,24.66,246,2193,0.549,2173,0.399,20,0.004,883,0.162,0.168,0.268,5450,12813,5146,20081,0.3,17.3,15.8,13.5,,
Paris,France,"2,100,000",Infrastructure,City Wide,89.4,1.1,93%,107%,90.6,-13.6,92,EU,,48.85,2.35,138,830,0.302,643,0.214,188,0.063,1267,0.423,0.218,0.082,2996,62458,16050,84856,1.7,14.3,9.8,8.8,-5,-7
Paris,France,"2,100,000",Infrastructure,Best Area,90.5,0.5,93%,107%,91.0,-13.1,92,EU,,48.85,2.35,150,888,0.297,689,0.212,198,0.061,1328,0.409,0.239,0.078,3247,63831,16344,86880,1.7,15.4,10.0,9.4,-10,-10
Paris,France,"2,100,000",Balanced,City Wide,96.4,0.8,93%,107%,97.3,-13.6,92,EU,,48.85,2.35,138,830,0.302,643,0.214,188,0.063,1267,0.423,0.218,0.082,2996,62458,16050,84856,1.7,14.3,9.8,8.8,1,0
Paris,France,"2,100,000",Balanced,Best Area,97.2,0.4,93%,107%,97.6,-13.1,92,EU,,48.85,2.35,150,888,0.297,689,0.212,198,0.061,1328,0.409,0.239,0.078,3247,63831,16344,86880,1.7,15.4,10.0,9.4,1,0
Paris,France,"2,100,000",Destination,City Wide,103.0,0.6,93%,107%,103.6,-13.6,92,EU,,48.85,2.35,138,830,0.302,643,0.214,188,0.063,1267,0.423,0.218,0.082,2996,62458,16050,84856,1.7,14.3,9.8,8.8,1,1
Paris,France,"2,100,000",Destination,Best Area,103.6,0.2,93%,107%,103.8,-13.1,92,EU,,48.85,2.35,150,888,0.297,689,0.212,198,0.061,1328,0.409,0.239,0.078,3247,63831,16344,86880,1.7,15.4,10.0,9.4,1,1
The Hague,Netherlands,"601,291",Infrastructure,City Wide,96.8,2.5,103%,97%,99.9,4.8,79,EU,,52.08,4.31,219,1575,0.404,1462,0.349,113,0.027,1737,0.415,0.14,0.068,4185,15661,3143,21863,0.7,16.3,13.7,12.3,0,6
The Hague,Netherlands,"601,291",Infrastructure,Best Area,99.3,1.1,103%,97%,100.4,5.4,79,EU,,52.08,4.31,254,1841,0.399,1713,0.347,128,0.026,2071,0.419,0.142,0.066,4943,18400,3621,25801,0.6,15.6,14.0,12.9,0,6
The Hague,Netherlands,"601,291",Balanced,City Wide,94.4,2.2,103%,97%,97.2,4.8,79,EU,,52.08,4.31,219,1576,0.404,1463,0.349,113,0.027,1737,0.415,0.14,0.068,4185,15664,3145,21875,0.7,16.3,13.7,12.3,-1,5
The Hague,Netherlands,"601,291",Balanced,Best Area,96.6,1.0,103%,97%,97.6,5.4,79,EU,,52.08,4.31,254,1841,0.399,1713,0.347,128,0.026,2071,0.419,0.142,0.066,4943,18400,3621,25801,0.6,15.6,14.0,12.9,0,7
The Hague,Netherlands,"601,291",Destination,City Wide,92.0,1.9,103%,97%,94.4,4.8,79,EU,,52.08,4.31,219,1576,0.404,1463,0.349,113,0.027,1737,0.415,0.14,0.068,4185,15664,3145,21875,0.7,16.3,13.7,12.3,-1,7
The Hague,Netherlands,"601,291",Destination,Best Area,93.9,0.8,103%,97%,94.7,5.4,79,EU,,52.08,4.31,254,1842,0.399,1715,0.347,127,0.026,2071,0.419,0.143,0.066,4945,18430,3634,25850,0.6,15.6,14.0,12.8,-2,7
Rotterdam,Netherlands,"695,468",Infrastructure,City Wide,98.3,1.5,104%,96%,100.0,6.8,78,EU,,51.92,4.48,247,1801,0.399,1701,0.354,100,0.021,1972,0.41,0.154,0.062,4810,14082,2830,20169,0.7,14.4,13.8,13.1,54,27
Rotterdam,Netherlands,"695,468",Infrastructure,Best Area,99.8,0.9,103%,97%,100.7,6.6,78,EU,,51.92,4.48,269,1958,0.397,1846,0.351,112,0.021,2164,0.411,0.155,0.062,5261,16355,3312,23265,0.7,14.5,14.1,13.5,54,26
Rotterdam,Netherlands,"695,468",Balanced,City Wide,94.9,1.6,104%,96%,96.8,6.8,78,EU,,51.92,4.48,247,1800,0.399,1700,0.354,100,0.021,1970,0.41,0.153,0.062,4806,14114,2833,20214,0.7,14.3,13.8,13.1,53,26
Rotterdam,Netherlands,"695,468",Balanced,Best Area,96.5,1.1,103%,97%,97.6,6.6,78,EU,,51.92,4.48,267,1954,0.397,1843,0.351,112,0.021,2162,0.412,0.154,0.062,5252,16605,3333,23583,0.7,14.4,14.0,13.4,52,25
Rotterdam,Netherlands,"695,468",Destination,City Wide,91.5,1.7,104%,96%,93.5,6.8,78,EU,,51.92,4.48,246,1796,0.399,1696,0.354,100,0.021,1967,0.41,0.153,0.062,4795,14162,2852,20286,0.7,14.3,13.7,13.0,51,24
Rotterdam,Netherlands,"695,468",Destination,Best Area,93.2,1.1,103%,97%,94.3,6.6,78,EU,,51.92,4.48,264,1936,0.397,1825,0.351,112,0.021,2144,0.412,0.154,0.062,5202,16910,3400,23986,0.7,14.2,13.8,13.1,50,24
Stockholm,Sweden,"985,000",Infrastructure,City Wide,98.2,1.7,104%,96%,100.1,7.2,68,EU,,59.33,18.07,239,1567,0.411,1540,0.327,27,0.006,1636,0.347,0.129,0.192,4717,13027,2815,17878,0.2,15.5,13.8,12.2,,15
Stockholm,Sweden,"985,000",Infrastructure,Best Area,99.9,1.2,104%,96%,101.1,8.3,68,EU,,59.33,18.07,266,1695,0.406,1668,0.321,27,0.005,1801,0.346,0.132,0.196,5202,13323,2907,18343,0.2,15.9,14.2,13.5,,16
Stockholm,Sweden,"985,000",Balanced,City Wide,94.7,1.2,104%,96%,96.0,7.2,68,EU,,59.33,18.07,239,1567,0.411,1540,0.327,27,0.006,1636,0.347,0.129,0.192,4717,13027,2815,17878,0.2,15.5,13.8,12.2,,14
Stockholm,Sweden,"985,000",Balanced,Best Area,95.9,0.8,104%,96%,96.7,8.3,68,EU,,59.33,18.07,266,1695,0.406,1668,0.321,27,0.005,1801,0.346,0.132,0.196,5202,13323,2907,18343,0.2,15.9,14.2,13.5,,13
Stockholm,Sweden,"985,000",Destination,City Wide,91.0,0.6,104%,96%,91.7,7.2,68,EU,,59.33,18.07,238,1567,0.411,1540,0.327,27,0.006,1635,0.347,0.129,0.192,4716,13028,2815,17879,0.2,15.5,13.8,12.2,,12
Stockholm,Sweden,"985,000",Destination,Best Area,91.6,0.5,104%,96%,92.1,8.3,68,EU,,59.33,18.07,265,1697,0.406,1670,0.321,27,0.005,1800,0.346,0.131,0.196,5201,13344,2908,18372,0.2,15.9,14.2,13.5,,11
Copenhagen,Denmark,"667,000",Infrastructure,City Wide,96.3,2.1,103%,97%,98.8,6.1,91,EU,,55.66,12.60,224,1584,0.473,1537,0.367,47,0.011,149,0.036,0.385,0.201,4188,12375,4969,17184,0.6,17.8,16.7,10.7,,-4
Copenhagen,Denmark,"667,000",Infrastructure,Best Area,98.4,1.7,104%,96%,100.1,7.3,91,EU,,55.66,12.60,255,1742,0.471,1688,0.359,54,0.012,166,0.035,0.38,0.214,4706,12850,5058,17853,0.6,18.6,17.4,11.4,,-4
Copenhagen,Denmark,"667,000",Balanced,City Wide,93.3,1.5,103%,97%,95.1,6.1,91,EU,,55.66,12.60,224,1584,0.473,1537,0.367,47,0.011,149,0.036,0.385,0.201,4188,12375,4969,17184,0.6,17.8,16.7,10.7,,-5
Copenhagen,Denmark,"667,000",Balanced,Best Area,94.8,1.2,104%,96%,96.0,7.3,91,EU,,55.66,12.60,255,1742,0.471,1688,0.359,54,0.012,166,0.035,0.38,0.214,4706,12850,5058,17853,0.6,18.6,17.4,11.4,,-5
Copenhagen,Denmark,"667,000",Destination,City Wide,90.2,0.9,103%,97%,91.3,6.1,91,EU,,55.66,12.60,224,1584,0.473,1537,0.367,47,0.011,149,0.036,0.385,0.201,4188,12377,4969,17186,0.6,17.9,16.7,10.5,,-8
Copenhagen,Denmark,"667,000",Destination,Best Area,91.1,0.7,104%,96%,91.8,7.3,91,EU,,55.66,12.60,255,1742,0.471,1688,0.359,54,0.012,166,0.035,0.38,0.214,4706,12850,5058,17853,0.6,18.6,17.4,11.4,,-7
Antwerp,Belgium,"577,496",Infrastructure,City Wide,93.2,2.7,103%,97%,96.2,5.9,73,EU,,51.22,4.40,212,1138,0.435,1106,0.367,32,0.011,662,0.219,0.271,0.133,3016,8889,2351,12694,0.9,14.3,13.3,11.6,21,19
Antwerp,Belgium,"577,496",Infrastructure,Best Area,95.9,1.0,104%,96%,96.9,7.2,73,EU,,51.22,4.40,255,1308,0.428,1267,0.358,41,0.012,742,0.209,0.284,0.137,3543,9727,2573,13827,0.8,15.0,14.3,13.2,21,19
Antwerp,Belgium,"577,496",Balanced,City Wide,90.3,2.0,103%,97%,92.6,5.9,73,EU,,51.22,4.40,212,1138,0.435,1106,0.367,32,0.011,662,0.219,0.271,0.133,3016,8889,2351,12694,0.9,14.3,13.3,11.6,20,18
Antwerp,Belgium,"577,496",Balanced,Best Area,92.3,0.8,104%,96%,93.1,7.2,73,EU,,51.22,4.40,254,1308,0.428,1268,0.358,41,0.012,742,0.21,0.284,0.137,3538,9757,2585,13865,0.8,14.9,14.3,13.2,20,18
Antwerp,Belgium,"577,496",Destination,City Wide,87.3,1.4,103%,97%,88.8,5.9,73,EU,,51.22,4.40,212,1138,0.435,1106,0.367,32,0.011,662,0.219,0.271,0.133,3016,8889,2351,12694,0.9,14.3,13.3,11.6,10,11
Antwerp,Belgium,"577,496",Destination,Best Area,88.7,0.4,104%,96%,89.1,7.2,73,EU,,51.22,4.40,254,1309,0.429,1268,0.359,41,0.012,742,0.21,0.283,0.136,3531,9781,2595,13897,0.8,14.9,14.3,13.2,7,10
Amsterdam,Netherlands,"867,612",Infrastructure,City Wide,90.6,2.9,101%,99%,93.7,1.5,68,EU,,52.37,4.89,138,1059,0.442,988,0.375,71,0.027,1072,0.407,0.101,0.09,2634,12616,3948,17398,0.6,12.3,11.1,10.2,8,-4
Amsterdam,Netherlands,"867,612",Infrastructure,Best Area,93.5,0.5,102%,98%,94.0,3.0,68,EU,,52.37,4.89,171,1283,0.433,1186,0.364,97,0.03,1321,0.406,0.111,0.09,3256,14144,4351,19452,0.6,13.3,12.5,11.5,8,-4
Amsterdam,Netherlands,"867,612",Balanced,City Wide,89.8,2.2,101%,99%,92.2,1.5,68,EU,,52.37,4.89,138,1058,0.442,987,0.375,71,0.027,1070,0.407,0.101,0.09,2631,12627,3947,17410,0.6,12.3,11.1,10.2,7,-5
Amsterdam,Netherlands,"867,612",Balanced,Best Area,92.0,0.4,102%,98%,92.4,3.0,68,EU,,52.37,4.89,171,1283,0.433,1186,0.364,97,0.03,1321,0.406,0.111,0.09,3256,14144,4351,19452,0.6,13.3,12.5,11.5,7,-5
Amsterdam,Netherlands,"867,612",Destination,City Wide,89.1,1.4,101%,99%,90.6,1.5,68,EU,,52.37,4.89,138,1058,0.442,987,0.375,71,0.027,1071,0.407,0.101,0.09,2631,12628,3948,17411,0.6,12.3,11.1,10.2,2,-7
Amsterdam,Netherlands,"867,612",Destination,Best Area,90.5,0.2,102%,98%,90.7,3.0,68,EU,,52.37,4.89,171,1283,0.433,1186,0.364,97,0.03,1321,0.406,0.111,0.09,3256,14144,4351,19452,0.6,13.3,12.5,11.5,0,-7
Berlin,Germany,"3,541,606",Infrastructure,City Wide,80.2,7.5,96%,104%,88.4,-6.9,73,EU,,52.52,13.40,73,413,0.397,355,0.296,58,0.049,514,0.43,0.096,0.129,1196,12722,7870,18597,0.3,8.5,7.1,6.2,10,
Berlin,Germany,"3,541,606",Infrastructure,Best Area,87.7,3.9,96%,104%,91.6,-7.2,73,EU,,52.52,13.40,119,712,0.406,608,0.302,104,0.051,852,0.423,0.095,0.129,2014,22850,12485,32656,0.3,10.2,9.3,8.4,15,
Berlin,Germany,"3,541,606",Balanced,City Wide,83.6,7.6,96%,104%,91.7,-6.9,73,EU,,52.52,13.40,73,413,0.394,354,0.295,59,0.049,518,0.432,0.096,0.128,1200,12738,7904,18638,0.3,8.4,7.1,6.2,16,
Berlin,Germany,"3,541,606",Balanced,Best Area,91.2,3.7,96%,104%,94.9,-7.2,73,EU,,52.52,13.40,115,716,0.41,606,0.308,110,0.056,841,0.427,0.096,0.114,1969,24019,13636,34488,0.3,10.1,9.0,8.1,27,
Berlin,Germany,"3,541,606",Destination,City Wide,87.1,7.8,96%,104%,95.5,-6.9,73,EU,,52.52,13.40,73,411,0.394,353,0.295,59,0.049,517,0.433,0.096,0.127,1196,12752,7909,18655,0.3,8.3,7.0,6.1,18,
Berlin,Germany,"3,541,606",Destination,Best Area,94.9,3.2,96%,104%,98.1,-7.2,73,EU,,52.52,13.40,114,714,0.411,604,0.309,110,0.057,834,0.427,0.096,0.111,1952,24128,13769,34674,0.3,10.0,8.9,8.0,31,
Brussels,Belgium,"196,828",Infrastructure,City Wide,88.1,2.3,98%,102%,90.7,-2.8,71,EU,,50.85,4.35,158,744,0.339,629,0.251,115,0.046,946,0.378,0.203,0.122,2503,15235,7534,23066,0.6,12.8,10.3,9.3,-7,40
Brussels,Belgium,"196,828",Infrastructure,Best Area,90.4,0.4,99%,101%,90.8,-1.5,71,EU,,50.85,4.35,188,841,0.34,719,0.251,123,0.043,1017,0.355,0.216,0.136,2866,15964,7832,24134,0.6,13.5,11.3,10.1,-9,38
Brussels,Belgium,"196,828",Balanced,City Wide,89.5,1.6,98%,102%,91.3,-2.8,71,EU,,50.85,4.35,158,744,0.339,629,0.251,115,0.046,946,0.378,0.203,0.122,2503,15235,7534,23066,0.6,12.8,10.3,9.3,-2,42
Brussels,Belgium,"196,828",Balanced,Best Area,91.1,0.3,99%,101%,91.4,-1.5,71,EU,,50.85,4.35,187,839,0.338,717,0.25,122,0.043,1025,0.358,0.215,0.134,2862,16017,7864,24222,0.6,13.7,11.3,10.0,-3,42
Brussels,Belgium,"196,828",Destination,City Wide,90.9,1.0,98%,102%,92.0,-2.8,71,EU,,50.85,4.35,157,741,0.337,626,0.25,116,0.046,954,0.382,0.201,0.121,2499,15284,7575,23163,0.6,12.8,10.2,9.4,-1,44
Brussels,Belgium,"196,828",Destination,Best Area,91.9,0.2,99%,101%,92.1,-1.5,71,EU,,50.85,4.35,187,839,0.338,717,0.25,122,0.043,1025,0.358,0.215,0.134,2862,16017,7864,24222,0.6,13.7,11.3,10.0,-3,45
Cologne,Germany,"1,200,156",Infrastructure,City Wide,88.1,3.5,100%,100%,91.8,0.0,92,EU,,50.96,6.89,147,728,0.371,674,0.256,54,0.02,783,0.297,0.171,0.256,2636,11666,2817,16240,0.6,12.1,10.5,8.9,36,65
Cologne,Germany,"1,200,156",Infrastructure,Best Area,91.6,1.3,101%,99%,92.9,2.0,92,EU,,50.96,6.89,192,872,0.354,809,0.242,63,0.019,999,0.299,0.177,0.263,3338,12960,3005,17973,0.6,13.0,11.5,10.6,38,65
Cologne,Germany,"1,200,156",Balanced,City Wide,88.1,2.5,100%,100%,90.8,0.0,92,EU,,50.96,6.89,147,728,0.371,674,0.256,54,0.02,783,0.297,0.171,0.256,2636,11666,2817,16240,0.6,12.1,10.5,8.9,40,66
Cologne,Germany,"1,200,156",Balanced,Best Area,90.6,0.9,101%,99%,91.5,2.0,92,EU,,50.96,6.89,192,872,0.354,809,0.242,63,0.019,999,0.299,0.177,0.263,3338,12960,3005,17973,0.6,13.0,11.5,10.6,39,66
Cologne,Germany,"1,200,156",Destination,City Wide,88.1,1.5,100%,100%,89.7,0.0,92,EU,,50.96,6.89,147,728,0.371,674,0.256,54,0.02,783,0.297,0.171,0.256,2636,11663,2817,16236,0.6,12.1,10.5,8.9,36,65
Cologne,Germany,"1,200,156",Destination,Best Area,89.6,0.5,101%,99%,90.1,2.0,92,EU,,50.96,6.89,191,872,0.354,809,0.242,63,0.019,999,0.299,0.177,0.263,3338,12971,3007,17987,0.6,12.9,11.5,10.6,34,64
Dusseldorf,Germany,"693,104",Infrastructure,City Wide,88.2,3.9,101%,99%,93.6,1.7,87,EU,,51.23,6.78,142,771,0.401,719,0.298,52,0.022,780,0.324,0.154,0.203,2412,9350,2421,13180,0.6,12.1,10.4,9.7,31,
Dusseldorf,Germany,"693,104",Infrastructure,Best Area,92.1,3.2,102%,98%,95.3,3.7,87,EU,,51.23,6.78,193,950,0.38,890,0.284,60,0.019,1033,0.33,0.165,0.201,3128,10773,2632,15168,0.6,14.3,11.6,11.0,33,
Dusseldorf,Germany,"693,104",Balanced,City Wide,87.3,3.0,101%,99%,91.4,1.7,87,EU,,51.23,6.78,142,771,0.401,719,0.298,52,0.022,781,0.324,0.154,0.203,2415,9357,2425,13188,0.6,12.1,10.4,9.6,31,
Dusseldorf,Germany,"693,104",Balanced,Best Area,90.3,2.6,102%,98%,92.9,3.7,87,EU,,51.23,6.78,193,950,0.38,889,0.285,60,0.019,1033,0.331,0.165,0.201,3126,10780,2638,15177,0.6,14.4,11.6,11.0,32,
Dusseldorf,Germany,"693,104",Destination,City Wide,86.5,1.9,101%,99%,89.1,1.7,87,EU,,51.23,6.78,142,771,0.401,719,0.298,52,0.022,781,0.324,0.154,0.203,2415,9357,2425,13188,0.6,12.1,10.4,9.6,25,
Dusseldorf,Germany,"693,104",Destination,Best Area,88.4,2.0,102%,98%,90.4,3.7,87,EU,,51.23,6.78,193,950,0.381,889,0.285,61,0.019,1033,0.331,0.164,0.201,3123,10801,2652,15201,0.6,14.3,11.6,11.0,22,
Bremen,Germany,"617,011",Infrastructure,City Wide,90.5,2.8,103%,97%,93.5,5.2,78,EU,,53.08,8.81,165,780,0.415,763,0.321,17,0.007,731,0.307,0.154,0.211,2379,6895,2955,10059,0.3,15.5,13.6,12.0,31,60
Bremen,Germany,"617,011",Infrastructure,Best Area,93.3,1.0,104%,96%,94.3,6.8,78,EU,,53.08,8.81,207,889,0.396,871,0.305,18,0.006,883,0.309,0.166,0.214,2857,7428,3106,10816,0.3,17.6,15.1,13.5,31,60
Bremen,Germany,"617,011",Balanced,City Wide,87.9,2.1,103%,97%,90.2,5.2,78,EU,,53.08,8.81,165,780,0.415,763,0.321,17,0.007,731,0.307,0.154,0.211,2379,6895,2955,10059,0.3,15.5,13.6,12.0,28,57
Bremen,Germany,"617,011",Balanced,Best Area,90.0,0.8,104%,96%,90.8,6.8,78,EU,,53.08,8.81,207,889,0.396,871,0.305,18,0.006,883,0.309,0.166,0.214,2857,7428,3106,10816,0.3,17.6,15.1,13.5,26,57
Bremen,Germany,"617,011",Destination,City Wide,85.3,1.2,103%,97%,86.7,5.2,78,EU,,53.08,8.81,165,780,0.415,763,0.321,17,0.007,731,0.307,0.154,0.211,2379,6895,2955,10059,0.3,15.5,13.6,12.0,17,52
Bremen,Germany,"617,011",Destination,Best Area,86.5,0.5,104%,96%,87.0,6.8,78,EU,,53.08,8.81,207,888,0.395,870,0.305,18,0.006,884,0.31,0.166,0.213,2855,7438,3106,10829,0.3,17.6,15.0,13.6,9,46
Vienna,Austria,"2,020,320",Infrastructure,City Wide,83.0,2.8,95%,105%,86.1,-9.0,90,EU,,48.21,16.37,96,492,0.339,399,0.237,92,0.055,701,0.417,0.152,0.139,1683,19143,6882,28146,0.4,11.3,8.6,6.8,,-4
Vienna,Austria,"2,020,320",Infrastructure,Best Area,85.8,0.9,96%,104%,86.7,-7.8,90,EU,,48.21,16.37,127,575,0.312,467,0.214,107,0.049,932,0.427,0.155,0.154,2180,21076,7600,31073,0.3,12.0,9.5,8.4,,-5
Vienna,Austria,"2,020,320",Balanced,City Wide,87.6,2.2,95%,105%,90.1,-9.0,90,EU,,48.21,16.37,96,492,0.339,399,0.236,93,0.055,705,0.418,0.152,0.139,1688,19357,6958,28447,0.4,11.3,8.6,6.8,,2
Vienna,Austria,"2,020,320",Balanced,Best Area,89.8,0.6,96%,104%,90.4,-7.8,90,EU,,48.21,16.37,127,575,0.312,467,0.214,107,0.049,932,0.427,0.155,0.154,2180,21076,7600,31073,0.3,12.0,9.5,8.4,,2
Vienna,Austria,"2,020,320",Destination,City Wide,92.0,1.6,95%,105%,93.8,-9.0,90,EU,,48.21,16.37,96,491,0.338,398,0.236,93,0.055,706,0.418,0.152,0.139,1688,19427,6981,28545,0.4,11.2,8.6,6.8,,11
Vienna,Austria,"2,020,320",Destination,Best Area,93.6,0.4,96%,104%,94.0,-7.8,90,EU,,48.21,16.37,127,575,0.31,468,0.213,108,0.049,939,0.428,0.155,0.155,2193,21153,7619,31192,0.3,11.8,9.3,8.3,,10
Hanover,Germany,"578,042",Infrastructure,City Wide,89.2,1.2,102%,98%,90.5,2.9,94,EU,,52.37,9.74,153,702,0.378,681,0.29,21,0.009,820,0.349,0.142,0.21,2348,8055,4226,12235,0.4,15.3,14.4,9.6,7,
Hanover,Germany,"578,042",Infrastructure,Best Area,90.4,0.8,102%,98%,91.2,3.6,94,EU,,52.37,9.74,170,727,0.367,706,0.279,22,0.009,887,0.351,0.146,0.215,2526,8208,4266,12455,0.4,16.2,15.3,11.8,2,
Hanover,Germany,"578,042",Balanced,City Wide,87.8,0.8,102%,98%,88.7,2.9,94,EU,,52.37,9.74,153,701,0.378,680,0.29,21,0.009,819,0.349,0.142,0.21,2347,8055,4226,12236,0.4,15.3,14.5,9.6,6,
Hanover,Germany,"578,042",Balanced,Best Area,88.6,0.6,102%,98%,89.2,3.6,94,EU,,52.37,9.74,170,727,0.367,706,0.279,22,0.009,887,0.351,0.146,0.215,2526,8208,4266,12455,0.4,16.2,15.3,11.8,4,
Hanover,Germany,"578,042",Destination,City Wide,86.3,0.5,102%,98%,86.8,2.9,94,EU,,52.37,9.74,153,701,0.378,680,0.29,21,0.009,819,0.349,0.142,0.21,2347,8055,4226,12236,0.4,15.3,14.5,9.6,-3,
Hanover,Germany,"578,042",Destination,Best Area,86.8,0.3,102%,98%,87.1,3.6,94,EU,,52.37,9.74,168,725,0.367,703,0.28,22,0.009,884,0.352,0.145,0.213,2509,8221,4273,12472,0.4,16.5,15.7,11.4,-10,
Hamburg,Germany,"1,873,971",Infrastructure,City Wide,79.9,7.2,99%,100%,87.9,-0.9,83,EU,,53.55,10.00,74,439,0.429,405,0.341,34,0.029,407,0.343,0.149,0.138,1186,7565,3016,10650,0.4,9.8,7.6,6.2,38,
Hamburg,Germany,"1,873,971",Infrastructure,Best Area,87.1,2.1,99%,101%,89.2,-2.4,83,EU,,53.55,10.00,118,751,0.43,688,0.349,63,0.032,708,0.359,0.146,0.113,1970,13173,5491,18602,0.4,12.0,9.1,7.7,43,
Hamburg,Germany,"1,873,971",Balanced,City Wide,80.4,7.8,99%,100%,88.9,-0.9,83,EU,,53.55,10.00,74,438,0.429,404,0.341,34,0.029,407,0.343,0.149,0.137,1184,7607,3036,10709,0.4,9.7,7.5,6.1,33,
Hamburg,Germany,"1,873,971",Balanced,Best Area,88.2,1.4,99%,101%,89.6,-2.4,83,EU,,53.55,10.00,117,750,0.431,686,0.35,64,0.032,703,0.359,0.147,0.112,1962,13376,5604,18886,0.4,12.1,9.0,7.6,50,
Hamburg,Germany,"1,873,971",Destination,City Wide,80.8,8.7,99%,100%,90.0,-0.9,83,EU,,53.55,10.00,74,436,0.428,402,0.34,34,0.029,407,0.344,0.149,0.138,1182,7590,3030,10682,0.4,9.7,7.6,6.2,34,
Hamburg,Germany,"1,873,971",Destination,Best Area,89.5,0.9,99%,101%,90.4,-2.4,83,EU,,53.55,10.00,115,746,0.432,681,0.352,65,0.034,693,0.358,0.149,0.108,1936,13565,5684,19143,0.4,11.8,8.9,7.5,48,
City of London,UK,"34,068",Infrastructure,City Wide,79.7,1.4,92%,108%,81.3,-13.9,90,EU,Yes,51.52,-0.09,72,372,0.224,305,0.177,66,0.039,1194,0.693,0.053,0.039,1722,31058,13433,40346,0.3,8.5,6.9,6.1,11,
City of London,UK,"34,068",Infrastructure,Best Area,81.1,0.2,92%,107%,81.3,-13.5,90,EU,Yes,51.52,-0.09,82,410,0.22,337,0.173,73,0.037,1343,0.69,0.058,0.041,1946,33152,14564,43160,0.3,9.2,7.4,6.7,9,
City of London,UK,"34,068",Balanced,City Wide,86.9,1.2,92%,108%,88.3,-13.9,90,EU,Yes,51.52,-0.09,72,371,0.224,304,0.177,67,0.039,1196,0.694,0.052,0.038,1723,31121,13485,40435,0.3,8.5,6.8,6.1,25,
City of London,UK,"34,068",Balanced,Best Area,88.1,0.2,92%,107%,88.3,-13.5,90,EU,Yes,51.52,-0.09,82,410,0.22,337,0.173,73,0.037,1343,0.69,0.058,0.041,1946,33152,14564,43160,0.3,9.2,7.4,6.7,23,
City of London,UK,"34,068",Destination,City Wide,93.6,1.0,92%,108%,94.8,-13.9,90,EU,Yes,51.52,-0.09,72,371,0.224,304,0.177,67,0.039,1196,0.694,0.052,0.038,1723,31121,13485,40435,0.3,8.5,6.8,6.1,34,
City of London,UK,"34,068",Destination,Best Area,94.6,0.2,92%,107%,94.8,-13.5,90,EU,Yes,51.52,-0.09,82,410,0.22,337,0.173,73,0.037,1343,0.69,0.058,0.041,1946,33152,14564,43160,0.3,9.2,7.4,6.7,33,
Munich,Germany,1669590,Infrastructure,City Wide,84.3,2.5,98%,102%,86.9,-3.1,92,EU,,48.14,11.58,99,604,0.384,583,0.314,20,0.011,726,0.39,0.13,0.155,1858,11977,3879,16324,0.3,9.7,8.5,7.3,-10,0
Munich,Germany,1669590,Infrastructure,Best Area,86.8,0.9,99%,101%,87.7,-2.2,92,EU,,48.14,11.58,122,703,0.375,679,0.301,24,0.011,869,0.385,0.133,0.169,2254,13471,4354,18377,0.3,10.6,9.6,8.6,-12,0
Munich,Germany,1669590,Balanced,City Wide,85.8,2.0,98%,102%,87.9,-3.1,92,EU,,48.14,11.58,99,603,0.385,582,0.314,20,0.011,723,0.39,0.13,0.154,1852,12039,3892,16397,0.3,9.7,8.5,7.3,-4,4
Munich,Germany,1669590,Balanced,Best Area,87.8,0.6,99%,101%,88.4,-2.2,92,EU,,48.14,11.58,121,702,0.376,678,0.302,24,0.011,866,0.386,0.133,0.169,2246,13553,4391,18492,0.3,10.6,9.6,8.5,-6,4
Munich,Germany,1669590,Destination,City Wide,87.4,1.6,98%,102%,89.1,-3.1,92,EU,,48.14,11.58,99,604,0.385,584,0.314,21,0.011,722,0.389,0.131,0.154,1856,12031,3869,16376,0.3,9.7,8.5,7.4,-4,5
Munich,Germany,1669590,Destination,Best Area,89.0,0.3,99%,101%,89.3,-2.2,92,EU,,48.14,11.58,117,691,0.374,667,0.301,24,0.011,866,0.391,0.131,0.166,2213,13899,4552,18970,0.3,10.4,9.1,8.0,-8,3
Minneapolis,MN,"426,845",Infrastructure,City Wide,88.9,3.4,105%,94%,93.4,9.3,92,NA,,44.98,-93.27,199,924,0.33,750,0.219,173,0.051,867,0.254,0.295,0.182,3419,5350,2171,7271,1.7,13.5,12.6,11.5,38,17
Minneapolis,MN,"426,845",Infrastructure,Best Area,92.3,3.2,106%,94%,95.5,10.7,92,NA,,44.98,-93.27,245,1132,0.331,942,0.229,190,0.046,933,0.227,0.331,0.166,4105,6015,2237,8157,1.8,14.9,13.3,12.7,40,17
Minneapolis,MN,"426,845",Balanced,City Wide,84.4,2.7,105%,94%,87.8,9.3,92,NA,,44.98,-93.27,198,918,0.33,743,0.218,175,0.051,877,0.257,0.289,0.184,3410,5389,2180,7315,1.7,13.5,12.5,11.4,34,13
Minneapolis,MN,"426,845",Balanced,Best Area,87.1,2.7,106%,94%,89.8,10.7,92,NA,,44.98,-93.27,243,1118,0.329,924,0.226,194,0.047,958,0.234,0.323,0.169,4093,6079,2250,8234,1.8,14.9,13.3,12.6,32,13
Minneapolis,MN,"426,845",Destination,City Wide,79.6,2.0,105%,94%,82.0,9.3,92,NA,,44.98,-93.27,197,917,0.33,742,0.218,176,0.052,876,0.257,0.289,0.184,3404,5394,2182,7318,1.7,13.5,12.5,11.4,13,0
Minneapolis,MN,"426,845",Destination,Best Area,81.6,2.2,106%,94%,83.8,10.7,92,NA,,44.98,-93.27,238,1091,0.328,895,0.222,196,0.049,981,0.243,0.311,0.175,4030,6110,2264,8271,1.7,14.9,13.3,12.5,10,-3
Montreal,QC,"1,826,998",Infrastructure,City Wide,75.0,10.1,97%,103%,85.7,-4.8,88,NA,,45.50,-73.57,74,366,0.282,254,0.172,111,0.075,570,0.385,0.242,0.126,1480,8964,5176,13122,1.6,10.6,8.6,6.8,11,5
Montreal,QC,"1,826,998",Infrastructure,Best Area,85.1,1.9,98%,102%,87.0,-3.3,88,NA,,45.50,-73.57,141,672,0.272,461,0.167,211,0.076,997,0.361,0.29,0.106,2763,14205,7130,20601,1.6,12.9,11.7,10.8,26,13
Montreal,QC,"1,826,998",Balanced,City Wide,77.4,9.4,97%,103%,87.1,-4.8,88,NA,,45.50,-73.57,74,365,0.282,254,0.171,112,0.075,570,0.385,0.243,0.126,1481,8992,5179,13159,1.6,10.5,8.5,6.9,11,6
Montreal,QC,"1,826,998",Balanced,Best Area,86.8,1.3,98%,102%,88.1,-3.3,88,NA,,45.50,-73.57,141,670,0.271,459,0.166,211,0.077,1006,0.364,0.287,0.106,2762,14220,7134,20626,1.6,12.9,11.7,10.8,31,18
Montreal,QC,"1,826,998",Destination,City Wide,79.8,8.6,97%,103%,88.6,-4.8,88,NA,,45.50,-73.57,74,365,0.282,254,0.172,111,0.075,566,0.383,0.245,0.126,1479,8998,5178,13164,1.6,10.5,8.5,6.8,15,8
Montreal,QC,"1,826,998",Destination,Best Area,88.4,0.8,98%,102%,89.2,-3.3,88,NA,,45.50,-73.57,141,670,0.271,459,0.166,211,0.077,1006,0.364,0.287,0.106,2762,14220,7134,20626,1.6,12.9,11.7,10.8,28,17
Utrecht,Netherlands,"398,519",Infrastructure,City Wide,85.8,2.5,102%,98%,88.5,3.8,84,EU,,52.09,5.12,121,706,0.375,661,0.311,46,0.021,927,0.435,0.117,0.115,2128,6236,1692,8578,0.7,12.5,11.1,9.1,-8,-11
Utrecht,Netherlands,"398,519",Infrastructure,Best Area,88.3,1.6,103%,97%,89.9,4.7,84,EU,,52.09,5.12,144,825,0.379,773,0.309,52,0.021,1065,0.425,0.114,0.131,2504,6952,1789,9504,0.7,12.6,11.8,9.6,-8,-11
Utrecht,Netherlands,"398,519",Balanced,City Wide,83.9,2.1,102%,98%,86.1,3.8,84,EU,,52.09,5.12,121,706,0.375,661,0.31,45,0.021,927,0.435,0.117,0.115,2129,6230,1691,8571,0.7,12.5,11.1,9.1,-7,-10
Utrecht,Netherlands,"398,519",Balanced,Best Area,86.0,1.4,103%,97%,87.4,4.7,84,EU,,52.09,5.12,144,825,0.379,772,0.308,52,0.021,1067,0.426,0.114,0.131,2506,6962,1789,9517,0.7,12.6,11.8,9.6,-9,-11
Utrecht,Netherlands,"398,519",Destination,City Wide,82.0,1.6,102%,98%,83.7,3.8,84,EU,,52.09,5.12,121,706,0.375,660,0.31,46,0.021,926,0.435,0.118,0.115,2127,6228,1692,8570,0.7,12.5,11.2,9.1,-18,-15
Utrecht,Netherlands,"398,519",Destination,Best Area,83.6,1.2,103%,97%,84.8,4.7,84,EU,,52.09,5.12,144,825,0.379,772,0.308,52,0.021,1067,0.426,0.114,0.131,2506,6962,1789,9517,0.7,12.6,11.8,9.6,-25,-19
City of Melbourne (London),VIC,"189,381",Infrastructure,City Wide,80.2,3.8,96%,104%,84.6,-6.3,76,Other,Yes,-37.81,144.95,95,599,0.381,413,0.224,187,0.101,41,0.022,0.507,0.145,1840,12288,1856,17411,3.2,12.8,11.0,9.2,,
City of Melbourne (London),VIC,"189,381",Infrastructure,Best Area,84.0,1.8,98%,102%,85.8,-3.8,76,Other,Yes,-37.81,144.95,126,769,0.383,556,0.241,213,0.092,43,0.019,0.518,0.13,2306,13175,1931,18737,3.0,14.7,13.3,10.3,,
City of Melbourne (London),VIC,"189,381",Balanced,City Wide,83.4,2.5,96%,104%,86.4,-6.3,76,Other,Yes,-37.81,144.95,95,600,0.382,414,0.225,186,0.101,41,0.022,0.506,0.145,1839,12275,1855,17388,3.2,12.8,11.0,9.2,,
City of Melbourne (London),VIC,"189,381",Balanced,Best Area,85.9,1.2,98%,102%,87.1,-3.8,76,Other,Yes,-37.81,144.95,126,769,0.383,556,0.241,213,0.092,43,0.019,0.518,0.13,2306,13175,1931,18737,3.0,14.7,13.3,10.3,,
City of Melbourne (London),VIC,"189,381",Destination,City Wide,86.5,1.3,96%,104%,87.9,-6.3,76,Other,Yes,-37.81,144.95,95,600,0.382,414,0.225,186,0.101,41,0.022,0.506,0.145,1839,12275,1855,17388,3.2,12.8,11.0,9.2,,
City of Melbourne (London),VIC,"189,381",Destination,Best Area,87.8,0.7,98%,102%,88.5,-3.8,76,Other,Yes,-37.81,144.95,125,755,0.378,543,0.236,212,0.092,43,0.019,0.521,0.132,2301,13282,1950,18914,3.0,14.7,13.1,10.5,,
St. Paul,MN,"307,762",Infrastructure,City Wide,85.3,6.0,106%,94%,92.0,9.4,83,NA,,44.95,-93.09,162,744,0.333,618,0.229,126,0.047,642,0.238,0.316,0.17,2693,4091,1447,5498,1.6,14.0,12.7,10.7,69,
St. Paul,MN,"307,762",Infrastructure,Best Area,91.3,3.0,106%,94%,94.3,10.9,83,NA,,44.95,-93.09,235,1053,0.326,894,0.234,159,0.042,783,0.205,0.366,0.153,3814,5466,1797,7304,1.7,16.6,14.9,12.7,76,
St. Paul,MN,"307,762",Balanced,City Wide,80.6,5.3,106%,94%,86.7,9.4,83,NA,,44.95,-93.09,161,737,0.332,609,0.227,128,0.048,647,0.241,0.313,0.171,2682,4157,1510,5589,1.6,13.9,12.6,10.6,58,
St. Paul,MN,"307,762",Balanced,Best Area,85.9,3.0,106%,94%,88.9,10.9,83,NA,,44.95,-93.09,232,1042,0.324,876,0.229,167,0.044,822,0.215,0.353,0.159,3819,5599,1905,7493,1.7,16.4,14.6,12.5,68,
St. Paul,MN,"307,762",Destination,City Wide,75.9,4.5,106%,94%,80.6,9.4,83,NA,,44.95,-93.09,156,715,0.331,582,0.222,132,0.05,657,0.251,0.299,0.177,2618,4214,1599,5672,1.5,13.5,12.2,10.3,41,
St. Paul,MN,"307,762",Destination,Best Area,80.4,2.9,106%,94%,83.3,10.9,83,NA,,44.95,-93.09,225,1015,0.322,841,0.223,173,0.046,867,0.229,0.335,0.167,3777,5706,2007,7645,1.6,16.0,14.3,12.3,43,
Seoul,South Korea,"10,050,000",Infrastructure,City Wide,69.5,12.2,95%,104%,83.1,-6.5,36,Other,,37.57,126.98,48,235,0.323,232,0.303,3,0.004,31,0.041,0.601,0.052,766,7594,50,9555,2.8,10.5,9.0,7.1,,4
Seoul,South Korea,"10,050,000",Infrastructure,Best Area,81.7,7.2,95%,105%,88.9,-8.0,36,Other,,37.57,126.98,118,545,0.286,538,0.267,7,0.004,84,0.041,0.635,0.052,2012,19775,107,24683,3.3,16.1,14.2,12.6,,18
Seoul,South Korea,"10,050,000",Balanced,City Wide,72.8,13.0,95%,104%,87.1,-6.5,36,Other,,37.57,126.98,48,235,0.323,232,0.302,3,0.004,31,0.041,0.601,0.052,766,7612,50,9575,2.8,10.5,9.0,7.0,,2
Seoul,South Korea,"10,050,000",Balanced,Best Area,85.8,6.5,95%,105%,92.3,-8.0,36,Other,,37.57,126.98,118,545,0.285,538,0.266,7,0.004,84,0.042,0.636,0.052,2019,19867,107,24793,3.3,16.0,14.2,12.6,,24
Seoul,South Korea,"10,050,000",Destination,City Wide,76.0,13.7,95%,104%,91.2,-6.5,36,Other,,37.57,126.98,48,234,0.323,231,0.302,3,0.004,31,0.041,0.601,0.052,766,7638,50,9602,2.9,10.4,9.0,7.0,,2
Seoul,South Korea,"10,050,000",Destination,Best Area,89.7,5.9,95%,105%,95.6,-8.0,36,Other,,37.57,126.98,118,542,0.282,535,0.264,7,0.004,85,0.042,0.639,0.051,2028,20005,109,24960,3.3,16.0,14.1,12.5,,30
Islington (London),United Kingdom,"220,000",Infrastructure,City Wide,75.1,2.8,91%,108%,78.2,-14.4,95,EU,Yes,51.55,-0.10,49,252,0.224,212,0.18,41,0.034,831,0.708,0.035,0.042,1174,22427,10013,29308,0.3,6.1,5.5,4.8,-15,
Islington (London),United Kingdom,"220,000",Infrastructure,Best Area,77.9,0.3,91%,108%,78.2,-14.6,95,EU,Yes,51.55,-0.10,62,318,0.218,262,0.172,56,0.037,1078,0.707,0.043,0.041,1524,29364,12595,38064,0.3,7.1,6.6,5.3,-16,
Islington (London),United Kingdom,"220,000",Balanced,City Wide,82.6,2.9,91%,108%,85.7,-14.4,95,EU,Yes,51.55,-0.10,49,253,0.225,212,0.181,40,0.034,830,0.708,0.035,0.042,1173,22404,10006,29280,0.3,6.1,5.5,4.8,-2,
Islington (London),United Kingdom,"220,000",Balanced,Best Area,85.5,0.3,91%,108%,85.8,-14.6,95,EU,Yes,51.55,-0.10,62,318,0.218,262,0.172,56,0.037,1078,0.707,0.043,0.041,1524,29364,12595,38064,0.3,7.1,6.6,5.3,0,
Islington (London),United Kingdom,"220,000",Destination,City Wide,89.5,3.0,91%,108%,92.7,-14.4,95,EU,Yes,51.55,-0.10,49,252,0.225,211,0.181,41,0.035,828,0.708,0.035,0.042,1170,22509,10012,29402,0.3,6.1,5.5,4.7,11,
Islington (London),United Kingdom,"220,000",Destination,Best Area,92.5,0.3,91%,108%,92.8,-14.6,95,EU,Yes,51.55,-0.10,62,318,0.218,262,0.172,56,0.037,1078,0.707,0.043,0.041,1524,29364,12595,38064,0.3,7.1,6.6,5.3,13,
Hackney (London),UK,"267,000",Infrastructure,City Wide,77.0,1.7,92%,107%,79.1,-12.4,91,EU,Yes,51.55,-0.05,59,320,0.243,277,0.199,43,0.03,886,0.634,0.079,0.057,1396,20180,9282,26595,0.4,6.9,6.3,5.6,-16,
Hackney (London),UK,"267,000",Infrastructure,Best Area,78.7,1.1,92%,108%,79.8,-12.9,91,EU,Yes,51.55,-0.05,69,367,0.241,318,0.197,49,0.031,1010,0.626,0.089,0.058,1615,22581,10188,29707,0.4,7.5,7.1,6.5,-18,
Hackney (London),UK,"267,000",Balanced,City Wide,83.4,1.8,92%,107%,85.5,-12.4,91,EU,Yes,51.55,-0.05,59,320,0.243,277,0.199,43,0.03,886,0.634,0.079,0.057,1396,20180,9282,26595,0.4,6.9,6.3,5.6,-4,
Hackney (London),UK,"267,000",Balanced,Best Area,85.2,1.0,92%,108%,86.2,-12.9,91,EU,Yes,51.55,-0.05,67,360,0.241,309,0.196,51,0.032,1015,0.642,0.076,0.055,1581,24334,10780,31875,0.4,7.3,6.9,6.2,-5,
Hackney (London),UK,"267,000",Destination,City Wide,89.4,2.2,92%,107%,91.6,-12.4,91,EU,Yes,51.55,-0.05,60,322,0.244,280,0.199,43,0.03,885,0.631,0.082,0.058,1403,19970,9215,26339,0.4,6.9,6.4,5.7,6,
Hackney (London),UK,"267,000",Destination,Best Area,91.6,0.6,92%,108%,92.2,-12.9,91,EU,Yes,51.55,-0.05,63,342,0.237,292,0.192,51,0.033,1004,0.66,0.064,0.051,1521,25603,11143,33385,0.3,7.0,6.6,5.8,7,
Canberra,ACT,"488,368",Infrastructure,City Wide,86.6,6.4,109%,90%,93.2,15.2,86,Other,,-35.49,149.00,107,1534,0.646,1426,0.528,108,0.04,27,0.01,0.301,0.122,2703,2885,317,3983,2.5,13.0,7.2,5.2,98,65
Canberra,ACT,"488,368",Infrastructure,Best Area,93.0,0.4,109%,90%,93.4,16.3,86,Other,,-35.49,149.00,142,2017,0.637,1869,0.514,148,0.041,37,0.01,0.306,0.129,3634,3554,371,4938,2.5,13.6,10.2,8.4,105,70
Canberra,ACT,"488,368",Balanced,City Wide,79.4,5.8,109%,90%,85.3,15.2,86,Other,,-35.49,149.00,107,1534,0.646,1426,0.528,108,0.04,27,0.01,0.301,0.122,2703,2885,317,3984,2.5,13.0,7.1,5.2,80,56
Canberra,ACT,"488,368",Balanced,Best Area,85.2,0.3,109%,90%,85.5,16.3,86,Other,,-35.49,149.00,142,2017,0.637,1869,0.514,148,0.041,37,0.01,0.306,0.129,3634,3554,371,4938,2.5,13.6,10.2,8.4,91,61
Canberra,ACT,"488,368",Destination,City Wide,71.4,5.3,109%,90%,76.7,15.2,86,Other,,-35.49,149.00,107,1534,0.646,1426,0.527,108,0.04,27,0.01,0.301,0.122,2704,2884,317,3981,2.5,13.1,7.1,5.2,50,28
Canberra,ACT,"488,368",Destination,Best Area,76.7,0.2,109%,90%,76.9,16.3,86,Other,,-35.49,149.00,142,2017,0.637,1869,0.514,148,0.041,37,0.01,0.306,0.129,3634,3554,371,4938,2.5,13.6,10.2,8.4,45,25
Eindhoven,Netherlands,"246,848",Infrastructure,City Wide,90.2,1.0,107%,92%,91.2,12.3,81,EU,,51.44,5.48,171,903,0.388,852,0.285,52,0.017,1055,0.353,0.123,0.223,2991,4123,1190,5627,0.9,14.4,13.3,12.6,-1,
Eindhoven,Netherlands,"246,848",Infrastructure,Best Area,91.2,0.5,107%,92%,91.7,12.8,81,EU,,51.44,5.48,183,937,0.388,884,0.281,53,0.017,1083,0.344,0.126,0.232,3146,4224,1203,5767,0.9,15.1,13.6,13.0,-6,
Eindhoven,Netherlands,"246,848",Balanced,City Wide,84.3,0.7,107%,92%,85.0,12.3,81,EU,,51.44,5.48,171,903,0.388,852,0.285,52,0.017,1055,0.353,0.123,0.223,2991,4123,1190,5627,0.9,14.4,13.3,12.6,-9,
Eindhoven,Netherlands,"246,848",Balanced,Best Area,85.0,0.4,107%,92%,85.4,12.8,81,EU,,51.44,5.48,183,937,0.388,884,0.281,53,0.017,1083,0.344,0.126,0.232,3146,4224,1203,5767,0.9,15.1,13.6,13.0,-17,
Eindhoven,Netherlands,"246,848",Destination,City Wide,77.9,0.5,107%,92%,78.5,12.3,81,EU,,51.44,5.48,171,903,0.388,852,0.285,52,0.017,1055,0.353,0.123,0.223,2992,4122,1190,5626,0.9,14.4,13.3,12.6,-35,
Eindhoven,Netherlands,"246,848",Destination,Best Area,78.4,0.3,107%,92%,78.7,12.8,81,EU,,51.44,5.48,183,936,0.388,883,0.281,53,0.017,1083,0.345,0.126,0.23,3137,4234,1203,5778,0.9,15.1,13.6,13.0,-52,
Toulouse,France,"519,553",Infrastructure,City Wide,83.0,1.9,99%,101%,85.1,-1.3,92,EU,,43.60,1.44,101,561,0.333,470,0.246,91,0.048,742,0.388,0.199,0.12,1911,8764,2729,12413,0.7,14.4,11.7,7.8,-8,
Toulouse,France,"519,553",Infrastructure,Best Area,84.9,0.7,100%,100%,85.6,-0.2,92,EU,,43.60,1.44,116,612,0.325,517,0.24,95,0.044,809,0.375,0.215,0.127,2158,9111,2825,12889,0.8,17.9,13.8,8.2,-10,
Toulouse,France,"519,553",Balanced,City Wide,83.7,1.3,99%,101%,85.1,-1.3,92,EU,,43.60,1.44,101,561,0.333,470,0.246,91,0.048,742,0.388,0.199,0.12,1911,8764,2729,12413,0.7,14.4,11.7,7.8,-4,
Toulouse,France,"519,553",Balanced,Best Area,85.0,0.5,100%,100%,85.5,-0.2,92,EU,,43.60,1.44,116,612,0.325,517,0.24,95,0.044,809,0.375,0.215,0.127,2158,9111,2825,12889,0.8,17.9,13.8,8.2,-10,
Toulouse,France,"519,553",Destination,City Wide,84.3,0.8,99%,101%,85.1,-1.3,92,EU,,43.60,1.44,101,561,0.333,470,0.246,91,0.048,744,0.389,0.199,0.119,1913,8771,2732,12423,0.7,14.4,11.7,7.7,-8,
Toulouse,France,"519,553",Destination,Best Area,85.1,0.2,100%,100%,85.3,-0.2,92,EU,,43.60,1.44,116,611,0.325,517,0.24,95,0.044,809,0.375,0.214,0.127,2155,9110,2826,12887,0.8,18.0,13.8,8.0,-17,
Barcelona,Spain,"1,792,104",Infrastructure,City Wide,76.1,0.9,91%,108%,77.1,-14.4,82,EU,,41.38,2.18,61,309,0.238,306,0.212,3,0.002,591,0.409,0.274,0.103,1444,22569,3410,31453,0.6,8.8,6.9,5.6,-5,-12
Barcelona,Spain,"1,792,104",Infrastructure,Best Area,77.0,0.4,91%,108%,77.4,-14.0,82,EU,,41.38,2.18,67,326,0.236,324,0.207,3,0.002,622,0.398,0.278,0.115,1563,23060,3449,32162,0.6,9.0,7.6,7.0,-10,-15
Barcelona,Spain,"1,792,104",Balanced,City Wide,83.6,0.7,91%,108%,84.3,-14.4,82,EU,,41.38,2.18,61,309,0.238,306,0.212,3,0.002,591,0.409,0.274,0.103,1444,22574,3410,31461,0.6,8.8,6.9,5.5,11,-1
Barcelona,Spain,"1,792,104",Balanced,Best Area,84.3,0.2,91%,108%,84.5,-14.0,82,EU,,41.38,2.18,67,327,0.235,324,0.206,3,0.002,623,0.395,0.28,0.117,1577,23125,3446,32248,0.6,9.0,7.6,6.8,4,-4
Barcelona,Spain,"1,792,104",Destination,City Wide,90.5,0.5,91%,108%,91.0,-14.4,82,EU,,41.38,2.18,61,309,0.238,306,0.212,3,0.002,591,0.41,0.274,0.103,1443,22569,3411,31455,0.6,8.8,6.9,5.5,22,7
Barcelona,Spain,"1,792,104",Destination,Best Area,91.0,0.1,91%,108%,91.1,-14.0,82,EU,,41.38,2.18,67,327,0.234,324,0.205,3,0.002,623,0.394,0.281,0.118,1581,23153,3442,32287,0.6,9.1,7.6,6.7,17,6
Warsaw,Poland,"1,800,190",Infrastructure,City Wide,71.3,7.7,94%,106%,79.2,-8.7,87,EU,,52.23,21.01,55,232,0.305,223,0.236,10,0.01,183,0.194,0.367,0.193,943,10181,3826,13868,1.1,8.9,6.2,4.8,,-12
Warsaw,Poland,"1,800,190",Infrastructure,Best Area,79.0,1.7,94%,106%,80.7,-10.2,87,EU,,52.23,21.01,93,381,0.287,363,0.219,18,0.011,326,0.197,0.373,0.2,1656,16974,6302,23095,1.0,11.6,8.1,7.0,,-7
Warsaw,Poland,"1,800,190",Balanced,City Wide,75.8,8.5,94%,106%,84.5,-8.7,87,EU,,52.23,21.01,55,232,0.306,223,0.236,10,0.01,182,0.193,0.366,0.194,942,10162,3816,13842,1.1,8.9,6.2,4.8,,-12
Warsaw,Poland,"1,800,190",Balanced,Best Area,84.3,1.2,94%,106%,85.5,-10.2,87,EU,,52.23,21.01,93,381,0.286,363,0.219,18,0.011,329,0.198,0.374,0.198,1659,17095,6372,23263,1.0,11.5,8.1,7.0,,3
Warsaw,Poland,"1,800,190",Destination,City Wide,80.0,9.2,94%,106%,89.6,-8.7,87,EU,,52.23,21.01,55,232,0.306,223,0.236,10,0.01,182,0.193,0.366,0.194,942,10145,3804,13818,1.1,8.9,6.2,4.7,,-2
Warsaw,Poland,"1,800,190",Destination,Best Area,89.2,1.2,94%,106%,90.4,-10.2,87,EU,,52.23,21.01,93,381,0.287,363,0.219,18,0.011,329,0.199,0.374,0.198,1658,17122,6385,23299,1.0,11.5,8.1,6.9,,9
Southwark (London),United Kingdom,"307,700",Infrastructure,City Wide,71.9,4.6,90%,109%,78.0,-14.6,93,EU,Yes,51.47,-0.07,41,187,0.204,153,0.16,35,0.036,678,0.711,0.057,0.036,953,18014,6926,23088,0.3,6.2,5.0,4.0,-15,
Southwark (London),United Kingdom,"307,700",Infrastructure,Best Area,76.5,2.0,91%,108%,78.5,-14.7,93,EU,Yes,51.47,-0.07,56,288,0.219,238,0.174,50,0.037,960,0.702,0.052,0.035,1367,26525,10677,34162,0.3,6.9,6.2,5.2,-13,
Southwark (London),United Kingdom,"307,700",Balanced,City Wide,79.5,4.7,90%,109%,85.5,-14.6,93,EU,Yes,51.47,-0.07,41,187,0.204,153,0.16,35,0.036,678,0.711,0.057,0.036,953,18014,6926,23088,0.3,6.2,5.0,4.0,-2,
Southwark (London),United Kingdom,"307,700",Balanced,Best Area,84.2,1.8,91%,108%,86.0,-14.7,93,EU,Yes,51.47,-0.07,56,288,0.219,238,0.174,50,0.037,960,0.702,0.052,0.035,1367,26525,10677,34162,0.3,6.9,6.2,5.2,3,
Southwark (London),United Kingdom,"307,700",Destination,City Wide,86.5,4.7,90%,109%,92.4,-14.6,93,EU,Yes,51.47,-0.07,41,187,0.204,153,0.16,35,0.036,678,0.711,0.057,0.036,953,18014,6926,23088,0.3,6.2,5.0,4.0,12,
Southwark (London),United Kingdom,"307,700",Destination,Best Area,91.2,1.8,91%,108%,93.0,-14.7,93,EU,Yes,51.47,-0.07,56,288,0.219,238,0.174,50,0.037,960,0.702,0.052,0.035,1367,26525,10677,34162,0.3,6.9,6.2,5.2,18,
Munster,Germany,"346,490",Infrastructure,City Wide,85.9,3.5,106%,94%,89.8,9.5,83,EU,,51.96,7.63,156,608,0.389,598,0.309,11,0.006,436,0.225,0.267,0.193,1936,3660,1327,5097,0.6,14.3,13.2,12.1,13,-6
Munster,Germany,"346,490",Infrastructure,Best Area,89.4,0.9,106%,93%,90.3,11.1,83,EU,,51.96,7.63,205,717,0.37,704,0.289,13,0.005,523,0.215,0.287,0.203,2432,4082,1405,5670,0.6,16.2,15.4,14.2,13,-5
Munster,Germany,"346,490",Balanced,City Wide,81.3,2.7,106%,94%,84.3,9.5,83,EU,,51.96,7.63,156,608,0.389,598,0.309,11,0.006,436,0.225,0.267,0.193,1936,3661,1327,5098,0.6,14.3,13.2,12.1,4,-10
Munster,Germany,"346,490",Balanced,Best Area,84.0,0.7,106%,93%,84.7,11.1,83,EU,,51.96,7.63,205,717,0.37,704,0.29,13,0.005,524,0.216,0.287,0.203,2432,4084,1406,5674,0.6,16.2,15.4,14.2,2,-12
Munster,Germany,"346,490",Destination,City Wide,76.4,1.9,106%,94%,78.5,9.5,83,EU,,51.96,7.63,156,608,0.389,598,0.309,11,0.006,436,0.225,0.267,0.193,1935,3663,1329,5101,0.6,14.3,13.2,12.1,-15,-27
Munster,Germany,"346,490",Destination,Best Area,78.3,0.5,106%,93%,78.8,11.1,83,EU,,51.96,7.63,203,715,0.371,703,0.291,13,0.005,524,0.217,0.286,0.201,2416,4094,1409,5688,0.6,16.3,15.5,14.3,-30,-38
Manhattan (NYC),NY,"1,694,250",Infrastructure,City Wide,74.1,1.4,90%,109%,75.6,-15.9,92,NA,Yes,40.76,-73.99,54,347,0.36,193,0.197,154,0.157,86,0.087,0.541,0.018,982,25330,6219,32207,6.1,10.1,8.4,7.4,94,
Manhattan (NYC),NY,"1,694,250",Infrastructure,Best Area,75.5,0.5,90%,109%,76.0,-15.9,92,NA,Yes,40.76,-73.99,63,392,0.346,212,0.184,180,0.156,97,0.084,0.558,0.018,1151,28485,6818,36159,6.1,11.2,9.7,8.6,85,
Manhattan (NYC),NY,"1,694,250",Balanced,City Wide,82.4,1.4,90%,109%,83.9,-15.9,92,NA,Yes,40.76,-73.99,54,348,0.36,193,0.196,154,0.157,86,0.087,0.542,0.018,984,25320,6219,32205,6.1,10.1,8.3,7.3,109,
Manhattan (NYC),NY,"1,694,250",Balanced,Best Area,83.8,0.4,90%,109%,84.2,-15.9,92,NA,Yes,40.76,-73.99,63,393,0.346,212,0.183,181,0.157,97,0.083,0.559,0.018,1156,28593,6830,36288,6.1,11.2,9.5,8.6,104,
Manhattan (NYC),NY,"1,694,250",Destination,City Wide,90.0,1.4,90%,109%,91.4,-15.9,92,NA,Yes,40.76,-73.99,54,348,0.36,193,0.196,154,0.157,86,0.087,0.542,0.018,984,25320,6219,32205,6.1,10.1,8.3,7.3,124,
Manhattan (NYC),NY,"1,694,250",Destination,Best Area,91.4,0.3,90%,109%,91.7,-15.9,92,NA,Yes,40.76,-73.99,63,393,0.345,211,0.182,182,0.157,96,0.082,0.56,0.018,1160,28664,6821,36364,6.1,11.2,9.4,8.5,122,
Gothenburg,Sweden,"620,000",Infrastructure,City Wide,80.7,5.6,102%,98%,86.5,3.0,98,EU,,57.71,11.97,101,543,0.4,540,0.303,3,0.002,141,0.079,0.379,0.237,1779,4766,1077,6621,0.3,12.6,10.1,8.2,,63
Gothenburg,Sweden,"620,000",Infrastructure,Best Area,86.3,0.7,103%,97%,87.0,5.2,98,EU,,57.71,11.97,150,735,0.382,730,0.275,5,0.002,202,0.076,0.373,0.275,2654,5724,1311,7981,0.3,15.4,11.9,10.9,,65
Gothenburg,Sweden,"620,000",Balanced,City Wide,79.2,4.5,102%,98%,83.9,3.0,98,EU,,57.71,11.97,101,543,0.4,540,0.303,3,0.002,141,0.079,0.379,0.237,1779,4766,1077,6621,0.3,12.6,10.1,8.2,,58
Gothenburg,Sweden,"620,000",Balanced,Best Area,83.7,0.5,103%,97%,84.2,5.2,98,EU,,57.71,11.97,150,738,0.381,733,0.274,5,0.002,203,0.076,0.372,0.276,2675,5740,1315,8002,0.3,15.4,11.9,10.9,,61
Gothenburg,Sweden,"620,000",Destination,City Wide,77.7,3.4,102%,98%,81.2,3.0,98,EU,,57.71,11.97,101,543,0.4,540,0.303,3,0.002,141,0.079,0.379,0.237,1780,4765,1077,6620,0.3,12.6,10.1,8.2,,50
Gothenburg,Sweden,"620,000",Destination,Best Area,81.1,0.2,103%,97%,81.3,5.2,98,EU,,57.71,11.97,149,738,0.381,733,0.274,5,0.002,202,0.076,0.372,0.276,2674,5748,1316,8012,0.3,15.2,11.9,10.9,,49
Lyon,France,"612,000",Infrastructure,City Wide,78.5,0.8,95%,105%,79.4,-8.9,74,EU,,45.76,4.83,77,434,0.345,260,0.19,174,0.127,494,0.361,0.241,0.08,1368,12887,6365,18816,1.3,8.6,8.0,6.1,-23,-2
Lyon,France,"612,000",Infrastructure,Best Area,79.3,0.2,95%,105%,79.5,-8.3,74,EU,,45.76,4.83,86,467,0.338,283,0.188,184,0.122,526,0.348,0.256,0.086,1511,13224,6522,19326,1.3,8.9,8.1,6.7,-26,-6
Lyon,France,"612,000",Balanced,City Wide,83.0,0.6,95%,105%,83.6,-8.9,74,EU,,45.76,4.83,77,435,0.345,261,0.19,174,0.127,493,0.361,0.242,0.08,1368,12887,6365,18816,1.3,8.6,8.0,6.1,-15,4
Lyon,France,"612,000",Balanced,Best Area,83.6,0.1,95%,105%,83.7,-8.3,74,EU,,45.76,4.83,86,467,0.338,283,0.188,184,0.122,526,0.348,0.256,0.086,1511,13224,6522,19326,1.3,8.9,8.1,6.7,-23,-2
Lyon,France,"612,000",Destination,City Wide,87.4,0.2,95%,105%,87.7,-8.9,74,EU,,45.76,4.83,77,435,0.345,261,0.19,174,0.127,493,0.36,0.242,0.08,1368,12887,6365,18815,1.3,8.6,8.0,6.1,-7,9
Lyon,France,"612,000",Destination,Best Area,87.6,0.1,95%,105%,87.7,-8.3,74,EU,,45.76,4.83,86,467,0.338,283,0.187,184,0.122,528,0.349,0.256,0.086,1512,13230,6526,19336,1.3,8.9,8.0,6.7,-19,3
Frankfurt,Germany,"827,257",Infrastructure,City Wide,77.8,2.7,96%,104%,80.7,-6.5,87,EU,,50.11,8.68,59,335,0.38,289,0.268,46,0.042,400,0.37,0.136,0.184,1080,8076,5278,12464,0.5,8.0,6.5,5.3,28,
Frankfurt,Germany,"827,257",Infrastructure,Best Area,80.5,1.4,97%,103%,81.9,-5.3,87,EU,,50.11,8.68,78,406,0.366,352,0.251,54,0.038,511,0.364,0.136,0.211,1404,9265,5861,14208,0.4,9.5,8.1,5.9,29,
Frankfurt,Germany,"827,257",Balanced,City Wide,81.1,2.1,96%,104%,83.3,-6.5,87,EU,,50.11,8.68,59,335,0.38,289,0.268,46,0.042,400,0.37,0.136,0.184,1080,8076,5278,12464,0.5,8.0,6.5,5.3,32,
Frankfurt,Germany,"827,257",Balanced,Best Area,83.2,1.0,97%,103%,84.2,-5.3,87,EU,,50.11,8.68,78,407,0.368,353,0.252,54,0.039,508,0.363,0.136,0.21,1399,9262,5885,14214,0.4,9.4,8.2,6.0,29,
Frankfurt,Germany,"827,257",Destination,City Wide,84.3,1.5,96%,104%,85.9,-6.5,87,EU,,50.11,8.68,59,334,0.379,288,0.267,46,0.042,399,0.37,0.136,0.184,1078,8083,5303,12478,0.5,8.1,6.5,5.2,38,
Frankfurt,Germany,"827,257",Destination,Best Area,85.8,0.7,97%,103%,86.5,-5.3,87,EU,,50.11,8.68,78,407,0.366,353,0.252,54,0.038,513,0.366,0.136,0.207,1402,9297,5880,14263,0.4,9.4,8.0,6.1,30,
Duisburg,Germany,"530,435",Infrastructure,City Wide,80.7,3.9,102%,98%,85.1,3.7,84,EU,,51.44,6.76,89,476,0.395,445,0.308,31,0.021,478,0.331,0.173,0.167,1443,4135,582,5984,0.6,10.0,9.0,7.8,,
Duisburg,Germany,"530,435",Infrastructure,Best Area,84.6,1.4,102%,98%,86.0,2.9,84,EU,,51.44,6.76,119,610,0.386,570,0.297,40,0.021,643,0.334,0.17,0.178,1923,5439,829,7938,0.5,11.6,10.4,9.5,,
Duisburg,Germany,"530,435",Balanced,City Wide,78.8,4.3,102%,98%,83.9,3.7,84,EU,,51.44,6.76,89,475,0.397,444,0.309,31,0.022,475,0.331,0.172,0.166,1435,4142,582,5995,0.6,9.8,8.8,7.8,,
Duisburg,Germany,"530,435",Balanced,Best Area,83.1,1.0,102%,98%,84.1,2.9,84,EU,,51.44,6.76,116,607,0.385,565,0.296,41,0.022,649,0.34,0.167,0.176,1911,5690,878,8322,0.5,11.5,10.4,9.5,,
Duisburg,Germany,"530,435",Destination,City Wide,77.0,4.7,102%,98%,82.5,3.7,84,EU,,51.44,6.76,89,477,0.398,447,0.31,31,0.021,475,0.33,0.172,0.167,1440,4115,575,5950,0.6,9.9,8.9,7.8,,
Duisburg,Germany,"530,435",Destination,Best Area,81.7,1.5,102%,98%,83.2,2.9,84,EU,,51.44,6.76,115,604,0.384,562,0.295,42,0.022,650,0.341,0.167,0.175,1905,5721,882,8372,0.5,11.3,10.4,9.4,,
Nijmegen,Netherlands,"184,636",Infrastructure,City Wide,86.3,2.0,106%,93%,88.5,10.7,86,EU,,51.85,5.86,127,757,0.407,712,0.332,45,0.021,818,0.381,0.132,0.135,2147,3722,715,4946,0.8,14.0,12.6,10.3,-9,
Nijmegen,Netherlands,"184,636",Infrastructure,Best Area,88.3,0.4,106%,93%,88.7,10.9,86,EU,,51.85,5.86,146,847,0.403,795,0.325,53,0.022,925,0.378,0.135,0.14,2444,4227,791,5621,0.8,14.5,13.6,11.4,-11,
Nijmegen,Netherlands,"184,636",Balanced,City Wide,81.1,1.9,106%,93%,83.2,10.7,86,EU,,51.85,5.86,127,758,0.407,713,0.332,45,0.021,821,0.382,0.131,0.134,2150,3759,721,4990,0.8,13.8,12.5,10.3,-21,
Nijmegen,Netherlands,"184,636",Balanced,Best Area,83.0,0.3,106%,93%,83.3,10.9,86,EU,,51.85,5.86,146,847,0.403,795,0.325,53,0.022,925,0.378,0.135,0.14,2444,4227,791,5621,0.8,14.5,13.6,11.4,-25,
Nijmegen,Netherlands,"184,636",Destination,City Wide,75.6,1.8,106%,93%,77.5,10.7,86,EU,,51.85,5.86,126,756,0.407,712,0.332,45,0.021,822,0.383,0.13,0.134,2146,3770,724,5003,0.8,13.6,12.4,10.3,-44,
Nijmegen,Netherlands,"184,636",Destination,Best Area,77.4,0.4,106%,93%,77.8,10.9,86,EU,,51.85,5.86,146,840,0.405,788,0.326,52,0.021,905,0.375,0.137,0.141,2416,4228,783,5615,0.8,14.9,13.7,11.0,-57,
Tampere,Finland,"263,337",Infrastructure,City Wide,88.0,1.2,107%,92%,89.3,12.5,84,EU,,61.50,23.76,143,759,0.448,755,0.281,4,0.001,311,0.116,0.233,0.368,2682,3040,691,4437,0.5,15.8,13.4,11.0,,11
Tampere,Finland,"263,337",Infrastructure,Best Area,89.2,0.2,108%,92%,89.4,13.2,84,EU,,61.50,23.76,159,799,0.438,796,0.271,4,0.001,324,0.111,0.239,0.378,2933,3115,700,4550,0.5,15.9,14.0,12.8,,9
Tampere,Finland,"263,337",Balanced,City Wide,82.0,0.9,107%,92%,83.0,12.5,84,EU,,61.50,23.76,143,759,0.447,755,0.281,4,0.001,311,0.116,0.233,0.369,2686,3040,691,4437,0.5,15.7,13.4,11.0,,6
Tampere,Finland,"263,337",Balanced,Best Area,82.9,0.1,108%,92%,83.0,13.2,84,EU,,61.50,23.76,159,799,0.439,795,0.272,4,0.001,324,0.111,0.238,0.378,2928,3116,700,4551,0.5,15.9,14.0,12.9,,0
Tampere,Finland,"263,337",Destination,City Wide,75.5,0.5,107%,92%,76.1,12.5,84,EU,,61.50,23.76,143,759,0.447,755,0.281,4,0.001,311,0.116,0.233,0.369,2686,3040,691,4437,0.5,15.7,13.4,11.0,,-18
Tampere,Finland,"263,337",Destination,Best Area,76.0,0.1,108%,92%,76.1,13.2,84,EU,,61.50,23.76,157,798,0.44,794,0.274,4,0.001,323,0.111,0.238,0.376,2901,3114,700,4547,0.5,16.4,14.2,12.6,,-34
Waltham Forest (London),United Kingdom,"278,400",Infrastructure,City Wide,73.7,3.3,94%,106%,77.2,-9.8,94,EU,Yes,51.60,-0.02,50,261,0.247,231,0.203,29,0.025,646,0.566,0.129,0.077,1141,11161,5668,14971,0.6,6.5,5.3,4.6,-14,
Waltham Forest (London),United Kingdom,"278,400",Infrastructure,Best Area,77.0,1.2,93%,107%,78.2,-11.4,94,EU,Yes,51.60,-0.02,63,331,0.241,290,0.197,41,0.028,880,0.596,0.11,0.069,1475,17120,8111,22692,0.4,6.9,6.4,5.8,-14,
Waltham Forest (London),United Kingdom,"278,400",Balanced,City Wide,78.7,4.2,94%,106%,83.2,-9.8,94,EU,Yes,51.60,-0.02,50,261,0.247,232,0.203,29,0.025,646,0.566,0.129,0.077,1141,11155,5666,14963,0.6,6.5,5.3,4.6,-9,
Waltham Forest (London),United Kingdom,"278,400",Balanced,Best Area,82.9,1.4,93%,107%,84.3,-11.4,94,EU,Yes,51.60,-0.02,63,331,0.241,290,0.197,41,0.028,880,0.596,0.11,0.069,1475,17120,8111,22692,0.4,6.9,6.4,5.8,-7,
Waltham Forest (London),United Kingdom,"278,400",Destination,City Wide,83.5,4.9,94%,106%,88.7,-9.8,94,EU,Yes,51.60,-0.02,50,261,0.247,232,0.203,29,0.025,646,0.566,0.129,0.077,1141,11155,5666,14963,0.6,6.5,5.3,4.6,2,
Waltham Forest (London),United Kingdom,"278,400",Destination,Best Area,88.4,1.6,93%,107%,90.0,-11.4,94,EU,Yes,51.60,-0.02,63,331,0.241,290,0.197,41,0.028,880,0.596,0.11,0.069,1475,17120,8111,22692,0.4,6.9,6.4,5.8,5,
Augsburg,Germany,"300,000",Infrastructure,City Wide,83.2,1.2,102%,98%,84.3,3.1,84,EU,,48.37,10.90,111,424,0.34,399,0.218,26,0.014,573,0.313,0.136,0.319,1830,4976,1651,7039,0.3,13.5,11.3,8.7,9,
Augsburg,Germany,"300,000",Infrastructure,Best Area,84.4,0.8,102%,98%,85.2,3.8,84,EU,,48.37,10.90,125,447,0.333,421,0.209,27,0.013,611,0.304,0.141,0.333,2011,5107,1682,7217,0.3,14.2,12.6,8.9,5,
Augsburg,Germany,"300,000",Balanced,City Wide,81.7,0.8,102%,98%,82.5,3.1,84,EU,,48.37,10.90,111,424,0.34,399,0.218,26,0.014,573,0.313,0.136,0.319,1830,4976,1651,7039,0.3,13.5,11.3,8.7,5,
Augsburg,Germany,"300,000",Balanced,Best Area,82.5,0.6,102%,98%,83.1,3.8,84,EU,,48.37,10.90,125,447,0.333,421,0.209,27,0.013,611,0.304,0.141,0.333,2011,5107,1682,7217,0.3,14.2,12.6,8.9,-4,
Augsburg,Germany,"300,000",Destination,City Wide,80.1,0.5,102%,98%,80.6,3.1,84,EU,,48.37,10.90,111,424,0.34,399,0.218,26,0.014,573,0.313,0.136,0.319,1830,4976,1651,7039,0.3,13.5,11.3,8.7,-2,
Augsburg,Germany,"300,000",Destination,Best Area,80.6,0.3,102%,98%,80.9,3.8,84,EU,,48.37,10.90,125,447,0.333,421,0.209,27,0.013,611,0.304,0.141,0.333,2011,5107,1682,7217,0.3,14.2,12.6,8.9,-13,
Newham (London),United Kingdom,"351,100",Infrastructure,City Wide,73.1,3.3,93%,106%,77.9,-9.8,91,EU,Yes,51.53,0.03,45,246,0.257,219,0.214,27,0.027,570,0.559,0.14,0.06,1019,10129,4755,13521,0.5,7.5,5.9,5.0,-20,
Newham (London),United Kingdom,"351,100",Infrastructure,Best Area,76.4,1.9,93%,107%,78.3,-11.5,91,EU,Yes,51.53,0.03,58,312,0.244,272,0.2,40,0.029,825,0.605,0.105,0.062,1365,16785,7762,22179,0.4,7.4,6.7,6.0,-23,
Newham (London),United Kingdom,"351,100",Balanced,City Wide,78.2,4.2,93%,106%,84.1,-9.8,91,EU,Yes,51.53,0.03,45,246,0.257,219,0.214,27,0.027,570,0.559,0.14,0.06,1019,10129,4755,13521,0.5,7.5,5.9,5.0,-16,
Newham (London),United Kingdom,"351,100",Balanced,Best Area,82.4,2.1,93%,107%,84.5,-11.5,91,EU,Yes,51.53,0.03,58,311,0.243,272,0.199,39,0.029,833,0.61,0.099,0.062,1365,16885,7869,22321,0.4,7.2,6.6,5.9,-14,
Newham (London),United Kingdom,"351,100",Destination,City Wide,82.9,5.0,93%,106%,89.8,-9.8,91,EU,Yes,51.53,0.03,45,246,0.257,218,0.215,27,0.027,569,0.559,0.14,0.06,1018,10132,4756,13523,0.5,7.5,5.9,5.0,-5,
Newham (London),United Kingdom,"351,100",Destination,Best Area,87.9,2.3,93%,107%,90.2,-11.5,91,EU,Yes,51.53,0.03,58,311,0.243,272,0.199,39,0.029,833,0.61,0.099,0.062,1365,16885,7869,22321,0.4,7.2,6.6,5.9,-4,
Strasbourg,France,"299,877",Infrastructure,City Wide,80.6,1.7,99%,101%,82.3,-1.2,73,EU,,48.58,7.75,96,401,0.34,359,0.237,41,0.027,281,0.185,0.328,0.223,1516,5232,7888,8879,1.6,18.2,11.8,9.3,-3,-5
Strasbourg,France,"299,877",Infrastructure,Best Area,82.3,0.3,100%,100%,82.6,-0.1,73,EU,,48.58,7.75,112,429,0.332,386,0.226,44,0.026,303,0.177,0.329,0.242,1708,5417,7954,9140,1.5,20.1,12.7,10.2,-6,-6
Strasbourg,France,"299,877",Balanced,City Wide,81.2,1.1,99%,101%,82.3,-1.2,73,EU,,48.58,7.75,96,401,0.34,359,0.237,41,0.027,281,0.185,0.328,0.223,1516,5232,7888,8879,1.6,18.2,11.8,9.3,-6,-4
Strasbourg,France,"299,877",Balanced,Best Area,82.3,0.2,100%,100%,82.5,-0.1,73,EU,,48.58,7.75,112,429,0.332,386,0.226,44,0.026,303,0.177,0.329,0.242,1708,5417,7954,9140,1.5,20.1,12.7,10.2,-15,-9
Strasbourg,France,"299,877",Destination,City Wide,81.8,0.6,99%,101%,82.4,-1.2,73,EU,,48.58,7.75,96,401,0.34,359,0.237,41,0.027,281,0.185,0.328,0.223,1516,5232,7888,8879,1.6,18.2,11.8,9.3,-8,-5
Strasbourg,France,"299,877",Destination,Best Area,82.4,0.1,100%,100%,82.5,-0.1,73,EU,,48.58,7.75,112,429,0.332,386,0.226,44,0.026,303,0.177,0.329,0.242,1708,5417,7954,9140,1.5,20.1,12.7,10.2,-17,-13
Oldenburg,Germany,"176,614",Infrastructure,City Wide,86.5,2.3,108%,92%,89.4,12.9,79,EU,,53.14,8.21,182,548,0.356,545,0.277,3,0.001,443,0.225,0.279,0.218,1970,2831,727,3815,0.6,16.8,15.1,14.3,,
Oldenburg,Germany,"176,614",Infrastructure,Best Area,88.8,1.4,108%,91%,90.2,13.9,79,EU,,53.14,8.21,214,611,0.351,608,0.268,3,0.001,482,0.213,0.286,0.232,2267,3003,763,4058,0.6,17.8,16.1,15.5,,
Oldenburg,Germany,"176,614",Balanced,City Wide,80.3,1.8,108%,92%,82.6,12.9,79,EU,,53.14,8.21,182,548,0.356,545,0.277,3,0.001,443,0.225,0.279,0.218,1970,2832,728,3817,0.6,16.8,15.1,14.3,,
Oldenburg,Germany,"176,614",Balanced,Best Area,82.1,1.1,108%,91%,83.2,13.9,79,EU,,53.14,8.21,214,611,0.35,608,0.268,3,0.001,485,0.214,0.285,0.232,2271,3008,767,4065,0.6,17.8,16.0,15.4,,
Oldenburg,Germany,"176,614",Destination,City Wide,73.6,1.3,108%,92%,75.1,12.9,79,EU,,53.14,8.21,182,548,0.355,545,0.277,3,0.001,443,0.225,0.279,0.218,1971,2831,728,3816,0.6,16.8,15.1,14.3,,
Oldenburg,Germany,"176,614",Destination,Best Area,74.9,0.7,108%,91%,75.6,13.9,79,EU,,53.14,8.21,214,611,0.351,608,0.268,3,0.001,485,0.214,0.285,0.232,2269,3010,767,4069,0.6,17.9,15.9,15.3,,
Bogota,Colombia,"7,775,667",Infrastructure,City Wide,69.9,5.1,91%,108%,75.5,-13.3,92,Other,,4.65,-74.08,62,232,0.177,218,0.164,14,0.011,343,0.258,0.555,0.013,1331,13881,135,17612,3.7,9.0,6.7,5.4,-2,24
Bogota,Colombia,"7,775,667",Infrastructure,Best Area,75.0,1.5,92%,108%,76.5,-13.0,92,Other,,4.65,-74.08,88,324,0.166,302,0.153,22,0.011,514,0.26,0.563,0.012,1976,20364,196,25798,3.8,9.7,8.2,6.6,2,27
Bogota,Colombia,"7,775,667",Balanced,City Wide,76.8,5.0,91%,108%,82.1,-13.3,92,Other,,4.65,-74.08,62,231,0.176,217,0.164,14,0.011,343,0.259,0.554,0.013,1325,13996,136,17734,3.7,9.1,6.6,5.3,11,29
Bogota,Colombia,"7,775,667",Balanced,Best Area,81.8,1.1,92%,108%,82.9,-13.0,92,Other,,4.65,-74.08,88,321,0.166,300,0.153,21,0.011,516,0.263,0.561,0.013,1963,20415,197,25844,3.7,9.7,8.2,6.7,15,34
Bogota,Colombia,"7,775,667",Destination,City Wide,83.2,4.8,91%,108%,88.3,-13.3,92,Other,,4.65,-74.08,62,231,0.176,217,0.164,14,0.011,343,0.259,0.554,0.013,1325,13996,136,17734,3.7,9.1,6.6,5.3,27,43
Bogota,Colombia,"7,775,667",Destination,Best Area,88.0,0.9,92%,108%,88.9,-13.0,92,Other,,4.65,-74.08,88,321,0.166,300,0.153,21,0.011,516,0.264,0.56,0.013,1958,20420,197,25843,3.7,9.7,8.2,6.7,28,43
Turku,Finland,"200,000",Infrastructure,City Wide,85.6,1.1,106%,94%,86.7,9.9,82,EU,,60.45,22.27,144,725,0.418,723,0.32,1,0.001,221,0.098,0.35,0.232,2259,3306,1189,5032,0.5,14.6,12.6,10.5,,
Turku,Finland,"200,000",Infrastructure,Best Area,86.7,0.4,106%,93%,87.1,10.6,82,EU,,60.45,22.27,160,755,0.404,753,0.306,1,0.001,233,0.095,0.358,0.241,2458,3372,1194,5132,0.5,15.0,13.5,12.0,,
Turku,Finland,"200,000",Balanced,City Wide,80.8,0.7,106%,94%,81.6,9.9,82,EU,,60.45,22.27,144,724,0.417,723,0.32,1,0.001,221,0.098,0.35,0.232,2260,3305,1189,5030,0.5,14.5,12.6,10.5,,
Turku,Finland,"200,000",Balanced,Best Area,81.5,0.4,106%,93%,81.9,10.6,82,EU,,60.45,22.27,160,755,0.404,753,0.306,1,0.001,233,0.095,0.358,0.241,2458,3372,1194,5132,0.5,15.0,13.5,12.0,,
Turku,Finland,"200,000",Destination,City Wide,75.7,0.4,106%,94%,76.1,9.9,82,EU,,60.45,22.27,144,724,0.417,723,0.32,1,0.001,221,0.098,0.35,0.232,2260,3305,1189,5030,0.5,14.5,12.6,10.5,,
Turku,Finland,"200,000",Destination,Best Area,76.1,0.3,106%,93%,76.4,10.6,82,EU,,60.45,22.27,157,754,0.407,753,0.309,1,0.001,232,0.095,0.356,0.238,2433,3370,1194,5128,0.5,15.2,13.9,11.9,,
Nuremberg,Germany,"544,414",Infrastructure,City Wide,76.0,3.8,97%,103%,80.1,-4.5,86,EU,,49.45,11.08,59,241,0.343,213,0.213,28,0.028,328,0.329,0.135,0.294,998,5422,1161,7957,0.4,8.7,7.5,6.6,,
Nuremberg,Germany,"544,414",Infrastructure,Best Area,79.8,0.9,98%,102%,80.7,-3.2,86,EU,,49.45,11.08,82,319,0.335,280,0.204,39,0.028,445,0.324,0.136,0.307,1373,6775,1336,9977,0.4,10.7,9.5,8.8,,
Nuremberg,Germany,"544,414",Balanced,City Wide,78.2,3.2,97%,103%,81.4,-4.5,86,EU,,49.45,11.08,58,240,0.343,211,0.213,28,0.029,326,0.329,0.135,0.293,991,5483,1174,8039,0.4,8.7,7.4,6.5,,
Nuremberg,Germany,"544,414",Balanced,Best Area,81.4,0.6,98%,102%,82.0,-3.2,86,EU,,49.45,11.08,82,319,0.335,280,0.204,39,0.028,445,0.324,0.136,0.307,1373,6775,1336,9977,0.4,10.7,9.5,8.8,,
Nuremberg,Germany,"544,414",Destination,City Wide,80.5,2.5,97%,103%,83.0,-4.5,86,EU,,49.45,11.08,58,240,0.342,211,0.213,28,0.029,326,0.329,0.136,0.293,991,5492,1173,8048,0.4,8.7,7.4,6.5,,
Nuremberg,Germany,"544,414",Destination,Best Area,83.0,0.3,98%,102%,83.3,-3.2,86,EU,,49.45,11.08,80,320,0.336,281,0.207,39,0.029,445,0.328,0.138,0.299,1357,6831,1371,10056,0.4,10.7,9.5,8.7,,
Bonn,Germany,"320,613",Infrastructure,City Wide,78.4,2.7,99%,101%,81.5,-1.2,85,EU,,50.74,7.10,77,352,0.336,302,0.238,51,0.04,516,0.408,0.142,0.172,1265,5245,1746,7382,0.4,9.5,8.6,7.6,,6
Bonn,Germany,"320,613",Infrastructure,Best Area,81.1,1.2,100%,100%,82.3,-0.5,85,EU,,50.74,7.10,99,432,0.321,374,0.23,58,0.036,679,0.417,0.144,0.173,1627,6334,1952,8831,0.4,10.4,9.5,8.5,,6
Bonn,Germany,"320,613",Balanced,City Wide,79.0,2.3,99%,101%,81.6,-1.2,85,EU,,50.74,7.10,77,352,0.336,302,0.238,51,0.04,516,0.408,0.142,0.172,1265,5245,1746,7382,0.4,9.5,8.6,7.6,,4
Bonn,Germany,"320,613",Balanced,Best Area,81.3,1.0,100%,100%,82.3,-0.5,85,EU,,50.74,7.10,99,433,0.32,375,0.229,58,0.036,685,0.419,0.144,0.172,1635,6390,1962,8900,0.4,10.2,9.5,8.5,,3
Bonn,Germany,"320,613",Destination,City Wide,79.6,2.0,99%,101%,81.8,-1.2,85,EU,,50.74,7.10,77,352,0.336,302,0.238,51,0.04,517,0.408,0.142,0.172,1266,5247,1747,7385,0.4,9.5,8.6,7.5,,3
Bonn,Germany,"320,613",Destination,Best Area,81.6,0.6,100%,100%,82.2,-0.5,85,EU,,50.74,7.10,99,433,0.32,375,0.229,58,0.036,685,0.419,0.144,0.172,1635,6390,1962,8900,0.4,10.2,9.5,8.5,,0
Laval,QC,"438,366",Infrastructure,City Wide,65.1,12.8,100%,100%,78.3,0.1,89,NA,,45.56,-73.72,32,156,0.288,89,0.147,67,0.11,292,0.481,0.156,0.107,608,3251,1764,4679,1.3,7.5,5.0,4.3,33,
Laval,QC,"438,366",Infrastructure,Best Area,77.9,4.6,96%,104%,82.5,-6.5,89,NA,,45.56,-73.72,74,379,0.288,233,0.154,146,0.096,690,0.455,0.164,0.13,1514,9828,5921,14301,1.6,11.4,7.3,6.2,72,
Laval,QC,"438,366",Balanced,City Wide,65.1,16.1,100%,100%,81.6,0.1,89,NA,,45.56,-73.72,32,156,0.288,89,0.147,67,0.11,292,0.48,0.156,0.107,609,3255,1764,4684,1.3,7.4,5.0,4.3,28,
Laval,QC,"438,366",Balanced,Best Area,81.2,3.8,96%,104%,85.0,-6.5,89,NA,,45.56,-73.72,74,379,0.288,233,0.154,146,0.096,690,0.455,0.164,0.13,1514,9828,5921,14301,1.6,11.4,7.3,6.2,71,
Laval,QC,"438,366",Destination,City Wide,65.0,19.4,100%,100%,84.7,0.1,89,NA,,45.56,-73.72,32,156,0.288,89,0.147,67,0.11,291,0.48,0.156,0.107,607,3256,1765,4683,1.3,7.4,4.9,4.3,27,
Laval,QC,"438,366",Destination,Best Area,84.4,3.0,96%,104%,87.4,-6.5,89,NA,,45.56,-73.72,74,379,0.288,233,0.154,146,0.096,690,0.455,0.164,0.13,1514,9828,5921,14301,1.6,11.4,7.3,6.2,76,
Wroclaw,Poland,"672,545",Infrastructure,City Wide,77.6,1.5,97%,103%,79.1,-4.9,92,EU,,51.13,16.98,68,304,0.352,290,0.231,14,0.011,291,0.232,0.214,0.313,1258,7052,2047,10060,0.5,9.5,7.5,6.0,,-21
Wroclaw,Poland,"672,545",Infrastructure,Best Area,79.1,0.3,98%,102%,79.4,-4.0,92,EU,,51.13,16.98,85,334,0.326,320,0.207,14,0.009,354,0.23,0.217,0.336,1540,7550,2205,10780,0.5,10.3,8.2,7.1,,-24
Wroclaw,Poland,"672,545",Balanced,City Wide,80.1,1.0,97%,103%,81.2,-4.9,92,EU,,51.13,16.98,68,304,0.351,291,0.23,14,0.011,292,0.231,0.214,0.314,1262,7054,2048,10063,0.5,9.5,7.5,6.0,,-17
Wroclaw,Poland,"672,545",Balanced,Best Area,81.1,0.2,98%,102%,81.3,-4.0,92,EU,,51.13,16.98,84,333,0.327,319,0.208,14,0.009,353,0.23,0.216,0.337,1533,7542,2201,10768,0.5,10.2,8.3,7.2,,-24
Wroclaw,Poland,"672,545",Destination,City Wide,82.5,0.6,97%,103%,83.2,-4.9,92,EU,,51.13,16.98,68,304,0.351,290,0.23,14,0.011,292,0.231,0.214,0.314,1264,7058,2049,10068,0.5,9.5,7.5,6.0,,-15
Wroclaw,Poland,"672,545",Destination,Best Area,83.1,0.1,98%,102%,83.2,-4.0,92,EU,,51.13,16.98,84,334,0.327,319,0.208,14,0.009,353,0.23,0.217,0.335,1533,7549,2204,10778,0.5,10.2,8.2,7.3,,-22
Lille,France,"238,246",Infrastructure,City Wide,77.2,1.6,97%,103%,78.9,-5.4,74,EU,,50.64,3.06,71,396,0.318,276,0.208,120,0.09,592,0.446,0.195,0.06,1327,7727,4193,11649,1.1,8.7,8.3,5.9,,
Lille,France,"238,246",Infrastructure,Best Area,78.8,0.4,97%,103%,79.2,-4.5,74,EU,,50.64,3.06,84,455,0.311,315,0.202,140,0.09,689,0.441,0.206,0.062,1562,8336,4473,12571,1.1,9.1,8.9,6.6,,
Lille,France,"238,246",Balanced,City Wide,79.9,1.2,97%,103%,81.2,-5.4,74,EU,,50.64,3.06,71,396,0.318,276,0.208,120,0.09,592,0.447,0.195,0.06,1325,7721,4191,11639,1.1,8.7,8.4,5.9,,
Lille,France,"238,246",Balanced,Best Area,81.1,0.3,97%,103%,81.4,-4.5,74,EU,,50.64,3.06,84,455,0.311,315,0.202,140,0.09,689,0.441,0.206,0.062,1562,8336,4473,12571,1.1,9.1,8.9,6.6,,
Lille,France,"238,246",Destination,City Wide,82.6,0.7,97%,103%,83.3,-5.4,74,EU,,50.64,3.06,71,396,0.318,276,0.208,120,0.09,592,0.447,0.195,0.06,1325,7721,4191,11639,1.1,8.7,8.4,5.9,,
Lille,France,"238,246",Destination,Best Area,83.3,0.2,97%,103%,83.5,-4.5,74,EU,,50.64,3.06,84,455,0.31,314,0.201,141,0.09,688,0.441,0.207,0.061,1559,8350,4477,12594,1.1,9.2,9.0,6.4,,
Brooklyn (NYC),NY,"2,736,074",Infrastructure,City Wide,59.6,12.7,88%,111%,73.6,-15.4,68,NA,Yes,40.65,-73.95,25,134,0.297,64,0.14,69,0.152,27,0.06,0.632,0.017,458,10381,2179,12944,6.3,6.8,4.7,3.8,-57,
Brooklyn (NYC),NY,"2,736,074",Infrastructure,Best Area,72.3,2.6,89%,110%,74.9,-16.8,68,NA,Yes,40.65,-73.95,48,309,0.353,160,0.181,148,0.168,70,0.079,0.56,0.013,885,24599,5711,30804,5.7,10.5,7.1,4.9,-13,
Brooklyn (NYC),NY,"2,736,074",Balanced,City Wide,67.6,13.5,88%,111%,82.3,-15.4,68,NA,Yes,40.65,-73.95,25,133,0.295,64,0.139,69,0.151,27,0.059,0.634,0.017,458,10426,2184,12997,6.3,6.7,4.7,3.8,-26,
Brooklyn (NYC),NY,"2,736,074",Balanced,Best Area,81.1,2.1,89%,110%,83.2,-16.8,68,NA,Yes,40.65,-73.95,48,309,0.353,160,0.181,148,0.168,70,0.079,0.56,0.013,885,24599,5711,30804,5.7,10.5,7.1,4.9,6,
Brooklyn (NYC),NY,"2,736,074",Destination,City Wide,75.0,14.1,88%,111%,90.2,-15.4,68,NA,Yes,40.65,-73.95,25,132,0.296,63,0.139,69,0.152,27,0.06,0.633,0.016,455,10432,2187,13004,6.4,6.5,4.6,3.5,-8,
Brooklyn (NYC),NY,"2,736,074",Destination,Best Area,89.1,1.8,89%,110%,90.9,-16.8,68,NA,Yes,40.65,-73.95,49,310,0.351,161,0.18,149,0.167,70,0.078,0.563,0.013,893,24654,5703,30862,5.8,10.6,7.1,4.8,28,
New York,NY,"8,516,202",Infrastructure,City Wide,53.8,18.5,91%,108%,74.3,-10.1,69,NA,,40.71,-74.01,20,98,0.284,53,0.149,45,0.127,20,0.057,0.64,0.026,354,6091,1345,7758,4.7,6.2,3.9,3.4,-47,
New York,NY,"8,516,202",Infrastructure,Best Area,72.3,3.8,89%,110%,76.1,-16.4,69,NA,,40.71,-74.01,50,309,0.345,166,0.182,143,0.156,73,0.08,0.563,0.018,912,23390,5542,29574,5.8,9.9,7.2,6.2,35,
New York,NY,"8,516,202",Balanced,City Wide,59.1,21.8,91%,108%,82.7,-10.1,69,NA,,40.71,-74.01,20,98,0.282,53,0.148,45,0.127,20,0.057,0.642,0.026,356,6091,1348,7762,4.8,6.1,3.9,3.3,-15,
New York,NY,"8,516,202",Balanced,Best Area,80.9,3.5,89%,110%,84.4,-16.4,69,NA,,40.71,-74.01,50,311,0.344,167,0.181,144,0.157,74,0.081,0.563,0.018,918,23593,5599,29821,5.8,9.8,7.2,6.2,53,
New York,NY,"8,516,202",Destination,City Wide,63.9,24.8,91%,108%,90.6,-10.1,69,NA,,40.71,-74.01,20,97,0.281,52,0.147,45,0.126,20,0.056,0.644,0.026,356,6099,1349,7771,4.9,6.0,3.9,3.1,7,
New York,NY,"8,516,202",Destination,Best Area,88.7,3.3,89%,110%,92.0,-16.4,69,NA,,40.71,-74.01,50,311,0.344,167,0.181,144,0.157,74,0.081,0.563,0.018,918,23593,5599,29821,5.8,9.8,7.2,6.2,74,
Taipei,Taiwan,"2,494,813",Infrastructure,City Wide,61.5,12.1,90%,109%,73.6,-13.4,37,Other,,25.04,121.56,25,107,0.327,102,0.213,5,0.009,18,0.038,0.421,0.318,479,9040,87,10817,4.0,7.0,5.7,4.1,,-9
Taipei,Taiwan,"2,494,813",Infrastructure,Best Area,73.6,3.1,91%,108%,76.7,-14.0,37,Other,,25.04,121.56,56,231,0.302,224,0.2,7,0.006,40,0.036,0.44,0.319,1122,19720,179,23586,3.7,11.0,9.9,7.3,,8
Taipei,Taiwan,"2,494,813",Balanced,City Wide,68.5,12.3,90%,109%,81.1,-13.4,37,Other,,25.04,121.56,25,107,0.327,102,0.214,5,0.009,18,0.038,0.421,0.317,478,9015,87,10788,4.0,7.0,5.7,4.2,,-4
Taipei,Taiwan,"2,494,813",Balanced,Best Area,80.8,3.4,91%,108%,84.2,-14.0,37,Other,,25.04,121.56,56,231,0.3,223,0.198,8,0.007,40,0.036,0.441,0.319,1131,19928,179,23833,3.8,11.0,9.9,7.2,,19
Taipei,Taiwan,"2,494,813",Destination,City Wide,74.9,12.7,90%,109%,87.9,-13.4,37,Other,,25.04,121.56,25,107,0.327,102,0.214,5,0.009,18,0.038,0.422,0.317,478,9015,87,10788,4.0,7.0,5.7,4.2,,5
Taipei,Taiwan,"2,494,813",Destination,Best Area,87.6,3.5,91%,108%,91.1,-14.0,37,Other,,25.04,121.56,56,228,0.298,221,0.196,7,0.007,41,0.036,0.44,0.322,1129,20198,181,24133,3.9,10.9,9.8,7.1,,30
Mannheim,Germany,"310,000",Infrastructure,City Wide,77.4,1.7,97%,102%,79.2,-3.9,86,EU,,49.49,8.47,67,334,0.331,314,0.253,20,0.016,484,0.39,0.153,0.187,1241,6722,946,9169,0.6,8.5,7.2,6.0,,
Mannheim,Germany,"310,000",Infrastructure,Best Area,79.1,0.6,98%,102%,79.7,-2.9,86,EU,,49.49,8.47,81,385,0.323,364,0.248,21,0.014,584,0.398,0.153,0.187,1466,7258,1004,9871,0.5,8.6,7.5,6.9,,
Mannheim,Germany,"310,000",Balanced,City Wide,79.4,1.2,97%,102%,80.6,-3.9,86,EU,,49.49,8.47,67,334,0.331,314,0.253,20,0.016,484,0.39,0.153,0.187,1241,6722,946,9169,0.6,8.5,7.2,6.0,,
Mannheim,Germany,"310,000",Balanced,Best Area,80.6,0.4,98%,102%,81.0,-2.9,86,EU,,49.49,8.47,81,385,0.323,364,0.248,21,0.014,584,0.398,0.153,0.187,1466,7258,1004,9871,0.5,8.6,7.5,6.9,,
Mannheim,Germany,"310,000",Destination,City Wide,81.3,0.7,97%,102%,82.0,-3.9,86,EU,,49.49,8.47,67,334,0.331,315,0.253,20,0.016,485,0.39,0.153,0.187,1242,6717,944,9163,0.6,8.5,7.2,6.1,,
Mannheim,Germany,"310,000",Destination,Best Area,82.0,0.3,98%,102%,82.3,-2.9,86,EU,,49.49,8.47,81,384,0.323,363,0.248,21,0.014,581,0.398,0.152,0.187,1462,7263,1006,9878,0.5,8.5,7.5,6.9,,
Malmo,Sweden,"342,887",Infrastructure,City Wide,82.5,0.9,103%,96%,83.4,5.6,92,EU,,55.61,13.00,83,691,0.487,684,0.42,8,0.005,176,0.108,0.34,0.127,1627,4028,1814,5804,0.5,14.3,9.7,8.0,,7
Malmo,Sweden,"342,887",Infrastructure,Best Area,83.4,0.2,104%,96%,83.6,6.2,92,EU,,55.61,13.00,90,732,0.483,723,0.414,9,0.005,201,0.115,0.334,0.132,1747,4094,1854,5920,0.5,14.1,10.3,9.2,,5
Malmo,Sweden,"342,887",Balanced,City Wide,79.8,0.6,103%,96%,80.4,5.6,92,EU,,55.61,13.00,83,692,0.486,684,0.42,8,0.005,176,0.108,0.34,0.127,1629,4031,1816,5808,0.5,14.2,9.6,8.0,,4
Malmo,Sweden,"342,887",Balanced,Best Area,80.4,0.1,104%,96%,80.5,6.2,92,EU,,55.61,13.00,90,732,0.483,723,0.414,9,0.005,201,0.115,0.334,0.132,1747,4094,1854,5920,0.5,14.1,10.3,9.2,,-4
Malmo,Sweden,"342,887",Destination,City Wide,76.9,0.3,103%,96%,77.2,5.6,92,EU,,55.61,13.00,83,692,0.486,684,0.42,8,0.005,177,0.108,0.34,0.127,1630,4033,1817,5811,0.5,14.2,9.6,8.0,,-8
Malmo,Sweden,"342,887",Destination,Best Area,77.2,0.1,104%,96%,77.3,6.2,92,EU,,55.61,13.00,89,731,0.483,722,0.415,9,0.005,200,0.115,0.335,0.131,1742,4092,1854,5918,0.5,14.4,10.2,9.1,,-25
London,United Kingdom,"9,365,359",Infrastructure,City Wide,61.8,12.2,95%,105%,75.8,-6.7,90,EU,,51.51,-0.13,27,95,0.199,80,0.153,15,0.028,287,0.546,0.186,0.086,525,4809,2057,6332,0.7,5.2,4.2,3.3,-26,-24
London,United Kingdom,"9,365,359",Infrastructure,Best Area,74.0,5.6,92%,108%,79.6,-12.6,90,EU,,51.51,-0.13,51,243,0.225,205,0.179,38,0.033,719,0.627,0.105,0.056,1146,16518,7196,21582,0.5,7.3,6.1,4.8,15,-5
London,United Kingdom,"9,365,359",Balanced,City Wide,65.2,15.2,95%,105%,82.5,-6.7,90,EU,,51.51,-0.13,27,96,0.2,81,0.154,15,0.028,286,0.543,0.188,0.086,526,4728,2037,6235,0.7,5.2,4.2,3.3,-13,-24
London,United Kingdom,"9,365,359",Balanced,Best Area,80.4,6.4,92%,108%,86.8,-12.6,90,EU,,51.51,-0.13,50,236,0.22,197,0.174,39,0.034,730,0.646,0.092,0.053,1130,17123,7453,22349,0.4,7.1,6.0,4.8,25,2
London,United Kingdom,"9,365,359",Destination,City Wide,68.5,18.1,95%,105%,89.5,-6.7,90,EU,,51.51,-0.13,27,97,0.2,82,0.155,15,0.028,286,0.542,0.189,0.086,528,4690,2026,6189,0.7,5.2,4.2,3.3,-6,-24
London,United Kingdom,"9,365,359",Destination,Best Area,86.6,7.1,92%,108%,93.7,-12.6,90,EU,,51.51,-0.13,50,227,0.215,188,0.169,39,0.035,730,0.656,0.087,0.053,1112,17296,7520,22560,0.4,7.0,6.0,4.7,38,11
Ghent,Belgium,"290,049",Infrastructure,City Wide,79.0,1.3,99%,100%,80.3,-0.7,63,EU,,51.05,3.73,87,379,0.352,330,0.261,49,0.038,416,0.33,0.223,0.148,1262,4920,3274,7318,0.5,10.8,8.9,7.8,-3,-14
Ghent,Belgium,"290,049",Infrastructure,Best Area,80.3,0.4,100%,100%,80.7,-0.1,63,EU,,51.05,3.73,101,415,0.35,360,0.256,55,0.039,438,0.312,0.237,0.156,1405,5136,3332,7615,0.5,11.1,9.5,8.6,-6,-18
Ghent,Belgium,"290,049",Balanced,City Wide,79.4,0.9,99%,100%,80.3,-0.7,63,EU,,51.05,3.73,87,379,0.352,330,0.261,49,0.038,416,0.33,0.223,0.148,1262,4920,3274,7318,0.5,10.8,8.9,7.8,-7,-15
Ghent,Belgium,"290,049",Balanced,Best Area,80.3,0.3,100%,100%,80.6,-0.1,63,EU,,51.05,3.73,102,417,0.346,361,0.253,56,0.039,442,0.31,0.243,0.156,1429,5195,3349,7694,0.5,10.9,9.5,8.6,-16,-24
Ghent,Belgium,"290,049",Destination,City Wide,79.7,0.7,99%,100%,80.5,-0.7,63,EU,,51.05,3.73,87,379,0.353,330,0.262,49,0.039,415,0.33,0.222,0.147,1259,4913,3271,7310,0.5,10.8,8.8,7.8,-9,-18
Ghent,Belgium,"290,049",Destination,Best Area,80.4,0.1,100%,100%,80.5,-0.1,63,EU,,51.05,3.73,101,417,0.347,361,0.254,56,0.039,441,0.311,0.241,0.154,1418,5189,3346,7685,0.5,10.9,9.5,8.5,-19,-29
Lund,Sweden,"98,000",Infrastructure,City Wide,82.8,0.4,104%,96%,83.2,6.0,72,EU,,55.70,13.19,85,656,0.496,648,0.423,8,0.005,204,0.133,0.302,0.136,1531,3875,1717,5553,0.5,14.1,9.0,7.6,,
Lund,Sweden,"98,000",Infrastructure,Best Area,83.2,0.1,104%,96%,83.3,6.1,72,EU,,55.70,13.19,90,683,0.49,675,0.417,8,0.005,206,0.128,0.312,0.138,1617,3971,1795,5711,0.5,14.4,8.9,8.0,,
Lund,Sweden,"98,000",Balanced,City Wide,79.8,0.4,104%,96%,80.2,6.0,72,EU,,55.70,13.19,85,656,0.496,648,0.423,8,0.005,204,0.133,0.302,0.136,1531,3875,1717,5553,0.5,14.1,9.0,7.6,,
Lund,Sweden,"98,000",Balanced,Best Area,80.2,0.1,104%,96%,80.3,6.1,72,EU,,55.70,13.19,91,687,0.488,679,0.416,8,0.005,207,0.127,0.315,0.138,1633,3987,1806,5737,0.5,14.3,8.9,8.1,,
Lund,Sweden,"98,000",Destination,City Wide,76.8,0.3,104%,96%,77.1,6.0,72,EU,,55.70,13.19,85,656,0.497,647,0.424,8,0.005,204,0.133,0.301,0.136,1528,3872,1715,5548,0.5,14.1,9.0,7.6,,
Lund,Sweden,"98,000",Destination,Best Area,77.1,0.0,104%,96%,77.1,6.1,72,EU,,55.70,13.19,91,688,0.488,680,0.416,8,0.005,207,0.127,0.315,0.137,1634,3994,1808,5746,0.5,14.1,8.9,8.0,,
Krakow,Poland,"810,600",Infrastructure,City Wide,69.3,6.9,96%,104%,76.4,-6.3,85,EU,,50.06,19.94,34,206,0.388,200,0.312,6,0.01,144,0.225,0.283,0.17,641,5596,2992,7801,0.7,6.9,4.4,3.5,,
Krakow,Poland,"810,600",Infrastructure,Best Area,76.2,0.4,95%,104%,76.6,-7.2,85,EU,,50.06,19.94,59,339,0.369,330,0.292,10,0.008,241,0.214,0.301,0.184,1127,8503,4674,11953,0.6,8.8,5.8,5.0,,
Krakow,Poland,"810,600",Balanced,City Wide,72.5,7.4,96%,104%,80.0,-6.3,85,EU,,50.06,19.94,34,206,0.388,200,0.312,6,0.01,144,0.225,0.283,0.17,641,5596,2992,7801,0.7,6.9,4.4,3.5,,
Krakow,Poland,"810,600",Balanced,Best Area,79.9,0.3,95%,104%,80.2,-7.2,85,EU,,50.06,19.94,60,341,0.367,331,0.291,10,0.008,244,0.214,0.301,0.186,1141,8569,4708,12044,0.6,8.6,5.8,5.0,,
Krakow,Poland,"810,600",Destination,City Wide,75.6,7.8,96%,104%,83.5,-6.3,85,EU,,50.06,19.94,34,206,0.388,200,0.312,6,0.01,144,0.225,0.283,0.17,640,5594,2990,7799,0.7,7.0,4.4,3.5,,
Krakow,Poland,"810,600",Destination,Best Area,83.4,0.2,95%,104%,83.6,-7.2,85,EU,,50.06,19.94,60,341,0.367,332,0.292,10,0.008,243,0.214,0.302,0.184,1137,8615,4754,12113,0.7,8.4,5.8,5.0,,
Tallinn,Estonia,"456,500",Infrastructure,City Wide,81.8,1.1,104%,96%,83.1,5.8,91,EU,,59.44,24.76,126,491,0.333,476,0.246,15,0.008,346,0.179,0.329,0.238,1934,4248,1518,5582,0.4,13.3,12.2,11.0,,
Tallinn,Estonia,"456,500",Infrastructure,Best Area,82.9,0.4,104%,96%,83.3,6.6,91,EU,,59.44,24.76,139,519,0.326,504,0.239,15,0.007,365,0.173,0.337,0.245,2113,4294,1531,5652,0.4,14.2,13.0,11.7,,
Tallinn,Estonia,"456,500",Balanced,City Wide,79.0,0.7,104%,96%,79.8,5.8,91,EU,,59.44,24.76,125,491,0.333,476,0.246,15,0.008,346,0.179,0.329,0.238,1931,4248,1517,5583,0.4,13.3,12.2,11.0,,
Tallinn,Estonia,"456,500",Balanced,Best Area,79.7,0.2,104%,96%,79.9,6.6,91,EU,,59.44,24.76,139,519,0.326,504,0.239,15,0.007,365,0.173,0.337,0.245,2113,4294,1531,5652,0.4,14.2,13.0,11.7,,
Tallinn,Estonia,"456,500",Destination,City Wide,76.0,0.3,104%,96%,76.3,5.8,91,EU,,59.44,24.76,125,491,0.334,476,0.246,15,0.008,346,0.179,0.328,0.238,1930,4248,1517,5583,0.4,13.3,12.1,11.0,,
Tallinn,Estonia,"456,500",Destination,Best Area,76.3,0.1,104%,96%,76.4,6.6,91,EU,,59.44,24.76,138,518,0.326,503,0.239,15,0.007,363,0.173,0.336,0.245,2101,4292,1530,5649,0.4,14.2,13.0,11.8,,
Essen,Germany,"574,082",Infrastructure,City Wide,72.3,6.2,98%,102%,79.5,-3.0,87,EU,,51.46,7.02,50,227,0.309,203,0.238,25,0.029,369,0.434,0.164,0.135,850,3852,863,5832,0.4,8.0,6.1,5.1,,
Essen,Germany,"574,082",Infrastructure,Best Area,78.5,3.6,98%,102%,82.1,-2.5,87,EU,,51.46,7.02,80,395,0.332,353,0.258,42,0.031,553,0.404,0.176,0.132,1371,5781,1157,8742,0.5,9.9,7.2,6.1,,
Essen,Germany,"574,082",Balanced,City Wide,73.8,5.9,98%,102%,80.2,-3.0,87,EU,,51.46,7.02,50,227,0.307,202,0.237,25,0.029,371,0.435,0.164,0.136,853,3878,873,5867,0.4,8.0,6.1,5.1,,
Essen,Germany,"574,082",Balanced,Best Area,79.7,3.1,98%,102%,82.8,-2.5,87,EU,,51.46,7.02,80,391,0.328,348,0.253,43,0.031,563,0.409,0.174,0.133,1376,5931,1207,8951,0.5,9.8,7.1,6.1,,
Essen,Germany,"574,082",Destination,City Wide,75.3,5.7,98%,102%,81.6,-3.0,87,EU,,51.46,7.02,50,226,0.308,202,0.237,25,0.029,370,0.436,0.163,0.135,850,3876,873,5867,0.4,8.0,6.1,5.0,,
Essen,Germany,"574,082",Destination,Best Area,81.0,2.5,98%,102%,83.5,-2.5,87,EU,,51.46,7.02,78,380,0.322,337,0.248,43,0.032,565,0.416,0.174,0.131,1358,6022,1246,9072,0.5,10.0,6.8,6.0,,
Leuven,Belgium,"111,397",Infrastructure,City Wide,81.1,1.6,103%,96%,82.7,5.5,74,EU,,50.88,4.70,113,386,0.386,358,0.252,28,0.02,285,0.201,0.232,0.295,1420,3107,2869,4846,0.6,11.6,10.4,9.3,-13,
Leuven,Belgium,"111,397",Infrastructure,Best Area,82.7,0.7,104%,96%,83.4,6.4,74,EU,,50.88,4.70,131,436,0.381,402,0.247,33,0.02,302,0.185,0.25,0.298,1632,3306,2921,5117,0.6,12.7,11.2,10.1,-16,
Leuven,Belgium,"111,397",Balanced,City Wide,78.4,1.2,103%,96%,79.6,5.5,74,EU,,50.88,4.70,113,386,0.386,358,0.252,28,0.02,285,0.201,0.232,0.295,1420,3107,2869,4846,0.6,11.6,10.4,9.3,-26,
Leuven,Belgium,"111,397",Balanced,Best Area,79.6,0.5,104%,96%,80.1,6.4,74,EU,,50.88,4.70,131,436,0.381,402,0.247,33,0.02,302,0.185,0.25,0.298,1632,3306,2921,5117,0.6,12.7,11.2,10.1,-33,
Leuven,Belgium,"111,397",Destination,City Wide,75.6,0.7,103%,96%,76.3,5.5,74,EU,,50.88,4.70,113,386,0.386,358,0.253,28,0.02,284,0.201,0.232,0.294,1415,3108,2868,4846,0.6,11.6,10.4,9.3,-41,
Leuven,Belgium,"111,397",Destination,Best Area,76.3,0.4,104%,96%,76.7,6.4,74,EU,,50.88,4.70,131,436,0.381,403,0.247,33,0.02,301,0.184,0.25,0.298,1631,3306,2921,5119,0.6,12.7,11.3,10.0,-61,
Minsk,Belarus,"2,075,900",Infrastructure,City Wide,76.0,4.6,102%,98%,80.8,3.5,64,EU,,53.90,27.56,21,197,0.704,197,0.554,0,0.001,5,0.013,0.221,0.212,356,2426,163,3026,2.6,5.1,3.7,2.8,,
Minsk,Belarus,"2,075,900",Infrastructure,Best Area,80.6,0.9,102%,99%,81.5,2.9,64,EU,,53.90,27.56,26,295,0.768,295,0.615,0,0,7,0.015,0.171,0.199,479,3154,182,3917,2.9,5.5,4.1,3.1,,
Minsk,Belarus,"2,075,900",Balanced,City Wide,74.3,4.5,102%,98%,78.9,3.5,64,EU,,53.90,27.56,21,197,0.706,197,0.558,0,0.001,5,0.013,0.219,0.209,353,2430,160,3024,2.6,5.0,3.7,2.8,,
Minsk,Belarus,"2,075,900",Balanced,Best Area,78.8,1.8,102%,99%,80.6,2.9,64,EU,,53.90,27.56,30,303,0.73,303,0.571,0,0,7,0.014,0.197,0.218,531,3466,222,4318,2.7,6.4,4.4,3.5,,
Minsk,Belarus,"2,075,900",Destination,City Wide,72.5,5.2,102%,98%,78.1,3.5,64,EU,,53.90,27.56,20,197,0.71,197,0.563,0,0.001,5,0.013,0.217,0.207,350,2417,158,3006,2.6,5.0,3.7,2.8,,
Minsk,Belarus,"2,075,900",Destination,Best Area,77.7,2.1,102%,99%,79.8,2.9,64,EU,,53.90,27.56,30,286,0.701,285,0.545,0,0,7,0.014,0.218,0.223,524,3640,246,4531,2.7,6.5,4.4,3.4,,
Leipzig,Germany,"610,953",Infrastructure,City Wide,71.9,4.2,97%,103%,77.1,-4.4,84,EU,,51.34,12.37,37,188,0.396,160,0.276,28,0.048,188,0.324,0.17,0.182,579,3748,2192,5789,0.6,6.4,5.5,4.5,,
Leipzig,Germany,"610,953",Infrastructure,Best Area,76.1,1.8,97%,103%,77.9,-5.2,84,EU,,51.34,12.37,53,282,0.398,237,0.271,45,0.051,289,0.331,0.158,0.189,874,5514,3210,8527,0.5,7.4,6.6,5.4,,
Leipzig,Germany,"610,953",Balanced,City Wide,74.2,4.5,97%,103%,79.5,-4.4,84,EU,,51.34,12.37,37,188,0.396,160,0.276,28,0.048,188,0.324,0.17,0.182,579,3748,2192,5789,0.6,6.4,5.5,4.5,,
Leipzig,Germany,"610,953",Balanced,Best Area,78.7,1.4,97%,103%,80.1,-5.2,84,EU,,51.34,12.37,53,286,0.396,239,0.272,46,0.053,295,0.335,0.159,0.181,879,5620,3281,8698,0.5,7.4,6.5,5.2,,
Leipzig,Germany,"610,953",Destination,City Wide,76.3,5.0,97%,103%,81.9,-4.4,84,EU,,51.34,12.37,37,187,0.395,159,0.275,28,0.048,187,0.324,0.17,0.183,577,3752,2208,5796,0.6,6.4,5.5,4.4,,
Leipzig,Germany,"610,953",Destination,Best Area,81.3,1.0,97%,103%,82.3,-5.2,84,EU,,51.34,12.37,53,286,0.396,239,0.272,47,0.053,296,0.336,0.16,0.179,880,5633,3315,8728,0.6,7.3,6.4,5.2,,
Arlington,VA,"235,463",Infrastructure,City Wide,71.5,4.4,95%,105%,76.7,-6.8,75,NA,,38.88,-77.09,66,295,0.286,211,0.183,84,0.073,64,0.055,0.584,0.106,1153,6552,810,8432,3.3,13.3,8.1,6.5,68,
Arlington,VA,"235,463",Infrastructure,Best Area,75.9,1.6,97%,103%,77.5,-5.3,75,NA,,38.88,-77.09,97,398,0.266,288,0.17,109,0.064,95,0.056,0.592,0.118,1697,8458,1000,10905,3.3,16.6,8.7,7.8,71,
Arlington,VA,"235,463",Balanced,City Wide,74.9,3.7,95%,105%,79.1,-6.8,75,NA,,38.88,-77.09,65,294,0.287,210,0.183,84,0.073,63,0.055,0.582,0.106,1146,6570,812,8453,3.4,13.2,8.1,6.4,70,
Arlington,VA,"235,463",Balanced,Best Area,78.6,1.1,97%,103%,79.7,-5.3,75,NA,,38.88,-77.09,96,397,0.265,288,0.169,109,0.064,97,0.057,0.589,0.12,1701,8558,1016,11039,3.4,16.3,8.7,7.7,73,
Arlington,VA,"235,463",Destination,City Wide,78.3,2.9,95%,105%,81.7,-6.8,75,NA,,38.88,-77.09,65,295,0.287,211,0.184,84,0.073,63,0.055,0.584,0.104,1148,6556,808,8432,3.4,13.3,8.1,6.5,77,
Arlington,VA,"235,463",Destination,Best Area,81.2,0.9,97%,103%,82.1,-5.3,75,NA,,38.88,-77.09,95,392,0.266,285,0.169,108,0.064,98,0.058,0.586,0.123,1682,8601,1024,11100,3.5,16.1,8.6,7.5,77,
Karlsruhe,Germany,"324,000",Infrastructure,City Wide,76.4,1.8,99%,101%,78.5,-1.5,84,EU,,49.01,8.40,58,290,0.355,265,0.24,25,0.022,386,0.349,0.126,0.263,1106,4147,2354,6251,0.5,8.2,7.0,6.0,11,
Karlsruhe,Germany,"324,000",Infrastructure,Best Area,78.2,0.4,100%,100%,78.6,-0.6,84,EU,,49.01,8.40,73,324,0.341,299,0.225,26,0.019,451,0.34,0.132,0.284,1326,4437,2449,6671,0.5,9.2,7.7,7.1,9,
Karlsruhe,Germany,"324,000",Balanced,City Wide,77.2,1.3,99%,101%,78.6,-1.5,84,EU,,49.01,8.40,58,290,0.355,265,0.24,25,0.022,386,0.349,0.126,0.263,1106,4147,2354,6251,0.5,8.2,7.0,6.0,6,
Karlsruhe,Germany,"324,000",Balanced,Best Area,78.5,0.3,100%,100%,78.8,-0.6,84,EU,,49.01,8.40,72,324,0.342,298,0.226,26,0.019,450,0.341,0.131,0.283,1322,4441,2451,6679,0.5,9.3,7.7,7.1,0,
Karlsruhe,Germany,"324,000",Destination,City Wide,77.9,0.9,99%,101%,78.8,-1.5,84,EU,,49.01,8.40,59,290,0.355,265,0.24,25,0.022,386,0.348,0.126,0.263,1107,4147,2354,6249,0.5,8.2,7.0,6.0,3,
Karlsruhe,Germany,"324,000",Destination,Best Area,78.8,0.1,100%,100%,78.9,-0.6,84,EU,,49.01,8.40,72,324,0.343,298,0.226,26,0.019,448,0.34,0.131,0.283,1318,4447,2456,6688,0.5,9.2,7.5,6.9,-13,
Kiel,Germany,"277,000",Infrastructure,City Wide,79.3,2.4,104%,96%,82.0,5.7,84,EU,,54.32,10.14,79,340,0.399,320,0.285,20,0.018,320,0.285,0.171,0.242,1124,2850,1874,4140,0.5,13.5,10.1,9.1,,
Kiel,Germany,"277,000",Infrastructure,Best Area,81.7,0.7,104%,95%,82.4,7.0,84,EU,,54.32,10.14,100,399,0.388,379,0.277,20,0.015,379,0.278,0.183,0.247,1366,3058,1910,4434,0.5,14.3,12.1,11.5,,
Kiel,Germany,"277,000",Balanced,City Wide,76.5,1.8,104%,96%,78.6,5.7,84,EU,,54.32,10.14,79,340,0.399,320,0.285,20,0.018,320,0.285,0.171,0.242,1125,2848,1874,4138,0.5,13.5,10.2,9.1,,
Kiel,Germany,"277,000",Balanced,Best Area,78.3,0.5,104%,95%,78.8,7.0,84,EU,,54.32,10.14,100,399,0.39,379,0.279,20,0.015,378,0.278,0.182,0.247,1359,3060,1910,4435,0.5,14.3,12.1,11.5,,
Kiel,Germany,"277,000",Destination,City Wide,73.6,1.1,104%,96%,74.9,5.7,84,EU,,54.32,10.14,79,340,0.398,320,0.284,20,0.018,320,0.284,0.172,0.242,1126,2850,1873,4141,0.5,13.4,10.2,9.1,,
Kiel,Germany,"277,000",Destination,Best Area,74.7,0.4,104%,95%,75.1,7.0,84,EU,,54.32,10.14,96,392,0.396,371,0.283,20,0.015,367,0.28,0.176,0.246,1311,3068,1909,4442,0.5,14.1,11.9,11.2,,
Buenos Aires,Argentina,"3,100,000",Infrastructure,City Wide,67.2,1.2,87%,112%,68.5,-18.8,62,Other,,-34.61,-58.39,61,177,0.166,167,0.155,10,0.009,70,0.065,0.762,0.009,1077,19140,60,24939,4.0,7.9,6.3,4.4,,17
Buenos Aires,Argentina,"3,100,000",Infrastructure,Best Area,68.4,0.5,87%,111%,68.9,-18.5,62,Other,,-34.61,-58.39,69,193,0.159,183,0.149,10,0.008,79,0.065,0.768,0.01,1226,20456,65,26735,4.1,8.1,7.0,5.0,,4
Buenos Aires,Argentina,"3,100,000",Balanced,City Wide,77.1,1.1,87%,112%,78.3,-18.8,62,Other,,-34.61,-58.39,61,177,0.166,167,0.155,10,0.009,70,0.065,0.762,0.009,1076,19136,60,24934,4.0,7.9,6.3,4.4,,31
Buenos Aires,Argentina,"3,100,000",Balanced,Best Area,78.2,0.3,87%,111%,78.5,-18.5,62,Other,,-34.61,-58.39,69,193,0.158,183,0.148,10,0.008,80,0.065,0.769,0.01,1233,20511,65,26808,4.1,8.0,6.9,5.1,,26
Buenos Aires,Argentina,"3,100,000",Destination,City Wide,86.0,0.9,87%,112%,87.0,-18.8,62,Other,,-34.61,-58.39,61,177,0.165,167,0.155,10,0.009,70,0.065,0.762,0.009,1080,19142,59,24948,4.0,7.9,6.3,4.3,,44
Buenos Aires,Argentina,"3,100,000",Destination,Best Area,86.9,0.2,87%,111%,87.1,-18.5,62,Other,,-34.61,-58.39,70,192,0.157,182,0.147,10,0.008,80,0.064,0.771,0.01,1241,20563,65,26876,4.1,7.9,6.8,5.1,,39
Bordeaux,France,"307,495",Infrastructure,City Wide,72.8,3.1,96%,104%,76.0,-6.6,62,EU,,44.84,-0.58,56,276,0.299,196,0.194,79,0.078,324,0.32,0.318,0.09,1013,6024,2902,8672,2.1,10.4,6.3,5.3,-1,-10
Bordeaux,France,"307,495",Infrastructure,Best Area,75.9,2.3,97%,103%,78.2,-4.6,62,EU,,44.84,-0.58,76,338,0.291,249,0.191,88,0.068,364,0.279,0.351,0.11,1304,6189,2833,8902,1.8,16.0,7.2,6.1,-5,-11
Bordeaux,France,"307,495",Balanced,City Wide,76.2,1.9,96%,104%,78.4,-6.6,62,EU,,44.84,-0.58,56,276,0.299,196,0.194,79,0.078,324,0.32,0.318,0.09,1013,6024,2902,8672,2.1,10.4,6.3,5.3,-2,-13
Bordeaux,France,"307,495",Balanced,Best Area,78.1,1.5,97%,103%,79.6,-4.6,62,EU,,44.84,-0.58,75,345,0.292,251,0.19,94,0.071,389,0.295,0.339,0.104,1317,6531,3073,9447,1.9,14.0,7.0,5.8,-5,-14
Bordeaux,France,"307,495",Destination,City Wide,79.4,1.1,96%,104%,80.8,-6.6,62,EU,,44.84,-0.58,56,273,0.298,194,0.193,79,0.079,324,0.323,0.316,0.09,1005,6030,2922,8684,2.1,10.2,6.3,5.3,3,-9
Bordeaux,France,"307,495",Destination,Best Area,80.5,0.4,97%,103%,80.9,-4.6,62,EU,,44.84,-0.58,73,340,0.293,246,0.19,94,0.073,391,0.303,0.334,0.1,1292,6609,3144,9575,1.9,13.2,7.3,5.9,-3,-16
Santiago,Chile,"5,653,259",Infrastructure,City Wide,70.8,1.3,92%,107%,72.1,-12.0,69,Other,,-33.44,-70.65,77,221,0.14,190,0.118,31,0.019,386,0.24,0.603,0.02,1607,12206,407,16488,2.2,9.2,7.4,6.9,67,43
Santiago,Chile,"5,653,259",Infrastructure,Best Area,72.1,0.4,92%,107%,72.5,-11.3,69,Other,,-33.44,-70.65,86,233,0.13,201,0.11,31,0.017,457,0.249,0.605,0.019,1831,12951,426,17578,2.2,9.2,7.8,7.3,56,33
Santiago,Chile,"5,653,259",Balanced,City Wide,77.1,0.9,92%,107%,78.0,-12.0,69,Other,,-33.44,-70.65,77,221,0.14,190,0.118,31,0.019,386,0.24,0.603,0.02,1607,12206,407,16488,2.2,9.2,7.4,6.9,77,50
Santiago,Chile,"5,653,259",Balanced,Best Area,78.0,0.2,92%,107%,78.2,-11.3,69,Other,,-33.44,-70.65,86,233,0.13,201,0.11,31,0.017,457,0.249,0.605,0.019,1831,12951,426,17578,2.2,9.2,7.8,7.3,70,43
Santiago,Chile,"5,653,259",Destination,City Wide,82.8,0.6,92%,107%,83.5,-12.0,69,Other,,-33.44,-70.65,77,221,0.14,190,0.118,31,0.019,386,0.24,0.603,0.02,1607,12206,407,16488,2.2,9.2,7.4,6.9,90,60
Santiago,Chile,"5,653,259",Destination,Best Area,83.4,0.2,92%,107%,83.6,-11.3,69,Other,,-33.44,-70.65,86,233,0.13,201,0.11,31,0.017,457,0.249,0.605,0.019,1831,12951,426,17578,2.2,9.2,7.8,7.3,81,53
Nantes,France,"320,732",Infrastructure,City Wide,74.5,1.4,97%,103%,76.1,-4.9,71,EU,,47.22,-1.55,53,322,0.357,208,0.2,114,0.11,377,0.364,0.196,0.129,1036,5317,4018,7966,0.8,7.7,6.5,5.3,,-16
Nantes,France,"320,732",Infrastructure,Best Area,75.9,0.5,97%,103%,76.4,-4.2,71,EU,,47.22,-1.55,62,362,0.348,233,0.195,129,0.108,427,0.358,0.21,0.129,1194,5713,4209,8540,0.8,9.0,7.2,6.2,,-18
Nantes,France,"320,732",Balanced,City Wide,77.0,1.0,97%,103%,78.2,-4.9,71,EU,,47.22,-1.55,53,322,0.357,208,0.2,114,0.11,377,0.364,0.196,0.129,1036,5317,4018,7966,0.8,7.7,6.5,5.3,,-17
Nantes,France,"320,732",Balanced,Best Area,78.0,0.4,97%,103%,78.4,-4.2,71,EU,,47.22,-1.55,62,362,0.348,233,0.195,129,0.108,427,0.358,0.21,0.129,1194,5713,4209,8540,0.8,9.0,7.2,6.2,,-22
Nantes,France,"320,732",Destination,City Wide,79.4,0.7,97%,103%,80.2,-4.9,71,EU,,47.22,-1.55,53,322,0.357,207,0.2,114,0.111,376,0.364,0.196,0.129,1035,5317,4020,7968,0.8,7.7,6.5,5.3,,-16
Nantes,France,"320,732",Destination,Best Area,80.1,0.2,97%,103%,80.3,-4.2,71,EU,,47.22,-1.55,62,361,0.348,232,0.195,129,0.109,426,0.358,0.21,0.129,1189,5719,4209,8548,0.8,8.9,7.3,6.3,,-26
Gdansk,Poland,"487,371",Infrastructure,City Wide,66.5,7.6,96%,103%,74.2,-5.0,86,EU,,54.43,18.80,,,,,,,,,,,,,,,,,,,,,
Gdansk,Poland,"487,371",Infrastructure,Best Area,74.1,1.0,95%,105%,75.1,-7.4,86,EU,,54.43,18.80,,,,,,,,,,,,,,,,,,,,,
Gdansk,Poland,"487,371",Balanced,City Wide,69.1,8.8,96%,103%,78.1,-5.0,86,EU,,54.43,18.80,,,,,,,,,,,,,,,,,,,,,
Gdansk,Poland,"487,371",Balanced,Best Area,77.9,0.8,95%,105%,78.7,-7.4,86,EU,,54.43,18.80,,,,,,,,,,,,,,,,,,,,,
Gdansk,Poland,"487,371",Destination,City Wide,71.5,10.0,96%,103%,81.7,-5.0,86,EU,,54.43,18.80,,,,,,,,,,,,,,,,,,,,,
Gdansk,Poland,"487,371",Destination,Best Area,81.5,0.7,95%,105%,82.2,-7.4,86,EU,,54.43,18.80,,,,,,,,,,,,,,,,,,,,,
Oulu,Finland,"216,000",Infrastructure,City Wide,72.5,13.4,111%,88%,86.1,15.3,73,EU,,65.01,25.47,,,,,,,,,,,,,,,,,,,,,
Oulu,Finland,"216,000",Infrastructure,Best Area,85.9,0.5,110%,89%,86.4,17.0,73,EU,,65.01,25.47,,,,,,,,,,,,,,,,,,,,,
Oulu,Finland,"216,000",Balanced,City Wide,65.3,12.5,111%,88%,78.0,15.3,73,EU,,65.01,25.47,,,,,,,,,,,,,,,,,,,,,
Oulu,Finland,"216,000",Balanced,Best Area,77.8,0.5,110%,89%,78.3,17.0,73,EU,,65.01,25.47,,,,,,,,,,,,,,,,,,,,,
Oulu,Finland,"216,000",Destination,City Wide,57.2,11.7,111%,88%,69.1,15.3,73,EU,,65.01,25.47,,,,,,,,,,,,,,,,,,,,,
Oulu,Finland,"216,000",Destination,Best Area,68.9,0.3,110%,89%,69.2,17.0,73,EU,,65.01,25.47,,,,,,,,,,,,,,,,,,,,,
City of Perth,WA(AU),"34,624",Infrastructure,City Wide,76.4,3.6,102%,97%,80.3,3.7,69,Other,,-31.97,115.88,94,425,0.329,383,0.279,43,0.031,20,0.014,0.619,0.056,1371,3403,1563,4888,3.7,17.1,14.2,8.8,,
City of Perth,WA(AU),"34,624",Infrastructure,Best Area,80.0,0.6,103%,97%,80.6,4.7,69,Other,,-31.97,115.88,125,535,0.304,479,0.257,55,0.03,24,0.013,0.646,0.054,1862,4104,1785,5946,3.7,20.6,16.8,9.8,,
City of Perth,WA(AU),"34,624",Balanced,City Wide,74.6,3.1,102%,97%,78.1,3.7,69,Other,,-31.97,115.88,94,425,0.329,383,0.279,43,0.031,20,0.014,0.619,0.056,1371,3403,1563,4888,3.7,17.1,14.2,8.8,,
City of Perth,WA(AU),"34,624",Balanced,Best Area,77.7,0.4,103%,97%,78.1,4.7,69,Other,,-31.97,115.88,125,535,0.304,479,0.257,55,0.03,24,0.013,0.646,0.054,1862,4104,1785,5946,3.7,20.6,16.8,9.8,,
City of Perth,WA(AU),"34,624",Destination,City Wide,72.7,2.6,102%,97%,75.5,3.7,69,Other,,-31.97,115.88,95,427,0.329,385,0.279,42,0.031,20,0.015,0.619,0.056,1376,3392,1564,4879,3.7,16.7,14.4,8.8,,
City of Perth,WA(AU),"34,624",Destination,Best Area,75.3,0.5,103%,97%,75.8,4.7,69,Other,,-31.97,115.88,125,535,0.304,479,0.257,55,0.03,24,0.013,0.646,0.054,1862,4104,1785,5946,3.7,20.6,16.8,9.8,,
Montpellier,France,"310,240",Infrastructure,City Wide,74.8,0.5,97%,103%,75.4,-4.8,55,EU,,43.61,3.88,70,241,0.225,215,0.164,26,0.02,602,0.459,0.173,0.184,1312,5889,1948,8475,0.7,9.3,7.9,7.0,,
Montpellier,France,"310,240",Infrastructure,Best Area,75.3,0.3,97%,103%,75.6,-4.4,55,EU,,43.61,3.88,74,247,0.222,220,0.16,27,0.019,620,0.45,0.178,0.192,1377,5957,1957,8572,0.7,9.4,8.5,7.3,,
Montpellier,France,"310,240",Balanced,City Wide,77.2,0.3,97%,103%,77.6,-4.8,55,EU,,43.61,3.88,70,241,0.225,215,0.164,26,0.02,602,0.459,0.173,0.184,1312,5889,1948,8475,0.7,9.3,7.9,7.0,,
Montpellier,France,"310,240",Balanced,Best Area,77.5,0.2,97%,103%,77.7,-4.4,55,EU,,43.61,3.88,74,247,0.222,220,0.16,27,0.019,620,0.45,0.178,0.192,1377,5957,1957,8572,0.7,9.4,8.5,7.3,,
Montpellier,France,"310,240",Destination,City Wide,79.6,0.1,97%,103%,79.7,-4.8,55,EU,,43.61,3.88,70,241,0.225,215,0.164,26,0.02,602,0.459,0.174,0.184,1312,5889,1948,8474,0.7,9.3,7.9,6.9,,
Montpellier,France,"310,240",Destination,Best Area,79.7,0.1,97%,103%,79.8,-4.4,55,EU,,43.61,3.88,74,247,0.222,220,0.159,27,0.019,622,0.451,0.177,0.193,1379,5962,1956,8578,0.7,9.4,8.4,7.2,,
Valencia,Spain,"912,397",Infrastructure,City Wide,72.3,1.5,95%,105%,73.9,-7.9,45,EU,,39.47,-0.38,70,282,0.235,275,0.194,7,0.005,164,0.116,0.535,0.15,1415,7702,515,10598,2.7,10.5,8.7,7.4,-22,-21
Valencia,Spain,"912,397",Infrastructure,Best Area,73.8,0.3,95%,105%,74.1,-7.1,45,EU,,39.47,-0.38,84,307,0.218,300,0.178,8,0.005,183,0.109,0.546,0.162,1682,8301,525,11404,2.4,10.9,9.5,8.7,-31,-28
Valencia,Spain,"912,397",Balanced,City Wide,76.4,1.0,95%,105%,77.5,-7.9,45,EU,,39.47,-0.38,70,282,0.234,275,0.194,7,0.005,164,0.116,0.535,0.15,1415,7705,516,10606,2.7,10.5,8.7,7.4,-21,-21
Valencia,Spain,"912,397",Balanced,Best Area,77.4,0.2,95%,105%,77.6,-7.1,45,EU,,39.47,-0.38,84,308,0.218,300,0.179,8,0.005,184,0.109,0.546,0.161,1681,8322,525,11430,2.4,11.0,9.4,8.6,-27,-27
Valencia,Spain,"912,397",Destination,City Wide,80.2,0.7,95%,105%,80.9,-7.9,45,EU,,39.47,-0.38,70,282,0.234,275,0.194,7,0.005,164,0.116,0.535,0.15,1415,7705,516,10606,2.7,10.5,8.7,7.4,-10,-12
Valencia,Spain,"912,397",Destination,Best Area,80.9,0.0,95%,105%,80.9,-7.1,45,EU,,39.47,-0.38,84,308,0.218,300,0.179,8,0.005,184,0.109,0.546,0.161,1681,8322,525,11430,2.4,11.0,9.4,8.6,-21,-24
Poznan,Poland,"530,000",Infrastructure,City Wide,72.5,2.1,96%,103%,74.7,-5.3,82,EU,,52.40,16.92,,,,,,,,,,,,,,,,,,,,,
Poznan,Poland,"530,000",Infrastructure,Best Area,74.6,0.5,97%,103%,75.1,-5.2,82,EU,,52.40,16.92,,,,,,,,,,,,,,,,,,,,,
Poznan,Poland,"530,000",Balanced,City Wide,75.2,2.1,96%,103%,77.3,-5.3,82,EU,,52.40,16.92,,,,,,,,,,,,,,,,,,,,,
Poznan,Poland,"530,000",Balanced,Best Area,77.3,0.3,97%,103%,77.6,-5.2,82,EU,,52.40,16.92,,,,,,,,,,,,,,,,,,,,,
Poznan,Poland,"530,000",Destination,City Wide,77.8,2.0,96%,103%,79.8,-5.3,82,EU,,52.40,16.92,,,,,,,,,,,,,,,,,,,,,
Poznan,Poland,"530,000",Destination,Best Area,79.8,0.2,97%,103%,80.0,-5.2,82,EU,,52.40,16.92,,,,,,,,,,,,,,,,,,,,,
Queens (NYC),NY,"2,350,000",Infrastructure,City Wide,47.6,21.2,90%,109%,72.2,-9.8,72,NA,Yes,40.71,-73.83,15,61,0.242,35,0.133,26,0.099,12,0.046,0.682,0.04,262,3647,850,4649,4.8,4.7,3.4,2.5,-96,
Queens (NYC),NY,"2,350,000",Infrastructure,Best Area,68.8,5.7,89%,110%,74.5,-16.2,72,NA,Yes,40.71,-73.83,42,246,0.328,139,0.179,107,0.138,61,0.078,0.573,0.032,775,17493,4343,22229,5.0,8.1,6.4,4.8,-3,
Queens (NYC),NY,"2,350,000",Balanced,City Wide,52.8,24.5,90%,109%,80.7,-9.8,72,NA,Yes,40.71,-73.83,15,61,0.242,35,0.133,26,0.099,12,0.046,0.682,0.04,262,3652,851,4655,4.8,4.7,3.4,2.5,-61,
Queens (NYC),NY,"2,350,000",Balanced,Best Area,77.3,5.7,89%,110%,83.0,-16.2,72,NA,Yes,40.71,-73.83,42,246,0.328,139,0.179,107,0.138,61,0.078,0.573,0.032,775,17493,4343,22229,5.0,8.1,6.4,4.8,33,
Queens (NYC),NY,"2,350,000",Destination,City Wide,57.4,27.6,90%,109%,88.4,-9.8,72,NA,Yes,40.71,-73.83,15,61,0.242,35,0.133,26,0.099,12,0.046,0.682,0.04,262,3655,851,4658,4.8,4.7,3.4,2.5,-24,
Queens (NYC),NY,"2,350,000",Destination,Best Area,85.0,5.7,89%,110%,90.7,-16.2,72,NA,Yes,40.71,-73.83,42,246,0.328,139,0.179,107,0.138,61,0.078,0.573,0.032,775,17493,4343,22229,5.0,8.1,6.4,4.8,50,
Toronto,ON,"2,879,254",Infrastructure,City Wide,53.3,16.6,94%,106%,71.0,-7.2,88,NA,,43.65,-79.38,19,60,0.23,45,0.146,14,0.046,65,0.209,0.434,0.165,311,3379,871,4621,2.2,5.3,3.7,2.7,-3,-3
Toronto,ON,"2,879,254",Infrastructure,Best Area,69.9,2.7,91%,109%,72.6,-14.1,88,NA,,43.65,-79.38,45,165,0.248,117,0.14,48,0.058,237,0.283,0.315,0.205,837,11974,3493,16551,2.3,9.0,6.1,4.2,60,13
Toronto,ON,"2,879,254",Balanced,City Wide,57.0,20.2,94%,106%,78.5,-7.2,88,NA,,43.65,-79.38,19,60,0.23,45,0.146,14,0.046,64,0.206,0.439,0.164,311,3362,866,4594,2.2,5.3,3.7,2.7,27,-2
Toronto,ON,"2,879,254",Balanced,Best Area,77.2,2.4,91%,109%,79.6,-14.1,88,NA,,43.65,-79.38,44,164,0.249,116,0.139,48,0.058,238,0.286,0.309,0.208,831,12105,3541,16739,2.3,8.9,6.0,4.1,90,24
Toronto,ON,"2,879,254",Destination,City Wide,60.5,23.5,94%,106%,85.2,-7.2,88,NA,,43.65,-79.38,19,60,0.233,46,0.149,14,0.046,61,0.199,0.446,0.161,309,3330,860,4545,2.2,5.3,3.7,2.7,40,-2
Toronto,ON,"2,879,254",Destination,Best Area,84.0,2.1,91%,109%,86.1,-14.1,88,NA,,43.65,-79.38,44,162,0.247,114,0.138,48,0.058,238,0.287,0.308,0.208,828,12206,3570,16876,2.3,8.8,5.9,4.0,106,41
Grenoble,France,"158,000",Infrastructure,City Wide,73.8,0.3,96%,104%,74.1,-6.1,81,EU,,45.19,5.74,51,241,0.319,181,0.189,60,0.062,314,0.327,0.209,0.212,959,5240,5234,8304,0.8,8.9,8.5,6.3,,
Grenoble,France,"158,000",Infrastructure,Best Area,74.1,0.1,96%,104%,74.2,-5.9,81,EU,,45.19,5.74,53,243,0.316,183,0.185,60,0.061,320,0.323,0.208,0.223,989,5253,5243,8325,0.8,9.5,9.0,5.8,,
Grenoble,France,"158,000",Balanced,City Wide,76.9,0.2,96%,104%,77.1,-6.1,81,EU,,45.19,5.74,51,241,0.319,181,0.189,60,0.062,314,0.328,0.209,0.212,958,5240,5233,8303,0.8,8.9,8.5,6.2,,
Grenoble,France,"158,000",Balanced,Best Area,77.1,0.1,96%,104%,77.2,-5.9,81,EU,,45.19,5.74,53,243,0.316,183,0.185,60,0.061,320,0.323,0.208,0.223,989,5253,5243,8325,0.8,9.5,9.0,5.8,,
Grenoble,France,"158,000",Destination,City Wide,79.9,0.1,96%,104%,80.0,-6.1,81,EU,,45.19,5.74,51,241,0.319,181,0.189,60,0.062,314,0.328,0.209,0.212,958,5240,5233,8303,0.8,8.9,8.5,6.2,,
Grenoble,France,"158,000",Destination,Best Area,80.0,0.0,96%,104%,80.0,-5.9,81,EU,,45.19,5.74,53,243,0.316,183,0.185,60,0.061,320,0.323,0.209,0.223,990,5256,5245,8330,0.8,9.5,9.0,5.9,,
Edinburgh,UK,"509,072",Infrastructure,City Wide,71.9,3.5,97%,104%,77.0,-5.3,96,EU,,55.95,-3.19,,,,,,,,,,,,,,,,,,,,,
Edinburgh,UK,"509,072",Infrastructure,Best Area,75.4,2.0,98%,102%,77.4,-3.5,96,EU,,55.95,-3.19,,,,,,,,,,,,,,,,,,,,,
Edinburgh,UK,"509,072",Balanced,City Wide,74.5,2.6,97%,104%,77.0,-5.3,96,EU,,55.95,-3.19,,,,,,,,,,,,,,,,,,,,,
Edinburgh,UK,"509,072",Balanced,Best Area,77.1,1.3,98%,102%,78.4,-3.5,96,EU,,55.95,-3.19,,,,,,,,,,,,,,,,,,,,,
Edinburgh,UK,"509,072",Destination,City Wide,77.2,1.7,97%,104%,79.0,-5.3,96,EU,,55.95,-3.19,,,,,,,,,,,,,,,,,,,,,
Edinburgh,UK,"509,072",Destination,Best Area,78.9,0.6,98%,102%,79.5,-3.5,96,EU,,55.95,-3.19,,,,,,,,,,,,,,,,,,,,,
Groningen,Netherlands,"209,325",Infrastructure,City Wide,79.6,1.2,105%,95%,80.9,7.1,95,EU,,53.22,6.57,80,401,0.384,389,0.32,12,0.01,471,0.388,0.141,0.141,1216,2961,753,3957,0.7,11.7,10.6,9.6,-11,
Groningen,Netherlands,"209,325",Infrastructure,Best Area,80.8,0.6,105%,95%,81.4,7.7,95,EU,,53.22,6.57,89,431,0.383,419,0.316,12,0.009,510,0.385,0.139,0.15,1325,3077,797,4119,0.7,12.8,10.7,9.9,-13,
Groningen,Netherlands,"209,325",Balanced,City Wide,76.1,0.9,105%,95%,77.1,7.1,95,EU,,53.22,6.57,80,401,0.384,389,0.32,12,0.01,472,0.388,0.141,0.141,1217,2960,753,3956,0.7,11.7,10.6,9.6,-27,
Groningen,Netherlands,"209,325",Balanced,Best Area,77.0,0.6,105%,95%,77.6,7.7,95,EU,,53.22,6.57,89,432,0.383,420,0.316,12,0.009,511,0.385,0.14,0.151,1330,3085,798,4128,0.7,12.8,10.5,9.8,-35,
Groningen,Netherlands,"209,325",Destination,City Wide,72.5,0.6,105%,95%,73.2,7.1,95,EU,,53.22,6.57,80,401,0.384,389,0.32,12,0.01,472,0.388,0.141,0.141,1217,2960,753,3956,0.7,11.7,10.6,9.6,-43,
Groningen,Netherlands,"209,325",Destination,Best Area,73.1,0.6,105%,95%,73.7,7.7,95,EU,,53.22,6.57,88,430,0.383,418,0.317,12,0.009,509,0.385,0.139,0.15,1321,3080,797,4122,0.7,12.8,10.7,9.9,-66,
Singapore,Singapore,"5,892,939",Infrastructure,City Wide,68.9,3.5,96%,103%,72.0,-4.9,74,Other,,1.36,103.82,26,160,0.455,160,0.448,0,0,2,0.006,0.53,0.016,357,4074,160,5185,3.2,7.3,5.1,4.1,,7
Singapore,Singapore,"5,892,939",Infrastructure,Best Area,72.4,2.7,94%,106%,75.1,-9.2,74,Other,,1.36,103.82,42,256,0.426,256,0.418,0,0,4,0.006,0.558,0.019,612,7274,271,9142,3.1,9.3,6.2,6.9,,2
Singapore,Singapore,"5,892,939",Balanced,City Wide,71.4,5.6,96%,103%,77.3,-4.9,74,Other,,1.36,103.82,26,160,0.455,160,0.448,0,0,2,0.006,0.53,0.016,357,4074,160,5185,3.2,7.3,5.1,4.1,,3
Singapore,Singapore,"5,892,939",Balanced,Best Area,77.0,2.4,94%,106%,79.4,-9.2,74,Other,,1.36,103.82,43,258,0.416,258,0.408,0,0,4,0.006,0.566,0.02,632,8282,292,10327,3.0,9.6,6.3,6.3,,4
Singapore,Singapore,"5,892,939",Destination,City Wide,73.8,7.8,96%,103%,82.4,-4.9,74,Other,,1.36,103.82,26,160,0.455,160,0.448,0,0,2,0.006,0.53,0.016,357,4074,160,5185,3.2,7.3,5.1,4.1,,-2
Singapore,Singapore,"5,892,939",Destination,Best Area,81.6,2.0,94%,106%,83.6,-9.2,74,Other,,1.36,103.82,40,240,0.416,240,0.407,0,0,4,0.006,0.565,0.022,590,8449,278,10455,2.9,9.2,6.6,4.7,,15
Aarhus,Denmark,"373,388",Infrastructure,City Wide,76.6,4.2,105%,95%,80.9,7.2,92,EU,,56.16,10.09,,,,,,,,,,,,,,,,,,,,,
Aarhus,Denmark,"373,388",Infrastructure,Best Area,80.8,1.4,105%,95%,82.2,8.2,92,EU,,56.16,10.09,,,,,,,,,,,,,,,,,,,,,
Aarhus,Denmark,"373,388",Balanced,City Wide,73.1,3.7,105%,95%,76.9,7.2,92,EU,,56.16,10.09,,,,,,,,,,,,,,,,,,,,,
Aarhus,Denmark,"373,388",Balanced,Best Area,76.8,1.0,105%,95%,77.8,8.2,92,EU,,56.16,10.09,,,,,,,,,,,,,,,,,,,,,
Aarhus,Denmark,"373,388",Destination,City Wide,69.4,3.2,105%,95%,72.7,7.2,92,EU,,56.16,10.09,,,,,,,,,,,,,,,,,,,,,
Aarhus,Denmark,"373,388",Destination,Best Area,72.6,0.6,105%,95%,73.2,8.2,92,EU,,56.16,10.09,,,,,,,,,,,,,,,,,,,,,
Lima,Peru,"10,092,000",Infrastructure,City Wide,68.1,1.8,91%,109%,70.1,-13.6,54,Other,,-12.05,-77.03,61,186,0.138,165,0.12,22,0.016,242,0.176,0.67,0.019,1373,11709,127,15179,2.3,10.1,7.6,6.3,,37
Lima,Peru,"10,092,000",Infrastructure,Best Area,69.9,0.5,91%,108%,70.4,-12.9,54,Other,,-12.05,-77.03,70,203,0.13,177,0.111,26,0.016,279,0.175,0.676,0.021,1589,12990,137,16925,2.3,12.4,8.0,6.9,,26
Lima,Peru,"10,092,000",Balanced,City Wide,75.2,1.5,91%,109%,76.7,-13.6,54,Other,,-12.05,-77.03,61,186,0.138,165,0.12,22,0.016,242,0.176,0.67,0.019,1373,11709,127,15179,2.3,10.1,7.6,6.3,,42
Lima,Peru,"10,092,000",Balanced,Best Area,76.7,0.3,91%,108%,77.0,-12.9,54,Other,,-12.05,-77.03,70,203,0.13,177,0.111,26,0.016,279,0.175,0.676,0.021,1589,12990,137,16925,2.3,12.4,8.0,6.9,,34
Lima,Peru,"10,092,000",Destination,City Wide,81.7,1.1,91%,109%,82.9,-13.6,54,Other,,-12.05,-77.03,61,186,0.138,165,0.12,22,0.016,242,0.176,0.67,0.019,1373,11709,127,15179,2.3,10.1,7.6,6.3,,55
Lima,Peru,"10,092,000",Destination,Best Area,82.8,0.3,91%,108%,83.1,-12.9,54,Other,,-12.05,-77.03,70,203,0.13,177,0.111,26,0.016,279,0.175,0.676,0.021,1589,12990,137,16925,2.3,12.4,8.0,6.9,,49
Washington,DC,"672,079",Infrastructure,City Wide,66.3,6.6,94%,106%,73.6,-7.9,92,NA,,38.90,-77.04,42,191,0.3,140,0.181,51,0.066,41,0.054,0.522,0.177,770,4865,571,6326,4.7,8.5,6.3,4.9,60,22
Washington,DC,"672,079",Infrastructure,Best Area,72.9,2.9,95%,105%,75.8,-7.5,92,NA,,38.90,-77.04,71,320,0.288,230,0.175,90,0.068,73,0.055,0.548,0.153,1313,7777,895,10114,4.4,11.4,8.3,7.2,75,25
Washington,DC,"672,079",Balanced,City Wide,70.3,6.4,94%,106%,77.2,-7.9,92,NA,,38.90,-77.04,42,191,0.299,140,0.18,51,0.066,42,0.053,0.523,0.178,777,4915,575,6389,4.7,8.6,6.3,5.0,74,22
Washington,DC,"672,079",Balanced,Best Area,76.7,2.2,95%,105%,78.9,-7.5,92,NA,,38.90,-77.04,70,323,0.289,231,0.175,92,0.069,71,0.054,0.545,0.157,1323,7918,896,10293,4.5,11.1,8.1,7.0,77,24
Washington,DC,"672,079",Destination,City Wide,74.2,6.2,94%,106%,80.8,-7.9,92,NA,,38.90,-77.04,42,191,0.299,139,0.18,51,0.066,41,0.053,0.523,0.178,775,4923,575,6397,4.7,8.5,6.3,5.0,74,21
Washington,DC,"672,079",Destination,Best Area,80.4,1.5,95%,105%,81.9,-7.5,92,NA,,38.90,-77.04,71,323,0.287,230,0.173,93,0.07,73,0.054,0.546,0.158,1334,7977,904,10368,4.4,11.0,8.1,7.0,85,30
Lodz,Poland,"645,693",Infrastructure,City Wide,71.7,2.2,97%,103%,74.0,-5.0,83,EU,,51.77,19.46,,,,,,,,,,,,,,,,,,,,,
Lodz,Poland,"645,693",Infrastructure,Best Area,73.9,0.6,96%,103%,74.5,-5.3,83,EU,,51.77,19.46,,,,,,,,,,,,,,,,,,,,,
Lodz,Poland,"645,693",Balanced,City Wide,74.2,2.4,97%,103%,76.6,-5.0,83,EU,,51.77,19.46,,,,,,,,,,,,,,,,,,,,,
Lodz,Poland,"645,693",Balanced,Best Area,76.6,0.4,96%,103%,77.0,-5.3,83,EU,,51.77,19.46,,,,,,,,,,,,,,,,,,,,,
Lodz,Poland,"645,693",Destination,City Wide,76.7,2.5,97%,103%,79.2,-5.0,83,EU,,51.77,19.46,,,,,,,,,,,,,,,,,,,,,
Lodz,Poland,"645,693",Destination,Best Area,79.2,0.1,96%,103%,79.3,-5.3,83,EU,,51.77,19.46,,,,,,,,,,,,,,,,,,,,,
Oslo,Norway,"724,290",Infrastructure,City Wide,64.2,10.8,100%,100%,75.4,-0.1,79,EU,,59.97,10.78,,,,,,,,,,,,,,,,,,,,,
Oslo,Norway,"724,290",Infrastructure,Best Area,75.0,0.8,98%,103%,75.8,-3.6,79,EU,,59.97,10.78,,,,,,,,,,,,,,,,,,,,,
Oslo,Norway,"724,290",Balanced,City Wide,64.3,12.3,100%,100%,77.1,-0.1,79,EU,,59.97,10.78,,,,,,,,,,,,,,,,,,,,,
Oslo,Norway,"724,290",Balanced,Best Area,76.6,0.8,98%,103%,77.4,-3.6,79,EU,,59.97,10.78,,,,,,,,,,,,,,,,,,,,,
Oslo,Norway,"724,290",Destination,City Wide,64.3,14.3,100%,100%,78.9,-0.1,79,EU,,59.97,10.78,,,,,,,,,,,,,,,,,,,,,
Oslo,Norway,"724,290",Destination,Best Area,78.6,0.8,98%,103%,79.4,-3.6,79,EU,,59.97,10.78,,,,,,,,,,,,,,,,,,,,,
Seattle,WA,"741,440",Infrastructure,City Wide,68.6,4.7,95%,105%,74.1,-7.3,86,NA,,47.60,-122.33,42,151,0.203,108,0.123,42,0.048,417,0.475,0.2,0.153,876,5075,2914,6702,1.1,8.3,6.9,5.2,10,
Seattle,WA,"741,440",Infrastructure,Best Area,73.3,1.3,96%,104%,74.6,-6.0,86,NA,,47.60,-122.33,63,214,0.192,154,0.116,60,0.045,648,0.488,0.19,0.161,1328,6737,3761,8909,1.0,9.9,8.8,7.3,14,
Seattle,WA,"741,440",Balanced,City Wide,72.4,4.0,95%,105%,76.9,-7.3,86,NA,,47.60,-122.33,42,150,0.203,108,0.124,42,0.048,415,0.475,0.2,0.153,873,5082,2914,6710,1.1,8.3,6.8,5.2,18,
Seattle,WA,"741,440",Balanced,Best Area,76.4,0.9,96%,104%,77.3,-6.0,86,NA,,47.60,-122.33,63,214,0.192,154,0.116,60,0.045,648,0.488,0.19,0.161,1328,6737,3761,8909,1.0,9.9,8.8,7.3,14,
Seattle,WA,"741,440",Destination,City Wide,75.9,3.4,95%,105%,79.6,-7.3,86,NA,,47.60,-122.33,42,150,0.203,108,0.124,42,0.048,415,0.475,0.2,0.153,873,5082,2914,6710,1.1,8.3,6.8,5.2,21,
Seattle,WA,"741,440",Destination,Best Area,79.3,0.6,96%,104%,79.9,-6.0,86,NA,,47.60,-122.33,63,214,0.192,154,0.116,60,0.045,650,0.488,0.19,0.161,1331,6754,3768,8928,1.0,9.9,8.8,7.2,16,
Calgary,AB,"1,322,405",Infrastructure,City Wide,70.8,8.2,104%,96%,80.2,5.3,88,NA,,51.05,-114.06,63,300,0.341,289,0.242,11,0.009,10,0.008,0.477,0.264,1196,2427,323,2990,1.5,11.0,7.4,5.8,26,
Calgary,AB,"1,322,405",Infrastructure,Best Area,79.0,5.7,103%,97%,84.7,5.2,88,NA,,51.05,-114.06,118,524,0.321,503,0.225,21,0.009,18,0.008,0.487,0.271,2235,4282,525,5276,1.5,13.9,10.0,7.9,42,
Calgary,AB,"1,322,405",Balanced,City Wide,68.2,8.2,104%,96%,77.6,5.3,88,NA,,51.05,-114.06,63,300,0.341,290,0.242,11,0.009,10,0.008,0.477,0.264,1198,2438,325,3004,1.5,11.0,7.4,5.8,9,
Calgary,AB,"1,322,405",Balanced,Best Area,76.4,5.1,103%,97%,81.5,5.2,88,NA,,51.05,-114.06,118,522,0.321,501,0.225,21,0.01,18,0.008,0.487,0.271,2228,4291,527,5287,1.5,13.7,10.2,8.0,22,
Calgary,AB,"1,322,405",Destination,City Wide,65.5,8.3,104%,96%,74.9,5.3,88,NA,,51.05,-114.06,63,300,0.339,290,0.241,11,0.009,10,0.008,0.478,0.265,1204,2441,324,3008,1.5,11.0,7.4,5.7,-4,
Calgary,AB,"1,322,405",Destination,Best Area,73.8,4.3,103%,97%,78.1,5.2,88,NA,,51.05,-114.06,116,517,0.322,495,0.224,22,0.01,18,0.008,0.486,0.271,2208,4314,538,5317,1.5,13.5,10.1,8.0,-4,
Turin,Italy,"916,479",Infrastructure,City Wide,70.6,1.5,94%,106%,72.2,-9.3,70,EU,,45.07,7.68,,,,,,,,,,,,,,,,,,,,,
Turin,Italy,"916,479",Infrastructure,Best Area,72.1,0.5,94%,105%,72.6,-8.2,70,EU,,45.07,7.68,,,,,,,,,,,,,,,,,,,,,
Turin,Italy,"916,479",Balanced,City Wide,75.4,0.9,94%,106%,76.4,-9.3,70,EU,,45.07,7.68,,,,,,,,,,,,,,,,,,,,,
Turin,Italy,"916,479",Balanced,Best Area,76.3,0.3,94%,105%,76.6,-8.2,70,EU,,45.07,7.68,,,,,,,,,,,,,,,,,,,,,
Turin,Italy,"916,479",Destination,City Wide,79.9,0.4,94%,106%,80.4,-9.3,70,EU,,45.07,7.68,,,,,,,,,,,,,,,,,,,,,
Turin,Italy,"916,479",Destination,Best Area,80.3,0.2,94%,105%,80.5,-8.2,70,EU,,45.07,7.68,,,,,,,,,,,,,,,,,,,,,
Denver,CO,"713,734",Infrastructure,City Wide,68.1,8.7,100%,100%,78.1,0.0,82,NA,,39.74,-104.98,56,240,0.306,190,0.184,50,0.048,14,0.014,0.513,0.241,1032,3002,1094,3822,2.9,9.8,8.4,6.6,90,
Denver,CO,"713,734",Infrastructure,Best Area,76.8,5.0,101%,99%,81.8,1.3,82,NA,,39.74,-104.98,104,428,0.297,336,0.177,92,0.048,24,0.013,0.519,0.244,1903,4866,1687,6228,2.9,13.4,12.1,10.3,108,
Denver,CO,"713,734",Balanced,City Wide,68.1,8.0,100%,100%,77.2,0.0,82,NA,,39.74,-104.98,56,240,0.306,190,0.184,50,0.048,14,0.013,0.514,0.241,1034,3031,1106,3856,2.9,9.8,8.4,6.6,81,
Denver,CO,"713,734",Balanced,Best Area,76.1,4.3,101%,99%,80.4,1.3,82,NA,,39.74,-104.98,104,428,0.297,336,0.177,92,0.048,24,0.013,0.519,0.244,1903,4866,1687,6228,2.9,13.4,12.1,10.3,93,
Denver,CO,"713,734",Destination,City Wide,68.1,7.4,100%,100%,76.4,0.0,82,NA,,39.74,-104.98,56,237,0.304,188,0.182,50,0.048,14,0.013,0.513,0.243,1031,3039,1113,3867,3.0,9.8,8.3,6.5,77,
Denver,CO,"713,734",Destination,Best Area,75.5,3.5,101%,99%,79.0,1.3,82,NA,,39.74,-104.98,103,425,0.296,333,0.176,92,0.048,24,0.013,0.519,0.244,1898,4905,1701,6267,2.9,13.4,11.9,10.1,74,
Alexandria,VA,"156,788",Infrastructure,City Wide,61.1,11.4,96%,104%,73.0,-5.3,77,NA,,38.81,-77.05,32,152,0.306,110,0.2,42,0.077,25,0.045,0.582,0.097,551,3419,389,4417,2.6,8.7,7.0,3.6,91,
Alexandria,VA,"156,788",Infrastructure,Best Area,72.5,3.8,95%,105%,76.3,-7.1,77,NA,,38.81,-77.05,64,305,0.296,218,0.188,88,0.076,64,0.055,0.572,0.109,1157,7238,840,9334,3.7,14.5,11.0,5.6,131,
Alexandria,VA,"156,788",Balanced,City Wide,63.8,12.3,96%,104%,76.5,-5.3,77,NA,,38.81,-77.05,32,152,0.306,110,0.2,42,0.077,25,0.045,0.582,0.096,551,3417,388,4414,2.6,8.7,7.0,3.6,103,
Alexandria,VA,"156,788",Balanced,Best Area,76.1,3.0,95%,105%,79.1,-7.1,77,NA,,38.81,-77.05,64,305,0.296,218,0.188,88,0.076,64,0.055,0.572,0.109,1157,7238,840,9334,3.7,14.5,11.0,5.6,130,
Alexandria,VA,"156,788",Destination,City Wide,66.4,13.2,96%,104%,79.9,-5.3,77,NA,,38.81,-77.05,32,152,0.306,110,0.2,42,0.077,25,0.045,0.582,0.096,551,3417,388,4414,2.6,8.7,7.0,3.6,110,
Alexandria,VA,"156,788",Destination,Best Area,79.6,2.2,95%,105%,81.8,-7.1,77,NA,,38.81,-77.05,64,305,0.296,218,0.188,88,0.076,64,0.055,0.572,0.109,1157,7238,840,9334,3.7,14.5,11.0,5.6,137,
Cambridge,MA,"117,794",Infrastructure,City Wide,71.6,0.5,95%,105%,72.2,-7.9,92,NA,,42.37,-71.10,65,320,0.25,211,0.156,109,0.081,189,0.14,0.572,0.049,1346,7195,2782,10257,2.5,11.6,8.2,7.1,17,
Cambridge,MA,"117,794",Infrastructure,Best Area,72.1,0.3,95%,105%,72.4,-7.6,92,NA,,42.37,-71.10,70,331,0.242,217,0.151,115,0.08,197,0.138,0.585,0.046,1434,7363,2799,10503,2.6,12.8,8.3,7.0,3,
Cambridge,MA,"117,794",Balanced,City Wide,75.6,0.4,95%,105%,76.0,-7.9,92,NA,,42.37,-71.10,65,320,0.25,211,0.156,109,0.081,189,0.14,0.572,0.049,1346,7195,2782,10257,2.5,11.6,8.2,7.1,19,
Cambridge,MA,"117,794",Balanced,Best Area,76.0,0.1,95%,105%,76.1,-7.6,92,NA,,42.37,-71.10,70,331,0.242,217,0.151,115,0.08,197,0.138,0.585,0.046,1434,7363,2799,10503,2.6,12.8,8.3,7.0,5,
Cambridge,MA,"117,794",Destination,City Wide,79.5,0.2,95%,105%,79.7,-7.9,92,NA,,42.37,-71.10,64,320,0.251,210,0.157,109,0.082,189,0.142,0.571,0.049,1337,7187,2781,10248,2.5,11.7,8.1,7.1,27,
Cambridge,MA,"117,794",Destination,Best Area,79.7,0.1,95%,105%,79.8,-7.6,92,NA,,42.37,-71.10,69,330,0.244,216,0.152,114,0.08,197,0.139,0.583,0.046,1420,7353,2797,10490,2.6,12.9,8.2,7.1,15,
Milan,Italy,"1,282,154",Infrastructure,City Wide,63.1,5.9,91%,109%,69.9,-12.6,65,EU,,45.46,9.19,,,,,,,,,,,,,,,,,,,,,
Milan,Italy,"1,282,154",Infrastructure,Best Area,69.0,4.4,91%,109%,73.4,-14.1,65,EU,,45.46,9.19,,,,,,,,,,,,,,,,,,,,,
Milan,Italy,"1,282,154",Balanced,City Wide,69.5,6.5,91%,109%,76.2,-12.6,65,EU,,45.46,9.19,,,,,,,,,,,,,,,,,,,,,
Milan,Italy,"1,282,154",Balanced,Best Area,76.0,3.4,91%,109%,79.4,-14.1,65,EU,,45.46,9.19,,,,,,,,,,,,,,,,,,,,,
Milan,Italy,"1,282,154",Destination,City Wide,75.7,7.4,91%,109%,83.0,-12.6,65,EU,,45.46,9.19,,,,,,,,,,,,,,,,,,,,,
Milan,Italy,"1,282,154",Destination,Best Area,83.1,2.2,91%,109%,85.3,-14.1,65,EU,,45.46,9.19,,,,,,,,,,,,,,,,,,,,,
Birmingham,United Kingdom,"1,271,854",Infrastructure,City Wide,65.3,7.1,95%,105%,73.5,-7.4,68,EU,,52.48,-1.90,,,,,,,,,,,,,,,,,,,,,
Birmingham,United Kingdom,"1,271,854",Infrastructure,Best Area,72.4,3.0,95%,104%,75.4,-6.9,68,EU,,52.48,-1.90,,,,,,,,,,,,,,,,,,,,,
Birmingham,United Kingdom,"1,271,854",Balanced,City Wide,69.1,6.8,95%,105%,76.8,-7.4,68,EU,,52.48,-1.90,,,,,,,,,,,,,,,,,,,,,
Birmingham,United Kingdom,"1,271,854",Balanced,Best Area,75.9,2.4,95%,104%,78.3,-6.9,68,EU,,52.48,-1.90,,,,,,,,,,,,,,,,,,,,,
Birmingham,United Kingdom,"1,271,854",Destination,City Wide,72.7,6.6,95%,105%,79.9,-7.4,68,EU,,52.48,-1.90,,,,,,,,,,,,,,,,,,,,,
Birmingham,United Kingdom,"1,271,854",Destination,Best Area,79.3,1.7,95%,104%,81.0,-6.9,68,EU,,52.48,-1.90,,,,,,,,,,,,,,,,,,,,,
Rennes,France,"230,890",Infrastructure,City Wide,74.5,1.0,99%,101%,75.6,-0.8,73,EU,,48.11,-1.68,,,,,,,,,,,,,,,,,,,,,
Rennes,France,"230,890",Infrastructure,Best Area,75.5,0.3,100%,100%,75.8,-0.2,73,EU,,48.11,-1.68,,,,,,,,,,,,,,,,,,,,,
Rennes,France,"230,890",Balanced,City Wide,74.9,0.7,99%,101%,75.6,-0.8,73,EU,,48.11,-1.68,,,,,,,,,,,,,,,,,,,,,
Rennes,France,"230,890",Balanced,Best Area,75.6,0.2,100%,100%,75.8,-0.2,73,EU,,48.11,-1.68,,,,,,,,,,,,,,,,,,,,,
Rennes,France,"230,890",Destination,City Wide,75.3,0.4,99%,101%,75.8,-0.8,73,EU,,48.11,-1.68,,,,,,,,,,,,,,,,,,,,,
Rennes,France,"230,890",Destination,Best Area,75.7,0.2,100%,100%,75.9,-0.2,73,EU,,48.11,-1.68,,,,,,,,,,,,,,,,,,,,,
Edmonton,AB,"1,041,160",Infrastructure,City Wide,72.1,5.5,103%,97%,78.2,4.1,96,NA,,53.55,-113.49,77,339,0.313,331,0.224,8,0.006,8,0.005,0.5,0.265,1478,2726,132,3659,1.1,10.1,8.0,6.0,44,
Edmonton,AB,"1,041,160",Infrastructure,Best Area,77.6,2.0,103%,97%,79.6,4.0,96,NA,,53.55,-113.49,115,486,0.297,473,0.208,13,0.006,12,0.005,0.502,0.279,2268,3997,192,5361,1.1,11.2,9.3,7.3,49,
Edmonton,AB,"1,041,160",Balanced,City Wide,70.1,5.4,103%,97%,76.0,4.1,96,NA,,53.55,-113.49,78,341,0.312,332,0.224,8,0.006,8,0.005,0.501,0.264,1485,2733,132,3668,1.1,10.1,8.0,6.0,31,
Edmonton,AB,"1,041,160",Balanced,Best Area,75.5,1.9,103%,97%,77.4,4.0,96,NA,,53.55,-113.49,115,481,0.295,468,0.206,13,0.006,12,0.005,0.5,0.283,2271,4035,193,5412,1.1,11.3,9.2,7.2,26,
Edmonton,AB,"1,041,160",Destination,City Wide,68.0,5.6,103%,97%,73.8,4.1,96,NA,,53.55,-113.49,78,341,0.312,333,0.224,8,0.006,8,0.005,0.501,0.264,1488,2734,132,3669,1.1,10.1,8.0,6.0,14,
Edmonton,AB,"1,041,160",Destination,Best Area,73.6,1.5,103%,97%,75.1,4.0,96,NA,,53.55,-113.49,114,474,0.295,461,0.205,13,0.006,12,0.005,0.497,0.287,2251,4036,194,5416,1.1,11.4,9.2,7.2,7,
Boston,MA,"663,972",Infrastructure,City Wide,64.5,6.8,94%,106%,71.7,-7.8,77,NA,,42.36,-71.06,39,215,0.276,139,0.171,76,0.093,131,0.161,0.532,0.043,814,4845,1993,6991,1.7,8.0,5.3,3.6,132,
Boston,MA,"663,972",Infrastructure,Best Area,71.3,0.7,94%,105%,72.0,-8.2,77,NA,,42.36,-71.06,60,318,0.262,208,0.164,110,0.087,198,0.156,0.55,0.043,1265,7048,2770,10112,2.3,11.3,8.4,5.7,146,
Boston,MA,"663,972",Balanced,City Wide,68.5,7.0,94%,106%,75.7,-7.8,77,NA,,42.36,-71.06,39,215,0.275,139,0.171,76,0.093,131,0.161,0.533,0.043,815,4848,1993,6994,1.7,8.1,5.3,3.6,150,
Boston,MA,"663,972",Balanced,Best Area,75.5,0.4,94%,105%,75.9,-8.2,77,NA,,42.36,-71.06,60,318,0.262,208,0.164,110,0.087,198,0.156,0.55,0.043,1265,7048,2770,10112,2.3,11.3,8.4,5.7,152,
Boston,MA,"663,972",Destination,City Wide,72.3,7.2,94%,106%,79.6,-7.8,77,NA,,42.36,-71.06,38,213,0.277,138,0.172,75,0.093,130,0.162,0.53,0.043,804,4849,1994,6990,1.9,7.9,5.2,3.5,153,
Boston,MA,"663,972",Destination,Best Area,79.5,0.2,94%,105%,79.7,-8.2,77,NA,,42.36,-71.06,60,317,0.263,208,0.164,110,0.087,196,0.155,0.55,0.043,1262,7067,2772,10129,2.3,11.1,8.4,5.9,163,
Dresden,Germany,"570,000",Infrastructure,City Wide,64.7,6.3,96%,104%,71.0,-4.9,87,EU,,51.05,13.74,,,,,,,,,,,,,,,,,,,,,
Dresden,Germany,"570,000",Infrastructure,Best Area,71.0,1.9,94%,106%,72.9,-8.6,87,EU,,51.05,13.74,,,,,,,,,,,,,,,,,,,,,
Dresden,Germany,"570,000",Balanced,City Wide,67.2,8.2,96%,104%,75.5,-4.9,87,EU,,51.05,13.74,,,,,,,,,,,,,,,,,,,,,
Dresden,Germany,"570,000",Balanced,Best Area,75.4,1.5,94%,106%,76.9,-8.6,87,EU,,51.05,13.74,,,,,,,,,,,,,,,,,,,,,
Dresden,Germany,"570,000",Destination,City Wide,69.6,10.0,96%,104%,79.8,-4.9,87,EU,,51.05,13.74,,,,,,,,,,,,,,,,,,,,,
Dresden,Germany,"570,000",Destination,Best Area,79.6,1.1,94%,106%,80.7,-8.6,87,EU,,51.05,13.74,,,,,,,,,,,,,,,,,,,,,
Bielefeld,Germany,"330,000",Infrastructure,City Wide,72.6,5.9,102%,98%,80.4,2.9,83,EU,,52.02,8.53,,,,,,,,,,,,,,,,,,,,,
Bielefeld,Germany,"330,000",Infrastructure,Best Area,78.5,3.5,104%,98%,82.0,4.9,83,EU,,52.02,8.53,,,,,,,,,,,,,,,,,,,,,
Bielefeld,Germany,"330,000",Balanced,City Wide,71.1,4.2,102%,98%,75.2,2.9,83,EU,,52.02,8.53,,,,,,,,,,,,,,,,,,,,,
Bielefeld,Germany,"330,000",Balanced,Best Area,75.3,3.7,104%,98%,79.0,4.9,83,EU,,52.02,8.53,,,,,,,,,,,,,,,,,,,,,
Bielefeld,Germany,"330,000",Destination,City Wide,69.7,3.9,102%,98%,73.9,2.9,83,EU,,52.02,8.53,,,,,,,,,,,,,,,,,,,,,
Bielefeld,Germany,"330,000",Destination,Best Area,73.6,2.6,104%,98%,76.2,4.9,83,EU,,52.02,8.53,,,,,,,,,,,,,,,,,,,,,
Woodbury,MN,"76,945",Infrastructure,City Wide,78.3,3.5,109%,90%,82.3,14.2,86,NA,,44.92,-92.93,121,540,0.334,511,0.286,29,0.016,178,0.1,0.503,0.095,1788,1542,181,2050,1.7,14.6,12.7,8.6,114,
Woodbury,MN,"76,945",Infrastructure,Best Area,81.8,2.4,109%,90%,84.2,14.5,86,NA,,44.92,-92.93,150,654,0.326,609,0.271,46,0.02,270,0.12,0.483,0.105,2245,1982,288,2654,1.7,16.4,13.4,9.3,117,
Woodbury,MN,"76,945",Balanced,City Wide,71.6,3.3,109%,90%,75.4,14.2,86,NA,,44.92,-92.93,121,540,0.334,511,0.286,29,0.016,178,0.1,0.503,0.095,1788,1542,181,2050,1.7,14.6,12.7,8.6,93,
Woodbury,MN,"76,945",Balanced,Best Area,74.9,2.5,109%,90%,77.4,14.5,86,NA,,44.92,-92.93,150,655,0.326,609,0.272,46,0.02,270,0.12,0.482,0.105,2242,1983,288,2656,1.7,16.2,13.4,9.2,81,
Woodbury,MN,"76,945",Destination,City Wide,64.1,3.2,109%,90%,67.8,14.2,86,NA,,44.92,-92.93,121,540,0.334,511,0.286,29,0.016,178,0.1,0.503,0.095,1788,1542,181,2050,1.7,14.6,12.7,8.6,60,
Woodbury,MN,"76,945",Destination,Best Area,67.3,2.8,109%,90%,70.1,14.5,86,NA,,44.92,-92.93,150,655,0.326,609,0.272,46,0.02,270,0.121,0.482,0.105,2243,1984,290,2657,1.7,16.3,13.4,9.0,46,
Somerville,MA,"80,549",Infrastructure,City Wide,70.2,0.1,94%,106%,70.3,-8.9,76,NA,,42.39,-71.10,57,305,0.262,198,0.162,107,0.088,182,0.15,0.556,0.044,1217,7062,2962,10036,2.6,8.2,7.3,6.1,29,
Somerville,MA,"80,549",Infrastructure,Best Area,70.3,0.0,94%,106%,70.3,-8.8,76,NA,,42.39,-71.10,59,309,0.255,201,0.158,108,0.086,184,0.146,0.566,0.044,1265,7130,2972,10130,2.7,8.3,7.4,6.4,8,
Somerville,MA,"80,549",Balanced,City Wide,74.7,0.1,94%,106%,74.8,-8.9,76,NA,,42.39,-71.10,57,304,0.262,198,0.163,107,0.088,182,0.15,0.555,0.044,1212,7051,2961,10019,2.6,8.2,7.4,6.0,34,
Somerville,MA,"80,549",Balanced,Best Area,74.8,0.0,94%,106%,74.8,-8.8,76,NA,,42.39,-71.10,59,309,0.255,201,0.158,108,0.086,184,0.146,0.566,0.044,1265,7130,2972,10130,2.7,8.3,7.4,6.4,17,
Somerville,MA,"80,549",Destination,City Wide,79.1,0.0,94%,106%,79.2,-8.9,76,NA,,42.39,-71.10,56,303,0.264,197,0.164,106,0.088,181,0.151,0.553,0.044,1199,7035,2961,9993,2.6,8.2,7.3,6.1,43,
Somerville,MA,"80,549",Destination,Best Area,79.1,0.1,94%,106%,79.2,-8.8,76,NA,,42.39,-71.10,55,301,0.27,197,0.169,104,0.089,178,0.153,0.545,0.044,1163,7025,2961,9960,2.7,8.2,6.8,6.5,27,
Freiburg,Germany,"236,236",Infrastructure,City Wide,72.8,1.4,99%,101%,74.3,-1.8,82,EU,,48.00,7.85,,,,,,,,,,,,,,,,,,,,,
Freiburg,Germany,"236,236",Infrastructure,Best Area,74.2,0.3,99%,101%,74.5,-0.9,82,EU,,48.00,7.85,,,,,,,,,,,,,,,,,,,,,
Freiburg,Germany,"236,236",Balanced,City Wide,73.8,0.9,99%,101%,74.7,-1.8,82,EU,,48.00,7.85,,,,,,,,,,,,,,,,,,,,,
Freiburg,Germany,"236,236",Balanced,Best Area,74.7,0.1,99%,101%,74.8,-0.9,82,EU,,48.00,7.85,,,,,,,,,,,,,,,,,,,,,
Freiburg,Germany,"236,236",Destination,City Wide,74.6,0.5,99%,101%,75.1,-1.8,82,EU,,48.00,7.85,,,,,,,,,,,,,,,,,,,,,
Freiburg,Germany,"236,236",Destination,Best Area,75.1,0.3,99%,101%,75.4,-0.9,82,EU,,48.00,7.85,,,,,,,,,,,,,,,,,,,,,
Brookline,MA,"62,822",Infrastructure,City Wide,64.2,6.0,94%,106%,70.5,-8.0,78,NA,,42.33,-71.12,33,193,0.298,121,0.18,71,0.105,136,0.201,0.47,0.044,676,4505,1954,6442,1.7,5.7,4.7,3.6,135,
Brookline,MA,"62,822",Infrastructure,Best Area,70.2,0.3,94%,106%,70.5,-8.8,78,NA,,42.33,-71.12,54,305,0.276,196,0.17,109,0.095,201,0.175,0.518,0.042,1152,6795,2923,9711,2.1,8.2,7.3,5.0,142,
Brookline,MA,"62,822",Balanced,City Wide,68.3,6.4,94%,106%,74.9,-8.0,78,NA,,42.33,-71.12,33,193,0.297,121,0.179,71,0.105,137,0.202,0.47,0.044,678,4512,1952,6452,1.8,5.7,4.7,3.6,153,
Brookline,MA,"62,822",Balanced,Best Area,74.7,0.2,94%,106%,74.9,-8.8,78,NA,,42.33,-71.12,54,305,0.276,196,0.17,109,0.095,201,0.175,0.518,0.042,1152,6795,2923,9711,2.1,8.2,7.3,5.0,153,
Brookline,MA,"62,822",Destination,City Wide,72.2,6.8,94%,106%,79.1,-8.0,78,NA,,42.33,-71.12,33,193,0.296,121,0.179,71,0.105,137,0.202,0.471,0.044,680,4520,1951,6463,1.7,5.7,4.8,3.6,157,
Brookline,MA,"62,822",Destination,Best Area,79.0,0.1,94%,106%,79.1,-8.8,78,NA,,42.33,-71.12,54,305,0.276,196,0.17,109,0.095,201,0.175,0.518,0.042,1152,6795,2923,9711,2.1,8.2,7.3,5.0,163,
Portland,OR,"642,715",Infrastructure,City Wide,68.1,5.5,99%,101%,74.3,-1.4,83,NA,,45.52,-122.67,45,174,0.233,85,0.108,90,0.115,441,0.564,0.17,0.042,781,3190,1913,4287,1.2,8.0,6.2,4.9,33,-12
Portland,OR,"642,715",Infrastructure,Best Area,73.6,3.3,99%,103%,76.9,-2.9,83,NA,,45.52,-122.67,75,285,0.237,130,0.104,155,0.124,650,0.52,0.214,0.037,1249,4650,2434,6164,1.3,10.6,8.2,6.7,40,-12
Portland,OR,"642,715",Balanced,City Wide,68.8,5.8,99%,101%,75.2,-1.4,83,NA,,45.52,-122.67,46,175,0.232,85,0.108,90,0.115,444,0.565,0.171,0.042,787,3203,1921,4305,1.2,8.0,6.2,5.0,30,-23
Portland,OR,"642,715",Balanced,Best Area,74.6,3.5,99%,103%,78.1,-2.9,83,NA,,45.52,-122.67,70,267,0.228,123,0.101,144,0.118,666,0.548,0.196,0.037,1216,5037,3047,6770,1.3,9.9,7.7,6.2,26,-20
Portland,OR,"642,715",Destination,City Wide,69.5,7.0,99%,101%,77.1,-1.4,83,NA,,45.52,-122.67,46,176,0.232,85,0.107,91,0.115,444,0.561,0.174,0.042,791,3208,1915,4310,1.2,7.9,6.2,5.0,24,-25
Portland,OR,"642,715",Destination,Best Area,76.5,2.7,99%,103%,79.2,-2.9,83,NA,,45.52,-122.67,62,235,0.217,110,0.097,126,0.111,652,0.578,0.177,0.037,1128,5142,3391,6961,1.2,9.2,6.9,5.5,23,-28
Stuttgart,Germany,"679,346",Infrastructure,City Wide,65.1,5.5,95%,104%,70.9,-6.1,92,EU,,48.78,9.18,,,,,,,,,,,,,,,,,,,,,
Stuttgart,Germany,"679,346",Infrastructure,Best Area,70.6,1.4,95%,105%,72.0,-7.7,92,EU,,48.78,9.18,,,,,,,,,,,,,,,,,,,,,
Stuttgart,Germany,"679,346",Balanced,City Wide,68.2,6.4,95%,104%,74.7,-6.1,92,EU,,48.78,9.18,,,,,,,,,,,,,,,,,,,,,
Stuttgart,Germany,"679,346",Balanced,Best Area,74.6,0.9,95%,105%,75.5,-7.7,92,EU,,48.78,9.18,,,,,,,,,,,,,,,,,,,,,
Stuttgart,Germany,"679,346",Destination,City Wide,71.2,7.1,95%,104%,78.4,-6.1,92,EU,,48.78,9.18,,,,,,,,,,,,,,,,,,,,,
Stuttgart,Germany,"679,346",Destination,Best Area,78.3,0.7,95%,105%,79.0,-7.7,92,EU,,48.78,9.18,,,,,,,,,,,,,,,,,,,,,
Magdeburg,Germany,"236,188",Infrastructure,City Wide,74.9,0.5,101%,98%,75.5,2.3,94,EU,,52.13,11.64,,,,,,,,,,,,,,,,,,,,,
Magdeburg,Germany,"236,188",Infrastructure,Best Area,75.4,0.3,102%,98%,75.7,2.7,94,EU,,52.13,11.64,,,,,,,,,,,,,,,,,,,,,
Magdeburg,Germany,"236,188",Balanced,City Wide,73.8,0.3,101%,98%,74.1,2.3,94,EU,,52.13,11.64,,,,,,,,,,,,,,,,,,,,,
Magdeburg,Germany,"236,188",Balanced,Best Area,74.1,0.2,102%,98%,74.3,2.7,94,EU,,52.13,11.64,,,,,,,,,,,,,,,,,,,,,
Magdeburg,Germany,"236,188",Destination,City Wide,72.6,0.1,101%,98%,72.7,2.3,94,EU,,52.13,11.64,,,,,,,,,,,,,,,,,,,,,
Magdeburg,Germany,"236,188",Destination,Best Area,72.7,0.2,102%,98%,72.9,2.7,94,EU,,52.13,11.64,,,,,,,,,,,,,,,,,,,,,
Manchester,United Kingdom,"737,278",Infrastructure,City Wide,66.3,4.5,95%,104%,71.2,-6.3,81,EU,,53.48,-2.25,,,,,,,,,,,,,,,,,,,,,
Manchester,United Kingdom,"737,278",Infrastructure,Best Area,70.8,1.0,96%,104%,71.8,-6.4,81,EU,,53.48,-2.25,,,,,,,,,,,,,,,,,,,,,
Manchester,United Kingdom,"737,278",Balanced,City Wide,69.5,4.6,95%,104%,74.4,-6.3,81,EU,,53.48,-2.25,,,,,,,,,,,,,,,,,,,,,
Manchester,United Kingdom,"737,278",Balanced,Best Area,74.1,0.8,96%,104%,74.9,-6.4,81,EU,,53.48,-2.25,,,,,,,,,,,,,,,,,,,,,
Manchester,United Kingdom,"737,278",Destination,City Wide,72.6,4.6,95%,104%,77.5,-6.3,81,EU,,53.48,-2.25,,,,,,,,,,,,,,,,,,,,,
Manchester,United Kingdom,"737,278",Destination,Best Area,77.2,0.6,96%,104%,77.8,-6.4,81,EU,,53.48,-2.25,,,,,,,,,,,,,,,,,,,,,
Madrid,Spain,"3,406,515",Infrastructure,City Wide,59.9,7.1,92%,108%,68.1,-10.6,57,EU,,40.42,-3.70,,,,,,,,,,,,,,,,,,,,,
Madrid,Spain,"3,406,515",Infrastructure,Best Area,67.0,3.6,90%,110%,70.6,-14.2,57,EU,,40.42,-3.70,,,,,,,,,,,,,,,,,,,,,
Madrid,Spain,"3,406,515",Balanced,City Wide,65.4,8.7,92%,108%,74.9,-10.6,57,EU,,40.42,-3.70,,,,,,,,,,,,,,,,,,,,,
Madrid,Spain,"3,406,515",Balanced,Best Area,74.1,3.3,90%,110%,77.4,-14.2,57,EU,,40.42,-3.70,,,,,,,,,,,,,,,,,,,,,
Madrid,Spain,"3,406,515",Destination,City Wide,70.5,10.7,92%,108%,82.4,-10.6,57,EU,,40.42,-3.70,,,,,,,,,,,,,,,,,,,,,
Madrid,Spain,"3,406,515",Destination,Best Area,81.2,2.6,90%,110%,83.8,-14.2,57,EU,,40.42,-3.70,,,,,,,,,,,,,,,,,,,,,
Bratislava,Slovakia,"479,389",Infrastructure,City Wide,57.5,12.1,93%,107%,69.9,-8.4,88,EU,,48.16,17.13,,,,,,,,,,,,,,,,,,,,,
Bratislava,Slovakia,"479,389",Infrastructure,Best Area,69.6,1.5,94%,106%,71.1,-8.4,88,EU,,48.16,17.13,,,,,,,,,,,,,,,,,,,,,
Bratislava,Slovakia,"479,389",Balanced,City Wide,61.8,12.0,93%,107%,74.2,-8.4,88,EU,,48.16,17.13,,,,,,,,,,,,,,,,,,,,,
Bratislava,Slovakia,"479,389",Balanced,Best Area,73.8,1.2,94%,106%,75.0,-8.4,88,EU,,48.16,17.13,,,,,,,,,,,,,,,,,,,,,
Bratislava,Slovakia,"479,389",Destination,City Wide,65.9,12.1,93%,107%,78.1,-8.4,88,EU,,48.16,17.13,,,,,,,,,,,,,,,,,,,,,
Bratislava,Slovakia,"479,389",Destination,Best Area,78.0,0.7,94%,106%,78.7,-8.4,88,EU,,48.16,17.13,,,,,,,,,,,,,,,,,,,,,
Vancouver,BC,"673,713",Infrastructure,City Wide,65.5,2.3,91%,108%,68.2,-12.6,92,NA,,49.26,-123.11,38,124,0.221,100,0.116,24,0.027,116,0.134,0.369,0.354,867,6438,2377,8329,2.6,6.7,5.1,4.3,-8,17
Vancouver,BC,"673,713",Infrastructure,Best Area,67.8,1.3,92%,107%,69.1,-11.4,92,NA,,49.26,-123.11,48,156,0.218,127,0.115,29,0.026,145,0.131,0.374,0.354,1104,7156,2578,9294,2.6,7.4,6.0,4.7,-22,9
Vancouver,BC,"673,713",Balanced,City Wide,72.0,1.7,91%,108%,73.9,-12.6,92,NA,,49.26,-123.11,38,124,0.22,100,0.115,24,0.027,117,0.134,0.37,0.355,872,6479,2378,8379,2.6,6.7,5.1,4.3,15,25
Vancouver,BC,"673,713",Balanced,Best Area,73.7,0.8,92%,107%,74.5,-11.4,92,NA,,49.26,-123.11,48,155,0.216,126,0.113,29,0.026,147,0.133,0.374,0.354,1110,7262,2646,9433,2.5,7.3,6.1,4.8,-5,15
Vancouver,BC,"673,713",Destination,City Wide,78.1,1.1,91%,108%,79.4,-12.6,92,NA,,49.26,-123.11,38,124,0.218,100,0.114,24,0.027,118,0.134,0.37,0.355,881,6515,2383,8425,2.6,6.7,5.1,4.3,25,34
Vancouver,BC,"673,713",Destination,Best Area,79.2,0.5,92%,107%,79.7,-11.4,92,NA,,49.26,-123.11,48,154,0.213,124,0.111,29,0.026,149,0.133,0.374,0.356,1119,7334,2675,9523,2.5,7.3,6.1,4.8,12,22
Bologna,Italy,"394,608",Infrastructure,City Wide,68.3,2.0,96%,104%,70.5,-6.3,66,EU,,44.49,11.34,,,,,,,,,,,,,,,,,,,,,
Bologna,Italy,"394,608",Infrastructure,Best Area,70.3,0.3,95%,104%,70.6,-6.7,66,EU,,44.49,11.34,,,,,,,,,,,,,,,,,,,,,
Bologna,Italy,"394,608",Balanced,City Wide,71.5,2.2,96%,104%,73.8,-6.3,66,EU,,44.49,11.34,,,,,,,,,,,,,,,,,,,,,
Bologna,Italy,"394,608",Balanced,Best Area,73.7,0.3,95%,104%,74.0,-6.7,66,EU,,44.49,11.34,,,,,,,,,,,,,,,,,,,,,
Bologna,Italy,"394,608",Destination,City Wide,74.6,2.4,96%,104%,77.1,-6.3,66,EU,,44.49,11.34,,,,,,,,,,,,,,,,,,,,,
Bologna,Italy,"394,608",Destination,Best Area,77.0,0.2,95%,104%,77.2,-6.7,66,EU,,44.49,11.34,,,,,,,,,,,,,,,,,,,,,
Potsdam,Germany,"183,154",Infrastructure,City Wide,70.2,4.3,101%,99%,74.9,1.0,96,EU,,52.40,13.06,,,,,,,,,,,,,,,,,,,,,
Potsdam,Germany,"183,154",Infrastructure,Best Area,74.5,1.3,101%,99%,75.8,1.7,96,EU,,52.40,13.06,,,,,,,,,,,,,,,,,,,,,
Potsdam,Germany,"183,154",Balanced,City Wide,69.7,3.9,101%,99%,73.8,1.0,96,EU,,52.40,13.06,,,,,,,,,,,,,,,,,,,,,
Potsdam,Germany,"183,154",Balanced,Best Area,73.6,1.0,101%,99%,74.6,1.7,96,EU,,52.40,13.06,,,,,,,,,,,,,,,,,,,,,
Potsdam,Germany,"183,154",Destination,City Wide,69.2,3.6,101%,99%,72.9,1.0,96,EU,,52.40,13.06,,,,,,,,,,,,,,,,,,,,,
Potsdam,Germany,"183,154",Destination,Best Area,72.8,0.7,101%,99%,73.5,1.7,96,EU,,52.40,13.06,,,,,,,,,,,,,,,,,,,,,
Rostock,Germany,"209,061",Infrastructure,City Wide,72.5,2.0,101%,99%,74.9,1.0,86,EU,,54.09,12.14,,,,,,,,,,,,,,,,,,,,,
Rostock,Germany,"209,061",Infrastructure,Best Area,74.5,0.7,101%,99%,75.2,2.0,86,EU,,54.09,12.14,,,,,,,,,,,,,,,,,,,,,
Rostock,Germany,"209,061",Balanced,City Wide,72.0,1.5,101%,99%,73.7,1.0,86,EU,,54.09,12.14,,,,,,,,,,,,,,,,,,,,,
Rostock,Germany,"209,061",Balanced,Best Area,73.5,0.4,101%,99%,73.9,2.0,86,EU,,54.09,12.14,,,,,,,,,,,,,,,,,,,,,
Rostock,Germany,"209,061",Destination,City Wide,71.5,1.0,101%,99%,72.6,1.0,86,EU,,54.09,12.14,,,,,,,,,,,,,,,,,,,,,
Rostock,Germany,"209,061",Destination,Best Area,72.5,0.2,101%,99%,72.7,2.0,86,EU,,54.09,12.14,,,,,,,,,,,,,,,,,,,,,
Zurich,Switzerland,"436,551",Infrastructure,City Wide,65.0,2.4,92%,108%,67.5,-11.4,89,EU,,47.37,8.54,,,,,,,,,,,,,,,,,,,,,
Zurich,Switzerland,"436,551",Infrastructure,Best Area,67.4,0.9,92%,108%,68.3,-11.9,89,EU,,47.37,8.54,,,,,,,,,,,,,,,,,,,,,
Zurich,Switzerland,"436,551",Balanced,City Wide,70.8,2.7,92%,108%,73.8,-11.4,89,EU,,47.37,8.54,,,,,,,,,,,,,,,,,,,,,
Zurich,Switzerland,"436,551",Balanced,Best Area,73.5,1.0,92%,108%,74.5,-11.9,89,EU,,47.37,8.54,,,,,,,,,,,,,,,,,,,,,
Zurich,Switzerland,"436,551",Destination,City Wide,76.4,2.9,92%,108%,79.5,-11.4,89,EU,,47.37,8.54,,,,,,,,,,,,,,,,,,,,,
Zurich,Switzerland,"436,551",Destination,Best Area,79.3,1.0,92%,108%,80.3,-11.9,89,EU,,47.37,8.54,,,,,,,,,,,,,,,,,,,,,
Greater Melbourne*,VIC,"5,400,000",Infrastructure,City Wide,60.1,14.1,104%,95%,76.4,5.3,56,Other,,-37.81,144.96,,,,,,,,,,,,,,,,,,,,,
Greater Melbourne*,VIC,"5,400,000",Infrastructure,Best Area,74.2,9.8,101%,100%,84.0,1.1,75,Other,,-37.81,144.96,,,,,,,,,,,,,,,,,,,,,
Greater Melbourne*,VIC,"5,400,000",Balanced,City Wide,57.6,15.7,104%,95%,79.3,5.3,55,Other,,-37.81,144.96,,,,,,,,,,,,,,,,,,,,,
Greater Melbourne*,VIC,"5,400,000",Balanced,Best Area,73.3,12.4,101%,100%,85.7,1.1,75,Other,,-37.81,144.96,,,,,,,,,,,,,,,,,,,,,
Greater Melbourne*,VIC,"5,400,000",Destination,City Wide,54.8,18.3,104%,95%,84.0,5.3,55,Other,,-37.81,144.96,,,,,,,,,,,,,,,,,,,,,
Greater Melbourne*,VIC,"5,400,000",Destination,Best Area,73.1,14.3,101%,100%,87.4,1.1,75,Other,,-37.81,144.96,,,,,,,,,,,,,,,,,,,,,
City of Sydney,NSW,"241,797",Infrastructure,City Wide,66.2,0.4,91%,109%,66.6,-12.9,80,Other,Yes,-33.89,151.21,,,,,,,,,,,,,,,,,,,,,
City of Sydney,NSW,"241,797",Infrastructure,Best Area,66.6,0.3,91%,108%,66.9,-12.7,80,Other,Yes,-33.89,151.21,,,,,,,,,,,,,,,,,,,,,
City of Sydney,NSW,"241,797",Balanced,City Wide,72.9,0.3,91%,109%,73.2,-12.9,80,Other,Yes,-33.89,151.21,,,,,,,,,,,,,,,,,,,,,
City of Sydney,NSW,"241,797",Balanced,Best Area,73.2,0.2,91%,108%,73.4,-12.7,80,Other,Yes,-33.89,151.21,,,,,,,,,,,,,,,,,,,,,
City of Sydney,NSW,"241,797",Destination,City Wide,79.1,0.2,91%,109%,79.3,-12.9,80,Other,Yes,-33.89,151.21,,,,,,,,,,,,,,,,,,,,,
City of Sydney,NSW,"241,797",Destination,Best Area,79.3,0.1,91%,108%,79.4,-12.7,80,Other,Yes,-33.89,151.21,,,,,,,,,,,,,,,,,,,,,
Geneva,Switzerland,"200,000",Infrastructure,City Wide,68.0,0.7,94%,106%,68.7,-9.1,83,EU,,46.20,6.15,,,,,,,,,,,,,,,,,,,,,
Geneva,Switzerland,"200,000",Infrastructure,Best Area,68.7,0.1,94%,106%,68.8,-8.7,83,EU,,46.20,6.15,,,,,,,,,,,,,,,,,,,,,
Geneva,Switzerland,"200,000",Balanced,City Wide,72.7,0.5,94%,106%,73.2,-9.1,83,EU,,46.20,6.15,,,,,,,,,,,,,,,,,,,,,
Geneva,Switzerland,"200,000",Balanced,Best Area,73.2,0.1,94%,106%,73.3,-8.7,83,EU,,46.20,6.15,,,,,,,,,,,,,,,,,,,,,
Geneva,Switzerland,"200,000",Destination,City Wide,77.1,0.3,94%,106%,77.4,-9.1,83,EU,,46.20,6.15,,,,,,,,,,,,,,,,,,,,,
Geneva,Switzerland,"200,000",Destination,Best Area,77.4,0.1,94%,106%,77.5,-8.7,83,EU,,46.20,6.15,,,,,,,,,,,,,,,,,,,,,
Zaragoza,Spain,"700,000",Infrastructure,City Wide,45.4,22.2,95%,105%,67.6,-4.8,45,EU,,41.69,-0.91,,,,,,,,,,,,,,,,,,,,,
Zaragoza,Spain,"700,000",Infrastructure,Best Area,67.6,0.3,92%,107%,67.9,-10.8,45,EU,,41.69,-0.91,,,,,,,,,,,,,,,,,,,,,
Zaragoza,Spain,"700,000",Balanced,City Wide,47.9,25.3,95%,105%,73.2,-4.8,45,EU,,41.69,-0.91,,,,,,,,,,,,,,,,,,,,,
Zaragoza,Spain,"700,000",Balanced,Best Area,73.2,0.2,92%,107%,73.4,-10.8,45,EU,,41.69,-0.91,,,,,,,,,,,,,,,,,,,,,
Zaragoza,Spain,"700,000",Destination,City Wide,50.2,28.2,95%,105%,78.5,-4.8,45,EU,,41.69,-0.91,,,,,,,,,,,,,,,,,,,,,
Zaragoza,Spain,"700,000",Destination,Best Area,78.4,0.2,92%,107%,78.6,-10.8,45,EU,,41.69,-0.91,,,,,,,,,,,,,,,,,,,,,
Bristol,United Kingdom,"503,753",Infrastructure,City Wide,66.0,4.1,95%,105%,70.3,-6.9,80,EU,,51.45,-2.60,,,,,,,,,,,,,,,,,,,,,
Bristol,United Kingdom,"503,753",Infrastructure,Best Area,70.1,1.4,96%,104%,71.5,-6.0,80,EU,,51.45,-2.60,,,,,,,,,,,,,,,,,,,,,
Bristol,United Kingdom,"503,753",Balanced,City Wide,69.6,3.5,95%,105%,73.3,-6.9,80,EU,,51.45,-2.60,,,,,,,,,,,,,,,,,,,,,
Bristol,United Kingdom,"503,753",Balanced,Best Area,73.1,1.6,96%,104%,74.7,-6.0,80,EU,,51.45,-2.60,,,,,,,,,,,,,,,,,,,,,
Bristol,United Kingdom,"503,753",Destination,City Wide,72.9,3.2,95%,105%,76.5,-6.9,80,EU,,51.45,-2.60,,,,,,,,,,,,,,,,,,,,,
Bristol,United Kingdom,"503,753",Destination,Best Area,76.1,1.7,96%,104%,77.8,-6.0,80,EU,,51.45,-2.60,,,,,,,,,,,,,,,,,,,,,
Glasgow,UK,"656,221",Infrastructure,City Wide,64.7,6.1,96%,104%,71.6,-5.5,86,EU,,55.86,-4.23,,,,,,,,,,,,,,,,,,,,,
Glasgow,UK,"656,221",Infrastructure,Best Area,70.8,1.3,97%,103%,72.1,-4.5,86,EU,,55.86,-4.23,,,,,,,,,,,,,,,,,,,,,
Glasgow,UK,"656,221",Balanced,City Wide,67.5,5.6,96%,104%,73.5,-5.5,86,EU,,55.86,-4.23,,,,,,,,,,,,,,,,,,,,,
Glasgow,UK,"656,221",Balanced,Best Area,73.1,1.0,97%,103%,74.1,-4.5,86,EU,,55.86,-4.23,,,,,,,,,,,,,,,,,,,,,
Glasgow,UK,"656,221",Destination,City Wide,70.2,5.1,96%,104%,75.5,-5.5,86,EU,,55.86,-4.23,,,,,,,,,,,,,,,,,,,,,
Glasgow,UK,"656,221",Destination,Best Area,75.3,0.7,97%,103%,76.0,-4.5,86,EU,,55.86,-4.23,,,,,,,,,,,,,,,,,,,,,
Dublin,Ireland,"599,094",Infrastructure,City Wide,64.9,4.4,90%,96%,67.8,-4.5,80,EU,,53.35,-6.26,,,,,,,,,,,,,,,,,,,,,
Dublin,Ireland,"599,094",Infrastructure,Best Area,67.6,1.4,93%,106%,69.0,-9.7,80,EU,,53.35,-6.26,,,,,,,,,,,,,,,,,,,,,
Dublin,Ireland,"599,094",Balanced,City Wide,69.7,2.9,108%,107%,72.7,0.8,80,EU,,53.35,-6.26,,,,,,,,,,,,,,,,,,,,,
Dublin,Ireland,"599,094",Balanced,Best Area,72.6,1.0,93%,106%,73.6,-9.7,80,EU,,53.35,-6.26,,,,,,,,,,,,,,,,,,,,,
Dublin,Ireland,"599,094",Destination,City Wide,74.5,2.8,108%,107%,77.4,0.8,80,EU,,53.35,-6.26,,,,,,,,,,,,,,,,,,,,,
Dublin,Ireland,"599,094",Destination,Best Area,77.3,0.7,93%,106%,78.0,-9.7,80,EU,,53.35,-6.26,,,,,,,,,,,,,,,,,,,,,
Christchurch,New Zealand,"352,836",Infrastructure,City Wide,67.0,5.3,101%,99%,72.5,1.0,93,Other,,-43.53,172.64,,,,,,,,,,,,,,,,,,,,,
Christchurch,New Zealand,"352,836",Infrastructure,Best Area,72.3,0.6,100%,100%,72.9,-0.2,93,Other,,-43.53,172.64,,,,,,,,,,,,,,,,,,,,,
Christchurch,New Zealand,"352,836",Balanced,City Wide,66.5,5.9,101%,99%,72.6,1.0,93,Other,,-43.53,172.64,,,,,,,,,,,,,,,,,,,,,
Christchurch,New Zealand,"352,836",Balanced,Best Area,72.4,0.6,100%,100%,73.0,-0.2,93,Other,,-43.53,172.64,,,,,,,,,,,,,,,,,,,,,
Christchurch,New Zealand,"352,836",Destination,City Wide,66.0,6.5,101%,99%,72.6,1.0,93,Other,,-43.53,172.64,,,,,,,,,,,,,,,,,,,,,
Christchurch,New Zealand,"352,836",Destination,Best Area,72.5,0.6,100%,100%,73.1,-0.2,93,Other,,-43.53,172.64,,,,,,,,,,,,,,,,,,,,,
Budapest,Hungary,"1,735,041",Infrastructure,City Wide,54.6,9.4,93%,106%,65.2,-7.8,86,EU,,47.50,19.04,,,,,,,,,,,,,,,,,,,,,
Budapest,Hungary,"1,735,041",Infrastructure,Best Area,64.0,2.5,88%,110%,66.5,-16.0,86,EU,,47.50,19.04,,,,,,,,,,,,,,,,,,,,,
Budapest,Hungary,"1,735,041",Balanced,City Wide,58.7,13.7,93%,106%,73.5,-7.8,86,EU,,47.50,19.04,,,,,,,,,,,,,,,,,,,,,
Budapest,Hungary,"1,735,041",Balanced,Best Area,72.4,2.5,88%,110%,74.9,-16.0,86,EU,,47.50,19.04,,,,,,,,,,,,,,,,,,,,,
Budapest,Hungary,"1,735,041",Destination,City Wide,62.4,17.6,93%,106%,81.4,-7.8,86,EU,,47.50,19.04,,,,,,,,,,,,,,,,,,,,,
Budapest,Hungary,"1,735,041",Destination,Best Area,80.0,2.5,88%,110%,82.5,-16.0,86,EU,,47.50,19.04,,,,,,,,,,,,,,,,,,,,,
Dortmund,Germany,"614,495",Infrastructure,City Wide,65.2,5.6,102%,98%,71.2,2.2,88,EU,,51.51,7.47,,,,,,,,,,,,,,,,,,,,,
Dortmund,Germany,"614,495",Infrastructure,Best Area,70.8,1.0,98%,102%,71.8,-2.7,88,EU,,51.51,7.47,,,,,,,,,,,,,,,,,,,,,
Dortmund,Germany,"614,495",Balanced,City Wide,64.1,8.1,102%,98%,72.5,2.2,88,EU,,51.51,7.47,,,,,,,,,,,,,,,,,,,,,
Dortmund,Germany,"614,495",Balanced,Best Area,72.2,0.8,98%,102%,73.0,-2.7,88,EU,,51.51,7.47,,,,,,,,,,,,,,,,,,,,,
Dortmund,Germany,"614,495",Destination,City Wide,63.0,10.5,102%,98%,73.7,2.2,88,EU,,51.51,7.47,,,,,,,,,,,,,,,,,,,,,
Dortmund,Germany,"614,495",Destination,Best Area,73.5,0.8,98%,102%,74.3,-2.7,88,EU,,51.51,7.47,,,,,,,,,,,,,,,,,,,,,
Seville,Spain,"703,878",Infrastructure,City Wide,64.9,1.2,92%,108%,66.2,-11.4,46,EU,,37.39,-6.00,,,,,,,,,,,,,,,,,,,,,
Seville,Spain,"703,878",Infrastructure,Best Area,66.1,0.5,92%,107%,66.6,-10.6,46,EU,,37.39,-6.00,,,,,,,,,,,,,,,,,,,,,
Seville,Spain,"703,878",Balanced,City Wide,70.9,0.7,92%,108%,71.6,-11.4,46,EU,,37.39,-6.00,,,,,,,,,,,,,,,,,,,,,
Seville,Spain,"703,878",Balanced,Best Area,71.6,0.3,92%,107%,71.9,-10.6,46,EU,,37.39,-6.00,,,,,,,,,,,,,,,,,,,,,
Seville,Spain,"703,878",Destination,City Wide,76.3,0.4,92%,108%,76.8,-11.4,46,EU,,37.39,-6.00,,,,,,,,,,,,,,,,,,,,,
Seville,Spain,"703,878",Destination,Best Area,76.7,0.2,92%,107%,76.9,-10.6,46,EU,,37.39,-6.00,,,,,,,,,,,,,,,,,,,,,
Uppsala,Sweden,"180,000",Infrastructure,City Wide,42.5,33.7,108%,92%,76.4,6.5,81,EU,,59.87,17.60,,,,,,,,,,,,,,,,,,,,,
Uppsala,Sweden,"180,000",Infrastructure,Best Area,76.2,0.4,107%,93%,76.6,10.0,81,EU,,59.87,17.60,,,,,,,,,,,,,,,,,,,,,
Uppsala,Sweden,"180,000",Balanced,City Wide,39.3,32.1,108%,92%,71.4,6.5,81,EU,,59.87,17.60,,,,,,,,,,,,,,,,,,,,,
Uppsala,Sweden,"180,000",Balanced,Best Area,71.4,0.2,107%,93%,71.6,10.0,81,EU,,59.87,17.60,,,,,,,,,,,,,,,,,,,,,
Uppsala,Sweden,"180,000",Destination,City Wide,36.0,30.2,108%,92%,66.2,6.5,81,EU,,59.87,17.60,,,,,,,,,,,,,,,,,,,,,
Uppsala,Sweden,"180,000",Destination,Best Area,66.2,0.1,107%,93%,66.3,10.0,81,EU,,59.87,17.60,,,,,,,,,,,,,,,,,,,,,
Vilnius,Lithuania,"607,667",Infrastructure,City Wide,55.5,15.2,102%,97%,71.1,2.8,81,EU,,54.69,25.28,,,,,,,,,,,,,,,,,,,,,
Vilnius,Lithuania,"607,667",Infrastructure,Best Area,70.7,1.3,99%,101%,72.0,-1.2,81,EU,,54.69,25.28,,,,,,,,,,,,,,,,,,,,,
Vilnius,Lithuania,"607,667",Balanced,City Wide,54.2,17.1,102%,97%,71.6,2.8,81,EU,,54.69,25.28,,,,,,,,,,,,,,,,,,,,,
Vilnius,Lithuania,"607,667",Balanced,Best Area,71.3,0.7,99%,101%,72.0,-1.2,81,EU,,54.69,25.28,,,,,,,,,,,,,,,,,,,,,
Vilnius,Lithuania,"607,667",Destination,City Wide,52.7,19.2,102%,97%,72.1,2.8,81,EU,,54.69,25.28,,,,,,,,,,,,,,,,,,,,,
Vilnius,Lithuania,"607,667",Destination,Best Area,71.9,0.6,99%,101%,72.5,-1.2,81,EU,,54.69,25.28,,,,,,,,,,,,,,,,,,,,,
Mexico City,Mexico,"8,913,652",Infrastructure,City Wide,41.8,22.1,89%,110%,64.6,-9.9,55,NA,,19.43,-99.13,,,,,,,,,,,,,,,,,,,,,
Mexico City,Mexico,"8,913,652",Infrastructure,Best Area,63.9,1.8,90%,109%,65.7,-13.9,55,NA,,19.43,-99.13,,,,,,,,,,,,,,,,,,,,,
Mexico City,Mexico,"8,913,652",Balanced,City Wide,46.9,24.2,89%,110%,71.8,-9.9,55,NA,,19.43,-99.13,,,,,,,,,,,,,,,,,,,,,
Mexico City,Mexico,"8,913,652",Balanced,Best Area,71.1,1.4,90%,109%,72.5,-13.9,55,NA,,19.43,-99.13,,,,,,,,,,,,,,,,,,,,,
Mexico City,Mexico,"8,913,652",Destination,City Wide,51.7,26.1,89%,110%,78.3,-9.9,55,NA,,19.43,-99.13,,,,,,,,,,,,,,,,,,,,,
Mexico City,Mexico,"8,913,652",Destination,Best Area,77.8,1.0,90%,109%,78.8,-13.9,55,NA,,19.43,-99.13,,,,,,,,,,,,,,,,,,,,,
Guadalajara,Mexico,"1,445,006",Infrastructure,City Wide,56.1,9.9,91%,109%,66.3,-10.9,29,NA,,20.68,-103.34,,,,,,,,,,,,,,,,,,,,,
Guadalajara,Mexico,"1,445,006",Infrastructure,Best Area,66.0,0.8,93%,107%,66.8,-9.7,29,NA,,20.68,-103.34,,,,,,,,,,,,,,,,,,,,,
Guadalajara,Mexico,"1,445,006",Balanced,City Wide,61.7,9.3,91%,109%,71.2,-10.9,29,NA,,20.68,-103.34,,,,,,,,,,,,,,,,,,,,,
Guadalajara,Mexico,"1,445,006",Balanced,Best Area,71.0,0.6,93%,107%,71.6,-9.7,29,NA,,20.68,-103.34,,,,,,,,,,,,,,,,,,,,,
Guadalajara,Mexico,"1,445,006",Destination,City Wide,67.0,8.7,91%,109%,75.9,-10.9,29,NA,,20.68,-103.34,,,,,,,,,,,,,,,,,,,,,
Guadalajara,Mexico,"1,445,006",Destination,Best Area,75.7,0.4,93%,107%,76.1,-9.7,29,NA,,20.68,-103.34,,,,,,,,,,,,,,,,,,,,,
Cambridge,UK,"151,138",Infrastructure,City Wide,71.6,0.3,102%,98%,71.9,2.2,82,EU,,52.21,0.12,,,,,,,,,,,,,,,,,,,,,
Cambridge,UK,"151,138",Infrastructure,Best Area,71.9,0.1,102%,98%,72.0,2.2,82,EU,,52.21,0.12,,,,,,,,,,,,,,,,,,,,,
Cambridge,UK,"151,138",Balanced,City Wide,70.5,0.3,102%,98%,70.8,2.2,82,EU,,52.21,0.12,,,,,,,,,,,,,,,,,,,,,
Cambridge,UK,"151,138",Balanced,Best Area,70.8,0.1,102%,98%,70.9,2.2,82,EU,,52.21,0.12,,,,,,,,,,,,,,,,,,,,,
Cambridge,UK,"151,138",Destination,City Wide,69.4,0.3,102%,98%,69.7,2.2,82,EU,,52.21,0.12,,,,,,,,,,,,,,,,,,,,,
Cambridge,UK,"151,138",Destination,Best Area,69.7,0.1,102%,98%,69.8,2.2,82,EU,,52.21,0.12,,,,,,,,,,,,,,,,,,,,,
Lujiazui (Shanghai),China,"126,000",Infrastructure,City Wide,74.2,0.7,106%,94%,74.9,8.1,16,Other,Yes,31.24,121.52,,,,,,,,,,,,,,,,,,,,,
Lujiazui (Shanghai),China,"126,000",Infrastructure,Best Area,74.9,0.0,106%,94%,74.9,8.5,16,Other,Yes,31.24,121.52,,,,,,,,,,,,,,,,,,,,,
Lujiazui (Shanghai),China,"126,000",Balanced,City Wide,70.3,0.5,106%,94%,70.8,8.1,16,Other,Yes,31.24,121.52,,,,,,,,,,,,,,,,,,,,,
Lujiazui (Shanghai),China,"126,000",Balanced,Best Area,70.8,0.0,106%,94%,70.8,8.5,16,Other,Yes,31.24,121.52,,,,,,,,,,,,,,,,,,,,,
Lujiazui (Shanghai),China,"126,000",Destination,City Wide,66.1,0.3,106%,94%,66.4,8.1,16,Other,Yes,31.24,121.52,,,,,,,,,,,,,,,,,,,,,
Lujiazui (Shanghai),China,"126,000",Destination,Best Area,66.4,0.1,106%,94%,66.5,8.5,16,Other,Yes,31.24,121.52,,,,,,,,,,,,,,,,,,,,,
Reykjavík,Iceland,"139,000",Infrastructure,City Wide,71.8,3.9,107%,92%,75.7,10.1,99,EU,,64.15,-21.94,,,,,,,,,,,,,,,,,,,,,
Reykjavík,Iceland,"139,000",Infrastructure,Best Area,75.7,0.2,107%,93%,75.9,10.2,99,EU,,64.15,-21.94,,,,,,,,,,,,,,,,,,,,,
Reykjavík,Iceland,"139,000",Balanced,City Wide,66.9,3.9,107%,92%,70.8,10.1,99,EU,,64.15,-21.94,,,,,,,,,,,,,,,,,,,,,
Reykjavík,Iceland,"139,000",Balanced,Best Area,70.8,0.1,107%,93%,70.9,10.2,99,EU,,64.15,-21.94,,,,,,,,,,,,,,,,,,,,,
Reykjavík,Iceland,"139,000",Destination,City Wide,61.7,3.8,107%,92%,65.5,10.1,99,EU,,64.15,-21.94,,,,,,,,,,,,,,,,,,,,,
Reykjavík,Iceland,"139,000",Destination,Best Area,65.5,0.1,107%,93%,65.6,10.2,99,EU,,64.15,-21.94,,,,,,,,,,,,,,,,,,,,,
Szczecin,Poland,"400,000",Infrastructure,City Wide,56.2,12.1,98%,102%,70.4,-1.8,88,EU,,53.43,14.55,,,,,,,,,,,,,,,,,,,,,
Szczecin,Poland,"400,000",Infrastructure,Best Area,68.3,2.6,97%,103%,70.9,-4.4,88,EU,,53.43,14.55,,,,,,,,,,,,,,,,,,,,,
Szczecin,Poland,"400,000",Balanced,City Wide,57.1,13.4,98%,102%,72.1,-1.8,88,EU,,53.43,14.55,,,,,,,,,,,,,,,,,,,,,
Szczecin,Poland,"400,000",Balanced,Best Area,70.5,1.8,97%,103%,72.3,-4.4,88,EU,,53.43,14.55,,,,,,,,,,,,,,,,,,,,,
Szczecin,Poland,"400,000",Destination,City Wide,58.0,14.7,98%,102%,73.7,-1.8,88,EU,,53.43,14.55,,,,,,,,,,,,,,,,,,,,,
Szczecin,Poland,"400,000",Destination,Best Area,72.7,1.1,97%,103%,73.8,-4.4,88,EU,,53.43,14.55,,,,,,,,,,,,,,,,,,,,,
The Bronx (NYC),NY,"1,472,654",Infrastructure,City Wide,57.7,6.5,96%,104%,68.9,-5.1,71,NA,Yes,40.85,-73.88,,,,,,,,,,,,,,,,,,,,,
The Bronx (NYC),NY,"1,472,654",Infrastructure,Best Area,64.2,6.8,91%,109%,71.0,-12.1,71,NA,Yes,40.85,-73.88,,,,,,,,,,,,,,,,,,,,,
The Bronx (NYC),NY,"1,472,654",Balanced,City Wide,60.3,10.0,96%,104%,76.8,-5.1,71,NA,Yes,40.85,-73.88,,,,,,,,,,,,,,,,,,,,,
The Bronx (NYC),NY,"1,472,654",Balanced,Best Area,70.3,9.0,91%,109%,79.3,-12.1,71,NA,Yes,40.85,-73.88,,,,,,,,,,,,,,,,,,,,,
The Bronx (NYC),NY,"1,472,654",Destination,City Wide,62.8,13.5,96%,104%,84.1,-5.1,71,NA,Yes,40.85,-73.88,,,,,,,,,,,,,,,,,,,,,
The Bronx (NYC),NY,"1,472,654",Destination,Best Area,76.3,10.6,91%,109%,86.9,-12.1,71,NA,Yes,40.85,-73.88,,,,,,,,,,,,,,,,,,,,,
Newcastle upon Tyne,UK,"328,821",Infrastructure,City Wide,63.4,5.0,97%,103%,68.7,-3.6,78,EU,,54.97,-1.61,,,,,,,,,,,,,,,,,,,,,
Newcastle upon Tyne,UK,"328,821",Infrastructure,Best Area,68.4,3.1,97%,103%,71.5,-3.6,78,EU,,54.97,-1.61,,,,,,,,,,,,,,,,,,,,,
Newcastle upon Tyne,UK,"328,821",Balanced,City Wide,65.2,5.0,97%,103%,70.8,-3.6,78,EU,,54.97,-1.61,,,,,,,,,,,,,,,,,,,,,
Newcastle upon Tyne,UK,"328,821",Balanced,Best Area,70.2,3.4,97%,103%,73.6,-3.6,78,EU,,54.97,-1.61,,,,,,,,,,,,,,,,,,,,,
Newcastle upon Tyne,UK,"328,821",Destination,City Wide,67.0,5.0,97%,103%,72.2,-3.6,78,EU,,54.97,-1.61,,,,,,,,,,,,,,,,,,,,,
Newcastle upon Tyne,UK,"328,821",Destination,Best Area,72.0,3.5,97%,103%,75.5,-3.6,78,EU,,54.97,-1.61,,,,,,,,,,,,,,,,,,,,,
Salt Lake City,UT,"203,888",Infrastructure,City Wide,66.8,4.7,102%,98%,72.0,2.5,81,NA,,40.76,-111.89,,,,,,,,,,,,,,,,,,,,,
Salt Lake City,UT,"203,888",Infrastructure,Best Area,71.5,0.9,102%,98%,72.4,2.8,81,NA,,40.76,-111.89,,,,,,,,,,,,,,,,,,,,,
Salt Lake City,UT,"203,888",Balanced,City Wide,65.6,4.5,102%,98%,70.4,2.5,81,NA,,40.76,-111.89,,,,,,,,,,,,,,,,,,,,,
Salt Lake City,UT,"203,888",Balanced,Best Area,70.1,0.5,102%,98%,70.6,2.8,81,NA,,40.76,-111.89,,,,,,,,,,,,,,,,,,,,,
Salt Lake City,UT,"203,888",Destination,City Wide,64.3,4.4,102%,98%,68.8,2.5,81,NA,,40.76,-111.89,,,,,,,,,,,,,,,,,,,,,
Salt Lake City,UT,"203,888",Destination,Best Area,68.7,0.4,102%,98%,69.1,2.8,81,NA,,40.76,-111.89,,,,,,,,,,,,,,,,,,,,,
Waitemata (Auckland),New Zealand,"89,000",Infrastructure,City Wide,64.2,1.8,94%,106%,66.2,-7.9,97,Other,Yes,-36.85,174.75,,,,,,,,,,,,,,,,,,,,,
Waitemata (Auckland),New Zealand,"89,000",Infrastructure,Best Area,66.0,0.3,94%,106%,66.3,-7.9,97,Other,Yes,-36.85,174.75,,,,,,,,,,,,,,,,,,,,,
Waitemata (Auckland),New Zealand,"89,000",Balanced,City Wide,68.3,1.7,94%,106%,70.2,-7.9,97,Other,Yes,-36.85,174.75,,,,,,,,,,,,,,,,,,,,,
Waitemata (Auckland),New Zealand,"89,000",Balanced,Best Area,70.0,0.4,94%,106%,70.4,-7.9,97,Other,Yes,-36.85,174.75,,,,,,,,,,,,,,,,,,,,,
Waitemata (Auckland),New Zealand,"89,000",Destination,City Wide,72.1,1.8,94%,106%,73.9,-7.9,97,Other,Yes,-36.85,174.75,,,,,,,,,,,,,,,,,,,,,
Waitemata (Auckland),New Zealand,"89,000",Destination,Best Area,73.9,0.3,94%,106%,74.2,-7.9,97,Other,Yes,-36.85,174.75,,,,,,,,,,,,,,,,,,,,,
Graz,Austria,"310,000",Infrastructure,City Wide,59.5,4.3,93%,107%,64.2,-8.8,68,EU,,47.07,15.44,,,,,,,,,,,,,,,,,,,,,
Graz,Austria,"310,000",Infrastructure,Best Area,63.8,1.5,92%,108%,65.3,-11.4,68,EU,,47.07,15.44,,,,,,,,,,,,,,,,,,,,,
Graz,Austria,"310,000",Balanced,City Wide,64.0,5.7,93%,107%,70.2,-8.8,68,EU,,47.07,15.44,,,,,,,,,,,,,,,,,,,,,
Graz,Austria,"310,000",Balanced,Best Area,69.7,1.2,92%,108%,70.9,-11.4,68,EU,,47.07,15.44,,,,,,,,,,,,,,,,,,,,,
Graz,Austria,"310,000",Destination,City Wide,68.3,6.9,93%,107%,75.7,-8.8,68,EU,,47.07,15.44,,,,,,,,,,,,,,,,,,,,,
Graz,Austria,"310,000",Destination,Best Area,75.2,0.9,92%,108%,76.1,-11.4,68,EU,,47.07,15.44,,,,,,,,,,,,,,,,,,,,,
Salzburg,Austria,"157,659",Infrastructure,City Wide,67.9,1.0,99%,101%,69.0,-2.0,81,EU,,47.80,13.05,,,,,,,,,,,,,,,,,,,,,
Salzburg,Austria,"157,659",Infrastructure,Best Area,68.9,0.7,99%,101%,69.6,-1.5,81,EU,,47.80,13.05,,,,,,,,,,,,,,,,,,,,,
Salzburg,Austria,"157,659",Balanced,City Wide,68.9,0.7,99%,101%,69.7,-2.0,81,EU,,47.80,13.05,,,,,,,,,,,,,,,,,,,,,
Salzburg,Austria,"157,659",Balanced,Best Area,69.6,0.5,99%,101%,70.1,-1.5,81,EU,,47.80,13.05,,,,,,,,,,,,,,,,,,,,,
Salzburg,Austria,"157,659",Destination,City Wide,69.9,0.5,99%,101%,70.5,-2.0,81,EU,,47.80,13.05,,,,,,,,,,,,,,,,,,,,,
Salzburg,Austria,"157,659",Destination,Best Area,70.4,0.3,99%,101%,70.7,-1.5,81,EU,,47.80,13.05,,,,,,,,,,,,,,,,,,,,,
Tours,France,"136,463",Infrastructure,City Wide,67.0,1.1,98%,102%,68.2,-3.3,65,EU,,47.39,0.69,,,,,,,,,,,,,,,,,,,,,
Tours,France,"136,463",Infrastructure,Best Area,68.1,0.2,98%,102%,68.3,-3.0,65,EU,,47.39,0.69,,,,,,,,,,,,,,,,,,,,,
Tours,France,"136,463",Balanced,City Wide,68.7,0.9,98%,102%,69.6,-3.3,65,EU,,47.39,0.69,,,,,,,,,,,,,,,,,,,,,
Tours,France,"136,463",Balanced,Best Area,69.6,0.1,98%,102%,69.7,-3.0,65,EU,,47.39,0.69,,,,,,,,,,,,,,,,,,,,,
Tours,France,"136,463",Destination,City Wide,70.3,0.8,98%,102%,71.1,-3.3,65,EU,,47.39,0.69,,,,,,,,,,,,,,,,,,,,,
Tours,France,"136,463",Destination,Best Area,71.1,0.1,98%,102%,71.2,-3.0,65,EU,,47.39,0.69,,,,,,,,,,,,,,,,,,,,,
Odense,Denmark,"185,480",Infrastructure,City Wide,72.4,1.3,106%,94%,73.7,8.4,94,EU,,55.39,10.35,,,,,,,,,,,,,,,,,,,,,
Odense,Denmark,"185,480",Infrastructure,Best Area,73.7,0.4,106%,94%,74.1,8.7,94,EU,,55.39,10.35,,,,,,,,,,,,,,,,,,,,,
Odense,Denmark,"185,480",Balanced,City Wide,68.4,1.1,106%,94%,69.5,8.4,94,EU,,55.39,10.35,,,,,,,,,,,,,,,,,,,,,
Odense,Denmark,"185,480",Balanced,Best Area,69.5,0.3,106%,94%,69.8,8.7,94,EU,,55.39,10.35,,,,,,,,,,,,,,,,,,,,,
Odense,Denmark,"185,480",Destination,City Wide,64.0,1.0,106%,94%,65.1,8.4,94,EU,,55.39,10.35,,,,,,,,,,,,,,,,,,,,,
Odense,Denmark,"185,480",Destination,Best Area,65.0,0.2,106%,94%,65.2,8.7,94,EU,,55.39,10.35,,,,,,,,,,,,,,,,,,,,,
Lisbon,Portugal,"612,893",Infrastructure,City Wide,59.3,1.1,87%,111%,60.4,-16.4,51,EU,,38.71,-9.14,,,,,,,,,,,,,,,,,,,,,
Lisbon,Portugal,"612,893",Infrastructure,Best Area,60.4,0.3,87%,112%,60.7,-17.3,51,EU,,38.71,-9.14,,,,,,,,,,,,,,,,,,,,,
Lisbon,Portugal,"612,893",Balanced,City Wide,67.9,1.6,87%,111%,69.7,-16.4,51,EU,,38.71,-9.14,,,,,,,,,,,,,,,,,,,,,
Lisbon,Portugal,"612,893",Balanced,Best Area,69.5,0.5,87%,112%,70.0,-17.3,51,EU,,38.71,-9.14,,,,,,,,,,,,,,,,,,,,,
Lisbon,Portugal,"612,893",Destination,City Wide,75.7,2.0,87%,111%,78.0,-16.4,51,EU,,38.71,-9.14,,,,,,,,,,,,,,,,,,,,,
Lisbon,Portugal,"612,893",Destination,Best Area,77.7,0.7,87%,112%,78.4,-17.3,51,EU,,38.71,-9.14,,,,,,,,,,,,,,,,,,,,,
Carmel,IN,"100,501",Infrastructure,City Wide,75.1,1.1,110%,89%,76.2,14.0,66,NA,,39.98,-86.13,,,,,,,,,,,,,,,,,,,,,
Carmel,IN,"100,501",Infrastructure,Best Area,76.2,0.9,110%,89%,77.1,14.3,66,NA,,39.98,-86.13,,,,,,,,,,,,,,,,,,,,,
Carmel,IN,"100,501",Balanced,City Wide,68.5,0.9,110%,89%,69.3,14.0,66,NA,,39.98,-86.13,,,,,,,,,,,,,,,,,,,,,
Carmel,IN,"100,501",Balanced,Best Area,69.4,0.8,110%,89%,70.2,14.3,66,NA,,39.98,-86.13,,,,,,,,,,,,,,,,,,,,,
Carmel,IN,"100,501",Destination,City Wide,61.1,0.8,110%,89%,61.8,14.0,66,NA,,39.98,-86.13,,,,,,,,,,,,,,,,,,,,,
Carmel,IN,"100,501",Destination,Best Area,61.9,0.7,110%,89%,62.6,14.3,66,NA,,39.98,-86.13,,,,,,,,,,,,,,,,,,,,,
City of Adelaide,SA,"30,173",Infrastructure,City Wide,67.8,1.3,99%,101%,69.3,-0.9,71,Other,Yes,-34.93,138.60,,,,,,,,,,,,,,,,,,,,,
City of Adelaide,SA,"30,173",Infrastructure,Best Area,69.1,0.3,100%,100%,69.4,-0.6,71,Other,Yes,-34.93,138.60,,,,,,,,,,,,,,,,,,,,,
City of Adelaide,SA,"30,173",Balanced,City Wide,68.2,1.2,99%,101%,69.6,-0.9,71,Other,Yes,-34.93,138.60,,,,,,,,,,,,,,,,,,,,,
City of Adelaide,SA,"30,173",Balanced,Best Area,69.4,0.3,100%,100%,69.7,-0.6,71,Other,Yes,-34.93,138.60,,,,,,,,,,,,,,,,,,,,,
City of Adelaide,SA,"30,173",Destination,City Wide,68.7,1.0,99%,101%,69.8,-0.9,71,Other,Yes,-34.93,138.60,,,,,,,,,,,,,,,,,,,,,
City of Adelaide,SA,"30,173",Destination,Best Area,69.7,0.3,100%,100%,70.0,-0.6,71,Other,Yes,-34.93,138.60,,,,,,,,,,,,,,,,,,,,,
Florence,Italy,"362,353",Infrastructure,City Wide,60.0,3.2,91%,109%,63.5,-11.9,49,EU,,43.77,11.26,,,,,,,,,,,,,,,,,,,,,
Florence,Italy,"362,353",Infrastructure,Best Area,63.2,1.1,91%,108%,64.3,-11.9,49,EU,,43.77,11.26,,,,,,,,,,,,,,,,,,,,,
Florence,Italy,"362,353",Balanced,City Wide,66.2,3.2,91%,109%,69.5,-11.9,49,EU,,43.77,11.26,,,,,,,,,,,,,,,,,,,,,
Florence,Italy,"362,353",Balanced,Best Area,69.4,0.6,91%,108%,70.0,-11.9,49,EU,,43.77,11.26,,,,,,,,,,,,,,,,,,,,,
Florence,Italy,"362,353",Destination,City Wide,71.9,3.2,91%,109%,75.1,-11.9,49,EU,,43.77,11.26,,,,,,,,,,,,,,,,,,,,,
Florence,Italy,"362,353",Destination,Best Area,75.1,0.1,91%,108%,75.2,-11.9,49,EU,,43.77,11.26,,,,,,,,,,,,,,,,,,,,,
Trondheim,Norway,"210,000",Infrastructure,City Wide,69.3,3.0,105%,95%,72.4,6.3,74,EU,,63.43,10.40,,,,,,,,,,,,,,,,,,,,,
Trondheim,Norway,"210,000",Infrastructure,Best Area,72.3,0.4,104%,96%,72.7,6.0,74,EU,,63.43,10.40,,,,,,,,,,,,,,,,,,,,,
Trondheim,Norway,"210,000",Balanced,City Wide,66.2,3.2,105%,95%,69.4,6.3,74,EU,,63.43,10.40,,,,,,,,,,,,,,,,,,,,,
Trondheim,Norway,"210,000",Balanced,Best Area,69.4,0.2,104%,96%,69.6,6.0,74,EU,,63.43,10.40,,,,,,,,,,,,,,,,,,,,,
Trondheim,Norway,"210,000",Destination,City Wide,63.0,3.3,105%,95%,66.3,6.3,74,EU,,63.43,10.40,,,,,,,,,,,,,,,,,,,,,
Trondheim,Norway,"210,000",Destination,Best Area,66.3,0.1,104%,96%,66.4,6.0,74,EU,,63.43,10.40,,,,,,,,,,,,,,,,,,,,,
Basel,Switzerland,"173,863",Infrastructure,City Wide,64.0,1.0,93%,106%,65.2,-8.7,73,EU,,47.56,7.59,,,,,,,,,,,,,,,,,,,,,
Basel,Switzerland,"173,863",Infrastructure,Best Area,65.0,0.4,94%,106%,65.4,-8.4,73,EU,,47.56,7.59,,,,,,,,,,,,,,,,,,,,,
Basel,Switzerland,"173,863",Balanced,City Wide,68.5,0.8,93%,106%,69.4,-8.7,73,EU,,47.56,7.59,,,,,,,,,,,,,,,,,,,,,
Basel,Switzerland,"173,863",Balanced,Best Area,69.3,0.4,94%,106%,69.7,-8.4,73,EU,,47.56,7.59,,,,,,,,,,,,,,,,,,,,,
Basel,Switzerland,"173,863",Destination,City Wide,72.7,0.7,93%,106%,73.6,-8.7,73,EU,,47.56,7.59,,,,,,,,,,,,,,,,,,,,,
Basel,Switzerland,"173,863",Destination,Best Area,73.4,0.5,94%,106%,73.9,-8.4,73,EU,,47.56,7.59,,,,,,,,,,,,,,,,,,,,,
Madison,WI,"275,568",Infrastructure,City Wide,65.1,6.3,103%,97%,71.6,3.6,63,NA,,43.07,-89.38,,,,,,,,,,,,,,,,,,,,,
Madison,WI,"275,568",Infrastructure,Best Area,71.4,1.4,103%,97%,72.8,4.3,63,NA,,43.07,-89.38,,,,,,,,,,,,,,,,,,,,,
Madison,WI,"275,568",Balanced,City Wide,63.3,6.0,103%,97%,69.6,3.6,63,NA,,43.07,-89.38,,,,,,,,,,,,,,,,,,,,,
Madison,WI,"275,568",Balanced,Best Area,69.3,1.2,103%,97%,70.5,4.3,63,NA,,43.07,-89.38,,,,,,,,,,,,,,,,,,,,,
Madison,WI,"275,568",Destination,City Wide,61.5,5.6,103%,97%,67.4,3.6,63,NA,,43.07,-89.38,,,,,,,,,,,,,,,,,,,,,
Madison,WI,"275,568",Destination,Best Area,67.1,1.1,103%,97%,68.2,4.3,63,NA,,43.07,-89.38,,,,,,,,,,,,,,,,,,,,,
Zagreb,Croatia,"784,297",Infrastructure,City Wide,45.2,17.2,92%,108%,62.5,-7.8,80,EU,,45.84,15.96,,,,,,,,,,,,,,,,,,,,,
Zagreb,Croatia,"784,297",Infrastructure,Best Area,62.4,0.5,90%,109%,62.9,-13.1,80,EU,,45.84,15.96,,,,,,,,,,,,,,,,,,,,,
Zagreb,Croatia,"784,297",Balanced,City Wide,49.1,20.1,92%,108%,69.4,-7.8,80,EU,,45.84,15.96,,,,,,,,,,,,,,,,,,,,,
Zagreb,Croatia,"784,297",Balanced,Best Area,69.2,0.5,90%,109%,69.7,-13.1,80,EU,,45.84,15.96,,,,,,,,,,,,,,,,,,,,,
Zagreb,Croatia,"784,297",Destination,City Wide,53.0,22.5,92%,108%,75.7,-7.8,80,EU,,45.84,15.96,,,,,,,,,,,,,,,,,,,,,
Zagreb,Croatia,"784,297",Destination,Best Area,75.5,0.4,90%,109%,75.9,-13.1,80,EU,,45.84,15.96,,,,,,,,,,,,,,,,,,,,,
Ljubljana,Slovenia,"300,354",Infrastructure,City Wide,61.0,8.6,101%,99%,69.6,1.0,69,EU,,46.05,14.51,,,,,,,,,,,,,,,,,,,,,
Ljubljana,Slovenia,"300,354",Infrastructure,Best Area,69.6,0.2,101%,99%,69.8,0.9,69,EU,,46.05,14.51,,,,,,,,,,,,,,,,,,,,,
Ljubljana,Slovenia,"300,354",Balanced,City Wide,60.5,8.6,101%,99%,69.2,1.0,69,EU,,46.05,14.51,,,,,,,,,,,,,,,,,,,,,
Ljubljana,Slovenia,"300,354",Balanced,Best Area,69.1,0.2,101%,99%,69.3,0.9,69,EU,,46.05,14.51,,,,,,,,,,,,,,,,,,,,,
Ljubljana,Slovenia,"300,354",Destination,City Wide,60.0,8.7,101%,99%,68.7,1.0,69,EU,,46.05,14.51,,,,,,,,,,,,,,,,,,,,,
Ljubljana,Slovenia,"300,354",Destination,Best Area,68.7,0.1,101%,99%,68.8,0.9,69,EU,,46.05,14.51,,,,,,,,,,,,,,,,,,,,,
Chicago,IL,"2,707,648",Infrastructure,City Wide,50.6,12.2,93%,107%,64.5,-7.3,59,NA,,41.88,-87.62,,,,,,,,,,,,,,,,,,,,,
Chicago,IL,"2,707,648",Infrastructure,Best Area,62.8,3.6,91%,108%,66.4,-12.1,59,NA,,41.88,-87.62,,,,,,,,,,,,,,,,,,,,,
Chicago,IL,"2,707,648",Balanced,City Wide,54.3,14.8,93%,107%,70.8,-7.3,59,NA,,41.88,-87.62,,,,,,,,,,,,,,,,,,,,,
Chicago,IL,"2,707,648",Balanced,Best Area,69.1,3.7,91%,108%,72.8,-12.1,59,NA,,41.88,-87.62,,,,,,,,,,,,,,,,,,,,,
Chicago,IL,"2,707,648",Destination,City Wide,57.9,17.0,93%,107%,76.5,-7.3,59,NA,,41.88,-87.62,,,,,,,,,,,,,,,,,,,,,
Chicago,IL,"2,707,648",Destination,Best Area,74.9,3.8,91%,108%,78.7,-12.1,59,NA,,41.88,-87.62,,,,,,,,,,,,,,,,,,,,,
Linz,Austria,"207,247",Infrastructure,City Wide,64.2,2.9,97%,103%,67.5,-3.5,76,EU,,48.31,14.29,,,,,,,,,,,,,,,,,,,,,
Linz,Austria,"207,247",Infrastructure,Best Area,67.1,0.9,97%,103%,68.0,-3.8,76,EU,,48.31,14.29,,,,,,,,,,,,,,,,,,,,,
Linz,Austria,"207,247",Balanced,City Wide,65.9,3.1,97%,103%,69.4,-3.5,76,EU,,48.31,14.29,,,,,,,,,,,,,,,,,,,,,
Linz,Austria,"207,247",Balanced,Best Area,69.0,0.8,97%,103%,69.8,-3.8,76,EU,,48.31,14.29,,,,,,,,,,,,,,,,,,,,,
Linz,Austria,"207,247",Destination,City Wide,67.7,3.2,97%,103%,71.2,-3.5,76,EU,,48.31,14.29,,,,,,,,,,,,,,,,,,,,,
Linz,Austria,"207,247",Destination,Best Area,70.9,0.9,97%,103%,71.8,-3.8,76,EU,,48.31,14.29,,,,,,,,,,,,,,,,,,,,,
Ottawa,ON,"1,067,088",Infrastructure,City Wide,42.4,25.0,100%,99%,72.1,0.4,83,NA,,45.42,-75.69,,,,,,,,,,,,,,,,,,,,,
Ottawa,ON,"1,067,088",Infrastructure,Best Area,67.4,7.0,98%,102%,74.4,-3.2,92,NA,,45.42,-75.69,,,,,,,,,,,,,,,,,,,,,
Ottawa,ON,"1,067,088",Balanced,City Wide,42.3,26.7,100%,99%,74.8,0.4,83,NA,,45.42,-75.69,,,,,,,,,,,,,,,,,,,,,
Ottawa,ON,"1,067,088",Balanced,Best Area,69.0,7.9,98%,102%,76.9,-3.2,92,NA,,45.42,-75.69,,,,,,,,,,,,,,,,,,,,,
Ottawa,ON,"1,067,088",Destination,City Wide,42.0,28.6,100%,99%,77.3,0.4,83,NA,,45.42,-75.69,,,,,,,,,,,,,,,,,,,,,
Ottawa,ON,"1,067,088",Destination,Best Area,70.6,8.7,98%,102%,79.3,-3.2,92,NA,,45.42,-75.69,,,,,,,,,,,,,,,,,,,,,
Katowice,Poland,"285,711",Infrastructure,City Wide,56.1,7.6,95%,105%,63.9,-6.1,87,EU,,50.21,19.01,,,,,,,,,,,,,,,,,,,,,
Katowice,Poland,"285,711",Infrastructure,Best Area,63.7,1.0,93%,107%,64.7,-9.9,87,EU,,50.21,19.01,,,,,,,,,,,,,,,,,,,,,
Katowice,Poland,"285,711",Balanced,City Wide,59.2,9.6,95%,105%,69.0,-6.1,87,EU,,50.21,19.01,,,,,,,,,,,,,,,,,,,,,
Katowice,Poland,"285,711",Balanced,Best Area,68.8,0.8,93%,107%,69.6,-9.9,87,EU,,50.21,19.01,,,,,,,,,,,,,,,,,,,,,
Katowice,Poland,"285,711",Destination,City Wide,62.2,11.4,95%,105%,73.8,-6.1,87,EU,,50.21,19.01,,,,,,,,,,,,,,,,,,,,,
Katowice,Poland,"285,711",Destination,Best Area,73.6,0.6,93%,107%,74.2,-9.9,87,EU,,50.21,19.01,,,,,,,,,,,,,,,,,,,,,
Mississauga,ON,"756,058",Infrastructure,City Wide,60.4,7.0,99%,101%,68.0,-0.8,87,NA,,43.59,-79.64,,,,,,,,,,,,,,,,,,,,,
Mississauga,ON,"756,058",Infrastructure,Best Area,67.4,3.6,98%,102%,71.0,-2.8,87,NA,,43.59,-79.64,,,,,,,,,,,,,,,,,,,,,
Mississauga,ON,"756,058",Balanced,City Wide,60.8,7.9,99%,101%,69.6,-0.8,87,NA,,43.59,-79.64,,,,,,,,,,,,,,,,,,,,,
Mississauga,ON,"756,058",Balanced,Best Area,68.7,5.1,98%,102%,73.8,-2.8,87,NA,,43.59,-79.64,,,,,,,,,,,,,,,,,,,,,
Mississauga,ON,"756,058",Destination,City Wide,61.2,9.0,99%,101%,70.7,-0.8,87,NA,,43.59,-79.64,,,,,,,,,,,,,,,,,,,,,
Mississauga,ON,"756,058",Destination,Best Area,70.2,6.7,98%,102%,76.9,-2.8,87,NA,,43.59,-79.64,,,,,,,,,,,,,,,,,,,,,
Nottingham,UK,"397,568",Infrastructure,City Wide,64.1,1.2,95%,105%,65.3,-7.0,87,EU,,52.95,-1.15,,,,,,,,,,,,,,,,,,,,,
Nottingham,UK,"397,568",Infrastructure,Best Area,65.3,0.2,95%,105%,65.5,-6.5,87,EU,,52.95,-1.15,,,,,,,,,,,,,,,,,,,,,
Nottingham,UK,"397,568",Balanced,City Wide,67.6,1.0,95%,105%,68.6,-7.0,87,EU,,52.95,-1.15,,,,,,,,,,,,,,,,,,,,,
Nottingham,UK,"397,568",Balanced,Best Area,68.6,0.3,95%,105%,68.9,-6.5,87,EU,,52.95,-1.15,,,,,,,,,,,,,,,,,,,,,
Nottingham,UK,"397,568",Destination,City Wide,71.1,0.7,95%,105%,71.8,-7.0,87,EU,,52.95,-1.15,,,,,,,,,,,,,,,,,,,,,
Nottingham,UK,"397,568",Destination,Best Area,71.8,0.4,95%,105%,72.2,-6.5,87,EU,,52.95,-1.15,,,,,,,,,,,,,,,,,,,,,
Stavanger,Norway,"140,000",Infrastructure,City Wide,59.1,14.2,106%,94%,74.3,6.6,96,EU,,58.97,5.73,,,,,,,,,,,,,,,,,,,,,
Stavanger,Norway,"140,000",Infrastructure,Best Area,73.3,1.9,107%,93%,75.2,9.7,96,EU,,58.97,5.73,,,,,,,,,,,,,,,,,,,,,
Stavanger,Norway,"140,000",Balanced,City Wide,55.8,12.8,106%,94%,69.3,6.6,96,EU,,58.97,5.73,,,,,,,,,,,,,,,,,,,,,
Stavanger,Norway,"140,000",Balanced,Best Area,68.6,1.5,107%,93%,70.1,9.7,96,EU,,58.97,5.73,,,,,,,,,,,,,,,,,,,,,
Stavanger,Norway,"140,000",Destination,City Wide,52.5,11.1,106%,94%,64.0,6.6,96,EU,,58.97,5.73,,,,,,,,,,,,,,,,,,,,,
Stavanger,Norway,"140,000",Destination,Best Area,63.6,1.0,107%,93%,64.6,9.7,96,EU,,58.97,5.73,,,,,,,,,,,,,,,,,,,,,
Curitiba,Brazil,"1,992,227",Infrastructure,City Wide,52.8,12.9,95%,105%,66.3,-5.1,65,Other,,-25.43,-49.27,,,,,,,,,,,,,,,,,,,,,
Curitiba,Brazil,"1,992,227",Infrastructure,Best Area,65.7,2.8,96%,104%,68.5,-5.7,65,Other,,-25.43,-49.27,,,,,,,,,,,,,,,,,,,,,
Curitiba,Brazil,"1,992,227",Balanced,City Wide,55.4,13.2,95%,105%,69.0,-5.1,65,Other,,-25.43,-49.27,,,,,,,,,,,,,,,,,,,,,
Curitiba,Brazil,"1,992,227",Balanced,Best Area,68.6,2.2,96%,104%,70.8,-5.7,65,Other,,-25.43,-49.27,,,,,,,,,,,,,,,,,,,,,
Curitiba,Brazil,"1,992,227",Destination,City Wide,57.9,13.5,95%,105%,71.8,-5.1,65,Other,,-25.43,-49.27,,,,,,,,,,,,,,,,,,,,,
Curitiba,Brazil,"1,992,227",Destination,Best Area,71.4,1.7,96%,104%,73.1,-5.7,65,Other,,-25.43,-49.27,,,,,,,,,,,,,,,,,,,,,
Mainz,Germany,"217,118",Infrastructure,City Wide,63.6,2.3,96%,103%,66.0,-4.7,87,EU,,50.00,8.27,,,,,,,,,,,,,,,,,,,,,
Mainz,Germany,"217,118",Infrastructure,Best Area,65.9,0.9,96%,104%,66.8,-5.2,87,EU,,50.00,8.27,,,,,,,,,,,,,,,,,,,,,
Mainz,Germany,"217,118",Balanced,City Wide,66.0,2.5,96%,103%,68.7,-4.7,87,EU,,50.00,8.27,,,,,,,,,,,,,,,,,,,,,
Mainz,Germany,"217,118",Balanced,Best Area,68.5,0.8,96%,104%,69.3,-5.2,87,EU,,50.00,8.27,,,,,,,,,,,,,,,,,,,,,
Mainz,Germany,"217,118",Destination,City Wide,68.3,2.8,96%,103%,71.2,-4.7,87,EU,,50.00,8.27,,,,,,,,,,,,,,,,,,,,,
Mainz,Germany,"217,118",Destination,Best Area,71.1,0.6,96%,104%,71.7,-5.2,87,EU,,50.00,8.27,,,,,,,,,,,,,,,,,,,,,
Nice,France,"340,000",Infrastructure,City Wide,49.6,11.1,88%,111%,60.8,-12.8,88,EU,,43.70,7.27,,,,,,,,,,,,,,,,,,,,,
Nice,France,"340,000",Infrastructure,Best Area,60.7,0.3,89%,110%,61.0,-14.9,88,EU,,43.70,7.27,,,,,,,,,,,,,,,,,,,,,
Nice,France,"340,000",Balanced,City Wide,56.4,12.1,88%,111%,68.6,-12.8,88,EU,,43.70,7.27,,,,,,,,,,,,,,,,,,,,,
Nice,France,"340,000",Balanced,Best Area,68.5,0.3,89%,110%,68.8,-14.9,88,EU,,43.70,7.27,,,,,,,,,,,,,,,,,,,,,
Nice,France,"340,000",Destination,City Wide,62.4,13.2,88%,111%,75.6,-12.8,88,EU,,43.70,7.27,,,,,,,,,,,,,,,,,,,,,
Nice,France,"340,000",Destination,Best Area,75.6,0.2,89%,110%,75.8,-14.9,88,EU,,43.70,7.27,,,,,,,,,,,,,,,,,,,,,
Leeds,UK,"818,511",Infrastructure,City Wide,47.0,18.2,96%,104%,66.1,-3.8,72,EU,,53.80,-1.54,,,,,,,,,,,,,,,,,,,,,
Leeds,UK,"818,511",Infrastructure,Best Area,65.2,2.1,96%,104%,67.3,-6.0,72,EU,,53.80,-1.54,,,,,,,,,,,,,,,,,,,,,
Leeds,UK,"818,511",Balanced,City Wide,49.0,19.2,96%,104%,68.9,-3.8,72,EU,,53.80,-1.54,,,,,,,,,,,,,,,,,,,,,
Leeds,UK,"818,511",Balanced,Best Area,68.2,2.2,96%,104%,70.4,-6.0,72,EU,,53.80,-1.54,,,,,,,,,,,,,,,,,,,,,
Leeds,UK,"818,511",Destination,City Wide,50.8,20.4,96%,104%,71.6,-3.8,72,EU,,53.80,-1.54,,,,,,,,,,,,,,,,,,,,,
Leeds,UK,"818,511",Destination,Best Area,71.2,2.4,96%,104%,73.6,-6.0,72,EU,,53.80,-1.54,,,,,,,,,,,,,,,,,,,,,
Bolzano,Italy,"111,709",Infrastructure,City Wide,67.5,1.9,101%,99%,69.5,1.8,77,EU,,46.50,11.35,,,,,,,,,,,,,,,,,,,,,
Bolzano,Italy,"111,709",Infrastructure,Best Area,69.4,0.3,102%,98%,69.7,2.5,77,EU,,46.50,11.35,,,,,,,,,,,,,,,,,,,,,
Bolzano,Italy,"111,709",Balanced,City Wide,66.6,1.5,101%,99%,68.2,1.8,77,EU,,46.50,11.35,,,,,,,,,,,,,,,,,,,,,
Bolzano,Italy,"111,709",Balanced,Best Area,68.1,0.3,102%,98%,68.4,2.5,77,EU,,46.50,11.35,,,,,,,,,,,,,,,,,,,,,
Bolzano,Italy,"111,709",Destination,City Wide,65.7,1.2,101%,99%,66.9,1.8,77,EU,,46.50,11.35,,,,,,,,,,,,,,,,,,,,,
Bolzano,Italy,"111,709",Destination,Best Area,66.9,0.1,102%,98%,67.0,2.5,77,EU,,46.50,11.35,,,,,,,,,,,,,,,,,,,,,
Bydgoszcz,Poland,"340,000",Infrastructure,City Wide,64.1,3.6,98%,102%,67.6,-2.0,76,EU,,53.13,18.03,,,,,,,,,,,,,,,,,,,,,
Bydgoszcz,Poland,"340,000",Infrastructure,Best Area,67.7,1.4,100%,101%,69.1,-0.8,76,EU,,53.13,18.03,,,,,,,,,,,,,,,,,,,,,
Bydgoszcz,Poland,"340,000",Balanced,City Wide,65.1,2.9,98%,102%,68.0,-2.0,76,EU,,53.13,18.03,,,,,,,,,,,,,,,,,,,,,
Bydgoszcz,Poland,"340,000",Balanced,Best Area,68.0,0.9,100%,101%,68.9,-0.8,76,EU,,53.13,18.03,,,,,,,,,,,,,,,,,,,,,
Bydgoszcz,Poland,"340,000",Destination,City Wide,66.1,2.4,98%,102%,68.5,-2.0,76,EU,,53.13,18.03,,,,,,,,,,,,,,,,,,,,,
Bydgoszcz,Poland,"340,000",Destination,Best Area,68.5,0.2,100%,101%,68.7,-0.8,76,EU,,53.13,18.03,,,,,,,,,,,,,,,,,,,,,
Bilbao,Spain,"346,843",Infrastructure,City Wide,56.4,2.6,86%,112%,59.2,-17.1,58,EU,,43.26,-2.94,,,,,,,,,,,,,,,,,,,,,
Bilbao,Spain,"346,843",Infrastructure,Best Area,59.0,1.9,87%,112%,60.9,-16.9,58,EU,,43.26,-2.94,,,,,,,,,,,,,,,,,,,,,
Bilbao,Spain,"346,843",Balanced,City Wide,65.5,2.4,86%,112%,68.0,-17.1,58,EU,,43.26,-2.94,,,,,,,,,,,,,,,,,,,,,
Bilbao,Spain,"346,843",Balanced,Best Area,67.9,1.5,87%,112%,69.4,-16.9,58,EU,,43.26,-2.94,,,,,,,,,,,,,,,,,,,,,
Bilbao,Spain,"346,843",Destination,City Wide,73.5,2.4,86%,112%,75.9,-17.1,58,EU,,43.26,-2.94,,,,,,,,,,,,,,,,,,,,,
Bilbao,Spain,"346,843",Destination,Best Area,75.9,1.1,87%,112%,77.0,-16.9,58,EU,,43.26,-2.94,,,,,,,,,,,,,,,,,,,,,
Tel Aviv,Israel,"495,230",Infrastructure,City Wide,64.5,0.6,96%,104%,65.2,-5.4,37,Other,,32.09,34.78,,,,,,,,,,,,,,,,,,,,,
Tel Aviv,Israel,"495,230",Infrastructure,Best Area,65.1,0.2,96%,104%,65.3,-5.5,37,Other,,32.09,34.78,,,,,,,,,,,,,,,,,,,,,
Tel Aviv,Israel,"495,230",Balanced,City Wide,67.2,0.6,96%,104%,67.9,-5.4,37,Other,,32.09,34.78,,,,,,,,,,,,,,,,,,,,,
Tel Aviv,Israel,"495,230",Balanced,Best Area,67.8,0.2,96%,104%,68.0,-5.5,37,Other,,32.09,34.78,,,,,,,,,,,,,,,,,,,,,
Tel Aviv,Israel,"495,230",Destination,City Wide,69.9,0.7,96%,104%,70.6,-5.4,37,Other,,32.09,34.78,,,,,,,,,,,,,,,,,,,,,
Tel Aviv,Israel,"495,230",Destination,Best Area,70.6,0.1,96%,104%,70.7,-5.5,37,Other,,32.09,34.78,,,,,,,,,,,,,,,,,,,,,
Boulder,CO,"106,274",Infrastructure,City Wide,69.7,1.7,105%,95%,71.4,6.8,85,NA,,40.01,-105.27,,,,,,,,,,,,,,,,,,,,,
Boulder,CO,"106,274",Infrastructure,Best Area,71.4,1.1,105%,94%,72.5,7.6,85,NA,,40.01,-105.27,,,,,,,,,,,,,,,,,,,,,
Boulder,CO,"106,274",Balanced,City Wide,66.4,1.3,105%,95%,67.7,6.8,85,NA,,40.01,-105.27,,,,,,,,,,,,,,,,,,,,,
Boulder,CO,"106,274",Balanced,Best Area,67.7,1.0,105%,94%,68.7,7.6,85,NA,,40.01,-105.27,,,,,,,,,,,,,,,,,,,,,
Boulder,CO,"106,274",Destination,City Wide,62.9,0.9,105%,95%,63.9,6.8,85,NA,,40.01,-105.27,,,,,,,,,,,,,,,,,,,,,
Boulder,CO,"106,274",Destination,Best Area,63.8,0.8,105%,94%,64.6,7.6,85,NA,,40.01,-105.27,,,,,,,,,,,,,,,,,,,,,
Prague,Czechia,"1,397,880",Infrastructure,City Wide,52.1,10.9,97%,103%,64.5,-3.5,84,EU,,50.09,14.43,,,,,,,,,,,,,,,,,,,,,
Prague,Czechia,"1,397,880",Infrastructure,Best Area,63.0,3.7,93%,107%,66.7,-9.7,84,EU,,50.09,14.43,,,,,,,,,,,,,,,,,,,,,
Prague,Czechia,"1,397,880",Balanced,City Wide,53.9,13.8,97%,103%,70.3,-3.5,84,EU,,50.09,14.43,,,,,,,,,,,,,,,,,,,,,
Prague,Czechia,"1,397,880",Balanced,Best Area,67.7,5.2,93%,107%,72.9,-9.7,84,EU,,50.09,14.43,,,,,,,,,,,,,,,,,,,,,
Prague,Czechia,"1,397,880",Destination,City Wide,55.6,17.1,97%,103%,75.9,-3.5,84,EU,,50.09,14.43,,,,,,,,,,,,,,,,,,,,,
Prague,Czechia,"1,397,880",Destination,Best Area,72.7,6.0,93%,107%,78.7,-9.7,84,EU,,50.09,14.43,,,,,,,,,,,,,,,,,,,,,
San Francisco,CA,"836,321",Infrastructure,City Wide,54.5,3.8,87%,111%,58.8,-14.9,64,NA,,37.79,-122.41,,,,,,,,,,,,,,,,,,,,,
San Francisco,CA,"836,321",Infrastructure,Best Area,58.3,1.9,86%,112%,60.2,-17.6,64,NA,,37.79,-122.41,,,,,,,,,,,,,,,,,,,,,
San Francisco,CA,"836,321",Balanced,City Wide,62.4,5.2,87%,111%,68.0,-14.9,64,NA,,37.79,-122.41,,,,,,,,,,,,,,,,,,,,,
San Francisco,CA,"836,321",Balanced,Best Area,67.6,1.2,86%,112%,68.8,-17.6,64,NA,,37.79,-122.41,,,,,,,,,,,,,,,,,,,,,
San Francisco,CA,"836,321",Destination,City Wide,69.4,6.5,87%,111%,76.1,-14.9,64,NA,,37.79,-122.41,,,,,,,,,,,,,,,,,,,,,
San Francisco,CA,"836,321",Destination,Best Area,75.9,1.5,86%,112%,77.4,-17.6,64,NA,,37.79,-122.41,,,,,,,,,,,,,,,,,,,,,
Aalborg Municipality,Denmark,"121,878",Infrastructure,City Wide,48.3,23.5,110%,90%,72.4,8.7,69,EU,,56.95,10.05,,,,,,,,,,,,,,,,,,,,,
Aalborg Municipality,Denmark,"121,878",Infrastructure,Best Area,71.8,1.5,106%,93%,73.3,8.6,91,EU,,56.95,10.05,,,,,,,,,,,,,,,,,,,,,
Aalborg Municipality,Denmark,"121,878",Balanced,City Wide,44.1,23.5,110%,90%,68.0,8.7,69,EU,,56.95,10.05,,,,,,,,,,,,,,,,,,,,,
Aalborg Municipality,Denmark,"121,878",Balanced,Best Area,67.6,1.1,106%,93%,68.7,8.6,91,EU,,56.95,10.05,,,,,,,,,,,,,,,,,,,,,
Aalborg Municipality,Denmark,"121,878",Destination,City Wide,39.6,23.6,110%,90%,63.4,8.7,69,EU,,56.95,10.05,,,,,,,,,,,,,,,,,,,,,
Aalborg Municipality,Denmark,"121,878",Destination,Best Area,63.2,0.6,106%,93%,63.8,8.6,91,EU,,56.95,10.05,,,,,,,,,,,,,,,,,,,,,
Chemnitz,Germany,"250,000",Infrastructure,City Wide,61.9,5.2,101%,99%,67.4,0.9,90,EU,,50.83,12.92,,,,,,,,,,,,,,,,,,,,,
Chemnitz,Germany,"250,000",Infrastructure,Best Area,67.1,0.7,99%,101%,67.8,-0.8,90,EU,,50.83,12.92,,,,,,,,,,,,,,,,,,,,,
Chemnitz,Germany,"250,000",Balanced,City Wide,61.5,6.0,101%,99%,67.8,0.9,90,EU,,50.83,12.92,,,,,,,,,,,,,,,,,,,,,
Chemnitz,Germany,"250,000",Balanced,Best Area,67.5,0.6,99%,101%,68.1,-0.8,90,EU,,50.83,12.92,,,,,,,,,,,,,,,,,,,,,
Chemnitz,Germany,"250,000",Destination,City Wide,61.0,6.9,101%,99%,68.2,0.9,90,EU,,50.83,12.92,,,,,,,,,,,,,,,,,,,,,
Chemnitz,Germany,"250,000",Destination,Best Area,67.9,0.5,99%,101%,68.4,-0.8,90,EU,,50.83,12.92,,,,,,,,,,,,,,,,,,,,,
Lublin,Poland,"340,000",Infrastructure,City Wide,64.2,1.8,98%,103%,66.2,-3.3,83,EU,,51.22,22.55,,,,,,,,,,,,,,,,,,,,,
Lublin,Poland,"340,000",Infrastructure,Best Area,66.0,1.3,98%,102%,67.3,-2.8,83,EU,,51.22,22.55,,,,,,,,,,,,,,,,,,,,,
Lublin,Poland,"340,000",Balanced,City Wide,65.8,1.6,98%,103%,67.6,-3.3,83,EU,,51.22,22.55,,,,,,,,,,,,,,,,,,,,,
Lublin,Poland,"340,000",Balanced,Best Area,67.4,0.8,98%,102%,68.2,-2.8,83,EU,,51.22,22.55,,,,,,,,,,,,,,,,,,,,,
Lublin,Poland,"340,000",Destination,City Wide,67.5,1.3,98%,103%,68.9,-3.3,83,EU,,51.22,22.55,,,,,,,,,,,,,,,,,,,,,
Lublin,Poland,"340,000",Destination,Best Area,68.8,0.8,98%,102%,69.6,-2.8,83,EU,,51.22,22.55,,,,,,,,,,,,,,,,,,,,,
Erfurt,Germany,"214,969",Infrastructure,City Wide,62.7,3.9,98%,102%,66.9,-2.1,90,EU,,50.98,11.03,,,,,,,,,,,,,,,,,,,,,
Erfurt,Germany,"214,969",Infrastructure,Best Area,66.6,0.7,99%,101%,67.3,-1.6,90,EU,,50.98,11.03,,,,,,,,,,,,,,,,,,,,,
Erfurt,Germany,"214,969",Balanced,City Wide,63.8,3.6,98%,102%,67.6,-2.1,90,EU,,50.98,11.03,,,,,,,,,,,,,,,,,,,,,
Erfurt,Germany,"214,969",Balanced,Best Area,67.4,0.4,99%,101%,67.8,-1.6,90,EU,,50.98,11.03,,,,,,,,,,,,,,,,,,,,,
Erfurt,Germany,"214,969",Destination,City Wide,64.8,3.4,98%,102%,68.3,-2.1,90,EU,,50.98,11.03,,,,,,,,,,,,,,,,,,,,,
Erfurt,Germany,"214,969",Destination,Best Area,68.2,0.1,99%,101%,68.3,-1.6,90,EU,,50.98,11.03,,,,,,,,,,,,,,,,,,,,,
Greater Sydney,NSW,"5,300,000",Infrastructure,City Wide,44.2,24.9,100%,98%,70.7,0.7,55,Other,,-33.87,151.21,,,,,,,,,,,,,,,,,,,,,
Greater Sydney,NSW,"5,300,000",Infrastructure,Best Area,69.1,6.7,103%,99%,75.8,2.6,80,Other,,-33.87,151.21,,,,,,,,,,,,,,,,,,,,,
Greater Sydney,NSW,"5,300,000",Balanced,City Wide,44.3,23.1,100%,98%,70.2,0.7,55,Other,,-33.87,151.21,,,,,,,,,,,,,,,,,,,,,
Greater Sydney,NSW,"5,300,000",Balanced,Best Area,67.4,6.0,103%,99%,73.4,2.6,80,Other,,-33.87,151.21,,,,,,,,,,,,,,,,,,,,,
Greater Sydney,NSW,"5,300,000",Destination,City Wide,43.5,23.0,100%,98%,67.3,0.7,55,Other,,-33.87,151.21,,,,,,,,,,,,,,,,,,,,,
Greater Sydney,NSW,"5,300,000",Destination,Best Area,66.5,12.9,103%,99%,79.4,2.6,80,Other,,-33.87,151.21,,,,,,,,,,,,,,,,,,,,,
Kitchener,ON,"338,883",Infrastructure,City Wide,62.6,4.8,101%,98%,67.7,1.9,86,NA,,43.45,-80.49,,,,,,,,,,,,,,,,,,,,,
Kitchener,ON,"338,883",Infrastructure,Best Area,67.4,0.6,100%,100%,68.0,0.6,86,NA,,43.45,-80.49,,,,,,,,,,,,,,,,,,,,,
Kitchener,ON,"338,883",Balanced,City Wide,61.7,5.4,101%,98%,67.4,1.9,86,NA,,43.45,-80.49,,,,,,,,,,,,,,,,,,,,,
Kitchener,ON,"338,883",Balanced,Best Area,67.1,0.6,100%,100%,67.7,0.6,86,NA,,43.45,-80.49,,,,,,,,,,,,,,,,,,,,,
Kitchener,ON,"338,883",Destination,City Wide,60.7,6.1,101%,98%,67.1,1.9,86,NA,,43.45,-80.49,,,,,,,,,,,,,,,,,,,,,
Kitchener,ON,"338,883",Destination,Best Area,66.8,0.5,100%,100%,67.3,0.6,86,NA,,43.45,-80.49,,,,,,,,,,,,,,,,,,,,,
Des Moines,IA,"212,464",Infrastructure,City Wide,57.5,13.1,107%,93%,72.4,7.7,38,NA,,41.59,-93.62,,,,,,,,,,,,,,,,,,,,,
Des Moines,IA,"212,464",Infrastructure,Best Area,70.6,5.0,106%,94%,75.6,7.6,39,NA,,41.59,-93.62,,,,,,,,,,,,,,,,,,,,,
Des Moines,IA,"212,464",Balanced,City Wide,53.7,13.2,107%,93%,68.4,7.7,38,NA,,41.59,-93.62,,,,,,,,,,,,,,,,,,,,,
Des Moines,IA,"212,464",Balanced,Best Area,66.9,4.6,106%,94%,71.5,7.6,39,NA,,41.59,-93.62,,,,,,,,,,,,,,,,,,,,,
Des Moines,IA,"212,464",Destination,City Wide,49.8,13.2,107%,93%,64.2,7.7,38,NA,,41.59,-93.62,,,,,,,,,,,,,,,,,,,,,
Des Moines,IA,"212,464",Destination,Best Area,63.0,4.1,106%,94%,67.1,7.6,39,NA,,41.59,-93.62,,,,,,,,,,,,,,,,,,,,,
Liege,Belgium,"195,278",Infrastructure,City Wide,62.6,2.9,97%,103%,65.9,-4.1,82,EU,,50.65,5.57,,,,,,,,,,,,,,,,,,,,,
Liege,Belgium,"195,278",Infrastructure,Best Area,65.5,1.0,98%,102%,66.5,-2.5,82,EU,,50.65,5.57,,,,,,,,,,,,,,,,,,,,,
Liege,Belgium,"195,278",Balanced,City Wide,64.6,2.2,97%,103%,67.0,-4.1,82,EU,,50.65,5.57,,,,,,,,,,,,,,,,,,,,,
Liege,Belgium,"195,278",Balanced,Best Area,66.8,0.5,98%,102%,67.3,-2.5,82,EU,,50.65,5.57,,,,,,,,,,,,,,,,,,,,,
Liege,Belgium,"195,278",Destination,City Wide,66.7,1.3,97%,103%,68.1,-4.1,82,EU,,50.65,5.57,,,,,,,,,,,,,,,,,,,,,
Liege,Belgium,"195,278",Destination,Best Area,68.0,0.3,98%,102%,68.3,-2.5,82,EU,,50.65,5.57,,,,,,,,,,,,,,,,,,,,,
Belgrade,Serbia,"1,197,114",Infrastructure,City Wide,33.2,25.5,86%,112%,58.9,-10.1,87,EU,,44.82,20.45,,,,,,,,,,,,,,,,,,,,,
Belgrade,Serbia,"1,197,114",Infrastructure,Best Area,58.7,0.5,88%,111%,59.2,-15.1,87,EU,,44.82,20.45,,,,,,,,,,,,,,,,,,,,,
Belgrade,Serbia,"1,197,114",Balanced,City Wide,38.6,28.1,86%,112%,67.3,-10.1,87,EU,,44.82,20.45,,,,,,,,,,,,,,,,,,,,,
Belgrade,Serbia,"1,197,114",Balanced,Best Area,66.7,0.8,88%,111%,67.5,-15.1,87,EU,,44.82,20.45,,,,,,,,,,,,,,,,,,,,,
Belgrade,Serbia,"1,197,114",Destination,City Wide,43.3,30.5,86%,112%,74.9,-10.1,87,EU,,44.82,20.45,,,,,,,,,,,,,,,,,,,,,
Belgrade,Serbia,"1,197,114",Destination,Best Area,73.8,1.6,88%,111%,75.4,-15.1,87,EU,,44.82,20.45,,,,,,,,,,,,,,,,,,,,,
Vasteras,Sweden,"130,000",Infrastructure,City Wide,63.4,10.6,111%,88%,74.1,13.5,92,EU,,59.62,16.58,,,,,,,,,,,,,,,,,,,,,
Vasteras,Sweden,"130,000",Infrastructure,Best Area,74.0,0.3,111%,87%,74.3,16.1,92,EU,,59.62,16.58,,,,,,,,,,,,,,,,,,,,,
Vasteras,Sweden,"130,000",Balanced,City Wide,57.0,9.4,111%,88%,66.5,13.5,92,EU,,59.62,16.58,,,,,,,,,,,,,,,,,,,,,
Vasteras,Sweden,"130,000",Balanced,Best Area,66.4,0.3,111%,87%,66.7,16.1,92,EU,,59.62,16.58,,,,,,,,,,,,,,,,,,,,,
Vasteras,Sweden,"130,000",Destination,City Wide,49.9,8.0,111%,88%,58.0,13.5,92,EU,,59.62,16.58,,,,,,,,,,,,,,,,,,,,,
Vasteras,Sweden,"130,000",Destination,Best Area,57.9,0.2,111%,87%,58.1,16.1,92,EU,,59.62,16.58,,,,,,,,,,,,,,,,,,,,,
Innsbruck,Austria,"132,188",Infrastructure,City Wide,59.5,1.1,91%,108%,60.7,-10.8,94,EU,,47.27,11.39,,,,,,,,,,,,,,,,,,,,,
Innsbruck,Austria,"132,188",Infrastructure,Best Area,60.6,0.1,91%,108%,60.7,-11.2,94,EU,,47.27,11.39,,,,,,,,,,,,,,,,,,,,,
Innsbruck,Austria,"132,188",Balanced,City Wide,65.1,1.2,91%,108%,66.4,-10.8,94,EU,,47.27,11.39,,,,,,,,,,,,,,,,,,,,,
Innsbruck,Austria,"132,188",Balanced,Best Area,66.3,0.4,91%,108%,66.7,-11.2,94,EU,,47.27,11.39,,,,,,,,,,,,,,,,,,,,,
Innsbruck,Austria,"132,188",Destination,City Wide,70.3,1.5,91%,108%,72.0,-10.8,94,EU,,47.27,11.39,,,,,,,,,,,,,,,,,,,,,
Innsbruck,Austria,"132,188",Destination,Best Area,71.8,0.4,91%,108%,72.2,-11.2,94,EU,,47.27,11.39,,,,,,,,,,,,,,,,,,,,,
Wiesbaden,Germany,"283,083",Infrastructure,City Wide,52.3,11.4,96%,104%,65.2,-4.5,83,EU,,50.08,8.24,,,,,,,,,,,,,,,,,,,,,
Wiesbaden,Germany,"283,083",Infrastructure,Best Area,63.7,3.5,96%,104%,67.2,-5.2,83,EU,,50.08,8.24,,,,,,,,,,,,,,,,,,,,,
Wiesbaden,Germany,"283,083",Balanced,City Wide,54.6,11.7,96%,104%,67.6,-4.5,83,EU,,50.08,8.24,,,,,,,,,,,,,,,,,,,,,
Wiesbaden,Germany,"283,083",Balanced,Best Area,66.3,3.4,96%,104%,69.7,-5.2,83,EU,,50.08,8.24,,,,,,,,,,,,,,,,,,,,,
Wiesbaden,Germany,"283,083",Destination,City Wide,56.8,12.1,96%,104%,69.8,-4.5,83,EU,,50.08,8.24,,,,,,,,,,,,,,,,,,,,,
Wiesbaden,Germany,"283,083",Destination,Best Area,68.9,4.3,96%,104%,73.2,-5.2,83,EU,,50.08,8.24,,,,,,,,,,,,,,,,,,,,,
Bern,Switzerland,"146,348",Infrastructure,City Wide,56.9,3.1,92%,108%,60.2,-10.0,73,EU,,46.95,7.45,,,,,,,,,,,,,,,,,,,,,
Bern,Switzerland,"146,348",Infrastructure,Best Area,60.0,0.5,91%,108%,60.5,-11.7,73,EU,,46.95,7.45,,,,,,,,,,,,,,,,,,,,,
Bern,Switzerland,"146,348",Balanced,City Wide,62.1,4.0,92%,108%,66.4,-10.0,73,EU,,46.95,7.45,,,,,,,,,,,,,,,,,,,,,
Bern,Switzerland,"146,348",Balanced,Best Area,66.1,0.5,91%,108%,66.6,-11.7,73,EU,,46.95,7.45,,,,,,,,,,,,,,,,,,,,,
Bern,Switzerland,"146,348",Destination,City Wide,66.9,4.8,92%,108%,72.0,-10.0,73,EU,,46.95,7.45,,,,,,,,,,,,,,,,,,,,,
Bern,Switzerland,"146,348",Destination,Best Area,71.7,0.5,91%,108%,72.2,-11.7,73,EU,,46.95,7.45,,,,,,,,,,,,,,,,,,,,,
Lausanne,Switzerland,"140,202",Infrastructure,City Wide,51.4,11.3,96%,103%,62.9,-3.6,75,EU,,46.52,6.63,,,,,,,,,,,,,,,,,,,,,
Lausanne,Switzerland,"140,202",Infrastructure,Best Area,62.7,0.3,95%,105%,63.0,-6.6,75,EU,,46.52,6.63,,,,,,,,,,,,,,,,,,,,,
Lausanne,Switzerland,"140,202",Balanced,City Wide,53.3,12.8,96%,103%,66.3,-3.6,75,EU,,46.52,6.63,,,,,,,,,,,,,,,,,,,,,
Lausanne,Switzerland,"140,202",Balanced,Best Area,66.1,0.3,95%,105%,66.4,-6.6,75,EU,,46.52,6.63,,,,,,,,,,,,,,,,,,,,,
Lausanne,Switzerland,"140,202",Destination,City Wide,55.0,14.3,96%,103%,69.5,-3.6,75,EU,,46.52,6.63,,,,,,,,,,,,,,,,,,,,,
Lausanne,Switzerland,"140,202",Destination,Best Area,69.3,0.3,95%,105%,69.6,-6.6,75,EU,,46.52,6.63,,,,,,,,,,,,,,,,,,,,,
Luxembourg City,Luxembourg,"137,696",Infrastructure,City Wide,63.6,0.8,98%,102%,64.7,-3.2,96,EU,,49.61,6.13,,,,,,,,,,,,,,,,,,,,,
Luxembourg City,Luxembourg,"137,696",Infrastructure,Best Area,64.4,0.5,98%,102%,64.9,-2.9,96,EU,,49.61,6.13,,,,,,,,,,,,,,,,,,,,,
Luxembourg City,Luxembourg,"137,696",Balanced,City Wide,65.2,0.6,98%,102%,66.0,-3.2,96,EU,,49.61,6.13,,,,,,,,,,,,,,,,,,,,,
Luxembourg City,Luxembourg,"137,696",Balanced,Best Area,65.8,0.4,98%,102%,66.2,-2.9,96,EU,,49.61,6.13,,,,,,,,,,,,,,,,,,,,,
Luxembourg City,Luxembourg,"137,696",Destination,City Wide,66.8,0.5,98%,102%,67.4,-3.2,96,EU,,49.61,6.13,,,,,,,,,,,,,,,,,,,,,
Luxembourg City,Luxembourg,"137,696",Destination,Best Area,67.3,0.1,98%,102%,67.4,-2.9,96,EU,,49.61,6.13,,,,,,,,,,,,,,,,,,,,,
Shibuya (Tokyo),Japan,"231,976",Infrastructure,City Wide,49.5,4.3,79%,117%,54.2,-24.0,48,Other,Yes,35.66,139.70,,,,,,,,,,,,,,,,,,,,,
Shibuya (Tokyo),Japan,"231,976",Infrastructure,Best Area,53.8,1.3,82%,115%,55.1,-22.0,48,Other,Yes,35.66,139.70,,,,,,,,,,,,,,,,,,,,,
Shibuya (Tokyo),Japan,"231,976",Balanced,City Wide,62.6,3.1,79%,117%,66.1,-24.0,48,Other,Yes,35.66,139.70,,,,,,,,,,,,,,,,,,,,,
Shibuya (Tokyo),Japan,"231,976",Balanced,Best Area,65.7,0.8,82%,115%,66.5,-22.0,48,Other,Yes,35.66,139.70,,,,,,,,,,,,,,,,,,,,,
Shibuya (Tokyo),Japan,"231,976",Destination,City Wide,73.5,2.3,79%,117%,76.3,-24.0,48,Other,Yes,35.66,139.70,,,,,,,,,,,,,,,,,,,,,
Shibuya (Tokyo),Japan,"231,976",Destination,Best Area,75.8,0.5,82%,115%,76.3,-22.0,48,Other,Yes,35.66,139.70,,,,,,,,,,,,,,,,,,,,,
West Des Moines,IA,"69,893",Infrastructure,City Wide,65.9,4.0,107%,93%,70.2,8.8,41,NA,,41.56,-93.76,,,,,,,,,,,,,,,,,,,,,
West Des Moines,IA,"69,893",Infrastructure,Best Area,69.9,2.2,107%,93%,72.1,8.6,41,NA,,41.56,-93.76,,,,,,,,,,,,,,,,,,,,,
West Des Moines,IA,"69,893",Balanced,City Wide,61.7,3.9,107%,93%,66.1,8.8,41,NA,,41.56,-93.76,,,,,,,,,,,,,,,,,,,,,
West Des Moines,IA,"69,893",Balanced,Best Area,65.6,2.4,107%,93%,68.0,8.6,41,NA,,41.56,-93.76,,,,,,,,,,,,,,,,,,,,,
West Des Moines,IA,"69,893",Destination,City Wide,57.1,4.2,107%,93%,62.2,8.8,41,NA,,41.56,-93.76,,,,,,,,,,,,,,,,,,,,,
West Des Moines,IA,"69,893",Destination,Best Area,61.3,2.3,107%,93%,63.6,8.6,41,NA,,41.56,-93.76,,,,,,,,,,,,,,,,,,,,,
Milwaukee,WI,"569,756",Infrastructure,City Wide,54.3,10.0,99%,101%,65.3,-1.1,86,NA,,43.04,-87.91,,,,,,,,,,,,,,,,,,,,,
Milwaukee,WI,"569,756",Infrastructure,Best Area,64.3,2.7,98%,102%,67.0,-2.5,86,NA,,43.04,-87.91,,,,,,,,,,,,,,,,,,,,,
Milwaukee,WI,"569,756",Balanced,City Wide,54.8,10.8,99%,101%,66.1,-1.1,86,NA,,43.04,-87.91,,,,,,,,,,,,,,,,,,,,,
Milwaukee,WI,"569,756",Balanced,Best Area,65.6,2.2,98%,102%,67.8,-2.5,86,NA,,43.04,-87.91,,,,,,,,,,,,,,,,,,,,,
Milwaukee,WI,"569,756",Destination,City Wide,55.4,11.4,99%,101%,67.2,-1.1,86,NA,,43.04,-87.91,,,,,,,,,,,,,,,,,,,,,
Milwaukee,WI,"569,756",Destination,Best Area,66.8,2.0,98%,102%,68.8,-2.5,86,NA,,43.04,-87.91,,,,,,,,,,,,,,,,,,,,,
Fort Collins,CO,"169,705",Infrastructure,City Wide,68.1,2.0,107%,93%,70.2,8.9,69,NA,,40.59,-105.08,,,,,,,,,,,,,,,,,,,,,
Fort Collins,CO,"169,705",Infrastructure,Best Area,70.1,0.9,107%,93%,71.0,9.5,69,NA,,40.59,-105.08,,,,,,,,,,,,,,,,,,,,,
Fort Collins,CO,"169,705",Balanced,City Wide,63.8,1.7,107%,93%,65.7,8.9,69,NA,,40.59,-105.08,,,,,,,,,,,,,,,,,,,,,
Fort Collins,CO,"169,705",Balanced,Best Area,65.5,0.9,107%,93%,66.4,9.5,69,NA,,40.59,-105.08,,,,,,,,,,,,,,,,,,,,,
Fort Collins,CO,"169,705",Destination,City Wide,59.2,1.4,107%,93%,60.7,8.9,69,NA,,40.59,-105.08,,,,,,,,,,,,,,,,,,,,,
Fort Collins,CO,"169,705",Destination,Best Area,60.6,0.8,107%,93%,61.4,9.5,69,NA,,40.59,-105.08,,,,,,,,,,,,,,,,,,,,,
Irvine,CA,"308,160",Infrastructure,City Wide,68.8,2.0,110%,90%,70.9,12.5,73,NA,,33.69,-117.83,,,,,,,,,,,,,,,,,,,,,
Irvine,CA,"308,160",Infrastructure,Best Area,70.8,0.6,108%,91%,71.4,11.2,73,NA,,33.69,-117.83,,,,,,,,,,,,,,,,,,,,,
Irvine,CA,"308,160",Balanced,City Wide,62.8,2.5,110%,90%,65.5,12.5,73,NA,,33.69,-117.83,,,,,,,,,,,,,,,,,,,,,
Irvine,CA,"308,160",Balanced,Best Area,65.3,0.5,108%,91%,65.8,11.2,73,NA,,33.69,-117.83,,,,,,,,,,,,,,,,,,,,,
Irvine,CA,"308,160",Destination,City Wide,56.3,3.3,110%,90%,59.9,12.5,73,NA,,33.69,-117.83,,,,,,,,,,,,,,,,,,,,,
Irvine,CA,"308,160",Destination,Best Area,59.6,0.7,108%,91%,60.3,11.2,73,NA,,33.69,-117.83,,,,,,,,,,,,,,,,,,,,,
Riga,Latvia,"591,882",Infrastructure,City Wide,52.8,6.7,97%,103%,60.2,-3.8,92,EU,,56.95,24.11,,,,,,,,,,,,,,,,,,,,,
Riga,Latvia,"591,882",Infrastructure,Best Area,59.5,3.2,91%,109%,62.7,-11.4,92,EU,,56.95,24.11,,,,,,,,,,,,,,,,,,,,,
Riga,Latvia,"591,882",Balanced,City Wide,54.7,10.6,97%,103%,66.7,-3.8,92,EU,,56.95,24.11,,,,,,,,,,,,,,,,,,,,,
Riga,Latvia,"591,882",Balanced,Best Area,65.3,3.1,91%,109%,68.4,-11.4,92,EU,,56.95,24.11,,,,,,,,,,,,,,,,,,,,,
Riga,Latvia,"591,882",Destination,City Wide,56.6,14.3,97%,103%,72.7,-3.8,92,EU,,56.95,24.11,,,,,,,,,,,,,,,,,,,,,
Riga,Latvia,"591,882",Destination,Best Area,70.9,2.8,91%,109%,73.7,-11.4,92,EU,,56.95,24.11,,,,,,,,,,,,,,,,,,,,,
Vitoria-Gasteiz,Spain,"257,407",Infrastructure,City Wide,52.1,11.5,99%,100%,63.6,-0.6,43,EU,,42.85,-2.67,,,,,,,,,,,,,,,,,,,,,
Vitoria-Gasteiz,Spain,"257,407",Infrastructure,Best Area,63.6,1.8,97%,103%,65.4,-3.4,43,EU,,42.85,-2.67,,,,,,,,,,,,,,,,,,,,,
Vitoria-Gasteiz,Spain,"257,407",Balanced,City Wide,52.5,12.8,99%,100%,65.4,-0.6,43,EU,,42.85,-2.67,,,,,,,,,,,,,,,,,,,,,
Vitoria-Gasteiz,Spain,"257,407",Balanced,Best Area,65.3,1.6,97%,103%,66.9,-3.4,43,EU,,42.85,-2.67,,,,,,,,,,,,,,,,,,,,,
Vitoria-Gasteiz,Spain,"257,407",Destination,City Wide,52.7,14.3,99%,100%,67.1,-0.6,43,EU,,42.85,-2.67,,,,,,,,,,,,,,,,,,,,,
Vitoria-Gasteiz,Spain,"257,407",Destination,Best Area,67.0,1.4,97%,103%,68.4,-3.4,43,EU,,42.85,-2.67,,,,,,,,,,,,,,,,,,,,,
Rouen,France,"114,083",Infrastructure,City Wide,60.1,0.7,93%,107%,61.0,-8.7,80,EU,,49.44,1.09,,,,,,,,,,,,,,,,,,,,,
Rouen,France,"114,083",Infrastructure,Best Area,60.8,0.3,93%,106%,61.1,-8.5,80,EU,,49.44,1.09,,,,,,,,,,,,,,,,,,,,,
Rouen,France,"114,083",Balanced,City Wide,64.6,0.6,93%,107%,65.3,-8.7,80,EU,,49.44,1.09,,,,,,,,,,,,,,,,,,,,,
Rouen,France,"114,083",Balanced,Best Area,65.2,0.1,93%,106%,65.3,-8.5,80,EU,,49.44,1.09,,,,,,,,,,,,,,,,,,,,,
Rouen,France,"114,083",Destination,City Wide,68.8,0.5,93%,107%,69.3,-8.7,80,EU,,49.44,1.09,,,,,,,,,,,,,,,,,,,,,
Rouen,France,"114,083",Destination,Best Area,69.3,0.1,93%,106%,69.4,-8.5,80,EU,,49.44,1.09,,,,,,,,,,,,,,,,,,,,,
Quebec City,QC,"584,295",Infrastructure,City Wide,56.5,8.5,101%,99%,65.9,1.2,74,NA,,46.81,-71.21,,,,,,,,,,,,,,,,,,,,,
Quebec City,QC,"584,295",Infrastructure,Best Area,65.0,1.4,100%,101%,66.4,-0.6,74,NA,,46.81,-71.21,,,,,,,,,,,,,,,,,,,,,
Quebec City,QC,"584,295",Balanced,City Wide,55.9,9.3,101%,99%,66.0,1.2,74,NA,,46.81,-71.21,,,,,,,,,,,,,,,,,,,,,
Quebec City,QC,"584,295",Balanced,Best Area,65.2,1.5,100%,101%,66.7,-0.6,74,NA,,46.81,-71.21,,,,,,,,,,,,,,,,,,,,,
Quebec City,QC,"584,295",Destination,City Wide,55.3,10.3,101%,99%,66.2,1.2,74,NA,,46.81,-71.21,,,,,,,,,,,,,,,,,,,,,
Quebec City,QC,"584,295",Destination,Best Area,65.6,1.3,100%,101%,66.9,-0.6,74,NA,,46.81,-71.21,,,,,,,,,,,,,,,,,,,,,
Milton Keynes,United Kingdom,"299,880",Infrastructure,City Wide,67.4,0.3,104%,96%,67.7,5.3,76,EU,,52.04,-0.76,,,,,,,,,,,,,,,,,,,,,
Milton Keynes,United Kingdom,"299,880",Infrastructure,Best Area,67.7,0.3,104%,96%,68.0,5.4,76,EU,,52.04,-0.76,,,,,,,,,,,,,,,,,,,,,
Milton Keynes,United Kingdom,"299,880",Balanced,City Wide,64.8,0.2,104%,96%,65.0,5.3,76,EU,,52.04,-0.76,,,,,,,,,,,,,,,,,,,,,
Milton Keynes,United Kingdom,"299,880",Balanced,Best Area,65.0,0.1,104%,96%,65.1,5.4,76,EU,,52.04,-0.76,,,,,,,,,,,,,,,,,,,,,
Milton Keynes,United Kingdom,"299,880",Destination,City Wide,62.1,0.2,104%,96%,62.3,5.3,76,EU,,52.04,-0.76,,,,,,,,,,,,,,,,,,,,,
Milton Keynes,United Kingdom,"299,880",Destination,Best Area,62.3,0.0,104%,96%,62.3,5.4,76,EU,,52.04,-0.76,,,,,,,,,,,,,,,,,,,,,
Greater Adelaide,SA,"1,381,804",Infrastructure,City Wide,47.6,18.1,104%,95%,67.5,4.1,55,Other,,-34.93,138.60,,,,,,,,,,,,,,,,,,,,,
Greater Adelaide,SA,"1,381,804",Infrastructure,Best Area,65.7,4.2,101%,100%,69.9,1.0,71,Other,,-34.93,138.60,,,,,,,,,,,,,,,,,,,,,
Greater Adelaide,SA,"1,381,804",Balanced,City Wide,45.6,19.4,104%,95%,67.6,4.1,55,Other,,-34.93,138.60,,,,,,,,,,,,,,,,,,,,,
Greater Adelaide,SA,"1,381,804",Balanced,Best Area,65.0,4.3,101%,100%,69.3,1.0,71,Other,,-34.93,138.60,,,,,,,,,,,,,,,,,,,,,
Greater Adelaide,SA,"1,381,804",Destination,City Wide,43.5,21.2,104%,95%,67.9,4.1,55,Other,,-34.93,138.60,,,,,,,,,,,,,,,,,,,,,
Greater Adelaide,SA,"1,381,804",Destination,Best Area,64.7,5.0,101%,100%,69.7,1.0,71,Other,,-34.93,138.60,,,,,,,,,,,,,,,,,,,,,
Tokyo,Japan,"14,000,000",Infrastructure,City Wide,49.4,7.4,84%,113%,58.3,-17.3,47,Other,,35.68,139.76,,,,,,,,,,,,,,,,,,,,,
Tokyo,Japan,"14,000,000",Infrastructure,Best Area,56.8,4.6,88%,113%,61.4,-16.6,47,Other,,35.68,139.76,,,,,,,,,,,,,,,,,,,,,
Tokyo,Japan,"14,000,000",Balanced,City Wide,58.8,6.1,84%,113%,65.2,-17.3,47,Other,,35.68,139.76,,,,,,,,,,,,,,,,,,,,,
Tokyo,Japan,"14,000,000",Balanced,Best Area,64.9,1.9,88%,113%,66.8,-16.6,47,Other,,35.68,139.76,,,,,,,,,,,,,,,,,,,,,
Tokyo,Japan,"14,000,000",Destination,City Wide,66.7,6.7,84%,113%,74.6,-17.3,47,Other,,35.68,139.76,,,,,,,,,,,,,,,,,,,,,
Tokyo,Japan,"14,000,000",Destination,Best Area,73.4,2.4,88%,113%,75.8,-16.6,47,Other,,35.68,139.76,,,,,,,,,,,,,,,,,,,,,
Winterthur,Switzerland,"120,000",Infrastructure,City Wide,63.1,1.3,99%,101%,64.5,-1.4,89,EU,,47.50,8.73,,,,,,,,,,,,,,,,,,,,,
Winterthur,Switzerland,"120,000",Infrastructure,Best Area,64.4,0.4,99%,101%,64.8,-0.9,89,EU,,47.50,8.73,,,,,,,,,,,,,,,,,,,,,
Winterthur,Switzerland,"120,000",Balanced,City Wide,63.8,1.0,99%,101%,64.9,-1.4,89,EU,,47.50,8.73,,,,,,,,,,,,,,,,,,,,,
Winterthur,Switzerland,"120,000",Balanced,Best Area,64.8,0.2,99%,101%,65.0,-0.9,89,EU,,47.50,8.73,,,,,,,,,,,,,,,,,,,,,
Winterthur,Switzerland,"120,000",Destination,City Wide,64.5,0.8,99%,101%,65.3,-1.4,89,EU,,47.50,8.73,,,,,,,,,,,,,,,,,,,,,
Winterthur,Switzerland,"120,000",Destination,Best Area,65.3,0.2,99%,101%,65.5,-0.9,89,EU,,47.50,8.73,,,,,,,,,,,,,,,,,,,,,
Dijon,France,"161,830",Infrastructure,City Wide,58.9,2.5,94%,106%,61.8,-7.1,85,EU,,47.32,5.04,,,,,,,,,,,,,,,,,,,,,
Dijon,France,"161,830",Infrastructure,Best Area,61.4,0.6,95%,105%,62.0,-6.8,85,EU,,47.32,5.04,,,,,,,,,,,,,,,,,,,,,
Dijon,France,"161,830",Balanced,City Wide,62.5,2.3,94%,106%,65.0,-7.1,85,EU,,47.32,5.04,,,,,,,,,,,,,,,,,,,,,
Dijon,France,"161,830",Balanced,Best Area,64.8,0.8,95%,105%,65.6,-6.8,85,EU,,47.32,5.04,,,,,,,,,,,,,,,,,,,,,
Dijon,France,"161,830",Destination,City Wide,66.0,2.2,94%,106%,68.4,-7.1,85,EU,,47.32,5.04,,,,,,,,,,,,,,,,,,,,,
Dijon,France,"161,830",Destination,Best Area,68.2,0.7,95%,105%,68.9,-6.8,85,EU,,47.32,5.04,,,,,,,,,,,,,,,,,,,,,
Málaga,Spain,"580,000",Infrastructure,City Wide,51.5,8.3,93%,106%,60.0,-7.1,75,EU,,36.76,-4.44,,,,,,,,,,,,,,,,,,,,,
Málaga,Spain,"580,000",Infrastructure,Best Area,59.8,0.4,92%,107%,60.2,-9.7,75,EU,,36.76,-4.44,,,,,,,,,,,,,,,,,,,,,
Málaga,Spain,"580,000",Balanced,City Wide,55.2,9.6,93%,106%,64.8,-7.1,75,EU,,36.76,-4.44,,,,,,,,,,,,,,,,,,,,,
Málaga,Spain,"580,000",Balanced,Best Area,64.8,0.2,92%,107%,65.0,-9.7,75,EU,,36.76,-4.44,,,,,,,,,,,,,,,,,,,,,
Málaga,Spain,"580,000",Destination,City Wide,58.6,10.9,93%,106%,69.6,-7.1,75,EU,,36.76,-4.44,,,,,,,,,,,,,,,,,,,,,
Málaga,Spain,"580,000",Destination,Best Area,69.5,0.6,92%,107%,70.1,-9.7,75,EU,,36.76,-4.44,,,,,,,,,,,,,,,,,,,,,
Victoria,BC,"100,000",Infrastructure,City Wide,63.4,0.4,98%,101%,63.8,-1.9,92,NA,,48.43,-123.36,,,,,,,,,,,,,,,,,,,,,
Victoria,BC,"100,000",Infrastructure,Best Area,63.8,0.1,99%,101%,63.9,-1.7,92,NA,,48.43,-123.36,,,,,,,,,,,,,,,,,,,,,
Victoria,BC,"100,000",Balanced,City Wide,64.4,0.3,98%,101%,64.7,-1.9,92,NA,,48.43,-123.36,,,,,,,,,,,,,,,,,,,,,
Victoria,BC,"100,000",Balanced,Best Area,64.7,0.1,99%,101%,64.8,-1.7,92,NA,,48.43,-123.36,,,,,,,,,,,,,,,,,,,,,
Victoria,BC,"100,000",Destination,City Wide,65.3,0.2,98%,101%,65.5,-1.9,92,NA,,48.43,-123.36,,,,,,,,,,,,,,,,,,,,,
Victoria,BC,"100,000",Destination,Best Area,65.5,0.1,99%,101%,65.6,-1.7,92,NA,,48.43,-123.36,,,,,,,,,,,,,,,,,,,,,
Saarbrucken,Germany,"181,959",Infrastructure,City Wide,54.8,7.3,98%,102%,62.5,-1.8,86,EU,,49.23,7.00,,,,,,,,,,,,,,,,,,,,,
Saarbrucken,Germany,"181,959",Infrastructure,Best Area,62.1,1.3,96%,104%,63.4,-5.0,86,EU,,49.23,7.00,,,,,,,,,,,,,,,,,,,,,
Saarbrucken,Germany,"181,959",Balanced,City Wide,55.7,8.9,98%,102%,64.8,-1.8,86,EU,,49.23,7.00,,,,,,,,,,,,,,,,,,,,,
Saarbrucken,Germany,"181,959",Balanced,Best Area,64.6,0.9,96%,104%,65.5,-5.0,86,EU,,49.23,7.00,,,,,,,,,,,,,,,,,,,,,
Saarbrucken,Germany,"181,959",Destination,City Wide,56.6,10.5,98%,102%,67.2,-1.8,86,EU,,49.23,7.00,,,,,,,,,,,,,,,,,,,,,
Saarbrucken,Germany,"181,959",Destination,Best Area,67.1,1.0,96%,104%,68.1,-5.0,86,EU,,49.23,7.00,,,,,,,,,,,,,,,,,,,,,
Zapopan,Mexico,"1,453,779",Infrastructure,City Wide,33.3,26.9,97%,103%,61.5,-2.1,32,NA,,20.79,-103.49,,,,,,,,,,,,,,,,,,,,,
Zapopan,Mexico,"1,453,779",Infrastructure,Best Area,60.2,4.0,93%,106%,64.2,-8.4,33,NA,,20.79,-103.49,,,,,,,,,,,,,,,,,,,,,
Zapopan,Mexico,"1,453,779",Balanced,City Wide,34.4,30.1,97%,103%,66.6,-2.1,32,NA,,20.79,-103.49,,,,,,,,,,,,,,,,,,,,,
Zapopan,Mexico,"1,453,779",Balanced,Best Area,64.5,4.6,93%,106%,69.1,-8.4,33,NA,,20.79,-103.49,,,,,,,,,,,,,,,,,,,,,
Zapopan,Mexico,"1,453,779",Destination,City Wide,35.4,33.2,97%,103%,71.4,-2.1,32,NA,,20.79,-103.49,,,,,,,,,,,,,,,,,,,,,
Zapopan,Mexico,"1,453,779",Destination,Best Area,68.6,5.1,93%,106%,73.7,-8.4,33,NA,,20.79,-103.49,,,,,,,,,,,,,,,,,,,,,
Ankeny,IA,"70,542",Infrastructure,City Wide,67.0,3.3,110%,89%,71.0,12.9,41,NA,,41.73,-93.61,,,,,,,,,,,,,,,,,,,,,
Ankeny,IA,"70,542",Infrastructure,Best Area,70.3,1.1,109%,90%,71.4,12.5,41,NA,,41.73,-93.61,,,,,,,,,,,,,,,,,,,,,
Ankeny,IA,"70,542",Balanced,City Wide,60.8,3.5,110%,89%,65.2,12.9,41,NA,,41.73,-93.61,,,,,,,,,,,,,,,,,,,,,
Ankeny,IA,"70,542",Balanced,Best Area,64.3,1.4,109%,90%,65.7,12.5,41,NA,,41.73,-93.61,,,,,,,,,,,,,,,,,,,,,
Ankeny,IA,"70,542",Destination,City Wide,54.1,3.7,110%,89%,58.6,12.9,41,NA,,41.73,-93.61,,,,,,,,,,,,,,,,,,,,,
Ankeny,IA,"70,542",Destination,Best Area,57.8,1.9,109%,90%,59.7,12.5,41,NA,,41.73,-93.61,,,,,,,,,,,,,,,,,,,,,
Reims,France,"180,000",Infrastructure,City Wide,61.0,0.5,95%,104%,61.6,-5.7,63,EU,,49.26,4.03,,,,,,,,,,,,,,,,,,,,,
Reims,France,"180,000",Infrastructure,Best Area,61.5,0.5,96%,104%,62.0,-5.5,63,EU,,49.26,4.03,,,,,,,,,,,,,,,,,,,,,
Reims,France,"180,000",Balanced,City Wide,63.9,0.3,95%,104%,64.2,-5.7,63,EU,,49.26,4.03,,,,,,,,,,,,,,,,,,,,,
Reims,France,"180,000",Balanced,Best Area,64.2,0.2,96%,104%,64.4,-5.5,63,EU,,49.26,4.03,,,,,,,,,,,,,,,,,,,,,
Reims,France,"180,000",Destination,City Wide,66.7,0.3,95%,104%,67.0,-5.7,63,EU,,49.26,4.03,,,,,,,,,,,,,,,,,,,,,
Reims,France,"180,000",Destination,Best Area,67.0,0.1,96%,104%,67.1,-5.5,63,EU,,49.26,4.03,,,,,,,,,,,,,,,,,,,,,
Palo Alto,CA,"67,231",Infrastructure,City Wide,62.8,2.0,101%,99%,64.9,1.5,68,NA,,37.44,-122.16,,,,,,,,,,,,,,,,,,,,,
Palo Alto,CA,"67,231",Infrastructure,Best Area,64.8,0.6,101%,99%,65.4,1.2,68,NA,,37.44,-122.16,,,,,,,,,,,,,,,,,,,,,
Palo Alto,CA,"67,231",Balanced,City Wide,62.0,2.2,101%,99%,64.2,1.5,68,NA,,37.44,-122.16,,,,,,,,,,,,,,,,,,,,,
Palo Alto,CA,"67,231",Balanced,Best Area,64.2,0.6,101%,99%,64.8,1.2,68,NA,,37.44,-122.16,,,,,,,,,,,,,,,,,,,,,
Palo Alto,CA,"67,231",Destination,City Wide,61.3,2.3,101%,99%,63.7,1.5,68,NA,,37.44,-122.16,,,,,,,,,,,,,,,,,,,,,
Palo Alto,CA,"67,231",Destination,Best Area,63.6,0.5,101%,99%,64.1,1.2,68,NA,,37.44,-122.16,,,,,,,,,,,,,,,,,,,,,
Brno,Czechia,"410,000",Infrastructure,City Wide,45.1,11.9,91%,108%,57.4,-8.0,85,EU,,49.19,16.61,,,,,,,,,,,,,,,,,,,,,
Brno,Czechia,"410,000",Infrastructure,Best Area,57.0,0.9,89%,110%,57.9,-13.9,85,EU,,49.19,16.61,,,,,,,,,,,,,,,,,,,,,
Brno,Czechia,"410,000",Balanced,City Wide,49.3,14.9,91%,108%,65.0,-8.0,85,EU,,49.19,16.61,,,,,,,,,,,,,,,,,,,,,
Brno,Czechia,"410,000",Balanced,Best Area,64.2,1.7,89%,110%,65.9,-13.9,85,EU,,49.19,16.61,,,,,,,,,,,,,,,,,,,,,
Brno,Czechia,"410,000",Destination,City Wide,53.1,17.8,91%,108%,72.0,-8.0,85,EU,,49.19,16.61,,,,,,,,,,,,,,,,,,,,,
Brno,Czechia,"410,000",Destination,Best Area,70.9,2.2,89%,110%,73.1,-13.9,85,EU,,49.19,16.61,,,,,,,,,,,,,,,,,,,,,
Tempe,AZ,"186,419",Infrastructure,City Wide,58.2,9.0,105%,95%,67.8,5.4,79,NA,,33.43,-111.94,,,,,,,,,,,,,,,,,,,,,
Tempe,AZ,"186,419",Infrastructure,Best Area,67.2,2.7,105%,95%,69.9,6.3,79,NA,,33.43,-111.94,,,,,,,,,,,,,,,,,,,,,
Tempe,AZ,"186,419",Balanced,City Wide,55.5,8.6,105%,95%,64.9,5.4,79,NA,,33.43,-111.94,,,,,,,,,,,,,,,,,,,,,
Tempe,AZ,"186,419",Balanced,Best Area,64.1,3.0,105%,95%,67.1,6.3,79,NA,,33.43,-111.94,,,,,,,,,,,,,,,,,,,,,
Tempe,AZ,"186,419",Destination,City Wide,52.8,8.1,105%,95%,62.0,5.4,79,NA,,33.43,-111.94,,,,,,,,,,,,,,,,,,,,,
Tempe,AZ,"186,419",Destination,Best Area,60.9,3.2,105%,95%,64.1,6.3,79,NA,,33.43,-111.94,,,,,,,,,,,,,,,,,,,,,
Daejeon,South Korea,"1,650,081",Infrastructure,City Wide,46.5,20.1,102%,97%,66.4,2.5,25,Other,,36.35,127.38,,,,,,,,,,,,,,,,,,,,,
Daejeon,South Korea,"1,650,081",Infrastructure,Best Area,66.6,4.5,104%,97%,71.1,4.2,33,Other,,36.35,127.38,,,,,,,,,,,,,,,,,,,,,
Daejeon,South Korea,"1,650,081",Balanced,City Wide,45.4,18.7,102%,97%,64.6,2.5,23,Other,,36.35,127.38,,,,,,,,,,,,,,,,,,,,,
Daejeon,South Korea,"1,650,081",Balanced,Best Area,64.1,4.4,104%,97%,68.5,4.2,33,Other,,36.35,127.38,,,,,,,,,,,,,,,,,,,,,
Daejeon,South Korea,"1,650,081",Destination,City Wide,44.0,18.4,102%,97%,63.6,2.5,22,Other,,36.35,127.38,,,,,,,,,,,,,,,,,,,,,
Daejeon,South Korea,"1,650,081",Destination,Best Area,62.4,4.3,104%,97%,66.7,4.2,33,Other,,36.35,127.38,,,,,,,,,,,,,,,,,,,,,
Plzen,Czechia,"175,219",Infrastructure,City Wide,61.8,1.4,98%,102%,63.4,-2.0,74,EU,,49.75,13.38,,,,,,,,,,,,,,,,,,,,,
Plzen,Czechia,"175,219",Infrastructure,Best Area,63.2,0.6,99%,101%,63.8,-1.6,74,EU,,49.75,13.38,,,,,,,,,,,,,,,,,,,,,
Plzen,Czechia,"175,219",Balanced,City Wide,62.8,1.2,98%,102%,64.1,-2.0,74,EU,,49.75,13.38,,,,,,,,,,,,,,,,,,,,,
Plzen,Czechia,"175,219",Balanced,Best Area,64.0,0.4,99%,101%,64.4,-1.6,74,EU,,49.75,13.38,,,,,,,,,,,,,,,,,,,,,
Plzen,Czechia,"175,219",Destination,City Wide,63.8,1.0,98%,102%,64.8,-2.0,74,EU,,49.75,13.38,,,,,,,,,,,,,,,,,,,,,
Plzen,Czechia,"175,219",Destination,Best Area,64.8,0.2,99%,101%,65.0,-1.6,74,EU,,49.75,13.38,,,,,,,,,,,,,,,,,,,,,
Padua,Italy,"210,000",Infrastructure,City Wide,59.6,2.8,97%,103%,62.7,-3.8,71,EU,,45.40,11.90,,,,,,,,,,,,,,,,,,,,,
Padua,Italy,"210,000",Infrastructure,Best Area,62.4,1.1,98%,103%,63.5,-3.2,71,EU,,45.40,11.90,,,,,,,,,,,,,,,,,,,,,
Padua,Italy,"210,000",Balanced,City Wide,61.5,2.5,97%,103%,64.2,-3.8,71,EU,,45.40,11.90,,,,,,,,,,,,,,,,,,,,,
Padua,Italy,"210,000",Balanced,Best Area,64.0,0.8,98%,103%,64.8,-3.2,71,EU,,45.40,11.90,,,,,,,,,,,,,,,,,,,,,
Padua,Italy,"210,000",Destination,City Wide,63.4,2.2,97%,103%,65.7,-3.8,71,EU,,45.40,11.90,,,,,,,,,,,,,,,,,,,,,
Padua,Italy,"210,000",Destination,Best Area,65.6,0.5,98%,103%,66.1,-3.2,71,EU,,45.40,11.90,,,,,,,,,,,,,,,,,,,,,
Wuppertal,Germany,"360,000",Infrastructure,City Wide,57.2,5.6,100%,100%,62.9,-0.3,90,EU,,51.26,7.18,,,,,,,,,,,,,,,,,,,,,
Wuppertal,Germany,"360,000",Infrastructure,Best Area,62.8,3.2,98%,103%,66.0,-2.6,90,EU,,51.26,7.18,,,,,,,,,,,,,,,,,,,,,
Wuppertal,Germany,"360,000",Balanced,City Wide,57.4,6.4,100%,100%,64.1,-0.3,90,EU,,51.26,7.18,,,,,,,,,,,,,,,,,,,,,
Wuppertal,Germany,"360,000",Balanced,Best Area,63.8,2.5,98%,103%,66.3,-2.6,90,EU,,51.26,7.18,,,,,,,,,,,,,,,,,,,,,
Wuppertal,Germany,"360,000",Destination,City Wide,57.5,7.9,100%,100%,65.6,-0.3,90,EU,,51.26,7.18,,,,,,,,,,,,,,,,,,,,,
Wuppertal,Germany,"360,000",Destination,Best Area,65.4,1.3,98%,103%,66.7,-2.6,90,EU,,51.26,7.18,,,,,,,,,,,,,,,,,,,,,
Bergen,Norway,"297,000",Infrastructure,City Wide,49.6,13.9,103%,97%,63.7,2.6,60,EU,,60.39,5.33,,,,,,,,,,,,,,,,,,,,,
Bergen,Norway,"297,000",Infrastructure,Best Area,63.5,0.9,100%,101%,64.4,-1.0,60,EU,,60.39,5.33,,,,,,,,,,,,,,,,,,,,,
Bergen,Norway,"297,000",Balanced,City Wide,48.3,15.5,103%,97%,64.3,2.6,60,EU,,60.39,5.33,,,,,,,,,,,,,,,,,,,,,
Bergen,Norway,"297,000",Balanced,Best Area,63.8,1.1,100%,101%,64.9,-1.0,60,EU,,60.39,5.33,,,,,,,,,,,,,,,,,,,,,
Bergen,Norway,"297,000",Destination,City Wide,47.0,17.5,103%,97%,65.0,2.6,60,EU,,60.39,5.33,,,,,,,,,,,,,,,,,,,,,
Bergen,Norway,"297,000",Destination,Best Area,64.5,0.9,100%,101%,65.4,-1.0,60,EU,,60.39,5.33,,,,,,,,,,,,,,,,,,,,,
Bunkyo (Tokyo),Japan,"235,379",Infrastructure,City Wide,47.1,1.0,76%,120%,48.2,-27.2,32,Other,Yes,35.71,139.75,,,,,,,,,,,,,,,,,,,,,
Bunkyo (Tokyo),Japan,"235,379",Infrastructure,Best Area,48.1,0.2,76%,120%,48.3,-28.0,32,Other,Yes,35.71,139.75,,,,,,,,,,,,,,,,,,,,,
Bunkyo (Tokyo),Japan,"235,379",Balanced,City Wide,62.1,1.5,76%,120%,63.7,-27.2,32,Other,Yes,35.71,139.75,,,,,,,,,,,,,,,,,,,,,
Bunkyo (Tokyo),Japan,"235,379",Balanced,Best Area,63.6,0.2,76%,120%,63.8,-28.0,32,Other,Yes,35.71,139.75,,,,,,,,,,,,,,,,,,,,,
Bunkyo (Tokyo),Japan,"235,379",Destination,City Wide,74.3,1.8,76%,120%,76.3,-27.2,32,Other,Yes,35.71,139.75,,,,,,,,,,,,,,,,,,,,,
Bunkyo (Tokyo),Japan,"235,379",Destination,Best Area,76.1,0.3,76%,120%,76.4,-28.0,32,Other,Yes,35.71,139.75,,,,,,,,,,,,,,,,,,,,,
Mendoza,Argentina,"125,000",Infrastructure,City Wide,52.7,7.7,95%,105%,60.9,-5.7,31,Other,,-32.89,-68.84,,,,,,,,,,,,,,,,,,,,,
Mendoza,Argentina,"125,000",Infrastructure,Best Area,60.4,0.6,95%,105%,61.0,-6.2,31,Other,,-32.89,-68.84,,,,,,,,,,,,,,,,,,,,,
Mendoza,Argentina,"125,000",Balanced,City Wide,55.6,8.0,95%,105%,63.9,-5.7,31,Other,,-32.89,-68.84,,,,,,,,,,,,,,,,,,,,,
Mendoza,Argentina,"125,000",Balanced,Best Area,63.6,0.3,95%,105%,63.9,-6.2,31,Other,,-32.89,-68.84,,,,,,,,,,,,,,,,,,,,,
Mendoza,Argentina,"125,000",Destination,City Wide,58.4,8.2,95%,105%,66.8,-5.7,31,Other,,-32.89,-68.84,,,,,,,,,,,,,,,,,,,,,
Mendoza,Argentina,"125,000",Destination,Best Area,66.6,0.2,95%,105%,66.8,-6.2,31,Other,,-32.89,-68.84,,,,,,,,,,,,,,,,,,,,,
Koto,Tokyo,"543,730",Infrastructure,City Wide,42.7,14.7,87%,112%,59.9,-12.1,47,Other,,35.67,139.82,,,,,,,,,,,,,,,,,,,,,
Koto,Tokyo,"543,730",Infrastructure,Best Area,57.4,3.6,90%,110%,61.0,-12.3,47,Other,,35.67,139.82,,,,,,,,,,,,,,,,,,,,,
Koto,Tokyo,"543,730",Balanced,City Wide,49.0,14.6,87%,112%,64.8,-12.1,47,Other,,35.67,139.82,,,,,,,,,,,,,,,,,,,,,
Koto,Tokyo,"543,730",Balanced,Best Area,63.6,2.5,90%,110%,66.1,-12.3,47,Other,,35.67,139.82,,,,,,,,,,,,,,,,,,,,,
Koto,Tokyo,"543,730",Destination,City Wide,54.8,14.9,87%,112%,70.9,-12.1,47,Other,,35.67,139.82,,,,,,,,,,,,,,,,,,,,,
Koto,Tokyo,"543,730",Destination,Best Area,69.7,1.3,90%,110%,71.0,-12.3,47,Other,,35.67,139.82,,,,,,,,,,,,,,,,,,,,,
Anchorage,AK,"289,069",Infrastructure,City Wide,59.3,7.3,107%,92%,67.3,8.4,86,NA,,61.22,-149.89,,,,,,,,,,,,,,,,,,,,,
Anchorage,AK,"289,069",Infrastructure,Best Area,66.6,0.7,105%,94%,67.3,6.7,86,NA,,61.22,-149.89,,,,,,,,,,,,,,,,,,,,,
Anchorage,AK,"289,069",Balanced,City Wide,55.3,8.1,107%,92%,64.0,8.4,86,NA,,61.22,-149.89,,,,,,,,,,,,,,,,,,,,,
Anchorage,AK,"289,069",Balanced,Best Area,63.4,0.6,105%,94%,64.0,6.7,86,NA,,61.22,-149.89,,,,,,,,,,,,,,,,,,,,,
Anchorage,AK,"289,069",Destination,City Wide,50.9,9.0,107%,92%,60.5,8.4,86,NA,,61.22,-149.89,,,,,,,,,,,,,,,,,,,,,
Anchorage,AK,"289,069",Destination,Best Area,59.9,0.6,105%,94%,60.5,6.7,86,NA,,61.22,-149.89,,,,,,,,,,,,,,,,,,,,,
Baltimore,MD,"577,193",Infrastructure,City Wide,50.1,7.7,93%,107%,58.2,-7.2,91,NA,,39.29,-76.61,,,,,,,,,,,,,,,,,,,,,
Baltimore,MD,"577,193",Infrastructure,Best Area,57.8,1.5,91%,108%,59.3,-10.7,91,NA,,39.29,-76.61,,,,,,,,,,,,,,,,,,,,,
Baltimore,MD,"577,193",Balanced,City Wide,53.8,9.6,93%,107%,63.6,-7.2,91,NA,,39.29,-76.61,,,,,,,,,,,,,,,,,,,,,
Baltimore,MD,"577,193",Balanced,Best Area,63.4,1.0,91%,108%,64.4,-10.7,91,NA,,39.29,-76.61,,,,,,,,,,,,,,,,,,,,,
Baltimore,MD,"577,193",Destination,City Wide,57.3,11.2,93%,107%,68.7,-7.2,91,NA,,39.29,-76.61,,,,,,,,,,,,,,,,,,,,,
Baltimore,MD,"577,193",Destination,Best Area,68.5,0.7,91%,108%,69.2,-10.7,91,NA,,39.29,-76.61,,,,,,,,,,,,,,,,,,,,,
Sacramento,CA,"524,802",Infrastructure,City Wide,53.7,12.3,105%,94%,65.9,5.6,24,NA,,38.58,-121.49,,,,,,,,,,,,,,,,,,,,,
Sacramento,CA,"524,802",Infrastructure,Best Area,66.0,3.8,104%,96%,69.8,5.0,45,NA,,38.58,-121.49,,,,,,,,,,,,,,,,,,,,,
Sacramento,CA,"524,802",Balanced,City Wide,51.0,12.4,105%,94%,63.5,5.6,24,NA,,38.58,-121.49,,,,,,,,,,,,,,,,,,,,,
Sacramento,CA,"524,802",Balanced,Best Area,63.4,3.4,104%,96%,66.8,5.0,45,NA,,38.58,-121.49,,,,,,,,,,,,,,,,,,,,,
Sacramento,CA,"524,802",Destination,City Wide,48.1,12.9,105%,94%,61.1,5.6,24,NA,,38.58,-121.49,,,,,,,,,,,,,,,,,,,,,
Sacramento,CA,"524,802",Destination,Best Area,61.0,2.6,104%,96%,63.6,5.0,45,NA,,38.58,-121.49,,,,,,,,,,,,,,,,,,,,,
Sofia,Bulgaria,"1,284,870",Infrastructure,City Wide,37.1,14.9,85%,114%,53.2,-12.9,70,EU,,42.70,23.32,,,,,,,,,,,,,,,,,,,,,
Sofia,Bulgaria,"1,284,870",Infrastructure,Best Area,52.0,2.7,82%,115%,54.7,-21.2,70,EU,,42.70,23.32,,,,,,,,,,,,,,,,,,,,,
Sofia,Bulgaria,"1,284,870",Balanced,City Wide,43.9,19.5,85%,114%,64.9,-12.9,70,EU,,42.70,23.32,,,,,,,,,,,,,,,,,,,,,
Sofia,Bulgaria,"1,284,870",Balanced,Best Area,63.4,2.5,82%,115%,65.9,-21.2,70,EU,,42.70,23.32,,,,,,,,,,,,,,,,,,,,,
Sofia,Bulgaria,"1,284,870",Destination,City Wide,50.0,23.2,85%,114%,74.9,-12.9,70,EU,,42.70,23.32,,,,,,,,,,,,,,,,,,,,,
Sofia,Bulgaria,"1,284,870",Destination,Best Area,73.2,2.5,82%,115%,75.7,-21.2,70,EU,,42.70,23.32,,,,,,,,,,,,,,,,,,,,,
Tirana,Albania,"526,017",Infrastructure,City Wide,54.1,0.2,86%,113%,54.3,-17.0,81,EU,,41.33,19.82,,,,,,,,,,,,,,,,,,,,,
Tirana,Albania,"526,017",Infrastructure,Best Area,54.3,0.4,86%,113%,54.7,-17.0,81,EU,,41.33,19.82,,,,,,,,,,,,,,,,,,,,,
Tirana,Albania,"526,017",Balanced,City Wide,63.1,0.2,86%,113%,63.3,-17.0,81,EU,,41.33,19.82,,,,,,,,,,,,,,,,,,,,,
Tirana,Albania,"526,017",Balanced,Best Area,63.3,0.1,86%,113%,63.4,-17.0,81,EU,,41.33,19.82,,,,,,,,,,,,,,,,,,,,,
Tirana,Albania,"526,017",Destination,City Wide,71.1,0.2,86%,113%,71.3,-17.0,81,EU,,41.33,19.82,,,,,,,,,,,,,,,,,,,,,
Tirana,Albania,"526,017",Destination,Best Area,71.3,0.2,86%,113%,71.5,-17.0,81,EU,,41.33,19.82,,,,,,,,,,,,,,,,,,,,,
Osaka,Japan,"2,800,000",Infrastructure,City Wide,42.5,10.9,80%,117%,53.9,-19.7,36,Other,,34.69,135.50,,,,,,,,,,,,,,,,,,,,,
Osaka,Japan,"2,800,000",Infrastructure,Best Area,53.4,5.2,84%,115%,58.6,-19.2,36,Other,,34.69,135.50,,,,,,,,,,,,,,,,,,,,,
Osaka,Japan,"2,800,000",Balanced,City Wide,53.2,10.1,80%,117%,64.3,-19.7,36,Other,,34.69,135.50,,,,,,,,,,,,,,,,,,,,,
Osaka,Japan,"2,800,000",Balanced,Best Area,63.3,4.3,84%,115%,67.6,-19.2,36,Other,,34.69,135.50,,,,,,,,,,,,,,,,,,,,,
Osaka,Japan,"2,800,000",Destination,City Wide,62.2,10.4,80%,117%,74.0,-19.7,36,Other,,34.69,135.50,,,,,,,,,,,,,,,,,,,,,
Osaka,Japan,"2,800,000",Destination,Best Area,72.6,3.9,84%,115%,76.5,-19.2,36,Other,,34.69,135.50,,,,,,,,,,,,,,,,,,,,,
Sao Paulo,Brazil,"12,616,799",Infrastructure,City Wide,38.2,19.3,93%,106%,62.1,-5.4,26,Other,,-23.55,-46.63,,,,,,,,,,,,,,,,,,,,,
Sao Paulo,Brazil,"12,616,799",Infrastructure,Best Area,57.5,10.9,91%,109%,68.4,-11.0,56,Other,,-23.55,-46.63,,,,,,,,,,,,,,,,,,,,,
Sao Paulo,Brazil,"12,616,799",Balanced,City Wide,41.0,22.1,93%,106%,69.4,-5.4,25,Other,,-23.55,-46.63,,,,,,,,,,,,,,,,,,,,,
Sao Paulo,Brazil,"12,616,799",Balanced,Best Area,63.1,11.5,91%,109%,74.6,-11.0,56,Other,,-23.55,-46.63,,,,,,,,,,,,,,,,,,,,,
Sao Paulo,Brazil,"12,616,799",Destination,City Wide,43.6,24.9,93%,106%,75.9,-5.4,25,Other,,-23.55,-46.63,,,,,,,,,,,,,,,,,,,,,
Sao Paulo,Brazil,"12,616,799",Destination,Best Area,68.5,12.0,91%,109%,80.5,-11.0,56,Other,,-23.55,-46.63,,,,,,,,,,,,,,,,,,,,,
Leicester,United Kingdom,"400,000",Infrastructure,City Wide,60.6,1.0,98%,102%,61.7,-2.7,62,EU,,52.64,-1.13,,,,,,,,,,,,,,,,,,,,,
Leicester,United Kingdom,"400,000",Infrastructure,Best Area,61.6,0.2,98%,102%,61.8,-2.6,62,EU,,52.64,-1.13,,,,,,,,,,,,,,,,,,,,,
Leicester,United Kingdom,"400,000",Balanced,City Wide,61.9,1.0,98%,102%,63.0,-2.7,62,EU,,52.64,-1.13,,,,,,,,,,,,,,,,,,,,,
Leicester,United Kingdom,"400,000",Balanced,Best Area,62.9,0.2,98%,102%,63.1,-2.6,62,EU,,52.64,-1.13,,,,,,,,,,,,,,,,,,,,,
Leicester,United Kingdom,"400,000",Destination,City Wide,63.3,0.9,98%,102%,64.2,-2.7,62,EU,,52.64,-1.13,,,,,,,,,,,,,,,,,,,,,
Leicester,United Kingdom,"400,000",Destination,Best Area,64.2,0.3,98%,102%,64.5,-2.6,62,EU,,52.64,-1.13,,,,,,,,,,,,,,,,,,,,,
Fatih (Istanbul),Turkey,"356,025",Infrastructure,City Wide,47.8,2.0,78%,118%,50.0,-24.5,30,EU,Yes,41.02,28.95,,,,,,,,,,,,,,,,,,,,,
Fatih (Istanbul),Turkey,"356,025",Infrastructure,Best Area,49.8,0.3,79%,117%,50.1,-24.1,30,EU,Yes,41.02,28.95,,,,,,,,,,,,,,,,,,,,,
Fatih (Istanbul),Turkey,"356,025",Balanced,City Wide,61.1,1.8,78%,118%,63.0,-24.5,30,EU,Yes,41.02,28.95,,,,,,,,,,,,,,,,,,,,,
Fatih (Istanbul),Turkey,"356,025",Balanced,Best Area,62.9,0.2,79%,117%,63.1,-24.1,30,EU,Yes,41.02,28.95,,,,,,,,,,,,,,,,,,,,,
Fatih (Istanbul),Turkey,"356,025",Destination,City Wide,72.3,1.6,78%,118%,74.0,-24.5,30,EU,Yes,41.02,28.95,,,,,,,,,,,,,,,,,,,,,
Fatih (Istanbul),Turkey,"356,025",Destination,Best Area,73.9,0.5,79%,117%,74.4,-24.1,30,EU,Yes,41.02,28.95,,,,,,,,,,,,,,,,,,,,,
Verona,Italy,"255,130",Infrastructure,City Wide,47.0,12.7,96%,104%,59.9,-3.8,65,EU,,45.44,10.99,,,,,,,,,,,,,,,,,,,,,
Verona,Italy,"255,130",Infrastructure,Best Area,59.7,1.5,95%,105%,61.2,-6.2,65,EU,,45.44,10.99,,,,,,,,,,,,,,,,,,,,,
Verona,Italy,"255,130",Balanced,City Wide,49.0,13.9,96%,104%,63.0,-3.8,65,EU,,45.44,10.99,,,,,,,,,,,,,,,,,,,,,
Verona,Italy,"255,130",Balanced,Best Area,62.9,0.9,95%,105%,63.8,-6.2,65,EU,,45.44,10.99,,,,,,,,,,,,,,,,,,,,,
Verona,Italy,"255,130",Destination,City Wide,50.8,15.1,96%,104%,66.0,-3.8,65,EU,,45.44,10.99,,,,,,,,,,,,,,,,,,,,,
Verona,Italy,"255,130",Destination,Best Area,65.9,0.5,95%,105%,66.4,-6.2,65,EU,,45.44,10.99,,,,,,,,,,,,,,,,,,,,,
Kyoto,Japan,"1,460,000",Infrastructure,City Wide,39.0,14.9,86%,112%,55.0,-11.7,30,Other,,35.01,135.77,,,,,,,,,,,,,,,,,,,,,
Kyoto,Japan,"1,460,000",Infrastructure,Best Area,53.9,2.5,86%,114%,56.4,-17.5,30,Other,,35.01,135.77,,,,,,,,,,,,,,,,,,,,,
Kyoto,Japan,"1,460,000",Balanced,City Wide,45.2,17.7,86%,112%,64.9,-11.7,30,Other,,35.01,135.77,,,,,,,,,,,,,,,,,,,,,
Kyoto,Japan,"1,460,000",Balanced,Best Area,62.9,2.9,86%,114%,65.8,-17.5,30,Other,,35.01,135.77,,,,,,,,,,,,,,,,,,,,,
Kyoto,Japan,"1,460,000",Destination,City Wide,50.7,20.7,86%,112%,73.0,-11.7,30,Other,,35.01,135.77,,,,,,,,,,,,,,,,,,,,,
Kyoto,Japan,"1,460,000",Destination,Best Area,71.4,3.4,86%,114%,74.8,-17.5,30,Other,,35.01,135.77,,,,,,,,,,,,,,,,,,,,,
Marseille,France,"888,776",Infrastructure,City Wide,45.0,8.1,89%,110%,53.7,-11.0,52,EU,,43.30,5.37,,,,,,,,,,,,,,,,,,,,,
Marseille,France,"888,776",Infrastructure,Best Area,53.1,2.4,85%,114%,55.5,-18.4,52,EU,,43.30,5.37,,,,,,,,,,,,,,,,,,,,,
Marseille,France,"888,776",Balanced,City Wide,50.8,12.0,89%,110%,64.0,-11.0,52,EU,,43.30,5.37,,,,,,,,,,,,,,,,,,,,,
Marseille,France,"888,776",Balanced,Best Area,62.8,2.0,85%,114%,64.8,-18.4,52,EU,,43.30,5.37,,,,,,,,,,,,,,,,,,,,,
Marseille,France,"888,776",Destination,City Wide,56.0,15.5,89%,110%,72.9,-11.0,52,EU,,43.30,5.37,,,,,,,,,,,,,,,,,,,,,
Marseille,France,"888,776",Destination,Best Area,71.5,1.9,85%,114%,73.4,-18.4,52,EU,,43.30,5.37,,,,,,,,,,,,,,,,,,,,,
Sheffield,UK,"604,366",Infrastructure,City Wide,46.8,11.6,94%,105%,58.8,-5.5,74,EU,,53.38,-1.47,,,,,,,,,,,,,,,,,,,,,
Sheffield,UK,"604,366",Infrastructure,Best Area,58.4,2.9,93%,107%,61.3,-8.8,74,EU,,53.38,-1.47,,,,,,,,,,,,,,,,,,,,,
Sheffield,UK,"604,366",Balanced,City Wide,49.6,13.2,94%,105%,63.6,-5.5,74,EU,,53.38,-1.47,,,,,,,,,,,,,,,,,,,,,
Sheffield,UK,"604,366",Balanced,Best Area,62.8,2.9,93%,107%,65.7,-8.8,74,EU,,53.38,-1.47,,,,,,,,,,,,,,,,,,,,,
Sheffield,UK,"604,366",Destination,City Wide,52.3,14.9,94%,105%,68.5,-5.5,74,EU,,53.38,-1.47,,,,,,,,,,,,,,,,,,,,,
Sheffield,UK,"604,366",Destination,Best Area,67.2,2.8,93%,107%,70.0,-8.8,74,EU,,53.38,-1.47,,,,,,,,,,,,,,,,,,,,,
Iowa City,IA,"75,264",Infrastructure,City Wide,67.1,1.0,108%,91%,68.1,10.8,52,NA,,41.66,-91.53,,,,,,,,,,,,,,,,,,,,,
Iowa City,IA,"75,264",Infrastructure,Best Area,68.1,0.6,109%,91%,68.7,11.3,52,NA,,41.66,-91.53,,,,,,,,,,,,,,,,,,,,,
Iowa City,IA,"75,264",Balanced,City Wide,61.9,0.8,108%,91%,62.6,10.8,52,NA,,41.66,-91.53,,,,,,,,,,,,,,,,,,,,,
Iowa City,IA,"75,264",Balanced,Best Area,62.7,0.4,109%,91%,63.1,11.3,52,NA,,41.66,-91.53,,,,,,,,,,,,,,,,,,,,,
Iowa City,IA,"75,264",Destination,City Wide,56.3,0.5,108%,91%,56.7,10.8,52,NA,,41.66,-91.53,,,,,,,,,,,,,,,,,,,,,
Iowa City,IA,"75,264",Destination,Best Area,56.8,0.3,109%,91%,57.1,11.3,52,NA,,41.66,-91.53,,,,,,,,,,,,,,,,,,,,,
Philadelphia,PA,"1,582,432",Infrastructure,City Wide,46.1,11.2,96%,104%,57.9,-3.7,61,NA,,39.95,-75.16,,,,,,,,,,,,,,,,,,,,,
Philadelphia,PA,"1,582,432",Infrastructure,Best Area,57.3,6.4,92%,109%,63.7,-10.7,77,NA,,39.95,-75.16,,,,,,,,,,,,,,,,,,,,,
Philadelphia,PA,"1,582,432",Balanced,City Wide,47.9,14.7,96%,104%,64.3,-3.7,60,NA,,39.95,-75.16,,,,,,,,,,,,,,,,,,,,,
Philadelphia,PA,"1,582,432",Balanced,Best Area,62.6,4.2,92%,109%,66.8,-10.7,77,NA,,39.95,-75.16,,,,,,,,,,,,,,,,,,,,,
Philadelphia,PA,"1,582,432",Destination,City Wide,49.8,18.2,96%,104%,70.3,-3.7,61,NA,,39.95,-75.16,,,,,,,,,,,,,,,,,,,,,
Philadelphia,PA,"1,582,432",Destination,Best Area,68.0,5.3,92%,109%,73.3,-10.7,77,NA,,39.95,-75.16,,,,,,,,,,,,,,,,,,,,,
Grandview Heights,OH,"8,422",Infrastructure,City Wide,58.5,2.5,97%,103%,62.0,-3.8,55,NA,,39.98,-83.05,,,,,,,,,,,,,,,,,,,,,
Grandview Heights,OH,"8,422",Infrastructure,Best Area,61.0,1.0,98%,102%,62.0,-2.9,55,NA,,39.98,-83.05,,,,,,,,,,,,,,,,,,,,,
Grandview Heights,OH,"8,422",Balanced,City Wide,60.4,2.1,97%,103%,63.2,-3.8,55,NA,,39.98,-83.05,,,,,,,,,,,,,,,,,,,,,
Grandview Heights,OH,"8,422",Balanced,Best Area,62.5,0.7,98%,102%,63.2,-2.9,55,NA,,39.98,-83.05,,,,,,,,,,,,,,,,,,,,,
Grandview Heights,OH,"8,422",Destination,City Wide,62.3,1.6,97%,103%,64.3,-3.8,55,NA,,39.98,-83.05,,,,,,,,,,,,,,,,,,,,,
Grandview Heights,OH,"8,422",Destination,Best Area,63.9,0.4,98%,102%,64.3,-2.9,55,NA,,39.98,-83.05,,,,,,,,,,,,,,,,,,,,,
Athens,Greece,"919,607",Infrastructure,City Wide,45.2,4.0,77%,119%,49.6,-24.4,55,EU,,37.99,23.74,,,,,,,,,,,,,,,,,,,,,
Athens,Greece,"919,607",Infrastructure,Best Area,49.2,0.7,79%,118%,49.9,-24.3,55,EU,,37.99,23.74,,,,,,,,,,,,,,,,,,,,,
Athens,Greece,"919,607",Balanced,City Wide,58.6,3.9,77%,119%,63.0,-24.4,55,EU,,37.99,23.74,,,,,,,,,,,,,,,,,,,,,
Athens,Greece,"919,607",Balanced,Best Area,62.5,0.7,79%,118%,63.2,-24.3,55,EU,,37.99,23.74,,,,,,,,,,,,,,,,,,,,,
Athens,Greece,"919,607",Destination,City Wide,69.6,3.9,77%,119%,74.1,-24.4,55,EU,,37.99,23.74,,,,,,,,,,,,,,,,,,,,,
Athens,Greece,"919,607",Destination,Best Area,73.5,0.8,79%,118%,74.3,-24.3,55,EU,,37.99,23.74,,,,,,,,,,,,,,,,,,,,,
Chiyoda (Tokyo),Japan,"68,999",Infrastructure,City Wide,40.5,6.0,72%,122%,46.7,-28.6,33,Other,Yes,35.69,139.75,,,,,,,,,,,,,,,,,,,,,
Chiyoda (Tokyo),Japan,"68,999",Infrastructure,Best Area,46.5,1.1,75%,121%,47.6,-28.8,33,Other,Yes,35.69,139.75,,,,,,,,,,,,,,,,,,,,,
Chiyoda (Tokyo),Japan,"68,999",Balanced,City Wide,56.5,5.9,72%,122%,62.6,-28.6,33,Other,Yes,35.69,139.75,,,,,,,,,,,,,,,,,,,,,
Chiyoda (Tokyo),Japan,"68,999",Balanced,Best Area,62.4,0.8,75%,121%,63.2,-28.8,33,Other,Yes,35.69,139.75,,,,,,,,,,,,,,,,,,,,,
Chiyoda (Tokyo),Japan,"68,999",Destination,City Wide,69.1,6.2,72%,122%,75.3,-28.6,33,Other,Yes,35.69,139.75,,,,,,,,,,,,,,,,,,,,,
Chiyoda (Tokyo),Japan,"68,999",Destination,Best Area,75.3,0.5,75%,121%,75.8,-28.8,33,Other,Yes,35.69,139.75,,,,,,,,,,,,,,,,,,,,,
Cardiff,UK,"399,627",Infrastructure,City Wide,52.0,6.7,96%,104%,58.9,-4.7,75,EU,,51.50,-3.19,,,,,,,,,,,,,,,,,,,,,
Cardiff,UK,"399,627",Infrastructure,Best Area,58.7,0.9,94%,106%,59.6,-7.2,75,EU,,51.50,-3.19,,,,,,,,,,,,,,,,,,,,,
Cardiff,UK,"399,627",Balanced,City Wide,54.4,8.0,96%,104%,62.5,-4.7,75,EU,,51.50,-3.19,,,,,,,,,,,,,,,,,,,,,
Cardiff,UK,"399,627",Balanced,Best Area,62.4,0.7,94%,106%,63.1,-7.2,75,EU,,51.50,-3.19,,,,,,,,,,,,,,,,,,,,,
Cardiff,UK,"399,627",Destination,City Wide,56.7,9.2,96%,104%,66.0,-4.7,75,EU,,51.50,-3.19,,,,,,,,,,,,,,,,,,,,,
Cardiff,UK,"399,627",Destination,Best Area,65.9,0.7,94%,106%,66.6,-7.2,75,EU,,51.50,-3.19,,,,,,,,,,,,,,,,,,,,,
Gold Coast,QLD,"714,250",Infrastructure,City Wide,45.2,19.1,106%,93%,64.7,5.3,52,Other,,-27.98,153.33,,,,,,,,,,,,,,,,,,,,,
Gold Coast,QLD,"714,250",Infrastructure,Best Area,64.3,3.9,103%,97%,68.2,3.7,68,Other,,-27.98,153.33,,,,,,,,,,,,,,,,,,,,,
Gold Coast,QLD,"714,250",Balanced,City Wide,42.7,19.7,106%,93%,63.6,5.3,52,Other,,-27.98,153.33,,,,,,,,,,,,,,,,,,,,,
Gold Coast,QLD,"714,250",Balanced,Best Area,62.4,4.9,103%,97%,67.3,3.7,68,Other,,-27.98,153.33,,,,,,,,,,,,,,,,,,,,,
Gold Coast,QLD,"714,250",Destination,City Wide,39.9,20.7,106%,93%,62.7,5.3,52,Other,,-27.98,153.33,,,,,,,,,,,,,,,,,,,,,
Gold Coast,QLD,"714,250",Destination,Best Area,60.6,5.8,103%,97%,66.4,3.7,68,Other,,-27.98,153.33,,,,,,,,,,,,,,,,,,,,,
Pescara,Italy,"118,944",Infrastructure,City Wide,56.6,0.9,92%,108%,57.6,-9.8,81,EU,,42.47,14.21,,,,,,,,,,,,,,,,,,,,,
Pescara,Italy,"118,944",Infrastructure,Best Area,57.5,0.2,92%,107%,57.7,-9.3,81,EU,,42.47,14.21,,,,,,,,,,,,,,,,,,,,,
Pescara,Italy,"118,944",Balanced,City Wide,61.7,0.6,92%,108%,62.3,-9.8,81,EU,,42.47,14.21,,,,,,,,,,,,,,,,,,,,,
Pescara,Italy,"118,944",Balanced,Best Area,62.3,0.1,92%,107%,62.4,-9.3,81,EU,,42.47,14.21,,,,,,,,,,,,,,,,,,,,,
Pescara,Italy,"118,944",Destination,City Wide,66.4,0.4,92%,108%,66.8,-9.8,81,EU,,42.47,14.21,,,,,,,,,,,,,,,,,,,,,
Pescara,Italy,"118,944",Destination,Best Area,66.8,0.1,92%,107%,66.9,-9.3,81,EU,,42.47,14.21,,,,,,,,,,,,,,,,,,,,,
Novi Sad,Serbia,"277,522",Infrastructure,City Wide,59.7,0.9,97%,103%,60.6,-3.8,69,EU,,45.26,19.85,,,,,,,,,,,,,,,,,,,,,
Novi Sad,Serbia,"277,522",Infrastructure,Best Area,60.6,0.5,97%,103%,61.1,-3.3,69,EU,,45.26,19.85,,,,,,,,,,,,,,,,,,,,,
Novi Sad,Serbia,"277,522",Balanced,City Wide,61.6,0.6,97%,103%,62.3,-3.8,69,EU,,45.26,19.85,,,,,,,,,,,,,,,,,,,,,
Novi Sad,Serbia,"277,522",Balanced,Best Area,62.2,0.6,97%,103%,62.8,-3.3,69,EU,,45.26,19.85,,,,,,,,,,,,,,,,,,,,,
Novi Sad,Serbia,"277,522",Destination,City Wide,63.5,0.4,97%,103%,64.1,-3.8,69,EU,,45.26,19.85,,,,,,,,,,,,,,,,,,,,,
Novi Sad,Serbia,"277,522",Destination,Best Area,63.9,0.5,97%,103%,64.4,-3.3,69,EU,,45.26,19.85,,,,,,,,,,,,,,,,,,,,,
Venice,Italy,"254,661",Infrastructure,City Wide,57.3,4.8,100%,100%,62.0,0.2,66,EU,,45.40,12.31,,,,,,,,,,,,,,,,,,,,,
Venice,Italy,"254,661",Infrastructure,Best Area,62.1,0.4,100%,100%,62.5,-0.3,66,EU,,45.40,12.31,,,,,,,,,,,,,,,,,,,,,
Venice,Italy,"254,661",Balanced,City Wide,57.1,5.1,100%,100%,62.3,0.2,66,EU,,45.40,12.31,,,,,,,,,,,,,,,,,,,,,
Venice,Italy,"254,661",Balanced,Best Area,62.2,0.6,100%,100%,62.8,-0.3,66,EU,,45.40,12.31,,,,,,,,,,,,,,,,,,,,,
Venice,Italy,"254,661",Destination,City Wide,57.1,5.3,100%,100%,62.6,0.2,66,EU,,45.40,12.31,,,,,,,,,,,,,,,,,,,,,
Venice,Italy,"254,661",Destination,Best Area,62.4,0.7,100%,100%,63.1,-0.3,66,EU,,45.40,12.31,,,,,,,,,,,,,,,,,,,,,
Winnipeg,MB,"765,370",Infrastructure,City Wide,51.0,11.9,102%,98%,63.7,1.8,49,NA,,49.90,-97.14,,,,,,,,,,,,,,,,,,,,,
Winnipeg,MB,"765,370",Infrastructure,Best Area,62.9,2.4,101%,100%,65.3,0.4,70,NA,,49.90,-97.14,,,,,,,,,,,,,,,,,,,,,
Winnipeg,MB,"765,370",Balanced,City Wide,50.1,12.1,102%,98%,63.6,1.8,49,NA,,49.90,-97.14,,,,,,,,,,,,,,,,,,,,,
Winnipeg,MB,"765,370",Balanced,Best Area,62.2,3.0,101%,100%,65.2,0.4,70,NA,,49.90,-97.14,,,,,,,,,,,,,,,,,,,,,
Winnipeg,MB,"765,370",Destination,City Wide,49.2,13.3,102%,98%,63.6,1.8,49,NA,,49.90,-97.14,,,,,,,,,,,,,,,,,,,,,
Winnipeg,MB,"765,370",Destination,Best Area,62.5,2.6,101%,100%,65.1,0.4,70,NA,,49.90,-97.14,,,,,,,,,,,,,,,,,,,,,
Trento,Italy,"121,000",Infrastructure,City Wide,41.1,18.9,95%,104%,60.2,-4.0,73,EU,,46.07,11.13,,,,,,,,,,,,,,,,,,,,,
Trento,Italy,"121,000",Infrastructure,Best Area,60.0,0.9,97%,103%,60.9,-4.0,73,EU,,46.07,11.13,,,,,,,,,,,,,,,,,,,,,
Trento,Italy,"121,000",Balanced,City Wide,43.2,18.8,95%,104%,62.2,-4.0,73,EU,,46.07,11.13,,,,,,,,,,,,,,,,,,,,,
Trento,Italy,"121,000",Balanced,Best Area,62.0,0.6,97%,103%,62.6,-4.0,73,EU,,46.07,11.13,,,,,,,,,,,,,,,,,,,,,
Trento,Italy,"121,000",Destination,City Wide,45.1,18.9,95%,104%,64.0,-4.0,73,EU,,46.07,11.13,,,,,,,,,,,,,,,,,,,,,
Trento,Italy,"121,000",Destination,Best Area,64.0,1.3,97%,103%,65.3,-4.0,73,EU,,46.07,11.13,,,,,,,,,,,,,,,,,,,,,
Amiens,France,"140,000",Infrastructure,City Wide,60.0,0.8,98%,102%,61.0,-2.4,67,EU,,49.89,2.30,,,,,,,,,,,,,,,,,,,,,
Amiens,France,"140,000",Infrastructure,Best Area,60.8,0.4,98%,102%,61.2,-2.1,67,EU,,49.89,2.30,,,,,,,,,,,,,,,,,,,,,
Amiens,France,"140,000",Balanced,City Wide,61.2,0.7,98%,102%,61.9,-2.4,67,EU,,49.89,2.30,,,,,,,,,,,,,,,,,,,,,
Amiens,France,"140,000",Balanced,Best Area,61.9,0.2,98%,102%,62.1,-2.1,67,EU,,49.89,2.30,,,,,,,,,,,,,,,,,,,,,
Amiens,France,"140,000",Destination,City Wide,62.4,0.5,98%,102%,63.0,-2.4,67,EU,,49.89,2.30,,,,,,,,,,,,,,,,,,,,,
Amiens,France,"140,000",Destination,Best Area,62.9,0.2,98%,102%,63.1,-2.1,67,EU,,49.89,2.30,,,,,,,,,,,,,,,,,,,,,
Eugene,OR,"177,520",Infrastructure,City Wide,60.4,2.3,101%,98%,62.9,1.7,72,NA,,44.05,-123.10,,,,,,,,,,,,,,,,,,,,,
Eugene,OR,"177,520",Infrastructure,Best Area,62.7,0.4,101%,99%,63.1,1.4,72,NA,,44.05,-123.10,,,,,,,,,,,,,,,,,,,,,
Eugene,OR,"177,520",Balanced,City Wide,59.6,2.3,101%,98%,62.1,1.7,72,NA,,44.05,-123.10,,,,,,,,,,,,,,,,,,,,,
Eugene,OR,"177,520",Balanced,Best Area,61.9,0.4,101%,99%,62.3,1.4,72,NA,,44.05,-123.10,,,,,,,,,,,,,,,,,,,,,
Eugene,OR,"177,520",Destination,City Wide,58.7,2.6,101%,98%,61.4,1.7,72,NA,,44.05,-123.10,,,,,,,,,,,,,,,,,,,,,
Eugene,OR,"177,520",Destination,Best Area,61.3,0.2,101%,99%,61.5,1.4,72,NA,,44.05,-123.10,,,,,,,,,,,,,,,,,,,,,
Indianapolis,IN,"882,043",Infrastructure,City Wide,35.0,28.5,102%,98%,65.1,1.6,24,NA,,39.77,-86.16,,,,,,,,,,,,,,,,,,,,,
Indianapolis,IN,"882,043",Infrastructure,Best Area,63.5,8.9,103%,97%,72.4,3.3,63,NA,,39.77,-86.16,,,,,,,,,,,,,,,,,,,,,
Indianapolis,IN,"882,043",Balanced,City Wide,34.2,27.6,102%,98%,63.5,1.6,24,NA,,39.77,-86.16,,,,,,,,,,,,,,,,,,,,,
Indianapolis,IN,"882,043",Balanced,Best Area,61.8,4.7,103%,97%,66.5,3.3,63,NA,,39.77,-86.16,,,,,,,,,,,,,,,,,,,,,
Indianapolis,IN,"882,043",Destination,City Wide,33.4,26.8,102%,98%,61.8,1.6,24,NA,,39.77,-86.16,,,,,,,,,,,,,,,,,,,,,
Indianapolis,IN,"882,043",Destination,Best Area,60.2,3.5,103%,97%,63.7,3.3,63,NA,,39.77,-86.16,,,,,,,,,,,,,,,,,,,,,
Le Havre,France,"166,058",Infrastructure,City Wide,59.7,0.4,97%,103%,60.2,-3.2,77,EU,,49.49,0.11,,,,,,,,,,,,,,,,,,,,,
Le Havre,France,"166,058",Infrastructure,Best Area,60.1,0.2,97%,103%,60.3,-3.2,77,EU,,49.49,0.11,,,,,,,,,,,,,,,,,,,,,
Le Havre,France,"166,058",Balanced,City Wide,61.3,0.4,97%,103%,61.8,-3.2,77,EU,,49.49,0.11,,,,,,,,,,,,,,,,,,,,,
Le Havre,France,"166,058",Balanced,Best Area,61.7,0.1,97%,103%,61.8,-3.2,77,EU,,49.49,0.11,,,,,,,,,,,,,,,,,,,,,
Le Havre,France,"166,058",Destination,City Wide,62.9,0.4,97%,103%,63.4,-3.2,77,EU,,49.49,0.11,,,,,,,,,,,,,,,,,,,,,
Le Havre,France,"166,058",Destination,Best Area,63.3,0.1,97%,103%,63.4,-3.2,77,EU,,49.49,0.11,,,,,,,,,,,,,,,,,,,,,
Southampton,UK,"268,275",Infrastructure,City Wide,57.0,2.2,96%,104%,59.5,-4.5,89,EU,,50.90,-1.40,,,,,,,,,,,,,,,,,,,,,
Southampton,UK,"268,275",Infrastructure,Best Area,59.2,0.4,96%,104%,59.6,-4.8,89,EU,,50.90,-1.40,,,,,,,,,,,,,,,,,,,,,
Southampton,UK,"268,275",Balanced,City Wide,59.3,2.3,96%,104%,61.8,-4.5,89,EU,,50.90,-1.40,,,,,,,,,,,,,,,,,,,,,
Southampton,UK,"268,275",Balanced,Best Area,61.6,0.4,96%,104%,62.0,-4.8,89,EU,,50.90,-1.40,,,,,,,,,,,,,,,,,,,,,
Southampton,UK,"268,275",Destination,City Wide,61.5,2.5,96%,104%,64.0,-4.5,89,EU,,50.90,-1.40,,,,,,,,,,,,,,,,,,,,,
Southampton,UK,"268,275",Destination,Best Area,64.0,0.3,96%,104%,64.3,-4.8,89,EU,,50.90,-1.40,,,,,,,,,,,,,,,,,,,,,
Berkeley,CA,"120,223",Infrastructure,City Wide,55.7,1.9,92%,107%,57.7,-8.9,64,NA,,37.87,-122.27,,,,,,,,,,,,,,,,,,,,,
Berkeley,CA,"120,223",Infrastructure,Best Area,57.6,0.3,94%,107%,57.9,-8.2,64,NA,,37.87,-122.27,,,,,,,,,,,,,,,,,,,,,
Berkeley,CA,"120,223",Balanced,City Wide,60.3,1.1,92%,107%,61.5,-8.9,64,NA,,37.87,-122.27,,,,,,,,,,,,,,,,,,,,,
Berkeley,CA,"120,223",Balanced,Best Area,61.4,0.7,94%,107%,62.1,-8.2,64,NA,,37.87,-122.27,,,,,,,,,,,,,,,,,,,,,
Berkeley,CA,"120,223",Destination,City Wide,64.6,1.2,92%,107%,66.4,-8.9,64,NA,,37.87,-122.27,,,,,,,,,,,,,,,,,,,,,
Berkeley,CA,"120,223",Destination,Best Area,65.8,1.3,94%,107%,67.1,-8.2,64,NA,,37.87,-122.27,,,,,,,,,,,,,,,,,,,,,
Colorado Springs,CO,"483,099",Infrastructure,City Wide,52.8,10.7,105%,95%,63.9,5.3,31,NA,,38.83,-104.83,,,,,,,,,,,,,,,,,,,,,
Colorado Springs,CO,"483,099",Infrastructure,Best Area,63.5,1.7,103%,97%,65.2,4.2,52,NA,,38.83,-104.83,,,,,,,,,,,,,,,,,,,,,
Colorado Springs,CO,"483,099",Balanced,City Wide,50.2,11.2,105%,95%,61.9,5.3,31,NA,,38.83,-104.83,,,,,,,,,,,,,,,,,,,,,
Colorado Springs,CO,"483,099",Balanced,Best Area,61.4,1.9,103%,97%,63.3,4.2,52,NA,,38.83,-104.83,,,,,,,,,,,,,,,,,,,,,
Colorado Springs,CO,"483,099",Destination,City Wide,47.5,11.8,105%,95%,59.9,5.3,31,NA,,38.83,-104.83,,,,,,,,,,,,,,,,,,,,,
Colorado Springs,CO,"483,099",Destination,Best Area,59.3,2.0,103%,97%,61.3,4.2,52,NA,,38.83,-104.83,,,,,,,,,,,,,,,,,,,,,
Brisbane,QLD,"1,242,825",Infrastructure,City Wide,43.1,19.3,102%,97%,64.0,1.8,66,Other,,-27.47,152.97,,,,,,,,,,,,,,,,,,,,,
Brisbane,QLD,"1,242,825",Infrastructure,Best Area,62.4,5.7,102%,100%,68.1,1.1,80,Other,,-27.47,152.97,,,,,,,,,,,,,,,,,,,,,
Brisbane,QLD,"1,242,825",Balanced,City Wide,42.4,19.0,102%,97%,64.0,1.8,66,Other,,-27.47,152.97,,,,,,,,,,,,,,,,,,,,,
Brisbane,QLD,"1,242,825",Balanced,Best Area,61.4,5.7,102%,100%,67.1,1.1,80,Other,,-27.47,152.97,,,,,,,,,,,,,,,,,,,,,
Brisbane,QLD,"1,242,825",Destination,City Wide,41.3,20.0,102%,97%,66.6,1.8,66,Other,,-27.47,152.97,,,,,,,,,,,,,,,,,,,,,
Brisbane,QLD,"1,242,825",Destination,Best Area,61.3,8.7,102%,100%,70.0,1.1,80,Other,,-27.47,152.97,,,,,,,,,,,,,,,,,,,,,
Derby,United Kingdom,"261,400",Infrastructure,City Wide,58.5,0.9,97%,103%,59.6,-3.7,81,EU,,52.91,-1.47,,,,,,,,,,,,,,,,,,,,,
Derby,United Kingdom,"261,400",Infrastructure,Best Area,59.4,0.3,97%,103%,59.7,-3.8,81,EU,,52.91,-1.47,,,,,,,,,,,,,,,,,,,,,
Derby,United Kingdom,"261,400",Balanced,City Wide,60.3,1.0,97%,103%,61.4,-3.7,81,EU,,52.91,-1.47,,,,,,,,,,,,,,,,,,,,,
Derby,United Kingdom,"261,400",Balanced,Best Area,61.3,0.3,97%,103%,61.6,-3.8,81,EU,,52.91,-1.47,,,,,,,,,,,,,,,,,,,,,
Derby,United Kingdom,"261,400",Destination,City Wide,62.2,1.0,97%,103%,63.2,-3.7,81,EU,,52.91,-1.47,,,,,,,,,,,,,,,,,,,,,
Derby,United Kingdom,"261,400",Destination,Best Area,63.2,0.1,97%,103%,63.3,-3.8,81,EU,,52.91,-1.47,,,,,,,,,,,,,,,,,,,,,
Brasilia,Brazil,"2,800,000",Infrastructure,City Wide,47.9,10.8,95%,105%,58.7,-5.3,54,Other,,-15.72,-48.00,,,,,,,,,,,,,,,,,,,,,
Brasilia,Brazil,"2,800,000",Infrastructure,Best Area,58.7,1.3,96%,105%,60.0,-5.9,54,Other,,-15.72,-48.00,,,,,,,,,,,,,,,,,,,,,
Brasilia,Brazil,"2,800,000",Balanced,City Wide,50.5,10.8,95%,105%,61.8,-5.3,54,Other,,-15.72,-48.00,,,,,,,,,,,,,,,,,,,,,
Brasilia,Brazil,"2,800,000",Balanced,Best Area,61.3,1.1,96%,105%,62.4,-5.9,54,Other,,-15.72,-48.00,,,,,,,,,,,,,,,,,,,,,
Brasilia,Brazil,"2,800,000",Destination,City Wide,53.2,11.4,95%,105%,64.9,-5.3,54,Other,,-15.72,-48.00,,,,,,,,,,,,,,,,,,,,,
Brasilia,Brazil,"2,800,000",Destination,Best Area,64.6,1.2,96%,105%,65.8,-5.9,54,Other,,-15.72,-48.00,,,,,,,,,,,,,,,,,,,,,
Gusu District (Suzhou),China,"924,500",Infrastructure,City Wide,31.0,33.4,96%,103%,65.4,-2.4,16,Other,Yes,31.34,120.61,,,,,,,,,,,,,,,,,,,,,
Gusu District (Suzhou),China,"924,500",Infrastructure,Best Area,64.4,3.5,105%,95%,67.9,6.5,40,Other,Yes,31.34,120.61,,,,,,,,,,,,,,,,,,,,,
Gusu District (Suzhou),China,"924,500",Balanced,City Wide,32.3,28.9,96%,103%,61.9,-2.4,16,Other,Yes,31.34,120.61,,,,,,,,,,,,,,,,,,,,,
Gusu District (Suzhou),China,"924,500",Balanced,Best Area,61.2,2.2,105%,95%,63.4,6.5,40,Other,Yes,31.34,120.61,,,,,,,,,,,,,,,,,,,,,
Gusu District (Suzhou),China,"924,500",Destination,City Wide,33.4,24.5,96%,103%,58.3,-2.4,16,Other,Yes,31.34,120.61,,,,,,,,,,,,,,,,,,,,,
Gusu District (Suzhou),China,"924,500",Destination,Best Area,57.9,0.7,105%,95%,58.6,6.5,40,Other,Yes,31.34,120.61,,,,,,,,,,,,,,,,,,,,,
Darwin,NT(AU),"130,886",Infrastructure,City Wide,64.3,1.1,107%,93%,65.4,8.6,51,Other,,-12.40,130.88,,,,,,,,,,,,,,,,,,,,,
Darwin,NT(AU),"130,886",Infrastructure,Best Area,65.4,0.9,107%,92%,66.3,8.9,51,Other,,-12.40,130.88,,,,,,,,,,,,,,,,,,,,,
Darwin,NT(AU),"130,886",Balanced,City Wide,60.2,0.9,107%,93%,61.1,8.6,51,Other,,-12.40,130.88,,,,,,,,,,,,,,,,,,,,,
Darwin,NT(AU),"130,886",Balanced,Best Area,61.1,0.7,107%,92%,61.8,8.9,51,Other,,-12.40,130.88,,,,,,,,,,,,,,,,,,,,,
Darwin,NT(AU),"130,886",Destination,City Wide,55.7,0.8,107%,93%,56.5,8.6,51,Other,,-12.40,130.88,,,,,,,,,,,,,,,,,,,,,
Darwin,NT(AU),"130,886",Destination,Best Area,56.5,0.5,107%,92%,57.0,8.9,51,Other,,-12.40,130.88,,,,,,,,,,,,,,,,,,,,,
Medellin,Colombia,"2,659,745",Infrastructure,City Wide,31.1,22.3,84%,113%,54.0,-11.0,41,Other,,6.27,-75.60,,,,,,,,,,,,,,,,,,,,,
Medellin,Colombia,"2,659,745",Infrastructure,Best Area,53.4,1.3,88%,111%,54.7,-14.4,41,Other,,6.27,-75.60,,,,,,,,,,,,,,,,,,,,,
Medellin,Colombia,"2,659,745",Balanced,City Wide,37.1,23.9,84%,113%,61.5,-11.0,41,Other,,6.27,-75.60,,,,,,,,,,,,,,,,,,,,,
Medellin,Colombia,"2,659,745",Balanced,Best Area,61.0,1.8,88%,111%,62.8,-14.4,41,Other,,6.27,-75.60,,,,,,,,,,,,,,,,,,,,,
Medellin,Colombia,"2,659,745",Destination,City Wide,42.1,25.7,84%,113%,68.4,-11.0,41,Other,,6.27,-75.60,,,,,,,,,,,,,,,,,,,,,
Medellin,Colombia,"2,659,745",Destination,Best Area,67.8,2.3,88%,111%,70.1,-14.4,41,Other,,6.27,-75.60,,,,,,,,,,,,,,,,,,,,,
Santa Monica,CA,"91,535",Infrastructure,City Wide,54.7,1.4,92%,107%,56.3,-8.7,85,NA,,34.02,-118.49,,,,,,,,,,,,,,,,,,,,,
Santa Monica,CA,"91,535",Infrastructure,Best Area,56.1,0.5,92%,107%,56.6,-9.3,85,NA,,34.02,-118.49,,,,,,,,,,,,,,,,,,,,,
Santa Monica,CA,"91,535",Balanced,City Wide,59.2,1.7,92%,107%,61.3,-8.7,85,NA,,34.02,-118.49,,,,,,,,,,,,,,,,,,,,,
Santa Monica,CA,"91,535",Balanced,Best Area,60.9,0.5,92%,107%,61.4,-9.3,85,NA,,34.02,-118.49,,,,,,,,,,,,,,,,,,,,,
Santa Monica,CA,"91,535",Destination,City Wide,63.4,2.0,92%,107%,65.9,-8.7,85,NA,,34.02,-118.49,,,,,,,,,,,,,,,,,,,,,
Santa Monica,CA,"91,535",Destination,Best Area,65.4,0.6,92%,107%,66.0,-9.3,85,NA,,34.02,-118.49,,,,,,,,,,,,,,,,,,,,,
Timisoara,Romania,"250,849",Infrastructure,City Wide,48.4,9.1,93%,106%,57.9,-6.8,88,EU,,45.75,21.23,,,,,,,,,,,,,,,,,,,,,
Timisoara,Romania,"250,849",Infrastructure,Best Area,57.5,0.9,94%,105%,58.4,-6.6,88,EU,,45.75,21.23,,,,,,,,,,,,,,,,,,,,,
Timisoara,Romania,"250,849",Balanced,City Wide,51.9,9.0,93%,106%,61.0,-6.8,88,EU,,45.75,21.23,,,,,,,,,,,,,,,,,,,,,
Timisoara,Romania,"250,849",Balanced,Best Area,60.9,0.2,94%,105%,61.1,-6.6,88,EU,,45.75,21.23,,,,,,,,,,,,,,,,,,,,,
Timisoara,Romania,"250,849",Destination,City Wide,55.2,8.9,93%,106%,64.2,-6.8,88,EU,,45.75,21.23,,,,,,,,,,,,,,,,,,,,,
Timisoara,Romania,"250,849",Destination,Best Area,64.1,1.0,94%,105%,65.1,-6.6,88,EU,,45.75,21.23,,,,,,,,,,,,,,,,,,,,,
Aurora,CO,"390,201",Infrastructure,City Wide,51.0,12.7,107%,92%,64.5,7.0,43,NA,,39.74,-104.83,,,,,,,,,,,,,,,,,,,,,
Aurora,CO,"390,201",Infrastructure,Best Area,63.7,4.7,105%,95%,68.4,5.6,80,NA,,39.74,-104.83,,,,,,,,,,,,,,,,,,,,,
Aurora,CO,"390,201",Balanced,City Wide,47.6,13.3,107%,92%,61.7,7.0,43,NA,,39.74,-104.83,,,,,,,,,,,,,,,,,,,,,
Aurora,CO,"390,201",Balanced,Best Area,60.9,7.6,105%,95%,68.5,5.6,80,NA,,39.74,-104.83,,,,,,,,,,,,,,,,,,,,,
Aurora,CO,"390,201",Destination,City Wide,44.0,14.1,107%,92%,58.7,7.0,43,NA,,39.74,-104.83,,,,,,,,,,,,,,,,,,,,,
Aurora,CO,"390,201",Destination,Best Area,58.1,10.5,105%,95%,68.6,5.6,80,NA,,39.74,-104.83,,,,,,,,,,,,,,,,,,,,,
Davis,CA,"66,801",Infrastructure,City Wide,66.6,0.2,110%,89%,66.8,12.7,43,NA,,38.54,-121.74,,,,,,,,,,,,,,,,,,,,,
Davis,CA,"66,801",Infrastructure,Best Area,66.8,0.1,110%,89%,66.9,12.8,43,NA,,38.54,-121.74,,,,,,,,,,,,,,,,,,,,,
Davis,CA,"66,801",Balanced,City Wide,60.6,0.1,110%,89%,60.7,12.7,43,NA,,38.54,-121.74,,,,,,,,,,,,,,,,,,,,,
Davis,CA,"66,801",Balanced,Best Area,60.7,0.1,110%,89%,60.8,12.8,43,NA,,38.54,-121.74,,,,,,,,,,,,,,,,,,,,,
Davis,CA,"66,801",Destination,City Wide,53.9,0.1,110%,89%,54.0,12.7,43,NA,,38.54,-121.74,,,,,,,,,,,,,,,,,,,,,
Davis,CA,"66,801",Destination,Best Area,54.0,0.0,110%,89%,54.0,12.8,43,NA,,38.54,-121.74,,,,,,,,,,,,,,,,,,,,,
Hoboken,NJ,"58,340",Infrastructure,City Wide,56.4,0.4,94%,106%,56.8,-7.4,77,NA,,40.74,-74.03,,,,,,,,,,,,,,,,,,,,,
Hoboken,NJ,"58,340",Infrastructure,Best Area,56.8,0.0,94%,106%,56.8,-7.2,77,NA,,40.74,-74.03,,,,,,,,,,,,,,,,,,,,,
Hoboken,NJ,"58,340",Balanced,City Wide,60.2,0.3,94%,106%,60.5,-7.4,77,NA,,40.74,-74.03,,,,,,,,,,,,,,,,,,,,,
Hoboken,NJ,"58,340",Balanced,Best Area,60.5,0.0,94%,106%,60.5,-7.2,77,NA,,40.74,-74.03,,,,,,,,,,,,,,,,,,,,,
Hoboken,NJ,"58,340",Destination,City Wide,63.8,0.2,94%,106%,64.0,-7.4,77,NA,,40.74,-74.03,,,,,,,,,,,,,,,,,,,,,
Hoboken,NJ,"58,340",Destination,Best Area,64.0,0.0,94%,106%,64.0,-7.2,77,NA,,40.74,-74.03,,,,,,,,,,,,,,,,,,,,,
Ann Arbor,MI,"121,179",Infrastructure,City Wide,61.6,0.8,103%,97%,62.5,3.6,76,NA,,42.28,-83.75,,,,,,,,,,,,,,,,,,,,,
Ann Arbor,MI,"121,179",Infrastructure,Best Area,62.4,0.5,103%,98%,62.9,3.3,76,NA,,42.28,-83.75,,,,,,,,,,,,,,,,,,,,,
Ann Arbor,MI,"121,179",Balanced,City Wide,59.8,0.7,103%,97%,60.5,3.6,76,NA,,42.28,-83.75,,,,,,,,,,,,,,,,,,,,,
Ann Arbor,MI,"121,179",Balanced,Best Area,60.5,0.2,103%,98%,60.7,3.3,76,NA,,42.28,-83.75,,,,,,,,,,,,,,,,,,,,,
Ann Arbor,MI,"121,179",Destination,City Wide,58.0,1.1,103%,97%,59.2,3.6,76,NA,,42.28,-83.75,,,,,,,,,,,,,,,,,,,,,
Ann Arbor,MI,"121,179",Destination,Best Area,59.1,0.3,103%,98%,59.4,3.3,76,NA,,42.28,-83.75,,,,,,,,,,,,,,,,,,,,,
Fayetteville,AR,"97,227",Infrastructure,City Wide,60.9,3.2,107%,93%,64.3,7.9,73,NA,,36.06,-94.16,,,,,,,,,,,,,,,,,,,,,
Fayetteville,AR,"97,227",Infrastructure,Best Area,64.1,0.7,106%,93%,64.8,7.7,73,NA,,36.06,-94.16,,,,,,,,,,,,,,,,,,,,,
Fayetteville,AR,"97,227",Balanced,City Wide,57.1,3.3,107%,93%,60.4,7.9,73,NA,,36.06,-94.16,,,,,,,,,,,,,,,,,,,,,
Fayetteville,AR,"97,227",Balanced,Best Area,60.4,0.5,106%,93%,60.9,7.7,73,NA,,36.06,-94.16,,,,,,,,,,,,,,,,,,,,,
Fayetteville,AR,"97,227",Destination,City Wide,53.0,3.4,107%,93%,56.4,7.9,73,NA,,36.06,-94.16,,,,,,,,,,,,,,,,,,,,,
Fayetteville,AR,"97,227",Destination,Best Area,56.4,0.3,106%,93%,56.7,7.7,73,NA,,36.06,-94.16,,,,,,,,,,,,,,,,,,,,,
Mackinac Island,MI,663,Infrastructure,City Wide,69.5,0.1,115%,82%,69.6,20.2,38,NA,,45.85,-84.62,,,,,,,,,,,,,,,,,,,,,
Mackinac Island,MI,663,Infrastructure,Best Area,69.6,0.0,115%,82%,69.6,20.2,69,NA,,45.85,-84.62,,,,,,,,,,,,,,,,,,,,,
Mackinac Island,MI,663,Balanced,City Wide,60.2,0.1,115%,82%,60.3,20.2,38,NA,,45.85,-84.62,,,,,,,,,,,,,,,,,,,,,
Mackinac Island,MI,663,Balanced,Best Area,60.3,0.0,115%,82%,60.3,20.2,69,NA,,45.85,-84.62,,,,,,,,,,,,,,,,,,,,,
Mackinac Island,MI,663,Destination,City Wide,49.3,0.1,115%,82%,49.4,20.2,38,NA,,45.85,-84.62,,,,,,,,,,,,,,,,,,,,,
Mackinac Island,MI,663,Destination,Best Area,49.4,0.0,115%,82%,49.4,20.2,69,NA,,45.85,-84.62,,,,,,,,,,,,,,,,,,,,,
Metro Manila,Philippines,"14,001,751",Infrastructure,City Wide,40.4,10.8,84%,114%,52.3,-14.3,71,Other,,14.57,121.03,,,,,,,,,,,,,,,,,,,,,
Metro Manila,Philippines,"14,001,751",Infrastructure,Best Area,51.2,4.3,85%,114%,55.5,-17.5,71,Other,,14.57,121.03,,,,,,,,,,,,,,,,,,,,,
Metro Manila,Philippines,"14,001,751",Balanced,City Wide,48.0,12.3,84%,114%,61.7,-14.3,71,Other,,14.57,121.03,,,,,,,,,,,,,,,,,,,,,
Metro Manila,Philippines,"14,001,751",Balanced,Best Area,60.3,3.8,85%,114%,64.1,-17.5,71,Other,,14.57,121.03,,,,,,,,,,,,,,,,,,,,,
Metro Manila,Philippines,"14,001,751",Destination,City Wide,54.7,14.0,84%,114%,70.3,-14.3,71,Other,,14.57,121.03,,,,,,,,,,,,,,,,,,,,,
Metro Manila,Philippines,"14,001,751",Destination,Best Area,68.7,3.1,85%,114%,71.8,-17.5,71,Other,,14.57,121.03,,,,,,,,,,,,,,,,,,,,,
Swansea,United Kingdom,"255,673",Infrastructure,City Wide,44.8,16.6,101%,99%,62.4,0.8,68,EU,,51.65,-4.00,,,,,,,,,,,,,,,,,,,,,
Swansea,United Kingdom,"255,673",Infrastructure,Best Area,61.4,1.5,102%,98%,62.9,2.2,68,EU,,51.65,-4.00,,,,,,,,,,,,,,,,,,,,,
Swansea,United Kingdom,"255,673",Balanced,City Wide,44.4,15.9,101%,99%,61.2,0.8,68,EU,,51.65,-4.00,,,,,,,,,,,,,,,,,,,,,
Swansea,United Kingdom,"255,673",Balanced,Best Area,60.3,1.2,102%,98%,61.5,2.2,68,EU,,51.65,-4.00,,,,,,,,,,,,,,,,,,,,,
Swansea,United Kingdom,"255,673",Destination,City Wide,44.0,15.2,101%,99%,59.9,0.8,68,EU,,51.65,-4.00,,,,,,,,,,,,,,,,,,,,,
Swansea,United Kingdom,"255,673",Destination,Best Area,59.2,0.9,102%,98%,60.1,2.2,68,EU,,51.65,-4.00,,,,,,,,,,,,,,,,,,,,,
Taoyuan City,Taiwan,"2,300,000",Infrastructure,City Wide,48.0,4.5,86%,113%,52.7,-15.2,29,Other,,24.99,121.30,,,,,,,,,,,,,,,,,,,,,
Taoyuan City,Taiwan,"2,300,000",Infrastructure,Best Area,52.5,0.3,87%,111%,52.8,-14.5,29,Other,,24.99,121.30,,,,,,,,,,,,,,,,,,,,,
Taoyuan City,Taiwan,"2,300,000",Balanced,City Wide,56.1,4.0,86%,113%,60.4,-15.2,29,Other,,24.99,121.30,,,,,,,,,,,,,,,,,,,,,
Taoyuan City,Taiwan,"2,300,000",Balanced,Best Area,60.1,0.5,87%,111%,60.6,-14.5,29,Other,,24.99,121.30,,,,,,,,,,,,,,,,,,,,,
Taoyuan City,Taiwan,"2,300,000",Destination,City Wide,63.2,3.8,86%,113%,67.3,-15.2,29,Other,,24.99,121.30,,,,,,,,,,,,,,,,,,,,,
Taoyuan City,Taiwan,"2,300,000",Destination,Best Area,67.0,0.7,87%,111%,67.7,-14.5,29,Other,,24.99,121.30,,,,,,,,,,,,,,,,,,,,,
Jersey City,NJ,"300,000",Infrastructure,City Wide,52.1,4.4,96%,105%,56.5,-5.0,70,NA,,40.72,-74.05,,,,,,,,,,,,,,,,,,,,,
Jersey City,NJ,"300,000",Infrastructure,Best Area,56.5,0.7,94%,106%,57.2,-7.1,70,NA,,40.72,-74.05,,,,,,,,,,,,,,,,,,,,,
Jersey City,NJ,"300,000",Balanced,City Wide,54.5,5.5,96%,105%,60.1,-5.0,70,NA,,40.72,-74.05,,,,,,,,,,,,,,,,,,,,,
Jersey City,NJ,"300,000",Balanced,Best Area,60.0,0.2,94%,106%,60.2,-7.1,70,NA,,40.72,-74.05,,,,,,,,,,,,,,,,,,,,,
Jersey City,NJ,"300,000",Destination,City Wide,57.1,6.5,96%,105%,63.6,-5.0,70,NA,,40.72,-74.05,,,,,,,,,,,,,,,,,,,,,
Jersey City,NJ,"300,000",Destination,Best Area,63.6,0.1,94%,106%,63.7,-7.1,70,NA,,40.72,-74.05,,,,,,,,,,,,,,,,,,,,,
Debrecen,Hungary,"200,974",Infrastructure,City Wide,53.2,7.3,101%,99%,61.0,1.4,66,EU,,47.53,21.63,,,,,,,,,,,,,,,,,,,,,
Debrecen,Hungary,"200,974",Infrastructure,Best Area,60.5,0.9,101%,99%,61.4,0.9,66,EU,,47.53,21.63,,,,,,,,,,,,,,,,,,,,,
Debrecen,Hungary,"200,974",Balanced,City Wide,52.5,7.5,101%,99%,60.4,1.4,66,EU,,47.53,21.63,,,,,,,,,,,,,,,,,,,,,
Debrecen,Hungary,"200,974",Balanced,Best Area,60.0,0.7,101%,99%,60.7,0.9,66,EU,,47.53,21.63,,,,,,,,,,,,,,,,,,,,,
Debrecen,Hungary,"200,974",Destination,City Wide,51.8,7.8,101%,99%,59.9,1.4,66,EU,,47.53,21.63,,,,,,,,,,,,,,,,,,,,,
Debrecen,Hungary,"200,974",Destination,Best Area,59.6,0.4,101%,99%,60.0,0.9,66,EU,,47.53,21.63,,,,,,,,,,,,,,,,,,,,,
Detroit,MI,"636,644",Infrastructure,City Wide,48.7,10.2,99%,101%,60.2,-1.4,65,NA,,42.33,-83.05,,,,,,,,,,,,,,,,,,,,,
Detroit,MI,"636,644",Infrastructure,Best Area,58.9,2.9,98%,102%,61.8,-1.8,73,NA,,42.33,-83.05,,,,,,,,,,,,,,,,,,,,,
Detroit,MI,"636,644",Balanced,City Wide,49.4,10.4,99%,101%,60.9,-1.4,65,NA,,42.33,-83.05,,,,,,,,,,,,,,,,,,,,,
Detroit,MI,"636,644",Balanced,Best Area,59.8,2.9,98%,102%,62.7,-1.8,73,NA,,42.33,-83.05,,,,,,,,,,,,,,,,,,,,,
Detroit,MI,"636,644",Destination,City Wide,50.1,10.6,99%,101%,61.8,-1.4,65,NA,,42.33,-83.05,,,,,,,,,,,,,,,,,,,,,
Detroit,MI,"636,644",Destination,Best Area,60.7,2.8,98%,102%,63.5,-1.8,73,NA,,42.33,-83.05,,,,,,,,,,,,,,,,,,,,,
Oakland,CA,"438,072",Infrastructure,City Wide,41.1,14.0,94%,105%,56.8,-4.6,64,NA,,37.80,-122.27,,,,,,,,,,,,,,,,,,,,,
Oakland,CA,"438,072",Infrastructure,Best Area,55.1,4.0,92%,108%,59.1,-9.2,64,NA,,37.80,-122.27,,,,,,,,,,,,,,,,,,,,,
Oakland,CA,"438,072",Balanced,City Wide,43.5,16.3,94%,105%,61.3,-4.6,64,NA,,37.80,-122.27,,,,,,,,,,,,,,,,,,,,,
Oakland,CA,"438,072",Balanced,Best Area,59.8,4.1,92%,108%,63.9,-9.2,64,NA,,37.80,-122.27,,,,,,,,,,,,,,,,,,,,,
Oakland,CA,"438,072",Destination,City Wide,45.7,18.6,94%,105%,65.6,-4.6,64,NA,,37.80,-122.27,,,,,,,,,,,,,,,,,,,,,
Oakland,CA,"438,072",Destination,Best Area,64.3,5.4,92%,108%,69.7,-9.2,64,NA,,37.80,-122.27,,,,,,,,,,,,,,,,,,,,,
Henderson,NV,"324,523",Infrastructure,City Wide,57.1,10.0,111%,87%,67.8,12.2,27,NA,,36.03,-114.98,,,,,,,,,,,,,,,,,,,,,
Henderson,NV,"324,523",Infrastructure,Best Area,67.1,3.2,112%,88%,70.3,14.7,61,NA,,36.03,-114.98,,,,,,,,,,,,,,,,,,,,,
Henderson,NV,"324,523",Balanced,City Wide,51.4,8.3,111%,87%,60.5,12.2,27,NA,,36.03,-114.98,,,,,,,,,,,,,,,,,,,,,
Henderson,NV,"324,523",Balanced,Best Area,59.7,2.8,112%,88%,62.5,14.7,61,NA,,36.03,-114.98,,,,,,,,,,,,,,,,,,,,,
Henderson,NV,"324,523",Destination,City Wide,44.9,7.5,111%,87%,53.5,12.2,27,NA,,36.03,-114.98,,,,,,,,,,,,,,,,,,,,,
Henderson,NV,"324,523",Destination,Best Area,52.4,2.5,112%,88%,54.9,14.7,61,NA,,36.03,-114.98,,,,,,,,,,,,,,,,,,,,,
Cluj-Napoca,Romania,"286,598",Infrastructure,City Wide,40.8,10.9,88%,111%,52.0,-10.5,73,EU,,46.77,23.59,,,,,,,,,,,,,,,,,,,,,
Cluj-Napoca,Romania,"286,598",Infrastructure,Best Area,51.7,1.0,87%,112%,52.7,-15.4,73,EU,,46.77,23.59,,,,,,,,,,,,,,,,,,,,,
Cluj-Napoca,Romania,"286,598",Balanced,City Wide,46.4,13.3,88%,111%,60.2,-10.5,73,EU,,46.77,23.59,,,,,,,,,,,,,,,,,,,,,
Cluj-Napoca,Romania,"286,598",Balanced,Best Area,59.7,0.7,87%,112%,60.4,-15.4,73,EU,,46.77,23.59,,,,,,,,,,,,,,,,,,,,,
Cluj-Napoca,Romania,"286,598",Destination,City Wide,51.3,15.8,88%,111%,68.0,-10.5,73,EU,,46.77,23.59,,,,,,,,,,,,,,,,,,,,,
Cluj-Napoca,Romania,"286,598",Destination,Best Area,67.1,1.3,87%,112%,68.4,-15.4,73,EU,,46.77,23.59,,,,,,,,,,,,,,,,,,,,,
Ferrara,Italy,"132,000",Infrastructure,City Wide,37.5,23.8,105%,94%,62.0,4.0,37,EU,,44.84,11.62,,,,,,,,,,,,,,,,,,,,,
Ferrara,Italy,"132,000",Infrastructure,Best Area,61.3,2.9,103%,98%,64.2,2.8,44,EU,,44.84,11.62,,,,,,,,,,,,,,,,,,,,,
Ferrara,Italy,"132,000",Balanced,City Wide,35.6,24.1,105%,94%,60.1,4.0,34,EU,,44.84,11.62,,,,,,,,,,,,,,,,,,,,,
Ferrara,Italy,"132,000",Balanced,Best Area,59.7,1.9,103%,98%,61.6,2.8,44,EU,,44.84,11.62,,,,,,,,,,,,,,,,,,,,,
Ferrara,Italy,"132,000",Destination,City Wide,33.5,25.0,105%,94%,58.6,4.0,34,EU,,44.84,11.62,,,,,,,,,,,,,,,,,,,,,
Ferrara,Italy,"132,000",Destination,Best Area,58.5,0.9,103%,98%,59.4,2.8,44,EU,,44.84,11.62,,,,,,,,,,,,,,,,,,,,,
Kaunas,Lithuania,"305,120",Infrastructure,City Wide,50.0,11.7,104%,96%,62.0,4.1,68,EU,,54.90,23.90,,,,,,,,,,,,,,,,,,,,,
Kaunas,Lithuania,"305,120",Infrastructure,Best Area,61.7,0.9,104%,97%,62.6,4.1,88,EU,,54.90,23.90,,,,,,,,,,,,,,,,,,,,,
Kaunas,Lithuania,"305,120",Balanced,City Wide,48.0,11.6,104%,96%,59.7,4.1,68,EU,,54.90,23.90,,,,,,,,,,,,,,,,,,,,,
Kaunas,Lithuania,"305,120",Balanced,Best Area,59.6,1.0,104%,97%,60.6,4.1,88,EU,,54.90,23.90,,,,,,,,,,,,,,,,,,,,,
Kaunas,Lithuania,"305,120",Destination,City Wide,45.9,11.7,104%,96%,58.2,4.1,68,EU,,54.90,23.90,,,,,,,,,,,,,,,,,,,,,
Kaunas,Lithuania,"305,120",Destination,Best Area,57.6,1.1,104%,97%,58.7,4.1,88,EU,,54.90,23.90,,,,,,,,,,,,,,,,,,,,,
Wellington,New Zealand,"215,400",Infrastructure,City Wide,35.3,21.1,92%,106%,56.7,-5.3,83,Other,,-41.29,174.78,,,,,,,,,,,,,,,,,,,,,
Wellington,New Zealand,"215,400",Infrastructure,Best Area,56.4,4.6,95%,105%,61.0,-6.1,83,Other,,-41.29,174.78,,,,,,,,,,,,,,,,,,,,,
Wellington,New Zealand,"215,400",Balanced,City Wide,38.2,21.4,92%,106%,60.0,-5.3,83,Other,,-41.29,174.78,,,,,,,,,,,,,,,,,,,,,
Wellington,New Zealand,"215,400",Balanced,Best Area,59.6,2.3,95%,105%,61.9,-6.1,83,Other,,-41.29,174.78,,,,,,,,,,,,,,,,,,,,,
Wellington,New Zealand,"215,400",Destination,City Wide,40.6,21.9,92%,106%,62.8,-5.3,83,Other,,-41.29,174.78,,,,,,,,,,,,,,,,,,,,,
Wellington,New Zealand,"215,400",Destination,Best Area,62.5,0.6,95%,105%,63.1,-6.1,83,Other,,-41.29,174.78,,,,,,,,,,,,,,,,,,,,,
Kingston upon Hull,United Kingdom,"281,556",Infrastructure,City Wide,58.5,1.9,102%,98%,60.6,2.0,66,EU,,53.76,-0.33,,,,,,,,,,,,,,,,,,,,,
Kingston upon Hull,United Kingdom,"281,556",Infrastructure,Best Area,60.4,0.6,102%,98%,61.0,2.0,66,EU,,53.76,-0.33,,,,,,,,,,,,,,,,,,,,,
Kingston upon Hull,United Kingdom,"281,556",Balanced,City Wide,57.5,1.9,102%,98%,59.6,2.0,66,EU,,53.76,-0.33,,,,,,,,,,,,,,,,,,,,,
Kingston upon Hull,United Kingdom,"281,556",Balanced,Best Area,59.4,0.5,102%,98%,59.9,2.0,66,EU,,53.76,-0.33,,,,,,,,,,,,,,,,,,,,,
Kingston upon Hull,United Kingdom,"281,556",Destination,City Wide,56.5,1.9,102%,98%,58.5,2.0,66,EU,,53.76,-0.33,,,,,,,,,,,,,,,,,,,,,
Kingston upon Hull,United Kingdom,"281,556",Destination,Best Area,58.4,0.7,102%,98%,59.1,2.0,66,EU,,53.76,-0.33,,,,,,,,,,,,,,,,,,,,,
Auckland,New Zealand,"1,649,490",Infrastructure,City Wide,29.9,28.6,91%,107%,61.4,-5.4,71,Other,,-36.54,174.55,,,,,,,,,,,,,,,,,,,,,
Auckland,New Zealand,"1,649,490",Infrastructure,Best Area,58.5,7.5,98%,102%,66.0,-1.9,93,Other,,-36.54,174.55,,,,,,,,,,,,,,,,,,,,,
Auckland,New Zealand,"1,649,490",Balanced,City Wide,33.0,26.4,91%,107%,61.9,-5.4,71,Other,,-36.54,174.55,,,,,,,,,,,,,,,,,,,,,
Auckland,New Zealand,"1,649,490",Balanced,Best Area,59.4,10.7,98%,102%,70.1,-1.9,93,Other,,-36.54,174.55,,,,,,,,,,,,,,,,,,,,,
Auckland,New Zealand,"1,649,490",Destination,City Wide,35.3,25.1,91%,107%,65.8,-5.4,71,Other,,-36.54,174.55,,,,,,,,,,,,,,,,,,,,,
Auckland,New Zealand,"1,649,490",Destination,Best Area,60.4,13.7,98%,102%,74.1,-1.9,93,Other,,-36.54,174.55,,,,,,,,,,,,,,,,,,,,,
Saint-Etienne,France,"170,000",Infrastructure,City Wide,46.7,5.6,90%,110%,52.5,-10.5,55,EU,,45.44,4.39,,,,,,,,,,,,,,,,,,,,,
Saint-Etienne,France,"170,000",Infrastructure,Best Area,52.3,0.2,88%,111%,52.5,-13.2,55,EU,,45.44,4.39,,,,,,,,,,,,,,,,,,,,,
Saint-Etienne,France,"170,000",Balanced,City Wide,52.1,7.1,90%,110%,59.3,-10.5,55,EU,,45.44,4.39,,,,,,,,,,,,,,,,,,,,,
Saint-Etienne,France,"170,000",Balanced,Best Area,59.2,0.2,88%,111%,59.4,-13.2,55,EU,,45.44,4.39,,,,,,,,,,,,,,,,,,,,,
Saint-Etienne,France,"170,000",Destination,City Wide,57.2,8.3,90%,110%,65.7,-10.5,55,EU,,45.44,4.39,,,,,,,,,,,,,,,,,,,,,
Saint-Etienne,France,"170,000",Destination,Best Area,65.5,0.3,88%,111%,65.8,-13.2,55,EU,,45.44,4.39,,,,,,,,,,,,,,,,,,,,,
Fargo,ND,"129,064",Infrastructure,City Wide,61.9,2.3,109%,91%,64.2,10.4,31,NA,,46.88,-96.79,,,,,,,,,,,,,,,,,,,,,
Fargo,ND,"129,064",Infrastructure,Best Area,64.2,1.6,109%,91%,65.8,10.5,31,NA,,46.88,-96.79,,,,,,,,,,,,,,,,,,,,,
Fargo,ND,"129,064",Balanced,City Wide,56.9,2.2,109%,91%,59.1,10.4,31,NA,,46.88,-96.79,,,,,,,,,,,,,,,,,,,,,
Fargo,ND,"129,064",Balanced,Best Area,59.1,1.7,109%,91%,60.8,10.5,31,NA,,46.88,-96.79,,,,,,,,,,,,,,,,,,,,,
Fargo,ND,"129,064",Destination,City Wide,51.5,2.2,109%,91%,53.7,10.4,31,NA,,46.88,-96.79,,,,,,,,,,,,,,,,,,,,,
Fargo,ND,"129,064",Destination,Best Area,53.7,1.8,109%,91%,55.5,10.5,31,NA,,46.88,-96.79,,,,,,,,,,,,,,,,,,,,,
Saskatoon,SK,"320,000",Infrastructure,City Wide,57.3,4.9,106%,93%,62.2,7.0,84,NA,,52.13,-106.66,,,,,,,,,,,,,,,,,,,,,
Saskatoon,SK,"320,000",Infrastructure,Best Area,62.2,0.5,105%,95%,62.7,6.1,94,NA,,52.13,-106.66,,,,,,,,,,,,,,,,,,,,,
Saskatoon,SK,"320,000",Balanced,City Wide,53.9,5.2,106%,93%,59.3,7.0,84,NA,,52.13,-106.66,,,,,,,,,,,,,,,,,,,,,
Saskatoon,SK,"320,000",Balanced,Best Area,59.1,0.4,105%,95%,59.5,6.1,94,NA,,52.13,-106.66,,,,,,,,,,,,,,,,,,,,,
Saskatoon,SK,"320,000",Destination,City Wide,50.3,5.8,106%,93%,56.3,7.0,84,NA,,52.13,-106.66,,,,,,,,,,,,,,,,,,,,,
Saskatoon,SK,"320,000",Destination,Best Area,56.1,0.8,105%,95%,56.9,6.1,94,NA,,52.13,-106.66,,,,,,,,,,,,,,,,,,,,,
Columbus,OH,906480,Infrastructure,City Wide,41.1,18.4,101%,99%,60.8,1.1,35,NA,,39.96,-83.00,,,,,,,,,,,,,,,,,,,,,
Columbus,OH,906480,Infrastructure,Best Area,59.5,5.9,101%,101%,65.4,0.1,51,NA,,39.96,-83.00,,,,,,,,,,,,,,,,,,,,,
Columbus,OH,906480,Balanced,City Wide,40.6,18.4,101%,99%,61.0,1.1,35,NA,,39.96,-83.00,,,,,,,,,,,,,,,,,,,,,
Columbus,OH,906480,Balanced,Best Area,59.0,5.0,101%,101%,64.0,0.1,51,NA,,39.96,-83.00,,,,,,,,,,,,,,,,,,,,,
Columbus,OH,906480,Destination,City Wide,40.0,19.4,101%,99%,61.6,1.1,35,NA,,39.96,-83.00,,,,,,,,,,,,,,,,,,,,,
Columbus,OH,906480,Destination,Best Area,59.4,5.3,101%,101%,64.7,0.1,51,NA,,39.96,-83.00,,,,,,,,,,,,,,,,,,,,,
Boise,ID,"235,701",Infrastructure,City Wide,54.3,7.6,106%,94%,62.0,6.1,62,NA,,43.62,-116.20,,,,,,,,,,,,,,,,,,,,,
Boise,ID,"235,701",Infrastructure,Best Area,61.9,1.8,105%,95%,63.7,6.1,86,NA,,43.62,-116.20,,,,,,,,,,,,,,,,,,,,,
Boise,ID,"235,701",Balanced,City Wide,51.4,7.4,106%,94%,59.2,6.1,60,NA,,43.62,-116.20,,,,,,,,,,,,,,,,,,,,,
Boise,ID,"235,701",Balanced,Best Area,58.8,1.7,105%,95%,60.5,6.1,86,NA,,43.62,-116.20,,,,,,,,,,,,,,,,,,,,,
Boise,ID,"235,701",Destination,City Wide,48.2,7.6,106%,94%,56.1,6.1,60,NA,,43.62,-116.20,,,,,,,,,,,,,,,,,,,,,
Boise,ID,"235,701",Destination,Best Area,55.8,1.5,105%,95%,57.3,6.1,86,NA,,43.62,-116.20,,,,,,,,,,,,,,,,,,,,,
Kyiv,Ukraine,"2,952,301",Infrastructure,City Wide,41.8,12.6,90%,109%,56.4,-9.0,66,EU,,50.45,30.52,,,,,,,,,,,,,,,,,,,,,
Kyiv,Ukraine,"2,952,301",Infrastructure,Best Area,54.4,10.3,93%,108%,64.7,-9.0,66,EU,,50.45,30.52,,,,,,,,,,,,,,,,,,,,,
Kyiv,Ukraine,"2,952,301",Balanced,City Wide,46.6,12.2,90%,109%,59.8,-9.0,57,EU,,50.45,30.52,,,,,,,,,,,,,,,,,,,,,
Kyiv,Ukraine,"2,952,301",Balanced,Best Area,58.8,9.3,93%,108%,68.1,-9.0,66,EU,,50.45,30.52,,,,,,,,,,,,,,,,,,,,,
Kyiv,Ukraine,"2,952,301",Destination,City Wide,50.8,12.6,90%,109%,64.3,-9.0,57,EU,,50.45,30.52,,,,,,,,,,,,,,,,,,,,,
Kyiv,Ukraine,"2,952,301",Destination,Best Area,63.4,9.7,93%,108%,73.1,-9.0,66,EU,,50.45,30.52,,,,,,,,,,,,,,,,,,,,,
Minato (Tokyo),Japan,"268,783",Infrastructure,City Wide,42.0,2.5,75%,121%,44.8,-25.9,40,Other,Yes,35.66,139.75,,,,,,,,,,,,,,,,,,,,,
Minato (Tokyo),Japan,"268,783",Infrastructure,Best Area,44.5,0.5,76%,120%,45.0,-26.0,40,Other,Yes,35.66,139.75,,,,,,,,,,,,,,,,,,,,,
Minato (Tokyo),Japan,"268,783",Balanced,City Wide,56.3,2.3,75%,121%,58.7,-25.9,40,Other,Yes,35.66,139.75,,,,,,,,,,,,,,,,,,,,,
Minato (Tokyo),Japan,"268,783",Balanced,Best Area,58.6,0.2,76%,120%,58.8,-26.0,40,Other,Yes,35.66,139.75,,,,,,,,,,,,,,,,,,,,,
Minato (Tokyo),Japan,"268,783",Destination,City Wide,67.9,2.6,75%,121%,70.6,-25.9,40,Other,Yes,35.66,139.75,,,,,,,,,,,,,,,,,,,,,
Minato (Tokyo),Japan,"268,783",Destination,Best Area,70.5,0.6,76%,120%,71.1,-26.0,40,Other,Yes,35.66,139.75,,,,,,,,,,,,,,,,,,,,,
Bucharest,Romania,"1,750,000",Infrastructure,City Wide,36.6,12.2,81%,116%,50.8,-15.8,93,EU,,44.44,26.10,,,,,,,,,,,,,,,,,,,,,
Bucharest,Romania,"1,750,000",Infrastructure,Best Area,48.8,3.1,84%,114%,51.9,-17.8,93,EU,,44.44,26.10,,,,,,,,,,,,,,,,,,,,,
Bucharest,Romania,"1,750,000",Balanced,City Wide,45.1,13.2,81%,116%,59.7,-15.8,93,EU,,44.44,26.10,,,,,,,,,,,,,,,,,,,,,
Bucharest,Romania,"1,750,000",Balanced,Best Area,58.3,3.9,84%,114%,62.2,-17.8,93,EU,,44.44,26.10,,,,,,,,,,,,,,,,,,,,,
Bucharest,Romania,"1,750,000",Destination,City Wide,52.4,14.2,81%,116%,68.3,-15.8,93,EU,,44.44,26.10,,,,,,,,,,,,,,,,,,,,,
Bucharest,Romania,"1,750,000",Destination,Best Area,66.6,4.9,84%,114%,71.5,-17.8,93,EU,,44.44,26.10,,,,,,,,,,,,,,,,,,,,,
Lincoln,NE,"291,932",Infrastructure,City Wide,54.3,5.0,103%,97%,59.5,2.9,90,NA,,40.81,-96.71,,,,,,,,,,,,,,,,,,,,,
Lincoln,NE,"291,932",Infrastructure,Best Area,59.3,0.5,102%,98%,59.8,2.2,92,NA,,40.81,-96.71,,,,,,,,,,,,,,,,,,,,,
Lincoln,NE,"291,932",Balanced,City Wide,52.9,5.3,103%,97%,58.3,2.9,90,NA,,40.81,-96.71,,,,,,,,,,,,,,,,,,,,,
Lincoln,NE,"291,932",Balanced,Best Area,58.2,0.6,102%,98%,58.8,2.2,92,NA,,40.81,-96.71,,,,,,,,,,,,,,,,,,,,,
Lincoln,NE,"291,932",Destination,City Wide,51.4,5.7,103%,97%,57.2,2.9,90,NA,,40.81,-96.71,,,,,,,,,,,,,,,,,,,,,
Lincoln,NE,"291,932",Destination,Best Area,57.1,0.8,102%,98%,57.9,2.2,92,NA,,40.81,-96.71,,,,,,,,,,,,,,,,,,,,,
Plovdiv,Bulgaria,"342,048",Infrastructure,City Wide,53.2,1.5,93%,106%,54.4,-7.1,47,EU,,42.14,24.75,,,,,,,,,,,,,,,,,,,,,
Plovdiv,Bulgaria,"342,048",Infrastructure,Best Area,54.7,3.9,94%,107%,58.6,-7.3,47,EU,,42.14,24.75,,,,,,,,,,,,,,,,,,,,,
Plovdiv,Bulgaria,"342,048",Balanced,City Wide,57.0,1.0,93%,106%,58.1,-7.1,47,EU,,42.14,24.75,,,,,,,,,,,,,,,,,,,,,
Plovdiv,Bulgaria,"342,048",Balanced,Best Area,58.0,0.6,94%,107%,58.6,-7.3,47,EU,,42.14,24.75,,,,,,,,,,,,,,,,,,,,,
Plovdiv,Bulgaria,"342,048",Destination,City Wide,60.3,1.7,93%,106%,62.0,-7.1,47,EU,,42.14,24.75,,,,,,,,,,,,,,,,,,,,,
Plovdiv,Bulgaria,"342,048",Destination,Best Area,62.0,0.4,94%,107%,62.4,-7.3,47,EU,,42.14,24.75,,,,,,,,,,,,,,,,,,,,,
Provo,UT,"114,303",Infrastructure,City Wide,55.1,6.5,107%,93%,61.8,7.2,64,NA,,40.23,-111.66,,,,,,,,,,,,,,,,,,,,,
Provo,UT,"114,303",Infrastructure,Best Area,61.6,1.9,106%,93%,63.5,7.4,64,NA,,40.23,-111.66,,,,,,,,,,,,,,,,,,,,,
Provo,UT,"114,303",Balanced,City Wide,51.6,6.4,107%,93%,58.1,7.2,64,NA,,40.23,-111.66,,,,,,,,,,,,,,,,,,,,,
Provo,UT,"114,303",Balanced,Best Area,58.0,1.7,106%,93%,59.7,7.4,64,NA,,40.23,-111.66,,,,,,,,,,,,,,,,,,,,,
Provo,UT,"114,303",Destination,City Wide,47.9,6.3,107%,93%,54.6,7.2,64,NA,,40.23,-111.66,,,,,,,,,,,,,,,,,,,,,
Provo,UT,"114,303",Destination,Best Area,54.2,1.4,106%,93%,55.6,7.4,64,NA,,40.23,-111.66,,,,,,,,,,,,,,,,,,,,,
Surrey,BC,"628,642",Infrastructure,City Wide,50.7,9.2,104%,95%,61.3,4.1,46,NA,,49.19,-122.85,,,,,,,,,,,,,,,,,,,,,
Surrey,BC,"628,642",Infrastructure,Best Area,59.9,2.0,103%,97%,61.9,3.4,80,NA,,49.19,-122.85,,,,,,,,,,,,,,,,,,,,,
Surrey,BC,"628,642",Balanced,City Wide,48.8,9.2,104%,95%,58.6,4.1,46,NA,,49.19,-122.85,,,,,,,,,,,,,,,,,,,,,
Surrey,BC,"628,642",Balanced,Best Area,58.0,1.2,103%,97%,59.2,3.4,80,NA,,49.19,-122.85,,,,,,,,,,,,,,,,,,,,,
Surrey,BC,"628,642",Destination,City Wide,46.6,9.9,104%,95%,56.9,4.1,43,NA,,49.19,-122.85,,,,,,,,,,,,,,,,,,,,,
Surrey,BC,"628,642",Destination,Best Area,56.5,2.2,103%,97%,58.7,3.4,80,NA,,49.19,-122.85,,,,,,,,,,,,,,,,,,,,,
Liverpool,UK,"531,631",Infrastructure,City Wide,52.3,3.9,97%,103%,57.0,-3.5,84,EU,,53.41,-2.99,,,,,,,,,,,,,,,,,,,,,
Liverpool,UK,"531,631",Infrastructure,Best Area,56.2,1.5,97%,106%,57.7,-5.1,84,EU,,53.41,-2.99,,,,,,,,,,,,,,,,,,,,,
Liverpool,UK,"531,631",Balanced,City Wide,54.0,3.9,97%,103%,58.1,-3.5,84,EU,,53.41,-2.99,,,,,,,,,,,,,,,,,,,,,
Liverpool,UK,"531,631",Balanced,Best Area,57.9,2.1,97%,106%,60.0,-5.1,84,EU,,53.41,-2.99,,,,,,,,,,,,,,,,,,,,,
Liverpool,UK,"531,631",Destination,City Wide,55.8,5.5,97%,103%,61.4,-3.5,84,EU,,53.41,-2.99,,,,,,,,,,,,,,,,,,,,,
Liverpool,UK,"531,631",Destination,Best Area,61.3,1.3,97%,106%,62.6,-5.1,84,EU,,53.41,-2.99,,,,,,,,,,,,,,,,,,,,,
Ostrava,Czechia,"283,504",Infrastructure,City Wide,50.7,6.2,100%,100%,57.3,-0.1,63,EU,,49.83,18.28,,,,,,,,,,,,,,,,,,,,,
Ostrava,Czechia,"283,504",Infrastructure,Best Area,56.9,1.7,98%,102%,58.6,-2.0,70,EU,,49.83,18.28,,,,,,,,,,,,,,,,,,,,,
Ostrava,Czechia,"283,504",Balanced,City Wide,50.8,7.0,100%,100%,58.1,-0.1,62,EU,,49.83,18.28,,,,,,,,,,,,,,,,,,,,,
Ostrava,Czechia,"283,504",Balanced,Best Area,57.8,1.7,98%,102%,59.5,-2.0,70,EU,,49.83,18.28,,,,,,,,,,,,,,,,,,,,,
Ostrava,Czechia,"283,504",Destination,City Wide,50.8,8.1,100%,100%,59.3,-0.1,62,EU,,49.83,18.28,,,,,,,,,,,,,,,,,,,,,
Ostrava,Czechia,"283,504",Destination,Best Area,58.9,1.6,98%,102%,60.5,-2.0,70,EU,,49.83,18.28,,,,,,,,,,,,,,,,,,,,,
Murcia,Spain,"460,000",Infrastructure,City Wide,37.9,17.3,102%,98%,55.6,1.4,22,EU,,37.93,-1.11,,,,,,,,,,,,,,,,,,,,,
Murcia,Spain,"460,000",Infrastructure,Best Area,55.2,1.2,96%,104%,56.4,-5.1,30,EU,,37.93,-1.11,,,,,,,,,,,,,,,,,,,,,
Murcia,Spain,"460,000",Balanced,City Wide,37.2,20.6,102%,98%,58.0,1.4,21,EU,,37.93,-1.11,,,,,,,,,,,,,,,,,,,,,
Murcia,Spain,"460,000",Balanced,Best Area,57.8,0.7,96%,104%,58.5,-5.1,30,EU,,37.93,-1.11,,,,,,,,,,,,,,,,,,,,,
Murcia,Spain,"460,000",Destination,City Wide,36.5,23.8,102%,98%,60.5,1.4,21,EU,,37.93,-1.11,,,,,,,,,,,,,,,,,,,,,
Murcia,Spain,"460,000",Destination,Best Area,60.3,0.6,96%,104%,60.9,-5.1,30,EU,,37.93,-1.11,,,,,,,,,,,,,,,,,,,,,
Chaoyang District (Beijing),China,"3,439,000",Infrastructure,City Wide,34.7,25.6,98%,101%,64.5,-1.1,6,Other,Yes,39.92,116.44,,,,,,,,,,,,,,,,,,,,,
Chaoyang District (Beijing),China,"3,439,000",Infrastructure,Best Area,60.3,6.9,104%,98%,67.2,3.5,27,Other,Yes,39.92,116.44,,,,,,,,,,,,,,,,,,,,,
Chaoyang District (Beijing),China,"3,439,000",Balanced,City Wide,35.5,22.3,98%,101%,61.4,-1.1,6,Other,Yes,39.92,116.44,,,,,,,,,,,,,,,,,,,,,
Chaoyang District (Beijing),China,"3,439,000",Balanced,Best Area,57.8,6.6,104%,98%,64.4,3.5,27,Other,Yes,39.92,116.44,,,,,,,,,,,,,,,,,,,,,
Chaoyang District (Beijing),China,"3,439,000",Destination,City Wide,35.8,21.0,98%,101%,58.8,-1.1,5,Other,Yes,39.92,116.44,,,,,,,,,,,,,,,,,,,,,
Chaoyang District (Beijing),China,"3,439,000",Destination,Best Area,56.8,6.3,104%,98%,63.1,3.5,27,Other,Yes,39.92,116.44,,,,,,,,,,,,,,,,,,,,,
Fortaleza,Brazil,"2,428,708",Infrastructure,City Wide,47.8,6.1,98%,103%,54.1,-2.5,41,Other,,-3.73,-38.52,,,,,,,,,,,,,,,,,,,,,
Fortaleza,Brazil,"2,428,708",Infrastructure,Best Area,53.9,3.2,93%,106%,57.1,-7.4,51,Other,,-3.73,-38.52,,,,,,,,,,,,,,,,,,,,,
Fortaleza,Brazil,"2,428,708",Balanced,City Wide,49.0,8.7,98%,103%,58.0,-2.5,41,Other,,-3.73,-38.52,,,,,,,,,,,,,,,,,,,,,
Fortaleza,Brazil,"2,428,708",Balanced,Best Area,57.7,3.9,93%,106%,61.6,-7.4,51,Other,,-3.73,-38.52,,,,,,,,,,,,,,,,,,,,,
Fortaleza,Brazil,"2,428,708",Destination,City Wide,50.3,11.0,98%,103%,61.6,-2.5,41,Other,,-3.73,-38.52,,,,,,,,,,,,,,,,,,,,,
Fortaleza,Brazil,"2,428,708",Destination,Best Area,61.3,4.6,93%,106%,65.9,-7.4,51,Other,,-3.73,-38.52,,,,,,,,,,,,,,,,,,,,,
Long Beach,CA,"458,491",Infrastructure,City Wide,55.0,4.1,103%,97%,60.2,2.8,62,NA,,33.77,-118.19,,,,,,,,,,,,,,,,,,,,,
Long Beach,CA,"458,491",Infrastructure,Best Area,59.1,1.4,103%,99%,60.5,2.2,62,NA,,33.77,-118.19,,,,,,,,,,,,,,,,,,,,,
Long Beach,CA,"458,491",Balanced,City Wide,53.6,4.0,103%,97%,58.3,2.8,62,NA,,33.77,-118.19,,,,,,,,,,,,,,,,,,,,,
Long Beach,CA,"458,491",Balanced,Best Area,57.6,1.6,103%,99%,59.2,2.2,62,NA,,33.77,-118.19,,,,,,,,,,,,,,,,,,,,,
Long Beach,CA,"458,491",Destination,City Wide,52.2,4.7,103%,97%,57.4,2.8,62,NA,,33.77,-118.19,,,,,,,,,,,,,,,,,,,,,
Long Beach,CA,"458,491",Destination,Best Area,56.9,1.2,103%,99%,58.1,2.2,62,NA,,33.77,-118.19,,,,,,,,,,,,,,,,,,,,,
Regina,SK,"227,623",Infrastructure,City Wide,54.0,3.8,101%,99%,57.9,1.2,89,NA,,50.45,-104.62,,,,,,,,,,,,,,,,,,,,,
Regina,SK,"227,623",Infrastructure,Best Area,57.8,0.9,101%,99%,58.7,0.6,89,NA,,50.45,-104.62,,,,,,,,,,,,,,,,,,,,,
Regina,SK,"227,623",Balanced,City Wide,53.4,4.1,101%,99%,57.8,1.2,89,NA,,50.45,-104.62,,,,,,,,,,,,,,,,,,,,,
Regina,SK,"227,623",Balanced,Best Area,57.5,0.5,101%,99%,58.0,0.6,89,NA,,50.45,-104.62,,,,,,,,,,,,,,,,,,,,,
Regina,SK,"227,623",Destination,City Wide,52.8,4.4,101%,99%,57.2,1.2,89,NA,,50.45,-104.62,,,,,,,,,,,,,,,,,,,,,
Regina,SK,"227,623",Destination,Best Area,57.2,0.6,101%,99%,57.8,0.6,89,NA,,50.45,-104.62,,,,,,,,,,,,,,,,,,,,,
Rome,Italy,"2,700,000",Infrastructure,City Wide,29.4,21.2,90%,108%,53.0,-6.0,58,EU,,41.89,12.48,,,,,,,,,,,,,,,,,,,,,
Rome,Italy,"2,700,000",Infrastructure,Best Area,50.6,7.2,88%,111%,57.8,-13.2,79,EU,,41.89,12.48,,,,,,,,,,,,,,,,,,,,,
Rome,Italy,"2,700,000",Balanced,City Wide,32.7,24.8,90%,108%,62.2,-6.0,58,EU,,41.89,12.48,,,,,,,,,,,,,,,,,,,,,
Rome,Italy,"2,700,000",Balanced,Best Area,57.5,9.0,88%,111%,66.5,-13.2,79,EU,,41.89,12.48,,,,,,,,,,,,,,,,,,,,,
Rome,Italy,"2,700,000",Destination,City Wide,35.4,28.4,90%,108%,70.2,-6.0,58,EU,,41.89,12.48,,,,,,,,,,,,,,,,,,,,,
Rome,Italy,"2,700,000",Destination,Best Area,63.8,10.5,88%,111%,74.3,-13.2,79,EU,,41.89,12.48,,,,,,,,,,,,,,,,,,,,,
Tucson,AZ,"543,348",Infrastructure,City Wide,49.8,12.0,108%,91%,63.6,8.0,25,NA,,32.22,-110.97,,,,,,,,,,,,,,,,,,,,,
Tucson,AZ,"543,348",Infrastructure,Best Area,61.8,7.2,108%,94%,69.0,8.1,54,NA,,32.22,-110.97,,,,,,,,,,,,,,,,,,,,,
Tucson,AZ,"543,348",Balanced,City Wide,46.0,11.4,108%,91%,59.1,8.0,25,NA,,32.22,-110.97,,,,,,,,,,,,,,,,,,,,,
Tucson,AZ,"543,348",Balanced,Best Area,57.4,6.4,108%,94%,63.8,8.1,54,NA,,32.22,-110.97,,,,,,,,,,,,,,,,,,,,,
Tucson,AZ,"543,348",Destination,City Wide,41.8,11.9,108%,91%,55.9,8.0,25,NA,,32.22,-110.97,,,,,,,,,,,,,,,,,,,,,
Tucson,AZ,"543,348",Destination,Best Area,53.7,4.9,108%,94%,58.6,8.1,54,NA,,32.22,-110.97,,,,,,,,,,,,,,,,,,,,,
Brampton,ON,"790,000",Infrastructure,City Wide,51.4,8.0,103%,97%,60.2,3.3,76,NA,,43.69,-79.76,,,,,,,,,,,,,,,,,,,,,
Brampton,ON,"790,000",Infrastructure,Best Area,59.4,6.0,104%,98%,65.4,3.2,89,NA,,43.69,-79.76,,,,,,,,,,,,,,,,,,,,,
Brampton,ON,"790,000",Balanced,City Wide,49.8,7.5,103%,97%,58.2,3.3,76,NA,,43.69,-79.76,,,,,,,,,,,,,,,,,,,,,
Brampton,ON,"790,000",Balanced,Best Area,57.3,8.8,104%,98%,66.1,3.2,89,NA,,43.69,-79.76,,,,,,,,,,,,,,,,,,,,,
Brampton,ON,"790,000",Destination,City Wide,48.1,8.1,103%,97%,56.5,3.3,76,NA,,43.69,-79.76,,,,,,,,,,,,,,,,,,,,,
Brampton,ON,"790,000",Destination,Best Area,56.2,10.6,104%,98%,66.8,3.2,89,NA,,43.69,-79.76,,,,,,,,,,,,,,,,,,,,,
London,ON,"432,254",Infrastructure,City Wide,47.6,10.1,102%,98%,57.7,2.0,56,NA,,42.98,-81.25,,,,,,,,,,,,,,,,,,,,,
London,ON,"432,254",Infrastructure,Best Area,57.7,1.3,101%,100%,59.0,0.6,68,NA,,42.98,-81.25,,,,,,,,,,,,,,,,,,,,,
London,ON,"432,254",Balanced,City Wide,46.6,10.7,102%,98%,57.4,2.0,55,NA,,42.98,-81.25,,,,,,,,,,,,,,,,,,,,,
London,ON,"432,254",Balanced,Best Area,57.3,0.6,101%,100%,57.9,0.6,68,NA,,42.98,-81.25,,,,,,,,,,,,,,,,,,,,,
London,ON,"432,254",Destination,City Wide,45.6,11.5,102%,98%,57.4,2.0,53,NA,,42.98,-81.25,,,,,,,,,,,,,,,,,,,,,
London,ON,"432,254",Destination,Best Area,57.1,1.0,101%,100%,58.1,0.6,68,NA,,42.98,-81.25,,,,,,,,,,,,,,,,,,,,,
Rosario,Argentina,"1,030,069",Infrastructure,City Wide,41.7,9.8,92%,108%,51.7,-7.3,97,Other,,-32.96,-60.66,,,,,,,,,,,,,,,,,,,,,
Rosario,Argentina,"1,030,069",Infrastructure,Best Area,51.5,0.7,90%,110%,52.2,-11.3,97,Other,,-32.96,-60.66,,,,,,,,,,,,,,,,,,,,,
Rosario,Argentina,"1,030,069",Balanced,City Wide,45.5,11.8,92%,108%,57.6,-7.3,97,Other,,-32.96,-60.66,,,,,,,,,,,,,,,,,,,,,
Rosario,Argentina,"1,030,069",Balanced,Best Area,57.3,0.8,90%,110%,58.1,-11.3,97,Other,,-32.96,-60.66,,,,,,,,,,,,,,,,,,,,,
Rosario,Argentina,"1,030,069",Destination,City Wide,49.0,13.8,92%,108%,63.1,-7.3,97,Other,,-32.96,-60.66,,,,,,,,,,,,,,,,,,,,,
Rosario,Argentina,"1,030,069",Destination,Best Area,62.8,0.8,90%,110%,63.6,-11.3,97,Other,,-32.96,-60.66,,,,,,,,,,,,,,,,,,,,,
Charleroi,Belgium,"202,746",Infrastructure,City Wide,53.7,5.3,103%,97%,59.5,3.2,71,EU,,50.41,4.44,,,,,,,,,,,,,,,,,,,,,
Charleroi,Belgium,"202,746",Infrastructure,Best Area,59.0,1.9,103%,97%,60.9,3.5,71,EU,,50.41,4.44,,,,,,,,,,,,,,,,,,,,,
Charleroi,Belgium,"202,746",Balanced,City Wide,52.1,5.1,103%,97%,57.8,3.2,71,EU,,50.41,4.44,,,,,,,,,,,,,,,,,,,,,
Charleroi,Belgium,"202,746",Balanced,Best Area,57.2,1.3,103%,97%,58.5,3.5,71,EU,,50.41,4.44,,,,,,,,,,,,,,,,,,,,,
Charleroi,Belgium,"202,746",Destination,City Wide,50.5,5.0,103%,97%,56.1,3.2,71,EU,,50.41,4.44,,,,,,,,,,,,,,,,,,,,,
Charleroi,Belgium,"202,746",Destination,Best Area,55.5,1.3,103%,97%,56.8,3.5,71,EU,,50.41,4.44,,,,,,,,,,,,,,,,,,,,,
Yokohama,Japan,"3,700,000",Infrastructure,City Wide,41.2,9.5,83%,115%,51.4,-15.4,62,Other,,35.45,139.63,,,,,,,,,,,,,,,,,,,,,
Yokohama,Japan,"3,700,000",Infrastructure,Best Area,50.7,6.8,89%,113%,57.5,-14.0,62,Other,,35.45,139.63,,,,,,,,,,,,,,,,,,,,,
Yokohama,Japan,"3,700,000",Balanced,City Wide,49.4,7.8,83%,115%,57.7,-15.4,62,Other,,35.45,139.63,,,,,,,,,,,,,,,,,,,,,
Yokohama,Japan,"3,700,000",Balanced,Best Area,57.2,7.1,89%,113%,64.3,-14.0,62,Other,,35.45,139.63,,,,,,,,,,,,,,,,,,,,,
Yokohama,Japan,"3,700,000",Destination,City Wide,56.6,8.1,83%,115%,66.9,-15.4,62,Other,,35.45,139.63,,,,,,,,,,,,,,,,,,,,,
Yokohama,Japan,"3,700,000",Destination,Best Area,64.7,5.9,89%,113%,70.6,-14.0,62,Other,,35.45,139.63,,,,,,,,,,,,,,,,,,,,,
Overland Park,KS,"197,199",Infrastructure,City Wide,55.3,5.6,107%,92%,61.2,7.6,39,NA,,38.97,-94.69,,,,,,,,,,,,,,,,,,,,,
Overland Park,KS,"197,199",Infrastructure,Best Area,60.9,1.0,107%,93%,61.9,7.8,56,NA,,38.97,-94.69,,,,,,,,,,,,,,,,,,,,,
Overland Park,KS,"197,199",Balanced,City Wide,51.6,5.4,107%,92%,57.5,7.6,40,NA,,38.97,-94.69,,,,,,,,,,,,,,,,,,,,,
Overland Park,KS,"197,199",Balanced,Best Area,57.0,1.1,107%,93%,58.1,7.8,56,NA,,38.97,-94.69,,,,,,,,,,,,,,,,,,,,,
Overland Park,KS,"197,199",Destination,City Wide,47.7,5.4,107%,92%,53.5,7.6,40,NA,,38.97,-94.69,,,,,,,,,,,,,,,,,,,,,
Overland Park,KS,"197,199",Destination,Best Area,53.1,1.8,107%,93%,54.9,7.8,56,NA,,38.97,-94.69,,,,,,,,,,,,,,,,,,,,,
Belfast,UK,"352,390",Infrastructure,City Wide,45.6,8.2,95%,105%,54.0,-5.0,93,EU,,54.60,-5.93,,,,,,,,,,,,,,,,,,,,,
Belfast,UK,"352,390",Infrastructure,Best Area,53.8,2.4,94%,105%,56.2,-6.3,93,EU,,54.60,-5.93,,,,,,,,,,,,,,,,,,,,,
Belfast,UK,"352,390",Balanced,City Wide,48.2,8.8,95%,105%,57.2,-5.0,93,EU,,54.60,-5.93,,,,,,,,,,,,,,,,,,,,,
Belfast,UK,"352,390",Balanced,Best Area,57.0,2.1,94%,105%,59.1,-6.3,93,EU,,54.60,-5.93,,,,,,,,,,,,,,,,,,,,,
Belfast,UK,"352,390",Destination,City Wide,50.6,9.5,95%,105%,60.5,-5.0,93,EU,,54.60,-5.93,,,,,,,,,,,,,,,,,,,,,
Belfast,UK,"352,390",Destination,Best Area,60.1,1.7,94%,105%,61.8,-6.3,93,EU,,54.60,-5.93,,,,,,,,,,,,,,,,,,,,,
Las Vegas,NV,"650,873",Infrastructure,City Wide,48.9,12.6,108%,91%,62.2,7.8,31,NA,,36.17,-115.15,,,,,,,,,,,,,,,,,,,,,
Las Vegas,NV,"650,873",Infrastructure,Best Area,61.5,3.1,108%,94%,64.6,8.0,60,NA,,36.17,-115.15,,,,,,,,,,,,,,,,,,,,,
Las Vegas,NV,"650,873",Balanced,City Wide,45.2,11.8,108%,91%,58.3,7.8,31,NA,,36.17,-115.15,,,,,,,,,,,,,,,,,,,,,
Las Vegas,NV,"650,873",Balanced,Best Area,57.0,3.0,108%,94%,60.0,8.0,60,NA,,36.17,-115.15,,,,,,,,,,,,,,,,,,,,,
Las Vegas,NV,"650,873",Destination,City Wide,41.1,12.4,108%,91%,54.6,7.8,31,NA,,36.17,-115.15,,,,,,,,,,,,,,,,,,,,,
Las Vegas,NV,"650,873",Destination,Best Area,53.5,2.3,108%,94%,55.8,8.0,60,NA,,36.17,-115.15,,,,,,,,,,,,,,,,,,,,,
Kaohsiung,Taiwan,"2,722,984",Infrastructure,City Wide,24.8,24.9,87%,111%,55.2,-6.9,20,Other,,22.62,120.31,,,,,,,,,,,,,,,,,,,,,
Kaohsiung,Taiwan,"2,722,984",Infrastructure,Best Area,49.7,8.1,87%,111%,57.8,-13.5,20,Other,,22.62,120.31,,,,,,,,,,,,,,,,,,,,,
Kaohsiung,Taiwan,"2,722,984",Balanced,City Wide,28.5,28.4,87%,111%,63.4,-6.9,20,Other,,22.62,120.31,,,,,,,,,,,,,,,,,,,,,
Kaohsiung,Taiwan,"2,722,984",Balanced,Best Area,56.9,9.7,87%,111%,66.6,-13.5,20,Other,,22.62,120.31,,,,,,,,,,,,,,,,,,,,,
Kaohsiung,Taiwan,"2,722,984",Destination,City Wide,31.7,31.5,87%,111%,70.7,-6.9,20,Other,,22.62,120.31,,,,,,,,,,,,,,,,,,,,,
Kaohsiung,Taiwan,"2,722,984",Destination,Best Area,63.2,11.2,87%,111%,74.4,-13.5,20,Other,,22.62,120.31,,,,,,,,,,,,,,,,,,,,,
Albuquerque [Bernalillo County],NM,"562,488",Infrastructure,City Wide,48.9,11.7,107%,92%,61.1,6.8,0,NA,,35.03,-106.69,,,,,,,,,,,,,,,,,,,,,
Albuquerque [Bernalillo County],NM,"562,488",Infrastructure,Best Area,60.6,2.9,107%,94%,63.5,7.4,0,NA,,35.03,-106.69,,,,,,,,,,,,,,,,,,,,,
Albuquerque [Bernalillo County],NM,"562,488",Balanced,City Wide,45.7,11.0,107%,92%,56.9,6.8,0,NA,,35.03,-106.69,,,,,,,,,,,,,,,,,,,,,
Albuquerque [Bernalillo County],NM,"562,488",Balanced,Best Area,56.7,4.1,107%,94%,60.8,7.4,0,NA,,35.03,-106.69,,,,,,,,,,,,,,,,,,,,,
Albuquerque [Bernalillo County],NM,"562,488",Destination,City Wide,42.1,11.1,107%,92%,54.4,6.8,0,NA,,35.03,-106.69,,,,,,,,,,,,,,,,,,,,,
Albuquerque [Bernalillo County],NM,"562,488",Destination,Best Area,53.2,4.8,107%,94%,58.0,7.4,0,NA,,35.03,-106.69,,,,,,,,,,,,,,,,,,,,,
Amadora,Portugal,"170,000",Infrastructure,City Wide,34.1,15.7,84%,114%,53.3,-12.6,51,EU,,38.76,-9.24,,,,,,,,,,,,,,,,,,,,,
Amadora,Portugal,"170,000",Infrastructure,Best Area,49.8,9.8,88%,112%,59.6,-13.6,51,EU,,38.76,-9.24,,,,,,,,,,,,,,,,,,,,,
Amadora,Portugal,"170,000",Balanced,City Wide,40.8,15.9,84%,114%,60.5,-12.6,51,EU,,38.76,-9.24,,,,,,,,,,,,,,,,,,,,,
Amadora,Portugal,"170,000",Balanced,Best Area,56.7,11.6,88%,112%,68.3,-13.6,51,EU,,38.76,-9.24,,,,,,,,,,,,,,,,,,,,,
Amadora,Portugal,"170,000",Destination,City Wide,46.7,16.7,84%,114%,66.9,-12.6,51,EU,,38.76,-9.24,,,,,,,,,,,,,,,,,,,,,
Amadora,Portugal,"170,000",Destination,Best Area,63.4,12.6,88%,112%,76.0,-13.6,51,EU,,38.76,-9.24,,,,,,,,,,,,,,,,,,,,,
Aberdeen,United Kingdom,"227,560",Infrastructure,City Wide,51.6,2.9,100%,100%,54.6,-0.4,82,EU,,57.15,-2.09,,,,,,,,,,,,,,,,,,,,,
Aberdeen,United Kingdom,"227,560",Infrastructure,Best Area,54.5,1.2,96%,104%,55.7,-4.3,82,EU,,57.15,-2.09,,,,,,,,,,,,,,,,,,,,,
Aberdeen,United Kingdom,"227,560",Balanced,City Wide,51.8,4.8,100%,100%,57.0,-0.4,82,EU,,57.15,-2.09,,,,,,,,,,,,,,,,,,,,,
Aberdeen,United Kingdom,"227,560",Balanced,Best Area,56.6,1.1,96%,104%,57.7,-4.3,82,EU,,57.15,-2.09,,,,,,,,,,,,,,,,,,,,,
Aberdeen,United Kingdom,"227,560",Destination,City Wide,52.0,6.8,100%,100%,59.2,-0.4,82,EU,,57.15,-2.09,,,,,,,,,,,,,,,,,,,,,
Aberdeen,United Kingdom,"227,560",Destination,Best Area,58.8,1.0,96%,104%,59.8,-4.3,82,EU,,57.15,-2.09,,,,,,,,,,,,,,,,,,,,,
Vitoria,Brazil,"347,180",Infrastructure,City Wide,43.1,9.4,93%,107%,52.5,-6.6,62,Other,,-20.32,-40.34,,,,,,,,,,,,,,,,,,,,,
Vitoria,Brazil,"347,180",Infrastructure,Best Area,52.5,0.0,93%,107%,52.5,-7.9,62,Other,,-20.32,-40.34,,,,,,,,,,,,,,,,,,,,,
Vitoria,Brazil,"347,180",Balanced,City Wide,46.5,10.1,93%,107%,56.6,-6.6,62,Other,,-20.32,-40.34,,,,,,,,,,,,,,,,,,,,,
Vitoria,Brazil,"347,180",Balanced,Best Area,56.6,0.0,93%,107%,56.6,-7.9,62,Other,,-20.32,-40.34,,,,,,,,,,,,,,,,,,,,,
Vitoria,Brazil,"347,180",Destination,City Wide,49.7,10.7,93%,107%,60.4,-6.6,62,Other,,-20.32,-40.34,,,,,,,,,,,,,,,,,,,,,
Vitoria,Brazil,"347,180",Destination,Best Area,60.4,0.0,93%,107%,60.4,-7.9,62,Other,,-20.32,-40.34,,,,,,,,,,,,,,,,,,,,,
Skopje,North Macedonia,"526,502",Infrastructure,City Wide,43.5,9.7,94%,106%,53.5,-5.6,70,EU,,42.00,21.43,,,,,,,,,,,,,,,,,,,,,
Skopje,North Macedonia,"526,502",Infrastructure,Best Area,53.2,3.7,94%,107%,56.9,-7.0,70,EU,,42.00,21.43,,,,,,,,,,,,,,,,,,,,,
Skopje,North Macedonia,"526,502",Balanced,City Wide,46.4,10.1,94%,106%,56.8,-5.6,70,EU,,42.00,21.43,,,,,,,,,,,,,,,,,,,,,
Skopje,North Macedonia,"526,502",Balanced,Best Area,56.5,0.5,94%,107%,57.0,-7.0,70,EU,,42.00,21.43,,,,,,,,,,,,,,,,,,,,,
Skopje,North Macedonia,"526,502",Destination,City Wide,49.1,11.1,94%,106%,60.5,-5.6,70,EU,,42.00,21.43,,,,,,,,,,,,,,,,,,,,,
Skopje,North Macedonia,"526,502",Destination,Best Area,60.2,0.5,94%,107%,60.7,-7.0,70,EU,,42.00,21.43,,,,,,,,,,,,,,,,,,,,,
Omaha,NE,"488,197",Infrastructure,City Wide,50.8,8.9,105%,95%,60.8,4.9,56,NA,,41.26,-95.94,,,,,,,,,,,,,,,,,,,,,
Omaha,NE,"488,197",Infrastructure,Best Area,59.7,5.7,106%,94%,65.4,6.5,81,NA,,41.26,-95.94,,,,,,,,,,,,,,,,,,,,,
Omaha,NE,"488,197",Balanced,City Wide,48.4,8.0,105%,95%,57.3,4.9,56,NA,,41.26,-95.94,,,,,,,,,,,,,,,,,,,,,
Omaha,NE,"488,197",Balanced,Best Area,56.4,5.8,106%,94%,62.2,6.5,81,NA,,41.26,-95.94,,,,,,,,,,,,,,,,,,,,,
Omaha,NE,"488,197",Destination,City Wide,45.9,7.3,105%,95%,54.0,4.9,56,NA,,41.26,-95.94,,,,,,,,,,,,,,,,,,,,,
Omaha,NE,"488,197",Destination,Best Area,53.2,5.7,106%,94%,58.9,6.5,81,NA,,41.26,-95.94,,,,,,,,,,,,,,,,,,,,,
Jackson,WY,"10,746",Infrastructure,City Wide,61.8,1.0,111%,87%,62.6,13.4,87,NA,,43.48,-110.76,,,,,,,,,,,,,,,,,,,,,
Jackson,WY,"10,746",Infrastructure,Best Area,62.8,0.4,112%,87%,63.2,13.8,87,NA,,43.48,-110.76,,,,,,,,,,,,,,,,,,,,,
Jackson,WY,"10,746",Balanced,City Wide,55.5,0.8,111%,87%,56.1,13.4,87,NA,,43.48,-110.76,,,,,,,,,,,,,,,,,,,,,
Jackson,WY,"10,746",Balanced,Best Area,56.3,0.4,112%,87%,56.7,13.8,87,NA,,43.48,-110.76,,,,,,,,,,,,,,,,,,,,,
Jackson,WY,"10,746",Destination,City Wide,48.4,0.6,111%,87%,48.9,13.4,87,NA,,43.48,-110.76,,,,,,,,,,,,,,,,,,,,,
Jackson,WY,"10,746",Destination,Best Area,49.0,0.3,112%,87%,49.3,13.8,87,NA,,43.48,-110.76,,,,,,,,,,,,,,,,,,,,,
Udine,Italy,"97,808",Infrastructure,City Wide,44.7,5.8,90%,109%,50.6,-9.5,69,EU,,46.06,13.24,,,,,,,,,,,,,,,,,,,,,
Udine,Italy,"97,808",Infrastructure,Best Area,50.5,1.1,90%,110%,51.6,-11.2,69,EU,,46.06,13.24,,,,,,,,,,,,,,,,,,,,,
Udine,Italy,"97,808",Balanced,City Wide,49.6,6.7,90%,109%,56.4,-9.5,69,EU,,46.06,13.24,,,,,,,,,,,,,,,,,,,,,
Udine,Italy,"97,808",Balanced,Best Area,56.3,0.6,90%,110%,56.9,-11.2,69,EU,,46.06,13.24,,,,,,,,,,,,,,,,,,,,,
Udine,Italy,"97,808",Destination,City Wide,54.2,7.5,90%,109%,61.8,-9.5,69,EU,,46.06,13.24,,,,,,,,,,,,,,,,,,,,,
Udine,Italy,"97,808",Destination,Best Area,61.7,0.4,90%,110%,62.1,-11.2,69,EU,,46.06,13.24,,,,,,,,,,,,,,,,,,,,,
Gainesville,FL,"143,611",Infrastructure,City Wide,46.7,13.4,107%,93%,60.4,5.9,28,NA,,29.65,-82.32,,,,,,,,,,,,,,,,,,,,,
Gainesville,FL,"143,611",Infrastructure,Best Area,60.1,1.5,107%,93%,61.6,7.9,64,NA,,29.65,-82.32,,,,,,,,,,,,,,,,,,,,,
Gainesville,FL,"143,611",Balanced,City Wide,43.8,12.4,107%,93%,56.5,5.9,28,NA,,29.65,-82.32,,,,,,,,,,,,,,,,,,,,,
Gainesville,FL,"143,611",Balanced,Best Area,56.2,1.3,107%,93%,57.5,7.9,64,NA,,29.65,-82.32,,,,,,,,,,,,,,,,,,,,,
Gainesville,FL,"143,611",Destination,City Wide,40.8,11.4,107%,93%,52.5,5.9,28,NA,,29.65,-82.32,,,,,,,,,,,,,,,,,,,,,
Gainesville,FL,"143,611",Destination,Best Area,52.2,0.8,107%,93%,53.0,7.9,64,NA,,29.65,-82.32,,,,,,,,,,,,,,,,,,,,,
Caracas,Venezuela,"1,943,901",Infrastructure,City Wide,27.6,23.0,84%,113%,52.4,-9.4,42,Other,,10.51,-66.91,,,,,,,,,,,,,,,,,,,,,
Caracas,Venezuela,"1,943,901",Infrastructure,Best Area,50.6,4.2,90%,109%,54.8,-10.9,51,Other,,10.51,-66.91,,,,,,,,,,,,,,,,,,,,,
Caracas,Venezuela,"1,943,901",Balanced,City Wide,32.7,23.5,84%,113%,58.9,-9.4,42,Other,,10.51,-66.91,,,,,,,,,,,,,,,,,,,,,
Caracas,Venezuela,"1,943,901",Balanced,Best Area,56.2,4.6,90%,109%,60.8,-10.9,51,Other,,10.51,-66.91,,,,,,,,,,,,,,,,,,,,,
Caracas,Venezuela,"1,943,901",Destination,City Wide,37.0,24.5,84%,113%,65.1,-9.4,42,Other,,10.51,-66.91,,,,,,,,,,,,,,,,,,,,,
Caracas,Venezuela,"1,943,901",Destination,Best Area,61.5,5.7,90%,109%,67.2,-10.9,51,Other,,10.51,-66.91,,,,,,,,,,,,,,,,,,,,,
Pittsburgh,PA,"303,620",Infrastructure,City Wide,44.9,10.2,96%,103%,55.6,-3.3,62,NA,,40.44,-80.00,,,,,,,,,,,,,,,,,,,,,
Pittsburgh,PA,"303,620",Infrastructure,Best Area,55.1,2.9,98%,102%,58.0,-2.3,70,NA,,40.44,-80.00,,,,,,,,,,,,,,,,,,,,,
Pittsburgh,PA,"303,620",Balanced,City Wide,46.6,9.5,96%,103%,57.0,-3.3,62,NA,,40.44,-80.00,,,,,,,,,,,,,,,,,,,,,
Pittsburgh,PA,"303,620",Balanced,Best Area,56.1,2.9,98%,102%,59.0,-2.3,70,NA,,40.44,-80.00,,,,,,,,,,,,,,,,,,,,,
Pittsburgh,PA,"303,620",Destination,City Wide,48.2,9.2,96%,103%,58.1,-3.3,61,NA,,40.44,-80.00,,,,,,,,,,,,,,,,,,,,,
Pittsburgh,PA,"303,620",Destination,Best Area,57.4,2.4,98%,102%,59.8,-2.3,70,NA,,40.44,-80.00,,,,,,,,,,,,,,,,,,,,,
Oxford,MS,"26,086",Infrastructure,City Wide,52.0,8.0,106%,93%,60.3,6.4,82,NA,,34.37,-89.52,,,,,,,,,,,,,,,,,,,,,
Oxford,MS,"26,086",Infrastructure,Best Area,60.0,0.6,108%,92%,60.6,8.9,87,NA,,34.37,-89.52,,,,,,,,,,,,,,,,,,,,,
Oxford,MS,"26,086",Balanced,City Wide,48.9,6.8,106%,93%,56.1,6.4,84,NA,,34.37,-89.52,,,,,,,,,,,,,,,,,,,,,
Oxford,MS,"26,086",Balanced,Best Area,55.7,0.4,108%,92%,56.1,8.9,87,NA,,34.37,-89.52,,,,,,,,,,,,,,,,,,,,,
Oxford,MS,"26,086",Destination,City Wide,45.6,5.5,106%,93%,51.4,6.4,84,NA,,34.37,-89.52,,,,,,,,,,,,,,,,,,,,,
Oxford,MS,"26,086",Destination,Best Area,51.1,0.4,108%,92%,51.5,8.9,87,NA,,34.37,-89.52,,,,,,,,,,,,,,,,,,,,,
Columbia,MD,"105,871",Infrastructure,City Wide,58.4,1.0,107%,92%,59.6,8.4,70,NA,,39.19,-76.86,,,,,,,,,,,,,,,,,,,,,
Columbia,MD,"105,871",Infrastructure,Best Area,59.4,0.4,107%,93%,59.8,7.7,70,NA,,39.19,-76.86,,,,,,,,,,,,,,,,,,,,,
Columbia,MD,"105,871",Balanced,City Wide,54.4,1.2,107%,92%,55.7,8.4,70,NA,,39.19,-76.86,,,,,,,,,,,,,,,,,,,,,
Columbia,MD,"105,871",Balanced,Best Area,55.6,0.3,107%,93%,55.9,7.7,70,NA,,39.19,-76.86,,,,,,,,,,,,,,,,,,,,,
Columbia,MD,"105,871",Destination,City Wide,50.0,1.7,107%,92%,51.7,8.4,70,NA,,39.19,-76.86,,,,,,,,,,,,,,,,,,,,,
Columbia,MD,"105,871",Destination,Best Area,51.7,0.2,107%,93%,51.9,7.7,70,NA,,39.19,-76.86,,,,,,,,,,,,,,,,,,,,,
Corvallis,OR,"60,424",Infrastructure,City Wide,57.7,0.4,104%,95%,58.1,5.0,68,NA,,44.56,-123.26,,,,,,,,,,,,,,,,,,,,,
Corvallis,OR,"60,424",Infrastructure,Best Area,58.1,0.2,105%,95%,58.3,5.2,68,NA,,44.56,-123.26,,,,,,,,,,,,,,,,,,,,,
Corvallis,OR,"60,424",Balanced,City Wide,55.3,0.2,104%,95%,55.6,5.0,68,NA,,44.56,-123.26,,,,,,,,,,,,,,,,,,,,,
Corvallis,OR,"60,424",Balanced,Best Area,55.5,0.2,105%,95%,55.7,5.2,68,NA,,44.56,-123.26,,,,,,,,,,,,,,,,,,,,,
Corvallis,OR,"60,424",Destination,City Wide,52.7,0.2,104%,95%,52.9,5.0,68,NA,,44.56,-123.26,,,,,,,,,,,,,,,,,,,,,
Corvallis,OR,"60,424",Destination,Best Area,52.9,0.2,105%,95%,53.1,5.2,68,NA,,44.56,-123.26,,,,,,,,,,,,,,,,,,,,,
Cork,Ireland,"220,000",Infrastructure,City Wide,29.4,22.3,90%,109%,52.7,-6.1,56,EU,,51.90,-8.47,,,,,,,,,,,,,,,,,,,,,
Cork,Ireland,"220,000",Infrastructure,Best Area,51.7,3.7,93%,107%,55.4,-7.6,81,EU,,51.90,-8.47,,,,,,,,,,,,,,,,,,,,,
Cork,Ireland,"220,000",Balanced,City Wide,32.7,22.8,90%,109%,56.6,-6.1,55,EU,,51.90,-8.47,,,,,,,,,,,,,,,,,,,,,
Cork,Ireland,"220,000",Balanced,Best Area,55.5,2.9,93%,107%,58.4,-7.6,81,EU,,51.90,-8.47,,,,,,,,,,,,,,,,,,,,,
Cork,Ireland,"220,000",Destination,City Wide,35.5,23.8,90%,109%,60.3,-6.1,55,EU,,51.90,-8.47,,,,,,,,,,,,,,,,,,,,,
Cork,Ireland,"220,000",Destination,Best Area,59.3,2.1,93%,107%,61.4,-7.6,81,EU,,51.90,-8.47,,,,,,,,,,,,,,,,,,,,,
Concepcion,Chile,"223,574",Infrastructure,City Wide,42.3,9.9,96%,104%,52.4,-3.3,56,Other,,-36.83,-73.05,,,,,,,,,,,,,,,,,,,,,
Concepcion,Chile,"223,574",Infrastructure,Best Area,52.2,0.6,94%,106%,52.8,-6.4,56,Other,,-36.83,-73.05,,,,,,,,,,,,,,,,,,,,,
Concepcion,Chile,"223,574",Balanced,City Wide,43.9,11.5,96%,104%,55.6,-3.3,56,Other,,-36.83,-73.05,,,,,,,,,,,,,,,,,,,,,
Concepcion,Chile,"223,574",Balanced,Best Area,55.4,0.3,94%,106%,55.7,-6.4,56,Other,,-36.83,-73.05,,,,,,,,,,,,,,,,,,,,,
Concepcion,Chile,"223,574",Destination,City Wide,45.6,13.0,96%,104%,58.7,-3.3,56,Other,,-36.83,-73.05,,,,,,,,,,,,,,,,,,,,,
Concepcion,Chile,"223,574",Destination,Best Area,58.6,0.3,94%,106%,58.9,-6.4,56,Other,,-36.83,-73.05,,,,,,,,,,,,,,,,,,,,,
Palermo,Italy,"630,000",Infrastructure,City Wide,32.9,15.1,86%,112%,48.4,-10.2,58,EU,,38.11,13.35,,,,,,,,,,,,,,,,,,,,,
Palermo,Italy,"630,000",Infrastructure,Best Area,48.0,0.5,87%,112%,48.5,-14.2,58,EU,,38.11,13.35,,,,,,,,,,,,,,,,,,,,,
Palermo,Italy,"630,000",Balanced,City Wide,38.4,17.0,86%,112%,55.8,-10.2,58,EU,,38.11,13.35,,,,,,,,,,,,,,,,,,,,,
Palermo,Italy,"630,000",Balanced,Best Area,55.4,1.1,87%,112%,56.5,-14.2,58,EU,,38.11,13.35,,,,,,,,,,,,,,,,,,,,,
Palermo,Italy,"630,000",Destination,City Wide,43.1,19.1,86%,112%,62.5,-10.2,58,EU,,38.11,13.35,,,,,,,,,,,,,,,,,,,,,
Palermo,Italy,"630,000",Destination,Best Area,62.2,1.6,87%,112%,63.8,-14.2,58,EU,,38.11,13.35,,,,,,,,,,,,,,,,,,,,,
Spokane,WA,"229,228",Infrastructure,City Wide,48.6,7.5,101%,99%,56.5,0.6,78,NA,,47.66,-117.42,,,,,,,,,,,,,,,,,,,,,
Spokane,WA,"229,228",Infrastructure,Best Area,56.1,2.3,101%,99%,58.4,1.5,80,NA,,47.66,-117.42,,,,,,,,,,,,,,,,,,,,,
Spokane,WA,"229,228",Balanced,City Wide,48.3,7.0,101%,99%,55.5,0.6,78,NA,,47.66,-117.42,,,,,,,,,,,,,,,,,,,,,
Spokane,WA,"229,228",Balanced,Best Area,55.3,1.8,101%,99%,57.1,1.5,80,NA,,47.66,-117.42,,,,,,,,,,,,,,,,,,,,,
Spokane,WA,"229,228",Destination,City Wide,48.0,6.6,101%,99%,54.7,0.6,78,NA,,47.66,-117.42,,,,,,,,,,,,,,,,,,,,,
Spokane,WA,"229,228",Destination,Best Area,54.6,1.2,101%,99%,55.8,1.5,80,NA,,47.66,-117.42,,,,,,,,,,,,,,,,,,,,,
San Jose,CA,"990,054",Infrastructure,City Wide,44.1,11.9,102%,99%,59.4,1.3,40,NA,,37.34,-121.89,,,,,,,,,,,,,,,,,,,,,
San Jose,CA,"990,054",Infrastructure,Best Area,56.0,6.9,101%,100%,62.9,1.0,71,NA,,37.34,-121.89,,,,,,,,,,,,,,,,,,,,,
San Jose,CA,"990,054",Balanced,City Wide,43.4,11.8,102%,99%,58.3,1.3,40,NA,,37.34,-121.89,,,,,,,,,,,,,,,,,,,,,
San Jose,CA,"990,054",Balanced,Best Area,55.2,6.8,101%,100%,62.0,1.0,71,NA,,37.34,-121.89,,,,,,,,,,,,,,,,,,,,,
San Jose,CA,"990,054",Destination,City Wide,42.8,12.2,102%,99%,59.6,1.3,40,NA,,37.34,-121.89,,,,,,,,,,,,,,,,,,,,,
San Jose,CA,"990,054",Destination,Best Area,55.0,7.3,101%,100%,62.3,1.0,71,NA,,37.34,-121.89,,,,,,,,,,,,,,,,,,,,,
Cochabamba,Bolivia,"630,587",Infrastructure,City Wide,26.8,18.3,88%,111%,46.8,-7.0,57,Other,,-17.40,-66.17,,,,,,,,,,,,,,,,,,,,,
Cochabamba,Bolivia,"630,587",Infrastructure,Best Area,45.1,2.7,82%,116%,47.8,-18.8,78,Other,,-17.40,-66.17,,,,,,,,,,,,,,,,,,,,,
Cochabamba,Bolivia,"630,587",Balanced,City Wide,30.5,24.7,88%,111%,57.8,-7.0,57,Other,,-17.40,-66.17,,,,,,,,,,,,,,,,,,,,,
Cochabamba,Bolivia,"630,587",Balanced,Best Area,55.2,3.3,82%,116%,58.5,-18.8,78,Other,,-17.40,-66.17,,,,,,,,,,,,,,,,,,,,,
Cochabamba,Bolivia,"630,587",Destination,City Wide,33.8,30.1,88%,111%,67.1,-7.0,57,Other,,-17.40,-66.17,,,,,,,,,,,,,,,,,,,,,
Cochabamba,Bolivia,"630,587",Destination,Best Area,63.9,3.8,82%,116%,67.7,-18.8,78,Other,,-17.40,-66.17,,,,,,,,,,,,,,,,,,,,,
Zhuhai,China,"2,004,290",Infrastructure,City Wide,28.8,31.3,109%,90%,66.0,5.0,3,Other,,22.27,113.57,,,,,,,,,,,,,,,,,,,,,
Zhuhai,China,"2,004,290",Infrastructure,Best Area,60.1,7.3,109%,90%,67.4,10.3,14,Other,,22.27,113.57,,,,,,,,,,,,,,,,,,,,,
Zhuhai,China,"2,004,290",Balanced,City Wide,26.4,28.8,109%,90%,60.7,5.0,3,Other,,22.27,113.57,,,,,,,,,,,,,,,,,,,,,
Zhuhai,China,"2,004,290",Balanced,Best Area,55.2,6.7,109%,90%,61.9,10.3,14,Other,,22.27,113.57,,,,,,,,,,,,,,,,,,,,,
Zhuhai,China,"2,004,290",Destination,City Wide,23.8,26.0,109%,90%,54.9,5.0,3,Other,,22.27,113.57,,,,,,,,,,,,,,,,,,,,,
Zhuhai,China,"2,004,290",Destination,Best Area,49.8,6.0,109%,90%,55.8,10.3,14,Other,,22.27,113.57,,,,,,,,,,,,,,,,,,,,,
Coventry,United Kingdom,"344,996",Infrastructure,City Wide,49.3,3.7,97%,104%,53.4,-3.5,66,EU,,52.41,-1.51,,,,,,,,,,,,,,,,,,,,,
Coventry,United Kingdom,"344,996",Infrastructure,Best Area,53.0,1.1,96%,104%,54.1,-4.4,66,EU,,52.41,-1.51,,,,,,,,,,,,,,,,,,,,,
Coventry,United Kingdom,"344,996",Balanced,City Wide,51.0,4.1,97%,104%,55.5,-3.5,66,EU,,52.41,-1.51,,,,,,,,,,,,,,,,,,,,,
Coventry,United Kingdom,"344,996",Balanced,Best Area,55.1,1.2,96%,104%,56.3,-4.4,66,EU,,52.41,-1.51,,,,,,,,,,,,,,,,,,,,,
Coventry,United Kingdom,"344,996",Destination,City Wide,52.8,4.6,97%,104%,57.6,-3.5,66,EU,,52.41,-1.51,,,,,,,,,,,,,,,,,,,,,
Coventry,United Kingdom,"344,996",Destination,Best Area,57.4,1.0,96%,104%,58.4,-4.4,66,EU,,52.41,-1.51,,,,,,,,,,,,,,,,,,,,,
Austin,TX,"967,862",Infrastructure,City Wide,38.7,16.4,103%,97%,57.3,2.3,30,NA,,30.27,-97.74,,,,,,,,,,,,,,,,,,,,,
Austin,TX,"967,862",Infrastructure,Best Area,55.1,5.7,100%,101%,60.8,-0.4,65,NA,,30.27,-97.74,,,,,,,,,,,,,,,,,,,,,
Austin,TX,"967,862",Balanced,City Wide,37.6,17.5,103%,97%,57.4,2.3,30,NA,,30.27,-97.74,,,,,,,,,,,,,,,,,,,,,
Austin,TX,"967,862",Balanced,Best Area,55.1,6.3,100%,101%,61.4,-0.4,65,NA,,30.27,-97.74,,,,,,,,,,,,,,,,,,,,,
Austin,TX,"967,862",Destination,City Wide,36.4,19.1,103%,97%,59.1,2.3,30,NA,,30.27,-97.74,,,,,,,,,,,,,,,,,,,,,
Austin,TX,"967,862",Destination,Best Area,55.5,6.5,100%,101%,62.0,-0.4,65,NA,,30.27,-97.74,,,,,,,,,,,,,,,,,,,,,
Chisinau,Moldova,"567,038",Infrastructure,City Wide,34.0,10.3,79%,118%,44.7,-16.6,74,EU,,47.02,28.83,,,,,,,,,,,,,,,,,,,,,
Chisinau,Moldova,"567,038",Infrastructure,Best Area,44.3,1.4,81%,117%,45.7,-19.8,74,EU,,47.02,28.83,,,,,,,,,,,,,,,,,,,,,
Chisinau,Moldova,"567,038",Balanced,City Wide,43.0,12.0,79%,118%,55.5,-16.6,74,EU,,47.02,28.83,,,,,,,,,,,,,,,,,,,,,
Chisinau,Moldova,"567,038",Balanced,Best Area,55.0,1.9,81%,117%,56.9,-19.8,74,EU,,47.02,28.83,,,,,,,,,,,,,,,,,,,,,
Chisinau,Moldova,"567,038",Destination,City Wide,50.6,13.5,79%,118%,64.5,-16.6,74,EU,,47.02,28.83,,,,,,,,,,,,,,,,,,,,,
Chisinau,Moldova,"567,038",Destination,Best Area,64.1,2.3,81%,117%,66.4,-19.8,74,EU,,47.02,28.83,,,,,,,,,,,,,,,,,,,,,
Raleigh,NC,"470,763",Infrastructure,City Wide,42.8,14.6,103%,96%,57.7,3.1,78,NA,,35.78,-78.64,,,,,,,,,,,,,,,,,,,,,
Raleigh,NC,"470,763",Infrastructure,Best Area,57.4,3.9,105%,98%,61.3,3.8,91,NA,,35.78,-78.64,,,,,,,,,,,,,,,,,,,,,
Raleigh,NC,"470,763",Balanced,City Wide,41.4,13.5,103%,96%,55.8,3.1,78,NA,,35.78,-78.64,,,,,,,,,,,,,,,,,,,,,
Raleigh,NC,"470,763",Balanced,Best Area,54.9,2.3,105%,98%,57.2,3.8,91,NA,,35.78,-78.64,,,,,,,,,,,,,,,,,,,,,
Raleigh,NC,"470,763",Destination,City Wide,39.7,13.9,103%,96%,55.5,3.1,78,NA,,35.78,-78.64,,,,,,,,,,,,,,,,,,,,,
Raleigh,NC,"470,763",Destination,Best Area,53.6,3.2,105%,98%,56.8,3.8,91,NA,,35.78,-78.64,,,,,,,,,,,,,,,,,,,,,
Grand Rapids,MI,"197,768",Infrastructure,City Wide,44.1,14.6,102%,97%,60.3,2.1,82,NA,,42.96,-85.67,,,,,,,,,,,,,,,,,,,,,
Grand Rapids,MI,"197,768",Infrastructure,Best Area,58.7,7.1,107%,93%,65.8,7.6,88,NA,,42.96,-85.67,,,,,,,,,,,,,,,,,,,,,
Grand Rapids,MI,"197,768",Balanced,City Wide,43.1,11.7,102%,97%,56.1,2.1,82,NA,,42.96,-85.67,,,,,,,,,,,,,,,,,,,,,
Grand Rapids,MI,"197,768",Balanced,Best Area,54.8,2.2,107%,93%,57.0,7.6,88,NA,,42.96,-85.67,,,,,,,,,,,,,,,,,,,,,
Grand Rapids,MI,"197,768",Destination,City Wide,42.0,9.1,102%,97%,52.2,2.1,82,NA,,42.96,-85.67,,,,,,,,,,,,,,,,,,,,,
Grand Rapids,MI,"197,768",Destination,Best Area,51.1,1.6,107%,93%,52.7,7.6,88,NA,,42.96,-85.67,,,,,,,,,,,,,,,,,,,,,
Charlottetown,PE,"41,034",Infrastructure,City Wide,57.1,2.1,108%,91%,59.5,8.9,44,NA,,46.24,-63.13,,,,,,,,,,,,,,,,,,,,,
Charlottetown,PE,"41,034",Infrastructure,Best Area,59.2,0.7,108%,91%,59.9,9.2,44,NA,,46.24,-63.13,,,,,,,,,,,,,,,,,,,,,
Charlottetown,PE,"41,034",Balanced,City Wide,52.7,2.0,108%,91%,54.9,8.9,44,NA,,46.24,-63.13,,,,,,,,,,,,,,,,,,,,,
Charlottetown,PE,"41,034",Balanced,Best Area,54.7,0.6,108%,91%,55.3,9.2,44,NA,,46.24,-63.13,,,,,,,,,,,,,,,,,,,,,
Charlottetown,PE,"41,034",Destination,City Wide,48.2,1.8,108%,91%,50.2,8.9,44,NA,,46.24,-63.13,,,,,,,,,,,,,,,,,,,,,
Charlottetown,PE,"41,034",Destination,Best Area,50.0,0.4,108%,91%,50.4,9.2,44,NA,,46.24,-63.13,,,,,,,,,,,,,,,,,,,,,
Cali,Colombia,"2,280,522",Infrastructure,City Wide,49.7,3.2,96%,103%,53.3,-3.7,29,Other,,3.45,-76.53,,,,,,,,,,,,,,,,,,,,,
Cali,Colombia,"2,280,522",Infrastructure,Best Area,52.9,1.6,97%,104%,54.5,-3.8,29,Other,,3.45,-76.53,,,,,,,,,,,,,,,,,,,,,
Cali,Colombia,"2,280,522",Balanced,City Wide,51.6,3.1,96%,103%,54.9,-3.7,29,Other,,3.45,-76.53,,,,,,,,,,,,,,,,,,,,,
Cali,Colombia,"2,280,522",Balanced,Best Area,54.7,1.5,97%,104%,56.2,-3.8,29,Other,,3.45,-76.53,,,,,,,,,,,,,,,,,,,,,
Cali,Colombia,"2,280,522",Destination,City Wide,53.4,3.3,96%,103%,56.8,-3.7,29,Other,,3.45,-76.53,,,,,,,,,,,,,,,,,,,,,
Cali,Colombia,"2,280,522",Destination,Best Area,56.7,1.3,97%,104%,58.0,-3.8,29,Other,,3.45,-76.53,,,,,,,,,,,,,,,,,,,,,
St. Petersburg,FL,"260,646",Infrastructure,City Wide,47.6,8.0,100%,100%,55.6,0.2,69,NA,,27.77,-82.63,,,,,,,,,,,,,,,,,,,,,
St. Petersburg,FL,"260,646",Infrastructure,Best Area,55.6,2.2,102%,98%,57.8,1.8,69,NA,,27.77,-82.63,,,,,,,,,,,,,,,,,,,,,
St. Petersburg,FL,"260,646",Balanced,City Wide,47.5,7.2,100%,100%,54.9,0.2,69,NA,,27.77,-82.63,,,,,,,,,,,,,,,,,,,,,
St. Petersburg,FL,"260,646",Balanced,Best Area,54.7,1.7,102%,98%,56.4,1.8,69,NA,,27.77,-82.63,,,,,,,,,,,,,,,,,,,,,
St. Petersburg,FL,"260,646",Destination,City Wide,47.4,6.4,100%,100%,54.0,0.2,69,NA,,27.77,-82.63,,,,,,,,,,,,,,,,,,,,,
St. Petersburg,FL,"260,646",Destination,Best Area,53.8,1.1,102%,98%,54.9,1.8,69,NA,,27.77,-82.63,,,,,,,,,,,,,,,,,,,,,
Cleveland,OH,"367,523",Infrastructure,City Wide,42.1,13.1,99%,101%,55.8,-0.8,43,NA,,41.50,-81.69,,,,,,,,,,,,,,,,,,,,,
Cleveland,OH,"367,523",Infrastructure,Best Area,55.2,2.6,101%,100%,57.8,0.5,66,NA,,41.50,-81.69,,,,,,,,,,,,,,,,,,,,,
Cleveland,OH,"367,523",Balanced,City Wide,42.5,12.2,99%,101%,55.9,-0.8,43,NA,,41.50,-81.69,,,,,,,,,,,,,,,,,,,,,
Cleveland,OH,"367,523",Balanced,Best Area,54.7,3.0,101%,100%,57.7,0.5,66,NA,,41.50,-81.69,,,,,,,,,,,,,,,,,,,,,
Cleveland,OH,"367,523",Destination,City Wide,42.9,11.8,99%,101%,56.4,-0.8,43,NA,,41.50,-81.69,,,,,,,,,,,,,,,,,,,,,
Cleveland,OH,"367,523",Destination,Best Area,54.7,3.0,101%,100%,57.7,0.5,66,NA,,41.50,-81.69,,,,,,,,,,,,,,,,,,,,,
Ames,IA,"66,112",Infrastructure,City Wide,57.8,0.2,106%,93%,58.1,7.0,74,NA,,42.03,-93.62,,,,,,,,,,,,,,,,,,,,,
Ames,IA,"66,112",Infrastructure,Best Area,58.0,0.2,106%,93%,58.2,7.1,74,NA,,42.03,-93.62,,,,,,,,,,,,,,,,,,,,,
Ames,IA,"66,112",Balanced,City Wide,54.4,0.2,106%,93%,54.6,7.0,74,NA,,42.03,-93.62,,,,,,,,,,,,,,,,,,,,,
Ames,IA,"66,112",Balanced,Best Area,54.6,0.1,106%,93%,54.7,7.1,74,NA,,42.03,-93.62,,,,,,,,,,,,,,,,,,,,,
Ames,IA,"66,112",Destination,City Wide,50.8,0.1,106%,93%,50.9,7.0,74,NA,,42.03,-93.62,,,,,,,,,,,,,,,,,,,,,
Ames,IA,"66,112",Destination,Best Area,50.9,0.0,106%,93%,50.9,7.1,74,NA,,42.03,-93.62,,,,,,,,,,,,,,,,,,,,,
Guayaquil,Ecuador,"2,746,403",Infrastructure,City Wide,34.9,10.5,81%,116%,45.8,-15.3,76,Other,,-2.19,-79.89,,,,,,,,,,,,,,,,,,,,,
Guayaquil,Ecuador,"2,746,403",Infrastructure,Best Area,45.4,1.2,83%,115%,46.6,-17.1,76,Other,,-2.19,-79.89,,,,,,,,,,,,,,,,,,,,,
Guayaquil,Ecuador,"2,746,403",Balanced,City Wide,43.2,11.3,81%,116%,55.4,-15.3,76,Other,,-2.19,-79.89,,,,,,,,,,,,,,,,,,,,,
Guayaquil,Ecuador,"2,746,403",Balanced,Best Area,54.5,1.8,83%,115%,56.3,-17.1,76,Other,,-2.19,-79.89,,,,,,,,,,,,,,,,,,,,,
Guayaquil,Ecuador,"2,746,403",Destination,City Wide,50.2,12.3,81%,116%,63.6,-15.3,76,Other,,-2.19,-79.89,,,,,,,,,,,,,,,,,,,,,
Guayaquil,Ecuador,"2,746,403",Destination,Best Area,62.5,2.1,83%,115%,64.6,-17.1,76,Other,,-2.19,-79.89,,,,,,,,,,,,,,,,,,,,,
Burlington,VT,"44,649",Infrastructure,City Wide,55.5,0.5,103%,96%,56.0,3.7,71,NA,,44.48,-73.21,,,,,,,,,,,,,,,,,,,,,
Burlington,VT,"44,649",Infrastructure,Best Area,56.0,0.6,103%,97%,56.6,3.2,71,NA,,44.48,-73.21,,,,,,,,,,,,,,,,,,,,,
Burlington,VT,"44,649",Balanced,City Wide,53.7,0.7,103%,96%,54.6,3.7,71,NA,,44.48,-73.21,,,,,,,,,,,,,,,,,,,,,
Burlington,VT,"44,649",Balanced,Best Area,54.4,0.7,103%,97%,55.1,3.2,71,NA,,44.48,-73.21,,,,,,,,,,,,,,,,,,,,,
Burlington,VT,"44,649",Destination,City Wide,51.8,1.0,103%,96%,53.3,3.7,71,NA,,44.48,-73.21,,,,,,,,,,,,,,,,,,,,,
Burlington,VT,"44,649",Destination,Best Area,52.8,0.7,103%,97%,53.5,3.2,71,NA,,44.48,-73.21,,,,,,,,,,,,,,,,,,,,,
Whitehorse,YT,"35,273",Infrastructure,City Wide,44.0,16.5,113%,85%,60.7,10.9,79,NA,,60.72,-135.05,,,,,,,,,,,,,,,,,,,,,
Whitehorse,YT,"35,273",Infrastructure,Best Area,60.5,2.7,111%,87%,63.2,13.0,92,NA,,60.72,-135.05,,,,,,,,,,,,,,,,,,,,,
Whitehorse,YT,"35,273",Balanced,City Wide,39.0,15.4,113%,85%,54.6,10.9,79,NA,,60.72,-135.05,,,,,,,,,,,,,,,,,,,,,
Whitehorse,YT,"35,273",Balanced,Best Area,54.4,2.0,111%,87%,56.4,13.0,92,NA,,60.72,-135.05,,,,,,,,,,,,,,,,,,,,,
Whitehorse,YT,"35,273",Destination,City Wide,33.1,14.4,113%,85%,47.8,10.9,79,NA,,60.72,-135.05,,,,,,,,,,,,,,,,,,,,,
Whitehorse,YT,"35,273",Destination,Best Area,47.5,1.3,111%,87%,48.8,13.0,92,NA,,60.72,-135.05,,,,,,,,,,,,,,,,,,,,,
Hobart,TAS,"56,000",Infrastructure,City Wide,38.8,14.2,96%,103%,52.9,-2.9,66,Other,,-42.89,147.27,,,,,,,,,,,,,,,,,,,,,
Hobart,TAS,"56,000",Infrastructure,Best Area,53.0,2.1,98%,102%,55.1,-2.4,66,Other,,-42.89,147.27,,,,,,,,,,,,,,,,,,,,,
Hobart,TAS,"56,000",Balanced,City Wide,40.3,13.9,96%,103%,54.4,-2.9,66,Other,,-42.89,147.27,,,,,,,,,,,,,,,,,,,,,
Hobart,TAS,"56,000",Balanced,Best Area,54.2,0.6,98%,102%,54.8,-2.4,66,Other,,-42.89,147.27,,,,,,,,,,,,,,,,,,,,,
Hobart,TAS,"56,000",Destination,City Wide,41.7,13.7,96%,103%,55.7,-2.9,66,Other,,-42.89,147.27,,,,,,,,,,,,,,,,,,,,,
Hobart,TAS,"56,000",Destination,Best Area,55.4,0.5,98%,102%,55.9,-2.4,66,Other,,-42.89,147.27,,,,,,,,,,,,,,,,,,,,,
Piraeus,Greece,"170,000",Infrastructure,City Wide,36.6,5.7,75%,121%,43.2,-22.4,44,EU,,37.95,23.66,,,,,,,,,,,,,,,,,,,,,
Piraeus,Greece,"170,000",Infrastructure,Best Area,42.3,4.4,78%,118%,46.7,-21.6,44,EU,,37.95,23.66,,,,,,,,,,,,,,,,,,,,,
Piraeus,Greece,"170,000",Balanced,City Wide,48.7,5.3,75%,121%,55.4,-22.4,44,EU,,37.95,23.66,,,,,,,,,,,,,,,,,,,,,
Piraeus,Greece,"170,000",Balanced,Best Area,54.0,5.9,78%,118%,59.9,-21.6,44,EU,,37.95,23.66,,,,,,,,,,,,,,,,,,,,,
Piraeus,Greece,"170,000",Destination,City Wide,59.0,4.9,75%,121%,65.4,-22.4,44,EU,,37.95,23.66,,,,,,,,,,,,,,,,,,,,,
Piraeus,Greece,"170,000",Destination,Best Area,63.9,6.8,78%,118%,70.7,-21.6,44,EU,,37.95,23.66,,,,,,,,,,,,,,,,,,,,,
Porto,Portugal,"231,800",Infrastructure,City Wide,39.4,9.0,84%,114%,49.2,-14.3,52,EU,,41.15,-8.61,,,,,,,,,,,,,,,,,,,,,
Porto,Portugal,"231,800",Infrastructure,Best Area,48.4,1.4,90%,113%,49.8,-12.4,52,EU,,41.15,-8.61,,,,,,,,,,,,,,,,,,,,,
Porto,Portugal,"231,800",Balanced,City Wide,47.0,7.0,84%,114%,54.1,-14.3,52,EU,,41.15,-8.61,,,,,,,,,,,,,,,,,,,,,
Porto,Portugal,"231,800",Balanced,Best Area,54.0,1.6,90%,113%,55.6,-12.4,52,EU,,41.15,-8.61,,,,,,,,,,,,,,,,,,,,,
Porto,Portugal,"231,800",Destination,City Wide,53.7,7.1,84%,114%,61.8,-14.3,52,EU,,41.15,-8.61,,,,,,,,,,,,,,,,,,,,,
Porto,Portugal,"231,800",Destination,Best Area,60.8,4.5,90%,113%,65.3,-12.4,52,EU,,41.15,-8.61,,,,,,,,,,,,,,,,,,,,,
Toulon,France,"170,000",Infrastructure,City Wide,39.8,10.6,91%,108%,50.7,-7.1,63,EU,,43.13,5.93,,,,,,,,,,,,,,,,,,,,,
Toulon,France,"170,000",Infrastructure,Best Area,50.4,0.8,93%,106%,51.2,-7.0,63,EU,,43.13,5.93,,,,,,,,,,,,,,,,,,,,,
Toulon,France,"170,000",Balanced,City Wide,43.5,10.5,91%,108%,54.2,-7.1,63,EU,,43.13,5.93,,,,,,,,,,,,,,,,,,,,,
Toulon,France,"170,000",Balanced,Best Area,54.0,0.5,93%,106%,54.5,-7.0,63,EU,,43.13,5.93,,,,,,,,,,,,,,,,,,,,,
Toulon,France,"170,000",Destination,City Wide,46.9,10.5,91%,108%,57.5,-7.1,63,EU,,43.13,5.93,,,,,,,,,,,,,,,,,,,,,
Toulon,France,"170,000",Destination,Best Area,57.4,0.5,93%,106%,57.9,-7.0,63,EU,,43.13,5.93,,,,,,,,,,,,,,,,,,,,,
Halifax,NS,"530,000",Infrastructure,City Wide,39.3,10.1,94%,106%,49.6,-5.1,71,NA,,44.65,-63.59,,,,,,,,,,,,,,,,,,,,,
Halifax,NS,"530,000",Infrastructure,Best Area,49.4,3.2,91%,110%,52.6,-9.8,71,NA,,44.65,-63.59,,,,,,,,,,,,,,,,,,,,,
Halifax,NS,"530,000",Balanced,City Wide,42.0,12.0,94%,106%,54.5,-5.1,71,NA,,44.65,-63.59,,,,,,,,,,,,,,,,,,,,,
Halifax,NS,"530,000",Balanced,Best Area,54.0,0.6,91%,110%,54.6,-9.8,71,NA,,44.65,-63.59,,,,,,,,,,,,,,,,,,,,,
Halifax,NS,"530,000",Destination,City Wide,44.4,14.8,94%,106%,59.7,-5.1,71,NA,,44.65,-63.59,,,,,,,,,,,,,,,,,,,,,
Halifax,NS,"530,000",Destination,Best Area,59.2,0.6,91%,110%,59.8,-9.8,71,NA,,44.65,-63.59,,,,,,,,,,,,,,,,,,,,,
New Orleans,LA,"376,035",Infrastructure,City Wide,39.5,9.9,96%,103%,50.7,-3.1,61,NA,,29.96,-90.07,,,,,,,,,,,,,,,,,,,,,
New Orleans,LA,"376,035",Infrastructure,Best Area,49.4,2.1,91%,108%,51.5,-9.0,61,NA,,29.96,-90.07,,,,,,,,,,,,,,,,,,,,,
New Orleans,LA,"376,035",Balanced,City Wide,41.2,12.8,96%,103%,54.8,-3.1,61,NA,,29.96,-90.07,,,,,,,,,,,,,,,,,,,,,
New Orleans,LA,"376,035",Balanced,Best Area,54.0,1.2,91%,108%,55.2,-9.0,61,NA,,29.96,-90.07,,,,,,,,,,,,,,,,,,,,,
New Orleans,LA,"376,035",Destination,City Wide,42.6,15.8,96%,103%,59.1,-3.1,61,NA,,29.96,-90.07,,,,,,,,,,,,,,,,,,,,,
New Orleans,LA,"376,035",Destination,Best Area,58.4,1.2,91%,108%,59.6,-9.0,61,NA,,29.96,-90.07,,,,,,,,,,,,,,,,,,,,,
Varna,Bulgaria,"336,505",Infrastructure,City Wide,37.1,11.7,94%,106%,48.7,-4.8,71,EU,,43.21,27.92,,,,,,,,,,,,,,,,,,,,,
Varna,Bulgaria,"336,505",Infrastructure,Best Area,48.8,1.1,90%,109%,49.9,-10.0,71,EU,,43.21,27.92,,,,,,,,,,,,,,,,,,,,,
Varna,Bulgaria,"336,505",Balanced,City Wide,39.5,14.5,94%,106%,54.1,-4.8,71,EU,,43.21,27.92,,,,,,,,,,,,,,,,,,,,,
Varna,Bulgaria,"336,505",Balanced,Best Area,54.0,0.7,90%,109%,54.7,-10.0,71,EU,,43.21,27.92,,,,,,,,,,,,,,,,,,,,,
Varna,Bulgaria,"336,505",Destination,City Wide,41.9,16.9,94%,106%,58.9,-4.8,71,EU,,43.21,27.92,,,,,,,,,,,,,,,,,,,,,
Varna,Bulgaria,"336,505",Destination,Best Area,58.8,0.5,90%,109%,59.3,-10.0,71,EU,,43.21,27.92,,,,,,,,,,,,,,,,,,,,,
Tulsa,OK,"410,000",Infrastructure,City Wide,35.4,20.6,99%,101%,57.7,-0.8,72,NA,,36.16,-95.99,,,,,,,,,,,,,,,,,,,,,
Tulsa,OK,"410,000",Infrastructure,Best Area,56.0,3.6,104%,96%,59.6,4.0,87,NA,,36.16,-95.99,,,,,,,,,,,,,,,,,,,,,
Tulsa,OK,"410,000",Balanced,City Wide,35.9,18.1,99%,101%,56.0,-0.8,72,NA,,36.16,-95.99,,,,,,,,,,,,,,,,,,,,,
Tulsa,OK,"410,000",Balanced,Best Area,54.0,4.0,104%,96%,58.0,4.0,87,NA,,36.16,-95.99,,,,,,,,,,,,,,,,,,,,,
Tulsa,OK,"410,000",Destination,City Wide,36.2,15.8,99%,101%,54.3,-0.8,72,NA,,36.16,-95.99,,,,,,,,,,,,,,,,,,,,,
Tulsa,OK,"410,000",Destination,Best Area,52.0,4.4,104%,96%,56.4,4.0,87,NA,,36.16,-95.99,,,,,,,,,,,,,,,,,,,,,
Dallas,TX,"1,299,553",Infrastructure,City Wide,35.4,19.9,101%,99%,56.6,0.4,51,NA,,32.78,-96.80,,,,,,,,,,,,,,,,,,,,,
Dallas,TX,"1,299,553",Infrastructure,Best Area,55.3,4.3,103%,97%,59.6,3.0,81,NA,,32.78,-96.80,,,,,,,,,,,,,,,,,,,,,
Dallas,TX,"1,299,553",Balanced,City Wide,35.2,18.5,101%,99%,55.4,0.4,51,NA,,32.78,-96.80,,,,,,,,,,,,,,,,,,,,,
Dallas,TX,"1,299,553",Balanced,Best Area,53.7,6.1,103%,97%,59.8,3.0,81,NA,,32.78,-96.80,,,,,,,,,,,,,,,,,,,,,
Dallas,TX,"1,299,553",Destination,City Wide,35.0,17.3,101%,99%,54.4,0.4,51,NA,,32.78,-96.80,,,,,,,,,,,,,,,,,,,,,
Dallas,TX,"1,299,553",Destination,Best Area,52.3,7.6,103%,97%,59.9,3.0,81,NA,,32.78,-96.80,,,,,,,,,,,,,,,,,,,,,
Taichung,Taiwan,"2,867,848",Infrastructure,City Wide,30.2,17.3,89%,109%,50.1,-6.8,13,Other,,24.16,120.65,,,,,,,,,,,,,,,,,,,,,
Taichung,Taiwan,"2,867,848",Infrastructure,Best Area,47.5,7.1,88%,113%,54.6,-13.0,26,Other,,24.16,120.65,,,,,,,,,,,,,,,,,,,,,
Taichung,Taiwan,"2,867,848",Balanced,City Wide,33.9,19.8,89%,109%,58.4,-6.8,13,Other,,24.16,120.65,,,,,,,,,,,,,,,,,,,,,
Taichung,Taiwan,"2,867,848",Balanced,Best Area,53.7,8.9,88%,113%,62.6,-13.0,26,Other,,24.16,120.65,,,,,,,,,,,,,,,,,,,,,
Taichung,Taiwan,"2,867,848",Destination,City Wide,37.0,23.5,89%,109%,64.4,-6.8,12,Other,,24.16,120.65,,,,,,,,,,,,,,,,,,,,,
Taichung,Taiwan,"2,867,848",Destination,Best Area,60.5,9.7,88%,113%,70.2,-13.0,26,Other,,24.16,120.65,,,,,,,,,,,,,,,,,,,,,
Iloilo City,Philippines,"473,728",Infrastructure,City Wide,37.3,10.0,88%,111%,48.1,-9.7,49,Other,,10.69,122.57,,,,,,,,,,,,,,,,,,,,,
Iloilo City,Philippines,"473,728",Infrastructure,Best Area,47.3,1.0,88%,111%,48.3,-12.3,49,Other,,10.69,122.57,,,,,,,,,,,,,,,,,,,,,
Iloilo City,Philippines,"473,728",Balanced,City Wide,42.4,11.2,88%,111%,53.8,-9.7,49,Other,,10.69,122.57,,,,,,,,,,,,,,,,,,,,,
Iloilo City,Philippines,"473,728",Balanced,Best Area,53.6,0.9,88%,111%,54.5,-12.3,49,Other,,10.69,122.57,,,,,,,,,,,,,,,,,,,,,
Iloilo City,Philippines,"473,728",Destination,City Wide,47.0,12.6,88%,111%,59.6,-9.7,49,Other,,10.69,122.57,,,,,,,,,,,,,,,,,,,,,
Iloilo City,Philippines,"473,728",Destination,Best Area,59.6,0.7,88%,111%,60.3,-12.3,49,Other,,10.69,122.57,,,,,,,,,,,,,,,,,,,,,
Peachtree City,GA,"41,952",Infrastructure,City Wide,58.8,1.2,111%,88%,59.4,12.2,44,NA,,33.40,-84.59,,,,,,,,,,,,,,,,,,,,,
Peachtree City,GA,"41,952",Infrastructure,Best Area,60.0,3.6,112%,87%,63.6,13.2,78,NA,,33.40,-84.59,,,,,,,,,,,,,,,,,,,,,
Peachtree City,GA,"41,952",Balanced,City Wide,53.0,0.5,111%,88%,53.5,12.2,45,NA,,33.40,-84.59,,,,,,,,,,,,,,,,,,,,,
Peachtree City,GA,"41,952",Balanced,Best Area,53.5,1.1,112%,87%,54.6,13.2,78,NA,,33.40,-84.59,,,,,,,,,,,,,,,,,,,,,
Peachtree City,GA,"41,952",Destination,City Wide,46.6,0.2,111%,88%,46.8,12.2,45,NA,,33.40,-84.59,,,,,,,,,,,,,,,,,,,,,
Peachtree City,GA,"41,952",Destination,Best Area,46.8,0.1,112%,87%,46.9,13.2,78,NA,,33.40,-84.59,,,,,,,,,,,,,,,,,,,,,
Dayton,OH,"136,741",Infrastructure,City Wide,43.3,14.3,105%,95%,59.6,3.9,15,NA,,39.76,-84.19,,,,,,,,,,,,,,,,,,,,,
Dayton,OH,"136,741",Infrastructure,Best Area,57.6,4.1,108%,92%,61.7,8.3,42,NA,,39.76,-84.19,,,,,,,,,,,,,,,,,,,,,
Dayton,OH,"136,741",Balanced,City Wide,41.4,12.1,105%,95%,56.1,3.9,15,NA,,39.76,-84.19,,,,,,,,,,,,,,,,,,,,,
Dayton,OH,"136,741",Balanced,Best Area,53.5,4.6,108%,92%,58.1,8.3,42,NA,,39.76,-84.19,,,,,,,,,,,,,,,,,,,,,
Dayton,OH,"136,741",Destination,City Wide,39.4,9.9,105%,95%,51.7,3.9,15,NA,,39.76,-84.19,,,,,,,,,,,,,,,,,,,,,
Dayton,OH,"136,741",Destination,Best Area,49.3,5.2,108%,92%,54.5,8.3,42,NA,,39.76,-84.19,,,,,,,,,,,,,,,,,,,,,
Montevideo,Uruguay,"1,302,954",Infrastructure,City Wide,26.3,18.5,85%,113%,47.3,-8.7,64,Other,,-34.91,-56.19,,,,,,,,,,,,,,,,,,,,,
Montevideo,Uruguay,"1,302,954",Infrastructure,Best Area,44.8,4.5,84%,114%,49.3,-16.0,80,Other,,-34.91,-56.19,,,,,,,,,,,,,,,,,,,,,
Montevideo,Uruguay,"1,302,954",Balanced,City Wide,31.0,22.3,85%,113%,57.0,-8.7,64,Other,,-34.91,-56.19,,,,,,,,,,,,,,,,,,,,,
Montevideo,Uruguay,"1,302,954",Balanced,Best Area,53.3,5.7,84%,114%,59.0,-16.0,80,Other,,-34.91,-56.19,,,,,,,,,,,,,,,,,,,,,
Montevideo,Uruguay,"1,302,954",Destination,City Wide,35.0,25.8,85%,113%,65.5,-8.7,64,Other,,-34.91,-56.19,,,,,,,,,,,,,,,,,,,,,
Montevideo,Uruguay,"1,302,954",Destination,Best Area,60.8,6.6,84%,114%,67.4,-16.0,80,Other,,-34.91,-56.19,,,,,,,,,,,,,,,,,,,,,
Plano,TX,"287,339",Infrastructure,City Wide,50.9,5.8,108%,92%,58.1,7.6,50,NA,,33.01,-96.69,,,,,,,,,,,,,,,,,,,,,
Plano,TX,"287,339",Infrastructure,Best Area,56.7,3.0,107%,93%,59.7,7.1,73,NA,,33.01,-96.69,,,,,,,,,,,,,,,,,,,,,
Plano,TX,"287,339",Balanced,City Wide,47.3,5.9,108%,92%,53.4,7.6,50,NA,,33.01,-96.69,,,,,,,,,,,,,,,,,,,,,
Plano,TX,"287,339",Balanced,Best Area,53.2,3.0,107%,93%,56.2,7.1,73,NA,,33.01,-96.69,,,,,,,,,,,,,,,,,,,,,
Plano,TX,"287,339",Destination,City Wide,43.3,6.3,108%,92%,49.9,7.6,50,NA,,33.01,-96.69,,,,,,,,,,,,,,,,,,,,,
Plano,TX,"287,339",Destination,Best Area,49.6,2.9,107%,93%,52.5,7.1,73,NA,,33.01,-96.69,,,,,,,,,,,,,,,,,,,,,
Orlando,FL,"311,732",Infrastructure,City Wide,40.5,18.2,104%,95%,59.9,3.5,19,NA,,28.54,-81.38,,,,,,,,,,,,,,,,,,,,,
Orlando,FL,"311,732",Infrastructure,Best Area,58.7,2.5,110%,90%,61.2,10.8,48,NA,,28.54,-81.38,,,,,,,,,,,,,,,,,,,,,
Orlando,FL,"311,732",Balanced,City Wide,38.8,14.4,104%,95%,53.8,3.5,19,NA,,28.54,-81.38,,,,,,,,,,,,,,,,,,,,,
Orlando,FL,"311,732",Balanced,Best Area,53.2,1.7,110%,90%,54.9,10.8,48,NA,,28.54,-81.38,,,,,,,,,,,,,,,,,,,,,
Orlando,FL,"311,732",Destination,City Wide,37.0,10.9,104%,95%,48.0,3.5,19,NA,,28.54,-81.38,,,,,,,,,,,,,,,,,,,,,
Orlando,FL,"311,732",Destination,Best Area,47.9,4.3,110%,90%,52.2,10.8,48,NA,,28.54,-81.38,,,,,,,,,,,,,,,,,,,,,
Missoula,MT,"75,600",Infrastructure,City Wide,43.7,11.6,104%,97%,55.5,2.9,25,NA,,46.87,-114.00,,,,,,,,,,,,,,,,,,,,,
Missoula,MT,"75,600",Infrastructure,Best Area,55.3,1.4,104%,96%,56.7,4.5,36,NA,,46.87,-114.00,,,,,,,,,,,,,,,,,,,,,
Missoula,MT,"75,600",Balanced,City Wide,42.2,10.9,104%,97%,53.2,2.9,26,NA,,46.87,-114.00,,,,,,,,,,,,,,,,,,,,,
Missoula,MT,"75,600",Balanced,Best Area,53.1,0.9,104%,96%,54.0,4.5,36,NA,,46.87,-114.00,,,,,,,,,,,,,,,,,,,,,
Missoula,MT,"75,600",Destination,City Wide,40.8,10.0,104%,97%,50.8,2.9,26,NA,,46.87,-114.00,,,,,,,,,,,,,,,,,,,,,
Missoula,MT,"75,600",Destination,Best Area,50.8,0.5,104%,96%,51.3,4.5,36,NA,,46.87,-114.00,,,,,,,,,,,,,,,,,,,,,
The Woodlands,TX,"116,916",Infrastructure,City Wide,53.9,3.0,107%,92%,56.9,7.5,45,NA,,30.17,-95.50,,,,,,,,,,,,,,,,,,,,,
The Woodlands,TX,"116,916",Infrastructure,Best Area,56.9,0.6,107%,92%,57.5,8.0,57,NA,,30.17,-95.50,,,,,,,,,,,,,,,,,,,,,
The Woodlands,TX,"116,916",Balanced,City Wide,50.2,2.8,107%,92%,53.0,7.5,45,NA,,30.17,-95.50,,,,,,,,,,,,,,,,,,,,,
The Woodlands,TX,"116,916",Balanced,Best Area,53.0,0.5,107%,92%,53.5,8.0,57,NA,,30.17,-95.50,,,,,,,,,,,,,,,,,,,,,
The Woodlands,TX,"116,916",Destination,City Wide,46.4,2.5,107%,92%,48.9,7.5,46,NA,,30.17,-95.50,,,,,,,,,,,,,,,,,,,,,
The Woodlands,TX,"116,916",Destination,Best Area,48.9,0.2,107%,92%,49.1,8.0,57,NA,,30.17,-95.50,,,,,,,,,,,,,,,,,,,,,
Mesa,AZ,"507,478",Infrastructure,City Wide,43.0,12.5,104%,96%,55.8,3.3,33,NA,,33.42,-111.83,,,,,,,,,,,,,,,,,,,,,
Mesa,AZ,"507,478",Infrastructure,Best Area,55.5,11.5,105%,95%,67.0,5.2,74,NA,,33.42,-111.83,,,,,,,,,,,,,,,,,,,,,
Mesa,AZ,"507,478",Balanced,City Wide,41.3,11.7,104%,96%,53.8,3.3,33,NA,,33.42,-111.83,,,,,,,,,,,,,,,,,,,,,
Mesa,AZ,"507,478",Balanced,Best Area,53.0,10.6,105%,95%,63.6,5.2,74,NA,,33.42,-111.83,,,,,,,,,,,,,,,,,,,,,
Mesa,AZ,"507,478",Destination,City Wide,39.7,10.6,104%,96%,51.7,3.3,33,NA,,33.42,-111.83,,,,,,,,,,,,,,,,,,,,,
Mesa,AZ,"507,478",Destination,Best Area,50.3,9.7,105%,95%,60.0,5.2,74,NA,,33.42,-111.83,,,,,,,,,,,,,,,,,,,,,
Busan,South Korea,"3,285,147",Infrastructure,City Wide,29.4,22.9,89%,106%,56.6,-5.6,17,Other,,35.18,129.08,,,,,,,,,,,,,,,,,,,,,
Busan,South Korea,"3,285,147",Infrastructure,Best Area,52.3,14.4,99%,101%,66.7,-1.2,34,Other,,35.18,129.08,,,,,,,,,,,,,,,,,,,,,
Busan,South Korea,"3,285,147",Balanced,City Wide,32.9,20.0,89%,106%,54.0,-5.6,13,Other,,35.18,129.08,,,,,,,,,,,,,,,,,,,,,
Busan,South Korea,"3,285,147",Balanced,Best Area,52.9,6.6,99%,101%,59.5,-1.2,34,Other,,35.18,129.08,,,,,,,,,,,,,,,,,,,,,
Busan,South Korea,"3,285,147",Destination,City Wide,35.0,18.5,89%,106%,58.7,-5.6,11,Other,,35.18,129.08,,,,,,,,,,,,,,,,,,,,,
Busan,South Korea,"3,285,147",Destination,Best Area,53.5,7.9,99%,101%,61.4,-1.2,34,Other,,35.18,129.08,,,,,,,,,,,,,,,,,,,,,
Tepic,Mexico,"425,924",Infrastructure,City Wide,29.8,21.6,95%,104%,52.1,-2.9,63,NA,,21.62,-104.84,,,,,,,,,,,,,,,,,,,,,
Tepic,Mexico,"425,924",Infrastructure,Best Area,51.4,2.8,97%,103%,54.2,-2.9,63,NA,,21.62,-104.84,,,,,,,,,,,,,,,,,,,,,
Tepic,Mexico,"425,924",Balanced,City Wide,31.3,21.6,95%,104%,53.5,-2.9,63,NA,,21.62,-104.84,,,,,,,,,,,,,,,,,,,,,
Tepic,Mexico,"425,924",Balanced,Best Area,52.9,2.1,97%,103%,55.0,-2.9,63,NA,,21.62,-104.84,,,,,,,,,,,,,,,,,,,,,
Tepic,Mexico,"425,924",Destination,City Wide,32.7,21.6,95%,104%,54.7,-2.9,63,NA,,21.62,-104.84,,,,,,,,,,,,,,,,,,,,,
Tepic,Mexico,"425,924",Destination,Best Area,54.3,1.4,97%,103%,55.7,-2.9,63,NA,,21.62,-104.84,,,,,,,,,,,,,,,,,,,,,
Moscow,Russia,"12,757,000",Infrastructure,City Wide,28.7,18.6,82%,114%,53.6,-11.1,53,EU,,55.63,37.61,,,,,,,,,,,,,,,,,,,,,
Moscow,Russia,"12,757,000",Infrastructure,Best Area,47.3,11.6,90%,111%,58.9,-11.0,78,EU,,55.63,37.61,,,,,,,,,,,,,,,,,,,,,
Moscow,Russia,"12,757,000",Balanced,City Wide,34.8,17.9,82%,114%,56.5,-11.1,53,EU,,55.63,37.61,,,,,,,,,,,,,,,,,,,,,
Moscow,Russia,"12,757,000",Balanced,Best Area,52.7,13.2,90%,111%,65.9,-11.0,78,EU,,55.63,37.61,,,,,,,,,,,,,,,,,,,,,
Moscow,Russia,"12,757,000",Destination,City Wide,39.8,18.5,82%,114%,60.3,-11.1,53,EU,,55.63,37.61,,,,,,,,,,,,,,,,,,,,,
Moscow,Russia,"12,757,000",Destination,Best Area,58.3,17.5,90%,111%,75.8,-11.0,78,EU,,55.63,37.61,,,,,,,,,,,,,,,,,,,,,
Greenville,SC,"71,755",Infrastructure,City Wide,39.7,11.5,96%,104%,51.3,-3.5,84,NA,,34.85,-82.40,,,,,,,,,,,,,,,,,,,,,
Greenville,SC,"71,755",Infrastructure,Best Area,51.2,0.3,97%,102%,51.5,-2.7,85,NA,,34.85,-82.40,,,,,,,,,,,,,,,,,,,,,
Greenville,SC,"71,755",Balanced,City Wide,41.4,11.2,96%,104%,52.8,-3.5,85,NA,,34.85,-82.40,,,,,,,,,,,,,,,,,,,,,
Greenville,SC,"71,755",Balanced,Best Area,52.6,0.5,97%,102%,53.1,-2.7,85,NA,,34.85,-82.40,,,,,,,,,,,,,,,,,,,,,
Greenville,SC,"71,755",Destination,City Wide,43.2,10.7,96%,104%,54.1,-3.5,85,NA,,34.85,-82.40,,,,,,,,,,,,,,,,,,,,,
Greenville,SC,"71,755",Destination,Best Area,53.9,0.8,97%,102%,54.7,-2.7,85,NA,,34.85,-82.40,,,,,,,,,,,,,,,,,,,,,
Chandigarh,India,"1,446,000",Infrastructure,City Wide,52.9,2.2,105%,95%,55.3,4.9,6,Other,,30.73,76.78,,,,,,,,,,,,,,,,,,,,,
Chandigarh,India,"1,446,000",Infrastructure,Best Area,55.1,1.3,105%,96%,56.4,4.9,7,Other,,30.73,76.78,,,,,,,,,,,,,,,,,,,,,
Chandigarh,India,"1,446,000",Balanced,City Wide,50.6,1.9,105%,95%,52.6,4.9,6,Other,,30.73,76.78,,,,,,,,,,,,,,,,,,,,,
Chandigarh,India,"1,446,000",Balanced,Best Area,52.5,0.4,105%,96%,52.9,4.9,7,Other,,30.73,76.78,,,,,,,,,,,,,,,,,,,,,
Chandigarh,India,"1,446,000",Destination,City Wide,48.0,2.2,105%,95%,50.2,4.9,6,Other,,30.73,76.78,,,,,,,,,,,,,,,,,,,,,
Chandigarh,India,"1,446,000",Destination,Best Area,50.2,0.1,105%,96%,50.3,4.9,7,Other,,30.73,76.78,,,,,,,,,,,,,,,,,,,,,
Buffalo,NY,"276,397",Infrastructure,City Wide,44.7,7.9,99%,101%,53.0,-1.1,58,NA,,42.89,-78.88,,,,,,,,,,,,,,,,,,,,,
Buffalo,NY,"276,397",Infrastructure,Best Area,52.6,1.1,100%,101%,53.7,-0.6,67,NA,,42.89,-78.88,,,,,,,,,,,,,,,,,,,,,
Buffalo,NY,"276,397",Balanced,City Wide,45.3,7.2,99%,101%,53.3,-1.1,58,NA,,42.89,-78.88,,,,,,,,,,,,,,,,,,,,,
Buffalo,NY,"276,397",Balanced,Best Area,52.5,1.5,100%,101%,54.0,-0.6,67,NA,,42.89,-78.88,,,,,,,,,,,,,,,,,,,,,
Buffalo,NY,"276,397",Destination,City Wide,45.8,7.4,99%,101%,54.0,-1.1,58,NA,,42.89,-78.88,,,,,,,,,,,,,,,,,,,,,
Buffalo,NY,"276,397",Destination,Best Area,53.2,1.3,100%,101%,54.5,-0.6,67,NA,,42.89,-78.88,,,,,,,,,,,,,,,,,,,,,
Cagliari,Italy,"154,083",Infrastructure,City Wide,42.1,7.2,94%,106%,48.8,-5.4,58,EU,,39.22,9.11,,,,,,,,,,,,,,,,,,,,,
Cagliari,Italy,"154,083",Infrastructure,Best Area,49.3,3.4,94%,107%,52.7,-7.0,58,EU,,39.22,9.11,,,,,,,,,,,,,,,,,,,,,
Cagliari,Italy,"154,083",Balanced,City Wide,45.0,7.5,94%,106%,52.9,-5.4,58,EU,,39.22,9.11,,,,,,,,,,,,,,,,,,,,,
Cagliari,Italy,"154,083",Balanced,Best Area,52.5,1.4,94%,107%,53.9,-7.0,58,EU,,39.22,9.11,,,,,,,,,,,,,,,,,,,,,
Cagliari,Italy,"154,083",Destination,City Wide,47.5,8.8,94%,106%,56.9,-5.4,58,EU,,39.22,9.11,,,,,,,,,,,,,,,,,,,,,
Cagliari,Italy,"154,083",Destination,Best Area,56.3,1.3,94%,107%,57.6,-7.0,58,EU,,39.22,9.11,,,,,,,,,,,,,,,,,,,,,
Atlanta,GA,"499,287",Infrastructure,City Wide,36.4,14.1,100%,99%,50.5,0.1,24,NA,,33.75,-84.39,,,,,,,,,,,,,,,,,,,,,
Atlanta,GA,"499,287",Infrastructure,Best Area,50.5,5.3,96%,104%,55.8,-4.1,64,NA,,33.75,-84.39,,,,,,,,,,,,,,,,,,,,,
Atlanta,GA,"499,287",Balanced,City Wide,36.5,16.0,100%,99%,54.2,0.1,24,NA,,33.75,-84.39,,,,,,,,,,,,,,,,,,,,,
Atlanta,GA,"499,287",Balanced,Best Area,52.5,3.9,96%,104%,56.4,-4.1,64,NA,,33.75,-84.39,,,,,,,,,,,,,,,,,,,,,
Atlanta,GA,"499,287",Destination,City Wide,36.3,18.3,100%,99%,58.1,0.1,24,NA,,33.75,-84.39,,,,,,,,,,,,,,,,,,,,,
Atlanta,GA,"499,287",Destination,Best Area,54.6,4.7,96%,104%,59.3,-4.1,64,NA,,33.75,-84.39,,,,,,,,,,,,,,,,,,,,,
Aurora,IL,"179,867",Infrastructure,City Wide,50.1,6.1,107%,93%,57.3,6.9,44,NA,,41.76,-88.31,,,,,,,,,,,,,,,,,,,,,
Aurora,IL,"179,867",Infrastructure,Best Area,56.2,2.9,107%,93%,59.1,7.7,63,NA,,41.76,-88.31,,,,,,,,,,,,,,,,,,,,,
Aurora,IL,"179,867",Balanced,City Wide,46.7,5.7,107%,93%,53.8,6.9,44,NA,,41.76,-88.31,,,,,,,,,,,,,,,,,,,,,
Aurora,IL,"179,867",Balanced,Best Area,52.4,3.5,107%,93%,55.9,7.7,63,NA,,41.76,-88.31,,,,,,,,,,,,,,,,,,,,,
Aurora,IL,"179,867",Destination,City Wide,43.2,5.3,107%,93%,49.3,6.9,44,NA,,41.76,-88.31,,,,,,,,,,,,,,,,,,,,,
Aurora,IL,"179,867",Destination,Best Area,48.5,4.0,107%,93%,52.5,7.7,63,NA,,41.76,-88.31,,,,,,,,,,,,,,,,,,,,,
Isfahan,Iran,"2,238,000",Infrastructure,City Wide,34.0,15.9,96%,104%,54.9,-2.9,78,Other,,32.67,51.67,,,,,,,,,,,,,,,,,,,,,
Isfahan,Iran,"2,238,000",Infrastructure,Best Area,49.9,8.0,96%,105%,57.9,-4.9,87,Other,,32.67,51.67,,,,,,,,,,,,,,,,,,,,,
Isfahan,Iran,"2,238,000",Balanced,City Wide,35.5,16.7,96%,104%,58.0,-2.9,78,Other,,32.67,51.67,,,,,,,,,,,,,,,,,,,,,
Isfahan,Iran,"2,238,000",Balanced,Best Area,52.2,10.1,96%,105%,62.3,-4.9,87,Other,,32.67,51.67,,,,,,,,,,,,,,,,,,,,,
Isfahan,Iran,"2,238,000",Destination,City Wide,36.9,17.9,96%,104%,60.7,-2.9,78,Other,,32.67,51.67,,,,,,,,,,,,,,,,,,,,,
Isfahan,Iran,"2,238,000",Destination,Best Area,54.8,11.7,96%,105%,66.5,-4.9,87,Other,,32.67,51.67,,,,,,,,,,,,,,,,,,,,,
Incheon,South Korea,"3,000,000",Infrastructure,City Wide,26.4,27.8,95%,104%,60.9,-2.4,8,Other,,37.46,126.71,,,,,,,,,,,,,,,,,,,,,
Incheon,South Korea,"3,000,000",Infrastructure,Best Area,54.2,17.8,104%,95%,72.0,4.4,33,Other,,37.46,126.71,,,,,,,,,,,,,,,,,,,,,
Incheon,South Korea,"3,000,000",Balanced,City Wide,27.8,24.4,95%,104%,53.7,-2.4,8,Other,,37.46,126.71,,,,,,,,,,,,,,,,,,,,,
Incheon,South Korea,"3,000,000",Balanced,Best Area,52.2,19.7,104%,95%,71.9,4.4,33,Other,,37.46,126.71,,,,,,,,,,,,,,,,,,,,,
Incheon,South Korea,"3,000,000",Destination,City Wide,28.8,21.0,95%,104%,51.2,-2.4,8,Other,,37.46,126.71,,,,,,,,,,,,,,,,,,,,,
Incheon,South Korea,"3,000,000",Destination,Best Area,49.8,21.9,104%,95%,71.7,4.4,33,Other,,37.46,126.71,,,,,,,,,,,,,,,,,,,,,
Cordoba,Argentina,"1,500,000",Infrastructure,City Wide,33.3,15.9,96%,104%,50.7,-2.9,14,Other,,-31.42,-64.18,,,,,,,,,,,,,,,,,,,,,
Cordoba,Argentina,"1,500,000",Infrastructure,Best Area,49.2,4.3,94%,105%,53.5,-5.7,28,Other,,-31.42,-64.18,,,,,,,,,,,,,,,,,,,,,
Cordoba,Argentina,"1,500,000",Balanced,City Wide,34.8,17.3,96%,104%,54.3,-2.9,14,Other,,-31.42,-64.18,,,,,,,,,,,,,,,,,,,,,
Cordoba,Argentina,"1,500,000",Balanced,Best Area,52.1,4.3,94%,105%,56.4,-5.7,28,Other,,-31.42,-64.18,,,,,,,,,,,,,,,,,,,,,
Cordoba,Argentina,"1,500,000",Destination,City Wide,36.2,18.7,96%,104%,57.6,-2.9,14,Other,,-31.42,-64.18,,,,,,,,,,,,,,,,,,,,,
Cordoba,Argentina,"1,500,000",Destination,Best Area,54.9,4.4,94%,105%,59.3,-5.7,28,Other,,-31.42,-64.18,,,,,,,,,,,,,,,,,,,,,
Naperville,IL,"149,424",Infrastructure,City Wide,50.1,5.1,106%,94%,55.3,6.0,47,NA,,41.77,-88.15,,,,,,,,,,,,,,,,,,,,,
Naperville,IL,"149,424",Infrastructure,Best Area,55.2,1.3,106%,94%,56.5,6.3,66,NA,,41.77,-88.15,,,,,,,,,,,,,,,,,,,,,
Naperville,IL,"149,424",Balanced,City Wide,47.1,4.9,106%,94%,52.5,6.0,47,NA,,41.77,-88.15,,,,,,,,,,,,,,,,,,,,,
Naperville,IL,"149,424",Balanced,Best Area,52.0,1.6,106%,94%,53.6,6.3,66,NA,,41.77,-88.15,,,,,,,,,,,,,,,,,,,,,
Naperville,IL,"149,424",Destination,City Wide,44.1,4.8,106%,94%,49.9,6.0,47,NA,,41.77,-88.15,,,,,,,,,,,,,,,,,,,,,
Naperville,IL,"149,424",Destination,Best Area,48.9,2.3,106%,94%,51.2,6.3,66,NA,,41.77,-88.15,,,,,,,,,,,,,,,,,,,,,
Los Angeles,CA,"3,857,897",Infrastructure,City Wide,40.4,11.0,98%,101%,53.9,-1.3,35,NA,,34.05,-118.24,,,,,,,,,,,,,,,,,,,,,
Los Angeles,CA,"3,857,897",Infrastructure,Best Area,51.4,4.8,99%,103%,56.2,-2.2,65,NA,,34.05,-118.24,,,,,,,,,,,,,,,,,,,,,
Los Angeles,CA,"3,857,897",Balanced,City Wide,41.1,10.9,98%,101%,55.5,-1.3,35,NA,,34.05,-118.24,,,,,,,,,,,,,,,,,,,,,
Los Angeles,CA,"3,857,897",Balanced,Best Area,52.0,9.1,99%,103%,61.1,-2.2,65,NA,,34.05,-118.24,,,,,,,,,,,,,,,,,,,,,
Los Angeles,CA,"3,857,897",Destination,City Wide,41.7,11.9,98%,101%,58.0,-1.3,35,NA,,34.05,-118.24,,,,,,,,,,,,,,,,,,,,,
Los Angeles,CA,"3,857,897",Destination,Best Area,53.6,12.3,99%,103%,65.9,-2.2,65,NA,,34.05,-118.24,,,,,,,,,,,,,,,,,,,,,
New Haven,CT,"132,893",Infrastructure,City Wide,35.1,15.3,93%,107%,52.3,-5.4,52,NA,,41.31,-72.93,,,,,,,,,,,,,,,,,,,,,
New Haven,CT,"132,893",Infrastructure,Best Area,50.4,3.2,97%,103%,53.6,-3.3,72,NA,,41.31,-72.93,,,,,,,,,,,,,,,,,,,,,
New Haven,CT,"132,893",Balanced,City Wide,37.9,14.1,93%,107%,53.3,-5.4,52,NA,,41.31,-72.93,,,,,,,,,,,,,,,,,,,,,
New Haven,CT,"132,893",Balanced,Best Area,52.0,3.0,97%,103%,55.0,-3.3,72,NA,,41.31,-72.93,,,,,,,,,,,,,,,,,,,,,
New Haven,CT,"132,893",Destination,City Wide,40.5,13.2,93%,107%,54.7,-5.4,53,NA,,41.31,-72.93,,,,,,,,,,,,,,,,,,,,,
New Haven,CT,"132,893",Destination,Best Area,53.7,2.7,97%,103%,56.4,-3.3,72,NA,,41.31,-72.93,,,,,,,,,,,,,,,,,,,,,
Oaxaca de Juarez,Mexico,"270,955",Infrastructure,City Wide,29.7,10.8,82%,116%,42.6,-12.5,67,NA,,17.10,-96.72,,,,,,,,,,,,,,,,,,,,,
Oaxaca de Juarez,Mexico,"270,955",Infrastructure,Best Area,40.5,3.7,78%,118%,44.2,-20.8,67,NA,,17.10,-96.72,,,,,,,,,,,,,,,,,,,,,
Oaxaca de Juarez,Mexico,"270,955",Balanced,City Wide,36.4,15.5,82%,116%,54.0,-12.5,67,NA,,17.10,-96.72,,,,,,,,,,,,,,,,,,,,,
Oaxaca de Juarez,Mexico,"270,955",Balanced,Best Area,51.9,3.9,78%,118%,55.8,-20.8,67,NA,,17.10,-96.72,,,,,,,,,,,,,,,,,,,,,
Oaxaca de Juarez,Mexico,"270,955",Destination,City Wide,42.2,19.1,82%,116%,63.5,-12.5,67,NA,,17.10,-96.72,,,,,,,,,,,,,,,,,,,,,
Oaxaca de Juarez,Mexico,"270,955",Destination,Best Area,61.3,4.3,78%,118%,65.6,-20.8,67,NA,,17.10,-96.72,,,,,,,,,,,,,,,,,,,,,
St. Louis,MO,"293,109",Infrastructure,City Wide,47.7,2.4,97%,103%,50.5,-2.6,77,NA,,38.63,-90.19,,,,,,,,,,,,,,,,,,,,,
St. Louis,MO,"293,109",Infrastructure,Best Area,50.1,0.8,97%,104%,50.9,-3.9,77,NA,,38.63,-90.19,,,,,,,,,,,,,,,,,,,,,
St. Louis,MO,"293,109",Balanced,City Wide,49.0,2.8,97%,103%,52.2,-2.6,77,NA,,38.63,-90.19,,,,,,,,,,,,,,,,,,,,,
St. Louis,MO,"293,109",Balanced,Best Area,51.8,1.4,97%,104%,53.2,-3.9,77,NA,,38.63,-90.19,,,,,,,,,,,,,,,,,,,,,
St. Louis,MO,"293,109",Destination,City Wide,50.3,3.7,97%,103%,54.2,-2.6,77,NA,,38.63,-90.19,,,,,,,,,,,,,,,,,,,,,
St. Louis,MO,"293,109",Destination,Best Area,54.0,1.5,97%,104%,55.5,-3.9,77,NA,,38.63,-90.19,,,,,,,,,,,,,,,,,,,,,
Hamilton,ON,"652,266",Infrastructure,City Wide,28.0,21.3,99%,101%,51.8,-0.6,45,NA,,43.26,-79.87,,,,,,,,,,,,,,,,,,,,,
Hamilton,ON,"652,266",Infrastructure,Best Area,49.3,4.1,96%,105%,53.4,-5.1,75,NA,,43.26,-79.87,,,,,,,,,,,,,,,,,,,,,
Hamilton,ON,"652,266",Balanced,City Wide,28.4,23.2,99%,101%,55.6,-0.6,45,NA,,43.26,-79.87,,,,,,,,,,,,,,,,,,,,,
Hamilton,ON,"652,266",Balanced,Best Area,51.6,6.0,96%,105%,57.6,-5.1,75,NA,,43.26,-79.87,,,,,,,,,,,,,,,,,,,,,
Hamilton,ON,"652,266",Destination,City Wide,28.6,25.8,99%,101%,59.5,-0.6,45,NA,,43.26,-79.87,,,,,,,,,,,,,,,,,,,,,
Hamilton,ON,"652,266",Destination,Best Area,54.4,7.5,96%,105%,61.9,-5.1,75,NA,,43.26,-79.87,,,,,,,,,,,,,,,,,,,,,
Santa Fe,NM,"88,224",Infrastructure,City Wide,42.0,9.5,100%,100%,52.8,0.0,63,NA,,35.69,-105.94,,,,,,,,,,,,,,,,,,,,,
Santa Fe,NM,"88,224",Infrastructure,Best Area,51.5,2.9,100%,102%,54.4,-0.9,79,NA,,35.69,-105.94,,,,,,,,,,,,,,,,,,,,,
Santa Fe,NM,"88,224",Balanced,City Wide,42.2,9.3,100%,100%,51.9,0.0,57,NA,,35.69,-105.94,,,,,,,,,,,,,,,,,,,,,
Santa Fe,NM,"88,224",Balanced,Best Area,51.5,1.5,100%,102%,53.0,-0.9,79,NA,,35.69,-105.94,,,,,,,,,,,,,,,,,,,,,
Santa Fe,NM,"88,224",Destination,City Wide,42.0,10.4,100%,100%,53.1,0.0,57,NA,,35.69,-105.94,,,,,,,,,,,,,,,,,,,,,
Santa Fe,NM,"88,224",Destination,Best Area,52.4,1.3,100%,102%,53.7,-0.9,79,NA,,35.69,-105.94,,,,,,,,,,,,,,,,,,,,,
Rochester,NY,"209,720",Infrastructure,City Wide,41.0,12.4,102%,98%,53.6,1.9,32,NA,,43.16,-77.62,,,,,,,,,,,,,,,,,,,,,
Rochester,NY,"209,720",Infrastructure,Best Area,53.4,1.0,104%,97%,54.4,3.5,64,NA,,43.16,-77.62,,,,,,,,,,,,,,,,,,,,,
Rochester,NY,"209,720",Balanced,City Wide,40.1,11.4,102%,98%,51.8,1.9,31,NA,,43.16,-77.62,,,,,,,,,,,,,,,,,,,,,
Rochester,NY,"209,720",Balanced,Best Area,51.5,1.0,104%,97%,52.5,3.5,64,NA,,43.16,-77.62,,,,,,,,,,,,,,,,,,,,,
Rochester,NY,"209,720",Destination,City Wide,39.1,10.8,102%,98%,50.4,1.9,31,NA,,43.16,-77.62,,,,,,,,,,,,,,,,,,,,,
Rochester,NY,"209,720",Destination,Best Area,49.9,1.5,104%,97%,51.4,3.5,64,NA,,43.16,-77.62,,,,,,,,,,,,,,,,,,,,,
Bari,Italy,"320,000",Infrastructure,City Wide,30.9,13.8,90%,109%,46.3,-6.5,26,EU,,41.13,16.86,,,,,,,,,,,,,,,,,,,,,
Bari,Italy,"320,000",Infrastructure,Best Area,44.7,4.8,87%,112%,49.5,-12.9,37,EU,,41.13,16.86,,,,,,,,,,,,,,,,,,,,,
Bari,Italy,"320,000",Balanced,City Wide,34.3,17.2,90%,109%,54.2,-6.5,26,EU,,41.13,16.86,,,,,,,,,,,,,,,,,,,,,
Bari,Italy,"320,000",Balanced,Best Area,51.5,3.6,87%,112%,55.1,-12.9,37,EU,,41.13,16.86,,,,,,,,,,,,,,,,,,,,,
Bari,Italy,"320,000",Destination,City Wide,37.4,20.2,90%,109%,60.3,-6.5,26,EU,,41.13,16.86,,,,,,,,,,,,,,,,,,,,,
Bari,Italy,"320,000",Destination,Best Area,57.6,3.5,87%,112%,61.1,-12.9,37,EU,,41.13,16.86,,,,,,,,,,,,,,,,,,,,,
Shanghai,China,"24,850,000",Infrastructure,City Wide,24.4,31.6,113%,86%,63.5,5.9,2,Other,,31.23,121.47,,,,,,,,,,,,,,,,,,,,,
Shanghai,China,"24,850,000",Infrastructure,Best Area,56.0,18.6,109%,91%,74.6,8.9,15,Other,,31.23,121.47,,,,,,,,,,,,,,,,,,,,,
Shanghai,China,"24,850,000",Balanced,City Wide,21.6,29.9,113%,86%,58.9,5.9,2,Other,,31.23,121.47,,,,,,,,,,,,,,,,,,,,,
Shanghai,China,"24,850,000",Balanced,Best Area,51.5,18.8,109%,91%,70.3,8.9,15,Other,,31.23,121.47,,,,,,,,,,,,,,,,,,,,,
Shanghai,China,"24,850,000",Destination,City Wide,18.5,28.6,113%,86%,53.7,5.9,2,Other,,31.23,121.47,,,,,,,,,,,,,,,,,,,,,
Shanghai,China,"24,850,000",Destination,Best Area,47.1,23.9,109%,91%,71.0,8.9,16,Other,,31.23,121.47,,,,,,,,,,,,,,,,,,,,,
Phoenix,AZ,"1,624,832",Infrastructure,City Wide,43.0,11.8,106%,94%,57.6,4.9,45,NA,,33.45,-112.07,,,,,,,,,,,,,,,,,,,,,
Phoenix,AZ,"1,624,832",Infrastructure,Best Area,54.8,12.9,107%,94%,67.7,6.4,71,NA,,33.45,-112.07,,,,,,,,,,,,,,,,,,,,,
Phoenix,AZ,"1,624,832",Balanced,City Wide,40.6,10.8,106%,94%,52.8,4.9,45,NA,,33.45,-112.07,,,,,,,,,,,,,,,,,,,,,
Phoenix,AZ,"1,624,832",Balanced,Best Area,51.4,12.2,107%,94%,63.6,6.4,81,NA,,33.45,-112.07,,,,,,,,,,,,,,,,,,,,,
Phoenix,AZ,"1,624,832",Destination,City Wide,38.1,10.3,106%,94%,49.8,4.9,45,NA,,33.45,-112.07,,,,,,,,,,,,,,,,,,,,,
Phoenix,AZ,"1,624,832",Destination,Best Area,48.4,10.8,107%,94%,59.2,6.4,81,NA,,33.45,-112.07,,,,,,,,,,,,,,,,,,,,,
Pristina,Kosovo,"227,466",Infrastructure,City Wide,35.1,5.4,80%,117%,41.0,-16.4,65,EU,,42.66,21.16,,,,,,,,,,,,,,,,,,,,,
Pristina,Kosovo,"227,466",Infrastructure,Best Area,40.5,1.5,79%,117%,42.0,-19.5,65,EU,,42.66,21.16,,,,,,,,,,,,,,,,,,,,,
Pristina,Kosovo,"227,466",Balanced,City Wide,44.0,7.1,80%,117%,51.8,-16.4,65,EU,,42.66,21.16,,,,,,,,,,,,,,,,,,,,,
Pristina,Kosovo,"227,466",Balanced,Best Area,51.1,1.6,79%,117%,52.7,-19.5,65,EU,,42.66,21.16,,,,,,,,,,,,,,,,,,,,,
Pristina,Kosovo,"227,466",Destination,City Wide,51.5,8.5,80%,117%,60.8,-16.4,65,EU,,42.66,21.16,,,,,,,,,,,,,,,,,,,,,
Pristina,Kosovo,"227,466",Destination,Best Area,60.0,1.6,79%,117%,61.6,-19.5,65,EU,,42.66,21.16,,,,,,,,,,,,,,,,,,,,,
Sioux Falls,SD,"224,676",Infrastructure,City Wide,41.9,13.6,105%,94%,56.0,4.6,16,NA,,43.55,-96.73,,,,,,,,,,,,,,,,,,,,,
Sioux Falls,SD,"224,676",Infrastructure,Best Area,55.5,7.0,109%,94%,62.5,7.6,50,NA,,43.55,-96.73,,,,,,,,,,,,,,,,,,,,,
Sioux Falls,SD,"224,676",Balanced,City Wide,39.8,11.3,105%,94%,51.4,4.6,16,NA,,43.55,-96.73,,,,,,,,,,,,,,,,,,,,,
Sioux Falls,SD,"224,676",Balanced,Best Area,51.1,4.2,109%,94%,55.3,7.6,50,NA,,43.55,-96.73,,,,,,,,,,,,,,,,,,,,,
Sioux Falls,SD,"224,676",Destination,City Wide,37.3,10.6,105%,94%,48.3,4.6,14,NA,,43.55,-96.73,,,,,,,,,,,,,,,,,,,,,
Sioux Falls,SD,"224,676",Destination,Best Area,47.9,1.0,109%,94%,48.9,7.6,50,NA,,43.55,-96.73,,,,,,,,,,,,,,,,,,,,,
Bradford,United Kingdom,"540,000",Infrastructure,City Wide,32.9,15.8,93%,107%,51.3,-5.1,55,EU,,53.84,-1.87,,,,,,,,,,,,,,,,,,,,,
Bradford,United Kingdom,"540,000",Infrastructure,Best Area,48.7,5.7,95%,105%,54.4,-4.8,75,EU,,53.84,-1.87,,,,,,,,,,,,,,,,,,,,,
Bradford,United Kingdom,"540,000",Balanced,City Wide,35.5,15.6,93%,107%,53.6,-5.1,55,EU,,53.84,-1.87,,,,,,,,,,,,,,,,,,,,,
Bradford,United Kingdom,"540,000",Balanced,Best Area,51.1,5.8,95%,105%,56.9,-4.8,75,EU,,53.84,-1.87,,,,,,,,,,,,,,,,,,,,,
Bradford,United Kingdom,"540,000",Destination,City Wide,38.0,15.5,93%,107%,55.9,-5.1,55,EU,,53.84,-1.87,,,,,,,,,,,,,,,,,,,,,
Bradford,United Kingdom,"540,000",Destination,Best Area,53.5,5.8,95%,105%,59.3,-4.8,75,EU,,53.84,-1.87,,,,,,,,,,,,,,,,,,,,,
Nicosia,Cyprus,"330,000",Infrastructure,City Wide,39.9,5.7,89%,110%,46.6,-9.2,70,EU,,35.18,33.39,,,,,,,,,,,,,,,,,,,,,
Nicosia,Cyprus,"330,000",Infrastructure,Best Area,45.6,2.2,89%,112%,47.8,-11.4,70,EU,,35.18,33.39,,,,,,,,,,,,,,,,,,,,,
Nicosia,Cyprus,"330,000",Balanced,City Wide,44.8,6.2,89%,110%,51.1,-9.2,70,EU,,35.18,33.39,,,,,,,,,,,,,,,,,,,,,
Nicosia,Cyprus,"330,000",Balanced,Best Area,51.0,0.7,89%,112%,51.7,-11.4,70,EU,,35.18,33.39,,,,,,,,,,,,,,,,,,,,,
Nicosia,Cyprus,"330,000",Destination,City Wide,49.1,7.9,89%,110%,57.5,-9.2,70,EU,,35.18,33.39,,,,,,,,,,,,,,,,,,,,,
Nicosia,Cyprus,"330,000",Destination,Best Area,57.0,0.8,89%,112%,57.8,-11.4,70,EU,,35.18,33.39,,,,,,,,,,,,,,,,,,,,,
Nizhny Novgorod,Russia,"1,228,199",Infrastructure,City Wide,33.4,10.4,83%,115%,45.3,-12.8,48,EU,,56.33,44.01,,,,,,,,,,,,,,,,,,,,,
Nizhny Novgorod,Russia,"1,228,199",Infrastructure,Best Area,43.8,3.0,86%,113%,46.8,-13.6,62,EU,,56.33,44.01,,,,,,,,,,,,,,,,,,,,,
Nizhny Novgorod,Russia,"1,228,199",Balanced,City Wide,40.3,10.7,83%,115%,52.0,-12.8,47,EU,,56.33,44.01,,,,,,,,,,,,,,,,,,,,,
Nizhny Novgorod,Russia,"1,228,199",Balanced,Best Area,51.0,1.9,86%,113%,52.9,-13.6,62,EU,,56.33,44.01,,,,,,,,,,,,,,,,,,,,,
Nizhny Novgorod,Russia,"1,228,199",Destination,City Wide,46.2,11.2,83%,115%,58.5,-12.8,47,EU,,56.33,44.01,,,,,,,,,,,,,,,,,,,,,
Nizhny Novgorod,Russia,"1,228,199",Destination,Best Area,57.4,2.1,86%,113%,59.5,-13.6,62,EU,,56.33,44.01,,,,,,,,,,,,,,,,,,,,,
Tehran,Iran,"9,840,000",Infrastructure,City Wide,31.6,10.0,80%,117%,43.0,-15.0,55,Other,,35.69,51.39,,,,,,,,,,,,,,,,,,,,,
Tehran,Iran,"9,840,000",Infrastructure,Best Area,41.6,9.8,82%,116%,51.4,-17.4,61,Other,,35.69,51.39,,,,,,,,,,,,,,,,,,,,,
Tehran,Iran,"9,840,000",Balanced,City Wide,39.7,11.2,80%,117%,51.6,-15.0,55,Other,,35.69,51.39,,,,,,,,,,,,,,,,,,,,,
Tehran,Iran,"9,840,000",Balanced,Best Area,50.9,10.1,82%,116%,61.0,-17.4,61,Other,,35.69,51.39,,,,,,,,,,,,,,,,,,,,,
Tehran,Iran,"9,840,000",Destination,City Wide,46.6,12.4,80%,117%,59.8,-15.0,55,Other,,35.69,51.39,,,,,,,,,,,,,,,,,,,,,
Tehran,Iran,"9,840,000",Destination,Best Area,59.0,10.3,82%,116%,69.3,-17.4,61,Other,,35.69,51.39,,,,,,,,,,,,,,,,,,,,,
Shenzhen,China,"18,000,000",Infrastructure,City Wide,26.1,28.2,94%,104%,60.4,-2.7,2,Other,,22.54,114.05,,,,,,,,,,,,,,,,,,,,,
Shenzhen,China,"18,000,000",Infrastructure,Best Area,54.3,11.6,107%,94%,65.9,6.5,21,Other,,22.54,114.05,,,,,,,,,,,,,,,,,,,,,
Shenzhen,China,"18,000,000",Balanced,City Wide,27.8,23.1,94%,104%,57.3,-2.7,2,Other,,22.54,114.05,,,,,,,,,,,,,,,,,,,,,
Shenzhen,China,"18,000,000",Balanced,Best Area,50.9,9.7,107%,94%,60.6,6.5,21,Other,,22.54,114.05,,,,,,,,,,,,,,,,,,,,,
Shenzhen,China,"18,000,000",Destination,City Wide,28.8,19.0,94%,104%,52.7,-2.7,2,Other,,22.54,114.05,,,,,,,,,,,,,,,,,,,,,
Shenzhen,China,"18,000,000",Destination,Best Area,47.8,10.6,107%,94%,58.4,6.5,21,Other,,22.54,114.05,,,,,,,,,,,,,,,,,,,,,
Beijing*,China,"21,893,095",Infrastructure,City Wide,26.2,29.0,112%,87%,61.4,6.0,1,Other,,39.91,116.39,,,,,,,,,,,,,,,,,,,,,
Beijing*,China,"21,893,095",Infrastructure,Best Area,55.2,11.7,109%,92%,66.9,8.6,11,Other,,39.91,116.39,,,,,,,,,,,,,,,,,,,,,
Beijing*,China,"21,893,095",Balanced,City Wide,23.3,27.5,112%,87%,56.7,6.0,1,Other,,39.91,116.39,,,,,,,,,,,,,,,,,,,,,
Beijing*,China,"21,893,095",Balanced,Best Area,50.8,13.7,109%,92%,64.5,8.6,12,Other,,39.91,116.39,,,,,,,,,,,,,,,,,,,,,
Beijing*,China,"21,893,095",Destination,City Wide,20.2,26.4,112%,87%,50.9,6.0,1,Other,,39.91,116.39,,,,,,,,,,,,,,,,,,,,,
Beijing*,China,"21,893,095",Destination,Best Area,46.6,17.5,109%,92%,64.1,8.6,12,Other,,39.91,116.39,,,,,,,,,,,,,,,,,,,,,
Albany,NY,"100,081",Infrastructure,City Wide,37.5,11.1,90%,109%,49.2,-7.6,87,NA,,42.65,-73.75,,,,,,,,,,,,,,,,,,,,,
Albany,NY,"100,081",Infrastructure,Best Area,48.6,0.7,96%,105%,49.3,-4.4,87,NA,,42.65,-73.75,,,,,,,,,,,,,,,,,,,,,
Albany,NY,"100,081",Balanced,City Wide,41.5,9.2,90%,109%,51.2,-7.6,87,NA,,42.65,-73.75,,,,,,,,,,,,,,,,,,,,,
Albany,NY,"100,081",Balanced,Best Area,50.7,1.5,96%,105%,52.2,-4.4,87,NA,,42.65,-73.75,,,,,,,,,,,,,,,,,,,,,
Albany,NY,"100,081",Destination,City Wide,45.1,7.9,90%,109%,53.7,-7.6,87,NA,,42.65,-73.75,,,,,,,,,,,,,,,,,,,,,
Albany,NY,"100,081",Destination,Best Area,53.0,2.1,96%,105%,55.1,-4.4,87,NA,,42.65,-73.75,,,,,,,,,,,,,,,,,,,,,
Rio de Janeiro,Brazil,"6,730,729",Infrastructure,City Wide,31.8,17.4,93%,106%,55.1,-4.7,14,Other,,-22.91,-43.21,,,,,,,,,,,,,,,,,,,,,
Rio de Janeiro,Brazil,"6,730,729",Infrastructure,Best Area,49.2,11.1,97%,107%,60.3,-4.7,49,Other,,-22.91,-43.21,,,,,,,,,,,,,,,,,,,,,
Rio de Janeiro,Brazil,"6,730,729",Balanced,City Wide,34.3,16.3,93%,106%,57.4,-4.7,14,Other,,-22.91,-43.21,,,,,,,,,,,,,,,,,,,,,
Rio de Janeiro,Brazil,"6,730,729",Balanced,Best Area,50.6,16.0,97%,107%,66.6,-4.7,49,Other,,-22.91,-43.21,,,,,,,,,,,,,,,,,,,,,
Rio de Janeiro,Brazil,"6,730,729",Destination,City Wide,36.5,17.4,93%,106%,59.7,-4.7,14,Other,,-22.91,-43.21,,,,,,,,,,,,,,,,,,,,,
Rio de Janeiro,Brazil,"6,730,729",Destination,Best Area,53.9,20.0,97%,107%,73.9,-4.7,49,Other,,-22.91,-43.21,,,,,,,,,,,,,,,,,,,,,
Salvador,Brazil,"2,400,000",Infrastructure,City Wide,30.7,16.9,92%,106%,51.4,-4.9,22,Other,,-12.98,-38.48,,,,,,,,,,,,,,,,,,,,,
Salvador,Brazil,"2,400,000",Infrastructure,Best Area,47.6,8.3,94%,107%,55.9,-6.4,49,Other,,-12.98,-38.48,,,,,,,,,,,,,,,,,,,,,
Salvador,Brazil,"2,400,000",Balanced,City Wide,33.5,17.0,92%,106%,53.1,-4.9,22,Other,,-12.98,-38.48,,,,,,,,,,,,,,,,,,,,,
Salvador,Brazil,"2,400,000",Balanced,Best Area,50.5,6.6,94%,107%,57.1,-6.4,49,Other,,-12.98,-38.48,,,,,,,,,,,,,,,,,,,,,
Salvador,Brazil,"2,400,000",Destination,City Wide,35.6,18.4,92%,106%,58.8,-4.9,18,Other,,-12.98,-38.48,,,,,,,,,,,,,,,,,,,,,
Salvador,Brazil,"2,400,000",Destination,Best Area,54.0,7.6,94%,107%,61.6,-6.4,49,Other,,-12.98,-38.48,,,,,,,,,,,,,,,,,,,,,
Key West,FL,"25,824",Infrastructure,City Wide,50.4,0.5,101%,99%,51.1,0.8,89,NA,,24.55,-81.80,,,,,,,,,,,,,,,,,,,,,
Key West,FL,"25,824",Infrastructure,Best Area,50.9,0.2,101%,99%,51.1,1.1,89,NA,,24.55,-81.80,,,,,,,,,,,,,,,,,,,,,
Key West,FL,"25,824",Balanced,City Wide,50.0,0.4,101%,99%,50.4,0.8,89,NA,,24.55,-81.80,,,,,,,,,,,,,,,,,,,,,
Key West,FL,"25,824",Balanced,Best Area,50.4,0.1,101%,99%,50.5,1.1,89,NA,,24.55,-81.80,,,,,,,,,,,,,,,,,,,,,
Key West,FL,"25,824",Destination,City Wide,49.6,0.2,101%,99%,49.8,0.8,89,NA,,24.55,-81.80,,,,,,,,,,,,,,,,,,,,,
Key West,FL,"25,824",Destination,Best Area,49.8,0.1,101%,99%,49.9,1.1,89,NA,,24.55,-81.80,,,,,,,,,,,,,,,,,,,,,
Athens,OH,"23,211",Infrastructure,City Wide,52.5,1.1,106%,93%,53.5,6.3,62,NA,,39.33,-82.10,,,,,,,,,,,,,,,,,,,,,
Athens,OH,"23,211",Infrastructure,Best Area,53.6,0.3,106%,93%,53.9,6.6,62,NA,,39.33,-82.10,,,,,,,,,,,,,,,,,,,,,
Athens,OH,"23,211",Balanced,City Wide,49.5,0.9,106%,93%,50.3,6.3,62,NA,,39.33,-82.10,,,,,,,,,,,,,,,,,,,,,
Athens,OH,"23,211",Balanced,Best Area,50.4,0.2,106%,93%,50.6,6.6,62,NA,,39.33,-82.10,,,,,,,,,,,,,,,,,,,,,
Athens,OH,"23,211",Destination,City Wide,46.2,0.8,106%,93%,47.0,6.3,62,NA,,39.33,-82.10,,,,,,,,,,,,,,,,,,,,,
Athens,OH,"23,211",Destination,Best Area,47.0,0.1,106%,93%,47.1,6.6,62,NA,,39.33,-82.10,,,,,,,,,,,,,,,,,,,,,
Kathmandu,Nepal,"845,767",Infrastructure,City Wide,31.5,3.2,69%,124%,35.5,-25.2,5,Other,,27.71,85.32,,,,,,,,,,,,,,,,,,,,,
Kathmandu,Nepal,"845,767",Infrastructure,Best Area,34.7,2.2,69%,124%,36.9,-27.9,5,Other,,27.71,85.32,,,,,,,,,,,,,,,,,,,,,
Kathmandu,Nepal,"845,767",Balanced,City Wide,45.7,4.7,69%,124%,50.8,-25.2,5,Other,,27.71,85.32,,,,,,,,,,,,,,,,,,,,,
Kathmandu,Nepal,"845,767",Balanced,Best Area,50.4,2.1,69%,124%,52.5,-27.9,5,Other,,27.71,85.32,,,,,,,,,,,,,,,,,,,,,
Kathmandu,Nepal,"845,767",Destination,City Wide,56.7,5.9,69%,124%,62.6,-25.2,5,Other,,27.71,85.32,,,,,,,,,,,,,,,,,,,,,
Kathmandu,Nepal,"845,767",Destination,Best Area,62.6,2.8,69%,124%,65.4,-27.9,5,Other,,27.71,85.32,,,,,,,,,,,,,,,,,,,,,
Konak (Izmir),Turkey,"332,277",Infrastructure,City Wide,32.1,8.1,80%,117%,40.3,-15.2,19,EU,,38.42,27.13,,,,,,,,,,,,,,,,,,,,,
Konak (Izmir),Turkey,"332,277",Infrastructure,Best Area,40.2,0.7,80%,117%,40.9,-19.0,19,EU,,38.42,27.13,,,,,,,,,,,,,,,,,,,,,
Konak (Izmir),Turkey,"332,277",Balanced,City Wide,40.3,10.1,80%,117%,50.6,-15.2,19,EU,,38.42,27.13,,,,,,,,,,,,,,,,,,,,,
Konak (Izmir),Turkey,"332,277",Balanced,Best Area,50.4,0.8,80%,117%,51.2,-19.0,19,EU,,38.42,27.13,,,,,,,,,,,,,,,,,,,,,
Konak (Izmir),Turkey,"332,277",Destination,City Wide,47.3,11.9,80%,117%,59.4,-15.2,19,EU,,38.42,27.13,,,,,,,,,,,,,,,,,,,,,
Konak (Izmir),Turkey,"332,277",Destination,Best Area,59.2,0.7,80%,117%,59.9,-19.0,19,EU,,38.42,27.13,,,,,,,,,,,,,,,,,,,,,
Honolulu,HI,"351,000",Infrastructure,City Wide,27.4,17.2,90%,109%,46.3,-5.8,32,NA,,21.30,-157.86,,,,,,,,,,,,,,,,,,,,,
Honolulu,HI,"351,000",Infrastructure,Best Area,44.6,2.4,89%,110%,47.0,-10.8,64,NA,,21.30,-157.86,,,,,,,,,,,,,,,,,,,,,
Honolulu,HI,"351,000",Balanced,City Wide,30.5,19.8,90%,109%,52.8,-5.8,32,NA,,21.30,-157.86,,,,,,,,,,,,,,,,,,,,,
Honolulu,HI,"351,000",Balanced,Best Area,50.3,3.0,89%,110%,53.3,-10.8,64,NA,,21.30,-157.86,,,,,,,,,,,,,,,,,,,,,
Honolulu,HI,"351,000",Destination,City Wide,33.2,22.2,90%,109%,58.6,-5.8,32,NA,,21.30,-157.86,,,,,,,,,,,,,,,,,,,,,
Honolulu,HI,"351,000",Destination,Best Area,55.4,3.6,89%,110%,59.0,-10.8,64,NA,,21.30,-157.86,,,,,,,,,,,,,,,,,,,,,
Trieste,Italy,"200,594",Infrastructure,City Wide,30.7,11.4,86%,113%,42.8,-10.0,77,EU,,45.65,13.78,,,,,,,,,,,,,,,,,,,,,
Trieste,Italy,"200,594",Infrastructure,Best Area,42.1,1.2,84%,115%,43.3,-15.5,77,EU,,45.65,13.78,,,,,,,,,,,,,,,,,,,,,
Trieste,Italy,"200,594",Balanced,City Wide,35.9,14.3,86%,113%,51.4,-10.0,77,EU,,45.65,13.78,,,,,,,,,,,,,,,,,,,,,
Trieste,Italy,"200,594",Balanced,Best Area,50.2,1.7,84%,115%,51.9,-15.5,77,EU,,45.65,13.78,,,,,,,,,,,,,,,,,,,,,
Trieste,Italy,"200,594",Destination,City Wide,40.7,16.9,86%,113%,58.7,-10.0,77,EU,,45.65,13.78,,,,,,,,,,,,,,,,,,,,,
Trieste,Italy,"200,594",Destination,Best Area,57.6,1.8,84%,115%,59.4,-15.5,77,EU,,45.65,13.78,,,,,,,,,,,,,,,,,,,,,
Grand Forks,ND,"58,882",Infrastructure,City Wide,52.9,0.9,107%,93%,53.5,7.1,49,NA,,47.93,-97.03,,,,,,,,,,,,,,,,,,,,,
Grand Forks,ND,"58,882",Infrastructure,Best Area,53.8,2.4,108%,92%,56.2,7.9,49,NA,,47.93,-97.03,,,,,,,,,,,,,,,,,,,,,
Grand Forks,ND,"58,882",Balanced,City Wide,49.4,0.5,107%,93%,49.8,7.1,49,NA,,47.93,-97.03,,,,,,,,,,,,,,,,,,,,,
Grand Forks,ND,"58,882",Balanced,Best Area,49.9,0.9,108%,92%,50.8,7.9,49,NA,,47.93,-97.03,,,,,,,,,,,,,,,,,,,,,
Grand Forks,ND,"58,882",Destination,City Wide,45.8,0.1,107%,93%,45.9,7.1,49,NA,,47.93,-97.03,,,,,,,,,,,,,,,,,,,,,
Grand Forks,ND,"58,882",Destination,Best Area,45.9,0.2,108%,92%,46.1,7.9,49,NA,,47.93,-97.03,,,,,,,,,,,,,,,,,,,,,
Providence,RI,"190,214",Infrastructure,City Wide,41.6,5.3,93%,107%,47.2,-6.5,60,NA,,41.82,-71.41,,,,,,,,,,,,,,,,,,,,,
Providence,RI,"190,214",Infrastructure,Best Area,46.9,1.6,94%,106%,48.5,-5.7,60,NA,,41.82,-71.41,,,,,,,,,,,,,,,,,,,,,
Providence,RI,"190,214",Balanced,City Wide,44.9,4.9,93%,107%,50.2,-6.5,60,NA,,41.82,-71.41,,,,,,,,,,,,,,,,,,,,,
Providence,RI,"190,214",Balanced,Best Area,49.8,1.1,94%,106%,50.9,-5.7,60,NA,,41.82,-71.41,,,,,,,,,,,,,,,,,,,,,
Providence,RI,"190,214",Destination,City Wide,48.1,4.5,93%,107%,53.0,-6.5,60,NA,,41.82,-71.41,,,,,,,,,,,,,,,,,,,,,
Providence,RI,"190,214",Destination,Best Area,52.6,0.8,94%,106%,53.4,-5.7,60,NA,,41.82,-71.41,,,,,,,,,,,,,,,,,,,,,
Iasi,Romania,"271,692",Infrastructure,City Wide,35.3,6.6,84%,114%,42.1,-12.5,88,EU,,47.16,27.58,,,,,,,,,,,,,,,,,,,,,
Iasi,Romania,"271,692",Infrastructure,Best Area,41.9,1.4,84%,114%,43.3,-14.7,88,EU,,47.16,27.58,,,,,,,,,,,,,,,,,,,,,
Iasi,Romania,"271,692",Balanced,City Wide,42.0,7.8,84%,114%,50.2,-12.5,88,EU,,47.16,27.58,,,,,,,,,,,,,,,,,,,,,
Iasi,Romania,"271,692",Balanced,Best Area,49.8,2.4,84%,114%,52.2,-14.7,88,EU,,47.16,27.58,,,,,,,,,,,,,,,,,,,,,
Iasi,Romania,"271,692",Destination,City Wide,47.8,8.8,84%,114%,57.4,-12.5,88,EU,,47.16,27.58,,,,,,,,,,,,,,,,,,,,,
Iasi,Romania,"271,692",Destination,Best Area,56.6,3.2,84%,114%,59.8,-14.7,88,EU,,47.16,27.58,,,,,,,,,,,,,,,,,,,,,
Constanta,Romania,"263,688",Infrastructure,City Wide,28.4,17.0,84%,113%,46.0,-9.8,94,EU,,44.18,28.65,,,,,,,,,,,,,,,,,,,,,
Constanta,Romania,"263,688",Infrastructure,Best Area,45.4,1.5,91%,108%,46.9,-8.4,94,EU,,44.18,28.65,,,,,,,,,,,,,,,,,,,,,
Constanta,Romania,"263,688",Balanced,City Wide,33.7,16.1,84%,113%,50.6,-9.8,94,EU,,44.18,28.65,,,,,,,,,,,,,,,,,,,,,
Constanta,Romania,"263,688",Balanced,Best Area,49.8,1.0,91%,108%,50.8,-8.4,94,EU,,44.18,28.65,,,,,,,,,,,,,,,,,,,,,
Constanta,Romania,"263,688",Destination,City Wide,38.2,15.6,84%,113%,54.4,-9.8,94,EU,,44.18,28.65,,,,,,,,,,,,,,,,,,,,,
Constanta,Romania,"263,688",Destination,Best Area,53.8,1.3,91%,108%,55.1,-8.4,94,EU,,44.18,28.65,,,,,,,,,,,,,,,,,,,,,
Santiago de Queretaro,Mexico,"899,442",Infrastructure,City Wide,33.3,11.6,92%,107%,46.0,-5.5,27,NA,,20.59,-100.39,,,,,,,,,,,,,,,,,,,,,
Santiago de Queretaro,Mexico,"899,442",Infrastructure,Best Area,44.9,3.7,90%,109%,48.6,-9.3,46,NA,,20.59,-100.39,,,,,,,,,,,,,,,,,,,,,
Santiago de Queretaro,Mexico,"899,442",Balanced,City Wide,36.1,13.6,92%,107%,51.4,-5.5,26,NA,,20.59,-100.39,,,,,,,,,,,,,,,,,,,,,
Santiago de Queretaro,Mexico,"899,442",Balanced,Best Area,49.7,3.4,90%,109%,53.1,-9.3,46,NA,,20.59,-100.39,,,,,,,,,,,,,,,,,,,,,
Santiago de Queretaro,Mexico,"899,442",Destination,City Wide,38.8,15.4,92%,107%,56.6,-5.5,26,NA,,20.59,-100.39,,,,,,,,,,,,,,,,,,,,,
Santiago de Queretaro,Mexico,"899,442",Destination,Best Area,54.2,3.1,90%,109%,57.3,-9.3,46,NA,,20.59,-100.39,,,,,,,,,,,,,,,,,,,,,
Cayenne,French Guiana,"62,600",Infrastructure,City Wide,44.0,0.9,92%,108%,45.3,-7.7,97,Other,,4.94,-52.33,,,,,,,,,,,,,,,,,,,,,
Cayenne,French Guiana,"62,600",Infrastructure,Best Area,44.9,1.0,91%,109%,45.9,-9.1,97,Other,,4.94,-52.33,,,,,,,,,,,,,,,,,,,,,
Cayenne,French Guiana,"62,600",Balanced,City Wide,48.0,1.6,92%,108%,50.1,-7.7,97,Other,,4.94,-52.33,,,,,,,,,,,,,,,,,,,,,
Cayenne,French Guiana,"62,600",Balanced,Best Area,49.6,0.6,91%,109%,50.2,-9.1,97,Other,,4.94,-52.33,,,,,,,,,,,,,,,,,,,,,
Cayenne,French Guiana,"62,600",Destination,City Wide,51.7,2.3,92%,108%,54.1,-7.7,97,Other,,4.94,-52.33,,,,,,,,,,,,,,,,,,,,,
Cayenne,French Guiana,"62,600",Destination,Best Area,54.0,0.5,91%,109%,54.5,-9.1,97,Other,,4.94,-52.33,,,,,,,,,,,,,,,,,,,,,
Tampa,FL,"393,389",Infrastructure,City Wide,39.5,13.0,101%,97%,53.5,1.5,37,NA,,27.94,-82.46,,,,,,,,,,,,,,,,,,,,,
Tampa,FL,"393,389",Infrastructure,Best Area,52.5,4.7,106%,98%,57.2,3.8,59,NA,,27.94,-82.46,,,,,,,,,,,,,,,,,,,,,
Tampa,FL,"393,389",Balanced,City Wide,39.0,10.5,101%,97%,50.0,1.5,37,NA,,27.94,-82.46,,,,,,,,,,,,,,,,,,,,,
Tampa,FL,"393,389",Balanced,Best Area,49.5,1.2,106%,98%,50.7,3.8,59,NA,,27.94,-82.46,,,,,,,,,,,,,,,,,,,,,
Tampa,FL,"393,389",Destination,City Wide,38.0,10.7,101%,97%,50.5,1.5,37,NA,,27.94,-82.46,,,,,,,,,,,,,,,,,,,,,
Tampa,FL,"393,389",Destination,Best Area,48.7,2.7,106%,98%,51.4,3.8,59,NA,,27.94,-82.46,,,,,,,,,,,,,,,,,,,,,
Cebu,Philippines,"964,169",Infrastructure,City Wide,22.5,18.8,83%,114%,42.6,-8.4,55,Other,,10.29,123.90,,,,,,,,,,,,,,,,,,,,,
Cebu,Philippines,"964,169",Infrastructure,Best Area,41.3,1.9,83%,114%,43.2,-15.3,63,Other,,10.29,123.90,,,,,,,,,,,,,,,,,,,,,
Cebu,Philippines,"964,169",Balanced,City Wide,27.0,22.5,83%,114%,51.3,-8.4,52,Other,,10.29,123.90,,,,,,,,,,,,,,,,,,,,,
Cebu,Philippines,"964,169",Balanced,Best Area,49.5,3.3,83%,114%,52.8,-15.3,63,Other,,10.29,123.90,,,,,,,,,,,,,,,,,,,,,
Cebu,Philippines,"964,169",Destination,City Wide,30.9,25.7,83%,114%,58.7,-8.4,52,Other,,10.29,123.90,,,,,,,,,,,,,,,,,,,,,
Cebu,Philippines,"964,169",Destination,Best Area,56.6,4.4,83%,114%,61.0,-15.3,63,Other,,10.29,123.90,,,,,,,,,,,,,,,,,,,,,
Miami,FL,"446,663",Infrastructure,City Wide,36.7,11.0,92%,107%,47.6,-5.9,63,NA,,25.77,-80.19,,,,,,,,,,,,,,,,,,,,,
Miami,FL,"446,663",Infrastructure,Best Area,47.7,8.1,97%,103%,55.8,-3.0,73,NA,,25.77,-80.19,,,,,,,,,,,,,,,,,,,,,
Miami,FL,"446,663",Balanced,City Wide,39.8,9.4,92%,107%,49.6,-5.9,63,NA,,25.77,-80.19,,,,,,,,,,,,,,,,,,,,,
Miami,FL,"446,663",Balanced,Best Area,49.2,2.9,97%,103%,52.1,-3.0,73,NA,,25.77,-80.19,,,,,,,,,,,,,,,,,,,,,
Miami,FL,"446,663",Destination,City Wide,42.6,8.1,92%,107%,51.2,-5.9,61,NA,,25.77,-80.19,,,,,,,,,,,,,,,,,,,,,
Miami,FL,"446,663",Destination,Best Area,50.7,1.6,97%,103%,52.3,-3.0,73,NA,,25.77,-80.19,,,,,,,,,,,,,,,,,,,,,
Reno,NV,"268,959",Infrastructure,City Wide,39.9,10.7,104%,95%,52.4,3.6,57,NA,,39.53,-119.81,,,,,,,,,,,,,,,,,,,,,
Reno,NV,"268,959",Infrastructure,Best Area,50.6,3.1,103%,100%,53.7,1.4,70,NA,,39.53,-119.81,,,,,,,,,,,,,,,,,,,,,
Reno,NV,"268,959",Balanced,City Wide,38.2,11.0,104%,95%,50.6,3.6,57,NA,,39.53,-119.81,,,,,,,,,,,,,,,,,,,,,
Reno,NV,"268,959",Balanced,Best Area,49.2,3.2,103%,100%,52.4,1.4,70,NA,,39.53,-119.81,,,,,,,,,,,,,,,,,,,,,
Reno,NV,"268,959",Destination,City Wide,36.3,12.9,104%,95%,50.7,3.6,57,NA,,39.53,-119.81,,,,,,,,,,,,,,,,,,,,,
Reno,NV,"268,959",Destination,Best Area,49.2,2.7,103%,100%,51.9,1.4,70,NA,,39.53,-119.81,,,,,,,,,,,,,,,,,,,,,
Riverside,CA,"316,241",Infrastructure,City Wide,37.9,16.2,105%,94%,55.4,4.1,32,NA,,33.98,-117.37,,,,,,,,,,,,,,,,,,,,,
Riverside,CA,"316,241",Infrastructure,Best Area,54.1,6.5,110%,90%,60.6,10.0,39,NA,,33.98,-117.37,,,,,,,,,,,,,,,,,,,,,
Riverside,CA,"316,241",Balanced,City Wide,36.0,13.2,105%,94%,50.7,4.1,32,NA,,33.98,-117.37,,,,,,,,,,,,,,,,,,,,,
Riverside,CA,"316,241",Balanced,Best Area,49.2,3.7,110%,90%,52.9,10.0,41,NA,,33.98,-117.37,,,,,,,,,,,,,,,,,,,,,
Riverside,CA,"316,241",Destination,City Wide,33.8,10.3,105%,94%,45.7,4.1,32,NA,,33.98,-117.37,,,,,,,,,,,,,,,,,,,,,
Riverside,CA,"316,241",Destination,Best Area,44.1,3.3,110%,90%,47.4,10.0,45,NA,,33.98,-117.37,,,,,,,,,,,,,,,,,,,,,
Richmond,VA,"227,595",Infrastructure,City Wide,36.0,11.3,98%,102%,48.7,-1.6,42,NA,,37.54,-77.43,,,,,,,,,,,,,,,,,,,,,
Richmond,VA,"229,000",Infrastructure,Best Area,47.3,5.1,96%,106%,52.4,-4.7,76,NA,,37.54,-77.43,,,,,,,,,,,,,,,,,,,,,
Richmond,VA,"229,000",Balanced,City Wide,36.9,12.2,98%,102%,50.3,-1.6,42,NA,,37.54,-77.43,,,,,,,,,,,,,,,,,,,,,
Richmond,VA,"229,000",Balanced,Best Area,49.1,4.2,96%,106%,53.3,-4.7,76,NA,,37.54,-77.43,,,,,,,,,,,,,,,,,,,,,
Richmond,VA,"229,000",Destination,City Wide,37.6,14.4,98%,102%,53.3,-1.6,42,NA,,37.54,-77.43,,,,,,,,,,,,,,,,,,,,,
Richmond,VA,"229,000",Destination,Best Area,52.0,3.9,96%,106%,55.9,-4.7,76,NA,,37.54,-77.43,,,,,,,,,,,,,,,,,,,,,
Sorocaba,Brazil,"723,574",Infrastructure,City Wide,31.6,15.0,92%,107%,47.2,-5.0,29,Other,,-23.50,-47.46,,,,,,,,,,,,,,,,,,,,,
Sorocaba,Brazil,"723,574",Infrastructure,Best Area,46.6,1.7,95%,106%,48.3,-5.6,61,Other,,-23.50,-47.46,,,,,,,,,,,,,,,,,,,,,
Sorocaba,Brazil,"723,574",Balanced,City Wide,34.2,14.9,92%,107%,49.2,-5.0,29,Other,,-23.50,-47.46,,,,,,,,,,,,,,,,,,,,,
Sorocaba,Brazil,"723,574",Balanced,Best Area,49.1,3.5,95%,106%,52.6,-5.6,61,Other,,-23.50,-47.46,,,,,,,,,,,,,,,,,,,,,
Sorocaba,Brazil,"723,574",Destination,City Wide,36.6,15.6,92%,107%,52.8,-5.0,29,Other,,-23.50,-47.46,,,,,,,,,,,,,,,,,,,,,
Sorocaba,Brazil,"723,574",Destination,Best Area,52.2,4.4,95%,106%,56.6,-5.6,61,Other,,-23.50,-47.46,,,,,,,,,,,,,,,,,,,,,
Nagoya,Japan,"2,337,864",Infrastructure,City Wide,32.8,6.8,83%,115%,41.1,-12.2,10,Other,,35.19,136.90,,,,,,,,,,,,,,,,,,,,,
Nagoya,Japan,"2,337,864",Infrastructure,Best Area,39.6,5.9,81%,118%,45.5,-18.2,18,Other,,35.19,136.90,,,,,,,,,,,,,,,,,,,,,
Nagoya,Japan,"2,337,864",Balanced,City Wide,39.3,9.7,83%,115%,51.4,-12.2,10,Other,,35.19,136.90,,,,,,,,,,,,,,,,,,,,,
Nagoya,Japan,"2,337,864",Balanced,Best Area,49.0,9.5,81%,118%,58.5,-18.2,18,Other,,35.19,136.90,,,,,,,,,,,,,,,,,,,,,
Nagoya,Japan,"2,337,864",Destination,City Wide,45.0,12.8,83%,115%,61.9,-12.2,10,Other,,35.19,136.90,,,,,,,,,,,,,,,,,,,,,
Nagoya,Japan,"2,337,864",Destination,Best Area,57.8,11.5,81%,118%,69.3,-18.2,18,Other,,35.19,136.90,,,,,,,,,,,,,,,,,,,,,
Mashhad,Iran,"3,000,000",Infrastructure,City Wide,33.4,11.5,92%,108%,47.2,-5.7,32,Other,,36.30,59.61,,,,,,,,,,,,,,,,,,,,,
Mashhad,Iran,"3,000,000",Infrastructure,Best Area,44.9,6.7,92%,108%,51.6,-7.9,42,Other,,36.30,59.61,,,,,,,,,,,,,,,,,,,,,
Mashhad,Iran,"3,000,000",Balanced,City Wide,36.3,12.6,92%,108%,51.8,-5.7,32,Other,,36.30,59.61,,,,,,,,,,,,,,,,,,,,,
Mashhad,Iran,"3,000,000",Balanced,Best Area,48.9,6.6,92%,108%,55.5,-7.9,42,Other,,36.30,59.61,,,,,,,,,,,,,,,,,,,,,
Mashhad,Iran,"3,000,000",Destination,City Wide,39.1,13.7,92%,108%,56.1,-5.7,32,Other,,36.30,59.61,,,,,,,,,,,,,,,,,,,,,
Mashhad,Iran,"3,000,000",Destination,Best Area,52.8,6.5,92%,108%,59.3,-7.9,42,Other,,36.30,59.61,,,,,,,,,,,,,,,,,,,,,
Oberlin,OH,"8,054",Infrastructure,City Wide,52.7,0.3,109%,90%,52.9,9.0,45,NA,,41.29,-82.22,,,,,,,,,,,,,,,,,,,,,
Oberlin,OH,"8,054",Infrastructure,Best Area,53.0,0.3,109%,91%,53.3,8.5,45,NA,,41.29,-82.22,,,,,,,,,,,,,,,,,,,,,
Oberlin,OH,"8,054",Balanced,City Wide,48.4,0.4,109%,90%,48.8,9.0,45,NA,,41.29,-82.22,,,,,,,,,,,,,,,,,,,,,
Oberlin,OH,"8,054",Balanced,Best Area,48.8,0.1,109%,91%,48.9,8.5,45,NA,,41.29,-82.22,,,,,,,,,,,,,,,,,,,,,
Oberlin,OH,"8,054",Destination,City Wide,43.7,0.8,109%,90%,44.5,9.0,45,NA,,41.29,-82.22,,,,,,,,,,,,,,,,,,,,,
Oberlin,OH,"8,054",Destination,Best Area,44.5,0.1,109%,91%,44.6,8.5,45,NA,,41.29,-82.22,,,,,,,,,,,,,,,,,,,,,
Billings,MT,"122,000",Infrastructure,City Wide,35.5,5.5,99%,100%,41.3,-0.5,10,NA,,45.79,-108.50,,,,,,,,,,,,,,,,,,,,,
Billings,MT,"122,000",Infrastructure,Best Area,41.0,2.2,99%,105%,43.2,-2.2,29,NA,,45.79,-108.50,,,,,,,,,,,,,,,,,,,,,
Billings,MT,"122,000",Balanced,City Wide,35.9,5.4,99%,100%,41.9,-0.5,9,NA,,45.79,-108.50,,,,,,,,,,,,,,,,,,,,,
Billings,MT,"122,000",Balanced,Best Area,41.3,1.4,99%,105%,42.7,-2.2,29,NA,,45.79,-108.50,,,,,,,,,,,,,,,,,,,,,
Billings,MT,"122,000",Destination,City Wide,36.0,7.2,99%,100%,43.7,-0.5,9,NA,,45.79,-108.50,,,,,,,,,,,,,,,,,,,,,
Billings,MT,"122,000",Destination,Best Area,43.2,2.2,99%,105%,45.4,-2.2,29,NA,,45.79,-108.50,,,,,,,,,,,,,,,,,,,,,
Aracaju,Brazil,"630,932",Infrastructure,City Wide,39.0,6.1,97%,102%,45.5,-2.3,34,Other,,-10.92,-37.08,,,,,,,,,,,,,,,,,,,,,
Aracaju,Brazil,"630,932",Infrastructure,Best Area,45.1,2.7,93%,107%,47.8,-7.0,49,Other,,-10.92,-37.08,,,,,,,,,,,,,,,,,,,,,
Aracaju,Brazil,"630,932",Balanced,City Wide,40.3,8.2,97%,102%,49.0,-2.3,31,Other,,-10.92,-37.08,,,,,,,,,,,,,,,,,,,,,
Aracaju,Brazil,"630,932",Balanced,Best Area,48.5,1.9,93%,107%,50.4,-7.0,49,Other,,-10.92,-37.08,,,,,,,,,,,,,,,,,,,,,
Aracaju,Brazil,"630,932",Destination,City Wide,41.3,10.8,97%,102%,53.1,-2.3,31,Other,,-10.92,-37.08,,,,,,,,,,,,,,,,,,,,,
Aracaju,Brazil,"630,932",Destination,Best Area,52.1,3.0,93%,107%,55.1,-7.0,49,Other,,-10.92,-37.08,,,,,,,,,,,,,,,,,,,,,
Doha,Qatar,"1,186,023",Infrastructure,City Wide,39.4,14.7,101%,96%,55.1,2.0,16,Other,,25.31,51.51,,,,,,,,,,,,,,,,,,,,,
Doha,Qatar,"1,186,023",Infrastructure,Best Area,54.1,3.6,112%,93%,57.7,9.5,28,Other,,25.31,51.51,,,,,,,,,,,,,,,,,,,,,
Doha,Qatar,"1,186,023",Balanced,City Wide,38.9,9.3,101%,96%,49.3,2.0,16,Other,,25.31,51.51,,,,,,,,,,,,,,,,,,,,,
Doha,Qatar,"1,186,023",Balanced,Best Area,48.2,2.4,112%,93%,50.6,9.5,33,Other,,25.31,51.51,,,,,,,,,,,,,,,,,,,,,
Doha,Qatar,"1,186,023",Destination,City Wide,37.4,7.2,101%,96%,45.4,2.0,16,Other,,25.31,51.51,,,,,,,,,,,,,,,,,,,,,
Doha,Qatar,"1,186,023",Destination,Best Area,44.6,3.5,112%,93%,48.1,9.5,34,Other,,25.31,51.51,,,,,,,,,,,,,,,,,,,,,
Portland,ME,"68,505",Infrastructure,City Wide,36.6,10.8,98%,102%,47.4,-1.4,74,NA,,43.66,-70.26,,,,,,,,,,,,,,,,,,,,,
Portland,ME,"68,505",Infrastructure,Best Area,47.4,0.8,98%,102%,48.2,-1.8,74,NA,,43.66,-70.26,,,,,,,,,,,,,,,,,,,,,
Portland,ME,"68,505",Balanced,City Wide,37.4,10.8,98%,102%,48.4,-1.4,74,NA,,43.66,-70.26,,,,,,,,,,,,,,,,,,,,,
Portland,ME,"68,505",Balanced,Best Area,48.2,0.6,98%,102%,48.8,-1.8,74,NA,,43.66,-70.26,,,,,,,,,,,,,,,,,,,,,
Portland,ME,"68,505",Destination,City Wide,38.0,11.2,98%,102%,49.4,-1.4,74,NA,,43.66,-70.26,,,,,,,,,,,,,,,,,,,,,
Portland,ME,"68,505",Destination,Best Area,49.2,0.3,98%,102%,49.5,-1.8,74,NA,,43.66,-70.26,,,,,,,,,,,,,,,,,,,,,
San Diego,CA,"1,385,061",Infrastructure,City Wide,33.7,16.1,99%,99%,53.6,0.0,29,NA,,32.72,-117.16,,,,,,,,,,,,,,,,,,,,,
San Diego,CA,"1,385,061",Infrastructure,Best Area,49.8,9.2,103%,98%,59.0,2.5,65,NA,,32.72,-117.16,,,,,,,,,,,,,,,,,,,,,
San Diego,CA,"1,385,061",Balanced,City Wide,33.9,14.3,99%,99%,52.1,0.0,29,NA,,32.72,-117.16,,,,,,,,,,,,,,,,,,,,,
San Diego,CA,"1,385,061",Balanced,Best Area,48.2,8.2,103%,98%,56.4,2.5,65,NA,,32.72,-117.16,,,,,,,,,,,,,,,,,,,,,
San Diego,CA,"1,385,061",Destination,City Wide,33.7,13.6,99%,99%,51.7,0.0,29,NA,,32.72,-117.16,,,,,,,,,,,,,,,,,,,,,
San Diego,CA,"1,385,061",Destination,Best Area,47.3,11.6,103%,98%,58.9,2.5,65,NA,,32.72,-117.16,,,,,,,,,,,,,,,,,,,,,
Chandler,AZ,"278,123",Infrastructure,City Wide,45.1,6.5,107%,93%,51.9,5.8,34,NA,,33.31,-111.84,,,,,,,,,,,,,,,,,,,,,
Chandler,AZ,"278,123",Infrastructure,Best Area,51.6,6.9,108%,94%,58.5,6.4,75,NA,,33.31,-111.84,,,,,,,,,,,,,,,,,,,,,
Chandler,AZ,"278,123",Balanced,City Wide,42.3,5.7,107%,93%,49.2,5.8,34,NA,,33.31,-111.84,,,,,,,,,,,,,,,,,,,,,
Chandler,AZ,"278,123",Balanced,Best Area,48.0,6.7,108%,94%,54.7,6.4,75,NA,,33.31,-111.84,,,,,,,,,,,,,,,,,,,,,
Chandler,AZ,"278,123",Destination,City Wide,39.3,5.9,107%,93%,44.9,5.8,34,NA,,33.31,-111.84,,,,,,,,,,,,,,,,,,,,,
Chandler,AZ,"278,123",Destination,Best Area,45.2,6.0,108%,94%,51.2,6.4,75,NA,,33.31,-111.84,,,,,,,,,,,,,,,,,,,,,
Fresno,CA,"543,615",Infrastructure,City Wide,36.9,14.5,103%,98%,57.0,1.8,5,NA,,36.74,-119.78,,,,,,,,,,,,,,,,,,,,,
Fresno,CA,"543,615",Infrastructure,Best Area,51.4,7.5,107%,94%,58.9,6.5,26,NA,,36.74,-119.78,,,,,,,,,,,,,,,,,,,,,
Fresno,CA,"543,615",Balanced,City Wide,36.0,12.0,103%,98%,53.3,1.8,5,NA,,36.74,-119.78,,,,,,,,,,,,,,,,,,,,,
Fresno,CA,"543,615",Balanced,Best Area,48.0,6.6,107%,94%,54.6,6.5,26,NA,,36.74,-119.78,,,,,,,,,,,,,,,,,,,,,
Fresno,CA,"543,615",Destination,City Wide,35.1,9.8,103%,98%,49.5,1.8,5,NA,,36.74,-119.78,,,,,,,,,,,,,,,,,,,,,
Fresno,CA,"543,615",Destination,Best Area,44.9,6.5,107%,94%,51.4,6.5,26,NA,,36.74,-119.78,,,,,,,,,,,,,,,,,,,,,
Asuncion,u,"462,241",Infrastructure,City Wide,34.6,9.5,86%,112%,45.4,-10.4,46,Other,,-25.28,-57.63,,,,,,,,,,,,,,,,,,,,,
Asuncion,Paraguay,"462,241",Infrastructure,Best Area,44.1,2.4,92%,112%,46.5,-9.3,48,Other,,-25.28,-57.63,,,,,,,,,,,,,,,,,,,,,
Asuncion,Paraguay,"462,241",Balanced,City Wide,40.3,7.5,86%,112%,49.4,-10.4,44,Other,,-25.28,-57.63,,,,,,,,,,,,,,,,,,,,,
Asuncion,Paraguay,"462,241",Balanced,Best Area,47.8,3.2,92%,112%,51.0,-9.3,48,Other,,-25.28,-57.63,,,,,,,,,,,,,,,,,,,,,
Asuncion,Paraguay,"462,241",Destination,City Wide,45.0,8.4,86%,112%,55.3,-10.4,44,Other,,-25.28,-57.63,,,,,,,,,,,,,,,,,,,,,
Asuncion,Paraguay,"462,241",Destination,Best Area,53.4,2.7,92%,112%,56.1,-9.3,48,Other,,-25.28,-57.63,,,,,,,,,,,,,,,,,,,,,
Fes,Morocco,"1,100,000",Infrastructure,City Wide,28.7,4.0,73%,122%,33.1,-19.2,19,Other,,34.03,-5.02,,,,,,,,,,,,,,,,,,,,,
Fes,Morocco,"1,100,000",Infrastructure,Best Area,32.7,1.5,68%,125%,34.2,-26.9,19,Other,,34.03,-5.02,,,,,,,,,,,,,,,,,,,,,
Fes,Morocco,"1,100,000",Balanced,City Wide,39.4,8.4,73%,122%,48.8,-19.2,19,Other,,34.03,-5.02,,,,,,,,,,,,,,,,,,,,,
Fes,Morocco,"1,100,000",Balanced,Best Area,47.8,3.3,68%,125%,51.1,-26.9,19,Other,,34.03,-5.02,,,,,,,,,,,,,,,,,,,,,
Fes,Morocco,"1,100,000",Destination,City Wide,47.9,11.7,73%,122%,60.8,-19.2,19,Other,,34.03,-5.02,,,,,,,,,,,,,,,,,,,,,
Fes,Morocco,"1,100,000",Destination,Best Area,59.6,4.3,68%,125%,63.9,-26.9,19,Other,,34.03,-5.02,,,,,,,,,,,,,,,,,,,,,
Odesa,Ukraine,"1,015,826",Infrastructure,City Wide,31.6,9.9,85%,113%,41.9,-10.1,41,EU,,46.48,30.73,,,,,,,,,,,,,,,,,,,,,
Odesa,Ukraine,"1,015,826",Infrastructure,Best Area,41.5,5.3,87%,113%,46.8,-12.4,72,EU,,46.48,30.73,,,,,,,,,,,,,,,,,,,,,
Odesa,Ukraine,"1,015,826",Balanced,City Wide,37.0,10.8,85%,113%,49.5,-10.1,39,EU,,46.48,30.73,,,,,,,,,,,,,,,,,,,,,
Odesa,Ukraine,"1,015,826",Balanced,Best Area,47.8,3.0,87%,113%,50.8,-12.4,72,EU,,46.48,30.73,,,,,,,,,,,,,,,,,,,,,
Odesa,Ukraine,"1,015,826",Destination,City Wide,41.7,12.2,85%,113%,56.1,-10.1,38,EU,,46.48,30.73,,,,,,,,,,,,,,,,,,,,,
Odesa,Ukraine,"1,015,826",Destination,Best Area,53.9,4.6,87%,113%,58.5,-12.4,72,EU,,46.48,30.73,,,,,,,,,,,,,,,,,,,,,
Cincinnati,OH,"309,595",Infrastructure,City Wide,33.3,14.7,94%,103%,53.8,-3.3,32,NA,,39.10,-84.51,,,,,,,,,,,,,,,,,,,,,
Cincinnati,OH,"309,595",Infrastructure,Best Area,48.0,10.2,100%,104%,58.2,-1.9,48,NA,,39.10,-84.51,,,,,,,,,,,,,,,,,,,,,
Cincinnati,OH,"309,595",Balanced,City Wide,35.6,12.2,94%,103%,48.5,-3.3,32,NA,,39.10,-84.51,,,,,,,,,,,,,,,,,,,,,
Cincinnati,OH,"309,595",Balanced,Best Area,47.8,3.0,100%,104%,50.8,-1.9,48,NA,,39.10,-84.51,,,,,,,,,,,,,,,,,,,,,
Cincinnati,OH,"309,595",Destination,City Wide,36.6,13.3,94%,103%,52.7,-3.3,32,NA,,39.10,-84.51,,,,,,,,,,,,,,,,,,,,,
Cincinnati,OH,"309,595",Destination,Best Area,49.9,4.2,100%,104%,54.1,-1.9,48,NA,,39.10,-84.51,,,,,,,,,,,,,,,,,,,,,
Charlotte,NC,"886,283",Infrastructure,City Wide,25.7,22.2,100%,100%,49.9,-0.1,22,NA,,35.23,-80.84,,,,,,,,,,,,,,,,,,,,,
Charlotte,NC,"886,283",Infrastructure,Best Area,47.9,6.7,100%,100%,54.6,0.3,56,NA,,35.23,-80.84,,,,,,,,,,,,,,,,,,,,,
Charlotte,NC,"886,283",Balanced,City Wide,25.8,22.0,100%,100%,49.8,-0.1,22,NA,,35.23,-80.84,,,,,,,,,,,,,,,,,,,,,
Charlotte,NC,"886,283",Balanced,Best Area,47.8,9.2,100%,100%,57.0,0.3,56,NA,,35.23,-80.84,,,,,,,,,,,,,,,,,,,,,
Charlotte,NC,"886,283",Destination,City Wide,25.8,21.8,100%,100%,52.4,-0.1,22,NA,,35.23,-80.84,,,,,,,,,,,,,,,,,,,,,
Charlotte,NC,"886,283",Destination,Best Area,47.6,11.6,100%,100%,59.2,0.3,56,NA,,35.23,-80.84,,,,,,,,,,,,,,,,,,,,,
Fort Wayne,IN,"266,235",Infrastructure,City Wide,39.6,11.6,106%,93%,51.5,5.0,7,NA,,41.08,-85.14,,,,,,,,,,,,,,,,,,,,,
Fort Wayne,IN,"266,235",Infrastructure,Best Area,51.2,3.1,107%,93%,54.3,6.9,52,NA,,41.08,-85.14,,,,,,,,,,,,,,,,,,,,,
Fort Wayne,IN,"266,235",Balanced,City Wide,37.2,10.5,106%,93%,48.8,5.0,7,NA,,41.08,-85.14,,,,,,,,,,,,,,,,,,,,,
Fort Wayne,IN,"266,235",Balanced,Best Area,47.7,2.8,107%,93%,50.5,6.9,54,NA,,41.08,-85.14,,,,,,,,,,,,,,,,,,,,,
Fort Wayne,IN,"266,235",Destination,City Wide,34.6,9.7,106%,93%,46.2,5.0,7,NA,,41.08,-85.14,,,,,,,,,,,,,,,,,,,,,
Fort Wayne,IN,"266,235",Destination,Best Area,44.3,3.4,107%,93%,47.7,6.9,54,NA,,41.08,-85.14,,,,,,,,,,,,,,,,,,,,,
Kansas City,MO,"508,233",Infrastructure,City Wide,35.3,13.9,104%,95%,50.5,2.9,36,NA,,39.10,-94.58,,,,,,,,,,,,,,,,,,,,,
Kansas City,MO,"508,233",Infrastructure,Best Area,49.2,5.1,103%,98%,54.3,2.6,59,NA,,39.10,-94.58,,,,,,,,,,,,,,,,,,,,,
Kansas City,MO,"508,233",Balanced,City Wide,34.0,13.7,104%,95%,48.4,2.9,36,NA,,39.10,-94.58,,,,,,,,,,,,,,,,,,,,,
Kansas City,MO,"508,233",Balanced,Best Area,47.7,5.8,103%,98%,53.5,2.6,59,NA,,39.10,-94.58,,,,,,,,,,,,,,,,,,,,,
Kansas City,MO,"508,233",Destination,City Wide,32.4,14.2,104%,95%,50.4,2.9,36,NA,,39.10,-94.58,,,,,,,,,,,,,,,,,,,,,
Kansas City,MO,"508,233",Destination,Best Area,46.6,9.4,103%,98%,56.0,2.6,59,NA,,39.10,-94.58,,,,,,,,,,,,,,,,,,,,,
Hong Kong,China,"7,384,790",Infrastructure,City Wide,19.8,23.8,75%,117%,49.8,-11.2,5,Other,,22.28,114.16,,,,,,,,,,,,,,,,,,,,,
Hong Kong,China,"7,384,790",Infrastructure,Best Area,43.6,17.1,92%,109%,60.7,-8.4,21,Other,,22.28,114.16,,,,,,,,,,,,,,,,,,,,,
Hong Kong,China,"7,384,790",Balanced,City Wide,26.4,21.2,75%,117%,52.6,-11.2,5,Other,,22.28,114.16,,,,,,,,,,,,,,,,,,,,,
Hong Kong,China,"7,384,790",Balanced,Best Area,47.6,16.0,92%,109%,63.6,-8.4,21,Other,,22.28,114.16,,,,,,,,,,,,,,,,,,,,,
Hong Kong,China,"7,384,790",Destination,City Wide,31.0,21.0,75%,117%,55.3,-11.2,5,Other,,22.28,114.16,,,,,,,,,,,,,,,,,,,,,
Hong Kong,China,"7,384,790",Destination,Best Area,52.0,14.8,92%,109%,66.8,-8.4,21,Other,,22.28,114.16,,,,,,,,,,,,,,,,,,,,,
Durham,NC,"288,465",Infrastructure,City Wide,31.8,18.7,101%,98%,53.0,1.0,76,NA,,36.00,-78.90,,,,,,,,,,,,,,,,,,,,,
Durham,NC,"288,465",Infrastructure,Best Area,50.5,5.8,106%,95%,56.3,5.3,92,NA,,36.00,-78.90,,,,,,,,,,,,,,,,,,,,,
Durham,NC,"288,465",Balanced,City Wide,31.5,16.0,101%,98%,48.6,1.0,76,NA,,36.00,-78.90,,,,,,,,,,,,,,,,,,,,,
Durham,NC,"288,465",Balanced,Best Area,47.5,2.4,106%,95%,49.9,5.3,92,NA,,36.00,-78.90,,,,,,,,,,,,,,,,,,,,,
Durham,NC,"288,465",Destination,City Wide,30.8,14.4,101%,98%,45.1,1.0,76,NA,,36.00,-78.90,,,,,,,,,,,,,,,,,,,,,
Durham,NC,"288,465",Destination,Best Area,45.2,3.3,106%,95%,48.5,5.3,92,NA,,36.00,-78.90,,,,,,,,,,,,,,,,,,,,,
Houston,TX,"2,300,419",Infrastructure,City Wide,29.3,20.7,99%,100%,52.6,-0.5,9,NA,,29.76,-95.37,,,,,,,,,,,,,,,,,,,,,
Houston,TX,"2,300,419",Infrastructure,Best Area,50.0,7.1,105%,95%,57.1,5.0,39,NA,,29.76,-95.37,,,,,,,,,,,,,,,,,,,,,
Houston,TX,"2,300,419",Balanced,City Wide,29.7,17.8,99%,100%,50.5,-0.5,9,NA,,29.76,-95.37,,,,,,,,,,,,,,,,,,,,,
Houston,TX,"2,300,419",Balanced,Best Area,47.5,7.9,105%,95%,55.4,5.0,40,NA,,29.76,-95.37,,,,,,,,,,,,,,,,,,,,,
Houston,TX,"2,300,419",Destination,City Wide,29.8,15.2,99%,100%,49.0,-0.5,9,NA,,29.76,-95.37,,,,,,,,,,,,,,,,,,,,,
Houston,TX,"2,300,419",Destination,Best Area,45.0,10.8,105%,95%,55.8,5.0,40,NA,,29.76,-95.37,,,,,,,,,,,,,,,,,,,,,
Sarajevo,Bosnia and Herzegovina,"275,524",Infrastructure,City Wide,26.1,14.2,88%,111%,41.6,-6.7,30,EU,,43.86,18.41,,,,,,,,,,,,,,,,,,,,,
Sarajevo,Bosnia and Herzegovina,"275,524",Infrastructure,Best Area,40.3,2.4,85%,114%,42.7,-13.7,47,EU,,43.86,18.41,,,,,,,,,,,,,,,,,,,,,
Sarajevo,Bosnia and Herzegovina,"275,524",Balanced,City Wide,29.6,17.9,88%,111%,47.8,-6.7,30,EU,,43.86,18.41,,,,,,,,,,,,,,,,,,,,,
Sarajevo,Bosnia and Herzegovina,"275,524",Balanced,Best Area,47.5,3.8,85%,114%,51.3,-13.7,47,EU,,43.86,18.41,,,,,,,,,,,,,,,,,,,,,
Sarajevo,Bosnia and Herzegovina,"275,524",Destination,City Wide,32.8,21.2,88%,111%,55.7,-6.7,30,EU,,43.86,18.41,,,,,,,,,,,,,,,,,,,,,
Sarajevo,Bosnia and Herzegovina,"275,524",Destination,Best Area,54.0,4.8,85%,114%,58.8,-13.7,47,EU,,43.86,18.41,,,,,,,,,,,,,,,,,,,,,
Recife,Brazil,"1,488,920",Infrastructure,City Wide,32.2,11.8,89%,110%,46.1,-7.6,16,Other,,-8.06,-34.88,,,,,,,,,,,,,,,,,,,,,
Recife,Brazil,"1,488,920",Infrastructure,Best Area,44.0,4.4,93%,107%,48.4,-6.7,40,Other,,-8.06,-34.88,,,,,,,,,,,,,,,,,,,,,
Recife,Brazil,"1,488,920",Balanced,City Wide,36.2,11.2,89%,110%,49.3,-7.6,15,Other,,-8.06,-34.88,,,,,,,,,,,,,,,,,,,,,
Recife,Brazil,"1,488,920",Balanced,Best Area,47.4,4.4,93%,107%,51.8,-6.7,40,Other,,-8.06,-34.88,,,,,,,,,,,,,,,,,,,,,
Recife,Brazil,"1,488,920",Destination,City Wide,39.8,10.9,89%,110%,52.7,-7.6,15,Other,,-8.06,-34.88,,,,,,,,,,,,,,,,,,,,,
Recife,Brazil,"1,488,920",Destination,Best Area,50.7,5.5,93%,107%,56.2,-6.7,40,Other,,-8.06,-34.88,,,,,,,,,,,,,,,,,,,,,
Wichita,KS,"396,488",Infrastructure,City Wide,34.9,15.4,103%,96%,50.7,2.1,10,NA,,37.69,-97.34,,,,,,,,,,,,,,,,,,,,,
Wichita,KS,"396,488",Infrastructure,Best Area,50.3,5.0,106%,95%,55.3,5.4,46,NA,,37.69,-97.34,,,,,,,,,,,,,,,,,,,,,
Wichita,KS,"396,488",Balanced,City Wide,34.0,13.4,103%,96%,48.5,2.1,10,NA,,37.69,-97.34,,,,,,,,,,,,,,,,,,,,,
Wichita,KS,"396,488",Balanced,Best Area,47.4,5.2,106%,95%,52.6,5.4,46,NA,,37.69,-97.34,,,,,,,,,,,,,,,,,,,,,
Wichita,KS,"396,488",Destination,City Wide,32.8,12.1,103%,96%,46.0,2.1,10,NA,,37.69,-97.34,,,,,,,,,,,,,,,,,,,,,
Wichita,KS,"396,488",Destination,Best Area,44.9,5.0,106%,95%,49.9,5.4,46,NA,,37.69,-97.34,,,,,,,,,,,,,,,,,,,,,
San Antonio,TX,"1,458,954",Infrastructure,City Wide,29.2,21.8,99%,100%,53.9,-0.1,26,NA,,29.42,-98.50,,,,,,,,,,,,,,,,,,,,,
San Antonio,TX,"1,458,954",Infrastructure,Best Area,51.0,9.5,108%,93%,60.5,7.1,34,NA,,29.42,-98.50,,,,,,,,,,,,,,,,,,,,,
San Antonio,TX,"1,458,954",Balanced,City Wide,29.4,18.0,99%,100%,49.9,-0.1,26,NA,,29.42,-98.50,,,,,,,,,,,,,,,,,,,,,
San Antonio,TX,"1,458,954",Balanced,Best Area,47.4,8.1,108%,93%,55.5,7.1,36,NA,,29.42,-98.50,,,,,,,,,,,,,,,,,,,,,
San Antonio,TX,"1,458,954",Destination,City Wide,29.3,14.6,99%,100%,46.7,-0.1,26,NA,,29.42,-98.50,,,,,,,,,,,,,,,,,,,,,
San Antonio,TX,"1,458,954",Destination,Best Area,43.9,7.3,108%,93%,51.2,7.1,40,NA,,29.42,-98.50,,,,,,,,,,,,,,,,,,,,,
Daegu,South Korea,"2,351,461",Infrastructure,City Wide,23.6,27.6,96%,102%,56.3,-1.4,5,Other,,35.87,128.60,,,,,,,,,,,,,,,,,,,,,
Daegu,South Korea,"2,351,461",Infrastructure,Best Area,51.2,12.4,108%,92%,63.6,7.6,26,Other,,35.87,128.60,,,,,,,,,,,,,,,,,,,,,
Daegu,South Korea,"2,351,461",Balanced,City Wide,24.6,22.6,96%,102%,51.4,-1.4,5,Other,,35.87,128.60,,,,,,,,,,,,,,,,,,,,,
Daegu,South Korea,"2,351,461",Balanced,Best Area,47.2,8.8,108%,92%,56.0,7.6,31,Other,,35.87,128.60,,,,,,,,,,,,,,,,,,,,,
Daegu,South Korea,"2,351,461",Destination,City Wide,25.0,18.6,96%,102%,46.0,-1.4,5,Other,,35.87,128.60,,,,,,,,,,,,,,,,,,,,,
Daegu,South Korea,"2,351,461",Destination,Best Area,43.6,8.3,108%,92%,51.9,7.6,35,Other,,35.87,128.60,,,,,,,,,,,,,,,,,,,,,
Syracuse,NY,"146,211",Infrastructure,City Wide,39.7,6.1,96%,104%,46.2,-3.4,74,NA,,43.05,-76.15,,,,,,,,,,,,,,,,,,,,,
Syracuse,NY,"146,211",Infrastructure,Best Area,45.8,1.2,97%,103%,47.0,-2.6,87,NA,,43.05,-76.15,,,,,,,,,,,,,,,,,,,,,
Syracuse,NY,"146,211",Balanced,City Wide,41.4,5.7,96%,104%,47.5,-3.4,74,NA,,43.05,-76.15,,,,,,,,,,,,,,,,,,,,,
Syracuse,NY,"146,211",Balanced,Best Area,47.1,1.2,97%,103%,48.3,-2.6,87,NA,,43.05,-76.15,,,,,,,,,,,,,,,,,,,,,
Syracuse,NY,"146,211",Destination,City Wide,43.1,5.3,96%,104%,49.0,-3.4,74,NA,,43.05,-76.15,,,,,,,,,,,,,,,,,,,,,
Syracuse,NY,"146,211",Destination,Best Area,48.4,1.2,97%,103%,49.6,-2.6,87,NA,,43.05,-76.15,,,,,,,,,,,,,,,,,,,,,
Campo Grande*,Brazil,"897,938",Infrastructure,City Wide,37.5,9.9,101%,99%,47.5,0.5,28,Other,,-20.46,-54.62,,,,,,,,,,,,,,,,,,,,,
Campo Grande*,Brazil,"897,938",Infrastructure,Best Area,47.4,3.0,101%,101%,50.4,0.0,31,Other,,-20.46,-54.62,,,,,,,,,,,,,,,,,,,,,
Campo Grande*,Brazil,"897,938",Balanced,City Wide,37.3,9.8,101%,99%,46.8,0.5,28,Other,,-20.46,-54.62,,,,,,,,,,,,,,,,,,,,,
Campo Grande*,Brazil,"897,938",Balanced,Best Area,47.1,2.4,101%,101%,49.5,0.0,31,Other,,-20.46,-54.62,,,,,,,,,,,,,,,,,,,,,
Campo Grande*,Brazil,"897,938",Destination,City Wide,37.0,10.4,101%,99%,47.4,0.5,28,Other,,-20.46,-54.62,,,,,,,,,,,,,,,,,,,,,
Campo Grande*,Brazil,"897,938",Destination,Best Area,47.4,1.1,101%,101%,48.5,0.0,31,Other,,-20.46,-54.62,,,,,,,,,,,,,,,,,,,,,
Puebla,Mexico,"1,692,181",Infrastructure,City Wide,26.9,16.9,99%,101%,47.2,-0.8,3,NA,,19.03,-98.18,,,,,,,,,,,,,,,,,,,,,
Puebla,Mexico,"1,692,181",Infrastructure,Best Area,43.8,7.8,93%,107%,51.6,-6.7,13,NA,,19.03,-98.18,,,,,,,,,,,,,,,,,,,,,
Puebla,Mexico,"1,692,181",Balanced,City Wide,27.3,19.8,99%,101%,51.9,-0.8,3,NA,,19.03,-98.18,,,,,,,,,,,,,,,,,,,,,
Puebla,Mexico,"1,692,181",Balanced,Best Area,47.1,8.4,93%,107%,55.5,-6.7,13,NA,,19.03,-98.18,,,,,,,,,,,,,,,,,,,,,
Puebla,Mexico,"1,692,181",Destination,City Wide,27.7,22.8,99%,101%,55.5,-0.8,3,NA,,19.03,-98.18,,,,,,,,,,,,,,,,,,,,,
Puebla,Mexico,"1,692,181",Destination,Best Area,50.5,8.7,93%,107%,59.2,-6.7,13,NA,,19.03,-98.18,,,,,,,,,,,,,,,,,,,,,
Genoa,Italy,"562,637",Infrastructure,City Wide,25.2,12.6,78%,118%,39.1,-13.0,33,EU,,44.41,8.93,,,,,,,,,,,,,,,,,,,,,
Genoa,Italy,"562,637",Infrastructure,Best Area,37.8,5.8,80%,118%,43.6,-17.5,49,EU,,44.41,8.93,,,,,,,,,,,,,,,,,,,,,
Genoa,Italy,"562,637",Balanced,City Wide,32.4,14.6,78%,118%,51.4,-13.0,34,EU,,44.41,8.93,,,,,,,,,,,,,,,,,,,,,
Genoa,Italy,"562,637",Balanced,Best Area,47.0,7.4,80%,118%,54.4,-17.5,49,EU,,44.41,8.93,,,,,,,,,,,,,,,,,,,,,
Genoa,Italy,"562,637",Destination,City Wide,38.2,17.1,78%,118%,60.5,-13.0,32,EU,,44.41,8.93,,,,,,,,,,,,,,,,,,,,,
Genoa,Italy,"562,637",Destination,Best Area,55.3,8.2,80%,118%,63.5,-17.5,49,EU,,44.41,8.93,,,,,,,,,,,,,,,,,,,,,
Karaj,Iran,"1,600,000",Infrastructure,City Wide,24.1,20.2,86%,112%,46.2,-7.2,92,Other,,35.82,50.99,,,,,,,,,,,,,,,,,,,,,
Karaj,Iran,"1,600,000",Infrastructure,Best Area,44.3,3.3,94%,106%,47.6,-5.6,92,Other,,35.82,50.99,,,,,,,,,,,,,,,,,,,,,
Karaj,Iran,"1,600,000",Balanced,City Wide,27.9,19.1,86%,112%,48.5,-7.2,92,Other,,35.82,50.99,,,,,,,,,,,,,,,,,,,,,
Karaj,Iran,"1,600,000",Balanced,Best Area,47.0,2.6,94%,106%,49.6,-5.6,92,Other,,35.82,50.99,,,,,,,,,,,,,,,,,,,,,
Karaj,Iran,"1,600,000",Destination,City Wide,31.3,18.6,86%,112%,50.7,-7.2,92,Other,,35.82,50.99,,,,,,,,,,,,,,,,,,,,,
Karaj,Iran,"1,600,000",Destination,Best Area,49.9,1.6,94%,106%,51.5,-5.6,92,Other,,35.82,50.99,,,,,,,,,,,,,,,,,,,,,
Niamey,Niger,"1,633,200",Infrastructure,City Wide,28.9,17.3,95%,105%,46.8,-3.1,12,Other,,13.52,2.11,,,,,,,,,,,,,,,,,,,,,
Niamey,Niger,"1,633,200",Infrastructure,Best Area,46.2,1.7,99%,102%,47.9,-1.5,59,Other,,13.52,2.11,,,,,,,,,,,,,,,,,,,,,
Niamey,Niger,"1,633,200",Balanced,City Wide,30.5,16.4,95%,105%,48.1,-3.1,12,Other,,13.52,2.11,,,,,,,,,,,,,,,,,,,,,
Niamey,Niger,"1,633,200",Balanced,Best Area,46.9,2.4,99%,102%,49.3,-1.5,59,Other,,13.52,2.11,,,,,,,,,,,,,,,,,,,,,
Niamey,Niger,"1,633,200",Destination,City Wide,32.0,15.7,95%,105%,49.3,-3.1,12,Other,,13.52,2.11,,,,,,,,,,,,,,,,,,,,,
Niamey,Niger,"1,633,200",Destination,Best Area,47.7,3.0,99%,102%,50.7,-1.5,59,Other,,13.52,2.11,,,,,,,,,,,,,,,,,,,,,
Barranquilla,Colombia,"1,200,000",Infrastructure,City Wide,35.2,7.0,89%,110%,43.0,-8.3,38,Other,,10.99,-74.79,,,,,,,,,,,,,,,,,,,,,
Barranquilla,Colombia,"1,200,000",Infrastructure,Best Area,42.2,1.5,90%,109%,43.7,-8.9,47,Other,,10.99,-74.79,,,,,,,,,,,,,,,,,,,,,
Barranquilla,Colombia,"1,200,000",Balanced,City Wide,39.6,7.2,89%,110%,47.4,-8.3,38,Other,,10.99,-74.79,,,,,,,,,,,,,,,,,,,,,
Barranquilla,Colombia,"1,200,000",Balanced,Best Area,46.8,1.6,90%,109%,48.4,-8.9,47,Other,,10.99,-74.79,,,,,,,,,,,,,,,,,,,,,
Barranquilla,Colombia,"1,200,000",Destination,City Wide,43.5,7.6,89%,110%,51.8,-8.3,38,Other,,10.99,-74.79,,,,,,,,,,,,,,,,,,,,,
Barranquilla,Colombia,"1,200,000",Destination,Best Area,51.1,1.8,90%,109%,52.9,-8.9,47,Other,,10.99,-74.79,,,,,,,,,,,,,,,,,,,,,
Niteroi,Brazil,"520,000",Infrastructure,City Wide,30.4,13.1,91%,108%,45.0,-5.7,28,Other,,-22.89,-43.11,,,,,,,,,,,,,,,,,,,,,
Niteroi,Brazil,"520,000",Infrastructure,Best Area,43.5,3.4,93%,108%,46.9,-7.2,67,Other,,-22.89,-43.11,,,,,,,,,,,,,,,,,,,,,
Niteroi,Brazil,"520,000",Balanced,City Wide,33.5,13.3,91%,108%,47.4,-5.7,23,Other,,-22.89,-43.11,,,,,,,,,,,,,,,,,,,,,
Niteroi,Brazil,"520,000",Balanced,Best Area,46.8,3.2,93%,108%,50.0,-7.2,67,Other,,-22.89,-43.11,,,,,,,,,,,,,,,,,,,,,
Niteroi,Brazil,"520,000",Destination,City Wide,36.1,14.6,91%,108%,53.7,-5.7,23,Other,,-22.89,-43.11,,,,,,,,,,,,,,,,,,,,,
Niteroi,Brazil,"520,000",Destination,Best Area,50.7,4.2,93%,108%,54.9,-7.2,67,Other,,-22.89,-43.11,,,,,,,,,,,,,,,,,,,,,
Jerusalem,Israel,"951,100",Infrastructure,City Wide,31.1,14.2,91%,106%,45.7,-5.2,17,Other,,31.78,35.23,,,,,,,,,,,,,,,,,,,,,
Jerusalem,Israel,"951,100",Infrastructure,Best Area,45.3,2.7,97%,106%,48.0,-4.3,47,Other,,31.78,35.23,,,,,,,,,,,,,,,,,,,,,
Jerusalem,Israel,"951,100",Balanced,City Wide,34.1,12.6,91%,106%,48.4,-5.2,16,Other,,31.78,35.23,,,,,,,,,,,,,,,,,,,,,
Jerusalem,Israel,"951,100",Balanced,Best Area,46.7,2.5,97%,106%,49.2,-4.3,47,Other,,31.78,35.23,,,,,,,,,,,,,,,,,,,,,
Jerusalem,Israel,"951,100",Destination,City Wide,36.3,13.3,91%,106%,51.9,-5.2,16,Other,,31.78,35.23,,,,,,,,,,,,,,,,,,,,,
Jerusalem,Israel,"951,100",Destination,Best Area,49.6,5.0,97%,106%,54.6,-4.3,47,Other,,31.78,35.23,,,,,,,,,,,,,,,,,,,,,
San Jose,Costa Rica,"350,000",Infrastructure,City Wide,26.9,7.7,76%,120%,37.9,-15.9,32,NA,,9.93,-84.08,,,,,,,,,,,,,,,,,,,,,
San Jose,Costa Rica,"350,000",Infrastructure,Best Area,34.6,6.9,74%,121%,41.5,-21.8,54,NA,,9.93,-84.08,,,,,,,,,,,,,,,,,,,,,
San Jose,Costa Rica,"350,000",Balanced,City Wide,35.6,11.0,76%,120%,51.2,-15.9,32,NA,,9.93,-84.08,,,,,,,,,,,,,,,,,,,,,
San Jose,Costa Rica,"350,000",Balanced,Best Area,46.6,8.7,74%,121%,55.3,-21.8,54,NA,,9.93,-84.08,,,,,,,,,,,,,,,,,,,,,
San Jose,Costa Rica,"350,000",Destination,City Wide,42.8,13.6,76%,120%,61.5,-15.9,32,NA,,9.93,-84.08,,,,,,,,,,,,,,,,,,,,,
San Jose,Costa Rica,"350,000",Destination,Best Area,56.4,10.0,74%,121%,66.4,-21.8,54,NA,,9.93,-84.08,,,,,,,,,,,,,,,,,,,,,
Florianopolis,Brazil,"500,973",Infrastructure,City Wide,26.4,17.7,90%,109%,45.3,-5.5,35,Other,,-27.60,-48.55,,,,,,,,,,,,,,,,,,,,,
Florianopolis,Brazil,"500,973",Infrastructure,Best Area,44.1,4.1,95%,105%,48.2,-5.0,75,Other,,-27.60,-48.55,,,,,,,,,,,,,,,,,,,,,
Florianopolis,Brazil,"500,973",Balanced,City Wide,29.4,17.2,90%,109%,49.3,-5.5,35,Other,,-27.60,-48.55,,,,,,,,,,,,,,,,,,,,,
Florianopolis,Brazil,"500,973",Balanced,Best Area,46.6,5.5,95%,105%,52.1,-5.0,75,Other,,-27.60,-48.55,,,,,,,,,,,,,,,,,,,,,
Florianopolis,Brazil,"500,973",Destination,City Wide,31.9,17.2,90%,109%,52.3,-5.5,35,Other,,-27.60,-48.55,,,,,,,,,,,,,,,,,,,,,
Florianopolis,Brazil,"500,973",Destination,Best Area,49.1,7.1,95%,105%,56.2,-5.0,75,Other,,-27.60,-48.55,,,,,,,,,,,,,,,,,,,,,
Markham,ON,"350,000",Infrastructure,City Wide,39.8,5.7,100%,101%,47.6,-0.5,70,NA,,43.86,-79.34,,,,,,,,,,,,,,,,,,,,,
Markham,ON,"350,000",Infrastructure,Best Area,45.5,3.9,98%,104%,49.4,-2.8,86,NA,,43.86,-79.34,,,,,,,,,,,,,,,,,,,,,
Markham,ON,"350,000",Balanced,City Wide,40.0,6.5,100%,101%,48.5,-0.5,70,NA,,43.86,-79.34,,,,,,,,,,,,,,,,,,,,,
Markham,ON,"350,000",Balanced,Best Area,46.5,5.9,98%,104%,52.4,-2.8,86,NA,,43.86,-79.34,,,,,,,,,,,,,,,,,,,,,
Markham,ON,"350,000",Destination,City Wide,40.3,8.0,100%,101%,49.4,-0.5,70,NA,,43.86,-79.34,,,,,,,,,,,,,,,,,,,,,
Markham,ON,"350,000",Destination,Best Area,48.3,7.4,98%,104%,55.7,-2.8,86,NA,,43.86,-79.34,,,,,,,,,,,,,,,,,,,,,
Rapid City,SD,"76,836",Infrastructure,City Wide,37.3,9.9,101%,99%,47.0,0.6,32,NA,,44.08,-103.23,,,,,,,,,,,,,,,,,,,,,
Rapid City,SD,"76,836",Infrastructure,Best Area,47.2,5.2,102%,98%,52.4,1.5,60,NA,,44.08,-103.23,,,,,,,,,,,,,,,,,,,,,
Rapid City,SD,"76,836",Balanced,City Wide,36.9,9.5,101%,99%,46.4,0.6,32,NA,,44.08,-103.23,,,,,,,,,,,,,,,,,,,,,
Rapid City,SD,"76,836",Balanced,Best Area,46.4,3.4,102%,98%,49.8,1.5,60,NA,,44.08,-103.23,,,,,,,,,,,,,,,,,,,,,
Rapid City,SD,"76,836",Destination,City Wide,36.7,9.0,101%,99%,45.8,0.6,31,NA,,44.08,-103.23,,,,,,,,,,,,,,,,,,,,,
Rapid City,SD,"76,836",Destination,Best Area,45.7,1.3,102%,98%,47.0,1.5,60,NA,,44.08,-103.23,,,,,,,,,,,,,,,,,,,,,
Chiang Mai,Thailand,"130,000",Infrastructure,City Wide,25.6,6.9,70%,124%,32.8,-19.4,71,Other,,18.79,98.99,,,,,,,,,,,,,,,,,,,,,
Chiang Mai,Thailand,"130,000",Infrastructure,Best Area,32.5,1.7,70%,123%,34.2,-24.7,71,Other,,18.79,98.99,,,,,,,,,,,,,,,,,,,,,
Chiang Mai,Thailand,"130,000",Balanced,City Wide,36.4,10.0,70%,124%,46.9,-19.4,71,Other,,18.79,98.99,,,,,,,,,,,,,,,,,,,,,
Chiang Mai,Thailand,"130,000",Balanced,Best Area,46.4,2.2,70%,123%,48.6,-24.7,71,Other,,18.79,98.99,,,,,,,,,,,,,,,,,,,,,
Chiang Mai,Thailand,"130,000",Destination,City Wide,45.0,12.2,70%,124%,57.8,-19.4,71,Other,,18.79,98.99,,,,,,,,,,,,,,,,,,,,,
Chiang Mai,Thailand,"130,000",Destination,Best Area,57.2,2.7,70%,123%,59.9,-24.7,71,Other,,18.79,98.99,,,,,,,,,,,,,,,,,,,,,
Leon,Mexico,"1,827,805",Infrastructure,City Wide,29.6,20.6,115%,84%,51.4,7.9,10,NA,,21.10,-101.65,,,,,,,,,,,,,,,,,,,,,
Leon,Mexico,"1,827,805",Infrastructure,Best Area,50.2,4.5,108%,91%,54.7,7.9,42,NA,,21.10,-101.65,,,,,,,,,,,,,,,,,,,,,
Leon,Mexico,"1,827,805",Balanced,City Wide,25.7,20.6,115%,84%,47.4,7.9,10,NA,,21.10,-101.65,,,,,,,,,,,,,,,,,,,,,
Leon,Mexico,"1,827,805",Balanced,Best Area,46.3,4.5,108%,91%,50.8,7.9,43,NA,,21.10,-101.65,,,,,,,,,,,,,,,,,,,,,
Leon,Mexico,"1,827,805",Destination,City Wide,21.7,20.6,115%,84%,43.2,7.9,10,NA,,21.10,-101.65,,,,,,,,,,,,,,,,,,,,,
Leon,Mexico,"1,827,805",Destination,Best Area,42.3,4.4,108%,91%,46.7,7.9,44,NA,,21.10,-101.65,,,,,,,,,,,,,,,,,,,,,
Saint Petersburg,Russia,"5,643,000",Infrastructure,City Wide,25.6,9.2,75%,120%,36.7,-15.6,84,EU,,59.96,30.16,,,,,,,,,,,,,,,,,,,,,
Saint Petersburg,Russia,"5,643,000",Infrastructure,Best Area,34.8,7.7,75%,121%,42.5,-21.0,89,EU,,59.96,30.16,,,,,,,,,,,,,,,,,,,,,
Saint Petersburg,Russia,"5,643,000",Balanced,City Wide,34.3,11.9,75%,120%,47.3,-15.6,84,EU,,59.96,30.16,,,,,,,,,,,,,,,,,,,,,
Saint Petersburg,Russia,"5,643,000",Balanced,Best Area,46.2,11.9,75%,121%,58.1,-21.0,89,EU,,59.96,30.16,,,,,,,,,,,,,,,,,,,,,
Saint Petersburg,Russia,"5,643,000",Destination,City Wide,41.2,14.6,75%,120%,56.4,-15.6,84,EU,,59.96,30.16,,,,,,,,,,,,,,,,,,,,,
Saint Petersburg,Russia,"5,643,000",Destination,Best Area,55.8,15.5,75%,121%,71.3,-21.0,89,EU,,59.96,30.16,,,,,,,,,,,,,,,,,,,,,
Arezzo,Italy,"96,717",Infrastructure,City Wide,25.7,19.1,107%,93%,45.9,3.2,17,EU,,43.46,11.88,,,,,,,,,,,,,,,,,,,,,
Arezzo,Italy,"96,717",Infrastructure,Best Area,44.8,3.0,97%,103%,47.8,-2.5,68,EU,,43.46,11.88,,,,,,,,,,,,,,,,,,,,,
Arezzo,Italy,"96,717",Balanced,City Wide,24.1,22.0,107%,93%,47.1,3.2,17,EU,,43.46,11.88,,,,,,,,,,,,,,,,,,,,,
Arezzo,Italy,"96,717",Balanced,Best Area,46.1,2.5,97%,103%,48.6,-2.5,68,EU,,43.46,11.88,,,,,,,,,,,,,,,,,,,,,
Arezzo,Italy,"96,717",Destination,City Wide,22.5,24.8,107%,93%,48.4,3.2,17,EU,,43.46,11.88,,,,,,,,,,,,,,,,,,,,,
Arezzo,Italy,"96,717",Destination,Best Area,47.3,2.1,97%,103%,49.4,-2.5,68,EU,,43.46,11.88,,,,,,,,,,,,,,,,,,,,,
Podgorica,Montenegro,"179,505",Infrastructure,City Wide,31.9,8.9,90%,108%,41.7,-6.3,81,EU,,42.44,19.26,,,,,,,,,,,,,,,,,,,,,
Podgorica,Montenegro,"179,505",Infrastructure,Best Area,40.8,1.4,89%,110%,42.2,-9.8,81,EU,,42.44,19.26,,,,,,,,,,,,,,,,,,,,,
Podgorica,Montenegro,"179,505",Balanced,City Wide,35.3,10.5,90%,108%,46.1,-6.3,81,EU,,42.44,19.26,,,,,,,,,,,,,,,,,,,,,
Podgorica,Montenegro,"179,505",Balanced,Best Area,45.8,0.9,89%,110%,46.7,-9.8,81,EU,,42.44,19.26,,,,,,,,,,,,,,,,,,,,,
Podgorica,Montenegro,"179,505",Destination,City Wide,38.2,12.4,90%,108%,50.6,-6.3,81,EU,,42.44,19.26,,,,,,,,,,,,,,,,,,,,,
Podgorica,Montenegro,"179,505",Destination,Best Area,50.6,0.5,89%,110%,51.1,-9.8,81,EU,,42.44,19.26,,,,,,,,,,,,,,,,,,,,,
Gwangju,South Korea,"1,500,000",Infrastructure,City Wide,22.4,24.6,97%,103%,48.4,-1.3,5,Other,,37.43,127.26,,,,,,,,,,,,,,,,,,,,,
Gwangju,South Korea,"1,500,000",Infrastructure,Best Area,47.0,4.4,103%,97%,51.4,2.5,34,Other,,37.43,127.26,,,,,,,,,,,,,,,,,,,,,
Gwangju,South Korea,"1,500,000",Balanced,City Wide,23.0,22.8,97%,103%,47.1,-1.3,5,Other,,37.43,127.26,,,,,,,,,,,,,,,,,,,,,
Gwangju,South Korea,"1,500,000",Balanced,Best Area,45.8,2.4,103%,97%,48.2,2.5,34,Other,,37.43,127.26,,,,,,,,,,,,,,,,,,,,,
Gwangju,South Korea,"1,500,000",Destination,City Wide,23.7,20.8,97%,103%,46.0,-1.3,5,Other,,37.43,127.26,,,,,,,,,,,,,,,,,,,,,
Gwangju,South Korea,"1,500,000",Destination,Best Area,44.5,2.5,103%,97%,47.0,2.5,34,Other,,37.43,127.26,,,,,,,,,,,,,,,,,,,,,
Managua,Nicaragua,"1,135,770",Infrastructure,City Wide,26.9,10.8,82%,115%,38.3,-10.9,50,NA,,12.15,-86.27,,,,,,,,,,,,,,,,,,,,,
Managua,Nicaragua,"1,135,770",Infrastructure,Best Area,37.7,3.5,83%,116%,41.2,-15.2,66,NA,,12.15,-86.27,,,,,,,,,,,,,,,,,,,,,
Managua,Nicaragua,"1,135,770",Balanced,City Wide,32.9,12.7,82%,115%,47.2,-10.9,47,NA,,12.15,-86.27,,,,,,,,,,,,,,,,,,,,,
Managua,Nicaragua,"1,135,770",Balanced,Best Area,45.6,5.3,83%,116%,50.9,-15.2,66,NA,,12.15,-86.27,,,,,,,,,,,,,,,,,,,,,
Managua,Nicaragua,"1,135,770",Destination,City Wide,37.8,15.1,82%,115%,54.8,-10.9,47,NA,,12.15,-86.27,,,,,,,,,,,,,,,,,,,,,
Managua,Nicaragua,"1,135,770",Destination,Best Area,52.9,6.3,83%,116%,59.2,-15.2,66,NA,,12.15,-86.27,,,,,,,,,,,,,,,,,,,,,
Porto Alegre,Brazil,"1,502,333",Infrastructure,City Wide,28.6,11.3,88%,110%,41.2,-7.4,68,Other,,-30.03,-51.23,,,,,,,,,,,,,,,,,,,,,
Porto Alegre,Brazil,"1,502,333",Infrastructure,Best Area,39.9,5.1,88%,112%,45.0,-11.2,90,Other,,-30.03,-51.23,,,,,,,,,,,,,,,,,,,,,
Porto Alegre,Brazil,"1,502,333",Balanced,City Wide,32.6,13.0,88%,110%,49.9,-7.4,68,Other,,-30.03,-51.23,,,,,,,,,,,,,,,,,,,,,
Porto Alegre,Brazil,"1,502,333",Balanced,Best Area,45.6,8.5,88%,112%,54.1,-11.2,90,Other,,-30.03,-51.23,,,,,,,,,,,,,,,,,,,,,
Porto Alegre,Brazil,"1,502,333",Destination,City Wide,36.0,15.1,88%,110%,57.4,-7.4,68,Other,,-30.03,-51.23,,,,,,,,,,,,,,,,,,,,,
Porto Alegre,Brazil,"1,502,333",Destination,Best Area,51.1,10.9,88%,112%,62.0,-11.2,90,Other,,-30.03,-51.23,,,,,,,,,,,,,,,,,,,,,
Dubai,United Arab Emirates,"4,945,000",Infrastructure,City Wide,21.7,22.4,95%,104%,48.7,-2.1,29,Other,,25.07,55.19,,,,,,,,,,,,,,,,,,,,,
Dubai,United Arab Emirates,"4,945,000",Infrastructure,Best Area,44.1,18.3,97%,103%,62.4,-3.0,67,Other,,25.07,55.19,,,,,,,,,,,,,,,,,,,,,
Dubai,United Arab Emirates,"4,945,000",Balanced,City Wide,22.9,22.7,95%,104%,51.3,-2.1,29,Other,,25.07,55.19,,,,,,,,,,,,,,,,,,,,,
Dubai,United Arab Emirates,"4,945,000",Balanced,Best Area,45.6,11.4,97%,103%,57.0,-3.0,67,Other,,25.07,55.19,,,,,,,,,,,,,,,,,,,,,
Dubai,United Arab Emirates,"4,945,000",Destination,City Wide,23.8,23.3,95%,104%,51.2,-2.1,29,Other,,25.07,55.19,,,,,,,,,,,,,,,,,,,,,
Dubai,United Arab Emirates,"4,945,000",Destination,Best Area,47.1,11.3,97%,103%,58.4,-3.0,67,Other,,25.07,55.19,,,,,,,,,,,,,,,,,,,,,
Sapporo,Japan,"1,900,000",Infrastructure,City Wide,29.8,12.6,84%,112%,43.3,-9.9,19,Other,,43.06,141.35,,,,,,,,,,,,,,,,,,,,,
Sapporo,Japan,"1,900,000",Infrastructure,Best Area,42.4,5.2,93%,111%,47.6,-8.0,37,Other,,43.06,141.35,,,,,,,,,,,,,,,,,,,,,
Sapporo,Japan,"1,900,000",Balanced,City Wide,35.3,10.1,84%,112%,48.2,-9.9,17,Other,,43.06,141.35,,,,,,,,,,,,,,,,,,,,,
Sapporo,Japan,"1,900,000",Balanced,Best Area,45.4,4.9,93%,111%,50.3,-8.0,37,Other,,43.06,141.35,,,,,,,,,,,,,,,,,,,,,
Sapporo,Japan,"1,900,000",Destination,City Wide,39.7,10.7,84%,112%,52.7,-9.9,17,Other,,43.06,141.35,,,,,,,,,,,,,,,,,,,,,
Sapporo,Japan,"1,900,000",Destination,Best Area,50.4,7.6,93%,111%,58.0,-8.0,37,Other,,43.06,141.35,,,,,,,,,,,,,,,,,,,,,
Siena,Italy,"53,345",Infrastructure,City Wide,28.0,9.4,84%,114%,38.0,-10.0,89,EU,,43.32,11.33,,,,,,,,,,,,,,,,,,,,,
Siena,Italy,"53,345",Infrastructure,Best Area,37.4,3.7,83%,116%,41.1,-15.2,89,EU,,43.32,11.33,,,,,,,,,,,,,,,,,,,,,
Siena,Italy,"53,345",Balanced,City Wide,33.4,11.9,84%,114%,45.2,-10.0,89,EU,,43.32,11.33,,,,,,,,,,,,,,,,,,,,,
Siena,Italy,"53,345",Balanced,Best Area,45.3,3.9,83%,116%,49.2,-15.2,89,EU,,43.32,11.33,,,,,,,,,,,,,,,,,,,,,
Siena,Italy,"53,345",Destination,City Wide,38.0,14.6,84%,114%,53.0,-10.0,89,EU,,43.32,11.33,,,,,,,,,,,,,,,,,,,,,
Siena,Italy,"53,345",Destination,Best Area,52.6,3.7,83%,116%,56.3,-15.2,89,EU,,43.32,11.33,,,,,,,,,,,,,,,,,,,,,
Knoxville,TN,"198,722",Infrastructure,City Wide,30.7,16.1,100%,99%,48.2,0.2,8,NA,,35.96,-83.92,,,,,,,,,,,,,,,,,,,,,
Knoxville,TN,"198,722",Infrastructure,Best Area,46.8,4.6,104%,96%,51.4,3.2,57,NA,,35.96,-83.92,,,,,,,,,,,,,,,,,,,,,
Knoxville,TN,"198,722",Balanced,City Wide,30.7,14.5,100%,99%,47.2,0.2,8,NA,,35.96,-83.92,,,,,,,,,,,,,,,,,,,,,
Knoxville,TN,"198,722",Balanced,Best Area,45.2,3.3,104%,96%,48.5,3.2,57,NA,,35.96,-83.92,,,,,,,,,,,,,,,,,,,,,
Knoxville,TN,"198,722",Destination,City Wide,30.5,13.1,100%,99%,45.9,0.2,8,NA,,35.96,-83.92,,,,,,,,,,,,,,,,,,,,,
Knoxville,TN,"198,722",Destination,Best Area,43.6,3.7,104%,96%,47.3,3.2,57,NA,,35.96,-83.92,,,,,,,,,,,,,,,,,,,,,
George Town,Malaysia,"794,313",Infrastructure,City Wide,23.5,17.6,86%,111%,43.6,-6.8,16,Other,,5.41,100.33,,,,,,,,,,,,,,,,,,,,,
George Town,Malaysia,"794,313",Infrastructure,Best Area,41.1,7.5,91%,108%,48.6,-7.9,49,Other,,5.41,100.33,,,,,,,,,,,,,,,,,,,,,
George Town,Malaysia,"794,313",Balanced,City Wide,27.2,18.0,86%,111%,50.0,-6.8,14,Other,,5.41,100.33,,,,,,,,,,,,,,,,,,,,,
George Town,Malaysia,"794,313",Balanced,Best Area,45.2,9.0,91%,108%,54.2,-7.9,49,Other,,5.41,100.33,,,,,,,,,,,,,,,,,,,,,
George Town,Malaysia,"794,313",Destination,City Wide,30.3,18.7,86%,111%,57.2,-6.8,14,Other,,5.41,100.33,,,,,,,,,,,,,,,,,,,,,
George Town,Malaysia,"794,313",Destination,Best Area,49.0,10.3,91%,108%,59.3,-7.9,49,Other,,5.41,100.33,,,,,,,,,,,,,,,,,,,,,
Akron,OH,"189,526",Infrastructure,City Wide,33.9,11.1,97%,103%,47.1,-2.4,37,NA,,41.08,-81.52,,,,,,,,,,,,,,,,,,,,,
Akron,OH,"189,526",Infrastructure,Best Area,45.0,4.2,100%,100%,49.2,-0.2,69,NA,,41.08,-81.52,,,,,,,,,,,,,,,,,,,,,
Akron,OH,"189,526",Balanced,City Wide,35.1,10.0,97%,103%,46.7,-2.4,37,NA,,41.08,-81.52,,,,,,,,,,,,,,,,,,,,,
Akron,OH,"189,526",Balanced,Best Area,45.1,3.8,100%,100%,48.9,-0.2,69,NA,,41.08,-81.52,,,,,,,,,,,,,,,,,,,,,
Akron,OH,"189,526",Destination,City Wide,36.3,8.9,97%,103%,46.4,-2.4,37,NA,,41.08,-81.52,,,,,,,,,,,,,,,,,,,,,
Akron,OH,"189,526",Destination,Best Area,45.2,3.5,100%,100%,48.7,-0.2,69,NA,,41.08,-81.52,,,,,,,,,,,,,,,,,,,,,
Bishkek,Kyrgyzstan,"1,074,075",Infrastructure,City Wide,28.6,12.5,89%,110%,43.4,-7.0,41,Other,,42.88,74.60,,,,,,,,,,,,,,,,,,,,,
Bishkek,Kyrgyzstan,"1,074,075",Infrastructure,Best Area,41.1,9.7,91%,109%,50.8,-8.1,72,Other,,42.88,74.60,,,,,,,,,,,,,,,,,,,,,
Bishkek,Kyrgyzstan,"1,074,075",Balanced,City Wide,32.3,12.7,89%,110%,46.2,-7.0,41,Other,,42.88,74.60,,,,,,,,,,,,,,,,,,,,,
Bishkek,Kyrgyzstan,"1,074,075",Balanced,Best Area,45.0,7.4,91%,109%,52.4,-8.1,72,Other,,42.88,74.60,,,,,,,,,,,,,,,,,,,,,
Bishkek,Kyrgyzstan,"1,074,075",Destination,City Wide,35.6,13.6,89%,110%,53.4,-7.0,41,Other,,42.88,74.60,,,,,,,,,,,,,,,,,,,,,
Bishkek,Kyrgyzstan,"1,074,075",Destination,Best Area,49.2,5.6,91%,109%,54.8,-8.1,72,Other,,42.88,74.60,,,,,,,,,,,,,,,,,,,,,
Lexington,KY,"321,122",Infrastructure,City Wide,31.0,16.1,105%,95%,49.7,3.1,16,NA,,38.05,-84.50,,,,,,,,,,,,,,,,,,,,,
Lexington,KY,"321,122",Infrastructure,Best Area,47.1,4.8,105%,95%,51.9,4.2,62,NA,,38.05,-84.50,,,,,,,,,,,,,,,,,,,,,
Lexington,KY,"321,122",Balanced,City Wide,29.5,15.5,105%,95%,48.2,3.1,16,NA,,38.05,-84.50,,,,,,,,,,,,,,,,,,,,,
Lexington,KY,"321,122",Balanced,Best Area,45.0,5.4,105%,95%,50.4,4.2,62,NA,,38.05,-84.50,,,,,,,,,,,,,,,,,,,,,
Lexington,KY,"321,122",Destination,City Wide,27.9,15.0,105%,95%,46.7,3.1,16,NA,,38.05,-84.50,,,,,,,,,,,,,,,,,,,,,
Lexington,KY,"321,122",Destination,Best Area,42.9,5.9,105%,95%,48.8,4.2,62,NA,,38.05,-84.50,,,,,,,,,,,,,,,,,,,,,
Toledo,OH,"268,461",Infrastructure,City Wide,36.8,10.6,103%,97%,48.1,2.1,24,NA,,41.65,-83.54,,,,,,,,,,,,,,,,,,,,,
Toledo,OH,"268,461",Infrastructure,Best Area,47.4,2.5,106%,96%,49.9,4.5,53,NA,,41.65,-83.54,,,,,,,,,,,,,,,,,,,,,
Toledo,OH,"268,461",Balanced,City Wide,35.8,9.0,103%,97%,45.2,2.1,24,NA,,41.65,-83.54,,,,,,,,,,,,,,,,,,,,,
Toledo,OH,"268,461",Balanced,Best Area,44.8,2.1,106%,96%,46.9,4.5,53,NA,,41.65,-83.54,,,,,,,,,,,,,,,,,,,,,
Toledo,OH,"268,461",Destination,City Wide,34.7,8.2,103%,97%,43.2,2.1,24,NA,,41.65,-83.54,,,,,,,,,,,,,,,,,,,,,
Toledo,OH,"268,461",Destination,Best Area,42.9,2.0,106%,96%,44.9,4.5,53,NA,,41.65,-83.54,,,,,,,,,,,,,,,,,,,,,
Kuala Lumpur,Malaysia,"2,075,600",Infrastructure,City Wide,26.3,10.7,79%,117%,37.9,-12.8,9,Other,,3.15,101.69,,,,,,,,,,,,,,,,,,,,,
Kuala Lumpur,Malaysia,"2,075,600",Infrastructure,Best Area,37.0,7.8,83%,117%,44.8,-15.2,25,Other,,3.15,101.69,,,,,,,,,,,,,,,,,,,,,
Kuala Lumpur,Malaysia,"2,075,600",Balanced,City Wide,33.4,11.3,79%,117%,47.4,-12.8,9,Other,,3.15,101.69,,,,,,,,,,,,,,,,,,,,,
Kuala Lumpur,Malaysia,"2,075,600",Balanced,Best Area,44.7,11.3,83%,117%,56.0,-15.2,25,Other,,3.15,101.69,,,,,,,,,,,,,,,,,,,,,
Kuala Lumpur,Malaysia,"2,075,600",Destination,City Wide,39.1,13.1,79%,117%,55.7,-12.8,9,Other,,3.15,101.69,,,,,,,,,,,,,,,,,,,,,
Kuala Lumpur,Malaysia,"2,075,600",Destination,Best Area,52.2,13.2,83%,117%,65.4,-15.2,25,Other,,3.15,101.69,,,,,,,,,,,,,,,,,,,,,
Belem,Brazil,"1,300,000",Infrastructure,City Wide,29.2,13.2,101%,99%,43.7,0.5,30,Other,,-1.45,-48.47,,,,,,,,,,,,,,,,,,,,,
Belem,Brazil,"1,300,000",Infrastructure,Best Area,42.4,2.2,95%,107%,44.6,-5.0,57,Other,,-1.45,-48.47,,,,,,,,,,,,,,,,,,,,,
Belem,Brazil,"1,300,000",Balanced,City Wide,28.9,15.6,101%,99%,46.7,0.5,30,Other,,-1.45,-48.47,,,,,,,,,,,,,,,,,,,,,
Belem,Brazil,"1,300,000",Balanced,Best Area,44.5,3.1,95%,107%,47.6,-5.0,57,Other,,-1.45,-48.47,,,,,,,,,,,,,,,,,,,,,
Belem,Brazil,"1,300,000",Destination,City Wide,28.7,18.7,101%,99%,48.8,0.5,30,Other,,-1.45,-48.47,,,,,,,,,,,,,,,,,,,,,
Belem,Brazil,"1,300,000",Destination,Best Area,47.4,3.8,95%,107%,51.2,-5.0,57,Other,,-1.45,-48.47,,,,,,,,,,,,,,,,,,,,,
Oklahoma City,OK,"688,693",Infrastructure,City Wide,22.9,24.0,107%,94%,49.6,2.7,44,NA,,35.47,-97.52,,,,,,,,,,,,,,,,,,,,,
Oklahoma City,OK,"688,693",Infrastructure,Best Area,46.9,8.8,105%,96%,55.7,4.3,54,NA,,35.47,-97.52,,,,,,,,,,,,,,,,,,,,,
Oklahoma City,OK,"688,693",Balanced,City Wide,21.5,23.0,107%,94%,46.8,2.7,44,NA,,35.47,-97.52,,,,,,,,,,,,,,,,,,,,,
Oklahoma City,OK,"688,693",Balanced,Best Area,44.5,9.8,105%,96%,54.3,4.3,59,NA,,35.47,-97.52,,,,,,,,,,,,,,,,,,,,,
Oklahoma City,OK,"688,693",Destination,City Wide,20.2,22.4,107%,94%,44.9,2.7,44,NA,,35.47,-97.52,,,,,,,,,,,,,,,,,,,,,
Oklahoma City,OK,"688,693",Destination,Best Area,42.6,10.2,105%,96%,52.8,4.3,61,NA,,35.47,-97.52,,,,,,,,,,,,,,,,,,,,,
Stellenbosch,South Africa,"175,411",Infrastructure,City Wide,34.3,8.6,96%,104%,43.4,-2.8,59,Other,,-33.93,18.87,,,,,,,,,,,,,,,,,,,,,
Stellenbosch,South Africa,"175,411",Infrastructure,Best Area,42.9,0.6,97%,105%,43.5,-3.5,77,Other,,-33.93,18.87,,,,,,,,,,,,,,,,,,,,,
Stellenbosch,South Africa,"175,411",Balanced,City Wide,35.7,8.7,96%,104%,45.0,-2.8,59,Other,,-33.93,18.87,,,,,,,,,,,,,,,,,,,,,
Stellenbosch,South Africa,"175,411",Balanced,Best Area,44.4,0.7,97%,105%,45.1,-3.5,77,Other,,-33.93,18.87,,,,,,,,,,,,,,,,,,,,,
Stellenbosch,South Africa,"175,411",Destination,City Wide,37.1,9.3,96%,104%,46.4,-2.8,59,Other,,-33.93,18.87,,,,,,,,,,,,,,,,,,,,,
Stellenbosch,South Africa,"175,411",Destination,Best Area,46.4,0.7,97%,105%,47.1,-3.5,77,Other,,-33.93,18.87,,,,,,,,,,,,,,,,,,,,,
Kazan,Russia,"1,308,660",Infrastructure,City Wide,27.3,7.7,82%,115%,35.3,-11.1,46,EU,,55.79,49.11,,,,,,,,,,,,,,,,,,,,,
Kazan,Russia,"1,308,660",Infrastructure,Best Area,35.0,6.4,79%,120%,41.4,-18.4,60,EU,,55.79,49.11,,,,,,,,,,,,,,,,,,,,,
Kazan,Russia,"1,308,660",Balanced,City Wide,33.3,11.1,82%,115%,45.1,-11.1,46,EU,,55.79,49.11,,,,,,,,,,,,,,,,,,,,,
Kazan,Russia,"1,308,660",Balanced,Best Area,44.4,7.2,79%,120%,51.6,-18.4,60,EU,,55.79,49.11,,,,,,,,,,,,,,,,,,,,,
Kazan,Russia,"1,308,660",Destination,City Wide,38.4,15.0,82%,115%,55.1,-11.1,46,EU,,55.79,49.11,,,,,,,,,,,,,,,,,,,,,
Kazan,Russia,"1,308,660",Destination,Best Area,53.4,6.9,79%,120%,60.3,-18.4,60,EU,,55.79,49.11,,,,,,,,,,,,,,,,,,,,,
Karachi,Pakistan,"20,300,000",Infrastructure,City Wide,28.5,2.6,75%,121%,31.4,-17.4,27,Other,,24.80,67.04,,,,,,,,,,,,,,,,,,,,,
Karachi,Pakistan,"20,300,000",Infrastructure,Best Area,31.1,1.3,70%,123%,32.4,-23.4,27,Other,,24.80,67.04,,,,,,,,,,,,,,,,,,,,,
Karachi,Pakistan,"20,300,000",Balanced,City Wide,38.0,6.2,75%,121%,46.3,-17.4,27,Other,,24.80,67.04,,,,,,,,,,,,,,,,,,,,,
Karachi,Pakistan,"20,300,000",Balanced,Best Area,44.2,3.5,70%,123%,47.7,-23.4,27,Other,,24.80,67.04,,,,,,,,,,,,,,,,,,,,,
Karachi,Pakistan,"20,300,000",Destination,City Wide,45.9,8.6,75%,121%,58.0,-17.4,27,Other,,24.80,67.04,,,,,,,,,,,,,,,,,,,,,
Karachi,Pakistan,"20,300,000",Destination,Best Area,54.5,5.0,70%,123%,59.5,-23.4,27,Other,,24.80,67.04,,,,,,,,,,,,,,,,,,,,,
Staten Island (NYC),NY,"498,212",Infrastructure,City Wide,36.8,4.5,92%,108%,41.8,-6.4,53,NA,Yes,40.58,-74.15,,,,,,,,,,,,,,,,,,,,,
Staten Island (NYC),NY,"498,212",Infrastructure,Best Area,41.3,1.6,94%,108%,42.9,-6.5,57,NA,Yes,40.58,-74.15,,,,,,,,,,,,,,,,,,,,,
Staten Island (NYC),NY,"498,212",Balanced,City Wide,40.1,4.0,92%,108%,44.4,-6.4,51,NA,Yes,40.58,-74.15,,,,,,,,,,,,,,,,,,,,,
Staten Island (NYC),NY,"498,212",Balanced,Best Area,44.1,1.1,94%,108%,45.2,-6.5,57,NA,Yes,40.58,-74.15,,,,,,,,,,,,,,,,,,,,,
Staten Island (NYC),NY,"498,212",Destination,City Wide,43.2,4.6,92%,108%,47.9,-6.4,52,NA,Yes,40.58,-74.15,,,,,,,,,,,,,,,,,,,,,
Staten Island (NYC),NY,"498,212",Destination,Best Area,47.8,1.8,94%,108%,49.6,-6.5,57,NA,Yes,40.58,-74.15,,,,,,,,,,,,,,,,,,,,,
Merida,Mexico,"862,500",Infrastructure,City Wide,34.2,7.3,94%,105%,43.7,-4.2,10,NA,,20.97,-89.62,,,,,,,,,,,,,,,,,,,,,
Merida,Mexico,"862,500",Infrastructure,Best Area,41.5,3.6,95%,108%,45.1,-5.9,28,NA,,20.97,-89.62,,,,,,,,,,,,,,,,,,,,,
Merida,Mexico,"862,500",Balanced,City Wide,36.5,7.4,94%,105%,44.7,-4.2,10,NA,,20.97,-89.62,,,,,,,,,,,,,,,,,,,,,
Merida,Mexico,"862,500",Balanced,Best Area,43.9,2.6,95%,108%,46.5,-5.9,28,NA,,20.97,-89.62,,,,,,,,,,,,,,,,,,,,,
Merida,Mexico,"862,500",Destination,City Wide,38.4,9.0,94%,105%,48.3,-4.2,10,NA,,20.97,-89.62,,,,,,,,,,,,,,,,,,,,,
Merida,Mexico,"862,500",Destination,Best Area,47.4,4.6,95%,108%,52.0,-5.9,28,NA,,20.97,-89.62,,,,,,,,,,,,,,,,,,,,,
Naples,Italy,"1,002,139",Infrastructure,City Wide,24.5,7.9,79%,118%,35.9,-12.3,17,EU,,40.84,14.25,,,,,,,,,,,,,,,,,,,,,
Naples,Italy,"1,002,139",Infrastructure,Best Area,32.4,7.6,74%,122%,40.0,-21.1,32,EU,,40.84,14.25,,,,,,,,,,,,,,,,,,,,,
Naples,Italy,"1,002,139",Balanced,City Wide,31.1,12.8,79%,118%,47.3,-12.3,18,EU,,40.84,14.25,,,,,,,,,,,,,,,,,,,,,
Naples,Italy,"1,002,139",Balanced,Best Area,43.9,8.1,74%,122%,52.0,-21.1,32,EU,,40.84,14.25,,,,,,,,,,,,,,,,,,,,,
Naples,Italy,"1,002,139",Destination,City Wide,36.8,16.7,79%,118%,56.5,-12.3,17,EU,,40.84,14.25,,,,,,,,,,,,,,,,,,,,,
Naples,Italy,"1,002,139",Destination,Best Area,53.5,8.3,74%,122%,61.8,-21.1,32,EU,,40.84,14.25,,,,,,,,,,,,,,,,,,,,,
Addis Ababa,Ethiopia,"2,739,551",Infrastructure,City Wide,28.7,13.9,99%,101%,47.4,-0.7,8,Other,,8.97,38.78,,,,,,,,,,,,,,,,,,,,,
Addis Ababa,Ethiopia,"2,739,551",Infrastructure,Best Area,42.6,7.2,97%,104%,49.8,-3.0,73,Other,,8.97,38.78,,,,,,,,,,,,,,,,,,,,,
Addis Ababa,Ethiopia,"2,739,551",Balanced,City Wide,29.0,14.7,99%,101%,50.9,-0.7,8,Other,,8.97,38.78,,,,,,,,,,,,,,,,,,,,,
Addis Ababa,Ethiopia,"2,739,551",Balanced,Best Area,43.7,9.6,97%,104%,53.3,-3.0,73,Other,,8.97,38.78,,,,,,,,,,,,,,,,,,,,,
Addis Ababa,Ethiopia,"2,739,551",Destination,City Wide,29.4,16.2,99%,101%,53.7,-0.7,8,Other,,8.97,38.78,,,,,,,,,,,,,,,,,,,,,
Addis Ababa,Ethiopia,"2,739,551",Destination,Best Area,45.6,11.0,97%,104%,56.6,-3.0,73,Other,,8.97,38.78,,,,,,,,,,,,,,,,,,,,,
Bakersfield,CA,"408,366",Infrastructure,City Wide,29.2,19.4,105%,95%,57.8,3.0,8,NA,,35.37,-119.02,,,,,,,,,,,,,,,,,,,,,
Bakersfield,CA,"408,366",Infrastructure,Best Area,48.6,13.7,111%,89%,62.3,9.8,21,NA,,35.37,-119.02,,,,,,,,,,,,,,,,,,,,,
Bakersfield,CA,"408,366",Balanced,City Wide,27.7,16.0,105%,95%,51.3,3.0,8,NA,,35.37,-119.02,,,,,,,,,,,,,,,,,,,,,
Bakersfield,CA,"408,366",Balanced,Best Area,43.7,10.5,111%,89%,54.2,9.8,23,NA,,35.37,-119.02,,,,,,,,,,,,,,,,,,,,,
Bakersfield,CA,"408,366",Destination,City Wide,26.2,12.6,105%,95%,44.0,3.0,8,NA,,35.37,-119.02,,,,,,,,,,,,,,,,,,,,,
Bakersfield,CA,"408,366",Destination,Best Area,38.8,6.1,111%,89%,44.9,9.8,26,NA,,35.37,-119.02,,,,,,,,,,,,,,,,,,,,,
Yellowknife,Northwest Territories,"23,000",Infrastructure,City Wide,42.1,1.8,100%,100%,44.0,0.1,48,NA,,62.45,-114.38,,,,,,,,,,,,,,,,,,,,,
Yellowknife,Northwest Territories,"23,000",Infrastructure,Best Area,43.9,0.1,101%,99%,44.0,0.8,48,NA,,62.45,-114.38,,,,,,,,,,,,,,,,,,,,,
Yellowknife,Northwest Territories,"23,000",Balanced,City Wide,42.1,1.4,100%,100%,43.6,0.1,48,NA,,62.45,-114.38,,,,,,,,,,,,,,,,,,,,,
Yellowknife,Northwest Territories,"23,000",Balanced,Best Area,43.5,0.1,101%,99%,43.6,0.8,48,NA,,62.45,-114.38,,,,,,,,,,,,,,,,,,,,,
Yellowknife,Northwest Territories,"23,000",Destination,City Wide,42.0,1.1,100%,100%,43.2,0.1,48,NA,,62.45,-114.38,,,,,,,,,,,,,,,,,,,,,
Yellowknife,Northwest Territories,"23,000",Destination,Best Area,43.1,0.1,101%,99%,43.2,0.8,48,NA,,62.45,-114.38,,,,,,,,,,,,,,,,,,,,,
Belo Horizonte,Brazil,"2,315,560",Infrastructure,City Wide,33.8,6.7,94%,105%,43.6,-4.1,15,Other,,-19.92,-43.95,,,,,,,,,,,,,,,,,,,,,
Belo Horizonte,Brazil,"2,315,560",Infrastructure,Best Area,40.5,3.9,93%,107%,44.4,-6.0,49,Other,,-19.92,-43.95,,,,,,,,,,,,,,,,,,,,,
Belo Horizonte,Brazil,"2,315,560",Balanced,City Wide,36.1,7.3,94%,105%,43.9,-4.1,15,Other,,-19.92,-43.95,,,,,,,,,,,,,,,,,,,,,
Belo Horizonte,Brazil,"2,315,560",Balanced,Best Area,43.4,4.8,93%,107%,48.2,-6.0,49,Other,,-19.92,-43.95,,,,,,,,,,,,,,,,,,,,,
Belo Horizonte,Brazil,"2,315,560",Destination,City Wide,37.9,8.6,94%,105%,48.4,-4.1,15,Other,,-19.92,-43.95,,,,,,,,,,,,,,,,,,,,,
Belo Horizonte,Brazil,"2,315,560",Destination,Best Area,46.5,8.9,93%,107%,55.4,-6.0,49,Other,,-19.92,-43.95,,,,,,,,,,,,,,,,,,,,,
Catania,Italy,"300,000",Infrastructure,City Wide,20.5,12.1,78%,116%,36.1,-10.0,56,EU,,37.50,15.09,,,,,,,,,,,,,,,,,,,,,
Catania,Italy,"300,000",Infrastructure,Best Area,32.6,5.3,75%,120%,37.9,-19.2,74,EU,,37.50,15.09,,,,,,,,,,,,,,,,,,,,,
Catania,Italy,"300,000",Balanced,City Wide,26.2,17.0,78%,116%,47.4,-10.0,54,EU,,37.50,15.09,,,,,,,,,,,,,,,,,,,,,
Catania,Italy,"300,000",Balanced,Best Area,43.2,5.0,75%,120%,48.2,-19.2,74,EU,,37.50,15.09,,,,,,,,,,,,,,,,,,,,,
Catania,Italy,"300,000",Destination,City Wide,30.5,21.3,78%,116%,56.1,-10.0,54,EU,,37.50,15.09,,,,,,,,,,,,,,,,,,,,,
Catania,Italy,"300,000",Destination,Best Area,51.8,5.7,75%,120%,57.5,-19.2,74,EU,,37.50,15.09,,,,,,,,,,,,,,,,,,,,,
Jiangyin (Wuxi),China,"1,779,515",Infrastructure,City Wide,21.5,30.2,126%,71%,53.9,9.3,3,Other,Yes,31.92,120.28,,,,,,,,,,,,,,,,,,,,,
Jiangyin (Wuxi),China,"1,779,515",Infrastructure,Best Area,51.7,6.1,120%,75%,57.8,19.2,3,Other,Yes,31.92,120.28,,,,,,,,,,,,,,,,,,,,,
Jiangyin (Wuxi),China,"1,779,515",Balanced,City Wide,17.1,26.0,126%,71%,45.3,9.3,3,Other,Yes,31.92,120.28,,,,,,,,,,,,,,,,,,,,,
Jiangyin (Wuxi),China,"1,779,515",Balanced,Best Area,43.1,5.2,120%,75%,48.3,19.2,3,Other,Yes,31.92,120.28,,,,,,,,,,,,,,,,,,,,,
Jiangyin (Wuxi),China,"1,779,515",Destination,City Wide,12.2,20.3,126%,71%,33.9,9.3,3,Other,Yes,31.92,120.28,,,,,,,,,,,,,,,,,,,,,
Jiangyin (Wuxi),China,"1,779,515",Destination,Best Area,32.5,4.2,120%,75%,36.7,19.2,3,Other,Yes,31.92,120.28,,,,,,,,,,,,,,,,,,,,,
Dakar,Senegal,"1,278,469",Infrastructure,City Wide,25.9,4.4,74%,121%,31.4,-16.2,2,Other,,14.69,-17.45,,,,,,,,,,,,,,,,,,,,,
Dakar,Senegal,"1,278,469",Infrastructure,Best Area,30.3,1.8,70%,123%,32.1,-22.7,2,Other,,14.69,-17.45,,,,,,,,,,,,,,,,,,,,,
Dakar,Senegal,"1,278,469",Balanced,City Wide,34.8,8.2,74%,121%,44.6,-16.2,2,Other,,14.69,-17.45,,,,,,,,,,,,,,,,,,,,,
Dakar,Senegal,"1,278,469",Balanced,Best Area,43.0,2.8,70%,123%,45.8,-22.7,2,Other,,14.69,-17.45,,,,,,,,,,,,,,,,,,,,,
Dakar,Senegal,"1,278,469",Destination,City Wide,42.1,10.9,74%,121%,54.7,-16.2,2,Other,,14.69,-17.45,,,,,,,,,,,,,,,,,,,,,
Dakar,Senegal,"1,278,469",Destination,Best Area,53.0,3.5,70%,123%,56.5,-22.7,2,Other,,14.69,-17.45,,,,,,,,,,,,,,,,,,,,,
Kharkiv,Ukraine,"1,400,000",Infrastructure,City Wide,26.9,9.5,81%,116%,35.7,-11.9,54,EU,,49.99,36.23,,,,,,,,,,,,,,,,,,,,,
Kharkiv,Ukraine,"1,400,000",Infrastructure,Best Area,36.4,15.5,85%,116%,51.9,-13.3,83,EU,,49.99,36.23,,,,,,,,,,,,,,,,,,,,,
Kharkiv,Ukraine,"1,400,000",Balanced,City Wide,33.4,9.6,81%,116%,41.5,-11.9,54,EU,,49.99,36.23,,,,,,,,,,,,,,,,,,,,,
Kharkiv,Ukraine,"1,400,000",Balanced,Best Area,43.0,13.9,85%,116%,56.9,-13.3,83,EU,,49.99,36.23,,,,,,,,,,,,,,,,,,,,,
Kharkiv,Ukraine,"1,400,000",Destination,City Wide,38.8,10.9,81%,116%,52.1,-11.9,54,EU,,49.99,36.23,,,,,,,,,,,,,,,,,,,,,
Kharkiv,Ukraine,"1,400,000",Destination,Best Area,49.7,12.0,85%,116%,61.7,-13.3,83,EU,,49.99,36.23,,,,,,,,,,,,,,,,,,,,,
Trujillo,Peru,"914,000",Infrastructure,City Wide,18.4,14.4,84%,114%,34.3,-6.4,4,Other,,-8.06,-78.88,,,,,,,,,,,,,,,,,,,,,
Trujillo,Peru,"914,000",Infrastructure,Best Area,32.8,7.1,76%,119%,39.9,-18.5,7,Other,,-8.06,-78.88,,,,,,,,,,,,,,,,,,,,,
Trujillo,Peru,"914,000",Balanced,City Wide,21.8,21.2,84%,114%,47.4,-6.4,4,Other,,-8.06,-78.88,,,,,,,,,,,,,,,,,,,,,
Trujillo,Peru,"914,000",Balanced,Best Area,43.0,9.4,76%,119%,52.4,-18.5,7,Other,,-8.06,-78.88,,,,,,,,,,,,,,,,,,,,,
Trujillo,Peru,"914,000",Destination,City Wide,24.8,26.5,84%,114%,57.3,-6.4,4,Other,,-8.06,-78.88,,,,,,,,,,,,,,,,,,,,,
Trujillo,Peru,"914,000",Destination,Best Area,51.3,11.3,76%,119%,62.6,-18.5,7,Other,,-8.06,-78.88,,,,,,,,,,,,,,,,,,,,,
Culiacan Rosales,Mexico,"1,003,530",Infrastructure,City Wide,36.0,6.8,99%,100%,43.0,-0.3,10,NA,,24.81,-107.40,,,,,,,,,,,,,,,,,,,,,
Culiacan Rosales,Mexico,"1,003,530",Infrastructure,Best Area,42.8,2.3,100%,100%,45.1,-0.2,18,NA,,24.81,-107.40,,,,,,,,,,,,,,,,,,,,,
Culiacan Rosales,Mexico,"1,003,530",Balanced,City Wide,36.2,6.7,99%,100%,43.2,-0.3,10,NA,,24.81,-107.40,,,,,,,,,,,,,,,,,,,,,
Culiacan Rosales,Mexico,"1,003,530",Balanced,Best Area,42.9,2.2,100%,100%,45.1,-0.2,18,NA,,24.81,-107.40,,,,,,,,,,,,,,,,,,,,,
Culiacan Rosales,Mexico,"1,003,530",Destination,City Wide,36.3,6.7,99%,100%,43.6,-0.3,10,NA,,24.81,-107.40,,,,,,,,,,,,,,,,,,,,,
Culiacan Rosales,Mexico,"1,003,530",Destination,Best Area,43.0,2.1,100%,100%,45.1,-0.2,18,NA,,24.81,-107.40,,,,,,,,,,,,,,,,,,,,,
Tegucigalpa,Honduras,"1,326,460",Infrastructure,City Wide,26.7,7.7,82%,115%,35.4,-10.6,9,NA,,14.11,-87.20,,,,,,,,,,,,,,,,,,,,,
Tegucigalpa,Honduras,"1,326,460",Infrastructure,Best Area,34.4,2.4,80%,117%,36.8,-15.8,15,NA,,14.11,-87.20,,,,,,,,,,,,,,,,,,,,,
Tegucigalpa,Honduras,"1,326,460",Balanced,City Wide,32.4,10.4,82%,115%,43.9,-10.6,9,NA,,14.11,-87.20,,,,,,,,,,,,,,,,,,,,,
Tegucigalpa,Honduras,"1,326,460",Balanced,Best Area,42.8,2.2,80%,117%,45.0,-15.8,15,NA,,14.11,-87.20,,,,,,,,,,,,,,,,,,,,,
Tegucigalpa,Honduras,"1,326,460",Destination,City Wide,37.3,12.9,82%,115%,51.4,-10.6,9,NA,,14.11,-87.20,,,,,,,,,,,,,,,,,,,,,
Tegucigalpa,Honduras,"1,326,460",Destination,Best Area,50.2,1.8,80%,117%,52.0,-15.8,15,NA,,14.11,-87.20,,,,,,,,,,,,,,,,,,,,,
Almaty,Kazakhstan,"2,341,900",Infrastructure,City Wide,26.8,12.8,97%,103%,40.1,-1.7,5,Other,,43.24,76.95,,,,,,,,,,,,,,,,,,,,,
Almaty,Kazakhstan,"2,341,900",Infrastructure,Best Area,39.6,9.5,93%,109%,49.1,-7.1,31,Other,,43.24,76.95,,,,,,,,,,,,,,,,,,,,,
Almaty,Kazakhstan,"2,341,900",Balanced,City Wide,27.7,15.1,97%,103%,46.4,-1.7,5,Other,,43.24,76.95,,,,,,,,,,,,,,,,,,,,,
Almaty,Kazakhstan,"2,341,900",Balanced,Best Area,42.8,11.6,93%,109%,54.4,-7.1,31,Other,,43.24,76.95,,,,,,,,,,,,,,,,,,,,,
Almaty,Kazakhstan,"2,341,900",Destination,City Wide,28.5,18.2,97%,103%,51.6,-1.7,5,Other,,43.24,76.95,,,,,,,,,,,,,,,,,,,,,
Almaty,Kazakhstan,"2,341,900",Destination,Best Area,46.7,13.0,93%,109%,59.7,-7.1,31,Other,,43.24,76.95,,,,,,,,,,,,,,,,,,,,,
Dali City,China,"771,128",Infrastructure,City Wide,23.6,24.4,102%,97%,49.0,1.3,3,Other,,25.60,100.25,,,,,,,,,,,,,,,,,,,,,
Dali City,China,"771,128",Infrastructure,Best Area,48.0,3.4,112%,87%,51.4,10.8,31,Other,,25.60,100.25,,,,,,,,,,,,,,,,,,,,,
Dali City,China,"771,128",Balanced,City Wide,23.1,19.7,102%,97%,43.8,1.3,3,Other,,25.60,100.25,,,,,,,,,,,,,,,,,,,,,
Dali City,China,"771,128",Balanced,Best Area,42.8,3.2,112%,87%,46.0,10.8,31,Other,,25.60,100.25,,,,,,,,,,,,,,,,,,,,,
Dali City,China,"771,128",Destination,City Wide,22.3,14.9,102%,97%,38.0,1.3,3,Other,,25.60,100.25,,,,,,,,,,,,,,,,,,,,,
Dali City,China,"771,128",Destination,Best Area,37.2,2.7,112%,87%,39.9,10.8,36,Other,,25.60,100.25,,,,,,,,,,,,,,,,,,,,,
Fukuoka,Japan,"1,612,392",Infrastructure,City Wide,27.0,6.1,83%,114%,33.7,-10.1,4,Other,,33.59,130.40,,,,,,,,,,,,,,,,,,,,,
Fukuoka,Japan,"1,612,392",Infrastructure,Best Area,33.1,1.6,78%,119%,34.7,-17.6,4,Other,,33.59,130.40,,,,,,,,,,,,,,,,,,,,,
Fukuoka,Japan,"1,612,392",Balanced,City Wide,32.5,10.1,83%,114%,43.5,-10.1,3,Other,,33.59,130.40,,,,,,,,,,,,,,,,,,,,,
Fukuoka,Japan,"1,612,392",Balanced,Best Area,42.6,5.5,78%,119%,48.1,-17.6,4,Other,,33.59,130.40,,,,,,,,,,,,,,,,,,,,,
Fukuoka,Japan,"1,612,392",Destination,City Wide,37.1,13.6,83%,114%,52.5,-10.1,3,Other,,33.59,130.40,,,,,,,,,,,,,,,,,,,,,
Fukuoka,Japan,"1,612,392",Destination,Best Area,50.7,8.6,78%,119%,59.3,-17.6,4,Other,,33.59,130.40,,,,,,,,,,,,,,,,,,,,,
Carroll,IA,"10,261",Infrastructure,City Wide,44.4,3.4,111%,88%,47.9,9.4,17,NA,,42.07,-94.87,,,,,,,,,,,,,,,,,,,,,
Carroll,IA,"10,261",Infrastructure,Best Area,47.8,0.6,112%,86%,48.4,11.2,53,NA,,42.07,-94.87,,,,,,,,,,,,,,,,,,,,,
Carroll,IA,"10,261",Balanced,City Wide,39.9,2.6,111%,88%,42.6,9.4,17,NA,,42.07,-94.87,,,,,,,,,,,,,,,,,,,,,
Carroll,IA,"10,261",Balanced,Best Area,42.5,0.7,112%,86%,43.2,11.2,53,NA,,42.07,-94.87,,,,,,,,,,,,,,,,,,,,,
Carroll,IA,"10,261",Destination,City Wide,35.0,1.6,111%,88%,36.6,9.4,17,NA,,42.07,-94.87,,,,,,,,,,,,,,,,,,,,,
Carroll,IA,"10,261",Destination,Best Area,36.6,0.6,112%,86%,37.2,11.2,53,NA,,42.07,-94.87,,,,,,,,,,,,,,,,,,,,,
Beirut,Lebanon,"433,000",Infrastructure,City Wide,28.5,3.1,72%,122%,31.7,-20.0,2,Other,,33.89,35.50,,,,,,,,,,,,,,,,,,,,,
Beirut,Lebanon,"433,000",Infrastructure,Best Area,31.6,0.5,74%,122%,32.1,-20.4,2,Other,,33.89,35.50,,,,,,,,,,,,,,,,,,,,,
Beirut,Lebanon,"433,000",Balanced,City Wide,39.7,2.8,72%,122%,42.6,-20.0,2,Other,,33.89,35.50,,,,,,,,,,,,,,,,,,,,,
Beirut,Lebanon,"433,000",Balanced,Best Area,42.5,1.8,74%,122%,44.3,-20.4,2,Other,,33.89,35.50,,,,,,,,,,,,,,,,,,,,,
Beirut,Lebanon,"433,000",Destination,City Wide,48.5,3.5,72%,122%,52.1,-20.0,2,Other,,33.89,35.50,,,,,,,,,,,,,,,,,,,,,
Beirut,Lebanon,"433,000",Destination,Best Area,52.0,2.4,74%,122%,54.4,-20.4,2,Other,,33.89,35.50,,,,,,,,,,,,,,,,,,,,,
Guatemala City,Guatemala,"1,188,713",Infrastructure,City Wide,19.5,14.0,77%,118%,36.8,-10.5,17,NA,,14.64,-90.51,,,,,,,,,,,,,,,,,,,,,
Guatemala City,Guatemala,"1,188,713",Infrastructure,Best Area,33.5,5.5,79%,117%,39.0,-16.4,55,NA,,14.64,-90.51,,,,,,,,,,,,,,,,,,,,,
Guatemala City,Guatemala,"1,188,713",Balanced,City Wide,25.4,17.1,77%,118%,46.3,-10.5,16,NA,,14.64,-90.51,,,,,,,,,,,,,,,,,,,,,
Guatemala City,Guatemala,"1,188,713",Balanced,Best Area,42.5,7.1,79%,117%,49.6,-16.4,55,NA,,14.64,-90.51,,,,,,,,,,,,,,,,,,,,,
Guatemala City,Guatemala,"1,188,713",Destination,City Wide,30.0,19.9,77%,118%,54.3,-10.5,16,NA,,14.64,-90.51,,,,,,,,,,,,,,,,,,,,,
Guatemala City,Guatemala,"1,188,713",Destination,Best Area,49.9,8.6,79%,117%,58.5,-16.4,55,NA,,14.64,-90.51,,,,,,,,,,,,,,,,,,,,,
Hartford,CT,"122,129",Infrastructure,City Wide,33.3,11.0,99%,101%,47.3,-0.7,34,NA,,41.76,-72.69,,,,,,,,,,,,,,,,,,,,,
Hartford,CT,"122,129",Infrastructure,Best Area,44.3,4.8,105%,96%,49.1,3.7,82,NA,,41.76,-72.69,,,,,,,,,,,,,,,,,,,,,
Hartford,CT,"122,129",Balanced,City Wide,33.6,8.7,99%,101%,44.9,-0.7,34,NA,,41.76,-72.69,,,,,,,,,,,,,,,,,,,,,
Hartford,CT,"122,129",Balanced,Best Area,42.3,3.8,105%,96%,46.1,3.7,82,NA,,41.76,-72.69,,,,,,,,,,,,,,,,,,,,,
Hartford,CT,"122,129",Destination,City Wide,34.0,6.6,99%,101%,42.6,-0.7,34,NA,,41.76,-72.69,,,,,,,,,,,,,,,,,,,,,
Hartford,CT,"122,129",Destination,Best Area,40.6,3.3,105%,96%,43.9,3.7,82,NA,,41.76,-72.69,,,,,,,,,,,,,,,,,,,,,
Pachuca,Mexico,"314,331",Infrastructure,City Wide,26.4,11.4,101%,99%,38.4,0.4,11,NA,,20.10,-98.79,,,,,,,,,,,,,,,,,,,,,
Pachuca,Mexico,"314,331",Infrastructure,Best Area,37.8,1.3,90%,109%,39.1,-8.4,38,NA,,20.10,-98.79,,,,,,,,,,,,,,,,,,,,,
Pachuca,Mexico,"314,331",Balanced,City Wide,26.2,16.0,101%,99%,42.7,0.4,11,NA,,20.10,-98.79,,,,,,,,,,,,,,,,,,,,,
Pachuca,Mexico,"314,331",Balanced,Best Area,42.2,0.9,90%,109%,43.1,-8.4,38,NA,,20.10,-98.79,,,,,,,,,,,,,,,,,,,,,
Pachuca,Mexico,"314,331",Destination,City Wide,26.0,20.2,101%,99%,46.6,0.4,11,NA,,20.10,-98.79,,,,,,,,,,,,,,,,,,,,,
Pachuca,Mexico,"314,331",Destination,Best Area,46.2,1.0,90%,109%,47.2,-8.4,38,NA,,20.10,-98.79,,,,,,,,,,,,,,,,,,,,,
Natal,Brazil,"800,000",Infrastructure,City Wide,28.7,9.2,89%,111%,38.4,-7.0,12,Other,,-5.81,-35.21,,,,,,,,,,,,,,,,,,,,,
Natal,Brazil,"800,000",Infrastructure,Best Area,37.9,6.5,90%,110%,44.4,-8.3,35,Other,,-5.81,-35.21,,,,,,,,,,,,,,,,,,,,,
Natal,Brazil,"800,000",Balanced,City Wide,32.3,9.8,89%,111%,43.6,-7.0,12,Other,,-5.81,-35.21,,,,,,,,,,,,,,,,,,,,,
Natal,Brazil,"800,000",Balanced,Best Area,42.1,4.1,90%,110%,46.2,-8.3,35,Other,,-5.81,-35.21,,,,,,,,,,,,,,,,,,,,,
Natal,Brazil,"800,000",Destination,City Wide,35.7,10.5,89%,111%,48.0,-7.0,12,Other,,-5.81,-35.21,,,,,,,,,,,,,,,,,,,,,
Natal,Brazil,"800,000",Destination,Best Area,46.2,4.0,90%,110%,50.2,-8.3,35,Other,,-5.81,-35.21,,,,,,,,,,,,,,,,,,,,,
Ouagadougou,Burkina Faso,"3,689,330",Infrastructure,City Wide,33.0,7.6,104%,96%,42.0,2.6,1,Other,,12.37,-1.53,,,,,,,,,,,,,,,,,,,,,
Ouagadougou,Burkina Faso,"3,689,330",Infrastructure,Best Area,40.6,5.1,97%,104%,45.7,-2.9,4,Other,,12.37,-1.53,,,,,,,,,,,,,,,,,,,,,
Ouagadougou,Burkina Faso,"3,689,330",Balanced,City Wide,31.8,10.2,104%,96%,45.3,2.6,1,Other,,12.37,-1.53,,,,,,,,,,,,,,,,,,,,,
Ouagadougou,Burkina Faso,"3,689,330",Balanced,Best Area,42.0,8.2,97%,104%,50.2,-2.9,4,Other,,12.37,-1.53,,,,,,,,,,,,,,,,,,,,,
Ouagadougou,Burkina Faso,"3,689,330",Destination,City Wide,30.4,13.1,104%,96%,47.5,2.6,1,Other,,12.37,-1.53,,,,,,,,,,,,,,,,,,,,,
Ouagadougou,Burkina Faso,"3,689,330",Destination,Best Area,43.5,10.8,97%,104%,54.3,-2.9,4,Other,,12.37,-1.53,,,,,,,,,,,,,,,,,,,,,
Boa Vista*,Brazil,"413,486",Infrastructure,City Wide,25.7,14.4,94%,105%,43.7,-3.0,27,Other,,2.82,-60.67,,,,,,,,,,,,,,,,,,,,,
Boa Vista*,Brazil,"413,486",Infrastructure,Best Area,40.1,3.6,95%,104%,43.7,-3.7,27,Other,,2.82,-60.67,,,,,,,,,,,,,,,,,,,,,
Boa Vista*,Brazil,"413,486",Balanced,City Wide,27.4,14.6,94%,105%,45.7,-3.0,27,Other,,2.82,-60.67,,,,,,,,,,,,,,,,,,,,,
Boa Vista*,Brazil,"413,486",Balanced,Best Area,42.0,3.7,95%,104%,45.7,-3.7,27,Other,,2.82,-60.67,,,,,,,,,,,,,,,,,,,,,
Boa Vista*,Brazil,"413,486",Destination,City Wide,28.7,15.1,94%,105%,47.6,-3.0,27,Other,,2.82,-60.67,,,,,,,,,,,,,,,,,,,,,
Boa Vista*,Brazil,"413,486",Destination,Best Area,43.8,3.8,95%,104%,47.6,-3.7,27,Other,,2.82,-60.67,,,,,,,,,,,,,,,,,,,,,
Istanbul*,Turkey,"15,701,602",Infrastructure,City Wide,22.0,11.7,88%,111%,35.3,-5.7,5,EU,,41.07,29.05,,,,,,,,,,,,,,,,,,,,,
Istanbul*,Turkey,"15,701,602",Infrastructure,Best Area,33.7,8.4,80%,117%,42.1,-15.5,28,EU,,41.07,29.05,,,,,,,,,,,,,,,,,,,,,
Istanbul*,Turkey,"15,701,602",Balanced,City Wide,25.0,17.0,88%,111%,43.5,-5.7,5,EU,,41.07,29.05,,,,,,,,,,,,,,,,,,,,,
Istanbul*,Turkey,"15,701,602",Balanced,Best Area,42.0,12.0,80%,117%,54.0,-15.5,28,EU,,41.07,29.05,,,,,,,,,,,,,,,,,,,,,
Istanbul*,Turkey,"15,701,602",Destination,City Wide,27.7,21.5,88%,111%,53.2,-5.7,5,EU,,41.07,29.05,,,,,,,,,,,,,,,,,,,,,
Istanbul*,Turkey,"15,701,602",Destination,Best Area,49.2,18.2,80%,117%,67.4,-15.5,28,EU,,41.07,29.05,,,,,,,,,,,,,,,,,,,,,
Hoi An,Vietnam,"81,021",Infrastructure,City Wide,28.9,3.9,74%,121%,32.9,-18.0,9,Other,,15.88,108.33,,,,,,,,,,,,,,,,,,,,,
Hoi An,Vietnam,"81,021",Infrastructure,Best Area,32.8,0.7,78%,118%,33.5,-16.7,9,Other,,15.88,108.33,,,,,,,,,,,,,,,,,,,,,
Hoi An,Vietnam,"81,021",Balanced,City Wide,38.9,3.0,74%,121%,42.2,-18.0,9,Other,,15.88,108.33,,,,,,,,,,,,,,,,,,,,,
Hoi An,Vietnam,"81,021",Balanced,Best Area,41.9,0.3,78%,118%,42.2,-16.7,9,Other,,15.88,108.33,,,,,,,,,,,,,,,,,,,,,
Hoi An,Vietnam,"81,021",Destination,City Wide,46.9,2.6,74%,121%,49.5,-18.0,9,Other,,15.88,108.33,,,,,,,,,,,,,,,,,,,,,
Hoi An,Vietnam,"81,021",Destination,Best Area,49.5,0.5,78%,118%,50.0,-16.7,9,Other,,15.88,108.33,,,,,,,,,,,,,,,,,,,,,
Madison,AL,"58,335",Infrastructure,City Wide,36.1,8.3,104%,96%,44.5,3.0,24,NA,,34.69,-86.75,,,,,,,,,,,,,,,,,,,,,
Madison,AL,"58,335",Infrastructure,Best Area,44.4,0.7,106%,95%,45.1,4.5,72,NA,,34.69,-86.75,,,,,,,,,,,,,,,,,,,,,
Madison,AL,"58,335",Balanced,City Wide,34.6,7.3,104%,96%,42.4,3.0,24,NA,,34.69,-86.75,,,,,,,,,,,,,,,,,,,,,
Madison,AL,"58,335",Balanced,Best Area,41.9,1.2,106%,95%,43.1,4.5,72,NA,,34.69,-86.75,,,,,,,,,,,,,,,,,,,,,
Madison,AL,"58,335",Destination,City Wide,33.1,6.8,104%,96%,40.6,3.0,24,NA,,34.69,-86.75,,,,,,,,,,,,,,,,,,,,,
Madison,AL,"58,335",Destination,Best Area,39.9,1.4,106%,95%,41.3,4.5,72,NA,,34.69,-86.75,,,,,,,,,,,,,,,,,,,,,
David,Panama,"82,907",Infrastructure,City Wide,29.2,4.3,76%,120%,34.7,-16.9,94,NA,,8.44,-82.43,,,,,,,,,,,,,,,,,,,,,
David,Panama,"82,907",Infrastructure,Best Area,33.5,1.9,80%,117%,35.4,-15.3,94,NA,,8.44,-82.43,,,,,,,,,,,,,,,,,,,,,
David,Panama,"82,907",Balanced,City Wide,38.5,3.3,76%,120%,42.5,-16.9,94,NA,,8.44,-82.43,,,,,,,,,,,,,,,,,,,,,
David,Panama,"82,907",Balanced,Best Area,41.8,1.0,80%,117%,42.8,-15.3,94,NA,,8.44,-82.43,,,,,,,,,,,,,,,,,,,,,
David,Panama,"82,907",Destination,City Wide,46.1,2.7,76%,120%,49.2,-16.9,94,NA,,8.44,-82.43,,,,,,,,,,,,,,,,,,,,,
David,Panama,"82,907",Destination,Best Area,48.8,0.4,80%,117%,49.2,-15.3,94,NA,,8.44,-82.43,,,,,,,,,,,,,,,,,,,,,
Vila Nova de Gaia,Portugal,"300,000",Infrastructure,City Wide,26.5,15.0,91%,107%,42.8,-4.8,13,EU,,41.13,-8.61,,,,,,,,,,,,,,,,,,,,,
Vila Nova de Gaia,Portugal,"300,000",Infrastructure,Best Area,41.5,3.0,99%,104%,44.5,-1.8,55,EU,,41.13,-8.61,,,,,,,,,,,,,,,,,,,,,
Vila Nova de Gaia,Portugal,"300,000",Balanced,City Wide,29.2,12.6,91%,107%,42.5,-4.8,13,EU,,41.13,-8.61,,,,,,,,,,,,,,,,,,,,,
Vila Nova de Gaia,Portugal,"300,000",Balanced,Best Area,41.8,4.2,99%,104%,46.0,-1.8,55,EU,,41.13,-8.61,,,,,,,,,,,,,,,,,,,,,
Vila Nova de Gaia,Portugal,"300,000",Destination,City Wide,31.3,12.0,91%,107%,44.7,-4.8,13,EU,,41.13,-8.61,,,,,,,,,,,,,,,,,,,,,
Vila Nova de Gaia,Portugal,"300,000",Destination,Best Area,43.3,5.0,99%,104%,48.3,-1.8,55,EU,,41.13,-8.61,,,,,,,,,,,,,,,,,,,,,
Greensboro,NC,"298,564",Infrastructure,City Wide,24.8,16.5,95%,103%,42.3,-2.0,29,NA,,36.07,-79.79,,,,,,,,,,,,,,,,,,,,,
Greensboro,NC,"298,564",Infrastructure,Best Area,41.3,4.3,99%,102%,45.6,-1.2,79,NA,,36.07,-79.79,,,,,,,,,,,,,,,,,,,,,
Greensboro,NC,"298,564",Balanced,City Wide,26.0,15.8,95%,103%,42.7,-2.0,29,NA,,36.07,-79.79,,,,,,,,,,,,,,,,,,,,,
Greensboro,NC,"298,564",Balanced,Best Area,41.8,4.0,99%,102%,45.8,-1.2,79,NA,,36.07,-79.79,,,,,,,,,,,,,,,,,,,,,
Greensboro,NC,"298,564",Destination,City Wide,26.8,15.7,95%,103%,44.0,-2.0,29,NA,,36.07,-79.79,,,,,,,,,,,,,,,,,,,,,
Greensboro,NC,"298,564",Destination,Best Area,42.5,5.5,99%,102%,48.0,-1.2,79,NA,,36.07,-79.79,,,,,,,,,,,,,,,,,,,,,
Louisville,KY,"627,210",Infrastructure,City Wide,23.3,19.3,97%,101%,43.8,-0.9,13,NA,,38.25,-85.76,,,,,,,,,,,,,,,,,,,,,
Louisville,KY,"627,210",Infrastructure,Best Area,42.6,22.3,102%,98%,64.9,1.5,31,NA,,38.25,-85.76,,,,,,,,,,,,,,,,,,,,,
Louisville,KY,"627,210",Balanced,City Wide,23.9,17.9,97%,101%,45.0,-0.9,13,NA,,38.25,-85.76,,,,,,,,,,,,,,,,,,,,,
Louisville,KY,"627,210",Balanced,Best Area,41.8,13.3,102%,98%,55.1,1.5,32,NA,,38.25,-85.76,,,,,,,,,,,,,,,,,,,,,
Louisville,KY,"627,210",Destination,City Wide,24.2,16.9,97%,101%,45.5,-0.9,13,NA,,38.25,-85.76,,,,,,,,,,,,,,,,,,,,,
Louisville,KY,"627,210",Destination,Best Area,41.1,9.9,102%,98%,51.0,1.5,33,NA,,38.25,-85.76,,,,,,,,,,,,,,,,,,,,,
Tbilisi,Georgia,"1,089,860",Infrastructure,City Wide,24.0,8.9,85%,113%,32.3,-7.9,27,EU,,41.69,44.80,,,,,,,,,,,,,,,,,,,,,
Tbilisi,Georgia,"1,089,860",Infrastructure,Best Area,32.9,9.8,79%,118%,42.7,-16.4,60,EU,,41.69,44.80,,,,,,,,,,,,,,,,,,,,,
Tbilisi,Georgia,"1,089,860",Balanced,City Wide,28.3,13.4,85%,113%,43.9,-7.9,27,EU,,41.69,44.80,,,,,,,,,,,,,,,,,,,,,
Tbilisi,Georgia,"1,089,860",Balanced,Best Area,41.7,13.4,79%,118%,55.1,-16.4,60,EU,,41.69,44.80,,,,,,,,,,,,,,,,,,,,,
Tbilisi,Georgia,"1,089,860",Destination,City Wide,31.9,17.4,85%,113%,53.2,-7.9,27,EU,,41.69,44.80,,,,,,,,,,,,,,,,,,,,,
Tbilisi,Georgia,"1,089,860",Destination,Best Area,49.3,16.0,79%,118%,65.3,-16.4,60,EU,,41.69,44.80,,,,,,,,,,,,,,,,,,,,,
Siem Reap,Cambodia,"139,458",Infrastructure,City Wide,25.7,15.0,104%,94%,42.3,2.5,15,Other,,13.29,103.80,,,,,,,,,,,,,,,,,,,,,
Siem Reap,Cambodia,"139,458",Infrastructure,Best Area,40.7,3.6,98%,105%,44.3,-3.2,62,Other,,13.29,103.80,,,,,,,,,,,,,,,,,,,,,
Siem Reap,Cambodia,"139,458",Balanced,City Wide,24.7,17.0,104%,94%,42.3,2.5,10,Other,,13.29,103.80,,,,,,,,,,,,,,,,,,,,,
Siem Reap,Cambodia,"139,458",Balanced,Best Area,41.7,4.8,98%,105%,46.5,-3.2,62,Other,,13.29,103.80,,,,,,,,,,,,,,,,,,,,,
Siem Reap,Cambodia,"139,458",Destination,City Wide,23.2,20.7,104%,94%,47.8,2.5,9,Other,,13.29,103.80,,,,,,,,,,,,,,,,,,,,,
Siem Reap,Cambodia,"139,458",Destination,Best Area,43.9,6.6,98%,105%,50.5,-3.2,62,Other,,13.29,103.80,,,,,,,,,,,,,,,,,,,,,
Santa Cruz de la Sierra,Bolivia,"1,606,671",Infrastructure,City Wide,24.5,9.1,90%,109%,40.0,-5.1,21,Other,,-17.78,-63.18,,,,,,,,,,,,,,,,,,,,,
Santa Cruz de la Sierra,Bolivia,"1,606,671",Infrastructure,Best Area,33.6,9.6,81%,117%,43.2,-15.1,77,Other,,-17.78,-63.18,,,,,,,,,,,,,,,,,,,,,
Santa Cruz de la Sierra,Bolivia,"1,606,671",Balanced,City Wide,27.2,14.4,90%,109%,50.3,-5.1,21,Other,,-17.78,-63.18,,,,,,,,,,,,,,,,,,,,,
Santa Cruz de la Sierra,Bolivia,"1,606,671",Balanced,Best Area,41.6,12.7,81%,117%,54.3,-15.1,77,Other,,-17.78,-63.18,,,,,,,,,,,,,,,,,,,,,
Santa Cruz de la Sierra,Bolivia,"1,606,671",Destination,City Wide,29.6,19.1,90%,109%,58.8,-5.1,21,Other,,-17.78,-63.18,,,,,,,,,,,,,,,,,,,,,
Santa Cruz de la Sierra,Bolivia,"1,606,671",Destination,Best Area,48.7,14.9,81%,117%,63.6,-15.1,77,Other,,-17.78,-63.18,,,,,,,,,,,,,,,,,,,,,
Fort Worth,TX,"941,311",Infrastructure,City Wide,26.8,17.8,101%,98%,47.7,0.7,29,NA,,32.75,-97.33,,,,,,,,,,,,,,,,,,,,,
Fort Worth,TX,"941,311",Infrastructure,Best Area,44.6,13.2,107%,94%,57.8,5.7,29,NA,,32.75,-97.33,,,,,,,,,,,,,,,,,,,,,
Fort Worth,TX,"941,311",Balanced,City Wide,26.5,15.0,101%,98%,45.4,0.7,29,NA,,32.75,-97.33,,,,,,,,,,,,,,,,,,,,,
Fort Worth,TX,"941,311",Balanced,Best Area,41.5,11.7,107%,94%,53.2,5.7,29,NA,,32.75,-97.33,,,,,,,,,,,,,,,,,,,,,
Fort Worth,TX,"941,311",Destination,City Wide,26.1,12.8,101%,98%,40.6,0.7,29,NA,,32.75,-97.33,,,,,,,,,,,,,,,,,,,,,
Fort Worth,TX,"941,311",Destination,Best Area,38.9,11.0,107%,94%,49.9,5.7,29,NA,,32.75,-97.33,,,,,,,,,,,,,,,,,,,,,
Quito,Ecuador,"2,800,388",Infrastructure,City Wide,21.7,14.4,89%,108%,38.6,-4.6,10,Other,,-0.17,-78.50,,,,,,,,,,,,,,,,,,,,,
Quito,Ecuador,"2,800,388",Infrastructure,Best Area,36.1,15.7,87%,113%,51.8,-11.0,28,Other,,-0.17,-78.50,,,,,,,,,,,,,,,,,,,,,
Quito,Ecuador,"2,800,388",Balanced,City Wide,24.3,17.2,89%,108%,44.5,-4.6,10,Other,,-0.17,-78.50,,,,,,,,,,,,,,,,,,,,,
Quito,Ecuador,"2,800,388",Balanced,Best Area,41.5,17.3,87%,113%,58.8,-11.0,28,Other,,-0.17,-78.50,,,,,,,,,,,,,,,,,,,,,
Quito,Ecuador,"2,800,388",Destination,City Wide,26.3,20.8,89%,108%,51.3,-4.6,10,Other,,-0.17,-78.50,,,,,,,,,,,,,,,,,,,,,
Quito,Ecuador,"2,800,388",Destination,Best Area,47.1,19.4,87%,113%,66.5,-11.0,28,Other,,-0.17,-78.50,,,,,,,,,,,,,,,,,,,,,
Paramaribo,Suriname,"252,581",Infrastructure,City Wide,31.9,0.8,78%,118%,32.7,-16.3,27,Other,,5.82,-55.17,,,,,,,,,,,,,,,,,,,,,
Paramaribo,Suriname,"252,581",Infrastructure,Best Area,32.7,0.1,79%,119%,32.8,-16.4,27,Other,,5.82,-55.17,,,,,,,,,,,,,,,,,,,,,
Paramaribo,Suriname,"252,581",Balanced,City Wide,40.8,0.6,78%,118%,41.4,-16.3,27,Other,,5.82,-55.17,,,,,,,,,,,,,,,,,,,,,
Paramaribo,Suriname,"252,581",Balanced,Best Area,41.4,0.2,79%,119%,41.6,-16.4,27,Other,,5.82,-55.17,,,,,,,,,,,,,,,,,,,,,
Paramaribo,Suriname,"252,581",Destination,City Wide,48.2,0.9,78%,118%,49.1,-16.3,27,Other,,5.82,-55.17,,,,,,,,,,,,,,,,,,,,,
Paramaribo,Suriname,"252,581",Destination,Best Area,49.1,0.3,79%,119%,49.4,-16.4,27,Other,,5.82,-55.17,,,,,,,,,,,,,,,,,,,,,
Cuenca,Ecuador,"329,928",Infrastructure,City Wide,14.8,20.7,90%,110%,49.6,-3.4,21,Other,,-2.87,-79.19,,,,,,,,,,,,,,,,,,,,,
Cuenca,Ecuador,"329,928",Infrastructure,Best Area,35.5,19.0,86%,113%,54.5,-11.4,53,Other,,-2.87,-79.19,,,,,,,,,,,,,,,,,,,,,
Cuenca,Ecuador,"329,928",Balanced,City Wide,16.5,24.9,90%,110%,59.1,-3.4,21,Other,,-2.87,-79.19,,,,,,,,,,,,,,,,,,,,,
Cuenca,Ecuador,"329,928",Balanced,Best Area,41.4,22.8,86%,113%,64.2,-11.4,53,Other,,-2.87,-79.19,,,,,,,,,,,,,,,,,,,,,
Cuenca,Ecuador,"329,928",Destination,City Wide,18.2,28.7,90%,110%,67.4,-3.4,21,Other,,-2.87,-79.19,,,,,,,,,,,,,,,,,,,,,
Cuenca,Ecuador,"329,928",Destination,Best Area,46.9,25.8,86%,113%,72.7,-11.4,53,Other,,-2.87,-79.19,,,,,,,,,,,,,,,,,,,,,
San Luis Potosi,Mexico,"911,908",Infrastructure,City Wide,19.6,9.9,88%,108%,29.8,-4.6,3,NA,,22.31,-100.93,,,,,,,,,,,,,,,,,,,,,
San Luis Potosi,Mexico,"911,908",Infrastructure,Best Area,29.5,3.9,72%,123%,33.4,-21.0,6,NA,,22.31,-100.93,,,,,,,,,,,,,,,,,,,,,
San Luis Potosi,Mexico,"911,908",Balanced,City Wide,22.4,18.8,88%,108%,42.5,-4.6,3,NA,,22.31,-100.93,,,,,,,,,,,,,,,,,,,,,
San Luis Potosi,Mexico,"911,908",Balanced,Best Area,41.2,6.8,72%,123%,48.0,-21.0,6,NA,,22.31,-100.93,,,,,,,,,,,,,,,,,,,,,
San Luis Potosi,Mexico,"911,908",Destination,City Wide,24.2,26.3,88%,108%,52.5,-4.6,3,NA,,22.31,-100.93,,,,,,,,,,,,,,,,,,,,,
San Luis Potosi,Mexico,"911,908",Destination,Best Area,50.5,8.9,72%,123%,59.4,-21.0,6,NA,,22.31,-100.93,,,,,,,,,,,,,,,,,,,,,
Nara,Japan,"367,353",Infrastructure,City Wide,24.3,9.2,88%,110%,33.3,-6.3,40,Other,,34.68,135.80,,,,,,,,,,,,,,,,,,,,,
Nara,Japan,"367,353",Infrastructure,Best Area,33.5,4.8,82%,117%,38.3,-14.4,83,Other,,34.68,135.80,,,,,,,,,,,,,,,,,,,,,
Nara,Japan,"367,353",Balanced,City Wide,27.7,13.4,88%,110%,43.4,-6.3,40,Other,,34.68,135.80,,,,,,,,,,,,,,,,,,,,,
Nara,Japan,"367,353",Balanced,Best Area,41.1,4.3,82%,117%,45.4,-14.4,83,Other,,34.68,135.80,,,,,,,,,,,,,,,,,,,,,
Nara,Japan,"367,353",Destination,City Wide,30.6,17.3,88%,110%,52.3,-6.3,40,Other,,34.68,135.80,,,,,,,,,,,,,,,,,,,,,
Nara,Japan,"367,353",Destination,Best Area,47.9,6.9,82%,117%,54.8,-14.4,83,Other,,34.68,135.80,,,,,,,,,,,,,,,,,,,,,
Bandung,Indonesia,"2,500,000",Infrastructure,City Wide,26.6,6.0,83%,115%,33.2,-10.4,10,Other,,-6.92,107.61,,,,,,,,,,,,,,,,,,,,,
Bandung,Indonesia,"2,500,000",Infrastructure,Best Area,32.6,8.7,80%,118%,41.3,-15.7,30,Other,,-6.92,107.61,,,,,,,,,,,,,,,,,,,,,
Bandung,Indonesia,"2,500,000",Balanced,City Wide,32.1,8.9,83%,115%,41.3,-10.4,11,Other,,-6.92,107.61,,,,,,,,,,,,,,,,,,,,,
Bandung,Indonesia,"2,500,000",Balanced,Best Area,41.0,8.4,80%,118%,49.4,-15.7,30,Other,,-6.92,107.61,,,,,,,,,,,,,,,,,,,,,
Bandung,Indonesia,"2,500,000",Destination,City Wide,37.0,11.3,83%,115%,48.5,-10.4,11,Other,,-6.92,107.61,,,,,,,,,,,,,,,,,,,,,
Bandung,Indonesia,"2,500,000",Destination,Best Area,48.3,8.2,80%,118%,56.5,-15.7,30,Other,,-6.92,107.61,,,,,,,,,,,,,,,,,,,,,
Stockton,CA,"320,470",Infrastructure,City Wide,31.0,12.8,101%,98%,43.9,0.8,8,NA,,37.96,-121.29,,,,,,,,,,,,,,,,,,,,,
Stockton,CA,"320,470",Infrastructure,Best Area,43.8,3.1,107%,94%,46.9,5.4,46,NA,,37.96,-121.29,,,,,,,,,,,,,,,,,,,,,
Stockton,CA,"320,470",Balanced,City Wide,30.7,10.3,101%,98%,41.9,0.8,8,NA,,37.96,-121.29,,,,,,,,,,,,,,,,,,,,,
Stockton,CA,"320,470",Balanced,Best Area,41.0,2.7,107%,94%,43.7,5.4,48,NA,,37.96,-121.29,,,,,,,,,,,,,,,,,,,,,
Stockton,CA,"320,470",Destination,City Wide,30.2,8.2,101%,98%,40.2,0.8,8,NA,,37.96,-121.29,,,,,,,,,,,,,,,,,,,,,
Stockton,CA,"320,470",Destination,Best Area,38.4,3.0,107%,94%,41.4,5.4,52,NA,,37.96,-121.29,,,,,,,,,,,,,,,,,,,,,
Memphis,TN,"629,063",Infrastructure,City Wide,27.7,14.6,101%,98%,46.2,0.7,11,NA,,35.15,-90.05,,,,,,,,,,,,,,,,,,,,,
Memphis,TN,"629,063",Infrastructure,Best Area,42.3,13.1,103%,97%,55.4,2.7,32,NA,,35.15,-90.05,,,,,,,,,,,,,,,,,,,,,
Memphis,TN,"629,063",Balanced,City Wide,27.5,13.5,101%,98%,44.6,0.7,11,NA,,35.15,-90.05,,,,,,,,,,,,,,,,,,,,,
Memphis,TN,"629,063",Balanced,Best Area,41.0,7.2,103%,97%,48.2,2.7,32,NA,,35.15,-90.05,,,,,,,,,,,,,,,,,,,,,
Memphis,TN,"629,063",Destination,City Wide,27.0,12.6,101%,98%,42.6,0.7,11,NA,,35.15,-90.05,,,,,,,,,,,,,,,,,,,,,
Memphis,TN,"629,063",Destination,Best Area,39.6,9.8,103%,97%,49.4,2.7,33,NA,,35.15,-90.05,,,,,,,,,,,,,,,,,,,,,
Londrina,Brazil,"575,377",Infrastructure,City Wide,25.9,12.0,94%,106%,39.6,-3.4,13,Other,,-23.31,-51.16,,,,,,,,,,,,,,,,,,,,,
Londrina,Brazil,"575,377",Infrastructure,Best Area,37.9,2.7,93%,107%,40.6,-5.9,33,Other,,-23.31,-51.16,,,,,,,,,,,,,,,,,,,,,
Londrina,Brazil,"575,377",Balanced,City Wide,27.6,13.3,94%,106%,43.1,-3.4,13,Other,,-23.31,-51.16,,,,,,,,,,,,,,,,,,,,,
Londrina,Brazil,"575,377",Balanced,Best Area,40.9,3.0,93%,107%,43.9,-5.9,33,Other,,-23.31,-51.16,,,,,,,,,,,,,,,,,,,,,
Londrina,Brazil,"575,377",Destination,City Wide,29.3,14.5,94%,106%,46.3,-3.4,13,Other,,-23.31,-51.16,,,,,,,,,,,,,,,,,,,,,
Londrina,Brazil,"575,377",Destination,Best Area,43.8,3.2,93%,107%,47.0,-5.9,33,Other,,-23.31,-51.16,,,,,,,,,,,,,,,,,,,,,
Abidjan,Ivory Coast,"6,256,340",Infrastructure,City Wide,21.6,7.3,84%,113%,29.7,-7.3,1,Other,,5.41,-4.04,,,,,,,,,,,,,,,,,,,,,
Abidjan,Ivory Coast,"6,256,340",Infrastructure,Best Area,28.9,3.4,71%,123%,32.3,-21.3,3,Other,,5.41,-4.04,,,,,,,,,,,,,,,,,,,,,
Abidjan,Ivory Coast,"6,256,340",Balanced,City Wide,25.6,15.1,84%,113%,42.5,-7.3,1,Other,,5.41,-4.04,,,,,,,,,,,,,,,,,,,,,
Abidjan,Ivory Coast,"6,256,340",Balanced,Best Area,40.7,6.1,71%,123%,46.8,-21.3,3,Other,,5.41,-4.04,,,,,,,,,,,,,,,,,,,,,
Abidjan,Ivory Coast,"6,256,340",Destination,City Wide,28.9,21.3,84%,113%,52.8,-7.3,1,Other,,5.41,-4.04,,,,,,,,,,,,,,,,,,,,,
Abidjan,Ivory Coast,"6,256,340",Destination,Best Area,50.2,8.8,71%,123%,59.0,-21.3,3,Other,,5.41,-4.04,,,,,,,,,,,,,,,,,,,,,
Uberlandia,Brazil,"699,097",Infrastructure,City Wide,20.0,18.1,99%,103%,42.4,-0.8,11,Other,,-18.92,-48.28,,,,,,,,,,,,,,,,,,,,,
Uberlandia,Brazil,"699,097",Infrastructure,Best Area,38.1,5.1,94%,106%,43.2,-5.2,43,Other,,-18.92,-48.28,,,,,,,,,,,,,,,,,,,,,
Uberlandia,Brazil,"699,097",Balanced,City Wide,20.2,20.5,99%,103%,45.2,-0.8,10,Other,,-18.92,-48.28,,,,,,,,,,,,,,,,,,,,,
Uberlandia,Brazil,"699,097",Balanced,Best Area,40.7,6.5,94%,106%,47.2,-5.2,43,Other,,-18.92,-48.28,,,,,,,,,,,,,,,,,,,,,
Uberlandia,Brazil,"699,097",Destination,City Wide,20.8,22.5,99%,103%,47.3,-0.8,10,Other,,-18.92,-48.28,,,,,,,,,,,,,,,,,,,,,
Uberlandia,Brazil,"699,097",Destination,Best Area,43.3,7.7,94%,106%,51.0,-5.2,43,Other,,-18.92,-48.28,,,,,,,,,,,,,,,,,,,,,
Maceio,Brazil,"1,000,000",Infrastructure,City Wide,27.4,12.4,99%,101%,42.6,-0.6,5,Other,,-9.65,-35.73,,,,,,,,,,,,,,,,,,,,,
Maceio,Brazil,"1,000,000",Infrastructure,Best Area,39.8,9.7,98%,104%,49.5,-2.4,29,Other,,-9.65,-35.73,,,,,,,,,,,,,,,,,,,,,
Maceio,Brazil,"1,000,000",Balanced,City Wide,27.6,13.0,99%,101%,45.6,-0.6,5,Other,,-9.65,-35.73,,,,,,,,,,,,,,,,,,,,,
Maceio,Brazil,"1,000,000",Balanced,Best Area,40.6,8.3,98%,104%,48.9,-2.4,29,Other,,-9.65,-35.73,,,,,,,,,,,,,,,,,,,,,
Maceio,Brazil,"1,000,000",Destination,City Wide,28.0,14.2,99%,101%,48.2,-0.6,5,Other,,-9.65,-35.73,,,,,,,,,,,,,,,,,,,,,
Maceio,Brazil,"1,000,000",Destination,Best Area,42.2,7.9,98%,104%,50.1,-2.4,29,Other,,-9.65,-35.73,,,,,,,,,,,,,,,,,,,,,
Oxnard,CA,"201,014",Infrastructure,City Wide,40.0,2.7,106%,93%,43.0,4.7,26,NA,,34.20,-119.18,,,,,,,,,,,,,,,,,,,,,
Oxnard,CA,"201,014",Infrastructure,Best Area,42.7,1.6,105%,96%,44.3,3.7,61,NA,,34.20,-119.18,,,,,,,,,,,,,,,,,,,,,
Oxnard,CA,"201,014",Balanced,City Wide,37.8,2.7,106%,93%,40.6,4.7,26,NA,,34.20,-119.18,,,,,,,,,,,,,,,,,,,,,
Oxnard,CA,"201,014",Balanced,Best Area,40.5,0.8,105%,96%,41.3,3.7,61,NA,,34.20,-119.18,,,,,,,,,,,,,,,,,,,,,
Oxnard,CA,"201,014",Destination,City Wide,35.3,3.7,106%,93%,39.2,4.7,26,NA,,34.20,-119.18,,,,,,,,,,,,,,,,,,,,,
Oxnard,CA,"201,014",Destination,Best Area,39.0,0.9,105%,96%,39.9,3.7,61,NA,,34.20,-119.18,,,,,,,,,,,,,,,,,,,,,
San Salvador,El Salvador,"330,543",Infrastructure,City Wide,25.1,5.8,74%,120%,30.9,-15.6,47,NA,,13.70,-89.19,,,,,,,,,,,,,,,,,,,,,
San Salvador,El Salvador,"330,543",Infrastructure,Best Area,30.9,5.5,77%,119%,36.4,-16.9,53,NA,,13.70,-89.19,,,,,,,,,,,,,,,,,,,,,
San Salvador,El Salvador,"330,543",Balanced,City Wide,33.8,6.3,74%,120%,40.3,-15.6,47,NA,,13.70,-89.19,,,,,,,,,,,,,,,,,,,,,
San Salvador,El Salvador,"330,543",Balanced,Best Area,40.1,1.8,77%,119%,41.9,-16.9,53,NA,,13.70,-89.19,,,,,,,,,,,,,,,,,,,,,
San Salvador,El Salvador,"330,543",Destination,City Wide,40.7,7.1,74%,120%,48.1,-15.6,46,NA,,13.70,-89.19,,,,,,,,,,,,,,,,,,,,,
San Salvador,El Salvador,"330,543",Destination,Best Area,47.8,0.9,77%,119%,48.7,-16.9,53,NA,,13.70,-89.19,,,,,,,,,,,,,,,,,,,,,
San Juan,Puerto Rico,"320,691",Infrastructure,City Wide,23.4,8.1,81%,115%,33.6,-9.9,16,NA,,18.38,-66.05,,,,,,,,,,,,,,,,,,,,,
San Juan,Puerto Rico,"320,691",Infrastructure,Best Area,31.5,6.9,79%,119%,38.4,-16.1,47,NA,,18.38,-66.05,,,,,,,,,,,,,,,,,,,,,
San Juan,Puerto Rico,"320,691",Balanced,City Wide,28.9,11.2,81%,115%,43.5,-9.9,15,NA,,18.38,-66.05,,,,,,,,,,,,,,,,,,,,,
San Juan,Puerto Rico,"320,691",Balanced,Best Area,40.1,7.3,79%,119%,47.4,-16.1,47,NA,,18.38,-66.05,,,,,,,,,,,,,,,,,,,,,
San Juan,Puerto Rico,"320,691",Destination,City Wide,33.3,14.3,81%,115%,52.6,-9.9,15,NA,,18.38,-66.05,,,,,,,,,,,,,,,,,,,,,
San Juan,Puerto Rico,"320,691",Destination,Best Area,47.6,8.9,79%,119%,56.5,-16.1,47,NA,,18.38,-66.05,,,,,,,,,,,,,,,,,,,,,
Braga,Portugal,"190,000",Infrastructure,City Wide,23.9,11.5,90%,108%,40.6,-4.7,11,EU,,41.55,-8.43,,,,,,,,,,,,,,,,,,,,,
Braga,Portugal,"190,000",Infrastructure,Best Area,35.4,6.8,88%,112%,42.2,-9.4,56,EU,,41.55,-8.43,,,,,,,,,,,,,,,,,,,,,
Braga,Portugal,"190,000",Balanced,City Wide,26.5,13.6,90%,108%,47.8,-4.7,11,EU,,41.55,-8.43,,,,,,,,,,,,,,,,,,,,,
Braga,Portugal,"190,000",Balanced,Best Area,40.1,8.4,88%,112%,48.5,-9.4,56,EU,,41.55,-8.43,,,,,,,,,,,,,,,,,,,,,
Braga,Portugal,"190,000",Destination,City Wide,28.6,16.2,90%,108%,54.0,-4.7,11,EU,,41.55,-8.43,,,,,,,,,,,,,,,,,,,,,
Braga,Portugal,"190,000",Destination,Best Area,44.8,10.6,88%,112%,55.4,-9.4,56,EU,,41.55,-8.43,,,,,,,,,,,,,,,,,,,,,
Davao City,Philippines,"1,800,000",Infrastructure,City Wide,11.6,22.1,83%,117%,48.6,-4.7,45,Other,,7.06,125.61,,,,,,,,,,,,,,,,,,,,,
Davao City,Philippines,"1,800,000",Infrastructure,Best Area,33.7,19.4,84%,114%,53.1,-12.0,69,Other,,7.06,125.61,,,,,,,,,,,,,,,,,,,,,
Davao City,Philippines,"1,800,000",Balanced,City Wide,13.9,26.2,83%,117%,56.8,-4.7,45,Other,,7.06,125.61,,,,,,,,,,,,,,,,,,,,,
Davao City,Philippines,"1,800,000",Balanced,Best Area,40.1,21.7,84%,114%,61.8,-12.0,69,Other,,7.06,125.61,,,,,,,,,,,,,,,,,,,,,
Davao City,Philippines,"1,800,000",Destination,City Wide,16.3,29.4,83%,117%,64.1,-4.7,45,Other,,7.06,125.61,,,,,,,,,,,,,,,,,,,,,
Davao City,Philippines,"1,800,000",Destination,Best Area,45.7,23.7,84%,114%,69.4,-12.0,69,Other,,7.06,125.61,,,,,,,,,,,,,,,,,,,,,
La Paz,Bolivia,"762,812",Infrastructure,City Wide,21.8,6.9,74%,120%,30.0,-13.4,75,Other,,-16.50,-68.13,,,,,,,,,,,,,,,,,,,,,
La Paz,Bolivia,"762,812",Infrastructure,Best Area,28.7,1.8,72%,123%,30.5,-20.2,75,Other,,-16.50,-68.13,,,,,,,,,,,,,,,,,,,,,
La Paz,Bolivia,"762,812",Balanced,City Wide,29.4,10.5,74%,120%,40.0,-13.4,75,Other,,-16.50,-68.13,,,,,,,,,,,,,,,,,,,,,
La Paz,Bolivia,"762,812",Balanced,Best Area,39.9,4.2,72%,123%,44.1,-20.2,75,Other,,-16.50,-68.13,,,,,,,,,,,,,,,,,,,,,
La Paz,Bolivia,"762,812",Destination,City Wide,35.2,13.7,74%,120%,47.8,-13.4,75,Other,,-16.50,-68.13,,,,,,,,,,,,,,,,,,,,,
La Paz,Bolivia,"762,812",Destination,Best Area,48.9,6.0,72%,123%,54.9,-20.2,75,Other,,-16.50,-68.13,,,,,,,,,,,,,,,,,,,,,
Andorra la Vella,Andorra,"24,042",Infrastructure,City Wide,32.2,3.6,86%,112%,35.8,-9.7,22,EU,,42.50,1.50,,,,,,,,,,,,,,,,,,,,,
Andorra la Vella,Andorra,"24,042",Infrastructure,Best Area,35.8,0.0,90%,109%,35.8,-7.7,22,EU,,42.50,1.50,,,,,,,,,,,,,,,,,,,,,
Andorra la Vella,Andorra,"24,042",Balanced,City Wide,37.3,2.5,86%,112%,39.8,-9.7,22,EU,,42.50,1.50,,,,,,,,,,,,,,,,,,,,,
Andorra la Vella,Andorra,"24,042",Balanced,Best Area,39.8,0.0,90%,109%,39.8,-7.7,22,EU,,42.50,1.50,,,,,,,,,,,,,,,,,,,,,
Andorra la Vella,Andorra,"24,042",Destination,City Wide,41.9,1.6,86%,112%,43.5,-9.7,22,EU,,42.50,1.50,,,,,,,,,,,,,,,,,,,,,
Andorra la Vella,Andorra,"24,042",Destination,Best Area,43.5,0.0,90%,109%,43.5,-7.7,22,EU,,42.50,1.50,,,,,,,,,,,,,,,,,,,,,
Jakarta,Indonesia,"10,600,000",Infrastructure,City Wide,25.8,7.1,79%,117%,33.7,-12.3,21,Other,,-6.18,106.83,,,,,,,,,,,,,,,,,,,,,
Jakarta,Indonesia,"10,600,000",Infrastructure,Best Area,32.9,9.5,83%,116%,42.4,-13.1,31,Other,,-6.18,106.83,,,,,,,,,,,,,,,,,,,,,
Jakarta,Indonesia,"10,600,000",Balanced,City Wide,32.5,7.3,79%,117%,41.3,-12.3,20,Other,,-6.18,106.83,,,,,,,,,,,,,,,,,,,,,
Jakarta,Indonesia,"10,600,000",Balanced,Best Area,39.8,8.2,83%,116%,48.0,-13.1,31,Other,,-6.18,106.83,,,,,,,,,,,,,,,,,,,,,
Jakarta,Indonesia,"10,600,000",Destination,City Wide,38.1,7.9,79%,117%,46.5,-12.3,20,Other,,-6.18,106.83,,,,,,,,,,,,,,,,,,,,,
Jakarta,Indonesia,"10,600,000",Destination,Best Area,46.0,7.0,83%,116%,53.0,-13.1,31,Other,,-6.18,106.83,,,,,,,,,,,,,,,,,,,,,
Manchester,NH,"115,644",Infrastructure,City Wide,26.6,8.5,89%,110%,36.0,-6.1,69,NA,,43.00,-71.45,,,,,,,,,,,,,,,,,,,,,
Manchester,NH,"115,644",Infrastructure,Best Area,35.1,2.1,88%,111%,37.2,-9.0,89,NA,,43.00,-71.45,,,,,,,,,,,,,,,,,,,,,
Manchester,NH,"115,644",Balanced,City Wide,29.8,10.0,89%,110%,40.5,-6.1,69,NA,,43.00,-71.45,,,,,,,,,,,,,,,,,,,,,
Manchester,NH,"115,644",Balanced,Best Area,39.8,2.4,88%,111%,42.2,-9.0,89,NA,,43.00,-71.45,,,,,,,,,,,,,,,,,,,,,
Manchester,NH,"115,644",Destination,City Wide,32.7,11.4,89%,110%,45.0,-6.1,69,NA,,43.00,-71.45,,,,,,,,,,,,,,,,,,,,,
Manchester,NH,"115,644",Destination,Best Area,44.1,2.7,88%,111%,46.8,-9.0,89,NA,,43.00,-71.45,,,,,,,,,,,,,,,,,,,,,
Huntington,WV,"46,189",Infrastructure,City Wide,31.5,4.7,91%,108%,36.4,-6.1,58,NA,,38.42,-82.45,,,,,,,,,,,,,,,,,,,,,
Huntington,WV,"46,189",Infrastructure,Best Area,36.2,0.7,91%,108%,36.9,-6.8,81,NA,,38.42,-82.45,,,,,,,,,,,,,,,,,,,,,
Huntington,WV,"46,189",Balanced,City Wide,34.7,5.0,91%,108%,39.8,-6.1,57,NA,,38.42,-82.45,,,,,,,,,,,,,,,,,,,,,
Huntington,WV,"46,189",Balanced,Best Area,39.7,0.5,91%,108%,40.2,-6.8,81,NA,,38.42,-82.45,,,,,,,,,,,,,,,,,,,,,
Huntington,WV,"46,189",Destination,City Wide,37.6,5.4,91%,108%,43.1,-6.1,57,NA,,38.42,-82.45,,,,,,,,,,,,,,,,,,,,,
Huntington,WV,"46,189",Destination,Best Area,43.0,0.3,91%,108%,43.3,-6.8,81,NA,,38.42,-82.45,,,,,,,,,,,,,,,,,,,,,
Rabat,Morocco,"572,717",Infrastructure,City Wide,23.6,8.6,83%,115%,37.1,-9.1,15,Other,,34.02,-6.84,,,,,,,,,,,,,,,,,,,,,
Rabat,Morocco,"572,717",Infrastructure,Best Area,32.2,6.4,81%,117%,38.6,-14.1,40,Other,,34.02,-6.84,,,,,,,,,,,,,,,,,,,,,
Rabat,Morocco,"572,717",Balanced,City Wide,28.5,11.2,83%,115%,43.1,-9.1,15,Other,,34.02,-6.84,,,,,,,,,,,,,,,,,,,,,
Rabat,Morocco,"572,717",Balanced,Best Area,39.7,4.7,81%,117%,44.4,-14.1,40,Other,,34.02,-6.84,,,,,,,,,,,,,,,,,,,,,
Rabat,Morocco,"572,717",Destination,City Wide,32.7,13.6,83%,115%,48.9,-9.1,15,Other,,34.02,-6.84,,,,,,,,,,,,,,,,,,,,,
Rabat,Morocco,"572,717",Destination,Best Area,46.3,3.3,81%,117%,49.6,-14.1,40,Other,,34.02,-6.84,,,,,,,,,,,,,,,,,,,,,
Allentown,PA,"127,138",Infrastructure,City Wide,30.0,4.8,86%,112%,34.9,-9.1,64,NA,,40.60,-75.47,,,,,,,,,,,,,,,,,,,,,
Allentown,PA,"127,138",Infrastructure,Best Area,34.8,0.8,88%,111%,35.6,-9.3,75,NA,,40.60,-75.47,,,,,,,,,,,,,,,,,,,,,
Allentown,PA,"127,138",Balanced,City Wide,34.8,4.8,86%,112%,39.8,-9.1,65,NA,,40.60,-75.47,,,,,,,,,,,,,,,,,,,,,
Allentown,PA,"127,138",Balanced,Best Area,39.6,0.7,88%,111%,40.3,-9.3,75,NA,,40.60,-75.47,,,,,,,,,,,,,,,,,,,,,
Allentown,PA,"127,138",Destination,City Wide,39.1,5.0,86%,112%,44.4,-9.1,65,NA,,40.60,-75.47,,,,,,,,,,,,,,,,,,,,,
Allentown,PA,"127,138",Destination,Best Area,44.1,0.6,88%,111%,44.7,-9.3,75,NA,,40.60,-75.47,,,,,,,,,,,,,,,,,,,,,
Dhaka,Bangladesh,"10,295,786",Infrastructure,City Wide,22.2,8.4,90%,109%,32.2,-4.8,12,Other,,23.78,90.36,,,,,,,,,,,,,,,,,,,,,
Dhaka,Bangladesh,"10,295,786",Infrastructure,Best Area,30.6,6.6,77%,121%,37.2,-17.0,75,Other,,23.78,90.36,,,,,,,,,,,,,,,,,,,,,
Dhaka,Bangladesh,"10,295,786",Balanced,City Wide,24.7,14.8,90%,109%,42.8,-4.8,12,Other,,23.78,90.36,,,,,,,,,,,,,,,,,,,,,
Dhaka,Bangladesh,"10,295,786",Balanced,Best Area,39.5,10.5,77%,121%,50.0,-17.0,75,Other,,23.78,90.36,,,,,,,,,,,,,,,,,,,,,
Dhaka,Bangladesh,"10,295,786",Destination,City Wide,27.0,20.6,90%,109%,51.8,-4.8,12,Other,,23.78,90.36,,,,,,,,,,,,,,,,,,,,,
Dhaka,Bangladesh,"10,295,786",Destination,Best Area,47.6,12.7,77%,121%,60.3,-17.0,75,Other,,23.78,90.36,,,,,,,,,,,,,,,,,,,,,
Arequipa*,Peru,"1,000,000",Infrastructure,City Wide,21.2,10.7,89%,111%,33.6,-5.1,18,Other,,-16.28,-71.50,,,,,,,,,,,,,,,,,,,,,
Arequipa*,Peru,"1,000,000",Infrastructure,Best Area,31.9,4.6,81%,116%,36.5,-14.1,31,Other,,-16.28,-71.50,,,,,,,,,,,,,,,,,,,,,
Arequipa*,Peru,"1,000,000",Balanced,City Wide,23.7,15.8,89%,111%,41.6,-5.1,18,Other,,-16.28,-71.50,,,,,,,,,,,,,,,,,,,,,
Arequipa*,Peru,"1,000,000",Balanced,Best Area,39.5,8.9,81%,116%,48.4,-14.1,31,Other,,-16.28,-71.50,,,,,,,,,,,,,,,,,,,,,
Arequipa*,Peru,"1,000,000",Destination,City Wide,26.3,19.7,89%,111%,48.4,-5.1,18,Other,,-16.28,-71.50,,,,,,,,,,,,,,,,,,,,,
Arequipa*,Peru,"1,000,000",Destination,Best Area,46.0,12.0,81%,116%,58.0,-14.1,31,Other,,-16.28,-71.50,,,,,,,,,,,,,,,,,,,,,
Yangshuo,China,"273,124",Infrastructure,City Wide,23.0,24.4,124%,73%,51.4,9.5,0,Other,,24.86,110.49,,,,,,,,,,,,,,,,,,,,,
Yangshuo,China,"273,124",Infrastructure,Best Area,47.4,6.6,120%,76%,54.0,17.5,0,Other,,24.86,110.49,,,,,,,,,,,,,,,,,,,,,
Yangshuo,China,"273,124",Balanced,City Wide,18.5,21.0,124%,73%,42.5,9.5,0,Other,,24.86,110.49,,,,,,,,,,,,,,,,,,,,,
Yangshuo,China,"273,124",Balanced,Best Area,39.5,5.1,120%,76%,44.6,17.5,0,Other,,24.86,110.49,,,,,,,,,,,,,,,,,,,,,
Yangshuo,China,"273,124",Destination,City Wide,13.5,16.4,124%,73%,31.7,9.5,0,Other,,24.86,110.49,,,,,,,,,,,,,,,,,,,,,
Yangshuo,China,"273,124",Destination,Best Area,29.9,3.0,120%,76%,32.9,17.5,0,Other,,24.86,110.49,,,,,,,,,,,,,,,,,,,,,
Macau,China,"723,000",Infrastructure,City Wide,19.3,6.2,64%,125%,25.6,-18.3,9,Other,,22.18,113.55,,,,,,,,,,,,,,,,,,,,,
Macau,China,"723,000",Infrastructure,Best Area,25.5,0.4,65%,127%,25.9,-24.4,9,Other,,22.18,113.55,,,,,,,,,,,,,,,,,,,,,
Macau,China,"723,000",Balanced,City Wide,30.1,9.3,64%,125%,39.8,-18.3,9,Other,,22.18,113.55,,,,,,,,,,,,,,,,,,,,,
Macau,China,"723,000",Balanced,Best Area,39.4,0.4,65%,127%,39.8,-24.4,9,Other,,22.18,113.55,,,,,,,,,,,,,,,,,,,,,
Macau,China,"723,000",Destination,City Wide,37.6,12.3,64%,125%,50.2,-18.3,9,Other,,22.18,113.55,,,,,,,,,,,,,,,,,,,,,
Macau,China,"723,000",Destination,Best Area,49.9,0.6,65%,127%,50.5,-24.4,9,Other,,22.18,113.55,,,,,,,,,,,,,,,,,,,,,
Georgetown,Guyana,"118,363",Infrastructure,City Wide,24.9,4.6,82%,116%,30.2,-10.2,14,Other,,6.80,-58.15,,,,,,,,,,,,,,,,,,,,,
Georgetown,Guyana,"118,363",Infrastructure,Best Area,29.5,1.3,75%,120%,30.8,-17.4,20,Other,,6.80,-58.15,,,,,,,,,,,,,,,,,,,,,
Georgetown,Guyana,"118,363",Balanced,City Wide,30.3,8.8,82%,116%,39.6,-10.2,15,Other,,6.80,-58.15,,,,,,,,,,,,,,,,,,,,,
Georgetown,Guyana,"118,363",Balanced,Best Area,39.1,1.2,75%,120%,40.3,-17.4,20,Other,,6.80,-58.15,,,,,,,,,,,,,,,,,,,,,
Georgetown,Guyana,"118,363",Destination,City Wide,35.1,11.8,82%,116%,47.3,-10.2,15,Other,,6.80,-58.15,,,,,,,,,,,,,,,,,,,,,
Georgetown,Guyana,"118,363",Destination,Best Area,46.9,1.2,75%,120%,48.1,-17.4,20,Other,,6.80,-58.15,,,,,,,,,,,,,,,,,,,,,
Accra,Ghana,"1,782,150",Infrastructure,City Wide,27.7,3.0,85%,113%,31.0,-9.3,9,Other,,5.56,-0.20,,,,,,,,,,,,,,,,,,,,,
Accra,Ghana,"1,782,150",Infrastructure,Best Area,30.7,1.1,79%,119%,31.8,-15.7,17,Other,,5.56,-0.20,,,,,,,,,,,,,,,,,,,,,
Accra,Ghana,"1,782,150",Balanced,City Wide,32.6,6.4,85%,113%,40.8,-9.3,9,Other,,5.56,-0.20,,,,,,,,,,,,,,,,,,,,,
Accra,Ghana,"1,782,150",Balanced,Best Area,39.0,4.9,79%,119%,43.9,-15.7,17,Other,,5.56,-0.20,,,,,,,,,,,,,,,,,,,,,
Accra,Ghana,"1,782,150",Destination,City Wide,37.0,9.4,85%,113%,49.6,-9.3,9,Other,,5.56,-0.20,,,,,,,,,,,,,,,,,,,,,
Accra,Ghana,"1,782,150",Destination,Best Area,46.4,7.3,79%,119%,53.7,-15.7,17,Other,,5.56,-0.20,,,,,,,,,,,,,,,,,,,,,
Novosibirsk,Russia,"1,633,851",Infrastructure,City Wide,23.6,8.5,80%,116%,34.8,-10.7,18,EU,,55.03,82.92,,,,,,,,,,,,,,,,,,,,,
Novosibirsk,Russia,"1,633,851",Infrastructure,Best Area,32.1,12.4,82%,118%,44.5,-14.1,57,EU,,55.03,82.92,,,,,,,,,,,,,,,,,,,,,
Novosibirsk,Russia,"1,633,851",Balanced,City Wide,29.6,9.4,80%,116%,41.3,-10.7,18,EU,,55.03,82.92,,,,,,,,,,,,,,,,,,,,,
Novosibirsk,Russia,"1,633,851",Balanced,Best Area,39.0,7.1,82%,118%,46.1,-14.1,57,EU,,55.03,82.92,,,,,,,,,,,,,,,,,,,,,
Novosibirsk,Russia,"1,633,851",Destination,City Wide,34.3,11.9,80%,116%,47.2,-10.7,18,EU,,55.03,82.92,,,,,,,,,,,,,,,,,,,,,
Novosibirsk,Russia,"1,633,851",Destination,Best Area,46.2,10.3,82%,118%,56.5,-14.1,57,EU,,55.03,82.92,,,,,,,,,,,,,,,,,,,,,
Bangkok,Thailand,"11,500,000",Infrastructure,City Wide,21.9,17.2,95%,103%,43.5,-1.9,12,Other,,13.75,100.49,,,,,,,,,,,,,,,,,,,,,
Bangkok,Thailand,"11,500,000",Infrastructure,Best Area,39.1,11.8,101%,102%,50.9,-0.7,29,Other,,13.75,100.49,,,,,,,,,,,,,,,,,,,,,
Bangkok,Thailand,"11,500,000",Balanced,City Wide,23.0,15.9,95%,103%,40.4,-1.9,12,Other,,13.75,100.49,,,,,,,,,,,,,,,,,,,,,
Bangkok,Thailand,"11,500,000",Balanced,Best Area,38.9,18.9,101%,102%,57.8,-0.7,34,Other,,13.75,100.49,,,,,,,,,,,,,,,,,,,,,
Bangkok,Thailand,"11,500,000",Destination,City Wide,23.8,16.0,95%,103%,41.0,-1.9,12,Other,,13.75,100.49,,,,,,,,,,,,,,,,,,,,,
Bangkok,Thailand,"11,500,000",Destination,Best Area,39.8,26.3,101%,102%,66.1,-0.7,36,Other,,13.75,100.49,,,,,,,,,,,,,,,,,,,,,
Bengaluru,India,"14,771,700",Infrastructure,City Wide,23.5,5.2,79%,117%,29.3,-11.2,11,Other,,12.98,77.59,,,,,,,,,,,,,,,,,,,,,
Bengaluru,India,"14,771,700",Infrastructure,Best Area,28.7,9.0,74%,122%,37.7,-18.5,68,Other,,12.98,77.59,,,,,,,,,,,,,,,,,,,,,
Bengaluru,India,"14,771,700",Balanced,City Wide,29.6,9.2,79%,117%,39.4,-11.2,11,Other,,12.98,77.59,,,,,,,,,,,,,,,,,,,,,
Bengaluru,India,"14,771,700",Balanced,Best Area,38.8,8.9,74%,122%,47.7,-18.5,68,Other,,12.98,77.59,,,,,,,,,,,,,,,,,,,,,
Bengaluru,India,"14,771,700",Destination,City Wide,34.7,12.5,79%,117%,49.0,-11.2,11,Other,,12.98,77.59,,,,,,,,,,,,,,,,,,,,,
Bengaluru,India,"14,771,700",Destination,Best Area,47.2,9.4,74%,122%,56.6,-18.5,68,Other,,12.98,77.59,,,,,,,,,,,,,,,,,,,,,
Cuiaba,Brazil,"650,912",Infrastructure,City Wide,25.5,12.0,101%,98%,39.6,0.6,14,Other,,-15.60,-56.10,,,,,,,,,,,,,,,,,,,,,
Cuiaba,Brazil,"650,912",Infrastructure,Best Area,37.5,6.7,97%,105%,44.2,-3.4,38,Other,,-15.60,-56.10,,,,,,,,,,,,,,,,,,,,,
Cuiaba,Brazil,"650,912",Balanced,City Wide,25.3,13.5,101%,98%,42.2,0.6,14,Other,,-15.60,-56.10,,,,,,,,,,,,,,,,,,,,,
Cuiaba,Brazil,"650,912",Balanced,Best Area,38.8,6.0,97%,105%,44.8,-3.4,38,Other,,-15.60,-56.10,,,,,,,,,,,,,,,,,,,,,
Cuiaba,Brazil,"650,912",Destination,City Wide,24.9,16.0,101%,98%,46.3,0.6,14,Other,,-15.60,-56.10,,,,,,,,,,,,,,,,,,,,,
Cuiaba,Brazil,"650,912",Destination,Best Area,40.9,7.1,97%,105%,48.0,-3.4,38,Other,,-15.60,-56.10,,,,,,,,,,,,,,,,,,,,,
Chattanooga,TN,"182,832",Infrastructure,City Wide,23.9,15.9,96%,103%,42.8,-1.8,17,NA,,35.05,-85.31,,,,,,,,,,,,,,,,,,,,,
Chattanooga,TN,"182,832",Infrastructure,Best Area,39.8,10.5,103%,101%,50.3,0.8,48,NA,,35.05,-85.31,,,,,,,,,,,,,,,,,,,,,
Chattanooga,TN,"182,832",Balanced,City Wide,24.9,13.9,96%,103%,41.6,-1.8,17,NA,,35.05,-85.31,,,,,,,,,,,,,,,,,,,,,
Chattanooga,TN,"182,832",Balanced,Best Area,38.8,9.5,103%,101%,48.3,0.8,52,NA,,35.05,-85.31,,,,,,,,,,,,,,,,,,,,,
Chattanooga,TN,"182,832",Destination,City Wide,25.7,13.3,96%,103%,42.8,-1.8,17,NA,,35.05,-85.31,,,,,,,,,,,,,,,,,,,,,
Chattanooga,TN,"182,832",Destination,Best Area,39.0,8.5,103%,101%,47.5,0.8,55,NA,,35.05,-85.31,,,,,,,,,,,,,,,,,,,,,
Baton Rouge,LA,"223,699",Infrastructure,City Wide,28.9,10.7,98%,101%,41.7,-0.9,31,NA,,30.45,-91.19,,,,,,,,,,,,,,,,,,,,,
Baton Rouge,LA,"223,699",Infrastructure,Best Area,39.6,8.5,102%,100%,48.1,1.0,44,NA,,30.45,-91.19,,,,,,,,,,,,,,,,,,,,,
Baton Rouge,LA,"223,699",Balanced,City Wide,29.5,9.2,98%,101%,42.0,-0.9,31,NA,,30.45,-91.19,,,,,,,,,,,,,,,,,,,,,
Baton Rouge,LA,"223,699",Balanced,Best Area,38.7,7.2,102%,100%,45.9,1.0,52,NA,,30.45,-91.19,,,,,,,,,,,,,,,,,,,,,
Baton Rouge,LA,"223,699",Destination,City Wide,29.8,8.8,98%,101%,41.5,-0.9,31,NA,,30.45,-91.19,,,,,,,,,,,,,,,,,,,,,
Baton Rouge,LA,"223,699",Destination,Best Area,38.6,4.9,102%,100%,43.5,1.0,54,NA,,30.45,-91.19,,,,,,,,,,,,,,,,,,,,,
El Alto,Bolivia,"900,000",Infrastructure,City Wide,25.5,6.5,92%,107%,30.6,-4.2,15,Other,,-16.46,-68.23,,,,,,,,,,,,,,,,,,,,,
El Alto,Bolivia,"900,000",Infrastructure,Best Area,32.0,15.5,83%,115%,47.5,-12.6,73,Other,,-16.46,-68.23,,,,,,,,,,,,,,,,,,,,,
El Alto,Bolivia,"900,000",Balanced,City Wide,27.7,11.0,92%,107%,37.5,-4.2,15,Other,,-16.46,-68.23,,,,,,,,,,,,,,,,,,,,,
El Alto,Bolivia,"900,000",Balanced,Best Area,38.7,15.7,83%,115%,54.4,-12.6,73,Other,,-16.46,-68.23,,,,,,,,,,,,,,,,,,,,,
El Alto,Bolivia,"900,000",Destination,City Wide,29.7,14.9,92%,107%,43.5,-4.2,15,Other,,-16.46,-68.23,,,,,,,,,,,,,,,,,,,,,
El Alto,Bolivia,"900,000",Destination,Best Area,44.6,16.1,83%,115%,60.7,-12.6,73,Other,,-16.46,-68.23,,,,,,,,,,,,,,,,,,,,,
Las Cruces,NM,"116,998",Infrastructure,City Wide,27.1,12.4,99%,100%,40.4,-0.5,12,NA,,32.31,-106.78,,,,,,,,,,,,,,,,,,,,,
Las Cruces,NM,"116,998",Infrastructure,Best Area,39.5,3.8,102%,100%,43.3,0.7,59,NA,,32.31,-106.78,,,,,,,,,,,,,,,,,,,,,
Las Cruces,NM,"116,998",Balanced,City Wide,27.5,11.2,99%,100%,38.9,-0.5,11,NA,,32.31,-106.78,,,,,,,,,,,,,,,,,,,,,
Las Cruces,NM,"116,998",Balanced,Best Area,38.7,2.8,102%,100%,41.5,0.7,59,NA,,32.31,-106.78,,,,,,,,,,,,,,,,,,,,,
Las Cruces,NM,"116,998",Destination,City Wide,27.6,11.2,99%,100%,39.4,-0.5,11,NA,,32.31,-106.78,,,,,,,,,,,,,,,,,,,,,
Las Cruces,NM,"116,998",Destination,Best Area,38.8,2.7,102%,100%,41.5,0.7,59,NA,,32.31,-106.78,,,,,,,,,,,,,,,,,,,,,
Kunming*,China,"8,460,088",Infrastructure,City Wide,18.3,25.1,122%,77%,51.0,6.7,1,Other,,25.04,102.72,,,,,,,,,,,,,,,,,,,,,
Kunming*,China,"8,460,088",Infrastructure,Best Area,43.4,15.8,112%,87%,59.2,9.9,20,Other,,25.04,102.72,,,,,,,,,,,,,,,,,,,,,
Kunming*,China,"8,460,088",Balanced,City Wide,15.0,23.7,122%,77%,45.4,6.7,1,Other,,25.04,102.72,,,,,,,,,,,,,,,,,,,,,
Kunming*,China,"8,460,088",Balanced,Best Area,38.7,14.0,112%,87%,52.7,9.9,21,Other,,25.04,102.72,,,,,,,,,,,,,,,,,,,,,
Kunming*,China,"8,460,088",Destination,City Wide,11.6,21.9,122%,77%,39.1,6.7,0,Other,,25.04,102.72,,,,,,,,,,,,,,,,,,,,,
Kunming*,China,"8,460,088",Destination,Best Area,33.5,23.1,112%,87%,56.6,9.9,21,Other,,25.04,102.72,,,,,,,,,,,,,,,,,,,,,
Nashville,TN,"684,298",Infrastructure,City Wide,19.7,19.5,97%,101%,43.5,-0.8,8,NA,,36.16,-86.77,,,,,,,,,,,,,,,,,,,,,
Nashville,TN,"684,298",Infrastructure,Best Area,39.2,14.3,102%,99%,53.5,0.9,27,NA,,36.16,-86.77,,,,,,,,,,,,,,,,,,,,,
Nashville,TN,"684,298",Balanced,City Wide,20.3,18.3,97%,101%,43.3,-0.8,8,NA,,36.16,-86.77,,,,,,,,,,,,,,,,,,,,,
Nashville,TN,"684,298",Balanced,Best Area,38.6,13.4,102%,99%,52.0,0.9,28,NA,,36.16,-86.77,,,,,,,,,,,,,,,,,,,,,
Nashville,TN,"684,298",Destination,City Wide,20.5,17.8,97%,101%,41.8,-0.8,8,NA,,36.16,-86.77,,,,,,,,,,,,,,,,,,,,,
Nashville,TN,"684,298",Destination,Best Area,38.3,14.2,102%,99%,52.5,0.9,29,NA,,36.16,-86.77,,,,,,,,,,,,,,,,,,,,,
Lome,Togo,"837,437",Infrastructure,City Wide,23.5,4.8,74%,121%,28.9,-15.0,3,Other,,6.13,1.22,,,,,,,,,,,,,,,,,,,,,
Lome,Togo,"837,437",Infrastructure,Best Area,28.3,1.8,74%,122%,30.1,-18.7,5,Other,,6.13,1.22,,,,,,,,,,,,,,,,,,,,,
Lome,Togo,"837,437",Balanced,City Wide,31.9,6.6,74%,121%,39.4,-15.0,3,Other,,6.13,1.22,,,,,,,,,,,,,,,,,,,,,
Lome,Togo,"837,437",Balanced,Best Area,38.5,2.4,74%,122%,40.9,-18.7,5,Other,,6.13,1.22,,,,,,,,,,,,,,,,,,,,,
Lome,Togo,"837,437",Destination,City Wide,38.5,8.5,74%,121%,47.8,-15.0,3,Other,,6.13,1.22,,,,,,,,,,,,,,,,,,,,,
Lome,Togo,"837,437",Destination,Best Area,47.0,2.7,74%,122%,49.7,-18.7,5,Other,,6.13,1.22,,,,,,,,,,,,,,,,,,,,,
Astana,Kazakhstan,"1,622,245",Infrastructure,City Wide,21.5,14.9,86%,111%,43.3,-6.1,9,Other,,51.13,71.43,,,,,,,,,,,,,,,,,,,,,
Astana,Kazakhstan,"1,622,245",Infrastructure,Best Area,36.4,12.0,95%,108%,48.4,-5.0,30,Other,,51.13,71.43,,,,,,,,,,,,,,,,,,,,,
Astana,Kazakhstan,"1,622,245",Balanced,City Wide,24.9,13.6,86%,111%,42.4,-6.1,9,Other,,51.13,71.43,,,,,,,,,,,,,,,,,,,,,
Astana,Kazakhstan,"1,622,245",Balanced,Best Area,38.5,11.2,95%,108%,49.7,-5.0,30,Other,,51.13,71.43,,,,,,,,,,,,,,,,,,,,,
Astana,Kazakhstan,"1,622,245",Destination,City Wide,27.6,13.8,86%,111%,44.2,-6.1,9,Other,,51.13,71.43,,,,,,,,,,,,,,,,,,,,,
Astana,Kazakhstan,"1,622,245",Destination,Best Area,41.4,9.5,95%,108%,50.9,-5.0,30,Other,,51.13,71.43,,,,,,,,,,,,,,,,,,,,,
Dnipro,Ukraine,"966,400",Infrastructure,City Wide,24.9,7.2,84%,114%,33.0,-8.8,49,EU,,48.47,35.04,,,,,,,,,,,,,,,,,,,,,
Dnipro,Ukraine,"966,400",Infrastructure,Best Area,32.1,14.4,84%,116%,46.5,-12.6,61,EU,,48.47,35.04,,,,,,,,,,,,,,,,,,,,,
Dnipro,Ukraine,"966,400",Balanced,City Wide,29.6,8.8,84%,114%,38.2,-8.8,49,EU,,48.47,35.04,,,,,,,,,,,,,,,,,,,,,
Dnipro,Ukraine,"966,400",Balanced,Best Area,38.4,13.5,84%,116%,51.9,-12.6,61,EU,,48.47,35.04,,,,,,,,,,,,,,,,,,,,,
Dnipro,Ukraine,"966,400",Destination,City Wide,33.7,11.0,84%,114%,46.5,-8.8,49,EU,,48.47,35.04,,,,,,,,,,,,,,,,,,,,,
Dnipro,Ukraine,"966,400",Destination,Best Area,44.7,12.0,84%,116%,56.7,-12.6,61,EU,,48.47,35.04,,,,,,,,,,,,,,,,,,,,,
Charleston,SC,"157,665",Infrastructure,City Wide,22.6,12.1,96%,104%,36.6,-2.0,13,NA,,32.79,-79.94,,,,,,,,,,,,,,,,,,,,,
Charleston,SC,"157,665",Infrastructure,Best Area,34.7,2.5,90%,110%,37.2,-7.6,45,NA,,32.79,-79.94,,,,,,,,,,,,,,,,,,,,,
Charleston,SC,"157,665",Balanced,City Wide,23.6,14.8,96%,104%,39.3,-2.0,11,NA,,32.79,-79.94,,,,,,,,,,,,,,,,,,,,,
Charleston,SC,"157,665",Balanced,Best Area,38.4,6.5,90%,110%,44.9,-7.6,45,NA,,32.79,-79.94,,,,,,,,,,,,,,,,,,,,,
Charleston,SC,"157,665",Destination,City Wide,24.6,17.7,96%,104%,48.6,-2.0,11,NA,,32.79,-79.94,,,,,,,,,,,,,,,,,,,,,
Charleston,SC,"157,665",Destination,Best Area,42.3,10.5,90%,110%,52.8,-7.6,45,NA,,32.79,-79.94,,,,,,,,,,,,,,,,,,,,,
Colombo,Sri Lanka,"752,993",Infrastructure,City Wide,25.6,2.9,75%,120%,29.4,-15.2,90,Other,,6.94,79.85,,,,,,,,,,,,,,,,,,,,,
Colombo,Sri Lanka,"752,993",Infrastructure,Best Area,28.5,1.5,74%,121%,30.0,-17.8,93,Other,,6.94,79.85,,,,,,,,,,,,,,,,,,,,,
Colombo,Sri Lanka,"752,993",Balanced,City Wide,34.0,4.3,75%,120%,38.5,-15.2,90,Other,,6.94,79.85,,,,,,,,,,,,,,,,,,,,,
Colombo,Sri Lanka,"752,993",Balanced,Best Area,38.3,1.7,74%,121%,40.0,-17.8,93,Other,,6.94,79.85,,,,,,,,,,,,,,,,,,,,,
Colombo,Sri Lanka,"752,993",Destination,City Wide,40.8,5.5,75%,120%,46.2,-15.2,90,Other,,6.94,79.85,,,,,,,,,,,,,,,,,,,,,
Colombo,Sri Lanka,"752,993",Destination,Best Area,46.3,1.8,74%,121%,48.1,-17.8,93,Other,,6.94,79.85,,,,,,,,,,,,,,,,,,,,,
Thimphu,Bhutan,"149,000",Infrastructure,City Wide,20.8,4.2,68%,123%,25.2,-16.7,8,Other,,27.47,89.63,,,,,,,,,,,,,,,,,,,,,
Thimphu,Bhutan,"149,000",Infrastructure,Best Area,25.0,0.6,65%,127%,25.6,-23.5,8,Other,,27.47,89.63,,,,,,,,,,,,,,,,,,,,,
Thimphu,Bhutan,"149,000",Balanced,City Wide,30.4,7.9,68%,123%,38.7,-16.7,8,Other,,27.47,89.63,,,,,,,,,,,,,,,,,,,,,
Thimphu,Bhutan,"149,000",Balanced,Best Area,38.3,1.3,65%,127%,39.6,-23.5,8,Other,,27.47,89.63,,,,,,,,,,,,,,,,,,,,,
Thimphu,Bhutan,"149,000",Destination,City Wide,37.5,11.0,68%,123%,49.7,-16.7,8,Other,,27.47,89.63,,,,,,,,,,,,,,,,,,,,,
Thimphu,Bhutan,"149,000",Destination,Best Area,48.5,1.7,65%,127%,50.2,-23.5,8,Other,,27.47,89.63,,,,,,,,,,,,,,,,,,,,,
Havana,Cuba,"2,051,342",Infrastructure,City Wide,20.8,7.8,79%,117%,29.1,-10.0,44,NA,,23.16,-82.34,,,,,,,,,,,,,,,,,,,,,
Havana,Cuba,"2,051,342",Infrastructure,Best Area,28.6,3.1,75%,121%,31.7,-17.6,46,NA,,23.16,-82.34,,,,,,,,,,,,,,,,,,,,,
Havana,Cuba,"2,051,342",Balanced,City Wide,26.4,11.9,79%,117%,39.3,-10.0,44,NA,,23.16,-82.34,,,,,,,,,,,,,,,,,,,,,
Havana,Cuba,"2,051,342",Balanced,Best Area,38.3,8.0,75%,121%,46.3,-17.6,46,NA,,23.16,-82.34,,,,,,,,,,,,,,,,,,,,,
Havana,Cuba,"2,051,342",Destination,City Wide,30.8,15.4,79%,117%,47.1,-10.0,44,NA,,23.16,-82.34,,,,,,,,,,,,,,,,,,,,,
Havana,Cuba,"2,051,342",Destination,Best Area,46.2,11.3,75%,121%,57.5,-17.6,46,NA,,23.16,-82.34,,,,,,,,,,,,,,,,,,,,,
Belize City,Belize,"66,000",Infrastructure,City Wide,23.3,4.2,71%,122%,27.7,-17.0,91,NA,,17.50,-88.20,,,,,,,,,,,,,,,,,,,,,
Belize City,Belize,"66,000",Infrastructure,Best Area,27.5,0.7,72%,122%,28.2,-19.2,91,NA,,17.50,-88.20,,,,,,,,,,,,,,,,,,,,,
Belize City,Belize,"66,000",Balanced,City Wide,33.0,5.2,71%,122%,38.3,-17.0,91,NA,,17.50,-88.20,,,,,,,,,,,,,,,,,,,,,
Belize City,Belize,"66,000",Balanced,Best Area,38.2,0.4,72%,122%,38.6,-19.2,91,NA,,17.50,-88.20,,,,,,,,,,,,,,,,,,,,,
Belize City,Belize,"66,000",Destination,City Wide,40.3,6.4,71%,122%,47.0,-17.0,91,NA,,17.50,-88.20,,,,,,,,,,,,,,,,,,,,,
Belize City,Belize,"66,000",Destination,Best Area,46.7,0.3,72%,122%,47.0,-19.2,91,NA,,17.50,-88.20,,,,,,,,,,,,,,,,,,,,,
Vitebsk,Belarus,"364,800",Infrastructure,City Wide,19.5,8.9,72%,120%,31.9,-12.9,69,EU,,55.19,30.21,,,,,,,,,,,,,,,,,,,,,
Vitebsk,Belarus,"364,800",Infrastructure,Best Area,28.4,4.5,75%,121%,32.9,-17.7,91,EU,,55.19,30.21,,,,,,,,,,,,,,,,,,,,,
Vitebsk,Belarus,"364,800",Balanced,City Wide,26.9,11.2,72%,120%,39.6,-12.9,69,EU,,55.19,30.21,,,,,,,,,,,,,,,,,,,,,
Vitebsk,Belarus,"364,800",Balanced,Best Area,38.1,3.3,75%,121%,41.4,-17.7,91,EU,,55.19,30.21,,,,,,,,,,,,,,,,,,,,,
Vitebsk,Belarus,"364,800",Destination,City Wide,32.4,13.7,72%,120%,47.0,-12.9,69,EU,,55.19,30.21,,,,,,,,,,,,,,,,,,,,,
Vitebsk,Belarus,"364,800",Destination,Best Area,46.1,2.9,75%,121%,49.0,-17.7,91,EU,,55.19,30.21,,,,,,,,,,,,,,,,,,,,,
Nairobi,Kenya,"6,002,290",Infrastructure,City Wide,21.7,7.5,84%,113%,30.9,-7.5,15,Other,,-1.29,36.82,,,,,,,,,,,,,,,,,,,,,
Nairobi,Kenya,"6,002,290",Infrastructure,Best Area,29.2,9.0,77%,121%,38.2,-16.9,39,Other,,-1.29,36.82,,,,,,,,,,,,,,,,,,,,,
Nairobi,Kenya,"6,002,290",Balanced,City Wide,25.8,12.3,84%,113%,40.1,-7.5,15,Other,,-1.29,36.82,,,,,,,,,,,,,,,,,,,,,
Nairobi,Kenya,"6,002,290",Balanced,Best Area,38.1,8.9,77%,121%,47.0,-16.9,39,Other,,-1.29,36.82,,,,,,,,,,,,,,,,,,,,,
Nairobi,Kenya,"6,002,290",Destination,City Wide,29.2,16.9,84%,113%,47.7,-7.5,15,Other,,-1.29,36.82,,,,,,,,,,,,,,,,,,,,,
Nairobi,Kenya,"6,002,290",Destination,Best Area,46.1,8.9,77%,121%,55.0,-16.9,39,Other,,-1.29,36.82,,,,,,,,,,,,,,,,,,,,,
Cancun,Mexico,"888,797",Infrastructure,City Wide,25.3,12.2,104%,98%,38.5,1.3,20,NA,,21.15,-86.84,,,,,,,,,,,,,,,,,,,,,
Cancun,Mexico,"888,797",Infrastructure,Best Area,37.5,8.5,98%,102%,46.0,-1.4,49,NA,,21.15,-86.84,,,,,,,,,,,,,,,,,,,,,
Cancun,Mexico,"888,797",Balanced,City Wide,24.4,13.7,104%,98%,40.7,1.3,20,NA,,21.15,-86.84,,,,,,,,,,,,,,,,,,,,,
Cancun,Mexico,"888,797",Balanced,Best Area,38.1,8.0,98%,102%,46.1,-1.4,49,NA,,21.15,-86.84,,,,,,,,,,,,,,,,,,,,,
Cancun,Mexico,"888,797",Destination,City Wide,24.0,14.9,104%,98%,42.4,1.3,20,NA,,21.15,-86.84,,,,,,,,,,,,,,,,,,,,,
Cancun,Mexico,"888,797",Destination,Best Area,38.9,7.3,98%,102%,46.2,-1.4,49,NA,,21.15,-86.84,,,,,,,,,,,,,,,,,,,,,
Sanaa,Yemen,"3,300,000",Infrastructure,City Wide,22.1,5.5,82%,115%,29.0,-9.1,0,Other,,15.35,44.20,,,,,,,,,,,,,,,,,,,,,
Sanaa,Yemen,"3,300,000",Infrastructure,Best Area,27.6,4.4,73%,122%,32.0,-18.9,0,Other,,15.35,44.20,,,,,,,,,,,,,,,,,,,,,
Sanaa,Yemen,"3,300,000",Balanced,City Wide,27.1,10.9,82%,115%,40.0,-9.1,0,Other,,15.35,44.20,,,,,,,,,,,,,,,,,,,,,
Sanaa,Yemen,"3,300,000",Balanced,Best Area,38.0,7.1,73%,122%,45.1,-18.9,0,Other,,15.35,44.20,,,,,,,,,,,,,,,,,,,,,
Sanaa,Yemen,"3,300,000",Destination,City Wide,31.2,15.3,82%,115%,48.9,-9.1,0,Other,,15.35,44.20,,,,,,,,,,,,,,,,,,,,,
Sanaa,Yemen,"3,300,000",Destination,Best Area,46.5,8.8,73%,122%,55.3,-18.9,0,Other,,15.35,44.20,,,,,,,,,,,,,,,,,,,,,
Termoli,Italy,"32,953",Infrastructure,City Wide,20.8,13.2,94%,104%,35.4,-2.1,34,EU,,42.00,14.99,,,,,,,,,,,,,,,,,,,,,
Termoli,Italy,"32,953",Infrastructure,Best Area,34.0,1.7,89%,110%,35.7,-7.9,72,EU,,42.00,14.99,,,,,,,,,,,,,,,,,,,,,
Termoli,Italy,"32,953",Balanced,City Wide,22.1,15.9,94%,104%,39.1,-2.1,34,EU,,42.00,14.99,,,,,,,,,,,,,,,,,,,,,
Termoli,Italy,"32,953",Balanced,Best Area,38.0,1.7,89%,110%,39.7,-7.9,72,EU,,42.00,14.99,,,,,,,,,,,,,,,,,,,,,
Termoli,Italy,"32,953",Destination,City Wide,22.9,19.0,94%,104%,42.5,-2.1,34,EU,,42.00,14.99,,,,,,,,,,,,,,,,,,,,,
Termoli,Italy,"32,953",Destination,Best Area,41.9,1.8,89%,110%,43.7,-7.9,72,EU,,42.00,14.99,,,,,,,,,,,,,,,,,,,,,
Newark,NJ,"307,188",Infrastructure,City Wide,27.8,6.1,87%,112%,35.2,-8.0,29,NA,,40.74,-74.17,,,,,,,,,,,,,,,,,,,,,
Newark,NJ,"307,188",Infrastructure,Best Area,33.9,2.0,89%,109%,35.9,-7.6,57,NA,,40.74,-74.17,,,,,,,,,,,,,,,,,,,,,
Newark,NJ,"307,188",Balanced,City Wide,32.0,5.9,87%,112%,38.7,-8.0,28,NA,,40.74,-74.17,,,,,,,,,,,,,,,,,,,,,
Newark,NJ,"307,188",Balanced,Best Area,37.9,1.9,89%,109%,39.8,-7.6,57,NA,,40.74,-74.17,,,,,,,,,,,,,,,,,,,,,
Newark,NJ,"307,188",Destination,City Wide,35.8,5.7,87%,112%,42.8,-8.0,28,NA,,40.74,-74.17,,,,,,,,,,,,,,,,,,,,,
Newark,NJ,"307,188",Destination,Best Area,41.5,2.3,89%,109%,43.8,-7.6,57,NA,,40.74,-74.17,,,,,,,,,,,,,,,,,,,,,
Ancona,Italy,"98,356",Infrastructure,City Wide,16.7,12.0,78%,116%,31.6,-8.0,27,EU,,43.62,13.52,,,,,,,,,,,,,,,,,,,,,
Ancona,Italy,"98,356",Infrastructure,Best Area,28.7,6.1,76%,120%,34.8,-16.6,59,EU,,43.62,13.52,,,,,,,,,,,,,,,,,,,,,
Ancona,Italy,"98,356",Balanced,City Wide,21.3,16.5,78%,116%,42.2,-8.0,27,EU,,43.62,13.52,,,,,,,,,,,,,,,,,,,,,
Ancona,Italy,"98,356",Balanced,Best Area,37.8,6.8,76%,120%,44.6,-16.6,59,EU,,43.62,13.52,,,,,,,,,,,,,,,,,,,,,
Ancona,Italy,"98,356",Destination,City Wide,24.7,20.6,78%,116%,50.7,-8.0,27,EU,,43.62,13.52,,,,,,,,,,,,,,,,,,,,,
Ancona,Italy,"98,356",Destination,Best Area,45.3,7.4,76%,120%,52.7,-16.6,59,EU,,43.62,13.52,,,,,,,,,,,,,,,,,,,,,
Toluca,Mexico,"900,000",Infrastructure,City Wide,20.9,10.7,90%,108%,32.7,-4.2,7,NA,,19.28,-99.65,,,,,,,,,,,,,,,,,,,,,
Toluca,Mexico,"900,000",Infrastructure,Best Area,31.6,7.1,84%,115%,38.7,-11.7,37,NA,,19.28,-99.65,,,,,,,,,,,,,,,,,,,,,
Toluca,Mexico,"900,000",Balanced,City Wide,23.2,14.5,90%,108%,37.0,-4.2,7,NA,,19.28,-99.65,,,,,,,,,,,,,,,,,,,,,
Toluca,Mexico,"900,000",Balanced,Best Area,37.7,13.2,84%,115%,50.9,-11.7,37,NA,,19.28,-99.65,,,,,,,,,,,,,,,,,,,,,
Toluca,Mexico,"900,000",Destination,City Wide,25.1,18.2,90%,108%,44.1,-4.2,7,NA,,19.28,-99.65,,,,,,,,,,,,,,,,,,,,,
Toluca,Mexico,"900,000",Destination,Best Area,43.3,17.6,84%,115%,60.9,-11.7,37,NA,,19.28,-99.65,,,,,,,,,,,,,,,,,,,,,
Goiania,Brazil,"1,536,097",Infrastructure,City Wide,24.1,13.7,99%,100%,38.6,-0.1,3,Other,,-16.68,-49.25,,,,,,,,,,,,,,,,,,,,,
Goiania,Brazil,"1,536,097",Infrastructure,Best Area,37.8,13.7,101%,101%,51.5,-0.1,12,Other,,-16.68,-49.25,,,,,,,,,,,,,,,,,,,,,
Goiania,Brazil,"1,536,097",Balanced,City Wide,24.3,13.3,99%,100%,39.5,-0.1,3,Other,,-16.68,-49.25,,,,,,,,,,,,,,,,,,,,,
Goiania,Brazil,"1,536,097",Balanced,Best Area,37.6,5.4,101%,101%,43.0,-0.1,13,Other,,-16.68,-49.25,,,,,,,,,,,,,,,,,,,,,
Goiania,Brazil,"1,536,097",Destination,City Wide,24.2,13.7,99%,100%,41.2,-0.1,3,Other,,-16.68,-49.25,,,,,,,,,,,,,,,,,,,,,
Goiania,Brazil,"1,536,097",Destination,Best Area,37.9,9.5,101%,101%,47.4,-0.1,15,Other,,-16.68,-49.25,,,,,,,,,,,,,,,,,,,,,
Teresina,Brazil,"920,000",Infrastructure,City Wide,20.2,13.4,95%,105%,36.7,-2.1,11,Other,,-5.09,-42.80,,,,,,,,,,,,,,,,,,,,,
Teresina,Brazil,"920,000",Infrastructure,Best Area,33.6,5.7,89%,110%,39.3,-7.6,31,Other,,-5.09,-42.80,,,,,,,,,,,,,,,,,,,,,
Teresina,Brazil,"920,000",Balanced,City Wide,21.3,16.3,95%,105%,39.0,-2.1,11,Other,,-5.09,-42.80,,,,,,,,,,,,,,,,,,,,,
Teresina,Brazil,"920,000",Balanced,Best Area,37.6,10.5,89%,110%,48.1,-7.6,31,Other,,-5.09,-42.80,,,,,,,,,,,,,,,,,,,,,
Teresina,Brazil,"920,000",Destination,City Wide,22.3,18.9,95%,105%,41.8,-2.1,11,Other,,-5.09,-42.80,,,,,,,,,,,,,,,,,,,,,
Teresina,Brazil,"920,000",Destination,Best Area,41.2,14.6,89%,110%,55.8,-7.6,31,Other,,-5.09,-42.80,,,,,,,,,,,,,,,,,,,,,
Macapa,Brazil,"442,933",Infrastructure,City Wide,18.8,13.7,90%,108%,33.4,-3.8,23,Other,,0.04,-51.06,,,,,,,,,,,,,,,,,,,,,
Macapa,Brazil,"442,933",Infrastructure,Best Area,32.5,3.7,87%,113%,36.2,-9.7,44,Other,,0.04,-51.06,,,,,,,,,,,,,,,,,,,,,
Macapa,Brazil,"442,933",Balanced,City Wide,20.9,16.6,90%,108%,39.3,-3.8,23,Other,,0.04,-51.06,,,,,,,,,,,,,,,,,,,,,
Macapa,Brazil,"442,933",Balanced,Best Area,37.5,6.1,87%,113%,43.6,-9.7,44,Other,,0.04,-51.06,,,,,,,,,,,,,,,,,,,,,
Macapa,Brazil,"442,933",Destination,City Wide,22.6,19.6,90%,108%,44.5,-3.8,23,Other,,0.04,-51.06,,,,,,,,,,,,,,,,,,,,,
Macapa,Brazil,"442,933",Destination,Best Area,42.2,7.9,87%,113%,50.1,-9.7,44,Other,,0.04,-51.06,,,,,,,,,,,,,,,,,,,,,
El Paso,TX,"678,147",Infrastructure,City Wide,28.1,11.2,101%,98%,42.7,0.8,9,NA,,31.76,-106.49,,,,,,,,,,,,,,,,,,,,,
El Paso,TX,"678,147",Infrastructure,Best Area,39.3,12.0,105%,97%,51.3,3.1,22,NA,,31.76,-106.49,,,,,,,,,,,,,,,,,,,,,
El Paso,TX,"678,147",Balanced,City Wide,27.9,9.5,101%,98%,42.6,0.8,9,NA,,31.76,-106.49,,,,,,,,,,,,,,,,,,,,,
El Paso,TX,"678,147",Balanced,Best Area,37.4,6.2,105%,97%,43.6,3.1,28,NA,,31.76,-106.49,,,,,,,,,,,,,,,,,,,,,
El Paso,TX,"678,147",Destination,City Wide,27.3,8.9,101%,98%,36.6,0.8,9,NA,,31.76,-106.49,,,,,,,,,,,,,,,,,,,,,
El Paso,TX,"678,147",Destination,Best Area,36.2,8.5,105%,97%,44.7,3.1,31,NA,,31.76,-106.49,,,,,,,,,,,,,,,,,,,,,
Veracruz,Mexico,"607,209",Infrastructure,City Wide,20.4,10.1,81%,116%,32.7,-9.0,2,NA,,19.18,-96.22,,,,,,,,,,,,,,,,,,,,,
Veracruz,Mexico,"607,209",Infrastructure,Best Area,30.5,4.2,82%,116%,34.7,-12.6,7,NA,,19.18,-96.22,,,,,,,,,,,,,,,,,,,,,
Veracruz,Mexico,"607,209",Balanced,City Wide,25.3,12.0,81%,116%,41.1,-9.0,2,NA,,19.18,-96.22,,,,,,,,,,,,,,,,,,,,,
Veracruz,Mexico,"607,209",Balanced,Best Area,37.3,4.8,82%,116%,42.1,-12.6,7,NA,,19.18,-96.22,,,,,,,,,,,,,,,,,,,,,
Veracruz,Mexico,"607,209",Destination,City Wide,29.4,13.7,81%,116%,47.5,-9.0,2,NA,,19.18,-96.22,,,,,,,,,,,,,,,,,,,,,
Veracruz,Mexico,"607,209",Destination,Best Area,43.1,5.4,82%,116%,48.5,-12.6,7,NA,,19.18,-96.22,,,,,,,,,,,,,,,,,,,,,
Messina,Italy,"220,000",Infrastructure,City Wide,16.9,11.1,78%,118%,29.1,-8.5,13,EU,,38.19,15.55,,,,,,,,,,,,,,,,,,,,,
Messina,Italy,"220,000",Infrastructure,Best Area,28.0,2.6,75%,121%,30.6,-17.3,41,EU,,38.19,15.55,,,,,,,,,,,,,,,,,,,,,
Messina,Italy,"220,000",Balanced,City Wide,21.6,15.7,78%,118%,39.0,-8.5,13,EU,,38.19,15.55,,,,,,,,,,,,,,,,,,,,,
Messina,Italy,"220,000",Balanced,Best Area,37.3,2.9,75%,121%,40.2,-17.3,41,EU,,38.19,15.55,,,,,,,,,,,,,,,,,,,,,
Messina,Italy,"220,000",Destination,City Wide,25.4,19.9,78%,118%,47.4,-8.5,13,EU,,38.19,15.55,,,,,,,,,,,,,,,,,,,,,
Messina,Italy,"220,000",Destination,Best Area,45.3,2.8,75%,121%,48.1,-17.3,41,EU,,38.19,15.55,,,,,,,,,,,,,,,,,,,,,
Ciudad del Este,Paraguay,"301,815",Infrastructure,City Wide,25.0,5.8,88%,111%,32.8,-6.3,7,Other,,-25.52,-54.62,,,,,,,,,,,,,,,,,,,,,
Ciudad del Este,Paraguay,"301,815",Infrastructure,Best Area,30.8,3.6,83%,115%,34.4,-12.1,27,Other,,-25.52,-54.62,,,,,,,,,,,,,,,,,,,,,
Ciudad del Este,Paraguay,"301,815",Balanced,City Wide,28.3,8.9,88%,111%,39.7,-6.3,7,Other,,-25.52,-54.62,,,,,,,,,,,,,,,,,,,,,
Ciudad del Este,Paraguay,"301,815",Balanced,Best Area,37.2,5.3,83%,115%,42.5,-12.1,27,Other,,-25.52,-54.62,,,,,,,,,,,,,,,,,,,,,
Ciudad del Este,Paraguay,"301,815",Destination,City Wide,31.3,11.6,88%,111%,45.7,-6.3,7,Other,,-25.52,-54.62,,,,,,,,,,,,,,,,,,,,,
Ciudad del Este,Paraguay,"301,815",Destination,Best Area,42.9,6.5,83%,115%,49.4,-12.1,27,Other,,-25.52,-54.62,,,,,,,,,,,,,,,,,,,,,
Arlington,TX,"394,769",Infrastructure,City Wide,22.8,18.0,97%,101%,47.5,-1.0,34,NA,,32.74,-97.11,,,,,,,,,,,,,,,,,,,,,
Arlington,TX,"394,769",Infrastructure,Best Area,40.8,15.2,110%,90%,56.0,7.4,34,NA,,32.74,-97.11,,,,,,,,,,,,,,,,,,,,,
Arlington,TX,"394,769",Balanced,City Wide,23.6,13.6,97%,101%,41.8,-1.0,34,NA,,32.74,-97.11,,,,,,,,,,,,,,,,,,,,,
Arlington,TX,"394,769",Balanced,Best Area,37.2,11.0,110%,90%,48.2,7.4,34,NA,,32.74,-97.11,,,,,,,,,,,,,,,,,,,,,
Arlington,TX,"394,769",Destination,City Wide,23.8,9.6,97%,101%,36.3,-1.0,34,NA,,32.74,-97.11,,,,,,,,,,,,,,,,,,,,,
Arlington,TX,"394,769",Destination,Best Area,33.4,5.6,110%,90%,39.0,7.4,34,NA,,32.74,-97.11,,,,,,,,,,,,,,,,,,,,,
Chittagong City,Bangladesh,"3,900,000",Infrastructure,City Wide,23.9,4.5,78%,118%,28.8,-12.3,1,Other,,22.33,91.81,,,,,,,,,,,,,,,,,,,,,
Chittagong City,Bangladesh,"3,900,000",Infrastructure,Best Area,28.4,1.8,77%,119%,30.2,-15.6,2,Other,,22.33,91.81,,,,,,,,,,,,,,,,,,,,,
Chittagong City,Bangladesh,"3,900,000",Balanced,City Wide,30.6,6.3,78%,118%,38.1,-12.3,1,Other,,22.33,91.81,,,,,,,,,,,,,,,,,,,,,
Chittagong City,Bangladesh,"3,900,000",Balanced,Best Area,36.9,2.6,77%,119%,39.5,-15.6,2,Other,,22.33,91.81,,,,,,,,,,,,,,,,,,,,,
Chittagong City,Bangladesh,"3,900,000",Destination,City Wide,36.2,7.8,78%,118%,44.8,-12.3,1,Other,,22.33,91.81,,,,,,,,,,,,,,,,,,,,,
Chittagong City,Bangladesh,"3,900,000",Destination,Best Area,44.0,4.8,77%,119%,48.8,-15.6,2,Other,,22.33,91.81,,,,,,,,,,,,,,,,,,,,,
Cankaya (Ankara),Turkey,"950,000",Infrastructure,City Wide,21.7,7.4,79%,116%,30.7,-10.2,7,EU,Yes,39.89,32.86,,,,,,,,,,,,,,,,,,,,,
Cankaya (Ankara),Turkey,"950,000",Infrastructure,Best Area,29.1,4.6,79%,118%,33.7,-14.5,22,EU,Yes,39.89,32.86,,,,,,,,,,,,,,,,,,,,,
Cankaya (Ankara),Turkey,"950,000",Balanced,City Wide,27.4,9.5,79%,116%,38.2,-10.2,6,EU,Yes,39.89,32.86,,,,,,,,,,,,,,,,,,,,,
Cankaya (Ankara),Turkey,"950,000",Balanced,Best Area,36.9,4.3,79%,118%,41.2,-14.5,22,EU,Yes,39.89,32.86,,,,,,,,,,,,,,,,,,,,,
Cankaya (Ankara),Turkey,"950,000",Destination,City Wide,31.9,11.7,79%,116%,46.0,-10.2,6,EU,Yes,39.89,32.86,,,,,,,,,,,,,,,,,,,,,
Cankaya (Ankara),Turkey,"950,000",Destination,Best Area,43.6,7.0,79%,118%,50.6,-14.5,22,EU,Yes,39.89,32.86,,,,,,,,,,,,,,,,,,,,,
Ajaccio,France,"76,320",Infrastructure,City Wide,20.8,12.6,86%,112%,34.9,-6.2,16,EU,,41.93,8.74,,,,,,,,,,,,,,,,,,,,,
Ajaccio,France,"76,320",Infrastructure,Best Area,33.4,2.1,91%,112%,35.5,-7.9,37,EU,,41.93,8.74,,,,,,,,,,,,,,,,,,,,,
Ajaccio,France,"76,320",Balanced,City Wide,24.2,12.7,86%,112%,37.6,-6.2,16,EU,,41.93,8.74,,,,,,,,,,,,,,,,,,,,,
Ajaccio,France,"76,320",Balanced,Best Area,36.9,2.5,91%,112%,39.4,-7.9,37,EU,,41.93,8.74,,,,,,,,,,,,,,,,,,,,,
Ajaccio,France,"76,320",Destination,City Wide,27.0,14.3,86%,112%,42.9,-6.2,16,EU,,41.93,8.74,,,,,,,,,,,,,,,,,,,,,
Ajaccio,France,"76,320",Destination,Best Area,41.3,2.0,91%,112%,43.3,-7.9,37,EU,,41.93,8.74,,,,,,,,,,,,,,,,,,,,,
Tashkent,Uzbekistan,"3,145,236",Infrastructure,City Wide,17.1,13.8,76%,119%,34.0,-9.8,25,Other,,41.31,69.28,,,,,,,,,,,,,,,,,,,,,
Tashkent,Uzbekistan,"3,145,236",Infrastructure,Best Area,30.9,18.9,84%,117%,49.8,-12.1,44,Other,,41.31,69.28,,,,,,,,,,,,,,,,,,,,,
Tashkent,Uzbekistan,"3,145,236",Balanced,City Wide,22.6,14.3,76%,119%,38.8,-9.8,25,Other,,41.31,69.28,,,,,,,,,,,,,,,,,,,,,
Tashkent,Uzbekistan,"3,145,236",Balanced,Best Area,36.9,15.7,84%,117%,52.6,-12.1,44,Other,,41.31,69.28,,,,,,,,,,,,,,,,,,,,,
Tashkent,Uzbekistan,"3,145,236",Destination,City Wide,26.9,16.1,76%,119%,44.8,-9.8,25,Other,,41.31,69.28,,,,,,,,,,,,,,,,,,,,,
Tashkent,Uzbekistan,"3,145,236",Destination,Best Area,43.0,12.3,84%,117%,55.3,-12.1,44,Other,,41.31,69.28,,,,,,,,,,,,,,,,,,,,,
Manama [Capital Governorate],Bahrain,"329,510",Infrastructure,City Wide,22.5,4.4,80%,117%,28.8,-10.5,24,Other,,26.19,50.58,,,,,,,,,,,,,,,,,,,,,
Manama [Capital Governorate],Bahrain,"329,510",Infrastructure,Best Area,26.9,2.9,73%,123%,29.8,-18.2,34,Other,,26.19,50.58,,,,,,,,,,,,,,,,,,,,,
Manama [Capital Governorate],Bahrain,"329,510",Balanced,City Wide,28.2,8.6,80%,117%,43.1,-10.5,25,Other,,26.19,50.58,,,,,,,,,,,,,,,,,,,,,
Manama [Capital Governorate],Bahrain,"329,510",Balanced,Best Area,36.8,6.9,73%,123%,43.7,-18.2,34,Other,,26.19,50.58,,,,,,,,,,,,,,,,,,,,,
Manama [Capital Governorate],Bahrain,"329,510",Destination,City Wide,33.0,12.1,80%,117%,54.0,-10.5,25,Other,,26.19,50.58,,,,,,,,,,,,,,,,,,,,,
Manama [Capital Governorate],Bahrain,"329,510",Destination,Best Area,45.1,9.2,73%,123%,54.3,-18.2,34,Other,,26.19,50.58,,,,,,,,,,,,,,,,,,,,,
Abu Dhabi,United Arab Emirates,"1,807,000",Infrastructure,City Wide,22.9,12.4,96%,101%,34.7,-1.2,42,Other,,24.45,54.38,,,,,,,,,,,,,,,,,,,,,
Abu Dhabi,United Arab Emirates,"1,807,000",Infrastructure,Best Area,35.3,17.1,96%,110%,52.4,-5.0,42,Other,,24.45,54.38,,,,,,,,,,,,,,,,,,,,,
Abu Dhabi,United Arab Emirates,"1,807,000",Balanced,City Wide,23.9,12.9,96%,101%,39.8,-1.2,42,Other,,24.45,54.38,,,,,,,,,,,,,,,,,,,,,
Abu Dhabi,United Arab Emirates,"1,807,000",Balanced,Best Area,36.8,8.8,96%,110%,45.6,-5.0,52,Other,,24.45,54.38,,,,,,,,,,,,,,,,,,,,,
Abu Dhabi,United Arab Emirates,"1,807,000",Destination,City Wide,24.1,16.2,96%,101%,44.1,-1.2,42,Other,,24.45,54.38,,,,,,,,,,,,,,,,,,,,,
Abu Dhabi,United Arab Emirates,"1,807,000",Destination,Best Area,40.3,14.8,96%,110%,55.1,-5.0,52,Other,,24.45,54.38,,,,,,,,,,,,,,,,,,,,,
Columbia,SC,"149,000",Infrastructure,City Wide,21.5,11.1,98%,104%,34.9,-1.4,20,NA,,34.00,-81.04,,,,,,,,,,,,,,,,,,,,,
Columbia,SC,"149,000",Infrastructure,Best Area,32.6,5.9,89%,110%,38.5,-7.7,73,NA,,34.00,-81.04,,,,,,,,,,,,,,,,,,,,,
Columbia,SC,"149,000",Balanced,City Wide,22.0,14.7,98%,104%,39.6,-1.4,20,NA,,34.00,-81.04,,,,,,,,,,,,,,,,,,,,,
Columbia,SC,"149,000",Balanced,Best Area,36.7,6.6,89%,110%,43.3,-7.7,73,NA,,34.00,-81.04,,,,,,,,,,,,,,,,,,,,,
Columbia,SC,"149,000",Destination,City Wide,22.9,17.4,98%,104%,43.9,-1.4,20,NA,,34.00,-81.04,,,,,,,,,,,,,,,,,,,,,
Columbia,SC,"149,000",Destination,Best Area,40.3,8.0,89%,110%,48.3,-7.7,73,NA,,34.00,-81.04,,,,,,,,,,,,,,,,,,,,,
Valparaiso,Chile,"322,865",Infrastructure,City Wide,31.2,5.5,90%,108%,36.7,-6.3,56,Other,,-33.05,-71.62,,,,,,,,,,,,,,,,,,,,,
Valparaiso,Chile,"322,865",Infrastructure,Best Area,36.7,0.0,100%,105%,36.7,-1.6,56,Other,,-33.05,-71.62,,,,,,,,,,,,,,,,,,,,,
Valparaiso,Chile,"322,865",Balanced,City Wide,34.6,2.0,90%,108%,36.6,-6.3,56,Other,,-33.05,-71.62,,,,,,,,,,,,,,,,,,,,,
Valparaiso,Chile,"322,865",Balanced,Best Area,36.6,0.0,100%,105%,36.6,-1.6,56,Other,,-33.05,-71.62,,,,,,,,,,,,,,,,,,,,,
Valparaiso,Chile,"322,865",Destination,City Wide,37.5,0.8,90%,108%,38.3,-6.3,56,Other,,-33.05,-71.62,,,,,,,,,,,,,,,,,,,,,
Valparaiso,Chile,"322,865",Destination,Best Area,38.3,0.0,100%,105%,38.3,-1.6,56,Other,,-33.05,-71.62,,,,,,,,,,,,,,,,,,,,,
Kampala,Uganda,"1,797,722",Infrastructure,City Wide,23.5,3.5,77%,119%,27.2,-13.0,16,Other,,0.32,32.58,,,,,,,,,,,,,,,,,,,,,
Kampala,Uganda,"1,797,722",Infrastructure,Best Area,27.0,2.0,74%,122%,29.0,-17.8,54,Other,,0.32,32.58,,,,,,,,,,,,,,,,,,,,,
Kampala,Uganda,"1,797,722",Balanced,City Wide,30.6,6.0,77%,119%,37.5,-13.0,15,Other,,0.32,32.58,,,,,,,,,,,,,,,,,,,,,
Kampala,Uganda,"1,797,722",Balanced,Best Area,36.6,5.0,74%,122%,41.6,-17.8,54,Other,,0.32,32.58,,,,,,,,,,,,,,,,,,,,,
Kampala,Uganda,"1,797,722",Destination,City Wide,36.5,8.3,77%,119%,45.2,-13.0,15,Other,,0.32,32.58,,,,,,,,,,,,,,,,,,,,,
Kampala,Uganda,"1,797,722",Destination,Best Area,44.8,7.1,74%,122%,51.9,-17.8,54,Other,,0.32,32.58,,,,,,,,,,,,,,,,,,,,,
Ulaanbaatar,Mongolia,"1,600,000",Infrastructure,City Wide,20.5,7.2,85%,113%,28.6,-6.7,17,Other,,47.94,106.92,,,,,,,,,,,,,,,,,,,,,
Ulaanbaatar,Mongolia,"1,600,000",Infrastructure,Best Area,27.7,14.3,76%,121%,42.0,-16.7,31,Other,,47.94,106.92,,,,,,,,,,,,,,,,,,,,,
Ulaanbaatar,Mongolia,"1,600,000",Balanced,City Wide,24.1,12.5,85%,113%,38.9,-6.7,17,Other,,47.94,106.92,,,,,,,,,,,,,,,,,,,,,
Ulaanbaatar,Mongolia,"1,600,000",Balanced,Best Area,36.6,5.6,76%,121%,42.2,-16.7,31,Other,,47.94,106.92,,,,,,,,,,,,,,,,,,,,,
Ulaanbaatar,Mongolia,"1,600,000",Destination,City Wide,27.2,17.2,85%,113%,47.2,-6.7,17,Other,,47.94,106.92,,,,,,,,,,,,,,,,,,,,,
Ulaanbaatar,Mongolia,"1,600,000",Destination,Best Area,44.4,7.6,76%,121%,52.0,-16.7,31,Other,,47.94,106.92,,,,,,,,,,,,,,,,,,,,,
Marrakech,Morocco,"1,103,930",Infrastructure,City Wide,25.3,7.2,95%,104%,33.2,-2.4,5,Other,,31.63,-7.99,,,,,,,,,,,,,,,,,,,,,
Marrakech,Morocco,"1,103,930",Infrastructure,Best Area,32.5,6.8,89%,111%,39.3,-7.9,13,Other,,31.63,-7.99,,,,,,,,,,,,,,,,,,,,,
Marrakech,Morocco,"1,103,930",Balanced,City Wide,26.7,9.8,95%,104%,39.2,-2.4,5,Other,,31.63,-7.99,,,,,,,,,,,,,,,,,,,,,
Marrakech,Morocco,"1,103,930",Balanced,Best Area,36.5,6.9,89%,111%,43.4,-7.9,13,Other,,31.63,-7.99,,,,,,,,,,,,,,,,,,,,,
Marrakech,Morocco,"1,103,930",Destination,City Wide,27.7,12.7,95%,104%,44.2,-2.4,5,Other,,31.63,-7.99,,,,,,,,,,,,,,,,,,,,,
Marrakech,Morocco,"1,103,930",Destination,Best Area,40.4,6.7,89%,111%,47.1,-7.9,13,Other,,31.63,-7.99,,,,,,,,,,,,,,,,,,,,,
Anaheim,CA,"344,553",Infrastructure,City Wide,26.5,10.9,95%,104%,47.8,-2.5,41,NA,,33.83,-117.91,,,,,,,,,,,,,,,,,,,,,
Anaheim,CA,"344,553",Infrastructure,Best Area,37.4,19.7,103%,98%,57.1,1.6,41,NA,,33.83,-117.91,,,,,,,,,,,,,,,,,,,,,
Anaheim,CA,"344,553",Balanced,City Wide,27.8,8.6,95%,104%,41.3,-2.5,41,NA,,33.83,-117.91,,,,,,,,,,,,,,,,,,,,,
Anaheim,CA,"344,553",Balanced,Best Area,36.4,12.6,103%,98%,49.0,1.6,48,NA,,33.83,-117.91,,,,,,,,,,,,,,,,,,,,,
Anaheim,CA,"344,553",Destination,City Wide,29.0,6.8,95%,104%,37.1,-2.5,41,NA,,33.83,-117.91,,,,,,,,,,,,,,,,,,,,,
Anaheim,CA,"344,553",Destination,Best Area,35.8,3.6,103%,98%,39.4,1.6,56,NA,,33.83,-117.91,,,,,,,,,,,,,,,,,,,,,
St. John's,NL,"114,601",Infrastructure,City Wide,22.8,12.3,87%,110%,35.5,-6.1,33,NA,,47.56,-52.71,,,,,,,,,,,,,,,,,,,,,
St. John's,NL,"114,601",Infrastructure,Best Area,35.1,2.5,96%,104%,37.6,-2.6,57,NA,,47.56,-52.71,,,,,,,,,,,,,,,,,,,,,
St. John's,NL,"114,601",Balanced,City Wide,26.2,10.2,87%,110%,37.3,-6.1,33,NA,,47.56,-52.71,,,,,,,,,,,,,,,,,,,,,
St. John's,NL,"114,601",Balanced,Best Area,36.4,0.9,96%,104%,37.3,-2.6,57,NA,,47.56,-52.71,,,,,,,,,,,,,,,,,,,,,
St. John's,NL,"114,601",Destination,City Wide,28.9,8.8,87%,110%,38.0,-6.1,33,NA,,47.56,-52.71,,,,,,,,,,,,,,,,,,,,,
St. John's,NL,"114,601",Destination,Best Area,37.7,1.8,96%,104%,39.5,-2.6,57,NA,,47.56,-52.71,,,,,,,,,,,,,,,,,,,,,
Savannah,GA,"147,546",Infrastructure,City Wide,20.5,13.3,93%,107%,35.1,-3.2,12,NA,,32.08,-81.09,,,,,,,,,,,,,,,,,,,,,
Savannah,GA,"147,546",Infrastructure,Best Area,33.8,2.4,93%,107%,36.2,-5.3,43,NA,,32.08,-81.09,,,,,,,,,,,,,,,,,,,,,
Savannah,GA,"147,546",Balanced,City Wide,22.1,14.3,93%,107%,39.3,-3.2,12,NA,,32.08,-81.09,,,,,,,,,,,,,,,,,,,,,
Savannah,GA,"147,546",Balanced,Best Area,36.4,4.5,93%,107%,40.9,-5.3,43,NA,,32.08,-81.09,,,,,,,,,,,,,,,,,,,,,
Savannah,GA,"147,546",Destination,City Wide,23.7,15.4,93%,107%,43.1,-3.2,12,NA,,32.08,-81.09,,,,,,,,,,,,,,,,,,,,,
Savannah,GA,"147,546",Destination,Best Area,39.1,6.1,93%,107%,45.2,-5.3,43,NA,,32.08,-81.09,,,,,,,,,,,,,,,,,,,,,
Dar es Salaam,Tanzania,"5,383,728",Infrastructure,City Wide,19.6,11.6,111%,89%,38.8,4.0,4,Other,,-6.82,39.28,,,,,,,,,,,,,,,,,,,,,
Dar es Salaam,Tanzania,"5,383,728",Infrastructure,Best Area,31.2,17.5,86%,113%,48.7,-10.0,71,Other,,-6.82,39.28,,,,,,,,,,,,,,,,,,,,,
Dar es Salaam,Tanzania,"5,383,728",Balanced,City Wide,17.6,18.8,111%,89%,38.0,4.0,4,Other,,-6.82,39.28,,,,,,,,,,,,,,,,,,,,,
Dar es Salaam,Tanzania,"5,383,728",Balanced,Best Area,36.4,22.5,86%,113%,58.9,-10.0,71,Other,,-6.82,39.28,,,,,,,,,,,,,,,,,,,,,
Dar es Salaam,Tanzania,"5,383,728",Destination,City Wide,15.6,25.6,111%,89%,44.3,4.0,4,Other,,-6.82,39.28,,,,,,,,,,,,,,,,,,,,,
Dar es Salaam,Tanzania,"5,383,728",Destination,Best Area,41.2,27.8,86%,113%,69.0,-10.0,71,Other,,-6.82,39.28,,,,,,,,,,,,,,,,,,,,,
Kolkata,India,"4,500,000",Infrastructure,City Wide,26.7,3.5,87%,111%,30.5,-7.3,2,Other,,22.57,88.36,,,,,,,,,,,,,,,,,,,,,
Kolkata,India,"4,500,000",Infrastructure,Best Area,30.2,1.2,83%,117%,31.4,-12.1,8,Other,,22.57,88.36,,,,,,,,,,,,,,,,,,,,,
Kolkata,India,"4,500,000",Balanced,City Wide,30.6,5.7,87%,111%,37.0,-7.3,2,Other,,22.57,88.36,,,,,,,,,,,,,,,,,,,,,
Kolkata,India,"4,500,000",Balanced,Best Area,36.3,3.5,83%,117%,39.8,-12.1,8,Other,,22.57,88.36,,,,,,,,,,,,,,,,,,,,,
Kolkata,India,"4,500,000",Destination,City Wide,34.0,8.3,87%,111%,44.2,-7.3,2,Other,,22.57,88.36,,,,,,,,,,,,,,,,,,,,,
Kolkata,India,"4,500,000",Destination,Best Area,42.3,5.1,83%,117%,47.4,-12.1,8,Other,,22.57,88.36,,,,,,,,,,,,,,,,,,,,,
Gomel,Belarus,"510,300",Infrastructure,City Wide,24.0,3.1,82%,115%,27.1,-9.8,36,EU,,52.42,31.01,,,,,,,,,,,,,,,,,,,,,
Gomel,Belarus,"510,300",Infrastructure,Best Area,27.1,2.2,75%,123%,29.3,-17.0,80,EU,,52.42,31.01,,,,,,,,,,,,,,,,,,,,,
Gomel,Belarus,"510,300",Balanced,City Wide,29.3,6.7,82%,115%,36.9,-9.8,36,EU,,52.42,31.01,,,,,,,,,,,,,,,,,,,,,
Gomel,Belarus,"510,300",Balanced,Best Area,36.0,2.2,75%,123%,38.2,-17.0,80,EU,,52.42,31.01,,,,,,,,,,,,,,,,,,,,,
Gomel,Belarus,"510,300",Destination,City Wide,33.8,10.3,82%,115%,45.2,-9.8,36,EU,,52.42,31.01,,,,,,,,,,,,,,,,,,,,,
Gomel,Belarus,"510,300",Destination,Best Area,44.1,4.8,75%,123%,48.9,-17.0,80,EU,,52.42,31.01,,,,,,,,,,,,,,,,,,,,,
Port of Spain,Trinidad and Tobago,"37,103",Infrastructure,City Wide,24.0,2.5,72%,122%,27.0,-16.7,82,Other,,10.66,-61.52,,,,,,,,,,,,,,,,,,,,,
Port of Spain,Trinidad and Tobago,"37,103",Infrastructure,Best Area,26.5,0.9,74%,123%,27.4,-17.7,82,Other,,10.66,-61.52,,,,,,,,,,,,,,,,,,,,,
Port of Spain,Trinidad and Tobago,"37,103",Balanced,City Wide,33.3,2.6,72%,122%,36.2,-16.7,82,Other,,10.66,-61.52,,,,,,,,,,,,,,,,,,,,,
Port of Spain,Trinidad and Tobago,"37,103",Balanced,Best Area,35.9,0.4,74%,123%,36.3,-17.7,82,Other,,10.66,-61.52,,,,,,,,,,,,,,,,,,,,,
Port of Spain,Trinidad and Tobago,"37,103",Destination,City Wide,40.7,3.5,72%,122%,45.1,-16.7,82,Other,,10.66,-61.52,,,,,,,,,,,,,,,,,,,,,
Port of Spain,Trinidad and Tobago,"37,103",Destination,Best Area,44.2,1.0,74%,123%,45.2,-17.7,82,Other,,10.66,-61.52,,,,,,,,,,,,,,,,,,,,,
Virginia Beach,VA,"457,066",Infrastructure,City Wide,21.0,15.3,91%,107%,39.8,-3.5,27,NA,,36.85,-75.98,,,,,,,,,,,,,,,,,,,,,
Virginia Beach,VA,"457,066",Infrastructure,Best Area,36.3,6.1,101%,101%,42.4,0.2,33,NA,,36.85,-75.98,,,,,,,,,,,,,,,,,,,,,
Virginia Beach,VA,"457,066",Balanced,City Wide,23.0,12.9,91%,107%,39.1,-3.5,27,NA,,36.85,-75.98,,,,,,,,,,,,,,,,,,,,,
Virginia Beach,VA,"457,066",Balanced,Best Area,35.9,5.6,101%,101%,41.5,0.2,41,NA,,36.85,-75.98,,,,,,,,,,,,,,,,,,,,,
Virginia Beach,VA,"457,066",Destination,City Wide,24.5,11.6,91%,107%,37.1,-3.5,27,NA,,36.85,-75.98,,,,,,,,,,,,,,,,,,,,,
Virginia Beach,VA,"457,066",Destination,Best Area,36.1,4.5,101%,101%,40.6,0.2,42,NA,,36.85,-75.98,,,,,,,,,,,,,,,,,,,,,
Joinville,Brazil,"664,500",Infrastructure,City Wide,20.9,14.7,97%,103%,37.7,-1.3,30,Other,,-26.30,-48.85,,,,,,,,,,,,,,,,,,,,,
Joinville,Brazil,"664,500",Infrastructure,Best Area,35.6,5.9,99%,101%,41.5,-0.7,72,Other,,-26.30,-48.85,,,,,,,,,,,,,,,,,,,,,
Joinville,Brazil,"664,500",Balanced,City Wide,21.5,14.4,97%,103%,39.7,-1.3,30,Other,,-26.30,-48.85,,,,,,,,,,,,,,,,,,,,,
Joinville,Brazil,"664,500",Balanced,Best Area,35.9,6.8,99%,101%,42.7,-0.7,72,Other,,-26.30,-48.85,,,,,,,,,,,,,,,,,,,,,
Joinville,Brazil,"664,500",Destination,City Wide,22.2,14.1,97%,103%,39.5,-1.3,30,Other,,-26.30,-48.85,,,,,,,,,,,,,,,,,,,,,
Joinville,Brazil,"664,500",Destination,Best Area,36.3,7.7,99%,101%,44.0,-0.7,72,Other,,-26.30,-48.85,,,,,,,,,,,,,,,,,,,,,
Rio Rancho,NM,"112,524",Infrastructure,City Wide,26.8,12.8,114%,86%,41.0,6.4,39,NA,,35.31,-106.68,,,,,,,,,,,,,,,,,,,,,
Rio Rancho,NM,"112,524",Infrastructure,Best Area,39.6,4.2,111%,90%,43.8,7.6,39,NA,,35.31,-106.68,,,,,,,,,,,,,,,,,,,,,
Rio Rancho,NM,"112,524",Balanced,City Wide,23.6,12.1,114%,86%,38.0,6.4,39,NA,,35.31,-106.68,,,,,,,,,,,,,,,,,,,,,
Rio Rancho,NM,"112,524",Balanced,Best Area,35.7,5.3,111%,90%,41.0,7.6,39,NA,,35.31,-106.68,,,,,,,,,,,,,,,,,,,,,
Rio Rancho,NM,"112,524",Destination,City Wide,20.4,11.6,114%,86%,35.1,6.4,39,NA,,35.31,-106.68,,,,,,,,,,,,,,,,,,,,,
Rio Rancho,NM,"112,524",Destination,Best Area,32.0,6.0,111%,90%,38.0,7.6,39,NA,,35.31,-106.68,,,,,,,,,,,,,,,,,,,,,
Ho Chi Minh City,Vietnam,"9,000,000",Infrastructure,City Wide,20.7,12.4,100%,100%,36.9,-0.2,5,Other,,10.65,106.76,,,,,,,,,,,,,,,,,,,,,
Ho Chi Minh City,Vietnam,"9,000,000",Infrastructure,Best Area,33.1,11.9,93%,108%,45.0,-5.3,11,Other,,10.65,106.76,,,,,,,,,,,,,,,,,,,,,
Ho Chi Minh City,Vietnam,"9,000,000",Balanced,City Wide,20.8,14.9,100%,100%,37.9,-0.2,5,Other,,10.65,106.76,,,,,,,,,,,,,,,,,,,,,
Ho Chi Minh City,Vietnam,"9,000,000",Balanced,Best Area,35.7,15.8,93%,108%,51.5,-5.3,12,Other,,10.65,106.76,,,,,,,,,,,,,,,,,,,,,
Ho Chi Minh City,Vietnam,"9,000,000",Destination,City Wide,20.9,17.5,100%,100%,41.4,-0.2,5,Other,,10.65,106.76,,,,,,,,,,,,,,,,,,,,,
Ho Chi Minh City,Vietnam,"9,000,000",Destination,Best Area,38.4,19.5,93%,108%,57.9,-5.3,12,Other,,10.65,106.76,,,,,,,,,,,,,,,,,,,,,
Taiyuan,China,"5,304,061",Infrastructure,City Wide,13.9,25.1,118%,82%,52.2,4.2,0,Other,,37.87,112.54,,,,,,,,,,,,,,,,,,,,,
Taiyuan,China,"5,304,061",Infrastructure,Best Area,39.0,21.1,110%,90%,60.1,7.0,0,Other,,37.87,112.54,,,,,,,,,,,,,,,,,,,,,
Taiyuan,China,"5,304,061",Balanced,City Wide,11.8,23.7,118%,82%,47.9,4.2,0,Other,,37.87,112.54,,,,,,,,,,,,,,,,,,,,,
Taiyuan,China,"5,304,061",Balanced,Best Area,35.5,17.3,110%,90%,52.8,7.0,0,Other,,37.87,112.54,,,,,,,,,,,,,,,,,,,,,
Taiyuan,China,"5,304,061",Destination,City Wide,9.7,22.3,118%,82%,42.7,4.2,0,Other,,37.87,112.54,,,,,,,,,,,,,,,,,,,,,
Taiyuan,China,"5,304,061",Destination,Best Area,32.0,13.1,110%,90%,45.1,7.0,0,Other,,37.87,112.54,,,,,,,,,,,,,,,,,,,,,
Baku,Azerbaijan,"2,529,070",Infrastructure,City Wide,20.7,10.3,85%,112%,31.4,-6.5,5,EU,,40.38,49.83,,,,,,,,,,,,,,,,,,,,,
Baku,Azerbaijan,"2,529,070",Infrastructure,Best Area,31.0,22.7,88%,113%,53.7,-8.9,28,EU,,40.38,49.83,,,,,,,,,,,,,,,,,,,,,
Baku,Azerbaijan,"2,529,070",Balanced,City Wide,24.3,11.0,85%,112%,32.8,-6.5,5,EU,,40.38,49.83,,,,,,,,,,,,,,,,,,,,,
Baku,Azerbaijan,"2,529,070",Balanced,Best Area,35.3,21.5,88%,113%,56.8,-8.9,28,EU,,40.38,49.83,,,,,,,,,,,,,,,,,,,,,
Baku,Azerbaijan,"2,529,070",Destination,City Wide,27.2,12.7,85%,112%,40.7,-6.5,5,EU,,40.38,49.83,,,,,,,,,,,,,,,,,,,,,
Baku,Azerbaijan,"2,529,070",Destination,Best Area,39.9,20.6,88%,113%,60.5,-8.9,28,EU,,40.38,49.83,,,,,,,,,,,,,,,,,,,,,
Yiwu,China,"1,597,590",Infrastructure,City Wide,20.2,19.9,117%,80%,44.5,6.5,0,Other,,29.31,120.07,,,,,,,,,,,,,,,,,,,,,
Yiwu,China,"1,597,590",Infrastructure,Best Area,40.1,7.8,114%,86%,47.9,9.9,0,Other,,29.31,120.07,,,,,,,,,,,,,,,,,,,,,
Yiwu,China,"1,597,590",Balanced,City Wide,17.2,18.1,117%,80%,40.1,6.5,0,Other,,29.31,120.07,,,,,,,,,,,,,,,,,,,,,
Yiwu,China,"1,597,590",Balanced,Best Area,35.3,6.0,114%,86%,41.3,9.9,0,Other,,29.31,120.07,,,,,,,,,,,,,,,,,,,,,
Yiwu,China,"1,597,590",Destination,City Wide,13.7,16.5,117%,80%,34.4,6.5,0,Other,,29.31,120.07,,,,,,,,,,,,,,,,,,,,,
Yiwu,China,"1,597,590",Destination,Best Area,30.2,6.2,114%,86%,36.4,9.9,0,Other,,29.31,120.07,,,,,,,,,,,,,,,,,,,,,
Casablanca,Morocco,"3,359,818",Infrastructure,City Wide,24.6,2.7,85%,113%,27.8,-8.3,5,Other,,33.59,-7.62,,,,,,,,,,,,,,,,,,,,,
Casablanca,Morocco,"3,359,818",Infrastructure,Best Area,27.3,3.5,78%,120%,30.8,-14.8,12,Other,,33.59,-7.62,,,,,,,,,,,,,,,,,,,,,
Casablanca,Morocco,"3,359,818",Balanced,City Wide,29.0,6.2,85%,113%,37.0,-8.3,5,Other,,33.59,-7.62,,,,,,,,,,,,,,,,,,,,,
Casablanca,Morocco,"3,359,818",Balanced,Best Area,35.2,7.0,78%,120%,42.2,-14.8,12,Other,,33.59,-7.62,,,,,,,,,,,,,,,,,,,,,
Casablanca,Morocco,"3,359,818",Destination,City Wide,32.9,9.2,85%,113%,45.7,-8.3,5,Other,,33.59,-7.62,,,,,,,,,,,,,,,,,,,,,
Casablanca,Morocco,"3,359,818",Destination,Best Area,42.1,9.2,78%,120%,51.3,-14.8,12,Other,,33.59,-7.62,,,,,,,,,,,,,,,,,,,,,
Damascus,Syria,"1,880,000",Infrastructure,City Wide,18.8,6.1,70%,121%,25.5,-13.6,1,Other,,33.52,36.27,,,,,,,,,,,,,,,,,,,,,
Damascus,Syria,"1,880,000",Infrastructure,Best Area,24.9,2.7,71%,124%,27.6,-18.7,5,Other,,33.52,36.27,,,,,,,,,,,,,,,,,,,,,
Damascus,Syria,"1,880,000",Balanced,City Wide,26.8,8.4,70%,121%,36.4,-13.6,1,Other,,33.52,36.27,,,,,,,,,,,,,,,,,,,,,
Damascus,Syria,"1,880,000",Balanced,Best Area,35.2,4.9,71%,124%,40.1,-18.7,5,Other,,33.52,36.27,,,,,,,,,,,,,,,,,,,,,
Damascus,Syria,"1,880,000",Destination,City Wide,32.4,11.2,70%,121%,45.1,-13.6,1,Other,,33.52,36.27,,,,,,,,,,,,,,,,,,,,,
Damascus,Syria,"1,880,000",Destination,Best Area,43.6,6.5,71%,124%,50.1,-18.7,5,Other,,33.52,36.27,,,,,,,,,,,,,,,,,,,,,
Kinshasa*,Democratic Republic of the Congo,"18,552,800",Infrastructure,City Wide,24.3,4.6,97%,103%,29.3,-1.6,15,Other,,-4.32,15.34,,,,,,,,,,,,,,,,,,,,,
Kinshasa*,Democratic Republic of the Congo,"18,552,800",Infrastructure,Best Area,28.9,2.4,82%,116%,31.3,-11.8,51,Other,,-4.32,15.34,,,,,,,,,,,,,,,,,,,,,
Kinshasa*,Democratic Republic of the Congo,"18,552,800",Balanced,City Wide,25.1,10.0,97%,103%,36.2,-1.6,15,Other,,-4.32,15.34,,,,,,,,,,,,,,,,,,,,,
Kinshasa*,Democratic Republic of the Congo,"18,552,800",Balanced,Best Area,35.1,6.9,82%,116%,42.0,-11.8,51,Other,,-4.32,15.34,,,,,,,,,,,,,,,,,,,,,
Kinshasa*,Democratic Republic of the Congo,"18,552,800",Destination,City Wide,25.9,14.8,97%,103%,43.0,-1.6,15,Other,,-4.32,15.34,,,,,,,,,,,,,,,,,,,,,
Kinshasa*,Democratic Republic of the Congo,"18,552,800",Destination,Best Area,40.7,9.9,82%,116%,50.6,-11.8,51,Other,,-4.32,15.34,,,,,,,,,,,,,,,,,,,,,
Lakeland,FL,"124,990",Infrastructure,City Wide,27.2,9.7,105%,97%,37.1,2.0,24,NA,,28.04,-81.95,,,,,,,,,,,,,,,,,,,,,
Lakeland,FL,"124,990",Infrastructure,Best Area,36.9,1.4,105%,95%,38.3,3.5,37,NA,,28.04,-81.95,,,,,,,,,,,,,,,,,,,,,
Lakeland,FL,"124,990",Balanced,City Wide,26.0,9.1,105%,97%,35.3,2.0,24,NA,,28.04,-81.95,,,,,,,,,,,,,,,,,,,,,
Lakeland,FL,"124,990",Balanced,Best Area,35.1,1.2,105%,95%,36.3,3.5,43,NA,,28.04,-81.95,,,,,,,,,,,,,,,,,,,,,
Lakeland,FL,"124,990",Destination,City Wide,25.2,8.2,105%,97%,34.1,2.0,24,NA,,28.04,-81.95,,,,,,,,,,,,,,,,,,,,,
Lakeland,FL,"124,990",Destination,Best Area,33.4,1.7,105%,95%,35.1,3.5,43,NA,,28.04,-81.95,,,,,,,,,,,,,,,,,,,,,
Winston-Salem,NC,"250,887",Infrastructure,City Wide,16.2,20.7,96%,102%,45.9,-1.0,32,NA,,36.10,-80.24,,,,,,,,,,,,,,,,,,,,,
Winston-Salem,NC,"250,887",Infrastructure,Best Area,36.9,11.4,105%,96%,48.3,3.3,32,NA,,36.10,-80.24,,,,,,,,,,,,,,,,,,,,,
Winston-Salem,NC,"250,887",Balanced,City Wide,16.8,18.3,96%,102%,43.1,-1.0,32,NA,,36.10,-80.24,,,,,,,,,,,,,,,,,,,,,
Winston-Salem,NC,"250,887",Balanced,Best Area,35.1,9.8,105%,96%,44.9,3.3,32,NA,,36.10,-80.24,,,,,,,,,,,,,,,,,,,,,
Winston-Salem,NC,"250,887",Destination,City Wide,17.2,16.4,96%,102%,40.0,-1.0,32,NA,,36.10,-80.24,,,,,,,,,,,,,,,,,,,,,
Winston-Salem,NC,"250,887",Destination,Best Area,33.6,8.1,105%,96%,41.7,3.3,32,NA,,36.10,-80.24,,,,,,,,,,,,,,,,,,,,,
Lusaka,Zambia,"2,204,059",Infrastructure,City Wide,22.2,5.8,94%,106%,29.6,-2.8,2,Other,,-15.43,28.31,,,,,,,,,,,,,,,,,,,,,
Lusaka,Zambia,"2,204,059",Infrastructure,Best Area,28.0,6.4,80%,118%,34.4,-13.4,7,Other,,-15.43,28.31,,,,,,,,,,,,,,,,,,,,,
Lusaka,Zambia,"2,204,059",Balanced,City Wide,23.6,11.4,94%,106%,40.0,-2.8,2,Other,,-15.43,28.31,,,,,,,,,,,,,,,,,,,,,
Lusaka,Zambia,"2,204,059",Balanced,Best Area,35.0,12.9,80%,118%,47.9,-13.4,7,Other,,-15.43,28.31,,,,,,,,,,,,,,,,,,,,,
Lusaka,Zambia,"2,204,059",Destination,City Wide,25.0,16.4,94%,106%,48.2,-2.8,2,Other,,-15.43,28.31,,,,,,,,,,,,,,,,,,,,,
Lusaka,Zambia,"2,204,059",Destination,Best Area,41.4,17.2,80%,118%,58.6,-13.4,7,Other,,-15.43,28.31,,,,,,,,,,,,,,,,,,,,,
Bamako,Mali,"2,920,000",Infrastructure,City Wide,25.8,2.8,84%,114%,29.0,-9.3,0,Other,,12.61,-7.98,,,,,,,,,,,,,,,,,,,,,
Bamako,Mali,"2,920,000",Infrastructure,Best Area,28.6,1.1,82%,116%,29.7,-11.8,1,Other,,12.61,-7.98,,,,,,,,,,,,,,,,,,,,,
Bamako,Mali,"2,920,000",Balanced,City Wide,30.7,4.1,84%,114%,35.6,-9.3,0,Other,,12.61,-7.98,,,,,,,,,,,,,,,,,,,,,
Bamako,Mali,"2,920,000",Balanced,Best Area,34.8,1.8,82%,116%,36.6,-11.8,1,Other,,12.61,-7.98,,,,,,,,,,,,,,,,,,,,,
Bamako,Mali,"2,920,000",Destination,City Wide,35.1,5.3,84%,114%,41.7,-9.3,0,Other,,12.61,-7.98,,,,,,,,,,,,,,,,,,,,,
Bamako,Mali,"2,920,000",Destination,Best Area,40.4,2.3,82%,116%,42.7,-11.8,1,Other,,12.61,-7.98,,,,,,,,,,,,,,,,,,,,,
Pointe-Noire,Republic of the Congo,"715,334",Infrastructure,City Wide,25.8,3.8,99%,99%,30.2,-0.1,0,Other,,-4.80,11.90,,,,,,,,,,,,,,,,,,,,,
Pointe-Noire,Republic of the Congo,"715,334",Infrastructure,Best Area,29.6,1.9,85%,115%,31.5,-10.2,2,Other,,-4.80,11.90,,,,,,,,,,,,,,,,,,,,,
Pointe-Noire,Republic of the Congo,"715,334",Balanced,City Wide,26.1,8.6,99%,99%,37.7,-0.1,0,Other,,-4.80,11.90,,,,,,,,,,,,,,,,,,,,,
Pointe-Noire,Republic of the Congo,"715,334",Balanced,Best Area,34.7,5.7,85%,115%,40.4,-10.2,2,Other,,-4.80,11.90,,,,,,,,,,,,,,,,,,,,,
Pointe-Noire,Republic of the Congo,"715,334",Destination,City Wide,25.9,13.9,99%,99%,45.0,-0.1,0,Other,,-4.80,11.90,,,,,,,,,,,,,,,,,,,,,
Pointe-Noire,Republic of the Congo,"715,334",Destination,Best Area,39.8,8.6,85%,115%,48.4,-10.2,2,Other,,-4.80,11.90,,,,,,,,,,,,,,,,,,,,,
Little Rock,AR,"202,739",Infrastructure,City Wide,19.1,16.5,91%,108%,35.2,-3.5,4,NA,,34.75,-92.29,,,,,,,,,,,,,,,,,,,,,
Little Rock,AR,"202,739",Infrastructure,Best Area,35.6,21.1,103%,98%,56.7,1.6,19,NA,,34.75,-92.29,,,,,,,,,,,,,,,,,,,,,
Little Rock,AR,"202,739",Balanced,City Wide,21.0,13.7,91%,108%,33.4,-3.5,4,NA,,34.75,-92.29,,,,,,,,,,,,,,,,,,,,,
Little Rock,AR,"202,739",Balanced,Best Area,34.7,15.8,103%,98%,50.5,1.6,20,NA,,34.75,-92.29,,,,,,,,,,,,,,,,,,,,,
Little Rock,AR,"202,739",Destination,City Wide,22.6,11.4,91%,108%,33.0,-3.5,4,NA,,34.75,-92.29,,,,,,,,,,,,,,,,,,,,,
Little Rock,AR,"202,739",Destination,Best Area,34.0,9.4,103%,98%,43.4,1.6,21,NA,,34.75,-92.29,,,,,,,,,,,,,,,,,,,,,
Luanda,Angola,"10,421,300",Infrastructure,City Wide,25.7,2.4,86%,113%,28.2,-8.1,8,Other,,-8.83,13.24,,,,,,,,,,,,,,,,,,,,,
Luanda,Angola,"10,421,300",Infrastructure,Best Area,28.1,1.3,81%,118%,29.4,-12.9,29,Other,,-8.83,13.24,,,,,,,,,,,,,,,,,,,,,
Luanda,Angola,"10,421,300",Balanced,City Wide,29.9,4.7,86%,113%,34.8,-8.1,7,Other,,-8.83,13.24,,,,,,,,,,,,,,,,,,,,,
Luanda,Angola,"10,421,300",Balanced,Best Area,34.6,3.3,81%,118%,37.9,-12.9,29,Other,,-8.83,13.24,,,,,,,,,,,,,,,,,,,,,
Luanda,Angola,"10,421,300",Destination,City Wide,33.8,7.2,86%,113%,41.6,-8.1,7,Other,,-8.83,13.24,,,,,,,,,,,,,,,,,,,,,
Luanda,Angola,"10,421,300",Destination,Best Area,41.0,5.4,81%,118%,46.4,-12.9,29,Other,,-8.83,13.24,,,,,,,,,,,,,,,,,,,,,
Cape Coral,FL,"206,387",Infrastructure,City Wide,28.6,9.6,110%,85%,39.7,6.5,27,NA,,26.56,-81.94,,,,,,,,,,,,,,,,,,,,,
Cape Coral,FL,"206,387",Infrastructure,Best Area,38.2,4.3,110%,91%,42.5,6.6,27,NA,,26.56,-81.94,,,,,,,,,,,,,,,,,,,,,
Cape Coral,FL,"206,387",Balanced,City Wide,26.0,8.6,110%,85%,36.1,6.5,27,NA,,26.56,-81.94,,,,,,,,,,,,,,,,,,,,,
Cape Coral,FL,"206,387",Balanced,Best Area,34.6,2.0,110%,91%,36.6,6.6,27,NA,,26.56,-81.94,,,,,,,,,,,,,,,,,,,,,
Cape Coral,FL,"206,387",Destination,City Wide,22.1,9.5,110%,85%,32.3,6.5,27,NA,,26.56,-81.94,,,,,,,,,,,,,,,,,,,,,
Cape Coral,FL,"206,387",Destination,Best Area,31.6,3.8,110%,91%,35.4,6.6,27,NA,,26.56,-81.94,,,,,,,,,,,,,,,,,,,,,
Fort-de-France,France,"74,921",Infrastructure,City Wide,18.1,7.3,77%,119%,26.0,-10.0,10,NA,,14.60,-61.07,,,,,,,,,,,,,,,,,,,,,
Fort-de-France,France,"74,921",Infrastructure,Best Area,25.4,1.2,73%,121%,26.6,-16.5,24,NA,,14.60,-61.07,,,,,,,,,,,,,,,,,,,,,
Fort-de-France,France,"74,921",Balanced,City Wide,23.6,11.0,77%,119%,34.7,-10.0,10,NA,,14.60,-61.07,,,,,,,,,,,,,,,,,,,,,
Fort-de-France,France,"74,921",Balanced,Best Area,34.6,0.5,73%,121%,35.1,-16.5,24,NA,,14.60,-61.07,,,,,,,,,,,,,,,,,,,,,
Fort-de-France,France,"74,921",Destination,City Wide,28.1,13.8,77%,119%,42.0,-10.0,10,NA,,14.60,-61.07,,,,,,,,,,,,,,,,,,,,,
Fort-de-France,France,"74,921",Destination,Best Area,41.9,0.6,73%,121%,42.5,-16.5,24,NA,,14.60,-61.07,,,,,,,,,,,,,,,,,,,,,
Santiago de Cuba,Cuba,"430,000",Infrastructure,City Wide,15.7,11.0,86%,113%,29.5,-5.0,21,NA,,20.02,-75.83,,,,,,,,,,,,,,,,,,,,,
Santiago de Cuba,Cuba,"430,000",Infrastructure,Best Area,26.7,3.2,77%,120%,29.9,-14.7,25,NA,,20.02,-75.83,,,,,,,,,,,,,,,,,,,,,
Santiago de Cuba,Cuba,"430,000",Balanced,City Wide,18.3,16.3,86%,113%,38.7,-5.0,21,NA,,20.02,-75.83,,,,,,,,,,,,,,,,,,,,,
Santiago de Cuba,Cuba,"430,000",Balanced,Best Area,34.6,4.2,77%,120%,38.8,-14.7,25,NA,,20.02,-75.83,,,,,,,,,,,,,,,,,,,,,
Santiago de Cuba,Cuba,"430,000",Destination,City Wide,20.7,20.7,86%,113%,45.9,-5.0,21,NA,,20.02,-75.83,,,,,,,,,,,,,,,,,,,,,
Santiago de Cuba,Cuba,"430,000",Destination,Best Area,41.4,5.0,77%,120%,46.4,-14.7,25,NA,,20.02,-75.83,,,,,,,,,,,,,,,,,,,,,
Faisalabad,Pakistan,"3,200,000",Infrastructure,City Wide,26.6,4.6,97%,103%,32.1,-1.4,11,Other,,31.42,73.09,,,,,,,,,,,,,,,,,,,,,
Faisalabad,Pakistan,"3,200,000",Infrastructure,Best Area,31.2,2.2,90%,110%,33.4,-6.7,18,Other,,31.42,73.09,,,,,,,,,,,,,,,,,,,,,
Faisalabad,Pakistan,"3,200,000",Balanced,City Wide,27.3,7.2,97%,103%,35.8,-1.4,11,Other,,31.42,73.09,,,,,,,,,,,,,,,,,,,,,
Faisalabad,Pakistan,"3,200,000",Balanced,Best Area,34.5,3.8,90%,110%,38.3,-6.7,18,Other,,31.42,73.09,,,,,,,,,,,,,,,,,,,,,
Faisalabad,Pakistan,"3,200,000",Destination,City Wide,28.0,9.9,97%,103%,39.8,-1.4,11,Other,,31.42,73.09,,,,,,,,,,,,,,,,,,,,,
Faisalabad,Pakistan,"3,200,000",Destination,Best Area,37.9,5.1,90%,110%,43.0,-6.7,18,Other,,31.42,73.09,,,,,,,,,,,,,,,,,,,,,
Porto Velho*,Brazil,"460,413",Infrastructure,City Wide,23.5,11.4,100%,100%,34.9,0.1,44,Other,,-8.75,-63.87,,,,,,,,,,,,,,,,,,,,,
Porto Velho*,Brazil,"460,413",Infrastructure,Best Area,34.9,0.0,101%,99%,34.9,0.9,58,Other,,-8.75,-63.87,,,,,,,,,,,,,,,,,,,,,
Porto Velho*,Brazil,"460,413",Balanced,City Wide,23.5,11.0,100%,100%,34.5,0.1,45,Other,,-8.75,-63.87,,,,,,,,,,,,,,,,,,,,,
Porto Velho*,Brazil,"460,413",Balanced,Best Area,34.5,0.0,101%,99%,34.5,0.9,58,Other,,-8.75,-63.87,,,,,,,,,,,,,,,,,,,,,
Porto Velho*,Brazil,"460,413",Destination,City Wide,23.4,10.6,100%,100%,34.0,0.1,45,Other,,-8.75,-63.87,,,,,,,,,,,,,,,,,,,,,
Porto Velho*,Brazil,"460,413",Destination,Best Area,34.0,0.0,101%,99%,34.0,0.9,58,Other,,-8.75,-63.87,,,,,,,,,,,,,,,,,,,,,
Changwon,South Korea,"1,059,130",Infrastructure,City Wide,18.8,14.1,89%,108%,37.8,-4.0,4,Other,,35.23,128.68,,,,,,,,,,,,,,,,,,,,,
Changwon,South Korea,"1,059,130",Infrastructure,Best Area,32.9,13.4,95%,106%,46.3,-3.7,35,Other,,35.23,128.68,,,,,,,,,,,,,,,,,,,,,
Changwon,South Korea,"1,059,130",Balanced,City Wide,21.1,13.4,89%,108%,39.5,-4.0,4,Other,,35.23,128.68,,,,,,,,,,,,,,,,,,,,,
Changwon,South Korea,"1,059,130",Balanced,Best Area,34.5,6.6,95%,106%,41.1,-3.7,42,Other,,35.23,128.68,,,,,,,,,,,,,,,,,,,,,
Changwon,South Korea,"1,059,130",Destination,City Wide,22.8,13.8,89%,108%,40.3,-4.0,4,Other,,35.23,128.68,,,,,,,,,,,,,,,,,,,,,
Changwon,South Korea,"1,059,130",Destination,Best Area,36.6,5.9,95%,106%,42.5,-3.7,44,Other,,35.23,128.68,,,,,,,,,,,,,,,,,,,,,
Perugia,Italy,"161,748",Infrastructure,City Wide,19.8,13.3,95%,103%,35.3,-1.6,10,EU,,43.11,12.39,,,,,,,,,,,,,,,,,,,,,
Perugia,Italy,"161,748",Infrastructure,Best Area,33.1,5.1,96%,106%,38.2,-3.4,49,EU,,43.11,12.39,,,,,,,,,,,,,,,,,,,,,
Perugia,Italy,"161,748",Balanced,City Wide,20.8,13.7,95%,103%,35.9,-1.6,10,EU,,43.11,12.39,,,,,,,,,,,,,,,,,,,,,
Perugia,Italy,"161,748",Balanced,Best Area,34.5,4.9,96%,106%,39.4,-3.4,54,EU,,43.11,12.39,,,,,,,,,,,,,,,,,,,,,
Perugia,Italy,"161,748",Destination,City Wide,21.4,15.1,95%,103%,35.3,-1.6,10,EU,,43.11,12.39,,,,,,,,,,,,,,,,,,,,,
Perugia,Italy,"161,748",Destination,Best Area,36.5,11.9,96%,106%,48.4,-3.4,54,EU,,43.11,12.39,,,,,,,,,,,,,,,,,,,,,
Baghdad,Iraq,"8,370,000",Infrastructure,City Wide,23.6,3.2,83%,114%,27.4,-9.0,0,Other,,33.31,44.39,,,,,,,,,,,,,,,,,,,,,
Baghdad,Iraq,"8,370,000",Infrastructure,Best Area,26.8,3.2,78%,120%,30.0,-14.6,1,Other,,33.31,44.39,,,,,,,,,,,,,,,,,,,,,
Baghdad,Iraq,"8,370,000",Balanced,City Wide,28.5,5.9,83%,114%,35.4,-9.0,0,Other,,33.31,44.39,,,,,,,,,,,,,,,,,,,,,
Baghdad,Iraq,"8,370,000",Balanced,Best Area,34.4,5.7,78%,120%,40.1,-14.6,2,Other,,33.31,44.39,,,,,,,,,,,,,,,,,,,,,
Baghdad,Iraq,"8,370,000",Destination,City Wide,32.6,8.8,83%,114%,42.3,-9.0,0,Other,,33.31,44.39,,,,,,,,,,,,,,,,,,,,,
Baghdad,Iraq,"8,370,000",Destination,Best Area,41.4,8.5,78%,120%,49.9,-14.6,2,Other,,33.31,44.39,,,,,,,,,,,,,,,,,,,,,
Monterrey,Mexico,"1,171,399",Infrastructure,City Wide,25.0,4.8,90%,109%,30.6,-5.4,10,NA,,25.64,-100.29,,,,,,,,,,,,,,,,,,,,,
Monterrey,Mexico,"1,171,399",Infrastructure,Best Area,29.8,3.4,87%,113%,33.2,-8.9,32,NA,,25.64,-100.29,,,,,,,,,,,,,,,,,,,,,
Monterrey,Mexico,"1,171,399",Balanced,City Wide,27.8,6.6,90%,109%,34.9,-5.4,10,NA,,25.64,-100.29,,,,,,,,,,,,,,,,,,,,,
Monterrey,Mexico,"1,171,399",Balanced,Best Area,34.4,5.0,87%,113%,39.4,-8.9,32,NA,,25.64,-100.29,,,,,,,,,,,,,,,,,,,,,
Monterrey,Mexico,"1,171,399",Destination,City Wide,30.4,8.3,90%,109%,39.9,-5.4,10,NA,,25.64,-100.29,,,,,,,,,,,,,,,,,,,,,
Monterrey,Mexico,"1,171,399",Destination,Best Area,38.7,6.4,87%,113%,45.1,-8.9,32,NA,,25.64,-100.29,,,,,,,,,,,,,,,,,,,,,
Yerevan,Armenia,"1,141,100",Infrastructure,City Wide,19.5,5.2,73%,120%,25.4,-12.6,65,EU,,40.18,44.51,,,,,,,,,,,,,,,,,,,,,
Yerevan,Armenia,"1,141,100",Infrastructure,Best Area,24.7,2.2,72%,125%,26.9,-18.2,91,EU,,40.18,44.51,,,,,,,,,,,,,,,,,,,,,
Yerevan,Armenia,"1,141,100",Balanced,City Wide,26.8,7.6,73%,120%,34.5,-12.6,65,EU,,40.18,44.51,,,,,,,,,,,,,,,,,,,,,
Yerevan,Armenia,"1,141,100",Balanced,Best Area,34.4,7.9,72%,125%,42.3,-18.2,91,EU,,40.18,44.51,,,,,,,,,,,,,,,,,,,,,
Yerevan,Armenia,"1,141,100",Destination,City Wide,32.1,10.8,73%,120%,43.5,-12.6,65,EU,,40.18,44.51,,,,,,,,,,,,,,,,,,,,,
Yerevan,Armenia,"1,141,100",Destination,Best Area,42.9,11.2,72%,125%,54.1,-18.2,91,EU,,40.18,44.51,,,,,,,,,,,,,,,,,,,,,
Lhasa*,China,"867,891",Infrastructure,City Wide,33.2,9.1,127%,69%,42.3,15.2,3,Other,,29.65,91.12,,,,,,,,,,,,,,,,,,,,,
Lhasa*,China,"867,891",Infrastructure,Best Area,42.3,0.0,123%,72%,42.3,17.6,0,Other,,29.65,91.12,,,,,,,,,,,,,,,,,,,,,
Lhasa*,China,"867,891",Balanced,City Wide,26.1,8.3,127%,69%,34.4,15.2,3,Other,,29.65,91.12,,,,,,,,,,,,,,,,,,,,,
Lhasa*,China,"867,891",Balanced,Best Area,34.4,0.0,123%,72%,34.4,17.6,0,Other,,29.65,91.12,,,,,,,,,,,,,,,,,,,,,
Lhasa*,China,"867,891",Destination,City Wide,18.0,6.7,127%,69%,24.7,15.2,3,Other,,29.65,91.12,,,,,,,,,,,,,,,,,,,,,
Lhasa*,China,"867,891",Destination,Best Area,24.7,0.0,123%,72%,24.7,17.6,25,Other,,29.65,91.12,,,,,,,,,,,,,,,,,,,,,
Algiers,Algeria,"3,057,000",Infrastructure,City Wide,17.0,11.9,76%,116%,27.1,-8.9,2,Other,,36.70,3.03,,,,,,,,,,,,,,,,,,,,,
Algiers,Algeria,"3,057,000",Infrastructure,Best Area,28.9,24.0,85%,113%,52.9,-9.9,5,Other,,36.70,3.03,,,,,,,,,,,,,,,,,,,,,
Algiers,Algeria,"3,057,000",Balanced,City Wide,22.3,11.9,76%,116%,36.2,-8.9,2,Other,,36.70,3.03,,,,,,,,,,,,,,,,,,,,,
Algiers,Algeria,"3,057,000",Balanced,Best Area,34.2,16.0,85%,113%,50.2,-9.9,6,Other,,36.70,3.03,,,,,,,,,,,,,,,,,,,,,
Algiers,Algeria,"3,057,000",Destination,City Wide,25.9,12.9,76%,116%,41.5,-8.9,2,Other,,36.70,3.03,,,,,,,,,,,,,,,,,,,,,
Algiers,Algeria,"3,057,000",Destination,Best Area,38.8,8.6,85%,113%,47.4,-9.9,6,Other,,36.70,3.03,,,,,,,,,,,,,,,,,,,,,
Surabaya,Indonesia,"2,900,000",Infrastructure,City Wide,22.7,4.4,80%,117%,28.0,-10.3,5,Other,,-7.25,112.74,,,,,,,,,,,,,,,,,,,,,
Surabaya,Indonesia,"2,900,000",Infrastructure,Best Area,27.1,1.9,80%,119%,29.0,-13.2,24,Other,,-7.25,112.74,,,,,,,,,,,,,,,,,,,,,
Surabaya,Indonesia,"2,900,000",Balanced,City Wide,28.3,5.7,80%,117%,35.1,-10.3,5,Other,,-7.25,112.74,,,,,,,,,,,,,,,,,,,,,
Surabaya,Indonesia,"2,900,000",Balanced,Best Area,34.0,3.4,80%,119%,37.4,-13.2,24,Other,,-7.25,112.74,,,,,,,,,,,,,,,,,,,,,
Surabaya,Indonesia,"2,900,000",Destination,City Wide,33.0,7.3,80%,117%,41.4,-10.3,5,Other,,-7.25,112.74,,,,,,,,,,,,,,,,,,,,,
Surabaya,Indonesia,"2,900,000",Destination,Best Area,40.3,4.6,80%,119%,44.9,-13.2,24,Other,,-7.25,112.74,,,,,,,,,,,,,,,,,,,,,
Joao Pessoa,Brazil,"910,000",Infrastructure,City Wide,24.5,7.9,95%,105%,33.6,-2.7,7,Other,,-7.12,-34.88,,,,,,,,,,,,,,,,,,,,,
Joao Pessoa,Brazil,"910,000",Infrastructure,Best Area,32.4,8.3,95%,107%,40.7,-4.0,39,Other,,-7.12,-34.88,,,,,,,,,,,,,,,,,,,,,
Joao Pessoa,Brazil,"910,000",Balanced,City Wide,25.9,8.1,95%,105%,37.0,-2.7,7,Other,,-7.12,-34.88,,,,,,,,,,,,,,,,,,,,,
Joao Pessoa,Brazil,"910,000",Balanced,Best Area,34.0,7.7,95%,107%,41.7,-4.0,42,Other,,-7.12,-34.88,,,,,,,,,,,,,,,,,,,,,
Joao Pessoa,Brazil,"910,000",Destination,City Wide,27.2,9.2,95%,105%,39.9,-2.7,7,Other,,-7.12,-34.88,,,,,,,,,,,,,,,,,,,,,
Joao Pessoa,Brazil,"910,000",Destination,Best Area,36.4,7.1,95%,107%,43.5,-4.0,45,Other,,-7.12,-34.88,,,,,,,,,,,,,,,,,,,,,
Mumbai Suburban District,India,"9,300,000",Infrastructure,City Wide,17.9,9.0,69%,121%,28.3,-13.5,3,Other,Yes,19.13,72.89,,,,,,,,,,,,,,,,,,,,,
Mumbai Suburban District,India,"9,300,000",Infrastructure,Best Area,26.9,10.6,79%,117%,37.5,-12.7,19,Other,Yes,19.13,72.89,,,,,,,,,,,,,,,,,,,,,
Mumbai Suburban District,India,"9,300,000",Balanced,City Wide,26.0,7.9,69%,121%,34.5,-13.5,3,Other,Yes,19.13,72.89,,,,,,,,,,,,,,,,,,,,,
Mumbai Suburban District,India,"9,300,000",Balanced,Best Area,33.9,7.9,79%,117%,41.8,-12.7,19,Other,Yes,19.13,72.89,,,,,,,,,,,,,,,,,,,,,
Mumbai Suburban District,India,"9,300,000",Destination,City Wide,31.4,8.2,69%,121%,40.0,-13.5,3,Other,Yes,19.13,72.89,,,,,,,,,,,,,,,,,,,,,
Mumbai Suburban District,India,"9,300,000",Destination,Best Area,39.6,10.6,79%,117%,50.2,-12.7,19,Other,Yes,19.13,72.89,,,,,,,,,,,,,,,,,,,,,
Ecatepec,Mexico,"1,600,000",Infrastructure,City Wide,26.3,6.5,92%,108%,34.6,-4.6,11,NA,,19.60,-99.05,,,,,,,,,,,,,,,,,,,,,
Ecatepec,Mexico,"1,600,000",Infrastructure,Best Area,32.8,2.6,97%,104%,35.4,-2.5,31,NA,,19.60,-99.05,,,,,,,,,,,,,,,,,,,,,
Ecatepec,Mexico,"1,600,000",Balanced,City Wide,28.5,5.3,92%,108%,35.7,-4.6,11,NA,,19.60,-99.05,,,,,,,,,,,,,,,,,,,,,
Ecatepec,Mexico,"1,600,000",Balanced,Best Area,33.8,3.1,97%,104%,36.9,-2.5,32,NA,,19.60,-99.05,,,,,,,,,,,,,,,,,,,,,
Ecatepec,Mexico,"1,600,000",Destination,City Wide,30.9,4.4,92%,108%,36.4,-4.6,11,NA,,19.60,-99.05,,,,,,,,,,,,,,,,,,,,,
Ecatepec,Mexico,"1,600,000",Destination,Best Area,35.3,3.0,97%,104%,38.3,-2.5,34,NA,,19.60,-99.05,,,,,,,,,,,,,,,,,,,,,
Morelia,Mexico,"849,053",Infrastructure,City Wide,21.8,13.6,104%,93%,38.3,2.4,0,NA,,19.65,-101.26,,,,,,,,,,,,,,,,,,,,,
Morelia,Mexico,"849,053",Infrastructure,Best Area,35.4,7.1,105%,99%,42.5,1.9,2,NA,,19.65,-101.26,,,,,,,,,,,,,,,,,,,,,
Morelia,Mexico,"849,053",Balanced,City Wide,20.9,12.9,104%,93%,36.4,2.4,0,NA,,19.65,-101.26,,,,,,,,,,,,,,,,,,,,,
Morelia,Mexico,"849,053",Balanced,Best Area,33.8,5.2,105%,99%,39.0,1.9,2,NA,,19.65,-101.26,,,,,,,,,,,,,,,,,,,,,
Morelia,Mexico,"849,053",Destination,City Wide,19.4,14.1,104%,93%,33.6,2.4,0,NA,,19.65,-101.26,,,,,,,,,,,,,,,,,,,,,
Morelia,Mexico,"849,053",Destination,Best Area,33.5,9.1,105%,99%,42.6,1.9,2,NA,,19.65,-101.26,,,,,,,,,,,,,,,,,,,,,
Mamoudzou,France,"71,437",Infrastructure,City Wide,21.4,2.2,75%,120%,24.0,-12.7,96,NA,,-12.78,45.23,,,,,,,,,,,,,,,,,,,,,
Mamoudzou,France,"71,437",Infrastructure,Best Area,23.6,0.4,70%,124%,24.0,-18.1,96,NA,,-12.78,45.23,,,,,,,,,,,,,,,,,,,,,
Mamoudzou,France,"71,437",Balanced,City Wide,28.5,5.2,75%,120%,33.8,-12.7,96,NA,,-12.78,45.23,,,,,,,,,,,,,,,,,,,,,
Mamoudzou,France,"71,437",Balanced,Best Area,33.7,0.1,70%,124%,33.8,-18.1,96,NA,,-12.78,45.23,,,,,,,,,,,,,,,,,,,,,
Mamoudzou,France,"71,437",Destination,City Wide,34.1,7.6,75%,120%,41.9,-12.7,96,NA,,-12.78,45.23,,,,,,,,,,,,,,,,,,,,,
Mamoudzou,France,"71,437",Destination,Best Area,41.7,0.2,70%,124%,41.9,-18.1,96,NA,,-12.78,45.23,,,,,,,,,,,,,,,,,,,,,
Tunis,Tunisia,"693,210",Infrastructure,City Wide,22.1,4.3,83%,115%,26.7,-8.6,16,Other,,36.80,10.19,,,,,,,,,,,,,,,,,,,,,
Tunis,Tunisia,"693,210",Infrastructure,Best Area,26.4,1.7,78%,119%,28.1,-13.7,72,Other,,36.80,10.19,,,,,,,,,,,,,,,,,,,,,
Tunis,Tunisia,"693,210",Balanced,City Wide,26.7,7.0,83%,115%,34.2,-8.6,15,Other,,36.80,10.19,,,,,,,,,,,,,,,,,,,,,
Tunis,Tunisia,"693,210",Balanced,Best Area,33.7,4.7,78%,119%,38.4,-13.7,72,Other,,36.80,10.19,,,,,,,,,,,,,,,,,,,,,
Tunis,Tunisia,"693,210",Destination,City Wide,30.7,9.4,83%,115%,40.4,-8.6,15,Other,,36.80,10.19,,,,,,,,,,,,,,,,,,,,,
Tunis,Tunisia,"693,210",Destination,Best Area,40.1,6.6,78%,119%,46.7,-13.7,72,Other,,36.80,10.19,,,,,,,,,,,,,,,,,,,,,
Basra,Iraq,"3,000,000",Infrastructure,City Wide,18.5,7.0,77%,117%,26.6,-9.5,2,Other,,30.58,47.57,,,,,,,,,,,,,,,,,,,,,
Basra,Iraq,"3,000,000",Infrastructure,Best Area,25.5,3.3,76%,120%,28.8,-15.0,7,Other,,30.58,47.57,,,,,,,,,,,,,,,,,,,,,
Basra,Iraq,"3,000,000",Balanced,City Wide,24.0,9.7,77%,117%,36.8,-9.5,1,Other,,30.58,47.57,,,,,,,,,,,,,,,,,,,,,
Basra,Iraq,"3,000,000",Balanced,Best Area,33.7,4.9,76%,120%,38.6,-15.0,7,Other,,30.58,47.57,,,,,,,,,,,,,,,,,,,,,
Basra,Iraq,"3,000,000",Destination,City Wide,28.0,12.5,77%,117%,44.0,-9.5,1,Other,,30.58,47.57,,,,,,,,,,,,,,,,,,,,,
Basra,Iraq,"3,000,000",Destination,Best Area,40.5,7.1,76%,120%,47.6,-15.0,7,Other,,30.58,47.57,,,,,,,,,,,,,,,,,,,,,
Campeche,Mexico,"294,077",Infrastructure,City Wide,19.3,10.6,94%,105%,34.4,-2.4,28,NA,,19.59,-90.25,,,,,,,,,,,,,,,,,,,,,
Campeche,Mexico,"294,077",Infrastructure,Best Area,29.9,4.5,89%,111%,34.4,-7.4,47,NA,,19.59,-90.25,,,,,,,,,,,,,,,,,,,,,
Campeche,Mexico,"294,077",Balanced,City Wide,20.6,13.1,94%,105%,38.0,-2.4,28,NA,,19.59,-90.25,,,,,,,,,,,,,,,,,,,,,
Campeche,Mexico,"294,077",Balanced,Best Area,33.7,4.3,89%,111%,38.0,-7.4,47,NA,,19.59,-90.25,,,,,,,,,,,,,,,,,,,,,
Campeche,Mexico,"294,077",Destination,City Wide,21.7,15.6,94%,105%,41.4,-2.4,28,NA,,19.59,-90.25,,,,,,,,,,,,,,,,,,,,,
Campeche,Mexico,"294,077",Destination,Best Area,37.3,4.1,89%,111%,41.4,-7.4,47,NA,,19.59,-90.25,,,,,,,,,,,,,,,,,,,,,
Kingston,Jamaica,"580,000",Infrastructure,City Wide,22.8,3.7,78%,118%,26.6,-11.8,32,NA,,17.97,-76.77,,,,,,,,,,,,,,,,,,,,,
Kingston,Jamaica,"580,000",Infrastructure,Best Area,26.5,0.7,79%,118%,27.2,-12.8,32,NA,,17.97,-76.77,,,,,,,,,,,,,,,,,,,,,
Kingston,Jamaica,"580,000",Balanced,City Wide,29.4,4.0,78%,118%,33.7,-11.8,32,NA,,17.97,-76.77,,,,,,,,,,,,,,,,,,,,,
Kingston,Jamaica,"580,000",Balanced,Best Area,33.4,0.5,79%,118%,33.9,-12.8,32,NA,,17.97,-76.77,,,,,,,,,,,,,,,,,,,,,
Kingston,Jamaica,"580,000",Destination,City Wide,34.6,4.7,78%,118%,39.2,-11.8,32,NA,,17.97,-76.77,,,,,,,,,,,,,,,,,,,,,
Kingston,Jamaica,"580,000",Destination,Best Area,39.3,0.9,79%,118%,40.2,-12.8,32,NA,,17.97,-76.77,,,,,,,,,,,,,,,,,,,,,
Chennai,India,"7,100,000",Infrastructure,City Wide,21.1,6.1,83%,114%,27.6,-7.8,2,Other,,13.08,80.27,,,,,,,,,,,,,,,,,,,,,
Chennai,India,"7,100,000",Infrastructure,Best Area,27.2,5.5,81%,117%,32.7,-12.0,22,Other,,13.08,80.27,,,,,,,,,,,,,,,,,,,,,
Chennai,India,"7,100,000",Balanced,City Wide,25.4,8.0,83%,114%,35.8,-7.8,2,Other,,13.08,80.27,,,,,,,,,,,,,,,,,,,,,
Chennai,India,"7,100,000",Balanced,Best Area,33.4,8.2,81%,117%,41.6,-12.0,22,Other,,13.08,80.27,,,,,,,,,,,,,,,,,,,,,
Chennai,India,"7,100,000",Destination,City Wide,28.9,10.3,83%,114%,40.8,-7.8,2,Other,,13.08,80.27,,,,,,,,,,,,,,,,,,,,,
Chennai,India,"7,100,000",Destination,Best Area,39.2,13.0,81%,117%,52.2,-12.0,22,Other,,13.08,80.27,,,,,,,,,,,,,,,,,,,,,
Tangier,Morocco,"947,952",Infrastructure,City Wide,22.1,5.4,89%,109%,27.4,-5.0,2,Other,,35.77,-5.80,,,,,,,,,,,,,,,,,,,,,
Tangier,Morocco,"947,952",Infrastructure,Best Area,27.5,1.2,83%,116%,28.7,-11.2,8,Other,,35.77,-5.80,,,,,,,,,,,,,,,,,,,,,
Tangier,Morocco,"947,952",Balanced,City Wide,24.8,8.5,89%,109%,34.7,-5.0,2,Other,,35.77,-5.80,,,,,,,,,,,,,,,,,,,,,
Tangier,Morocco,"947,952",Balanced,Best Area,33.3,4.8,83%,116%,38.1,-11.2,8,Other,,35.77,-5.80,,,,,,,,,,,,,,,,,,,,,
Tangier,Morocco,"947,952",Destination,City Wide,27.1,11.6,89%,109%,41.3,-5.0,2,Other,,35.77,-5.80,,,,,,,,,,,,,,,,,,,,,
Tangier,Morocco,"947,952",Destination,Best Area,38.7,7.4,83%,116%,46.1,-11.2,8,Other,,35.77,-5.80,,,,,,,,,,,,,,,,,,,,,
Dushanbe,Tajikistan,"1,068,000",Infrastructure,City Wide,17.6,6.7,84%,111%,24.5,-5.7,0,Other,,38.58,68.79,,,,,,,,,,,,,,,,,,,,,
Dushanbe,Tajikistan,"1,068,000",Infrastructure,Best Area,24.3,3.1,73%,123%,27.4,-16.5,2,Other,,38.58,68.79,,,,,,,,,,,,,,,,,,,,,
Dushanbe,Tajikistan,"1,068,000",Balanced,City Wide,20.9,12.4,84%,111%,35.4,-5.7,0,Other,,38.58,68.79,,,,,,,,,,,,,,,,,,,,,
Dushanbe,Tajikistan,"1,068,000",Balanced,Best Area,33.3,4.5,73%,123%,37.8,-16.5,2,Other,,38.58,68.79,,,,,,,,,,,,,,,,,,,,,
Dushanbe,Tajikistan,"1,068,000",Destination,City Wide,23.3,17.5,84%,111%,42.9,-5.7,0,Other,,38.58,68.79,,,,,,,,,,,,,,,,,,,,,
Dushanbe,Tajikistan,"1,068,000",Destination,Best Area,40.8,5.9,73%,123%,46.7,-16.5,2,Other,,38.58,68.79,,,,,,,,,,,,,,,,,,,,,
Rio Branco*,Brazil,"364,756",Infrastructure,City Wide,20.3,13.6,105%,95%,34.8,2.0,11,Other,,-9.98,-67.82,,,,,,,,,,,,,,,,,,,,,
Rio Branco*,Brazil,"364,756",Infrastructure,Best Area,33.9,1.4,102%,100%,35.3,0.6,31,Other,,-9.98,-67.82,,,,,,,,,,,,,,,,,,,,,
Rio Branco*,Brazil,"364,756",Balanced,City Wide,19.3,14.0,105%,95%,32.9,2.0,11,Other,,-9.98,-67.82,,,,,,,,,,,,,,,,,,,,,
Rio Branco*,Brazil,"364,756",Balanced,Best Area,33.3,1.3,102%,100%,34.6,0.6,31,Other,,-9.98,-67.82,,,,,,,,,,,,,,,,,,,,,
Rio Branco*,Brazil,"364,756",Destination,City Wide,18.3,15.0,105%,95%,33.1,2.0,11,Other,,-9.98,-67.82,,,,,,,,,,,,,,,,,,,,,
Rio Branco*,Brazil,"364,756",Destination,Best Area,33.3,0.5,102%,100%,33.8,0.6,31,Other,,-9.98,-67.82,,,,,,,,,,,,,,,,,,,,,
Aguascalientes,Mexico,"948,990",Infrastructure,City Wide,17.6,12.1,98%,102%,32.9,-0.7,26,NA,,21.85,-102.31,,,,,,,,,,,,,,,,,,,,,
Aguascalientes,Mexico,"948,990",Infrastructure,Best Area,29.7,8.2,89%,110%,37.9,-6.9,53,NA,,21.85,-102.31,,,,,,,,,,,,,,,,,,,,,
Aguascalientes,Mexico,"948,990",Balanced,City Wide,18.0,15.3,98%,102%,37.9,-0.7,26,NA,,21.85,-102.31,,,,,,,,,,,,,,,,,,,,,
Aguascalientes,Mexico,"948,990",Balanced,Best Area,33.3,7.9,89%,110%,41.2,-6.9,54,NA,,21.85,-102.31,,,,,,,,,,,,,,,,,,,,,
Aguascalientes,Mexico,"948,990",Destination,City Wide,18.3,18.3,98%,102%,40.6,-0.7,26,NA,,21.85,-102.31,,,,,,,,,,,,,,,,,,,,,
Aguascalientes,Mexico,"948,990",Destination,Best Area,36.6,10.2,89%,110%,46.8,-6.9,54,NA,,21.85,-102.31,,,,,,,,,,,,,,,,,,,,,
Sedona,AZ,"9,770",Infrastructure,City Wide,30.0,5.3,102%,99%,36.9,1.0,21,NA,,34.87,-111.76,,,,,,,,,,,,,,,,,,,,,
Sedona,AZ,"9,770",Infrastructure,Best Area,35.3,1.8,106%,94%,37.1,4.2,67,NA,,34.87,-111.76,,,,,,,,,,,,,,,,,,,,,
Sedona,AZ,"9,770",Balanced,City Wide,29.4,3.8,102%,99%,33.5,1.0,21,NA,,34.87,-111.76,,,,,,,,,,,,,,,,,,,,,
Sedona,AZ,"9,770",Balanced,Best Area,33.2,0.9,106%,94%,34.1,4.2,67,NA,,34.87,-111.76,,,,,,,,,,,,,,,,,,,,,
Sedona,AZ,"9,770",Destination,City Wide,29.0,2.1,102%,99%,31.3,1.0,21,NA,,34.87,-111.76,,,,,,,,,,,,,,,,,,,,,
Sedona,AZ,"9,770",Destination,Best Area,31.1,0.3,106%,94%,31.4,4.2,67,NA,,34.87,-111.76,,,,,,,,,,,,,,,,,,,,,
Valencia,Venezuela,"1,483,598",Infrastructure,City Wide,25.3,3.0,91%,109%,28.6,-5.0,3,Other,,10.17,-68.00,,,,,,,,,,,,,,,,,,,,,
Valencia,Venezuela,"1,483,598",Infrastructure,Best Area,28.3,1.5,85%,114%,29.8,-9.5,9,Other,,10.17,-68.00,,,,,,,,,,,,,,,,,,,,,
Valencia,Venezuela,"1,483,598",Balanced,City Wide,27.8,5.4,91%,109%,33.8,-5.0,3,Other,,10.17,-68.00,,,,,,,,,,,,,,,,,,,,,
Valencia,Venezuela,"1,483,598",Balanced,Best Area,33.2,1.8,85%,114%,35.0,-9.5,9,Other,,10.17,-68.00,,,,,,,,,,,,,,,,,,,,,
Valencia,Venezuela,"1,483,598",Destination,City Wide,30.3,7.5,91%,109%,38.5,-5.0,3,Other,,10.17,-68.00,,,,,,,,,,,,,,,,,,,,,
Valencia,Venezuela,"1,483,598",Destination,Best Area,37.8,2.5,85%,114%,40.3,-9.5,9,Other,,10.17,-68.00,,,,,,,,,,,,,,,,,,,,,
Panama City,Panama,"1,183,333",Infrastructure,City Wide,15.4,10.6,83%,114%,27.3,-5.6,15,Other,,9.20,-79.41,,,,,,,,,,,,,,,,,,,,,
Panama City,Panama,"1,183,333",Infrastructure,Best Area,26.0,15.2,79%,118%,41.2,-13.2,61,Other,,9.20,-79.41,,,,,,,,,,,,,,,,,,,,,
Panama City,Panama,"1,183,333",Balanced,City Wide,18.5,14.6,83%,114%,38.2,-5.6,15,Other,,9.20,-79.41,,,,,,,,,,,,,,,,,,,,,
Panama City,Panama,"1,183,333",Balanced,Best Area,33.1,14.0,79%,118%,47.1,-13.2,61,Other,,9.20,-79.41,,,,,,,,,,,,,,,,,,,,,
Panama City,Panama,"1,183,333",Destination,City Wide,21.0,18.2,83%,114%,46.2,-5.6,15,Other,,9.20,-79.41,,,,,,,,,,,,,,,,,,,,,
Panama City,Panama,"1,183,333",Destination,Best Area,39.2,13.2,79%,118%,52.4,-13.2,61,Other,,9.20,-79.41,,,,,,,,,,,,,,,,,,,,,
Khartoum,Sudan,"6,980,600",Infrastructure,City Wide,25.1,2.8,91%,108%,28.3,-4.8,0,Other,,15.56,32.53,,,,,,,,,,,,,,,,,,,,,
Khartoum,Sudan,"6,980,600",Infrastructure,Best Area,27.9,1.9,85%,116%,29.8,-10.4,2,Other,,15.56,32.53,,,,,,,,,,,,,,,,,,,,,
Khartoum,Sudan,"6,980,600",Balanced,City Wide,27.6,5.4,91%,108%,34.4,-4.8,0,Other,,15.56,32.53,,,,,,,,,,,,,,,,,,,,,
Khartoum,Sudan,"6,980,600",Balanced,Best Area,33.0,2.9,85%,116%,35.9,-10.4,3,Other,,15.56,32.53,,,,,,,,,,,,,,,,,,,,,
Khartoum,Sudan,"6,980,600",Destination,City Wide,29.9,8.4,91%,108%,39.6,-4.8,0,Other,,15.56,32.53,,,,,,,,,,,,,,,,,,,,,
Khartoum,Sudan,"6,980,600",Destination,Best Area,38.3,4.7,85%,116%,43.0,-10.4,3,Other,,15.56,32.53,,,,,,,,,,,,,,,,,,,,,
Yaounde,Cameroon,"5,027,120",Infrastructure,City Wide,19.2,5.4,76%,118%,25.8,-10.8,0,Other,,3.87,11.52,,,,,,,,,,,,,,,,,,,,,
Yaounde,Cameroon,"5,027,120",Infrastructure,Best Area,24.6,2.8,75%,122%,27.4,-15.7,0,Other,,3.87,11.52,,,,,,,,,,,,,,,,,,,,,
Yaounde,Cameroon,"5,027,120",Balanced,City Wide,25.4,7.6,76%,118%,35.8,-10.8,0,Other,,3.87,11.52,,,,,,,,,,,,,,,,,,,,,
Yaounde,Cameroon,"5,027,120",Balanced,Best Area,33.0,7.4,75%,122%,40.4,-15.7,0,Other,,3.87,11.52,,,,,,,,,,,,,,,,,,,,,
Yaounde,Cameroon,"5,027,120",Destination,City Wide,30.0,10.3,76%,118%,43.7,-10.8,0,Other,,3.87,11.52,,,,,,,,,,,,,,,,,,,,,
Yaounde,Cameroon,"5,027,120",Destination,Best Area,40.3,10.0,75%,122%,50.3,-15.7,0,Other,,3.87,11.52,,,,,,,,,,,,,,,,,,,,,
Campinas,Brazil,"1,201,814",Infrastructure,City Wide,19.0,12.1,94%,104%,33.8,-2.1,10,Other,,-22.91,-47.06,,,,,,,,,,,,,,,,,,,,,
Campinas,Brazil,"1,201,814",Infrastructure,Best Area,31.1,5.0,94%,108%,36.1,-4.5,19,Other,,-22.91,-47.06,,,,,,,,,,,,,,,,,,,,,
Campinas,Brazil,"1,201,814",Balanced,City Wide,20.2,12.8,94%,104%,34.4,-2.1,10,Other,,-22.91,-47.06,,,,,,,,,,,,,,,,,,,,,
Campinas,Brazil,"1,201,814",Balanced,Best Area,33.0,8.1,94%,108%,41.1,-4.5,22,Other,,-22.91,-47.06,,,,,,,,,,,,,,,,,,,,,
Campinas,Brazil,"1,201,814",Destination,City Wide,21.1,14.5,94%,104%,38.0,-2.1,10,Other,,-22.91,-47.06,,,,,,,,,,,,,,,,,,,,,
Campinas,Brazil,"1,201,814",Destination,Best Area,35.6,10.0,94%,108%,45.6,-4.5,23,Other,,-22.91,-47.06,,,,,,,,,,,,,,,,,,,,,
Huntsville,AL,"218,814",Infrastructure,City Wide,19.8,13.7,95%,104%,36.9,-1.8,22,NA,,34.73,-86.59,,,,,,,,,,,,,,,,,,,,,
Huntsville,AL,"218,814",Infrastructure,Best Area,33.5,9.3,102%,99%,42.8,0.8,27,NA,,34.73,-86.59,,,,,,,,,,,,,,,,,,,,,
Huntsville,AL,"218,814",Balanced,City Wide,20.8,12.1,95%,104%,35.9,-1.8,22,NA,,34.73,-86.59,,,,,,,,,,,,,,,,,,,,,
Huntsville,AL,"218,814",Balanced,Best Area,32.9,5.6,102%,99%,38.5,0.8,31,NA,,34.73,-86.59,,,,,,,,,,,,,,,,,,,,,
Huntsville,AL,"218,814",Destination,City Wide,21.6,11.1,95%,104%,32.9,-1.8,22,NA,,34.73,-86.59,,,,,,,,,,,,,,,,,,,,,
Huntsville,AL,"218,814",Destination,Best Area,32.7,6.7,102%,99%,39.4,0.8,34,NA,,34.73,-86.59,,,,,,,,,,,,,,,,,,,,,
Worcester,MA,"205,501",Infrastructure,City Wide,22.4,7.6,89%,108%,31.0,-4.8,23,NA,,42.26,-71.80,,,,,,,,,,,,,,,,,,,,,
Worcester,MA,"205,501",Infrastructure,Best Area,30.0,2.2,91%,110%,32.2,-6.0,71,NA,,42.26,-71.80,,,,,,,,,,,,,,,,,,,,,
Worcester,MA,"205,501",Balanced,City Wide,25.1,7.7,89%,108%,33.3,-4.8,23,NA,,42.26,-71.80,,,,,,,,,,,,,,,,,,,,,
Worcester,MA,"205,501",Balanced,Best Area,32.8,4.8,91%,110%,37.6,-6.0,71,NA,,42.26,-71.80,,,,,,,,,,,,,,,,,,,,,
Worcester,MA,"205,501",Destination,City Wide,27.2,8.8,89%,108%,37.4,-4.8,23,NA,,42.26,-71.80,,,,,,,,,,,,,,,,,,,,,
Worcester,MA,"205,501",Destination,Best Area,36.0,6.4,91%,110%,42.4,-6.0,71,NA,,42.26,-71.80,,,,,,,,,,,,,,,,,,,,,
New Delhi,India,"250,000",Infrastructure,City Wide,18.3,6.5,75%,118%,25.7,-10.3,6,Other,,28.61,77.21,,,,,,,,,,,,,,,,,,,,,
New Delhi,India,"250,000",Infrastructure,Best Area,24.8,4.1,76%,122%,28.9,-15.3,32,Other,,28.61,77.21,,,,,,,,,,,,,,,,,,,,,
New Delhi,India,"250,000",Balanced,City Wide,24.3,8.5,75%,118%,33.2,-10.3,5,Other,,28.61,77.21,,,,,,,,,,,,,,,,,,,,,
New Delhi,India,"250,000",Balanced,Best Area,32.8,7.1,76%,122%,39.9,-15.3,32,Other,,28.61,77.21,,,,,,,,,,,,,,,,,,,,,
New Delhi,India,"250,000",Destination,City Wide,28.6,11.5,75%,118%,40.6,-10.3,5,Other,,28.61,77.21,,,,,,,,,,,,,,,,,,,,,
New Delhi,India,"250,000",Destination,Best Area,40.1,9.7,76%,122%,49.8,-15.3,32,Other,,28.61,77.21,,,,,,,,,,,,,,,,,,,,,
Chengdu,China,"20,937,757",Infrastructure,City Wide,15.1,21.0,127%,71%,41.3,6.6,0,Other,,30.66,104.06,,,,,,,,,,,,,,,,,,,,,
Chengdu,China,"20,937,757",Infrastructure,Best Area,36.1,33.9,110%,91%,70.0,6.4,1,Other,,30.66,104.06,,,,,,,,,,,,,,,,,,,,,
Chengdu,China,"20,937,757",Balanced,City Wide,11.9,20.9,127%,71%,36.8,6.6,0,Other,,30.66,104.06,,,,,,,,,,,,,,,,,,,,,
Chengdu,China,"20,937,757",Balanced,Best Area,32.8,31.6,110%,91%,64.4,6.4,1,Other,,30.66,104.06,,,,,,,,,,,,,,,,,,,,,
Chengdu,China,"20,937,757",Destination,City Wide,8.5,21.2,127%,71%,35.2,6.6,0,Other,,30.66,104.06,,,,,,,,,,,,,,,,,,,,,
Chengdu,China,"20,937,757",Destination,Best Area,29.7,28.5,110%,91%,58.2,6.4,1,Other,,30.66,104.06,,,,,,,,,,,,,,,,,,,,,
Santiago de los Caballeros,Dominican Republic,"1,300,000",Infrastructure,City Wide,18.9,8.4,96%,105%,27.2,-1.7,0,NA,,19.45,-70.69,,,,,,,,,,,,,,,,,,,,,
Santiago de los Caballeros,Dominican Republic,"1,300,000",Infrastructure,Best Area,27.3,6.9,83%,115%,34.2,-10.2,2,NA,,19.45,-70.69,,,,,,,,,,,,,,,,,,,,,
Santiago de los Caballeros,Dominican Republic,"1,300,000",Balanced,City Wide,19.7,13.0,96%,105%,34.7,-1.7,0,NA,,19.45,-70.69,,,,,,,,,,,,,,,,,,,,,
Santiago de los Caballeros,Dominican Republic,"1,300,000",Balanced,Best Area,32.7,8.8,83%,115%,41.5,-10.2,2,NA,,19.45,-70.69,,,,,,,,,,,,,,,,,,,,,
Santiago de los Caballeros,Dominican Republic,"1,300,000",Destination,City Wide,20.6,16.9,96%,105%,40.7,-1.7,0,NA,,19.45,-70.69,,,,,,,,,,,,,,,,,,,,,
Santiago de los Caballeros,Dominican Republic,"1,300,000",Destination,Best Area,37.5,11.0,83%,115%,48.5,-10.2,2,NA,,19.45,-70.69,,,,,,,,,,,,,,,,,,,,,
Patras,Greece,"160,000",Infrastructure,City Wide,17.8,9.2,95%,105%,27.5,-1.8,6,EU,,38.23,21.80,,,,,,,,,,,,,,,,,,,,,
Patras,Greece,"160,000",Infrastructure,Best Area,27.0,7.2,83%,116%,34.2,-10.9,53,EU,,38.23,21.80,,,,,,,,,,,,,,,,,,,,,
Patras,Greece,"160,000",Balanced,City Wide,18.7,14.0,95%,105%,35.3,-1.8,6,EU,,38.23,21.80,,,,,,,,,,,,,,,,,,,,,
Patras,Greece,"160,000",Balanced,Best Area,32.7,10.5,83%,116%,43.2,-10.9,53,EU,,38.23,21.80,,,,,,,,,,,,,,,,,,,,,
Patras,Greece,"160,000",Destination,City Wide,19.6,18.3,95%,105%,41.9,-1.8,6,EU,,38.23,21.80,,,,,,,,,,,,,,,,,,,,,
Patras,Greece,"160,000",Destination,Best Area,37.9,13.4,83%,116%,51.3,-10.9,53,EU,,38.23,21.80,,,,,,,,,,,,,,,,,,,,,
Yangon,Myanmar,"5,920,850",Infrastructure,City Wide,23.6,3.4,92%,107%,27.4,-3.8,2,Other,,16.80,96.16,,,,,,,,,,,,,,,,,,,,,
Yangon,Myanmar,"5,920,850",Infrastructure,Best Area,27.0,5.3,83%,117%,32.3,-11.0,5,Other,,16.80,96.16,,,,,,,,,,,,,,,,,,,,,
Yangon,Myanmar,"5,920,850",Balanced,City Wide,25.6,6.8,92%,107%,33.1,-3.8,2,Other,,16.80,96.16,,,,,,,,,,,,,,,,,,,,,
Yangon,Myanmar,"5,920,850",Balanced,Best Area,32.4,6.8,83%,117%,39.2,-11.0,8,Other,,16.80,96.16,,,,,,,,,,,,,,,,,,,,,
Yangon,Myanmar,"5,920,850",Destination,City Wide,27.4,10.6,92%,107%,39.3,-3.8,2,Other,,16.80,96.16,,,,,,,,,,,,,,,,,,,,,
Yangon,Myanmar,"5,920,850",Destination,Best Area,38.0,7.1,83%,117%,45.1,-11.0,8,Other,,16.80,96.16,,,,,,,,,,,,,,,,,,,,,
Enid,OK,"50,821",Infrastructure,City Wide,21.8,10.0,97%,103%,32.2,-1.4,89,NA,,36.40,-97.88,,,,,,,,,,,,,,,,,,,,,
Enid,OK,"50,821",Infrastructure,Best Area,31.8,1.4,98%,102%,33.2,-1.2,97,NA,,36.40,-97.88,,,,,,,,,,,,,,,,,,,,,
Enid,OK,"50,821",Balanced,City Wide,22.5,9.9,97%,103%,32.6,-1.4,89,NA,,36.40,-97.88,,,,,,,,,,,,,,,,,,,,,
Enid,OK,"50,821",Balanced,Best Area,32.4,1.0,98%,102%,33.4,-1.2,97,NA,,36.40,-97.88,,,,,,,,,,,,,,,,,,,,,
Enid,OK,"50,821",Destination,City Wide,23.2,9.8,97%,103%,33.4,-1.4,89,NA,,36.40,-97.88,,,,,,,,,,,,,,,,,,,,,
Enid,OK,"50,821",Destination,Best Area,33.0,1.0,98%,102%,34.0,-1.2,97,NA,,36.40,-97.88,,,,,,,,,,,,,,,,,,,,,
Guarulhos,Brazil,"1,300,000",Infrastructure,City Wide,23.2,6.8,91%,107%,29.1,-4.3,24,Other,,-23.47,-46.53,,,,,,,,,,,,,,,,,,,,,
Guarulhos,Brazil,"1,300,000",Infrastructure,Best Area,30.0,8.9,93%,107%,38.9,-4.7,40,Other,,-23.47,-46.53,,,,,,,,,,,,,,,,,,,,,
Guarulhos,Brazil,"1,300,000",Balanced,City Wide,25.6,6.7,91%,107%,33.0,-4.3,24,Other,,-23.47,-46.53,,,,,,,,,,,,,,,,,,,,,
Guarulhos,Brazil,"1,300,000",Balanced,Best Area,32.3,3.4,93%,107%,35.7,-4.7,44,Other,,-23.47,-46.53,,,,,,,,,,,,,,,,,,,,,
Guarulhos,Brazil,"1,300,000",Destination,City Wide,27.5,7.2,91%,107%,35.3,-4.3,24,Other,,-23.47,-46.53,,,,,,,,,,,,,,,,,,,,,
Guarulhos,Brazil,"1,300,000",Destination,Best Area,34.7,4.2,93%,107%,38.9,-4.7,46,Other,,-23.47,-46.53,,,,,,,,,,,,,,,,,,,,,
Sousse,Tunisia,"220,000",Infrastructure,City Wide,25.6,1.2,87%,113%,27.1,-7.4,3,Other,,35.83,10.64,,,,,,,,,,,,,,,,,,,,,
Sousse,Tunisia,"220,000",Infrastructure,Best Area,26.8,0.6,83%,116%,27.4,-10.4,7,Other,,35.83,10.64,,,,,,,,,,,,,,,,,,,,,
Sousse,Tunisia,"220,000",Balanced,City Wide,29.3,2.8,87%,113%,32.5,-7.4,3,Other,,35.83,10.64,,,,,,,,,,,,,,,,,,,,,
Sousse,Tunisia,"220,000",Balanced,Best Area,32.1,1.2,83%,116%,33.3,-10.4,7,Other,,35.83,10.64,,,,,,,,,,,,,,,,,,,,,
Sousse,Tunisia,"220,000",Destination,City Wide,33.0,4.2,87%,113%,37.8,-7.4,4,Other,,35.83,10.64,,,,,,,,,,,,,,,,,,,,,
Sousse,Tunisia,"220,000",Destination,Best Area,37.2,1.3,83%,116%,38.5,-10.4,7,Other,,35.83,10.64,,,,,,,,,,,,,,,,,,,,,
Port-au-Prince,Haiti,"1,200,000",Infrastructure,City Wide,16.0,7.0,73%,120%,23.4,-10.1,0,NA,,18.55,-72.34,,,,,,,,,,,,,,,,,,,,,
Port-au-Prince,Haiti,"1,200,000",Infrastructure,Best Area,23.0,3.4,72%,123%,26.4,-16.4,2,NA,,18.55,-72.34,,,,,,,,,,,,,,,,,,,,,
Port-au-Prince,Haiti,"1,200,000",Balanced,City Wide,21.8,10.2,73%,120%,33.7,-10.1,0,NA,,18.55,-72.34,,,,,,,,,,,,,,,,,,,,,
Port-au-Prince,Haiti,"1,200,000",Balanced,Best Area,32.0,5.6,72%,123%,37.6,-16.4,2,NA,,18.55,-72.34,,,,,,,,,,,,,,,,,,,,,
Port-au-Prince,Haiti,"1,200,000",Destination,City Wide,26.1,13.3,73%,120%,41.5,-10.1,0,NA,,18.55,-72.34,,,,,,,,,,,,,,,,,,,,,
Port-au-Prince,Haiti,"1,200,000",Destination,Best Area,39.4,7.0,72%,123%,46.4,-16.4,2,NA,,18.55,-72.34,,,,,,,,,,,,,,,,,,,,,
Saltillo,Mexico,"879,958",Infrastructure,City Wide,21.8,9.8,103%,96%,33.4,1.4,15,NA,,25.04,-101.10,,,,,,,,,,,,,,,,,,,,,
Saltillo,Mexico,"879,958",Infrastructure,Best Area,31.6,3.1,99%,105%,34.7,-1.9,65,NA,,25.04,-101.10,,,,,,,,,,,,,,,,,,,,,
Saltillo,Mexico,"879,958",Balanced,City Wide,21.2,10.8,103%,96%,34.5,1.4,15,NA,,25.04,-101.10,,,,,,,,,,,,,,,,,,,,,
Saltillo,Mexico,"879,958",Balanced,Best Area,32.0,3.6,99%,105%,35.6,-1.9,65,NA,,25.04,-101.10,,,,,,,,,,,,,,,,,,,,,
Saltillo,Mexico,"879,958",Destination,City Wide,20.4,13.1,103%,96%,35.4,1.4,15,NA,,25.04,-101.10,,,,,,,,,,,,,,,,,,,,,
Saltillo,Mexico,"879,958",Destination,Best Area,33.5,3.0,99%,105%,36.5,-1.9,65,NA,,25.04,-101.10,,,,,,,,,,,,,,,,,,,,,
Bursa*,Turkey,"3,000,000",Infrastructure,City Wide,18.8,9.8,93%,106%,28.8,-2.8,3,EU,,39.99,28.89,,,,,,,,,,,,,,,,,,,,,
Bursa*,Turkey,"3,000,000",Infrastructure,Best Area,28.6,11.6,89%,109%,40.2,-6.3,13,EU,,39.99,28.89,,,,,,,,,,,,,,,,,,,,,
Bursa*,Turkey,"3,000,000",Balanced,City Wide,20.3,11.7,93%,106%,33.5,-2.8,3,EU,,39.99,28.89,,,,,,,,,,,,,,,,,,,,,
Bursa*,Turkey,"3,000,000",Balanced,Best Area,32.0,6.2,89%,109%,38.2,-6.3,13,EU,,39.99,28.89,,,,,,,,,,,,,,,,,,,,,
Bursa*,Turkey,"3,000,000",Destination,City Wide,21.6,13.3,93%,106%,37.7,-2.8,2,EU,,39.99,28.89,,,,,,,,,,,,,,,,,,,,,
Bursa*,Turkey,"3,000,000",Destination,Best Area,34.9,5.1,89%,109%,40.0,-6.3,13,EU,,39.99,28.89,,,,,,,,,,,,,,,,,,,,,
Mumbai City District,India,"3,100,000",Infrastructure,City Wide,17.7,5.5,67%,122%,23.4,-14.6,16,Other,Yes,18.97,72.83,,,,,,,,,,,,,,,,,,,,,
Mumbai City District,India,"3,100,000",Infrastructure,Best Area,23.2,3.7,73%,124%,26.9,-16.4,57,Other,Yes,18.97,72.83,,,,,,,,,,,,,,,,,,,,,
Mumbai City District,India,"3,100,000",Balanced,City Wide,26.5,5.4,67%,122%,32.8,-14.6,15,Other,Yes,18.97,72.83,,,,,,,,,,,,,,,,,,,,,
Mumbai City District,India,"3,100,000",Balanced,Best Area,31.9,1.9,73%,124%,33.8,-16.4,57,Other,Yes,18.97,72.83,,,,,,,,,,,,,,,,,,,,,
Mumbai City District,India,"3,100,000",Destination,City Wide,32.3,7.3,67%,122%,40.7,-14.6,15,Other,Yes,18.97,72.83,,,,,,,,,,,,,,,,,,,,,
Mumbai City District,India,"3,100,000",Destination,Best Area,39.6,2.4,73%,124%,42.0,-16.4,57,Other,Yes,18.97,72.83,,,,,,,,,,,,,,,,,,,,,
Birmingham,AL,"196,357",Infrastructure,City Wide,23.0,8.4,95%,104%,31.8,-2.2,11,NA,,33.52,-86.80,,,,,,,,,,,,,,,,,,,,,
Birmingham,AL,"196,357",Infrastructure,Best Area,31.4,5.9,98%,103%,37.3,-1.3,30,NA,,33.52,-86.80,,,,,,,,,,,,,,,,,,,,,
Birmingham,AL,"196,357",Balanced,City Wide,24.2,7.7,95%,104%,32.4,-2.2,11,NA,,33.52,-86.80,,,,,,,,,,,,,,,,,,,,,
Birmingham,AL,"196,357",Balanced,Best Area,31.9,3.7,98%,103%,35.6,-1.3,32,NA,,33.52,-86.80,,,,,,,,,,,,,,,,,,,,,
Birmingham,AL,"196,357",Destination,City Wide,25.2,7.5,95%,104%,33.0,-2.2,11,NA,,33.52,-86.80,,,,,,,,,,,,,,,,,,,,,
Birmingham,AL,"196,357",Destination,Best Area,32.7,5.6,98%,103%,38.3,-1.3,33,NA,,33.52,-86.80,,,,,,,,,,,,,,,,,,,,,
Jacksonville,FL,"961,739",Infrastructure,City Wide,19.6,13.1,97%,101%,33.0,-1.0,14,NA,,30.33,-81.66,,,,,,,,,,,,,,,,,,,,,
Jacksonville,FL,"961,739",Infrastructure,Best Area,32.7,20.6,103%,99%,53.3,1.3,14,NA,,30.33,-81.66,,,,,,,,,,,,,,,,,,,,,
Jacksonville,FL,"961,739",Balanced,City Wide,20.3,11.5,97%,101%,35.1,-1.0,14,NA,,30.33,-81.66,,,,,,,,,,,,,,,,,,,,,
Jacksonville,FL,"961,739",Balanced,Best Area,31.8,15.1,103%,99%,46.9,1.3,14,NA,,30.33,-81.66,,,,,,,,,,,,,,,,,,,,,
Jacksonville,FL,"961,739",Destination,City Wide,20.6,10.8,97%,101%,33.3,-1.0,14,NA,,30.33,-81.66,,,,,,,,,,,,,,,,,,,,,
Jacksonville,FL,"961,739",Destination,Best Area,31.4,8.1,103%,99%,39.5,1.3,14,NA,,30.33,-81.66,,,,,,,,,,,,,,,,,,,,,
Shymkent,Kazakhstan,"1,112,068",Infrastructure,City Wide,21.1,9.2,108%,91%,32.4,3.4,1,Other,,42.31,69.59,,,,,,,,,,,,,,,,,,,,,
Shymkent,Kazakhstan,"1,112,068",Infrastructure,Best Area,30.3,10.3,95%,107%,40.6,-3.8,15,Other,,42.31,69.59,,,,,,,,,,,,,,,,,,,,,
Shymkent,Kazakhstan,"1,112,068",Balanced,City Wide,19.5,12.3,108%,91%,37.3,3.4,1,Other,,42.31,69.59,,,,,,,,,,,,,,,,,,,,,
Shymkent,Kazakhstan,"1,112,068",Balanced,Best Area,31.8,11.9,95%,107%,43.7,-3.8,16,Other,,42.31,69.59,,,,,,,,,,,,,,,,,,,,,
Shymkent,Kazakhstan,"1,112,068",Destination,City Wide,17.7,16.4,108%,91%,40.1,3.4,1,Other,,42.31,69.59,,,,,,,,,,,,,,,,,,,,,
Shymkent,Kazakhstan,"1,112,068",Destination,Best Area,34.1,12.7,95%,107%,46.8,-3.8,16,Other,,42.31,69.59,,,,,,,,,,,,,,,,,,,,,
Karakol,Kyrgyzstan,"84,351",Infrastructure,City Wide,24.8,2.0,86%,112%,26.9,-7.4,3,Other,,42.49,78.40,,,,,,,,,,,,,,,,,,,,,
Karakol,Kyrgyzstan,"84,351",Infrastructure,Best Area,26.8,0.9,85%,115%,27.7,-9.5,6,Other,,42.49,78.40,,,,,,,,,,,,,,,,,,,,,
Karakol,Kyrgyzstan,"84,351",Balanced,City Wide,28.7,3.0,86%,112%,31.9,-7.4,3,Other,,42.49,78.40,,,,,,,,,,,,,,,,,,,,,
Karakol,Kyrgyzstan,"84,351",Balanced,Best Area,31.7,0.3,85%,115%,32.0,-9.5,6,Other,,42.49,78.40,,,,,,,,,,,,,,,,,,,,,
Karakol,Kyrgyzstan,"84,351",Destination,City Wide,32.2,4.1,86%,112%,36.3,-7.4,3,Other,,42.49,78.40,,,,,,,,,,,,,,,,,,,,,
Karakol,Kyrgyzstan,"84,351",Destination,Best Area,36.3,0.2,85%,115%,36.5,-9.5,6,Other,,42.49,78.40,,,,,,,,,,,,,,,,,,,,,
Bridgeport,CT,"151,599",Infrastructure,City Wide,23.1,3.8,81%,115%,28.1,-9.7,31,NA,,41.18,-73.19,,,,,,,,,,,,,,,,,,,,,
Bridgeport,CT,"151,599",Infrastructure,Best Area,26.9,2.4,85%,117%,29.3,-10.0,71,NA,,41.18,-73.19,,,,,,,,,,,,,,,,,,,,,
Bridgeport,CT,"151,599",Balanced,City Wide,28.4,3.2,81%,115%,31.7,-9.7,30,NA,,41.18,-73.19,,,,,,,,,,,,,,,,,,,,,
Bridgeport,CT,"151,599",Balanced,Best Area,31.6,1.3,85%,117%,32.9,-10.0,71,NA,,41.18,-73.19,,,,,,,,,,,,,,,,,,,,,
Bridgeport,CT,"151,599",Destination,City Wide,32.8,4.1,81%,115%,36.8,-9.7,30,NA,,41.18,-73.19,,,,,,,,,,,,,,,,,,,,,
Bridgeport,CT,"151,599",Destination,Best Area,36.9,0.9,85%,117%,37.8,-10.0,71,NA,,41.18,-73.19,,,,,,,,,,,,,,,,,,,,,
Cotonou,Benin,"780,000",Infrastructure,City Wide,21.8,2.8,80%,117%,25.0,-9.9,6,Other,,6.37,2.43,,,,,,,,,,,,,,,,,,,,,
Cotonou,Benin,"780,000",Infrastructure,Best Area,24.6,1.1,78%,119%,25.7,-13.1,19,Other,,6.37,2.43,,,,,,,,,,,,,,,,,,,,,
Cotonou,Benin,"780,000",Balanced,City Wide,27.2,4.4,80%,117%,32.3,-9.9,6,Other,,6.37,2.43,,,,,,,,,,,,,,,,,,,,,
Cotonou,Benin,"780,000",Balanced,Best Area,31.6,1.4,78%,119%,33.0,-13.1,19,Other,,6.37,2.43,,,,,,,,,,,,,,,,,,,,,
Cotonou,Benin,"780,000",Destination,City Wide,31.7,6.0,80%,117%,38.4,-9.9,6,Other,,6.37,2.43,,,,,,,,,,,,,,,,,,,,,
Cotonou,Benin,"780,000",Destination,Best Area,37.7,2.6,78%,119%,40.3,-13.1,19,Other,,6.37,2.43,,,,,,,,,,,,,,,,,,,,,
Sao Luis,Brazil,"1,100,000",Infrastructure,City Wide,20.1,7.8,90%,108%,28.3,-4.2,26,Other,,-2.53,-44.30,,,,,,,,,,,,,,,,,,,,,
Sao Luis,Brazil,"1,100,000",Infrastructure,Best Area,27.9,8.8,88%,111%,36.7,-7.3,39,Other,,-2.53,-44.30,,,,,,,,,,,,,,,,,,,,,
Sao Luis,Brazil,"1,100,000",Balanced,City Wide,22.4,9.2,90%,108%,32.6,-4.2,26,Other,,-2.53,-44.30,,,,,,,,,,,,,,,,,,,,,
Sao Luis,Brazil,"1,100,000",Balanced,Best Area,31.6,5.6,88%,111%,37.2,-7.3,45,Other,,-2.53,-44.30,,,,,,,,,,,,,,,,,,,,,
Sao Luis,Brazil,"1,100,000",Destination,City Wide,24.3,10.9,90%,108%,37.4,-4.2,26,Other,,-2.53,-44.30,,,,,,,,,,,,,,,,,,,,,
Sao Luis,Brazil,"1,100,000",Destination,Best Area,35.2,4.1,88%,111%,39.3,-7.3,45,Other,,-2.53,-44.30,,,,,,,,,,,,,,,,,,,,,
Hyderabad,India,"10,500,000",Infrastructure,City Wide,23.1,3.2,86%,112%,26.7,-7.1,17,Other,,17.36,78.47,,,,,,,,,,,,,,,,,,,,,
Hyderabad,India,"10,500,000",Infrastructure,Best Area,26.3,1.9,83%,117%,28.2,-10.7,35,Other,,17.36,78.47,,,,,,,,,,,,,,,,,,,,,
Hyderabad,India,"10,500,000",Balanced,City Wide,26.9,4.6,86%,112%,32.2,-7.1,17,Other,,17.36,78.47,,,,,,,,,,,,,,,,,,,,,
Hyderabad,India,"10,500,000",Balanced,Best Area,31.5,3.1,83%,117%,34.6,-10.7,43,Other,,17.36,78.47,,,,,,,,,,,,,,,,,,,,,
Hyderabad,India,"10,500,000",Destination,City Wide,30.2,6.8,86%,112%,37.5,-7.1,17,Other,,17.36,78.47,,,,,,,,,,,,,,,,,,,,,
Hyderabad,India,"10,500,000",Destination,Best Area,37.0,5.6,83%,117%,42.6,-10.7,43,Other,,17.36,78.47,,,,,,,,,,,,,,,,,,,,,
Victoria de Durango,Mexico,"688,697",Infrastructure,City Wide,23.6,5.9,105%,96%,31.0,2.1,4,NA,,24.02,-104.65,,,,,,,,,,,,,,,,,,,,,
Victoria de Durango,Mexico,"688,697",Infrastructure,Best Area,29.5,3.1,94%,106%,32.6,-4.0,9,NA,,24.02,-104.65,,,,,,,,,,,,,,,,,,,,,
Victoria de Durango,Mexico,"688,697",Balanced,City Wide,22.5,9.0,105%,96%,33.3,2.1,4,NA,,24.02,-104.65,,,,,,,,,,,,,,,,,,,,,
Victoria de Durango,Mexico,"688,697",Balanced,Best Area,31.5,3.5,94%,106%,35.0,-4.0,10,NA,,24.02,-104.65,,,,,,,,,,,,,,,,,,,,,
Victoria de Durango,Mexico,"688,697",Destination,City Wide,21.5,12.0,105%,96%,35.3,2.1,4,NA,,24.02,-104.65,,,,,,,,,,,,,,,,,,,,,
Victoria de Durango,Mexico,"688,697",Destination,Best Area,33.5,3.7,94%,106%,37.2,-4.0,10,NA,,24.02,-104.65,,,,,,,,,,,,,,,,,,,,,
Hermosillo*,Mexico,"936,263",Infrastructure,City Wide,22.1,6.7,96%,106%,30.2,-2.3,10,NA,,28.97,-111.45,,,,,,,,,,,,,,,,,,,,,
Hermosillo*,Mexico,"936,263",Infrastructure,Best Area,28.8,2.8,92%,108%,31.6,-5.1,26,NA,,28.97,-111.45,,,,,,,,,,,,,,,,,,,,,
Hermosillo*,Mexico,"936,263",Balanced,City Wide,23.0,8.4,96%,106%,33.1,-2.3,11,NA,,28.97,-111.45,,,,,,,,,,,,,,,,,,,,,
Hermosillo*,Mexico,"936,263",Balanced,Best Area,31.4,2.8,92%,108%,34.2,-5.1,26,NA,,28.97,-111.45,,,,,,,,,,,,,,,,,,,,,
Hermosillo*,Mexico,"936,263",Destination,City Wide,24.4,9.5,96%,106%,35.8,-2.3,11,NA,,28.97,-111.45,,,,,,,,,,,,,,,,,,,,,
Hermosillo*,Mexico,"936,263",Destination,Best Area,33.9,2.8,92%,108%,36.7,-5.1,26,NA,,28.97,-111.45,,,,,,,,,,,,,,,,,,,,,
McAllen,TX,"148,782",Infrastructure,City Wide,22.2,10.1,94%,103%,33.4,-2.2,4,NA,,26.20,-98.23,,,,,,,,,,,,,,,,,,,,,
McAllen,TX,"148,782",Infrastructure,Best Area,32.3,2.5,103%,105%,34.8,-0.7,19,NA,,26.20,-98.23,,,,,,,,,,,,,,,,,,,,,
McAllen,TX,"148,782",Balanced,City Wide,23.7,7.6,94%,103%,32.0,-2.2,4,NA,,26.20,-98.23,,,,,,,,,,,,,,,,,,,,,
McAllen,TX,"148,782",Balanced,Best Area,31.3,2.0,103%,105%,33.3,-0.7,28,NA,,26.20,-98.23,,,,,,,,,,,,,,,,,,,,,
McAllen,TX,"148,782",Destination,City Wide,24.4,8.6,94%,103%,33.7,-2.2,4,NA,,26.20,-98.23,,,,,,,,,,,,,,,,,,,,,
McAllen,TX,"148,782",Destination,Best Area,33.0,3.1,103%,105%,36.1,-0.7,32,NA,,26.20,-98.23,,,,,,,,,,,,,,,,,,,,,
Corpus Christi,TX,"317,383",Infrastructure,City Wide,19.0,12.9,93%,106%,31.3,-2.7,12,NA,,27.76,-97.40,,,,,,,,,,,,,,,,,,,,,
Corpus Christi,TX,"317,383",Infrastructure,Best Area,31.9,10.8,102%,98%,42.7,1.4,30,NA,,27.76,-97.40,,,,,,,,,,,,,,,,,,,,,
Corpus Christi,TX,"317,383",Balanced,City Wide,20.5,10.7,93%,106%,32.6,-2.7,12,NA,,27.76,-97.40,,,,,,,,,,,,,,,,,,,,,
Corpus Christi,TX,"317,383",Balanced,Best Area,31.2,6.1,102%,98%,37.3,1.4,30,NA,,27.76,-97.40,,,,,,,,,,,,,,,,,,,,,
Corpus Christi,TX,"317,383",Destination,City Wide,21.7,8.8,93%,106%,31.2,-2.7,12,NA,,27.76,-97.40,,,,,,,,,,,,,,,,,,,,,
Corpus Christi,TX,"317,383",Destination,Best Area,30.5,3.3,102%,98%,33.8,1.4,33,NA,,27.76,-97.40,,,,,,,,,,,,,,,,,,,,,
Cuernavaca,Mexico,"378,476",Infrastructure,City Wide,20.8,5.9,91%,108%,27.6,-3.8,24,NA,,18.93,-99.26,,,,,,,,,,,,,,,,,,,,,
Cuernavaca,Mexico,"378,476",Infrastructure,Best Area,26.7,2.3,86%,114%,29.0,-8.7,72,NA,,18.93,-99.26,,,,,,,,,,,,,,,,,,,,,
Cuernavaca,Mexico,"378,476",Balanced,City Wide,22.8,8.3,91%,108%,32.2,-3.8,24,NA,,18.93,-99.26,,,,,,,,,,,,,,,,,,,,,
Cuernavaca,Mexico,"378,476",Balanced,Best Area,31.1,2.1,86%,114%,33.2,-8.7,72,NA,,18.93,-99.26,,,,,,,,,,,,,,,,,,,,,
Cuernavaca,Mexico,"378,476",Destination,City Wide,24.6,10.8,91%,108%,37.1,-3.8,24,NA,,18.93,-99.26,,,,,,,,,,,,,,,,,,,,,
Cuernavaca,Mexico,"378,476",Destination,Best Area,35.4,3.4,86%,114%,38.8,-8.7,72,NA,,18.93,-99.26,,,,,,,,,,,,,,,,,,,,,
Manaus*,Brazil,"2,000,000",Infrastructure,City Wide,19.1,8.0,91%,107%,26.2,-3.4,7,Other,,-3.13,-59.98,,,,,,,,,,,,,,,,,,,,,
Manaus*,Brazil,"2,000,000",Infrastructure,Best Area,27.1,4.4,87%,114%,31.5,-8.5,25,Other,,-3.13,-59.98,,,,,,,,,,,,,,,,,,,,,
Manaus*,Brazil,"2,000,000",Balanced,City Wide,21.0,10.1,91%,107%,30.0,-3.4,7,Other,,-3.13,-59.98,,,,,,,,,,,,,,,,,,,,,
Manaus*,Brazil,"2,000,000",Balanced,Best Area,31.1,5.4,87%,114%,36.5,-8.5,25,Other,,-3.13,-59.98,,,,,,,,,,,,,,,,,,,,,
Manaus*,Brazil,"2,000,000",Destination,City Wide,22.5,13.1,91%,107%,34.1,-3.4,7,Other,,-3.13,-59.98,,,,,,,,,,,,,,,,,,,,,
Manaus*,Brazil,"2,000,000",Destination,Best Area,35.6,5.3,87%,114%,40.9,-8.5,25,Other,,-3.13,-59.98,,,,,,,,,,,,,,,,,,,,,
San Pedro Sula,Honduras,"801,259",Infrastructure,City Wide,18.4,7.4,89%,110%,26.0,-4.4,1,NA,,15.51,-88.03,,,,,,,,,,,,,,,,,,,,,
San Pedro Sula,Honduras,"801,259",Infrastructure,Best Area,25.8,4.5,83%,116%,30.3,-10.4,5,NA,,15.51,-88.03,,,,,,,,,,,,,,,,,,,,,
San Pedro Sula,Honduras,"801,259",Balanced,City Wide,20.7,10.4,89%,110%,32.9,-4.4,1,NA,,15.51,-88.03,,,,,,,,,,,,,,,,,,,,,
San Pedro Sula,Honduras,"801,259",Balanced,Best Area,31.1,7.1,83%,116%,38.2,-10.4,5,NA,,15.51,-88.03,,,,,,,,,,,,,,,,,,,,,
San Pedro Sula,Honduras,"801,259",Destination,City Wide,22.8,13.4,89%,110%,39.3,-4.4,1,NA,,15.51,-88.03,,,,,,,,,,,,,,,,,,,,,
San Pedro Sula,Honduras,"801,259",Destination,Best Area,36.2,8.6,83%,116%,44.8,-10.4,5,NA,,15.51,-88.03,,,,,,,,,,,,,,,,,,,,,
Donetsk,Ukraine,"905,364",Infrastructure,City Wide,20.9,4.7,86%,112%,26.3,-6.4,2,EU,,48.02,37.80,,,,,,,,,,,,,,,,,,,,,
Donetsk,Ukraine,"905,364",Infrastructure,Best Area,25.6,7.8,83%,118%,33.4,-10.7,18,EU,,48.02,37.80,,,,,,,,,,,,,,,,,,,,,
Donetsk,Ukraine,"905,364",Balanced,City Wide,24.4,6.4,86%,112%,32.9,-6.4,2,EU,,48.02,37.80,,,,,,,,,,,,,,,,,,,,,
Donetsk,Ukraine,"905,364",Balanced,Best Area,30.8,9.2,83%,118%,40.0,-10.7,21,EU,,48.02,37.80,,,,,,,,,,,,,,,,,,,,,
Donetsk,Ukraine,"905,364",Destination,City Wide,27.3,9.0,86%,112%,39.0,-6.4,2,EU,,48.02,37.80,,,,,,,,,,,,,,,,,,,,,
Donetsk,Ukraine,"905,364",Destination,Best Area,36.3,9.3,83%,118%,45.6,-10.7,21,EU,,48.02,37.80,,,,,,,,,,,,,,,,,,,,,
Omdurman,Sudan,"2,800,000",Infrastructure,City Wide,25.4,2.4,100%,99%,28.7,0.2,0,Other,,15.64,32.48,,,,,,,,,,,,,,,,,,,,,
Omdurman,Sudan,"2,800,000",Infrastructure,Best Area,27.8,1.6,91%,112%,29.4,-6.5,1,Other,,15.64,32.48,,,,,,,,,,,,,,,,,,,,,
Omdurman,Sudan,"2,800,000",Balanced,City Wide,25.4,5.3,100%,99%,32.3,0.2,0,Other,,15.64,32.48,,,,,,,,,,,,,,,,,,,,,
Omdurman,Sudan,"2,800,000",Balanced,Best Area,30.7,3.4,91%,112%,34.1,-6.5,2,Other,,15.64,32.48,,,,,,,,,,,,,,,,,,,,,
Omdurman,Sudan,"2,800,000",Destination,City Wide,25.2,9.1,100%,99%,36.0,0.2,0,Other,,15.64,32.48,,,,,,,,,,,,,,,,,,,,,
Omdurman,Sudan,"2,800,000",Destination,Best Area,34.3,4.3,91%,112%,38.6,-6.5,2,Other,,15.64,32.48,,,,,,,,,,,,,,,,,,,,,
Palmas,Brazil,"302,692",Infrastructure,City Wide,21.2,11.0,102%,100%,31.6,0.5,30,Other,,-10.18,-48.33,,,,,,,,,,,,,,,,,,,,,
Palmas,Brazil,"302,692",Infrastructure,Best Area,32.2,10.2,105%,95%,42.4,3.1,30,Other,,-10.18,-48.33,,,,,,,,,,,,,,,,,,,,,
Palmas,Brazil,"302,692",Balanced,City Wide,20.8,9.9,102%,100%,30.8,0.5,30,Other,,-10.18,-48.33,,,,,,,,,,,,,,,,,,,,,
Palmas,Brazil,"302,692",Balanced,Best Area,30.7,5.7,105%,95%,36.4,3.1,34,Other,,-10.18,-48.33,,,,,,,,,,,,,,,,,,,,,
Palmas,Brazil,"302,692",Destination,City Wide,20.7,8.4,102%,100%,29.2,0.5,30,Other,,-10.18,-48.33,,,,,,,,,,,,,,,,,,,,,
Palmas,Brazil,"302,692",Destination,Best Area,29.1,1.0,105%,95%,30.1,3.1,34,Other,,-10.18,-48.33,,,,,,,,,,,,,,,,,,,,,
Torreon,Mexico,"735,340",Infrastructure,City Wide,21.3,8.0,96%,104%,29.4,-1.8,6,NA,,25.06,-103.18,,,,,,,,,,,,,,,,,,,,,
Torreon,Mexico,"735,340",Infrastructure,Best Area,29.3,2.9,96%,104%,32.2,-2.6,19,NA,,25.06,-103.18,,,,,,,,,,,,,,,,,,,,,
Torreon,Mexico,"735,340",Balanced,City Wide,22.2,8.4,96%,104%,31.5,-1.8,6,NA,,25.06,-103.18,,,,,,,,,,,,,,,,,,,,,
Torreon,Mexico,"735,340",Balanced,Best Area,30.6,3.8,96%,104%,34.4,-2.6,19,NA,,25.06,-103.18,,,,,,,,,,,,,,,,,,,,,
Torreon,Mexico,"735,340",Destination,City Wide,23.1,8.8,96%,104%,34.7,-1.8,6,NA,,25.06,-103.18,,,,,,,,,,,,,,,,,,,,,
Torreon,Mexico,"735,340",Destination,Best Area,31.9,4.6,96%,104%,36.5,-2.6,19,NA,,25.06,-103.18,,,,,,,,,,,,,,,,,,,,,
Santo Domingo,Dominican Republic,"1,029,110",Infrastructure,City Wide,21.3,5.3,100%,100%,27.2,-0.1,1,NA,,18.56,-69.86,,,,,,,,,,,,,,,,,,,,,
Santo Domingo,Dominican Republic,"1,029,110",Infrastructure,Best Area,26.6,2.9,87%,114%,29.5,-8.2,9,NA,,18.56,-69.86,,,,,,,,,,,,,,,,,,,,,
Santo Domingo,Dominican Republic,"1,029,110",Balanced,City Wide,21.4,9.2,100%,100%,30.4,-0.1,1,NA,,18.56,-69.86,,,,,,,,,,,,,,,,,,,,,
Santo Domingo,Dominican Republic,"1,029,110",Balanced,Best Area,30.6,7.5,87%,114%,38.1,-8.2,11,NA,,18.56,-69.86,,,,,,,,,,,,,,,,,,,,,
Santo Domingo,Dominican Republic,"1,029,110",Destination,City Wide,21.4,13.4,100%,100%,35.7,-0.1,1,NA,,18.56,-69.86,,,,,,,,,,,,,,,,,,,,,
Santo Domingo,Dominican Republic,"1,029,110",Destination,Best Area,34.8,10.4,87%,114%,45.2,-8.2,11,NA,,18.56,-69.86,,,,,,,,,,,,,,,,,,,,,
Nouakchott,Mauritania,"1,446,761",Infrastructure,City Wide,25.1,2.5,98%,102%,27.8,-1.1,6,Other,,18.08,-15.98,,,,,,,,,,,,,,,,,,,,,
Nouakchott,Mauritania,"1,446,761",Infrastructure,Best Area,27.6,1.4,90%,110%,29.0,-5.9,49,Other,,18.08,-15.98,,,,,,,,,,,,,,,,,,,,,
Nouakchott,Mauritania,"1,446,761",Balanced,City Wide,25.7,4.8,98%,102%,31.4,-1.1,6,Other,,18.08,-15.98,,,,,,,,,,,,,,,,,,,,,
Nouakchott,Mauritania,"1,446,761",Balanced,Best Area,30.5,3.1,90%,110%,33.6,-5.9,54,Other,,18.08,-15.98,,,,,,,,,,,,,,,,,,,,,
Nouakchott,Mauritania,"1,446,761",Destination,City Wide,26.2,7.3,98%,102%,34.7,-1.1,6,Other,,18.08,-15.98,,,,,,,,,,,,,,,,,,,,,
Nouakchott,Mauritania,"1,446,761",Destination,Best Area,33.5,5.3,90%,110%,38.8,-5.9,54,Other,,18.08,-15.98,,,,,,,,,,,,,,,,,,,,,
Matera,Italy,"59,685",Infrastructure,City Wide,15.7,8.7,104%,95%,27.4,1.4,12,EU,,40.67,16.61,,,,,,,,,,,,,,,,,,,,,
Matera,Italy,"59,685",Infrastructure,Best Area,24.4,4.6,80%,118%,29.0,-11.6,43,EU,,40.67,16.61,,,,,,,,,,,,,,,,,,,,,
Matera,Italy,"59,685",Balanced,City Wide,15.1,15.3,104%,95%,37.5,1.4,12,EU,,40.67,16.61,,,,,,,,,,,,,,,,,,,,,
Matera,Italy,"59,685",Balanced,Best Area,30.4,7.6,80%,118%,38.0,-11.6,43,EU,,40.67,16.61,,,,,,,,,,,,,,,,,,,,,
Matera,Italy,"59,685",Destination,City Wide,14.3,21.7,104%,95%,44.8,1.4,12,EU,,40.67,16.61,,,,,,,,,,,,,,,,,,,,,
Matera,Italy,"59,685",Destination,Best Area,36.0,9.7,80%,118%,45.7,-11.6,43,EU,,40.67,16.61,,,,,,,,,,,,,,,,,,,,,
Oran,Algeria,"900,000",Infrastructure,City Wide,20.9,2.5,82%,115%,23.6,-8.3,1,Other,,35.70,-0.65,,,,,,,,,,,,,,,,,,,,,
Oran,Algeria,"900,000",Infrastructure,Best Area,23.4,1.1,77%,120%,24.5,-12.9,5,Other,,35.70,-0.65,,,,,,,,,,,,,,,,,,,,,
Oran,Algeria,"900,000",Balanced,City Wide,25.5,4.8,82%,115%,30.9,-8.3,1,Other,,35.70,-0.65,,,,,,,,,,,,,,,,,,,,,
Oran,Algeria,"900,000",Balanced,Best Area,30.3,2.0,77%,120%,32.3,-12.9,5,Other,,35.70,-0.65,,,,,,,,,,,,,,,,,,,,,
Oran,Algeria,"900,000",Destination,City Wide,29.2,7.1,82%,115%,38.1,-8.3,1,Other,,35.70,-0.65,,,,,,,,,,,,,,,,,,,,,
Oran,Algeria,"900,000",Destination,Best Area,36.3,3.0,77%,120%,39.3,-12.9,5,Other,,35.70,-0.65,,,,,,,,,,,,,,,,,,,,,
Bujumbura Mairie,Burundi,"760,000",Infrastructure,City Wide,22.6,3.4,87%,111%,26.3,-6.4,0,Other,,-3.35,29.36,,,,,,,,,,,,,,,,,,,,,
Bujumbura Mairie,Burundi,"760,000",Infrastructure,Best Area,26.0,1.9,86%,115%,27.9,-8.8,0,Other,,-3.35,29.36,,,,,,,,,,,,,,,,,,,,,
Bujumbura Mairie,Burundi,"760,000",Balanced,City Wide,26.1,4.1,87%,111%,30.5,-6.4,0,Other,,-3.35,29.36,,,,,,,,,,,,,,,,,,,,,
Bujumbura Mairie,Burundi,"760,000",Balanced,Best Area,30.2,2.3,86%,115%,32.5,-8.8,1,Other,,-3.35,29.36,,,,,,,,,,,,,,,,,,,,,
Bujumbura Mairie,Burundi,"760,000",Destination,City Wide,29.0,5.8,87%,111%,36.3,-6.4,0,Other,,-3.35,29.36,,,,,,,,,,,,,,,,,,,,,
Bujumbura Mairie,Burundi,"760,000",Destination,Best Area,34.8,3.4,86%,115%,38.2,-8.8,1,Other,,-3.35,29.36,,,,,,,,,,,,,,,,,,,,,
Maputo,Mozambique,"1,088,449",Infrastructure,City Wide,23.8,2.7,98%,102%,26.8,-0.9,1,Other,,-25.97,32.57,,,,,,,,,,,,,,,,,,,,,
Maputo,Mozambique,"1,088,449",Infrastructure,Best Area,26.5,1.5,88%,116%,28.0,-8.4,3,Other,,-25.97,32.57,,,,,,,,,,,,,,,,,,,,,
Maputo,Mozambique,"1,088,449",Balanced,City Wide,24.3,5.8,98%,102%,32.4,-0.9,1,Other,,-25.97,32.57,,,,,,,,,,,,,,,,,,,,,
Maputo,Mozambique,"1,088,449",Balanced,Best Area,30.1,5.3,88%,116%,35.4,-8.4,6,Other,,-25.97,32.57,,,,,,,,,,,,,,,,,,,,,
Maputo,Mozambique,"1,088,449",Destination,City Wide,24.7,10.2,98%,102%,38.6,-0.9,1,Other,,-25.97,32.57,,,,,,,,,,,,,,,,,,,,,
Maputo,Mozambique,"1,088,449",Destination,Best Area,34.9,7.3,88%,116%,42.2,-8.4,6,Other,,-25.97,32.57,,,,,,,,,,,,,,,,,,,,,
Phnom Penh,Cambodia,"2,281,951",Infrastructure,City Wide,18.4,6.5,99%,102%,26.9,-0.5,0,Other,,11.57,104.86,,,,,,,,,,,,,,,,,,,,,
Phnom Penh,Cambodia,"2,281,951",Infrastructure,Best Area,24.9,4.6,83%,115%,29.5,-9.8,5,Other,,11.57,104.86,,,,,,,,,,,,,,,,,,,,,
Phnom Penh,Cambodia,"2,281,951",Balanced,City Wide,18.6,11.5,99%,102%,32.6,-0.5,0,Other,,11.57,104.86,,,,,,,,,,,,,,,,,,,,,
Phnom Penh,Cambodia,"2,281,951",Balanced,Best Area,30.1,12.1,83%,115%,42.2,-9.8,5,Other,,11.57,104.86,,,,,,,,,,,,,,,,,,,,,
Phnom Penh,Cambodia,"2,281,951",Destination,City Wide,18.9,15.8,99%,102%,37.3,-0.5,0,Other,,11.57,104.86,,,,,,,,,,,,,,,,,,,,,
Phnom Penh,Cambodia,"2,281,951",Destination,Best Area,34.7,17.3,83%,115%,52.0,-9.8,5,Other,,11.57,104.86,,,,,,,,,,,,,,,,,,,,,
Maracaibo,Venezuela,"1,551,539",Infrastructure,City Wide,23.9,3.8,106%,92%,28.0,3.3,0,Other,,10.68,-71.67,,,,,,,,,,,,,,,,,,,,,
Maracaibo,Venezuela,"1,551,539",Infrastructure,Best Area,27.7,2.2,93%,108%,29.9,-4.5,2,Other,,10.68,-71.67,,,,,,,,,,,,,,,,,,,,,
Maracaibo,Venezuela,"1,551,539",Balanced,City Wide,22.5,7.4,106%,92%,31.1,3.3,0,Other,,10.68,-71.67,,,,,,,,,,,,,,,,,,,,,
Maracaibo,Venezuela,"1,551,539",Balanced,Best Area,29.9,4.5,93%,108%,34.4,-4.5,2,Other,,10.68,-71.67,,,,,,,,,,,,,,,,,,,,,
Maracaibo,Venezuela,"1,551,539",Destination,City Wide,20.6,11.6,106%,92%,34.5,3.3,0,Other,,10.68,-71.67,,,,,,,,,,,,,,,,,,,,,
Maracaibo,Venezuela,"1,551,539",Destination,Best Area,32.2,6.6,93%,108%,38.8,-4.5,2,Other,,10.68,-71.67,,,,,,,,,,,,,,,,,,,,,
Mosul,Iraq,"1,683,000",Infrastructure,City Wide,20.9,3.2,80%,116%,24.3,-9.4,0,Other,,36.34,43.10,,,,,,,,,,,,,,,,,,,,,
Mosul,Iraq,"1,683,000",Infrastructure,Best Area,24.1,1.8,81%,118%,25.9,-11.2,1,Other,,36.34,43.10,,,,,,,,,,,,,,,,,,,,,
Mosul,Iraq,"1,683,000",Balanced,City Wide,26.1,3.7,80%,116%,29.8,-9.4,0,Other,,36.34,43.10,,,,,,,,,,,,,,,,,,,,,
Mosul,Iraq,"1,683,000",Balanced,Best Area,29.8,1.7,81%,118%,31.5,-11.2,1,Other,,36.34,43.10,,,,,,,,,,,,,,,,,,,,,
Mosul,Iraq,"1,683,000",Destination,City Wide,30.3,5.0,80%,116%,35.6,-9.4,0,Other,,36.34,43.10,,,,,,,,,,,,,,,,,,,,,
Mosul,Iraq,"1,683,000",Destination,Best Area,35.3,1.1,81%,118%,36.4,-11.2,1,Other,,36.34,43.10,,,,,,,,,,,,,,,,,,,,,
Lae,Papua New Guinea,"1,880,000",Infrastructure,City Wide,17.1,13.7,86%,109%,34.7,-4.5,0,Other,,-6.68,147.02,,,,,,,,,,,,,,,,,,,,,
Lae,Papua New Guinea,"149,000",Infrastructure,Best Area,30.8,4.0,103%,101%,34.8,0.6,0,Other,,-6.68,147.02,,,,,,,,,,,,,,,,,,,,,
Lae,Papua New Guinea,"149,000",Balanced,City Wide,19.8,10.0,86%,109%,32.0,-4.5,0,Other,,-6.68,147.02,,,,,,,,,,,,,,,,,,,,,
Lae,Papua New Guinea,"149,000",Balanced,Best Area,29.8,2.5,103%,101%,32.3,0.6,0,Other,,-6.68,147.02,,,,,,,,,,,,,,,,,,,,,
Lae,Papua New Guinea,"149,000",Destination,City Wide,21.6,8.6,86%,109%,30.8,-4.5,0,Other,,-6.68,147.02,,,,,,,,,,,,,,,,,,,,,
Lae,Papua New Guinea,"149,000",Destination,Best Area,30.2,1.4,103%,101%,31.6,0.6,0,Other,,-6.68,147.02,,,,,,,,,,,,,,,,,,,,,
Thessaloniki,Greece,"319,045",Infrastructure,City Wide,18.1,7.7,102%,98%,26.0,0.8,19,EU,,40.65,23.18,,,,,,,,,,,,,,,,,,,,,
Thessaloniki,Greece,"319,045",Infrastructure,Best Area,25.8,16.9,87%,113%,42.7,-8.0,64,EU,,40.65,23.18,,,,,,,,,,,,,,,,,,,,,
Thessaloniki,Greece,"319,045",Balanced,City Wide,17.7,12.1,102%,98%,29.5,0.8,19,EU,,40.65,23.18,,,,,,,,,,,,,,,,,,,,,
Thessaloniki,Greece,"319,045",Balanced,Best Area,29.8,24.7,87%,113%,54.5,-8.0,64,EU,,40.65,23.18,,,,,,,,,,,,,,,,,,,,,
Thessaloniki,Greece,"319,045",Destination,City Wide,17.3,16.5,102%,98%,32.7,0.8,19,EU,,40.65,23.18,,,,,,,,,,,,,,,,,,,,,
Thessaloniki,Greece,"319,045",Destination,Best Area,33.8,30.4,87%,113%,64.2,-8.0,64,EU,,40.65,23.18,,,,,,,,,,,,,,,,,,,,,
Conakry,Guinea,"2,329,710",Infrastructure,City Wide,23.3,1.9,84%,114%,25.3,-8.6,0,Other,,9.52,-13.70,,,,,,,,,,,,,,,,,,,,,
Conakry,Guinea,"2,329,710",Infrastructure,Best Area,25.2,0.9,85%,119%,26.1,-9.9,2,Other,,9.52,-13.70,,,,,,,,,,,,,,,,,,,,,
Conakry,Guinea,"2,329,710",Balanced,City Wide,27.9,1.7,84%,114%,29.6,-8.6,0,Other,,9.52,-13.70,,,,,,,,,,,,,,,,,,,,,
Conakry,Guinea,"2,329,710",Balanced,Best Area,29.6,1.1,85%,119%,30.7,-9.9,2,Other,,9.52,-13.70,,,,,,,,,,,,,,,,,,,,,
Conakry,Guinea,"2,329,710",Destination,City Wide,31.9,3.2,84%,114%,35.6,-8.6,0,Other,,9.52,-13.70,,,,,,,,,,,,,,,,,,,,,
Conakry,Guinea,"2,329,710",Destination,Best Area,35.1,1.2,85%,119%,36.3,-9.9,2,Other,,9.52,-13.70,,,,,,,,,,,,,,,,,,,,,
Kano,Nigeria,"4,800,000",Infrastructure,City Wide,26.4,5.4,104%,95%,32.4,2.3,0,Other,,11.98,8.53,,,,,,,,,,,,,,,,,,,,,
Kano,Nigeria,"4,800,000",Infrastructure,Best Area,31.8,1.3,107%,92%,33.1,4.5,1,Other,,11.98,8.53,,,,,,,,,,,,,,,,,,,,,
Kano,Nigeria,"4,800,000",Balanced,City Wide,25.3,4.3,104%,95%,30.1,2.3,0,Other,,11.98,8.53,,,,,,,,,,,,,,,,,,,,,
Kano,Nigeria,"4,800,000",Balanced,Best Area,29.6,0.8,107%,92%,30.4,4.5,1,Other,,11.98,8.53,,,,,,,,,,,,,,,,,,,,,
Kano,Nigeria,"4,800,000",Destination,City Wide,24.1,3.2,104%,95%,27.5,2.3,0,Other,,11.98,8.53,,,,,,,,,,,,,,,,,,,,,
Kano,Nigeria,"4,800,000",Destination,Best Area,27.3,0.3,107%,92%,27.6,4.5,1,Other,,11.98,8.53,,,,,,,,,,,,,,,,,,,,,
City of Johannesburg Metropolitan Municipality,South Africa,"6,599,190",Infrastructure,City Wide,18.8,8.1,94%,106%,27.1,-2.2,21,Other,,-26.21,27.92,,,,,,,,,,,,,,,,,,,,,
City of Johannesburg Metropolitan Municipality,South Africa,"6,599,190",Infrastructure,Best Area,26.9,13.2,91%,110%,40.1,-5.6,21,Other,,-26.21,27.92,,,,,,,,,,,,,,,,,,,,,
City of Johannesburg Metropolitan Municipality,South Africa,"6,599,190",Balanced,City Wide,19.9,9.7,94%,106%,29.8,-2.2,21,Other,,-26.21,27.92,,,,,,,,,,,,,,,,,,,,,
City of Johannesburg Metropolitan Municipality,South Africa,"6,599,190",Balanced,Best Area,29.6,14.0,91%,110%,43.6,-5.6,21,Other,,-26.21,27.92,,,,,,,,,,,,,,,,,,,,,
City of Johannesburg Metropolitan Municipality,South Africa,"6,599,190",Destination,City Wide,21.0,11.5,94%,106%,34.1,-2.2,21,Other,,-26.21,27.92,,,,,,,,,,,,,,,,,,,,,
City of Johannesburg Metropolitan Municipality,South Africa,"6,599,190",Destination,Best Area,32.5,14.4,91%,110%,46.9,-5.6,21,Other,,-26.21,27.92,,,,,,,,,,,,,,,,,,,,,
Tripoli,Libya,"1,126,000",Infrastructure,City Wide,19.4,4.8,102%,99%,25.2,0.6,1,Other,,32.90,13.18,,,,,,,,,,,,,,,,,,,,,
Tripoli,Libya,"1,126,000",Infrastructure,Best Area,24.2,4.6,82%,116%,28.8,-10.2,2,Other,,32.90,13.18,,,,,,,,,,,,,,,,,,,,,
Tripoli,Libya,"1,126,000",Balanced,City Wide,19.0,10.6,102%,99%,32.5,0.6,1,Other,,32.90,13.18,,,,,,,,,,,,,,,,,,,,,
Tripoli,Libya,"1,126,000",Balanced,Best Area,29.6,8.4,82%,116%,38.0,-10.2,2,Other,,32.90,13.18,,,,,,,,,,,,,,,,,,,,,
Tripoli,Libya,"1,126,000",Destination,City Wide,18.8,15.6,102%,99%,38.5,0.6,1,Other,,32.90,13.18,,,,,,,,,,,,,,,,,,,,,
Tripoli,Libya,"1,126,000",Destination,Best Area,34.4,11.7,82%,116%,46.1,-10.2,2,Other,,32.90,13.18,,,,,,,,,,,,,,,,,,,,,
Ashgabat,Turkmenistan,"1,030,063",Infrastructure,City Wide,18.9,6.0,95%,106%,25.4,-2.3,1,Other,,37.94,58.24,,,,,,,,,,,,,,,,,,,,,
Ashgabat,Turkmenistan,"1,030,063",Infrastructure,Best Area,24.9,6.4,84%,114%,31.3,-8.7,5,Other,,37.94,58.24,,,,,,,,,,,,,,,,,,,,,
Ashgabat,Turkmenistan,"1,030,063",Balanced,City Wide,20.0,9.5,95%,106%,30.9,-2.3,1,Other,,37.94,58.24,,,,,,,,,,,,,,,,,,,,,
Ashgabat,Turkmenistan,"1,030,063",Balanced,Best Area,29.5,5.0,84%,114%,34.5,-8.7,5,Other,,37.94,58.24,,,,,,,,,,,,,,,,,,,,,
Ashgabat,Turkmenistan,"1,030,063",Destination,City Wide,21.2,12.4,95%,106%,35.2,-2.3,1,Other,,37.94,58.24,,,,,,,,,,,,,,,,,,,,,
Ashgabat,Turkmenistan,"1,030,063",Destination,Best Area,33.6,3.9,84%,114%,37.5,-8.7,5,Other,,37.94,58.24,,,,,,,,,,,,,,,,,,,,,
Tampico,Mexico,"297,562",Infrastructure,City Wide,23.0,3.4,91%,109%,27.2,-4.6,5,NA,,22.27,-97.89,,,,,,,,,,,,,,,,,,,,,
Tampico,Mexico,"297,562",Infrastructure,Best Area,26.4,1.4,90%,110%,27.8,-5.8,21,NA,,22.27,-97.89,,,,,,,,,,,,,,,,,,,,,
Tampico,Mexico,"297,562",Balanced,City Wide,25.4,4.0,91%,109%,30.5,-4.6,5,NA,,22.27,-97.89,,,,,,,,,,,,,,,,,,,,,
Tampico,Mexico,"297,562",Balanced,Best Area,29.4,1.6,90%,110%,31.0,-5.8,21,NA,,22.27,-97.89,,,,,,,,,,,,,,,,,,,,,
Tampico,Mexico,"297,562",Destination,City Wide,27.6,4.6,91%,109%,33.0,-4.6,5,NA,,22.27,-97.89,,,,,,,,,,,,,,,,,,,,,
Tampico,Mexico,"297,562",Destination,Best Area,32.2,1.9,90%,110%,34.1,-5.8,21,NA,,22.27,-97.89,,,,,,,,,,,,,,,,,,,,,
Norman,OK,"128,026",Infrastructure,City Wide,17.0,13.2,121%,81%,39.7,5.6,39,NA,,35.22,-97.44,,,,,,,,,,,,,,,,,,,,,
Norman,OK,"128,026",Infrastructure,Best Area,30.2,11.6,103%,102%,41.8,0.2,39,NA,,35.22,-97.44,,,,,,,,,,,,,,,,,,,,,
Norman,OK,"128,026",Balanced,City Wide,14.1,15.3,121%,81%,40.4,5.6,39,NA,,35.22,-97.44,,,,,,,,,,,,,,,,,,,,,
Norman,OK,"128,026",Balanced,Best Area,29.4,14.1,103%,102%,43.5,0.2,39,NA,,35.22,-97.44,,,,,,,,,,,,,,,,,,,,,
Norman,OK,"128,026",Destination,City Wide,11.4,18.6,121%,81%,41.1,5.6,39,NA,,35.22,-97.44,,,,,,,,,,,,,,,,,,,,,
Norman,OK,"128,026",Destination,Best Area,30.0,15.2,103%,102%,45.2,0.2,39,NA,,35.22,-97.44,,,,,,,,,,,,,,,,,,,,,
Djibouti City,"Djibouti ","625,000",Infrastructure,City Wide,22.4,5.8,91%,108%,28.6,-4.1,0,Other,,11.59,43.15,,,,,,,,,,,,,,,,,,,,,
Djibouti City,"Djibouti ","625,000",Infrastructure,Best Area,28.2,1.5,96%,108%,29.7,-3.3,2,Other,,11.59,43.15,,,,,,,,,,,,,,,,,,,,,
Djibouti City,"Djibouti ","625,000",Balanced,City Wide,24.6,4.7,91%,108%,29.7,-4.1,0,Other,,11.59,43.15,,,,,,,,,,,,,,,,,,,,,
Djibouti City,"Djibouti ","625,000",Balanced,Best Area,29.3,0.7,96%,108%,30.0,-3.3,2,Other,,11.59,43.15,,,,,,,,,,,,,,,,,,,,,
Djibouti City,"Djibouti ","625,000",Destination,City Wide,26.5,5.0,91%,108%,32.1,-4.1,0,Other,,11.59,43.15,,,,,,,,,,,,,,,,,,,,,
Djibouti City,"Djibouti ","625,000",Destination,Best Area,31.5,1.6,96%,108%,33.1,-3.3,2,Other,,11.59,43.15,,,,,,,,,,,,,,,,,,,,,
Tuxtla Gutierrez,Mexico,"604,147",Infrastructure,City Wide,20.9,5.6,101%,98%,27.3,0.7,1,NA,,16.75,-93.14,,,,,,,,,,,,,,,,,,,,,
Tuxtla Gutierrez,Mexico,"604,147",Infrastructure,Best Area,26.5,2.5,90%,110%,29.0,-5.7,6,NA,,16.75,-93.14,,,,,,,,,,,,,,,,,,,,,
Tuxtla Gutierrez,Mexico,"604,147",Balanced,City Wide,20.6,8.7,101%,98%,30.4,0.7,1,NA,,16.75,-93.14,,,,,,,,,,,,,,,,,,,,,
Tuxtla Gutierrez,Mexico,"604,147",Balanced,Best Area,29.3,3.6,90%,110%,32.9,-5.7,6,NA,,16.75,-93.14,,,,,,,,,,,,,,,,,,,,,
Tuxtla Gutierrez,Mexico,"604,147",Destination,City Wide,20.2,12.0,101%,98%,34.3,0.7,1,NA,,16.75,-93.14,,,,,,,,,,,,,,,,,,,,,
Tuxtla Gutierrez,Mexico,"604,147",Destination,Best Area,32.2,4.3,90%,110%,36.5,-5.7,6,NA,,16.75,-93.14,,,,,,,,,,,,,,,,,,,,,
Brazzaville,Republic of the Congo,"2,904,570",Infrastructure,City Wide,23.4,3.6,108%,88%,27.5,4.5,2,Other,,-4.27,15.27,,,,,,,,,,,,,,,,,,,,,
Brazzaville,Republic of the Congo,"2,904,570",Infrastructure,Best Area,27.0,0.8,93%,110%,27.8,-4.8,25,Other,,-4.27,15.27,,,,,,,,,,,,,,,,,,,,,
Brazzaville,Republic of the Congo,"2,904,570",Balanced,City Wide,21.6,7.3,108%,88%,29.8,4.5,2,Other,,-4.27,15.27,,,,,,,,,,,,,,,,,,,,,
Brazzaville,Republic of the Congo,"2,904,570",Balanced,Best Area,28.9,3.9,93%,110%,32.8,-4.8,32,Other,,-4.27,15.27,,,,,,,,,,,,,,,,,,,,,
Brazzaville,Republic of the Congo,"2,904,570",Destination,City Wide,18.9,12.9,108%,88%,33.2,4.5,2,Other,,-4.27,15.27,,,,,,,,,,,,,,,,,,,,,
Brazzaville,Republic of the Congo,"2,904,570",Destination,Best Area,31.8,5.4,93%,110%,37.2,-4.8,34,Other,,-4.27,15.27,,,,,,,,,,,,,,,,,,,,,
Bobo-Dioulasso [Houet]*,Burkina Faso,"903,887",Infrastructure,City Wide,22.0,3.8,108%,92%,26.1,3.3,12,Other,,11.39,-4.33,,,,,,,,,,,,,,,,,,,,,
Bobo-Dioulasso [Houet]*,Burkina Faso,"903,887",Infrastructure,Best Area,25.8,0.4,90%,111%,26.2,-6.1,19,Other,,11.39,-4.33,,,,,,,,,,,,,,,,,,,,,
Bobo-Dioulasso [Houet]*,Burkina Faso,"903,887",Balanced,City Wide,20.4,8.4,108%,92%,30.0,3.3,12,Other,,11.39,-4.33,,,,,,,,,,,,,,,,,,,,,
Bobo-Dioulasso [Houet]*,Burkina Faso,"903,887",Balanced,Best Area,28.8,2.7,90%,111%,31.5,-6.1,19,Other,,11.39,-4.33,,,,,,,,,,,,,,,,,,,,,
Bobo-Dioulasso [Houet]*,Burkina Faso,"903,887",Destination,City Wide,18.7,13.2,108%,92%,34.2,3.3,12,Other,,11.39,-4.33,,,,,,,,,,,,,,,,,,,,,
Bobo-Dioulasso [Houet]*,Burkina Faso,"903,887",Destination,Best Area,31.9,4.3,90%,111%,36.2,-6.1,19,Other,,11.39,-4.33,,,,,,,,,,,,,,,,,,,,,
Serekunda [Kanifing Municipal Council],The Gambia,"400,000",Infrastructure,City Wide,24.4,1.7,92%,109%,26.3,-4.5,28,Other,,13.45,-16.65,,,,,,,,,,,,,,,,,,,,,
Serekunda [Kanifing Municipal Council],The Gambia,"400,000",Infrastructure,Best Area,26.1,0.6,91%,110%,26.7,-5.3,70,Other,,13.45,-16.65,,,,,,,,,,,,,,,,,,,,,
Serekunda [Kanifing Municipal Council],The Gambia,"400,000",Balanced,City Wide,26.6,2.0,92%,109%,28.9,-4.5,28,Other,,13.45,-16.65,,,,,,,,,,,,,,,,,,,,,
Serekunda [Kanifing Municipal Council],The Gambia,"400,000",Balanced,Best Area,28.6,0.4,91%,110%,29.0,-5.3,70,Other,,13.45,-16.65,,,,,,,,,,,,,,,,,,,,,
Serekunda [Kanifing Municipal Council],The Gambia,"400,000",Destination,City Wide,28.9,2.5,92%,109%,31.9,-4.5,28,Other,,13.45,-16.65,,,,,,,,,,,,,,,,,,,,,
Serekunda [Kanifing Municipal Council],The Gambia,"400,000",Destination,Best Area,31.4,0.6,91%,110%,32.0,-5.3,70,Other,,13.45,-16.65,,,,,,,,,,,,,,,,,,,,,
Shreveport,LA,"183,021",Infrastructure,City Wide,16.6,10.6,89%,112%,28.0,-4.3,23,NA,,32.51,-93.75,,,,,,,,,,,,,,,,,,,,,
Shreveport,LA,"183,021",Infrastructure,Best Area,27.2,9.8,95%,105%,37.0,-2.9,23,NA,,32.51,-93.75,,,,,,,,,,,,,,,,,,,,,
Shreveport,LA,"183,021",Balanced,City Wide,18.7,9.9,89%,112%,29.7,-4.3,23,NA,,32.51,-93.75,,,,,,,,,,,,,,,,,,,,,
Shreveport,LA,"183,021",Balanced,Best Area,28.6,6.8,95%,105%,35.4,-2.9,23,NA,,32.51,-93.75,,,,,,,,,,,,,,,,,,,,,
Shreveport,LA,"183,021",Destination,City Wide,20.9,9.2,89%,112%,31.2,-4.3,23,NA,,32.51,-93.75,,,,,,,,,,,,,,,,,,,,,
Shreveport,LA,"183,021",Destination,Best Area,30.1,4.3,95%,105%,34.4,-2.9,23,NA,,32.51,-93.75,,,,,,,,,,,,,,,,,,,,,
Vientiane,Laos,"754,000",Infrastructure,City Wide,16.9,7.3,102%,98%,23.9,0.7,2,Other,,17.96,102.61,,,,,,,,,,,,,,,,,,,,,
Vientiane,Laos,"754,000",Infrastructure,Best Area,24.2,7.3,85%,114%,31.5,-8.4,40,Other,,17.96,102.61,,,,,,,,,,,,,,,,,,,,,
Vientiane,Laos,"754,000",Balanced,City Wide,16.6,11.9,102%,98%,31.0,0.7,2,Other,,17.96,102.61,,,,,,,,,,,,,,,,,,,,,
Vientiane,Laos,"754,000",Balanced,Best Area,28.5,12.9,85%,114%,41.4,-8.4,44,Other,,17.96,102.61,,,,,,,,,,,,,,,,,,,,,
Vientiane,Laos,"754,000",Destination,City Wide,16.2,16.4,102%,98%,37.2,0.7,2,Other,,17.96,102.61,,,,,,,,,,,,,,,,,,,,,
Vientiane,Laos,"754,000",Destination,Best Area,32.6,17.9,85%,114%,50.5,-8.4,44,Other,,17.96,102.61,,,,,,,,,,,,,,,,,,,,,
N’Djamena,Chad,"1,794,000",Infrastructure,City Wide,25.1,2.0,105%,91%,27.5,3.4,0,Other,,12.12,15.05,,,,,,,,,,,,,,,,,,,,,
N’Djamena,Chad,"1,794,000",Infrastructure,Best Area,27.1,1.1,95%,110%,28.2,-4.1,0,Other,,12.12,15.05,,,,,,,,,,,,,,,,,,,,,
N’Djamena,Chad,"1,794,000",Balanced,City Wide,23.8,4.6,105%,91%,28.9,3.4,0,Other,,12.12,15.05,,,,,,,,,,,,,,,,,,,,,
N’Djamena,Chad,"1,794,000",Balanced,Best Area,28.4,3.3,95%,110%,31.7,-4.1,0,Other,,12.12,15.05,,,,,,,,,,,,,,,,,,,,,
N’Djamena,Chad,"1,794,000",Destination,City Wide,21.7,9.5,105%,91%,32.5,3.4,0,Other,,12.12,15.05,,,,,,,,,,,,,,,,,,,,,
N’Djamena,Chad,"1,794,000",Destination,Best Area,31.2,4.9,95%,110%,36.1,-4.1,0,Other,,12.12,15.05,,,,,,,,,,,,,,,,,,,,,
Tijuana,Mexico,"1,765,295",Infrastructure,City Wide,17.1,8.0,85%,112%,23.9,-5.6,10,NA,,32.38,-116.80,,,,,,,,,,,,,,,,,,,,,
Tijuana,Mexico,"1,765,295",Infrastructure,Best Area,25.1,9.0,88%,112%,34.1,-6.7,28,NA,,32.38,-116.80,,,,,,,,,,,,,,,,,,,,,
Tijuana,Mexico,"1,765,295",Balanced,City Wide,20.2,8.2,85%,112%,28.7,-5.6,10,NA,,32.38,-116.80,,,,,,,,,,,,,,,,,,,,,
Tijuana,Mexico,"1,765,295",Balanced,Best Area,28.4,10.1,88%,112%,38.5,-6.7,31,NA,,32.38,-116.80,,,,,,,,,,,,,,,,,,,,,
Tijuana,Mexico,"1,765,295",Destination,City Wide,22.7,9.1,85%,112%,34.5,-5.6,10,NA,,32.38,-116.80,,,,,,,,,,,,,,,,,,,,,
Tijuana,Mexico,"1,765,295",Destination,Best Area,31.8,10.7,88%,112%,42.5,-6.7,31,NA,,32.38,-116.80,,,,,,,,,,,,,,,,,,,,,
Douala,Cameroon,"2,800,000",Infrastructure,City Wide,20.7,4.2,91%,107%,25.5,-3.7,0,Other,,4.06,9.67,,,,,,,,,,,,,,,,,,,,,
Douala,Cameroon,"2,800,000",Infrastructure,Best Area,24.9,1.9,88%,114%,26.8,-7.2,1,Other,,4.06,9.67,,,,,,,,,,,,,,,,,,,,,
Douala,Cameroon,"2,800,000",Balanced,City Wide,22.7,5.5,91%,107%,29.2,-3.7,0,Other,,4.06,9.67,,,,,,,,,,,,,,,,,,,,,
Douala,Cameroon,"2,800,000",Balanced,Best Area,28.2,3.4,88%,114%,31.6,-7.2,1,Other,,4.06,9.67,,,,,,,,,,,,,,,,,,,,,
Douala,Cameroon,"2,800,000",Destination,City Wide,24.4,7.7,91%,107%,32.6,-3.7,0,Other,,4.06,9.67,,,,,,,,,,,,,,,,,,,,,
Douala,Cameroon,"2,800,000",Destination,Best Area,32.1,6.4,88%,114%,38.5,-7.2,1,Other,,4.06,9.67,,,,,,,,,,,,,,,,,,,,,
Mandalay,Myanmar,"1,200,000",Infrastructure,City Wide,21.5,5.1,110%,89%,27.2,4.1,0,Other,,21.97,96.16,,,,,,,,,,,,,,,,,,,,,
Mandalay,Myanmar,"1,200,000",Infrastructure,Best Area,26.6,2.4,94%,106%,29.0,-3.3,0,Other,,21.97,96.16,,,,,,,,,,,,,,,,,,,,,
Mandalay,Myanmar,"1,200,000",Balanced,City Wide,19.6,8.6,110%,89%,28.4,4.1,0,Other,,21.97,96.16,,,,,,,,,,,,,,,,,,,,,
Mandalay,Myanmar,"1,200,000",Balanced,Best Area,28.2,6.7,94%,106%,34.9,-3.3,0,Other,,21.97,96.16,,,,,,,,,,,,,,,,,,,,,
Mandalay,Myanmar,"1,200,000",Destination,City Wide,17.4,12.5,110%,89%,30.4,4.1,0,Other,,21.97,96.16,,,,,,,,,,,,,,,,,,,,,
Mandalay,Myanmar,"1,200,000",Destination,Best Area,29.9,11.5,94%,106%,41.4,-3.3,0,Other,,21.97,96.16,,,,,,,,,,,,,,,,,,,,,
Reggio di Calabria,Italy,"171,887",Infrastructure,City Wide,15.0,10.1,98%,103%,28.0,-0.7,4,EU,,38.10,15.64,,,,,,,,,,,,,,,,,,,,,
Reggio di Calabria,Italy,"171,887",Infrastructure,Best Area,25.1,6.9,90%,110%,32.0,-5.6,36,EU,,38.10,15.64,,,,,,,,,,,,,,,,,,,,,
Reggio di Calabria,Italy,"171,887",Balanced,City Wide,15.3,12.6,98%,103%,32.8,-0.7,4,EU,,38.10,15.64,,,,,,,,,,,,,,,,,,,,,
Reggio di Calabria,Italy,"171,887",Balanced,Best Area,27.9,7.7,90%,110%,35.6,-5.6,37,EU,,38.10,15.64,,,,,,,,,,,,,,,,,,,,,
Reggio di Calabria,Italy,"171,887",Destination,City Wide,15.7,15.0,98%,103%,37.0,-0.7,4,EU,,38.10,15.64,,,,,,,,,,,,,,,,,,,,,
Reggio di Calabria,Italy,"171,887",Destination,Best Area,30.7,8.2,90%,110%,38.9,-5.6,37,EU,,38.10,15.64,,,,,,,,,,,,,,,,,,,,,
Mobile,AL,"183,289",Infrastructure,City Wide,18.5,7.6,91%,106%,26.8,-3.1,25,NA,,30.69,-88.04,,,,,,,,,,,,,,,,,,,,,
Mobile,AL,"183,289",Infrastructure,Best Area,26.1,4.2,94%,109%,30.3,-4.1,27,NA,,30.69,-88.04,,,,,,,,,,,,,,,,,,,,,
Mobile,AL,"183,289",Balanced,City Wide,20.3,7.5,91%,106%,29.8,-3.1,25,NA,,30.69,-88.04,,,,,,,,,,,,,,,,,,,,,
Mobile,AL,"183,289",Balanced,Best Area,27.8,5.5,94%,109%,33.3,-4.1,29,NA,,30.69,-88.04,,,,,,,,,,,,,,,,,,,,,
Mobile,AL,"183,289",Destination,City Wide,21.6,8.6,91%,106%,32.6,-3.1,25,NA,,30.69,-88.04,,,,,,,,,,,,,,,,,,,,,
Mobile,AL,"183,289",Destination,Best Area,30.2,5.9,94%,109%,36.1,-4.1,30,NA,,30.69,-88.04,,,,,,,,,,,,,,,,,,,,,
Lahore,Pakistan,"13,000,000",Infrastructure,City Wide,20.4,5.0,109%,89%,26.2,3.6,0,Other,,31.46,74.41,,,,,,,,,,,,,,,,,,,,,
Lahore,Pakistan,"13,000,000",Infrastructure,Best Area,25.4,3.5,91%,110%,28.9,-5.2,1,Other,,31.46,74.41,,,,,,,,,,,,,,,,,,,,,
Lahore,Pakistan,"13,000,000",Balanced,City Wide,18.8,9.0,109%,89%,28.9,3.6,0,Other,,31.46,74.41,,,,,,,,,,,,,,,,,,,,,
Lahore,Pakistan,"13,000,000",Balanced,Best Area,27.8,7.6,91%,110%,35.4,-5.2,1,Other,,31.46,74.41,,,,,,,,,,,,,,,,,,,,,
Lahore,Pakistan,"13,000,000",Destination,City Wide,16.8,13.8,109%,89%,31.4,3.6,0,Other,,31.46,74.41,,,,,,,,,,,,,,,,,,,,,
Lahore,Pakistan,"13,000,000",Destination,Best Area,30.6,10.9,91%,110%,41.5,-5.2,1,Other,,31.46,74.41,,,,,,,,,,,,,,,,,,,,,
Asmara [Maekel Region],Eritrea,"900,000",Infrastructure,City Wide,19.2,5.6,118%,83%,25.8,5.6,0,Other,,15.33,38.92,,,,,,,,,,,,,,,,,,,,,
Asmara [Maekel Region],Eritrea,"900,000",Infrastructure,Best Area,24.8,2.8,90%,109%,27.6,-5.2,0,Other,,15.33,38.92,,,,,,,,,,,,,,,,,,,,,
Asmara [Maekel Region],Eritrea,"900,000",Balanced,City Wide,16.3,11.2,118%,83%,31.0,5.6,0,Other,,15.33,38.92,,,,,,,,,,,,,,,,,,,,,
Asmara [Maekel Region],Eritrea,"900,000",Balanced,Best Area,27.5,3.7,90%,109%,31.2,-5.2,0,Other,,15.33,38.92,,,,,,,,,,,,,,,,,,,,,
Asmara [Maekel Region],Eritrea,"900,000",Destination,City Wide,13.6,16.4,118%,83%,34.5,5.6,0,Other,,15.33,38.92,,,,,,,,,,,,,,,,,,,,,
Asmara [Maekel Region],Eritrea,"900,000",Destination,Best Area,30.0,5.6,90%,109%,35.6,-5.2,0,Other,,15.33,38.92,,,,,,,,,,,,,,,,,,,,,
Qionghai,China,"528,264",Infrastructure,City Wide,10.8,22.9,121%,74%,35.8,4.2,0,Other,,19.26,110.47,,,,,,,,,,,,,,,,,,,,,
Qionghai,China,"528,264",Infrastructure,Best Area,33.7,2.1,123%,68%,35.8,15.1,0,Other,,19.26,110.47,,,,,,,,,,,,,,,,,,,,,
Qionghai,China,"528,264",Balanced,City Wide,8.9,18.6,121%,74%,29.0,4.2,0,Other,,19.26,110.47,,,,,,,,,,,,,,,,,,,,,
Qionghai,China,"528,264",Balanced,Best Area,27.5,1.5,123%,68%,29.0,15.1,0,Other,,19.26,110.47,,,,,,,,,,,,,,,,,,,,,
Qionghai,China,"528,264",Destination,City Wide,6.6,12.0,121%,74%,19.8,4.2,0,Other,,19.26,110.47,,,,,,,,,,,,,,,,,,,,,
Qionghai,China,"528,264",Destination,Best Area,18.6,1.2,123%,68%,19.8,15.1,0,Other,,19.26,110.47,,,,,,,,,,,,,,,,,,,,,
Lubumbashi,Democratic Republic of the Congo,"3,193,860",Infrastructure,City Wide,22.0,2.4,88%,110%,24.8,-5.4,0,Other,,-11.66,27.48,,,,,,,,,,,,,,,,,,,,,
Lubumbashi,Democratic Republic of the Congo,"3,193,860",Infrastructure,Best Area,24.4,1.6,89%,115%,26.0,-7.1,1,Other,,-11.66,27.48,,,,,,,,,,,,,,,,,,,,,
Lubumbashi,Democratic Republic of the Congo,"3,193,860",Balanced,City Wide,25.0,2.4,88%,110%,27.7,-5.4,0,Other,,-11.66,27.48,,,,,,,,,,,,,,,,,,,,,
Lubumbashi,Democratic Republic of the Congo,"3,193,860",Balanced,Best Area,27.4,0.6,89%,115%,28.0,-7.1,2,Other,,-11.66,27.48,,,,,,,,,,,,,,,,,,,,,
Lubumbashi,Democratic Republic of the Congo,"3,193,860",Destination,City Wide,27.4,4.1,88%,110%,32.1,-5.4,0,Other,,-11.66,27.48,,,,,,,,,,,,,,,,,,,,,
Lubumbashi,Democratic Republic of the Congo,"3,193,860",Destination,Best Area,31.5,1.0,89%,115%,32.5,-7.1,2,Other,,-11.66,27.48,,,,,,,,,,,,,,,,,,,,,
Kumasi,Ghana,"1,730,249",Infrastructure,City Wide,21.8,2.2,94%,106%,23.9,-2.8,0,Other,,6.69,-1.62,,,,,,,,,,,,,,,,,,,,,
Kumasi,Ghana,"1,730,249",Infrastructure,Best Area,24.0,1.9,88%,115%,25.9,-7.6,0,Other,,6.69,-1.62,,,,,,,,,,,,,,,,,,,,,
Kumasi,Ghana,"1,730,249",Balanced,City Wide,23.2,4.2,94%,106%,28.1,-2.8,0,Other,,6.69,-1.62,,,,,,,,,,,,,,,,,,,,,
Kumasi,Ghana,"1,730,249",Balanced,Best Area,27.4,1.7,88%,115%,29.1,-7.6,0,Other,,6.69,-1.62,,,,,,,,,,,,,,,,,,,,,
Kumasi,Ghana,"1,730,249",Destination,City Wide,24.6,7.0,94%,106%,31.1,-2.8,0,Other,,6.69,-1.62,,,,,,,,,,,,,,,,,,,,,
Kumasi,Ghana,"1,730,249",Destination,Best Area,31.6,3.4,88%,115%,35.0,-7.6,0,Other,,6.69,-1.62,,,,,,,,,,,,,,,,,,,,,
Siming District (Xiamen),China,"1,070,000",Infrastructure,City Wide,14.9,9.7,70%,118%,25.6,-10.2,6,Other,Yes,24.46,118.13,,,,,,,,,,,,,,,,,,,,,
Siming District (Xiamen),China,"1,070,000",Infrastructure,Best Area,24.6,3.9,90%,119%,28.5,-8.1,22,Other,Yes,24.46,118.13,,,,,,,,,,,,,,,,,,,,,
Siming District (Xiamen),China,"1,070,000",Balanced,City Wide,21.2,6.2,70%,118%,28.4,-10.2,5,Other,Yes,24.46,118.13,,,,,,,,,,,,,,,,,,,,,
Siming District (Xiamen),China,"1,070,000",Balanced,Best Area,27.4,2.2,90%,119%,29.6,-8.1,45,Other,Yes,24.46,118.13,,,,,,,,,,,,,,,,,,,,,
Siming District (Xiamen),China,"1,070,000",Destination,City Wide,25.1,7.6,70%,118%,34.7,-10.2,5,Other,Yes,24.46,118.13,,,,,,,,,,,,,,,,,,,,,
Siming District (Xiamen),China,"1,070,000",Destination,Best Area,32.7,2.3,90%,119%,35.0,-8.1,45,Other,Yes,24.46,118.13,,,,,,,,,,,,,,,,,,,,,
Johor Bahru,Malaysia,"1,700,000",Infrastructure,City Wide,14.9,6.9,81%,114%,22.0,-5.9,24,Other,,1.54,103.72,,,,,,,,,,,,,,,,,,,,,
Johor Bahru,Malaysia,"1,700,000",Infrastructure,Best Area,21.8,4.4,80%,119%,26.2,-10.8,33,Other,,1.54,103.72,,,,,,,,,,,,,,,,,,,,,
Johor Bahru,Malaysia,"1,700,000",Balanced,City Wide,18.3,9.1,81%,114%,28.2,-5.9,24,Other,,1.54,103.72,,,,,,,,,,,,,,,,,,,,,
Johor Bahru,Malaysia,"1,700,000",Balanced,Best Area,27.4,7.2,80%,119%,34.6,-10.8,41,Other,,1.54,103.72,,,,,,,,,,,,,,,,,,,,,
Johor Bahru,Malaysia,"1,700,000",Destination,City Wide,20.8,11.8,81%,114%,33.3,-5.9,24,Other,,1.54,103.72,,,,,,,,,,,,,,,,,,,,,
Johor Bahru,Malaysia,"1,700,000",Destination,Best Area,32.6,10.5,80%,119%,43.1,-10.8,41,Other,,1.54,103.72,,,,,,,,,,,,,,,,,,,,,
Harare,Zimbabwe,"1,849,600",Infrastructure,City Wide,20.1,7.4,108%,91%,30.5,3.1,23,Other,,-17.85,31.06,,,,,,,,,,,,,,,,,,,,,
Harare,Zimbabwe,"1,849,600",Infrastructure,Best Area,27.5,15.2,101%,101%,42.7,0.0,23,Other,,-17.85,31.06,,,,,,,,,,,,,,,,,,,,,
Harare,Zimbabwe,"1,849,600",Balanced,City Wide,18.6,8.7,108%,91%,29.7,3.1,23,Other,,-17.85,31.06,,,,,,,,,,,,,,,,,,,,,
Harare,Zimbabwe,"1,849,600",Balanced,Best Area,27.3,11.3,101%,101%,38.6,0.0,23,Other,,-17.85,31.06,,,,,,,,,,,,,,,,,,,,,
Harare,Zimbabwe,"1,849,600",Destination,City Wide,17.0,10.5,108%,91%,27.9,3.1,23,Other,,-17.85,31.06,,,,,,,,,,,,,,,,,,,,,
Harare,Zimbabwe,"1,849,600",Destination,Best Area,27.5,11.1,101%,101%,38.6,0.0,23,Other,,-17.85,31.06,,,,,,,,,,,,,,,,,,,,,
Kuwait City,Kuwait,"3,000,000",Infrastructure,City Wide,17.3,3.4,75%,116%,20.7,-9.3,11,Other,,29.35,47.89,,,,,,,,,,,,,,,,,,,,,
Kuwait City,Kuwait,"3,000,000",Infrastructure,Best Area,20.7,0.0,76%,121%,20.7,-12.1,13,Other,,29.35,47.89,,,,,,,,,,,,,,,,,,,,,
Kuwait City,Kuwait,"3,000,000",Balanced,City Wide,23.0,4.2,75%,116%,27.2,-9.3,11,Other,,29.35,47.89,,,,,,,,,,,,,,,,,,,,,
Kuwait City,Kuwait,"3,000,000",Balanced,Best Area,27.2,0.0,76%,121%,27.2,-12.1,13,Other,,29.35,47.89,,,,,,,,,,,,,,,,,,,,,
Kuwait City,Kuwait,"3,000,000",Destination,City Wide,26.6,6.2,75%,116%,32.8,-9.3,11,Other,,29.35,47.89,,,,,,,,,,,,,,,,,,,,,
Kuwait City,Kuwait,"3,000,000",Destination,Best Area,32.8,0.0,76%,121%,32.8,-12.1,13,Other,,29.35,47.89,,,,,,,,,,,,,,,,,,,,,
Pyongyang,North Korea,"3,235,960",Infrastructure,City Wide,16.5,13.8,121%,76%,38.0,6.2,0,Other,,39.02,125.75,,,,,,,,,,,,,,,,,,,,,
Pyongyang,North Korea,"3,235,960",Infrastructure,Best Area,30.3,15.4,111%,93%,45.7,4.9,0,Other,,39.02,125.75,,,,,,,,,,,,,,,,,,,,,
Pyongyang,North Korea,"3,235,960",Balanced,City Wide,13.6,13.6,121%,76%,33.0,6.2,0,Other,,39.02,125.75,,,,,,,,,,,,,,,,,,,,,
Pyongyang,North Korea,"3,235,960",Balanced,Best Area,27.2,11.2,111%,93%,38.4,4.9,0,Other,,39.02,125.75,,,,,,,,,,,,,,,,,,,,,
Pyongyang,North Korea,"3,235,960",Destination,City Wide,10.3,15.1,121%,76%,27.3,6.2,0,Other,,39.02,125.75,,,,,,,,,,,,,,,,,,,,,
Pyongyang,North Korea,"3,235,960",Destination,Best Area,25.4,4.1,111%,93%,29.5,4.9,0,Other,,39.02,125.75,,,,,,,,,,,,,,,,,,,,,
Villahermosa,Mexico,"340,060",Infrastructure,City Wide,17.0,5.3,79%,115%,22.7,-7.7,0,NA,,17.99,-92.94,,,,,,,,,,,,,,,,,,,,,
Villahermosa,Mexico,"340,060",Infrastructure,Best Area,22.3,1.0,82%,115%,23.3,-9.0,2,NA,,17.99,-92.94,,,,,,,,,,,,,,,,,,,,,
Villahermosa,Mexico,"340,060",Balanced,City Wide,21.4,5.7,79%,115%,27.6,-7.7,0,NA,,17.99,-92.94,,,,,,,,,,,,,,,,,,,,,
Villahermosa,Mexico,"340,060",Balanced,Best Area,27.1,1.3,82%,115%,28.4,-9.0,2,NA,,17.99,-92.94,,,,,,,,,,,,,,,,,,,,,
Villahermosa,Mexico,"340,060",Destination,City Wide,24.7,6.6,79%,115%,32.1,-7.7,0,NA,,17.99,-92.94,,,,,,,,,,,,,,,,,,,,,
Villahermosa,Mexico,"340,060",Destination,Best Area,31.3,1.8,82%,115%,33.1,-9.0,2,NA,,17.99,-92.94,,,,,,,,,,,,,,,,,,,,,
Homs,Syria,"800,000",Infrastructure,City Wide,16.4,6.7,104%,99%,24.0,0.8,0,Other,,34.72,36.79,,,,,,,,,,,,,,,,,,,,,
Homs,Syria,"800,000",Infrastructure,Best Area,23.1,3.5,85%,114%,26.6,-7.9,0,Other,,34.72,36.79,,,,,,,,,,,,,,,,,,,,,
Homs,Syria,"800,000",Balanced,City Wide,15.7,11.4,104%,99%,28.1,0.8,0,Other,,34.72,36.79,,,,,,,,,,,,,,,,,,,,,
Homs,Syria,"800,000",Balanced,Best Area,27.1,6.3,85%,114%,33.4,-7.9,0,Other,,34.72,36.79,,,,,,,,,,,,,,,,,,,,,
Homs,Syria,"800,000",Destination,City Wide,15.6,15.4,104%,99%,33.8,0.8,0,Other,,34.72,36.79,,,,,,,,,,,,,,,,,,,,,
Homs,Syria,"800,000",Destination,Best Area,31.0,8.7,85%,114%,39.7,-7.9,0,Other,,34.72,36.79,,,,,,,,,,,,,,,,,,,,,
Nyamagana (Mwanza),Tanzania,"363,452",Infrastructure,City Wide,18.1,3.9,99%,99%,22.0,0.0,0,Other,,-2.58,32.95,,,,,,,,,,,,,,,,,,,,,
Nyamagana (Mwanza),Tanzania,"363,452",Infrastructure,Best Area,22.0,4.2,81%,119%,26.2,-10.1,0,Other,,-2.58,32.95,,,,,,,,,,,,,,,,,,,,,
Nyamagana (Mwanza),Tanzania,"363,452",Balanced,City Wide,18.3,8.7,99%,99%,29.1,0.0,0,Other,,-2.58,32.95,,,,,,,,,,,,,,,,,,,,,
Nyamagana (Mwanza),Tanzania,"363,452",Balanced,Best Area,27.0,11.4,81%,119%,38.4,-10.1,0,Other,,-2.58,32.95,,,,,,,,,,,,,,,,,,,,,
Nyamagana (Mwanza),Tanzania,"363,452",Destination,City Wide,18.1,14.0,99%,99%,35.9,0.0,0,Other,,-2.58,32.95,,,,,,,,,,,,,,,,,,,,,
Nyamagana (Mwanza),Tanzania,"363,452",Destination,Best Area,32.1,15.7,81%,119%,47.8,-10.1,0,Other,,-2.58,32.95,,,,,,,,,,,,,,,,,,,,,
Hanoi,Vietnam,"8,807,523",Infrastructure,City Wide,20.6,4.5,108%,90%,25.1,3.5,2,Other,,21.03,105.85,,,,,,,,,,,,,,,,,,,,,
Hanoi,Vietnam,"8,807,523",Infrastructure,Best Area,25.1,7.4,93%,109%,32.5,-4.1,5,Other,,21.03,105.85,,,,,,,,,,,,,,,,,,,,,
Hanoi,Vietnam,"8,807,523",Balanced,City Wide,19.0,7.9,108%,90%,26.9,3.5,2,Other,,21.03,105.85,,,,,,,,,,,,,,,,,,,,,
Hanoi,Vietnam,"8,807,523",Balanced,Best Area,26.9,16.4,93%,109%,43.3,-4.1,6,Other,,21.03,105.85,,,,,,,,,,,,,,,,,,,,,
Hanoi,Vietnam,"8,807,523",Destination,City Wide,17.1,12.1,108%,90%,29.8,3.5,2,Other,,21.03,105.85,,,,,,,,,,,,,,,,,,,,,
Hanoi,Vietnam,"8,807,523",Destination,Best Area,29.2,24.2,93%,109%,53.4,-4.1,6,Other,,21.03,105.85,,,,,,,,,,,,,,,,,,,,,
Nanjing,China,"9,314,685",Infrastructure,City Wide,10.3,15.6,97%,98%,28.1,-0.1,1,Other,,32.04,118.78,,,,,,,,,,,,,,,,,,,,,
Nanjing,China,"9,314,685",Infrastructure,Best Area,25.9,28.7,96%,105%,54.6,-2.3,2,Other,,32.04,118.78,,,,,,,,,,,,,,,,,,,,,
Nanjing,China,"9,314,685",Balanced,City Wide,10.6,16.3,97%,98%,27.7,-0.1,1,Other,,32.04,118.78,,,,,,,,,,,,,,,,,,,,,
Nanjing,China,"9,314,685",Balanced,Best Area,26.9,19.9,96%,105%,46.8,-2.3,3,Other,,32.04,118.78,,,,,,,,,,,,,,,,,,,,,
Nanjing,China,"9,314,685",Destination,City Wide,10.4,17.8,97%,98%,29.3,-0.1,1,Other,,32.04,118.78,,,,,,,,,,,,,,,,,,,,,
Nanjing,China,"9,314,685",Destination,Best Area,28.2,24.2,96%,105%,52.4,-2.3,3,Other,,32.04,118.78,,,,,,,,,,,,,,,,,,,,,
Fuzhou*,China,"8,291,268",Infrastructure,City Wide,12.7,18.2,123%,81%,36.0,4.4,0,Other,,26.08,119.29,,,,,,,,,,,,,,,,,,,,,
Fuzhou*,China,"8,291,268",Infrastructure,Best Area,30.9,32.3,115%,87%,63.2,7.6,0,Other,,26.08,119.29,,,,,,,,,,,,,,,,,,,,,
Fuzhou*,China,"8,291,268",Balanced,City Wide,10.3,16.6,123%,81%,30.2,4.4,0,Other,,26.08,119.29,,,,,,,,,,,,,,,,,,,,,
Fuzhou*,China,"8,291,268",Balanced,Best Area,26.9,26.5,115%,87%,53.4,7.6,0,Other,,26.08,119.29,,,,,,,,,,,,,,,,,,,,,
Fuzhou*,China,"8,291,268",Destination,City Wide,8.3,15.0,123%,81%,22.7,4.4,0,Other,,26.08,119.29,,,,,,,,,,,,,,,,,,,,,
Fuzhou*,China,"8,291,268",Destination,Best Area,23.3,18.3,115%,87%,41.6,7.6,0,Other,,26.08,119.29,,,,,,,,,,,,,,,,,,,,,
Haining (Jiaxing),China,"1,076,199",Infrastructure,City Wide,11.3,16.6,112%,88%,25.1,2.4,0,Other,Yes,30.51,120.68,,,,,,,,,,,,,,,,,,,,,
Haining (Jiaxing),China,"1,076,199",Infrastructure,Best Area,27.9,25.7,104%,97%,53.6,1.9,1,Other,Yes,30.51,120.68,,,,,,,,,,,,,,,,,,,,,
Haining (Jiaxing),China,"1,076,199",Balanced,City Wide,10.1,16.8,112%,88%,26.6,2.4,0,Other,Yes,30.51,120.68,,,,,,,,,,,,,,,,,,,,,
Haining (Jiaxing),China,"1,076,199",Balanced,Best Area,26.9,22.0,104%,97%,48.9,1.9,1,Other,Yes,30.51,120.68,,,,,,,,,,,,,,,,,,,,,
Haining (Jiaxing),China,"1,076,199",Destination,City Wide,8.9,17.1,112%,88%,31.2,2.4,0,Other,Yes,30.51,120.68,,,,,,,,,,,,,,,,,,,,,
Haining (Jiaxing),China,"1,076,199",Destination,Best Area,26.0,17.7,104%,97%,43.7,1.9,1,Other,Yes,30.51,120.68,,,,,,,,,,,,,,,,,,,,,
Chihuahua,Mexico,"937,674",Infrastructure,City Wide,18.3,6.9,103%,94%,26.0,1.6,3,NA,,28.94,-106.38,,,,,,,,,,,,,,,,,,,,,
Chihuahua,Mexico,"937,674",Infrastructure,Best Area,25.2,1.8,94%,107%,27.0,-3.5,16,NA,,28.94,-106.38,,,,,,,,,,,,,,,,,,,,,
Chihuahua,Mexico,"937,674",Balanced,City Wide,17.8,9.0,103%,94%,26.1,1.6,3,NA,,28.94,-106.38,,,,,,,,,,,,,,,,,,,,,
Chihuahua,Mexico,"937,674",Balanced,Best Area,26.8,4.8,94%,107%,31.6,-3.5,16,NA,,28.94,-106.38,,,,,,,,,,,,,,,,,,,,,
Chihuahua,Mexico,"937,674",Destination,City Wide,16.7,12.0,103%,94%,27.7,1.6,3,NA,,28.94,-106.38,,,,,,,,,,,,,,,,,,,,,
Chihuahua,Mexico,"937,674",Destination,Best Area,28.7,7.7,94%,107%,36.4,-3.5,16,NA,,28.94,-106.38,,,,,,,,,,,,,,,,,,,,,
Libreville,Gabon,"915,590",Infrastructure,City Wide,16.1,5.0,81%,116%,22.0,-7.1,49,Other,,0.45,9.46,,,,,,,,,,,,,,,,,,,,,
Libreville,Gabon,"915,590",Infrastructure,Best Area,21.1,2.1,79%,118%,23.2,-10.4,49,Other,,0.45,9.46,,,,,,,,,,,,,,,,,,,,,
Libreville,Gabon,"915,590",Balanced,City Wide,20.0,6.6,81%,116%,27.2,-7.1,49,Other,,0.45,9.46,,,,,,,,,,,,,,,,,,,,,
Libreville,Gabon,"915,590",Balanced,Best Area,26.6,3.3,79%,118%,29.9,-10.4,58,Other,,0.45,9.46,,,,,,,,,,,,,,,,,,,,,
Libreville,Gabon,"915,590",Destination,City Wide,23.2,8.3,81%,116%,32.4,-7.1,49,Other,,0.45,9.46,,,,,,,,,,,,,,,,,,,,,
Libreville,Gabon,"915,590",Destination,Best Area,31.5,4.0,79%,118%,35.5,-10.4,58,Other,,0.45,9.46,,,,,,,,,,,,,,,,,,,,,
Zacatecas,Mexico,"150,000",Infrastructure,City Wide,18.6,5.6,97%,103%,23.8,-1.0,4,NA,,22.73,-102.67,,,,,,,,,,,,,,,,,,,,,
Zacatecas,Mexico,"150,000",Infrastructure,Best Area,24.2,2.9,91%,112%,27.1,-5.6,11,NA,,22.73,-102.67,,,,,,,,,,,,,,,,,,,,,
Zacatecas,Mexico,"150,000",Balanced,City Wide,19.1,7.5,97%,103%,26.9,-1.0,4,NA,,22.73,-102.67,,,,,,,,,,,,,,,,,,,,,
Zacatecas,Mexico,"150,000",Balanced,Best Area,26.6,3.0,91%,112%,29.6,-5.6,11,NA,,22.73,-102.67,,,,,,,,,,,,,,,,,,,,,
Zacatecas,Mexico,"150,000",Destination,City Wide,19.6,10.2,97%,103%,30.8,-1.0,4,NA,,22.73,-102.67,,,,,,,,,,,,,,,,,,,,,
Zacatecas,Mexico,"150,000",Destination,Best Area,29.8,2.2,91%,112%,32.0,-5.6,11,NA,,22.73,-102.67,,,,,,,,,,,,,,,,,,,,,
Laayoune,Western Sahara,"272,000",Infrastructure,City Wide,23.2,1.8,95%,105%,24.9,-2.3,0,Other,,27.15,-13.20,,,,,,,,,,,,,,,,,,,,,
Laayoune,Western Sahara,"272,000",Infrastructure,Best Area,25.0,0.9,94%,107%,25.9,-3.4,0,Other,,27.15,-13.20,,,,,,,,,,,,,,,,,,,,,
Laayoune,Western Sahara,"272,000",Balanced,City Wide,24.4,2.2,95%,105%,26.7,-2.3,0,Other,,27.15,-13.20,,,,,,,,,,,,,,,,,,,,,
Laayoune,Western Sahara,"272,000",Balanced,Best Area,26.6,0.7,94%,107%,27.3,-3.4,0,Other,,27.15,-13.20,,,,,,,,,,,,,,,,,,,,,
Laayoune,Western Sahara,"272,000",Destination,City Wide,25.5,2.9,95%,105%,28.6,-2.3,0,Other,,27.15,-13.20,,,,,,,,,,,,,,,,,,,,,
Laayoune,Western Sahara,"272,000",Destination,Best Area,28.4,0.2,94%,107%,28.6,-3.4,0,Other,,27.15,-13.20,,,,,,,,,,,,,,,,,,,,,
Toamasina I,Madagascar,"579,000",Infrastructure,City Wide,22.4,2.4,95%,103%,25.3,-2.1,0,Other,,-18.14,49.40,,,,,,,,,,,,,,,,,,,,,
Toamasina I,Madagascar,"579,000",Infrastructure,Best Area,24.8,0.6,94%,115%,25.4,-5.8,0,Other,,-18.14,49.40,,,,,,,,,,,,,,,,,,,,,
Toamasina I,Madagascar,"579,000",Balanced,City Wide,23.7,2.8,95%,103%,27.1,-2.1,0,Other,,-18.14,49.40,,,,,,,,,,,,,,,,,,,,,
Toamasina I,Madagascar,"579,000",Balanced,Best Area,26.5,1.0,94%,115%,27.5,-5.8,0,Other,,-18.14,49.40,,,,,,,,,,,,,,,,,,,,,
Toamasina I,Madagascar,"579,000",Destination,City Wide,24.5,6.1,95%,103%,31.2,-2.1,0,Other,,-18.14,49.40,,,,,,,,,,,,,,,,,,,,,
Toamasina I,Madagascar,"579,000",Destination,Best Area,30.6,2.3,94%,115%,32.9,-5.8,0,Other,,-18.14,49.40,,,,,,,,,,,,,,,,,,,,,
Manzanillo,Mexico,"191,031",Infrastructure,City Wide,13.9,8.4,93%,107%,22.9,-2.1,1,NA,,19.13,-104.28,,,,,,,,,,,,,,,,,,,,,
Manzanillo,Mexico,"191,031",Infrastructure,Best Area,22.3,2.8,84%,114%,25.1,-8.0,5,NA,,19.13,-104.28,,,,,,,,,,,,,,,,,,,,,
Manzanillo,Mexico,"191,031",Balanced,City Wide,14.9,11.6,93%,107%,26.7,-2.1,1,NA,,19.13,-104.28,,,,,,,,,,,,,,,,,,,,,
Manzanillo,Mexico,"191,031",Balanced,Best Area,26.5,2.5,84%,114%,29.0,-8.0,5,NA,,19.13,-104.28,,,,,,,,,,,,,,,,,,,,,
Manzanillo,Mexico,"191,031",Destination,City Wide,16.0,14.3,93%,107%,32.4,-2.1,1,NA,,19.13,-104.28,,,,,,,,,,,,,,,,,,,,,
Manzanillo,Mexico,"191,031",Destination,Best Area,30.3,2.5,84%,114%,32.8,-8.0,5,NA,,19.13,-104.28,,,,,,,,,,,,,,,,,,,,,
Riyadh,Saudi Arabia,"7,009,100",Infrastructure,City Wide,21.3,5.5,105%,92%,26.6,2.8,11,Other,,24.74,47.18,,,,,,,,,,,,,,,,,,,,,
Riyadh,Saudi Arabia,"7,009,100",Infrastructure,Best Area,26.8,8.6,102%,103%,35.4,-0.5,11,Other,,24.74,47.18,,,,,,,,,,,,,,,,,,,,,
Riyadh,Saudi Arabia,"7,009,100",Balanced,City Wide,20.2,6.2,105%,92%,27.1,2.8,11,Other,,24.74,47.18,,,,,,,,,,,,,,,,,,,,,
Riyadh,Saudi Arabia,"7,009,100",Balanced,Best Area,26.4,4.5,102%,103%,30.9,-0.5,11,Other,,24.74,47.18,,,,,,,,,,,,,,,,,,,,,
Riyadh,Saudi Arabia,"7,009,100",Destination,City Wide,18.5,8.8,105%,92%,28.0,2.8,11,Other,,24.74,47.18,,,,,,,,,,,,,,,,,,,,,
Riyadh,Saudi Arabia,"7,009,100",Destination,Best Area,27.3,7.6,102%,103%,34.9,-0.5,11,Other,,24.74,47.18,,,,,,,,,,,,,,,,,,,,,
Dili,East Timor,"300,000",Infrastructure,City Wide,13.6,5.0,72%,121%,19.4,-9.2,0,Other,,-8.55,125.65,,,,,,,,,,,,,,,,,,,,,
Dili,East Timor,"300,000",Infrastructure,Best Area,18.6,1.7,70%,121%,20.3,-13.3,0,Other,,-8.55,125.65,,,,,,,,,,,,,,,,,,,,,
Dili,East Timor,"300,000",Balanced,City Wide,18.8,7.6,72%,121%,27.1,-9.2,0,Other,,-8.55,125.65,,,,,,,,,,,,,,,,,,,,,
Dili,East Timor,"300,000",Balanced,Best Area,26.4,2.7,70%,121%,29.1,-13.3,0,Other,,-8.55,125.65,,,,,,,,,,,,,,,,,,,,,
Dili,East Timor,"300,000",Destination,City Wide,22.8,9.1,72%,121%,34.0,-9.2,0,Other,,-8.55,125.65,,,,,,,,,,,,,,,,,,,,,
Dili,East Timor,"300,000",Destination,Best Area,31.9,5.3,70%,121%,37.2,-13.3,0,Other,,-8.55,125.65,,,,,,,,,,,,,,,,,,,,,
Lelydorp,Suriname,"18,700",Infrastructure,City Wide,15.5,10.8,87%,108%,35.6,-3.9,22,Other,,5.69,-55.21,,,,,,,,,,,,,,,,,,,,,
Lelydorp,Suriname,"18,700",Infrastructure,Best Area,26.3,9.3,100%,104%,35.6,-1.2,26,Other,,5.69,-55.21,,,,,,,,,,,,,,,,,,,,,
Lelydorp,Suriname,"18,700",Balanced,City Wide,17.9,8.5,87%,108%,33.1,-3.9,22,Other,,5.69,-55.21,,,,,,,,,,,,,,,,,,,,,
Lelydorp,Suriname,"18,700",Balanced,Best Area,26.4,6.7,100%,104%,33.1,-1.2,26,Other,,5.69,-55.21,,,,,,,,,,,,,,,,,,,,,
Lelydorp,Suriname,"18,700",Destination,City Wide,19.4,8.1,87%,108%,30.4,-3.9,22,Other,,5.69,-55.21,,,,,,,,,,,,,,,,,,,,,
Lelydorp,Suriname,"18,700",Destination,Best Area,27.5,2.9,100%,104%,30.4,-1.2,26,Other,,5.69,-55.21,,,,,,,,,,,,,,,,,,,,,
Acapulco,Mexico,"779,566",Infrastructure,City Wide,15.5,7.8,88%,111%,24.6,-4.1,0,NA,,16.96,-99.70,,,,,,,,,,,,,,,,,,,,,
Acapulco,Mexico,"779,566",Infrastructure,Best Area,23.3,3.2,88%,112%,26.5,-6.2,1,NA,,16.96,-99.70,,,,,,,,,,,,,,,,,,,,,
Acapulco,Mexico,"779,566",Balanced,City Wide,17.7,8.7,88%,111%,27.1,-4.1,0,NA,,16.96,-99.70,,,,,,,,,,,,,,,,,,,,,
Acapulco,Mexico,"779,566",Balanced,Best Area,26.4,3.6,88%,112%,30.0,-6.2,1,NA,,16.96,-99.70,,,,,,,,,,,,,,,,,,,,,
Acapulco,Mexico,"779,566",Destination,City Wide,19.6,9.9,88%,111%,29.5,-4.1,0,NA,,16.96,-99.70,,,,,,,,,,,,,,,,,,,,,
Acapulco,Mexico,"779,566",Destination,Best Area,29.5,5.1,88%,112%,34.6,-6.2,1,NA,,16.96,-99.70,,,,,,,,,,,,,,,,,,,,,
Cairo,Egypt,"10,500,000",Infrastructure,City Wide,16.8,6.7,98%,103%,23.8,-0.9,0,Other,,30.04,31.24,,,,,,,,,,,,,,,,,,,,,
Cairo,Egypt,"10,500,000",Infrastructure,Best Area,23.5,6.7,89%,114%,30.2,-6.5,1,Other,,30.04,31.24,,,,,,,,,,,,,,,,,,,,,
Cairo,Egypt,"10,500,000",Balanced,City Wide,17.2,9.2,98%,103%,27.1,-0.9,0,Other,,30.04,31.24,,,,,,,,,,,,,,,,,,,,,
Cairo,Egypt,"10,500,000",Balanced,Best Area,26.4,9.5,89%,114%,35.9,-6.5,1,Other,,30.04,31.24,,,,,,,,,,,,,,,,,,,,,
Cairo,Egypt,"10,500,000",Destination,City Wide,17.7,12.3,98%,103%,31.7,-0.9,0,Other,,30.04,31.24,,,,,,,,,,,,,,,,,,,,,
Cairo,Egypt,"10,500,000",Destination,Best Area,30.0,11.3,89%,114%,41.3,-6.5,1,Other,,30.04,31.24,,,,,,,,,,,,,,,,,,,,,
Matola,Mozambique,"1,600,000",Infrastructure,City Wide,26.5,1.7,113%,82%,28.4,7.2,1,Other,,-25.97,32.47,,,,,,,,,,,,,,,,,,,,,
Matola,Mozambique,"1,600,000",Infrastructure,Best Area,28.2,0.5,107%,98%,28.7,2.4,1,Other,,-25.97,32.47,,,,,,,,,,,,,,,,,,,,,
Matola,Mozambique,"1,600,000",Balanced,City Wide,23.5,2.8,113%,82%,26.0,7.2,1,Other,,-25.97,32.47,,,,,,,,,,,,,,,,,,,,,
Matola,Mozambique,"1,600,000",Balanced,Best Area,26.3,5.1,107%,98%,31.4,2.4,1,Other,,-25.97,32.47,,,,,,,,,,,,,,,,,,,,,
Matola,Mozambique,"1,600,000",Destination,City Wide,19.3,6.5,113%,82%,24.7,7.2,1,Other,,-25.97,32.47,,,,,,,,,,,,,,,,,,,,,
Matola,Mozambique,"1,600,000",Destination,Best Area,25.8,9.2,107%,98%,35.0,2.4,1,Other,,-25.97,32.47,,,,,,,,,,,,,,,,,,,,,
Freetown,Sierra Leone,"1,200,000",Infrastructure,City Wide,15.3,5.6,80%,114%,21.9,-6.4,0,Other,,8.46,-13.23,,,,,,,,,,,,,,,,,,,,,
Freetown,Sierra Leone,"1,200,000",Infrastructure,Best Area,20.9,2.7,80%,119%,23.6,-10.2,0,Other,,8.46,-13.23,,,,,,,,,,,,,,,,,,,,,
Freetown,Sierra Leone,"1,200,000",Balanced,City Wide,19.1,7.0,80%,114%,27.8,-6.4,0,Other,,8.46,-13.23,,,,,,,,,,,,,,,,,,,,,
Freetown,Sierra Leone,"1,200,000",Balanced,Best Area,26.1,4.7,80%,119%,30.8,-10.2,1,Other,,8.46,-13.23,,,,,,,,,,,,,,,,,,,,,
Freetown,Sierra Leone,"1,200,000",Destination,City Wide,21.7,9.4,80%,114%,33.1,-6.4,0,Other,,8.46,-13.23,,,,,,,,,,,,,,,,,,,,,
Freetown,Sierra Leone,"1,200,000",Destination,Best Area,31.1,6.8,80%,119%,37.9,-10.2,1,Other,,8.46,-13.23,,,,,,,,,,,,,,,,,,,,,
Mexicali,Mexico,"1,049,792",Infrastructure,City Wide,16.4,7.4,108%,94%,25.4,2.1,14,NA,,32.05,-115.41,,,,,,,,,,,,,,,,,,,,,
Mexicali,Mexico,"1,049,792",Infrastructure,Best Area,23.8,3.2,91%,109%,27.0,-4.6,21,NA,,32.05,-115.41,,,,,,,,,,,,,,,,,,,,,
Mexicali,Mexico,"1,049,792",Balanced,City Wide,15.2,10.9,108%,94%,28.3,2.1,14,NA,,32.05,-115.41,,,,,,,,,,,,,,,,,,,,,
Mexicali,Mexico,"1,049,792",Balanced,Best Area,26.1,5.7,91%,109%,31.8,-4.6,22,NA,,32.05,-115.41,,,,,,,,,,,,,,,,,,,,,
Mexicali,Mexico,"1,049,792",Destination,City Wide,14.3,14.1,108%,94%,30.2,2.1,14,NA,,32.05,-115.41,,,,,,,,,,,,,,,,,,,,,
Mexicali,Mexico,"1,049,792",Destination,Best Area,28.4,7.9,91%,109%,36.3,-4.6,22,NA,,32.05,-115.41,,,,,,,,,,,,,,,,,,,,,
Guangzhou,China,"18,676,605",Infrastructure,City Wide,12.2,11.1,97%,102%,23.9,-0.6,1,Other,,23.13,113.26,,,,,,,,,,,,,,,,,,,,,
Guangzhou,China,"18,676,605",Infrastructure,Best Area,23.3,37.5,89%,110%,60.8,-5.5,1,Other,,23.13,113.26,,,,,,,,,,,,,,,,,,,,,
Guangzhou,China,"18,676,605",Balanced,City Wide,12.6,13.5,97%,102%,26.0,-0.6,1,Other,,23.13,113.26,,,,,,,,,,,,,,,,,,,,,
Guangzhou,China,"18,676,605",Balanced,Best Area,26.1,28.0,89%,110%,54.1,-5.5,2,Other,,23.13,113.26,,,,,,,,,,,,,,,,,,,,,
Guangzhou,China,"18,676,605",Destination,City Wide,12.8,16.0,97%,102%,30.2,-0.6,1,Other,,23.13,113.26,,,,,,,,,,,,,,,,,,,,,
Guangzhou,China,"18,676,605",Destination,Best Area,28.8,20.4,89%,110%,49.2,-5.5,2,Other,,23.13,113.26,,,,,,,,,,,,,,,,,,,,,
Xiamen,China,"5,163,970",Infrastructure,City Wide,11.9,14.4,109%,89%,26.4,2.2,0,Other,,24.54,118.08,,,,,,,,,,,,,,,,,,,,,
Xiamen,China,"5,163,970",Infrastructure,Best Area,26.3,23.3,101%,98%,49.6,0.8,2,Other,,24.54,118.08,,,,,,,,,,,,,,,,,,,,,
Xiamen,China,"5,163,970",Balanced,City Wide,10.9,15.1,109%,89%,28.5,2.2,0,Other,,24.54,118.08,,,,,,,,,,,,,,,,,,,,,
Xiamen,China,"5,163,970",Balanced,Best Area,26.0,18.7,101%,98%,44.7,0.8,3,Other,,24.54,118.08,,,,,,,,,,,,,,,,,,,,,
Xiamen,China,"5,163,970",Destination,City Wide,9.7,15.8,109%,89%,28.5,2.2,0,Other,,24.54,118.08,,,,,,,,,,,,,,,,,,,,,
Xiamen,China,"5,163,970",Destination,Best Area,25.5,13.8,101%,98%,39.3,0.8,3,Other,,24.54,118.08,,,,,,,,,,,,,,,,,,,,,
Kigali,Rwanda,"1,745,555",Infrastructure,City Wide,18.4,5.3,111%,89%,24.0,3.7,0,Other,,-1.95,30.11,,,,,,,,,,,,,,,,,,,,,
Kigali,Rwanda,"1,745,555",Infrastructure,Best Area,23.7,3.8,92%,111%,27.5,-5.0,1,Other,,-1.95,30.11,,,,,,,,,,,,,,,,,,,,,
Kigali,Rwanda,"1,745,555",Balanced,City Wide,16.6,9.3,111%,89%,27.3,3.7,0,Other,,-1.95,30.11,,,,,,,,,,,,,,,,,,,,,
Kigali,Rwanda,"1,745,555",Balanced,Best Area,25.9,7.0,92%,111%,32.9,-5.0,1,Other,,-1.95,30.11,,,,,,,,,,,,,,,,,,,,,
Kigali,Rwanda,"1,745,555",Destination,City Wide,14.7,14.0,111%,89%,30.5,3.7,0,Other,,-1.95,30.11,,,,,,,,,,,,,,,,,,,,,
Kigali,Rwanda,"1,745,555",Destination,Best Area,28.7,8.9,92%,111%,37.6,-5.0,1,Other,,-1.95,30.11,,,,,,,,,,,,,,,,,,,,,
Jinan,China,"9,202,432",Infrastructure,City Wide,10.0,19.0,127%,75%,33.4,4.1,0,Other,,36.65,117.11,,,,,,,,,,,,,,,,,,,,,
Jinan,China,"9,202,432",Infrastructure,Best Area,29.0,34.4,112%,95%,63.4,4.6,2,Other,,36.65,117.11,,,,,,,,,,,,,,,,,,,,,
Jinan,China,"9,202,432",Balanced,City Wide,7.9,17.9,127%,75%,27.6,4.1,0,Other,,36.65,117.11,,,,,,,,,,,,,,,,,,,,,
Jinan,China,"9,202,432",Balanced,Best Area,25.8,34.4,112%,95%,60.2,4.6,2,Other,,36.65,117.11,,,,,,,,,,,,,,,,,,,,,
Jinan,China,"9,202,432",Destination,City Wide,5.9,18.5,127%,75%,22.9,4.1,0,Other,,36.65,117.11,,,,,,,,,,,,,,,,,,,,,
Jinan,China,"9,202,432",Destination,Best Area,24.4,33.9,112%,95%,58.3,4.6,2,Other,,36.65,117.11,,,,,,,,,,,,,,,,,,,,,
Maseru [Maseru District],Lesotho,"517,000",Infrastructure,City Wide,17.1,6.3,103%,99%,23.7,0.6,5,Other,,-29.58,27.82,,,,,,,,,,,,,,,,,,,,,
Maseru [Maseru District],Lesotho,"517,000",Infrastructure,Best Area,23.4,2.2,91%,110%,25.6,-4.8,18,Other,,-29.58,27.82,,,,,,,,,,,,,,,,,,,,,
Maseru [Maseru District],Lesotho,"517,000",Balanced,City Wide,16.6,9.1,103%,99%,26.6,0.6,5,Other,,-29.58,27.82,,,,,,,,,,,,,,,,,,,,,
Maseru [Maseru District],Lesotho,"517,000",Balanced,Best Area,25.7,2.7,91%,110%,28.4,-4.8,25,Other,,-29.58,27.82,,,,,,,,,,,,,,,,,,,,,
Maseru [Maseru District],Lesotho,"517,000",Destination,City Wide,16.5,11.7,103%,99%,29.3,0.6,5,Other,,-29.58,27.82,,,,,,,,,,,,,,,,,,,,,
Maseru [Maseru District],Lesotho,"517,000",Destination,Best Area,28.2,8.1,91%,110%,36.3,-4.8,26,Other,,-29.58,27.82,,,,,,,,,,,,,,,,,,,,,
Yuzhong District (Chongqing),China,"588,717",Infrastructure,City Wide,12.0,5.8,57%,125%,21.7,-14.3,0,Other,Yes,29.56,106.57,,,,,,,,,,,,,,,,,,,,,
Yuzhong District (Chongqing),China,"588,717",Infrastructure,Best Area,17.8,5.0,70%,125%,22.8,-14.1,2,Other,Yes,29.56,106.57,,,,,,,,,,,,,,,,,,,,,
Yuzhong District (Chongqing),China,"588,717",Balanced,City Wide,21.1,4.5,57%,125%,26.8,-14.3,0,Other,Yes,29.56,106.57,,,,,,,,,,,,,,,,,,,,,
Yuzhong District (Chongqing),China,"588,717",Balanced,Best Area,25.6,2.0,70%,125%,27.6,-14.1,2,Other,Yes,29.56,106.57,,,,,,,,,,,,,,,,,,,,,
Yuzhong District (Chongqing),China,"588,717",Destination,City Wide,26.3,5.6,57%,125%,33.2,-14.3,0,Other,Yes,29.56,106.57,,,,,,,,,,,,,,,,,,,,,
Yuzhong District (Chongqing),China,"588,717",Destination,Best Area,31.9,2.7,70%,125%,34.6,-14.1,2,Other,Yes,29.56,106.57,,,,,,,,,,,,,,,,,,,,,
Pretoria [City of Tshwane Metropolitan Municipality],South Africa,"3,600,000",Infrastructure,City Wide,16.8,6.8,106%,92%,24.3,2.2,0,Other,,-25.59,28.30,,,,,,,,,,,,,,,,,,,,,
Pretoria [City of Tshwane Metropolitan Municipality],South Africa,"3,600,000",Infrastructure,Best Area,23.6,6.6,93%,111%,30.2,-4.7,0,Other,,-25.59,28.30,,,,,,,,,,,,,,,,,,,,,
Pretoria [City of Tshwane Metropolitan Municipality],South Africa,"3,600,000",Balanced,City Wide,15.8,9.7,106%,92%,26.9,2.2,0,Other,,-25.59,28.30,,,,,,,,,,,,,,,,,,,,,
Pretoria [City of Tshwane Metropolitan Municipality],South Africa,"3,600,000",Balanced,Best Area,25.5,11.0,93%,111%,36.5,-4.7,0,Other,,-25.59,28.30,,,,,,,,,,,,,,,,,,,,,
Pretoria [City of Tshwane Metropolitan Municipality],South Africa,"3,600,000",Destination,City Wide,14.6,13.7,106%,92%,29.4,2.2,0,Other,,-25.59,28.30,,,,,,,,,,,,,,,,,,,,,
Pretoria [City of Tshwane Metropolitan Municipality],South Africa,"3,600,000",Destination,Best Area,28.3,13.7,93%,111%,42.0,-4.7,0,Other,,-25.59,28.30,,,,,,,,,,,,,,,,,,,,,
Touba,Senegal,"1,000,000",Infrastructure,City Wide,24.6,1.2,115%,75%,25.9,8.6,1,Other,,14.86,-15.88,,,,,,,,,,,,,,,,,,,,,
Touba,Senegal,"1,000,000",Infrastructure,Best Area,25.8,0.4,102%,102%,26.2,0.0,1,Other,,14.86,-15.88,,,,,,,,,,,,,,,,,,,,,
Touba,Senegal,"1,000,000",Balanced,City Wide,21.4,4.0,115%,75%,26.3,8.6,1,Other,,14.86,-15.88,,,,,,,,,,,,,,,,,,,,,
Touba,Senegal,"1,000,000",Balanced,Best Area,25.4,2.9,102%,102%,28.3,0.0,2,Other,,14.86,-15.88,,,,,,,,,,,,,,,,,,,,,
Touba,Senegal,"1,000,000",Destination,City Wide,16.0,9.8,115%,75%,27.7,8.6,1,Other,,14.86,-15.88,,,,,,,,,,,,,,,,,,,,,
Touba,Senegal,"1,000,000",Destination,Best Area,25.8,4.8,102%,102%,30.6,0.0,1,Other,,14.86,-15.88,,,,,,,,,,,,,,,,,,,,,
Mombasa,Kenya,"1,200,000",Infrastructure,City Wide,18.7,4.7,101%,100%,23.6,0.1,1,Other,,-4.04,39.65,,,,,,,,,,,,,,,,,,,,,
Mombasa,Kenya,"1,200,000",Infrastructure,Best Area,23.4,1.5,92%,113%,24.9,-5.3,1,Other,,-4.04,39.65,,,,,,,,,,,,,,,,,,,,,
Mombasa,Kenya,"1,200,000",Balanced,City Wide,18.6,6.8,101%,100%,26.7,0.1,1,Other,,-4.04,39.65,,,,,,,,,,,,,,,,,,,,,
Mombasa,Kenya,"1,200,000",Balanced,Best Area,25.4,5.0,92%,113%,30.4,-5.3,3,Other,,-4.04,39.65,,,,,,,,,,,,,,,,,,,,,
Mombasa,Kenya,"1,200,000",Destination,City Wide,18.6,10.1,101%,100%,32.1,0.1,1,Other,,-4.04,39.65,,,,,,,,,,,,,,,,,,,,,
Mombasa,Kenya,"1,200,000",Destination,Best Area,28.7,7.5,92%,113%,36.2,-5.3,3,Other,,-4.04,39.65,,,,,,,,,,,,,,,,,,,,,
Jeddah,Saudi Arabia,"3,900,000",Infrastructure,City Wide,17.1,7.3,113%,88%,23.3,3.8,1,Other,,21.61,39.24,,,,,,,,,,,,,,,,,,,,,
Jeddah,Saudi Arabia,"3,900,000",Infrastructure,Best Area,24.4,20.5,96%,109%,44.9,-3.4,2,Other,,21.61,39.24,,,,,,,,,,,,,,,,,,,,,
Jeddah,Saudi Arabia,"3,900,000",Balanced,City Wide,15.1,10.3,113%,88%,25.9,3.8,1,Other,,21.61,39.24,,,,,,,,,,,,,,,,,,,,,
Jeddah,Saudi Arabia,"3,900,000",Balanced,Best Area,25.4,15.3,96%,109%,40.7,-3.4,3,Other,,21.61,39.24,,,,,,,,,,,,,,,,,,,,,
Jeddah,Saudi Arabia,"3,900,000",Destination,City Wide,13.3,14.5,113%,88%,29.4,3.8,1,Other,,21.61,39.24,,,,,,,,,,,,,,,,,,,,,
Jeddah,Saudi Arabia,"3,900,000",Destination,Best Area,27.8,11.9,96%,109%,39.7,-3.4,3,Other,,21.61,39.24,,,,,,,,,,,,,,,,,,,,,
Reynosa,Mexico,"704,767",Infrastructure,City Wide,18.5,5.7,102%,100%,24.4,0.4,6,NA,,25.84,-98.37,,,,,,,,,,,,,,,,,,,,,
Reynosa,Mexico,"704,767",Infrastructure,Best Area,24.2,0.9,96%,106%,25.1,-2.5,40,NA,,25.84,-98.37,,,,,,,,,,,,,,,,,,,,,
Reynosa,Mexico,"704,767",Balanced,City Wide,18.1,7.2,102%,100%,25.6,0.4,6,NA,,25.84,-98.37,,,,,,,,,,,,,,,,,,,,,
Reynosa,Mexico,"704,767",Balanced,Best Area,25.3,0.6,96%,106%,25.9,-2.5,42,NA,,25.84,-98.37,,,,,,,,,,,,,,,,,,,,,
Reynosa,Mexico,"704,767",Destination,City Wide,18.1,8.6,102%,100%,27.0,0.4,6,NA,,25.84,-98.37,,,,,,,,,,,,,,,,,,,,,
Reynosa,Mexico,"704,767",Destination,Best Area,26.7,0.9,96%,106%,27.6,-2.5,43,NA,,25.84,-98.37,,,,,,,,,,,,,,,,,,,,,
Turkmenabat,Turkmenistan,"247,000",Infrastructure,City Wide,14.4,7.2,91%,108%,22.8,-2.7,1,Other,,39.07,63.58,,,,,,,,,,,,,,,,,,,,,
Turkmenabat,Turkmenistan,"247,000",Infrastructure,Best Area,21.6,1.9,85%,113%,23.5,-7.0,5,Other,,39.07,63.58,,,,,,,,,,,,,,,,,,,,,
Turkmenabat,Turkmenistan,"247,000",Balanced,City Wide,15.8,9.5,91%,108%,26.6,-2.7,1,Other,,39.07,63.58,,,,,,,,,,,,,,,,,,,,,
Turkmenabat,Turkmenistan,"247,000",Balanced,Best Area,25.3,1.4,85%,113%,26.7,-7.0,5,Other,,39.07,63.58,,,,,,,,,,,,,,,,,,,,,
Turkmenabat,Turkmenistan,"247,000",Destination,City Wide,17.1,11.5,91%,108%,29.6,-2.7,1,Other,,39.07,63.58,,,,,,,,,,,,,,,,,,,,,
Turkmenabat,Turkmenistan,"247,000",Destination,Best Area,28.6,1.5,85%,113%,30.1,-7.0,5,Other,,39.07,63.58,,,,,,,,,,,,,,,,,,,,,
Deltona,FL,"99,999",Infrastructure,City Wide,19.0,6.7,104%,97%,24.0,1.3,13,NA,,28.90,-81.23,,,,,,,,,,,,,,,,,,,,,
Deltona,FL,"99,999",Infrastructure,Best Area,25.7,24.0,102%,98%,49.7,1.1,13,NA,,28.90,-81.23,,,,,,,,,,,,,,,,,,,,,
Deltona,FL,"99,999",Balanced,City Wide,18.2,6.9,104%,97%,24.3,1.3,13,NA,,28.90,-81.23,,,,,,,,,,,,,,,,,,,,,
Deltona,FL,"99,999",Balanced,Best Area,25.1,17.2,102%,98%,42.3,1.1,13,NA,,28.90,-81.23,,,,,,,,,,,,,,,,,,,,,
Deltona,FL,"99,999",Destination,City Wide,17.7,6.9,104%,97%,24.5,1.3,13,NA,,28.90,-81.23,,,,,,,,,,,,,,,,,,,,,
Deltona,FL,"99,999",Destination,Best Area,24.6,8.9,102%,98%,33.5,1.1,13,NA,,28.90,-81.23,,,,,,,,,,,,,,,,,,,,,
Antsirabe I,Madagascar,"305,000",Infrastructure,City Wide,16.5,4.5,105%,101%,21.7,0.7,0,Other,,-19.88,47.04,,,,,,,,,,,,,,,,,,,,,
Antsirabe I,Madagascar,"305,000",Infrastructure,Best Area,21.0,1.4,84%,115%,22.4,-7.8,0,Other,,-19.88,47.04,,,,,,,,,,,,,,,,,,,,,
Antsirabe I,Madagascar,"305,000",Balanced,City Wide,15.7,9.3,105%,101%,25.6,0.7,0,Other,,-19.88,47.04,,,,,,,,,,,,,,,,,,,,,
Antsirabe I,Madagascar,"305,000",Balanced,Best Area,25.0,2.0,84%,115%,27.0,-7.8,0,Other,,-19.88,47.04,,,,,,,,,,,,,,,,,,,,,
Antsirabe I,Madagascar,"305,000",Destination,City Wide,15.8,13.0,105%,101%,30.4,0.7,0,Other,,-19.88,47.04,,,,,,,,,,,,,,,,,,,,,
Antsirabe I,Madagascar,"305,000",Destination,Best Area,28.8,2.5,84%,115%,31.3,-7.8,0,Other,,-19.88,47.04,,,,,,,,,,,,,,,,,,,,,
Xi'an*,China,"12,952,907",Infrastructure,City Wide,13.2,12.8,112%,83%,26.0,3.4,0,Other,,34.26,108.94,,,,,,,,,,,,,,,,,,,,,
Xi'an*,China,"12,952,907",Infrastructure,Best Area,26.0,29.3,104%,106%,55.3,-0.5,0,Other,,34.26,108.94,,,,,,,,,,,,,,,,,,,,,
Xi'an*,China,"12,952,907",Balanced,City Wide,11.8,13.2,112%,83%,25.4,3.4,0,Other,,34.26,108.94,,,,,,,,,,,,,,,,,,,,,
Xi'an*,China,"12,952,907",Balanced,Best Area,25.0,20.7,104%,106%,45.7,-0.5,1,Other,,34.26,108.94,,,,,,,,,,,,,,,,,,,,,
Xi'an*,China,"12,952,907",Destination,City Wide,9.8,16.7,112%,83%,27.3,3.4,0,Other,,34.26,108.94,,,,,,,,,,,,,,,,,,,,,
Xi'an*,China,"12,952,907",Destination,Best Area,26.5,16.5,104%,106%,43.0,-0.5,1,Other,,34.26,108.94,,,,,,,,,,,,,,,,,,,,,
Lanzhou,China,"4,359,446",Infrastructure,City Wide,11.3,10.4,111%,88%,24.1,2.3,0,Other,,36.29,103.63,,,,,,,,,,,,,,,,,,,,,
Lanzhou,China,"4,359,446",Infrastructure,Best Area,21.7,8.4,87%,114%,30.1,-6.6,2,Other,,36.29,103.63,,,,,,,,,,,,,,,,,,,,,
Lanzhou,China,"4,359,446",Balanced,City Wide,10.2,14.7,111%,88%,28.5,2.3,0,Other,,36.29,103.63,,,,,,,,,,,,,,,,,,,,,
Lanzhou,China,"4,359,446",Balanced,Best Area,24.9,14.0,87%,114%,38.9,-6.6,2,Other,,36.29,103.63,,,,,,,,,,,,,,,,,,,,,
Lanzhou,China,"4,359,446",Destination,City Wide,9.0,19.3,111%,88%,29.7,2.3,0,Other,,36.29,103.63,,,,,,,,,,,,,,,,,,,,,
Lanzhou,China,"4,359,446",Destination,Best Area,28.3,17.9,87%,114%,46.2,-6.6,2,Other,,36.29,103.63,,,,,,,,,,,,,,,,,,,,,
Amman,Jordan,"2,295,250",Infrastructure,City Wide,18.7,4.5,123%,76%,23.8,7.2,3,Other,,31.63,36.25,,,,,,,,,,,,,,,,,,,,,
Amman,Jordan,"2,295,250",Infrastructure,Best Area,23.2,2.8,94%,108%,26.0,-3.6,14,Other,,31.63,36.25,,,,,,,,,,,,,,,,,,,,,
Amman,Jordan,"2,295,250",Balanced,City Wide,15.2,9.6,123%,76%,26.4,7.2,3,Other,,31.63,36.25,,,,,,,,,,,,,,,,,,,,,
Amman,Jordan,"2,295,250",Balanced,Best Area,24.8,5.9,94%,108%,30.7,-3.6,16,Other,,31.63,36.25,,,,,,,,,,,,,,,,,,,,,
Amman,Jordan,"2,295,250",Destination,City Wide,11.5,15.3,123%,76%,28.6,7.2,3,Other,,31.63,36.25,,,,,,,,,,,,,,,,,,,,,
Amman,Jordan,"2,295,250",Destination,Best Area,26.8,9.4,94%,108%,36.2,-3.6,16,Other,,31.63,36.25,,,,,,,,,,,,,,,,,,,,,
Gaborone,Botswana,"254,517",Infrastructure,City Wide,17.4,5.0,94%,107%,22.4,-2.5,25,Other,,-24.66,25.91,,,,,,,,,,,,,,,,,,,,,
Gaborone,Botswana,"254,517",Infrastructure,Best Area,22.4,1.5,91%,112%,23.9,-5.2,29,Other,,-24.66,25.91,,,,,,,,,,,,,,,,,,,,,
Gaborone,Botswana,"254,517",Balanced,City Wide,18.6,6.1,94%,107%,25.5,-2.5,25,Other,,-24.66,25.91,,,,,,,,,,,,,,,,,,,,,
Gaborone,Botswana,"254,517",Balanced,Best Area,24.7,3.7,91%,112%,28.4,-5.2,37,Other,,-24.66,25.91,,,,,,,,,,,,,,,,,,,,,
Gaborone,Botswana,"254,517",Destination,City Wide,19.9,7.7,94%,107%,27.6,-2.5,25,Other,,-24.66,25.91,,,,,,,,,,,,,,,,,,,,,
Gaborone,Botswana,"254,517",Destination,Best Area,27.6,4.8,91%,112%,32.4,-5.2,36,Other,,-24.66,25.91,,,,,,,,,,,,,,,,,,,,,
Montgomery,AL,"196,986",Infrastructure,City Wide,15.6,7.5,96%,106%,24.6,-1.5,16,NA,,32.38,-86.31,,,,,,,,,,,,,,,,,,,,,
Montgomery,AL,"196,986",Infrastructure,Best Area,23.1,3.4,94%,106%,26.5,-3.2,18,NA,,32.38,-86.31,,,,,,,,,,,,,,,,,,,,,
Montgomery,AL,"196,986",Balanced,City Wide,16.2,8.5,96%,106%,26.1,-1.5,16,NA,,32.38,-86.31,,,,,,,,,,,,,,,,,,,,,
Montgomery,AL,"196,986",Balanced,Best Area,24.7,4.4,94%,106%,29.1,-3.2,19,NA,,32.38,-86.31,,,,,,,,,,,,,,,,,,,,,
Montgomery,AL,"196,986",Destination,City Wide,17.1,9.2,96%,106%,27.6,-1.5,16,NA,,32.38,-86.31,,,,,,,,,,,,,,,,,,,,,
Montgomery,AL,"196,986",Destination,Best Area,26.3,5.2,94%,106%,31.5,-3.2,19,NA,,32.38,-86.31,,,,,,,,,,,,,,,,,,,,,
Kabul,Afghanistan,"5,333,284",Infrastructure,City Wide,16.4,8.6,124%,72%,25.3,6.9,32,Other,,34.50,69.42,,,,,,,,,,,,,,,,,,,,,
Kabul,Afghanistan,"5,333,284",Infrastructure,Best Area,25.0,3.5,101%,98%,28.5,0.9,32,Other,,34.50,69.42,,,,,,,,,,,,,,,,,,,,,
Kabul,Afghanistan,"5,333,284",Balanced,City Wide,13.2,11.5,124%,72%,25.3,6.9,32,Other,,34.50,69.42,,,,,,,,,,,,,,,,,,,,,
Kabul,Afghanistan,"5,333,284",Balanced,Best Area,24.7,8.3,101%,98%,33.0,0.9,32,Other,,34.50,69.42,,,,,,,,,,,,,,,,,,,,,
Kabul,Afghanistan,"5,333,284",Destination,City Wide,9.5,14.6,124%,72%,28.3,6.9,32,Other,,34.50,69.42,,,,,,,,,,,,,,,,,,,,,
Kabul,Afghanistan,"5,333,284",Destination,Best Area,24.1,13.3,101%,98%,37.4,0.9,32,Other,,34.50,69.42,,,,,,,,,,,,,,,,,,,,,
Bissau,Guinea-Bissau,"500,000",Infrastructure,City Wide,19.5,3.0,115%,87%,22.8,4.7,9,Other,,11.87,-15.61,,,,,,,,,,,,,,,,,,,,,
Bissau,Guinea-Bissau,"500,000",Infrastructure,Best Area,22.5,0.8,92%,110%,23.3,-4.4,9,Other,,11.87,-15.61,,,,,,,,,,,,,,,,,,,,,
Bissau,Guinea-Bissau,"500,000",Balanced,City Wide,17.0,7.5,115%,87%,27.5,4.7,9,Other,,11.87,-15.61,,,,,,,,,,,,,,,,,,,,,
Bissau,Guinea-Bissau,"500,000",Balanced,Best Area,24.5,3.3,92%,110%,27.8,-4.4,12,Other,,11.87,-15.61,,,,,,,,,,,,,,,,,,,,,
Bissau,Guinea-Bissau,"500,000",Destination,City Wide,14.8,12.1,115%,87%,31.6,4.7,9,Other,,11.87,-15.61,,,,,,,,,,,,,,,,,,,,,
Bissau,Guinea-Bissau,"500,000",Destination,Best Area,26.9,5.3,92%,110%,32.2,-4.4,12,Other,,11.87,-15.61,,,,,,,,,,,,,,,,,,,,,
Hargeisa,Somaliland,"1,280,190",Infrastructure,City Wide,18.1,7.3,132%,66%,25.9,9.0,0,Other,,9.63,44.26,,,,,,,,,,,,,,,,,,,,,
Hargeisa,Somaliland,"1,280,190",Infrastructure,Best Area,25.4,0.6,104%,93%,26.0,2.6,1,Other,,9.63,44.26,,,,,,,,,,,,,,,,,,,,,
Hargeisa,Somaliland,"1,280,190",Balanced,City Wide,13.7,10.7,132%,66%,25.4,9.0,0,Other,,9.63,44.26,,,,,,,,,,,,,,,,,,,,,
Hargeisa,Somaliland,"1,280,190",Balanced,Best Area,24.4,2.4,104%,93%,26.8,2.6,1,Other,,9.63,44.26,,,,,,,,,,,,,,,,,,,,,
Hargeisa,Somaliland,"1,280,190",Destination,City Wide,9.1,13.7,132%,66%,24.9,9.0,0,Other,,9.63,44.26,,,,,,,,,,,,,,,,,,,,,
Hargeisa,Somaliland,"1,280,190",Destination,Best Area,22.8,4.9,104%,93%,27.7,2.6,1,Other,,9.63,44.26,,,,,,,,,,,,,,,,,,,,,
Nanning*,China,"8,741,584",Infrastructure,City Wide,9.4,11.6,76%,122%,24.4,-5.6,0,Other,,22.82,108.32,,,,,,,,,,,,,,,,,,,,,
Nanning*,China,"8,741,584",Infrastructure,Best Area,21.0,33.3,86%,107%,54.3,-5.2,0,Other,,22.82,108.32,,,,,,,,,,,,,,,,,,,,,
Nanning*,China,"8,741,584",Balanced,City Wide,12.3,12.1,76%,122%,25.1,-5.6,0,Other,,22.82,108.32,,,,,,,,,,,,,,,,,,,,,
Nanning*,China,"8,741,584",Balanced,Best Area,24.4,22.8,86%,107%,47.2,-5.2,0,Other,,22.82,108.32,,,,,,,,,,,,,,,,,,,,,
Nanning*,China,"8,741,584",Destination,City Wide,15.0,11.2,76%,122%,25.8,-5.6,0,Other,,22.82,108.32,,,,,,,,,,,,,,,,,,,,,
Nanning*,China,"8,741,584",Destination,Best Area,26.2,12.6,86%,107%,38.8,-5.2,0,Other,,22.82,108.32,,,,,,,,,,,,,,,,,,,,,
Augusta,GA,"201,504",Infrastructure,City Wide,12.4,9.6,95%,104%,21.7,-1.2,16,NA,,33.47,-81.97,,,,,,,,,,,,,,,,,,,,,
Augusta,GA,"201,504",Infrastructure,Best Area,22.0,16.1,91%,109%,38.1,-4.5,16,NA,,33.47,-81.97,,,,,,,,,,,,,,,,,,,,,
Augusta,GA,"201,504",Balanced,City Wide,13.1,11.2,95%,104%,25.5,-1.2,16,NA,,33.47,-81.97,,,,,,,,,,,,,,,,,,,,,
Augusta,GA,"201,504",Balanced,Best Area,24.3,7.5,91%,109%,31.8,-4.5,16,NA,,33.47,-81.97,,,,,,,,,,,,,,,,,,,,,
Augusta,GA,"201,504",Destination,City Wide,13.6,12.9,95%,104%,27.5,-1.2,16,NA,,33.47,-81.97,,,,,,,,,,,,,,,,,,,,,
Augusta,GA,"201,504",Destination,Best Area,26.5,8.0,91%,109%,34.5,-4.5,16,NA,,33.47,-81.97,,,,,,,,,,,,,,,,,,,,,
La Paz,Mexico,"292,241",Infrastructure,City Wide,20.1,4.6,113%,93%,24.8,3.5,19,NA,,19.36,-98.95,,,,,,,,,,,,,,,,,,,,,
La Paz,Mexico,"292,241",Infrastructure,Best Area,24.7,10.2,102%,102%,34.9,0.1,19,NA,,19.36,-98.95,,,,,,,,,,,,,,,,,,,,,
La Paz,Mexico,"292,241",Balanced,City Wide,17.8,6.4,113%,93%,23.3,3.5,19,NA,,19.36,-98.95,,,,,,,,,,,,,,,,,,,,,
La Paz,Mexico,"292,241",Balanced,Best Area,24.2,10.8,102%,102%,35.0,0.1,20,NA,,19.36,-98.95,,,,,,,,,,,,,,,,,,,,,
La Paz,Mexico,"292,241",Destination,City Wide,16.6,8.0,113%,93%,24.0,3.5,19,NA,,19.36,-98.95,,,,,,,,,,,,,,,,,,,,,
La Paz,Mexico,"292,241",Destination,Best Area,24.6,10.6,102%,102%,35.2,0.1,20,NA,,19.36,-98.95,,,,,,,,,,,,,,,,,,,,,
Chonburi,Thailand,"173,663",Infrastructure,City Wide,16.0,6.9,119%,81%,23.6,5.1,3,Other,,13.19,101.12,,,,,,,,,,,,,,,,,,,,,
Chonburi,Thailand,"173,663",Infrastructure,Best Area,22.9,10.9,95%,108%,33.8,-3.2,23,Other,,13.19,101.12,,,,,,,,,,,,,,,,,,,,,
Chonburi,Thailand,"173,663",Balanced,City Wide,13.4,10.8,119%,81%,25.6,5.1,3,Other,,13.19,101.12,,,,,,,,,,,,,,,,,,,,,
Chonburi,Thailand,"173,663",Balanced,Best Area,24.2,16.6,95%,108%,40.8,-3.2,25,Other,,13.19,101.12,,,,,,,,,,,,,,,,,,,,,
Chonburi,Thailand,"173,663",Destination,City Wide,10.9,15.2,119%,81%,28.7,5.1,3,Other,,13.19,101.12,,,,,,,,,,,,,,,,,,,,,
Chonburi,Thailand,"173,663",Destination,Best Area,26.1,25.3,95%,108%,51.4,-3.2,25,Other,,13.19,101.12,,,,,,,,,,,,,,,,,,,,,
Irbid,Jordan,"582,276",Infrastructure,City Wide,18.1,5.4,115%,85%,24.1,4.7,1,Other,,32.61,35.76,,,,,,,,,,,,,,,,,,,,,
Irbid,Jordan,"582,276",Infrastructure,Best Area,23.5,2.8,98%,103%,26.3,-1.1,3,Other,,32.61,35.76,,,,,,,,,,,,,,,,,,,,,
Irbid,Jordan,"582,276",Balanced,City Wide,15.8,8.1,115%,85%,24.1,4.7,1,Other,,32.61,35.76,,,,,,,,,,,,,,,,,,,,,
Irbid,Jordan,"582,276",Balanced,Best Area,23.9,11.5,98%,103%,35.4,-1.1,3,Other,,32.61,35.76,,,,,,,,,,,,,,,,,,,,,
Irbid,Jordan,"582,276",Destination,City Wide,13.4,11.2,115%,85%,23.4,4.7,1,Other,,32.61,35.76,,,,,,,,,,,,,,,,,,,,,
Irbid,Jordan,"582,276",Destination,Best Area,24.6,18.4,98%,103%,43.0,-1.1,3,Other,,32.61,35.76,,,,,,,,,,,,,,,,,,,,,
Malabo,Equatorial Guinea,"300,000",Infrastructure,City Wide,15.3,6.6,102%,94%,23.5,1.2,0,Other,,3.68,8.73,,,,,,,,,,,,,,,,,,,,,
Malabo,Equatorial Guinea,"300,000",Infrastructure,Best Area,21.9,1.6,92%,111%,23.5,-4.6,0,Other,,3.68,8.73,,,,,,,,,,,,,,,,,,,,,
Malabo,Equatorial Guinea,"300,000",Balanced,City Wide,15.0,8.9,102%,94%,25.2,1.2,0,Other,,3.68,8.73,,,,,,,,,,,,,,,,,,,,,
Malabo,Equatorial Guinea,"300,000",Balanced,Best Area,23.9,1.9,92%,111%,25.8,-4.6,1,Other,,3.68,8.73,,,,,,,,,,,,,,,,,,,,,
Malabo,Equatorial Guinea,"300,000",Destination,City Wide,14.1,12.4,102%,94%,29.7,1.2,0,Other,,3.68,8.73,,,,,,,,,,,,,,,,,,,,,
Malabo,Equatorial Guinea,"300,000",Destination,Best Area,26.5,3.6,92%,111%,30.1,-4.6,1,Other,,3.68,8.73,,,,,,,,,,,,,,,,,,,,,
Tartus,Syria,"115,769",Infrastructure,City Wide,10.3,7.0,91%,109%,18.3,-2.0,0,Other,,34.86,35.94,,,,,,,,,,,,,,,,,,,,,
Tartus,Syria,"115,769",Infrastructure,Best Area,17.3,5.5,73%,124%,22.8,-12.3,0,Other,,34.86,35.94,,,,,,,,,,,,,,,,,,,,,
Tartus,Syria,"115,769",Balanced,City Wide,11.3,12.5,91%,109%,27.0,-2.0,0,Other,,34.86,35.94,,,,,,,,,,,,,,,,,,,,,
Tartus,Syria,"115,769",Balanced,Best Area,23.8,10.6,73%,124%,34.4,-12.3,0,Other,,34.86,35.94,,,,,,,,,,,,,,,,,,,,,
Tartus,Syria,"115,769",Destination,City Wide,12.3,17.3,91%,109%,32.9,-2.0,0,Other,,34.86,35.94,,,,,,,,,,,,,,,,,,,,,
Tartus,Syria,"115,769",Destination,Best Area,29.6,13.6,73%,124%,43.2,-12.3,0,Other,,34.86,35.94,,,,,,,,,,,,,,,,,,,,,
Khulna,Bangladesh,"1,000,000",Infrastructure,City Wide,14.0,6.2,90%,112%,22.0,-3.4,0,Other,,22.21,89.43,,,,,,,,,,,,,,,,,,,,,
Khulna,Bangladesh,"1,000,000",Infrastructure,Best Area,20.2,6.2,86%,111%,26.4,-6.0,0,Other,,22.21,89.43,,,,,,,,,,,,,,,,,,,,,
Khulna,Bangladesh,"1,000,000",Balanced,City Wide,15.5,8.1,90%,112%,24.6,-3.4,0,Other,,22.21,89.43,,,,,,,,,,,,,,,,,,,,,
Khulna,Bangladesh,"1,000,000",Balanced,Best Area,23.6,5.1,86%,111%,28.7,-6.0,1,Other,,22.21,89.43,,,,,,,,,,,,,,,,,,,,,
Khulna,Bangladesh,"1,000,000",Destination,City Wide,17.4,8.8,90%,112%,26.9,-3.4,0,Other,,22.21,89.43,,,,,,,,,,,,,,,,,,,,,
Khulna,Bangladesh,"1,000,000",Destination,Best Area,26.2,5.5,86%,111%,31.7,-6.0,1,Other,,22.21,89.43,,,,,,,,,,,,,,,,,,,,,
Greater Monrovia,Liberia,"1,900,000",Infrastructure,City Wide,16.6,6.4,106%,90%,23.5,2.5,0,Other,,6.32,-10.73,,,,,,,,,,,,,,,,,,,,,
Greater Monrovia,Liberia,"1,900,000",Infrastructure,Best Area,23.0,2.8,100%,103%,25.8,-0.9,0,Other,,6.32,-10.73,,,,,,,,,,,,,,,,,,,,,
Greater Monrovia,Liberia,"1,900,000",Balanced,City Wide,15.6,7.5,106%,90%,22.9,2.5,0,Other,,6.32,-10.73,,,,,,,,,,,,,,,,,,,,,
Greater Monrovia,Liberia,"1,900,000",Balanced,Best Area,23.1,8.9,100%,103%,32.0,-0.9,0,Other,,6.32,-10.73,,,,,,,,,,,,,,,,,,,,,
Greater Monrovia,Liberia,"1,900,000",Destination,City Wide,14.1,9.8,106%,90%,25.6,2.5,0,Other,,6.32,-10.73,,,,,,,,,,,,,,,,,,,,,
Greater Monrovia,Liberia,"1,900,000",Destination,Best Area,23.9,16.9,100%,103%,40.8,-0.9,0,Other,,6.32,-10.73,,,,,,,,,,,,,,,,,,,,,
Durban [eThekwini Metropolitan Municipality]*,South Africa,"3,900,000",Infrastructure,City Wide,15.5,6.4,104%,96%,22.4,1.2,0,Other,,-29.88,30.84,,,,,,,,,,,,,,,,,,,,,
Durban [eThekwini Metropolitan Municipality]*,South Africa,"3,900,000",Infrastructure,Best Area,21.9,9.5,95%,108%,31.4,-3.0,0,Other,,-29.88,30.84,,,,,,,,,,,,,,,,,,,,,
Durban [eThekwini Metropolitan Municipality]*,South Africa,"3,900,000",Balanced,City Wide,14.9,8.2,104%,96%,22.9,1.2,0,Other,,-29.88,30.84,,,,,,,,,,,,,,,,,,,,,
Durban [eThekwini Metropolitan Municipality]*,South Africa,"3,900,000",Balanced,Best Area,23.1,11.3,95%,108%,34.4,-3.0,0,Other,,-29.88,30.84,,,,,,,,,,,,,,,,,,,,,
Durban [eThekwini Metropolitan Municipality]*,South Africa,"3,900,000",Destination,City Wide,14.3,10.6,104%,96%,24.9,1.2,0,Other,,-29.88,30.84,,,,,,,,,,,,,,,,,,,,,
Durban [eThekwini Metropolitan Municipality]*,South Africa,"3,900,000",Destination,Best Area,24.9,12.3,95%,108%,37.2,-3.0,0,Other,,-29.88,30.84,,,,,,,,,,,,,,,,,,,,,
Guadalupe,Mexico,"170,029",Infrastructure,City Wide,16.7,5.7,104%,96%,22.6,1.3,3,NA,,22.78,-102.45,,,,,,,,,,,,,,,,,,,,,
Guadalupe,Mexico,"170,029",Infrastructure,Best Area,22.4,2.0,97%,106%,24.4,-1.9,5,NA,,22.78,-102.45,,,,,,,,,,,,,,,,,,,,,
Guadalupe,Mexico,"170,029",Balanced,City Wide,16.1,6.9,104%,96%,25.9,1.3,3,NA,,22.78,-102.45,,,,,,,,,,,,,,,,,,,,,
Guadalupe,Mexico,"170,029",Balanced,Best Area,23.0,2.9,97%,106%,25.9,-1.9,6,NA,,22.78,-102.45,,,,,,,,,,,,,,,,,,,,,
Guadalupe,Mexico,"170,029",Destination,City Wide,15.4,8.9,104%,96%,27.3,1.3,3,NA,,22.78,-102.45,,,,,,,,,,,,,,,,,,,,,
Guadalupe,Mexico,"170,029",Destination,Best Area,24.3,4.6,97%,106%,28.9,-1.9,6,NA,,22.78,-102.45,,,,,,,,,,,,,,,,,,,,,
Villa Vicente Guerrero,Mexico,"82,688",Infrastructure,City Wide,24.1,1.1,114%,73%,25.2,8.8,2,NA,,19.12,-98.17,,,,,,,,,,,,,,,,,,,,,
Villa Vicente Guerrero,Mexico,"82,688",Infrastructure,Best Area,25.2,0.6,114%,78%,25.8,7.9,2,NA,,19.12,-98.17,,,,,,,,,,,,,,,,,,,,,
Villa Vicente Guerrero,Mexico,"82,688",Balanced,City Wide,21.1,1.1,114%,73%,22.5,8.8,2,NA,,19.12,-98.17,,,,,,,,,,,,,,,,,,,,,
Villa Vicente Guerrero,Mexico,"82,688",Balanced,Best Area,22.2,0.7,114%,78%,22.9,7.9,2,NA,,19.12,-98.17,,,,,,,,,,,,,,,,,,,,,
Villa Vicente Guerrero,Mexico,"82,688",Destination,City Wide,15.3,2.0,114%,73%,16.6,8.8,2,NA,,19.12,-98.17,,,,,,,,,,,,,,,,,,,,,
Villa Vicente Guerrero,Mexico,"82,688",Destination,Best Area,17.3,4.4,114%,78%,21.7,7.9,2,NA,,19.12,-98.17,,,,,,,,,,,,,,,,,,,,,
Juba,South Sudan,"526,000",Infrastructure,City Wide,17.2,3.3,126%,74%,20.5,7.0,0,Other,,4.71,31.31,,,,,,,,,,,,,,,,,,,,,
Juba,South Sudan,"526,000",Infrastructure,Best Area,20.5,0.7,93%,108%,21.2,-3.4,0,Other,,4.71,31.31,,,,,,,,,,,,,,,,,,,,,
Juba,South Sudan,"526,000",Balanced,City Wide,13.7,8.4,126%,74%,23.4,7.0,0,Other,,4.71,31.31,,,,,,,,,,,,,,,,,,,,,
Juba,South Sudan,"526,000",Balanced,Best Area,22.1,4.2,93%,108%,26.3,-3.4,0,Other,,4.71,31.31,,,,,,,,,,,,,,,,,,,,,
Juba,South Sudan,"526,000",Destination,City Wide,10.2,13.7,126%,74%,25.8,7.0,0,Other,,4.71,31.31,,,,,,,,,,,,,,,,,,,,,
Juba,South Sudan,"526,000",Destination,Best Area,23.9,7.4,93%,108%,31.3,-3.4,0,Other,,4.71,31.31,,,,,,,,,,,,,,,,,,,,,
Mogadishu,Somalia,"2,600,000",Infrastructure,City Wide,20.0,2.6,116%,83%,22.9,5.8,0,Other,,2.08,45.28,,,,,,,,,,,,,,,,,,,,,
Mogadishu,Somalia,"2,600,000",Infrastructure,Best Area,22.6,1.0,103%,106%,23.6,-0.7,0,Other,,2.08,45.28,,,,,,,,,,,,,,,,,,,,,
Mogadishu,Somalia,"2,600,000",Balanced,City Wide,17.2,4.8,116%,83%,22.3,5.8,0,Other,,2.08,45.28,,,,,,,,,,,,,,,,,,,,,
Mogadishu,Somalia,"2,600,000",Balanced,Best Area,22.0,3.1,103%,106%,25.1,-0.7,0,Other,,2.08,45.28,,,,,,,,,,,,,,,,,,,,,
Mogadishu,Somalia,"2,600,000",Destination,City Wide,14.2,9.1,116%,83%,24.4,5.8,0,Other,,2.08,45.28,,,,,,,,,,,,,,,,,,,,,
Mogadishu,Somalia,"2,600,000",Destination,Best Area,23.3,3.8,103%,106%,27.1,-0.7,0,Other,,2.08,45.28,,,,,,,,,,,,,,,,,,,,,
Banjul,The Gambia,"31,301",Infrastructure,City Wide,13.5,0.3,62%,119%,13.8,-12.3,0,Other,,13.44,-16.56,,,,,,,,,,,,,,,,,,,,,
Banjul,The Gambia,"31,301",Infrastructure,Best Area,13.8,0.0,63%,118%,13.8,-12.0,0,Other,,13.44,-16.56,,,,,,,,,,,,,,,,,,,,,
Banjul,The Gambia,"31,301",Balanced,City Wide,21.7,0.1,62%,119%,21.8,-12.3,0,Other,,13.44,-16.56,,,,,,,,,,,,,,,,,,,,,
Banjul,The Gambia,"31,301",Balanced,Best Area,21.8,0.0,63%,118%,21.8,-12.0,0,Other,,13.44,-16.56,,,,,,,,,,,,,,,,,,,,,
Banjul,The Gambia,"31,301",Destination,City Wide,25.8,0.0,62%,119%,25.8,-12.3,0,Other,,13.44,-16.56,,,,,,,,,,,,,,,,,,,,,
Banjul,The Gambia,"31,301",Destination,Best Area,25.8,0.0,63%,118%,25.8,-12.0,0,Other,,13.44,-16.56,,,,,,,,,,,,,,,,,,,,,
Aleppo [Mount Simeon District],Syria,"2,098,210",Infrastructure,City Wide,16.5,6.0,146%,51%,23.6,10.7,1,Other,,35.94,37.08,,,,,,,,,,,,,,,,,,,,,
Aleppo [Mount Simeon District],Syria,"2,098,210",Infrastructure,Best Area,22.5,4.3,103%,97%,26.8,1.4,14,Other,,35.94,37.08,,,,,,,,,,,,,,,,,,,,,
Aleppo [Mount Simeon District],Syria,"2,098,210",Balanced,City Wide,11.3,10.5,146%,51%,26.6,10.7,1,Other,,35.94,37.08,,,,,,,,,,,,,,,,,,,,,
Aleppo [Mount Simeon District],Syria,"2,098,210",Balanced,Best Area,21.8,14.8,103%,97%,36.6,1.4,15,Other,,35.94,37.08,,,,,,,,,,,,,,,,,,,,,
Aleppo [Mount Simeon District],Syria,"2,098,210",Destination,City Wide,5.8,15.3,146%,51%,28.7,10.7,1,Other,,35.94,37.08,,,,,,,,,,,,,,,,,,,,,
Aleppo [Mount Simeon District],Syria,"2,098,210",Destination,Best Area,21.1,23.5,103%,97%,44.6,1.4,15,Other,,35.94,37.08,,,,,,,,,,,,,,,,,,,,,
Emfuleni Local Municipality,South Africa,"945,650",Infrastructure,City Wide,17.7,5.3,116%,82%,23.1,5.3,2,Other,,-26.61,27.82,,,,,,,,,,,,,,,,,,,,,
Emfuleni Local Municipality,South Africa,"945,650",Infrastructure,Best Area,23.0,1.7,106%,100%,24.7,1.3,2,Other,,-26.61,27.82,,,,,,,,,,,,,,,,,,,,,
Emfuleni Local Municipality,South Africa,"945,650",Balanced,City Wide,15.2,6.5,116%,82%,22.0,5.3,2,Other,,-26.61,27.82,,,,,,,,,,,,,,,,,,,,,
Emfuleni Local Municipality,South Africa,"945,650",Balanced,Best Area,21.7,2.5,106%,100%,24.2,1.3,2,Other,,-26.61,27.82,,,,,,,,,,,,,,,,,,,,,
Emfuleni Local Municipality,South Africa,"945,650",Destination,City Wide,12.4,9.3,116%,82%,22.6,5.3,2,Other,,-26.61,27.82,,,,,,,,,,,,,,,,,,,,,
Emfuleni Local Municipality,South Africa,"945,650",Destination,Best Area,21.7,2.9,106%,100%,24.6,1.3,2,Other,,-26.61,27.82,,,,,,,,,,,,,,,,,,,,,
Shantou,China,"5,502,031",Infrastructure,City Wide,10.3,11.8,113%,90%,29.2,2.1,0,Other,,23.36,116.68,,,,,,,,,,,,,,,,,,,,,
Shantou,China,"5,502,031",Infrastructure,Best Area,22.1,20.1,102%,99%,42.2,0.6,11,Other,,23.36,116.68,,,,,,,,,,,,,,,,,,,,,
Shantou,China,"5,502,031",Balanced,City Wide,9.1,12.6,113%,90%,26.3,2.1,0,Other,,23.36,116.68,,,,,,,,,,,,,,,,,,,,,
Shantou,China,"5,502,031",Balanced,Best Area,21.7,19.3,102%,99%,41.0,0.6,12,Other,,23.36,116.68,,,,,,,,,,,,,,,,,,,,,
Shantou,China,"5,502,031",Destination,City Wide,8.2,13.3,113%,90%,24.1,2.1,0,Other,,23.36,116.68,,,,,,,,,,,,,,,,,,,,,
Shantou,China,"5,502,031",Destination,Best Area,21.5,18.4,102%,99%,39.9,0.6,12,Other,,23.36,116.68,,,,,,,,,,,,,,,,,,,,,
Linden,Guyana,"33,183",Infrastructure,City Wide,16.3,4.4,99%,99%,21.4,-0.1,1,Other,,6.01,-58.31,,,,,,,,,,,,,,,,,,,,,
Linden,Guyana,"33,183",Infrastructure,Best Area,20.7,1.2,96%,105%,21.9,-2.0,1,Other,,6.01,-58.31,,,,,,,,,,,,,,,,,,,,,
Linden,Guyana,"33,183",Balanced,City Wide,16.5,5.1,99%,99%,22.3,-0.1,1,Other,,6.01,-58.31,,,,,,,,,,,,,,,,,,,,,
Linden,Guyana,"33,183",Balanced,Best Area,21.6,0.8,96%,105%,22.4,-2.0,2,Other,,6.01,-58.31,,,,,,,,,,,,,,,,,,,,,
Linden,Guyana,"33,183",Destination,City Wide,16.4,6.3,99%,99%,22.8,-0.1,1,Other,,6.01,-58.31,,,,,,,,,,,,,,,,,,,,,
Linden,Guyana,"33,183",Destination,Best Area,22.7,1.9,96%,105%,24.6,-2.0,2,Other,,6.01,-58.31,,,,,,,,,,,,,,,,,,,,,
Alexandria,Egypt,"5,362,527",Infrastructure,City Wide,20.4,3.6,144%,52%,23.9,13.0,0,Other,,30.94,29.77,,,,,,,,,,,,,,,,,,,,,
Alexandria,Egypt,"5,362,527",Infrastructure,Best Area,24.0,4.5,111%,87%,28.5,5.2,0,Other,,30.94,29.77,,,,,,,,,,,,,,,,,,,,,
Alexandria,Egypt,"5,362,527",Balanced,City Wide,14.2,7.4,144%,52%,22.4,13.0,0,Other,,30.94,29.77,,,,,,,,,,,,,,,,,,,,,
Alexandria,Egypt,"5,362,527",Balanced,Best Area,21.6,14.4,111%,87%,36.0,5.2,0,Other,,30.94,29.77,,,,,,,,,,,,,,,,,,,,,
Alexandria,Egypt,"5,362,527",Destination,City Wide,7.4,11.4,144%,52%,21.5,13.0,0,Other,,30.94,29.77,,,,,,,,,,,,,,,,,,,,,
Alexandria,Egypt,"5,362,527",Destination,Best Area,18.8,23.7,111%,87%,42.5,5.2,0,Other,,30.94,29.77,,,,,,,,,,,,,,,,,,,,,
Bangui,Central African Republic,"1,048,000",Infrastructure,City Wide,11.6,4.1,89%,110%,17.5,-2.8,0,Other,,4.36,18.58,,,,,,,,,,,,,,,,,,,,,
Bangui,Central African Republic,"1,048,000",Infrastructure,Best Area,15.7,4.5,73%,119%,20.2,-9.9,0,Other,,4.36,18.58,,,,,,,,,,,,,,,,,,,,,
Bangui,Central African Republic,"1,048,000",Balanced,City Wide,13.1,8.5,89%,110%,23.0,-2.8,0,Other,,4.36,18.58,,,,,,,,,,,,,,,,,,,,,
Bangui,Central African Republic,"1,048,000",Balanced,Best Area,21.6,3.9,73%,119%,25.5,-9.9,0,Other,,4.36,18.58,,,,,,,,,,,,,,,,,,,,,
Bangui,Central African Republic,"1,048,000",Destination,City Wide,14.4,11.2,89%,110%,27.1,-2.8,0,Other,,4.36,18.58,,,,,,,,,,,,,,,,,,,,,
Bangui,Central African Republic,"1,048,000",Destination,Best Area,25.6,4.1,73%,119%,29.7,-9.9,0,Other,,4.36,18.58,,,,,,,,,,,,,,,,,,,,,
Ningbo*,China,"9,404,283",Infrastructure,City Wide,8.5,14.9,109%,90%,23.7,1.5,0,Other,,29.86,121.62,,,,,,,,,,,,,,,,,,,,,
Ningbo*,China,"9,404,283",Infrastructure,Best Area,23.4,37.0,108%,95%,60.4,2.9,0,Other,,29.86,121.62,,,,,,,,,,,,,,,,,,,,,
Ningbo*,China,"9,404,283",Balanced,City Wide,7.8,13.8,109%,90%,21.2,1.5,0,Other,,29.86,121.62,,,,,,,,,,,,,,,,,,,,,
Ningbo*,China,"9,404,283",Balanced,Best Area,21.6,32.8,108%,95%,54.4,2.9,0,Other,,29.86,121.62,,,,,,,,,,,,,,,,,,,,,
Ningbo*,China,"9,404,283",Destination,City Wide,7.0,13.5,109%,90%,19.7,1.5,0,Other,,29.86,121.62,,,,,,,,,,,,,,,,,,,,,
Ningbo*,China,"9,404,283",Destination,Best Area,20.5,29.3,108%,95%,49.8,2.9,0,Other,,29.86,121.62,,,,,,,,,,,,,,,,,,,,,
Changsha*,China,"10,047,914",Infrastructure,City Wide,7.7,10.4,103%,99%,20.0,0.3,0,Other,,28.15,113.24,,,,,,,,,,,,,,,,,,,,,
Changsha*,China,"10,047,914",Infrastructure,Best Area,18.1,13.7,84%,119%,31.8,-7.7,0,Other,,28.15,113.24,,,,,,,,,,,,,,,,,,,,,
Changsha*,China,"10,047,914",Balanced,City Wide,7.5,14.1,103%,99%,22.8,0.3,0,Other,,28.15,113.24,,,,,,,,,,,,,,,,,,,,,
Changsha*,China,"10,047,914",Balanced,Best Area,21.6,12.2,84%,119%,33.8,-7.7,0,Other,,28.15,113.24,,,,,,,,,,,,,,,,,,,,,
Changsha*,China,"10,047,914",Destination,City Wide,7.4,18.4,103%,99%,24.2,0.3,0,Other,,28.15,113.24,,,,,,,,,,,,,,,,,,,,,
Changsha*,China,"10,047,914",Destination,Best Area,25.8,10.6,84%,119%,36.4,-7.7,0,Other,,28.15,113.24,,,,,,,,,,,,,,,,,,,,,
Mbabane,Swaziland,"61,000",Infrastructure,City Wide,14.2,4.3,95%,101%,19.3,-0.9,0,Other,,-26.31,31.13,,,,,,,,,,,,,,,,,,,,,
Mbabane,Swaziland,"61,000",Infrastructure,Best Area,18.5,3.0,86%,115%,21.5,-6.1,0,Other,,-26.31,31.13,,,,,,,,,,,,,,,,,,,,,
Mbabane,Swaziland,"61,000",Balanced,City Wide,15.0,6.4,95%,101%,22.6,-0.9,0,Other,,-26.31,31.13,,,,,,,,,,,,,,,,,,,,,
Mbabane,Swaziland,"61,000",Balanced,Best Area,21.4,1.3,86%,115%,22.7,-6.1,0,Other,,-26.31,31.13,,,,,,,,,,,,,,,,,,,,,
Mbabane,Swaziland,"61,000",Destination,City Wide,15.1,9.5,95%,101%,26.1,-0.9,0,Other,,-26.31,31.13,,,,,,,,,,,,,,,,,,,,,
Mbabane,Swaziland,"61,000",Destination,Best Area,24.6,3.6,86%,115%,28.2,-6.1,0,Other,,-26.31,31.13,,,,,,,,,,,,,,,,,,,,,
Dodoma City,Tanzania,"765,179",Infrastructure,City Wide,19.5,3.0,131%,69%,22.8,9.2,0,Other,,-6.15,35.78,,,,,,,,,,,,,,,,,,,,,
Dodoma City,Tanzania,"765,179",Infrastructure,Best Area,22.5,3.2,107%,92%,25.7,3.1,0,Other,,-6.15,35.78,,,,,,,,,,,,,,,,,,,,,
Dodoma City,Tanzania,"765,179",Balanced,City Wide,14.9,6.2,131%,69%,21.8,9.2,0,Other,,-6.15,35.78,,,,,,,,,,,,,,,,,,,,,
Dodoma City,Tanzania,"765,179",Balanced,Best Area,21.1,11.6,107%,92%,32.7,3.1,0,Other,,-6.15,35.78,,,,,,,,,,,,,,,,,,,,,
Dodoma City,Tanzania,"765,179",Destination,City Wide,10.3,9.1,131%,69%,22.3,9.2,0,Other,,-6.15,35.78,,,,,,,,,,,,,,,,,,,,,
Dodoma City,Tanzania,"765,179",Destination,Best Area,19.4,19.1,107%,92%,38.5,3.1,0,Other,,-6.15,35.78,,,,,,,,,,,,,,,,,,,,,
Zhongshan,China,"4,418,060",Infrastructure,City Wide,12.5,10.8,119%,80%,23.4,4.1,0,Other,,22.52,113.39,,,,,,,,,,,,,,,,,,,,,
Zhongshan,China,"4,418,060",Infrastructure,Best Area,23.3,27.2,111%,96%,50.5,3.2,0,Other,,22.52,113.39,,,,,,,,,,,,,,,,,,,,,
Zhongshan,China,"4,418,060",Balanced,City Wide,10.5,10.5,119%,80%,23.2,4.1,0,Other,,22.52,113.39,,,,,,,,,,,,,,,,,,,,,
Zhongshan,China,"4,418,060",Balanced,Best Area,21.0,25.7,111%,96%,46.7,3.2,0,Other,,22.52,113.39,,,,,,,,,,,,,,,,,,,,,
Zhongshan,China,"4,418,060",Destination,City Wide,8.4,11.7,119%,80%,22.7,4.1,0,Other,,22.52,113.39,,,,,,,,,,,,,,,,,,,,,
Zhongshan,China,"4,418,060",Destination,Best Area,20.1,22.4,111%,96%,42.5,3.2,0,Other,,22.52,113.39,,,,,,,,,,,,,,,,,,,,,
Lagos,Nigeria,"17,804,000",Infrastructure,City Wide,15.6,5.4,111%,91%,22.0,2.7,0,Other,,6.53,3.58,,,,,,,,,,,,,,,,,,,,,
Lagos,Nigeria,"17,804,000",Infrastructure,Best Area,21.0,2.3,101%,108%,23.3,-1.4,0,Other,,6.53,3.58,,,,,,,,,,,,,,,,,,,,,
Lagos,Nigeria,"17,804,000",Balanced,City Wide,14.1,6.6,111%,91%,21.4,2.7,0,Other,,6.53,3.58,,,,,,,,,,,,,,,,,,,,,
Lagos,Nigeria,"17,804,000",Balanced,Best Area,20.7,9.5,101%,108%,30.2,-1.4,0,Other,,6.53,3.58,,,,,,,,,,,,,,,,,,,,,
Lagos,Nigeria,"17,804,000",Destination,City Wide,12.9,9.5,111%,91%,22.3,2.7,0,Other,,6.53,3.58,,,,,,,,,,,,,,,,,,,,,
Lagos,Nigeria,"17,804,000",Destination,Best Area,22.4,14.4,101%,108%,36.8,-1.4,0,Other,,6.53,3.58,,,,,,,,,,,,,,,,,,,,,
Haiphong,Vietnam,"2,000,000",Infrastructure,City Wide,14.0,6.9,133%,70%,21.4,6.6,6,Other,,20.86,106.68,,,,,,,,,,,,,,,,,,,,,
Haiphong,Vietnam,"2,000,000",Infrastructure,Best Area,20.9,5.2,101%,111%,26.1,-2.0,14,Other,,20.86,106.68,,,,,,,,,,,,,,,,,,,,,
Haiphong,Vietnam,"2,000,000",Balanced,City Wide,10.5,10.1,133%,70%,20.3,6.6,6,Other,,20.86,106.68,,,,,,,,,,,,,,,,,,,,,
Haiphong,Vietnam,"2,000,000",Balanced,Best Area,20.6,13.8,101%,111%,34.4,-2.0,15,Other,,20.86,106.68,,,,,,,,,,,,,,,,,,,,,
Haiphong,Vietnam,"2,000,000",Destination,City Wide,7.4,15.5,133%,70%,24.7,6.6,6,Other,,20.86,106.68,,,,,,,,,,,,,,,,,,,,,
Haiphong,Vietnam,"2,000,000",Destination,Best Area,22.9,18.3,101%,111%,41.2,-2.0,16,Other,,20.86,106.68,,,,,,,,,,,,,,,,,,,,,
Nanchang,China,"6,255,007",Infrastructure,City Wide,10.6,10.5,110%,92%,21.3,1.8,0,Other,,28.65,116.03,,,,,,,,,,,,,,,,,,,,,
Nanchang,China,"6,255,007",Infrastructure,Best Area,21.1,22.9,103%,107%,44.0,-0.9,0,Other,,28.65,116.03,,,,,,,,,,,,,,,,,,,,,
Nanchang,China,"6,255,007",Balanced,City Wide,9.6,10.9,110%,92%,23.2,1.8,0,Other,,28.65,116.03,,,,,,,,,,,,,,,,,,,,,
Nanchang,China,"6,255,007",Balanced,Best Area,20.5,17.7,103%,107%,38.2,-0.9,0,Other,,28.65,116.03,,,,,,,,,,,,,,,,,,,,,
Nanchang,China,"6,255,007",Destination,City Wide,8.8,13.2,110%,92%,23.3,1.8,0,Other,,28.65,116.03,,,,,,,,,,,,,,,,,,,,,
Nanchang,China,"6,255,007",Destination,Best Area,22.0,16.3,103%,107%,38.3,-0.9,0,Other,,28.65,116.03,,,,,,,,,,,,,,,,,,,,,
Wuhan,China,"12,326,518",Infrastructure,City Wide,12.9,9.9,123%,80%,22.0,4.5,0,Other,,30.58,114.29,,,,,,,,,,,,,,,,,,,,,
Wuhan,China,"12,326,518",Infrastructure,Best Area,22.8,22.4,112%,102%,45.2,2.0,1,Other,,30.58,114.29,,,,,,,,,,,,,,,,,,,,,
Wuhan,China,"12,326,518",Balanced,City Wide,10.5,9.9,123%,80%,19.9,4.5,0,Other,,30.58,114.29,,,,,,,,,,,,,,,,,,,,,
Wuhan,China,"12,326,518",Balanced,Best Area,20.4,28.0,112%,102%,48.4,2.0,1,Other,,30.58,114.29,,,,,,,,,,,,,,,,,,,,,
Wuhan,China,"12,326,518",Destination,City Wide,8.4,12.4,123%,80%,22.3,4.5,0,Other,,30.58,114.29,,,,,,,,,,,,,,,,,,,,,
Wuhan,China,"12,326,518",Destination,Best Area,20.8,30.7,112%,102%,51.5,2.0,1,Other,,30.58,114.29,,,,,,,,,,,,,,,,,,,,,
Huambo,Angola,"800,000",Infrastructure,City Wide,18.1,4.3,132%,72%,23.5,8.3,0,Other,,-12.61,15.74,,,,,,,,,,,,,,,,,,,,,
Huambo,Angola,"800,000",Infrastructure,Best Area,22.4,1.1,110%,96%,23.5,3.0,4,Other,,-12.61,15.74,,,,,,,,,,,,,,,,,,,,,
Huambo,Angola,"800,000",Balanced,City Wide,13.7,6.6,132%,72%,24.1,8.3,0,Other,,-12.61,15.74,,,,,,,,,,,,,,,,,,,,,
Huambo,Angola,"800,000",Balanced,Best Area,20.3,3.8,110%,96%,24.1,3.0,4,Other,,-12.61,15.74,,,,,,,,,,,,,,,,,,,,,
Huambo,Angola,"800,000",Destination,City Wide,9.8,9.6,132%,72%,24.8,8.3,0,Other,,-12.61,15.74,,,,,,,,,,,,,,,,,,,,,
Huambo,Angola,"800,000",Destination,Best Area,19.4,5.4,110%,96%,24.8,3.0,4,Other,,-12.61,15.74,,,,,,,,,,,,,,,,,,,,,
Sanya,China,"1,031,396",Infrastructure,City Wide,10.3,8.7,100%,97%,23.2,0.3,3,Other,,18.25,109.50,,,,,,,,,,,,,,,,,,,,,
Sanya,China,"1,031,396",Infrastructure,Best Area,19.0,6.7,95%,108%,25.7,-2.5,17,Other,,18.25,109.50,,,,,,,,,,,,,,,,,,,,,
Sanya,China,"1,031,396",Balanced,City Wide,10.3,9.6,100%,97%,22.5,0.3,3,Other,,18.25,109.50,,,,,,,,,,,,,,,,,,,,,
Sanya,China,"1,031,396",Balanced,Best Area,19.9,7.9,95%,108%,27.8,-2.5,29,Other,,18.25,109.50,,,,,,,,,,,,,,,,,,,,,
Sanya,China,"1,031,396",Destination,City Wide,10.0,11.5,100%,97%,27.9,0.3,3,Other,,18.25,109.50,,,,,,,,,,,,,,,,,,,,,
Sanya,China,"1,031,396",Destination,Best Area,21.5,10.3,95%,108%,31.8,-2.5,30,Other,,18.25,109.50,,,,,,,,,,,,,,,,,,,,,
Mbuji-Mayi,Democratic Republic of the Congo,"2,700,000",Infrastructure,City Wide,17.9,3.9,127%,74%,22.9,7.5,0,Other,,-6.12,23.60,,,,,,,,,,,,,,,,,,,,,
Mbuji-Mayi,Democratic Republic of the Congo,"2,700,000",Infrastructure,Best Area,21.8,2.5,112%,86%,24.3,5.1,0,Other,,-6.12,23.60,,,,,,,,,,,,,,,,,,,,,
Mbuji-Mayi,Democratic Republic of the Congo,"2,700,000",Balanced,City Wide,14.1,5.4,127%,74%,20.6,7.5,0,Other,,-6.12,23.60,,,,,,,,,,,,,,,,,,,,,
Mbuji-Mayi,Democratic Republic of the Congo,"2,700,000",Balanced,Best Area,19.5,3.2,112%,86%,22.7,5.1,0,Other,,-6.12,23.60,,,,,,,,,,,,,,,,,,,,,
Mbuji-Mayi,Democratic Republic of the Congo,"2,700,000",Destination,City Wide,10.4,6.3,127%,74%,18.5,7.5,0,Other,,-6.12,23.60,,,,,,,,,,,,,,,,,,,,,
Mbuji-Mayi,Democratic Republic of the Congo,"2,700,000",Destination,Best Area,16.7,4.2,112%,86%,20.9,5.1,0,Other,,-6.12,23.60,,,,,,,,,,,,,,,,,,,,,
Mecca*,Saudi Arabia,"2,000,000",Infrastructure,City Wide,14.4,6.4,120%,84%,22.1,4.3,10,Other,,21.42,39.83,,,,,,,,,,,,,,,,,,,,,
Mecca*,Saudi Arabia,"2,000,000",Infrastructure,Best Area,20.8,2.7,107%,113%,23.5,-1.2,10,Other,,21.42,39.83,,,,,,,,,,,,,,,,,,,,,
Mecca*,Saudi Arabia,"2,000,000",Balanced,City Wide,12.0,7.5,120%,84%,22.2,4.3,10,Other,,21.42,39.83,,,,,,,,,,,,,,,,,,,,,
Mecca*,Saudi Arabia,"2,000,000",Balanced,Best Area,19.5,8.2,107%,113%,27.7,-1.2,18,Other,,21.42,39.83,,,,,,,,,,,,,,,,,,,,,
Mecca*,Saudi Arabia,"2,000,000",Destination,City Wide,10.1,11.9,120%,84%,23.9,4.3,10,Other,,21.42,39.83,,,,,,,,,,,,,,,,,,,,,
Mecca*,Saudi Arabia,"2,000,000",Destination,Best Area,22.0,9.6,107%,113%,31.6,-1.2,19,Other,,21.42,39.83,,,,,,,,,,,,,,,,,,,,,
Surat,India,"7,000,000",Infrastructure,City Wide,13.3,6.0,133%,67%,20.8,6.6,0,Other,,21.19,72.96,,,,,,,,,,,,,,,,,,,,,
Surat,India,"7,000,000",Infrastructure,Best Area,19.3,7.0,101%,108%,26.3,-1.4,0,Other,,21.19,72.96,,,,,,,,,,,,,,,,,,,,,
Surat,India,"7,000,000",Balanced,City Wide,10.0,9.2,133%,67%,22.4,6.6,0,Other,,21.19,72.96,,,,,,,,,,,,,,,,,,,,,
Surat,India,"7,000,000",Balanced,Best Area,19.2,12.4,101%,108%,31.6,-1.4,0,Other,,21.19,72.96,,,,,,,,,,,,,,,,,,,,,
Surat,India,"7,000,000",Destination,City Wide,6.7,14.0,133%,67%,24.9,6.6,0,Other,,21.19,72.96,,,,,,,,,,,,,,,,,,,,,
Surat,India,"7,000,000",Destination,Best Area,20.7,15.5,101%,108%,36.2,-1.4,0,Other,,21.19,72.96,,,,,,,,,,,,,,,,,,,,,
Shenyang*,China,"9,027,891",Infrastructure,City Wide,7.9,9.6,96%,109%,21.3,-1.0,0,Other,,41.80,123.43,,,,,,,,,,,,,,,,,,,,,
Shenyang*,China,"9,027,891",Infrastructure,Best Area,17.5,12.6,91%,110%,30.1,-3.7,0,Other,,41.80,123.43,,,,,,,,,,,,,,,,,,,,,
Shenyang*,China,"9,027,891",Balanced,City Wide,8.2,11.0,96%,109%,24.0,-1.0,0,Other,,41.80,123.43,,,,,,,,,,,,,,,,,,,,,
Shenyang*,China,"9,027,891",Balanced,Best Area,19.2,9.5,91%,110%,28.7,-3.7,0,Other,,41.80,123.43,,,,,,,,,,,,,,,,,,,,,
Shenyang*,China,"9,027,891",Destination,City Wide,8.9,12.3,96%,109%,25.8,-1.0,0,Other,,41.80,123.43,,,,,,,,,,,,,,,,,,,,,
Shenyang*,China,"9,027,891",Destination,Best Area,21.2,8.9,91%,110%,30.1,-3.7,0,Other,,41.80,123.43,,,,,,,,,,,,,,,,,,,,,
Dongguan,China,"10,500,000",Infrastructure,City Wide,8.9,11.5,113%,87%,19.3,2.0,1,Other,,23.02,113.75,,,,,,,,,,,,,,,,,,,,,
Dongguan,China,"10,500,000",Infrastructure,Best Area,20.4,32.2,106%,96%,52.6,2.0,1,Other,,23.02,113.75,,,,,,,,,,,,,,,,,,,,,
Dongguan,China,"10,500,000",Balanced,City Wide,7.9,11.3,113%,87%,18.9,2.0,1,Other,,23.02,113.75,,,,,,,,,,,,,,,,,,,,,
Dongguan,China,"10,500,000",Balanced,Best Area,19.2,27.5,106%,96%,46.7,2.0,1,Other,,23.02,113.75,,,,,,,,,,,,,,,,,,,,,
Dongguan,China,"10,500,000",Destination,City Wide,6.9,11.5,113%,87%,20.2,2.0,1,Other,,23.02,113.75,,,,,,,,,,,,,,,,,,,,,
Dongguan,China,"10,500,000",Destination,Best Area,18.4,21.6,106%,96%,40.0,2.0,1,Other,,23.02,113.75,,,,,,,,,,,,,,,,,,,,,
Port Harcourt,Nigeria,"3,000,000",Infrastructure,City Wide,15.1,5.2,105%,99%,21.4,0.8,8,Other,,4.77,7.02,,,,,,,,,,,,,,,,,,,,,
Port Harcourt,Nigeria,"3,000,000",Infrastructure,Best Area,20.3,2.0,106%,110%,22.3,-0.7,8,Other,,4.77,7.02,,,,,,,,,,,,,,,,,,,,,
Port Harcourt,Nigeria,"3,000,000",Balanced,City Wide,14.4,4.7,105%,99%,22.1,0.8,8,Other,,4.77,7.02,,,,,,,,,,,,,,,,,,,,,
Port Harcourt,Nigeria,"3,000,000",Balanced,Best Area,19.1,3.2,106%,110%,22.3,-0.7,8,Other,,4.77,7.02,,,,,,,,,,,,,,,,,,,,,
Port Harcourt,Nigeria,"3,000,000",Destination,City Wide,14.3,6.7,105%,99%,22.2,0.8,8,Other,,4.77,7.02,,,,,,,,,,,,,,,,,,,,,
Port Harcourt,Nigeria,"3,000,000",Destination,Best Area,21.0,2.8,106%,110%,23.8,-0.7,8,Other,,4.77,7.02,,,,,,,,,,,,,,,,,,,,,
Rawalpindi,Pakistan,"5,405,633",Infrastructure,City Wide,14.4,6.9,140%,58%,22.1,8.4,1,Other,,33.47,73.41,,,,,,,,,,,,,,,,,,,,,
Rawalpindi,Pakistan,"5,405,633",Infrastructure,Best Area,21.3,3.9,112%,94%,25.2,3.4,1,Other,,33.47,73.41,,,,,,,,,,,,,,,,,,,,,
Rawalpindi,Pakistan,"5,405,633",Balanced,City Wide,10.3,8.8,140%,58%,21.6,8.4,1,Other,,33.47,73.41,,,,,,,,,,,,,,,,,,,,,
Rawalpindi,Pakistan,"5,405,633",Balanced,Best Area,19.1,10.6,112%,94%,29.7,3.4,1,Other,,33.47,73.41,,,,,,,,,,,,,,,,,,,,,
Rawalpindi,Pakistan,"5,405,633",Destination,City Wide,6.0,11.9,140%,58%,22.0,8.4,1,Other,,33.47,73.41,,,,,,,,,,,,,,,,,,,,,
Rawalpindi,Pakistan,"5,405,633",Destination,Best Area,17.9,16.1,112%,94%,34.0,3.4,1,Other,,33.47,73.41,,,,,,,,,,,,,,,,,,,,,
Muscat,Oman,"1,730,080",Infrastructure,City Wide,14.1,7.5,90%,106%,22.0,-2.6,9,Other,,23.41,58.59,,,,,,,,,,,,,,,,,,,,,
Muscat,Oman,"1,730,080",Infrastructure,Best Area,21.6,3.0,82%,119%,24.6,-9.7,24,Other,,23.41,58.59,,,,,,,,,,,,,,,,,,,,,
Muscat,Oman,"1,730,080",Balanced,City Wide,15.7,10.7,90%,106%,27.4,-2.6,9,Other,,23.41,58.59,,,,,,,,,,,,,,,,,,,,,
Muscat,Oman,"1,730,080",Balanced,Best Area,26.4,5.9,82%,119%,32.3,-9.7,34,Other,,23.41,58.59,,,,,,,,,,,,,,,,,,,,,
Muscat,Oman,"1,730,080",Destination,City Wide,16.7,14.6,90%,106%,34.0,-2.6,9,Other,,23.41,58.59,,,,,,,,,,,,,,,,,,,,,
Muscat,Oman,"1,730,080",Destination,Best Area,31.3,8.7,82%,119%,40.0,-9.7,34,Other,,23.41,58.59,,,,,,,,,,,,,,,,,,,,,
Yueqing (Wenzhou),China,"1,453,090",Infrastructure,City Wide,12.3,8.8,113%,88%,21.6,2.7,0,Other,Yes,28.12,120.98,,,,,,,,,,,,,,,,,,,,,
Yueqing (Wenzhou),China,"1,453,090",Infrastructure,Best Area,21.1,8.0,113%,88%,29.1,4.6,0,Other,Yes,28.12,120.98,,,,,,,,,,,,,,,,,,,,,
Yueqing (Wenzhou),China,"1,453,090",Balanced,City Wide,10.9,7.8,113%,88%,20.9,2.7,0,Other,Yes,28.12,120.98,,,,,,,,,,,,,,,,,,,,,
Yueqing (Wenzhou),China,"1,453,090",Balanced,Best Area,18.7,7.2,113%,88%,25.9,4.6,0,Other,Yes,28.12,120.98,,,,,,,,,,,,,,,,,,,,,
Yueqing (Wenzhou),China,"1,453,090",Destination,City Wide,9.6,6.9,113%,88%,17.3,2.7,0,Other,Yes,28.12,120.98,,,,,,,,,,,,,,,,,,,,,
Yueqing (Wenzhou),China,"1,453,090",Destination,Best Area,16.5,5.7,113%,88%,22.2,4.6,0,Other,Yes,28.12,120.98,,,,,,,,,,,,,,,,,,,,,
Nay Pyi Taw,Myanmar,"815,000",Infrastructure,City Wide,15.4,5.4,133%,68%,21.8,7.5,0,Other,,19.87,96.13,,,,,,,,,,,,,,,,,,,,,
Nay Pyi Taw,Myanmar,"815,000",Infrastructure,Best Area,20.8,3.9,112%,95%,24.7,3.2,2,Other,,19.87,96.13,,,,,,,,,,,,,,,,,,,,,
Nay Pyi Taw,Myanmar,"815,000",Balanced,City Wide,11.6,6.9,133%,68%,20.4,7.5,0,Other,,19.87,96.13,,,,,,,,,,,,,,,,,,,,,
Nay Pyi Taw,Myanmar,"815,000",Balanced,Best Area,18.5,8.5,112%,95%,27.0,3.2,3,Other,,19.87,96.13,,,,,,,,,,,,,,,,,,,,,
Nay Pyi Taw,Myanmar,"815,000",Destination,City Wide,7.9,9.7,133%,68%,18.2,7.5,0,Other,,19.87,96.13,,,,,,,,,,,,,,,,,,,,,
Nay Pyi Taw,Myanmar,"815,000",Destination,Best Area,17.6,11.5,112%,95%,29.1,3.2,3,Other,,19.87,96.13,,,,,,,,,,,,,,,,,,,,,
Abuja,Nigeria,"3,800,000",Infrastructure,City Wide,15.2,5.5,127%,73%,21.4,6.4,0,Other,,8.90,7.39,,,,,,,,,,,,,,,,,,,,,
Abuja,Nigeria,"3,800,000",Infrastructure,Best Area,20.7,4.3,113%,98%,25.0,2.6,0,Other,,8.90,7.39,,,,,,,,,,,,,,,,,,,,,
Abuja,Nigeria,"3,800,000",Balanced,City Wide,12.0,6.4,127%,73%,20.2,6.4,0,Other,,8.90,7.39,,,,,,,,,,,,,,,,,,,,,
Abuja,Nigeria,"3,800,000",Balanced,Best Area,18.4,4.1,113%,98%,22.5,2.6,0,Other,,8.90,7.39,,,,,,,,,,,,,,,,,,,,,
Abuja,Nigeria,"3,800,000",Destination,City Wide,8.8,9.3,127%,73%,20.0,6.4,0,Other,,8.90,7.39,,,,,,,,,,,,,,,,,,,,,
Abuja,Nigeria,"3,800,000",Destination,Best Area,18.1,5.7,113%,98%,23.8,2.6,0,Other,,8.90,7.39,,,,,,,,,,,,,,,,,,,,,
Tianjin,China,"13,866,009",Infrastructure,City Wide,9.4,8.9,109%,91%,20.5,1.6,0,Other,,39.30,117.42,,,,,,,,,,,,,,,,,,,,,
Tianjin,China,"13,866,009",Infrastructure,Best Area,18.3,19.9,99%,107%,38.2,-1.4,0,Other,,39.30,117.42,,,,,,,,,,,,,,,,,,,,,
Tianjin,China,"13,866,009",Balanced,City Wide,8.6,9.8,109%,91%,20.2,1.6,0,Other,,39.30,117.42,,,,,,,,,,,,,,,,,,,,,
Tianjin,China,"13,866,009",Balanced,Best Area,18.4,15.1,99%,107%,33.5,-1.4,0,Other,,39.30,117.42,,,,,,,,,,,,,,,,,,,,,
Tianjin,China,"13,866,009",Destination,City Wide,7.8,11.9,109%,91%,22.4,1.6,0,Other,,39.30,117.42,,,,,,,,,,,,,,,,,,,,,
Tianjin,China,"13,866,009",Destination,Best Area,19.7,15.1,99%,107%,34.8,-1.4,0,Other,,39.30,117.42,,,,,,,,,,,,,,,,,,,,,
Sohar,Oman,"142,000",Infrastructure,City Wide,15.2,4.0,121%,82%,20.2,4.9,0,Other,,24.34,56.73,,,,,,,,,,,,,,,,,,,,,
Sohar,Oman,"142,000",Infrastructure,Best Area,19.2,2.4,107%,98%,21.6,1.6,0,Other,,24.34,56.73,,,,,,,,,,,,,,,,,,,,,
Sohar,Oman,"142,000",Balanced,City Wide,12.6,5.3,121%,82%,17.8,4.9,0,Other,,24.34,56.73,,,,,,,,,,,,,,,,,,,,,
Sohar,Oman,"142,000",Balanced,Best Area,17.9,5.5,107%,98%,23.4,1.6,0,Other,,24.34,56.73,,,,,,,,,,,,,,,,,,,,,
Sohar,Oman,"142,000",Destination,City Wide,10.3,7.3,121%,82%,17.5,4.9,0,Other,,24.34,56.73,,,,,,,,,,,,,,,,,,,,,
Sohar,Oman,"142,000",Destination,Best Area,17.6,7.5,107%,98%,25.1,1.6,0,Other,,24.34,56.73,,,,,,,,,,,,,,,,,,,,,
Cixi (Ningbo),China,"1,829,488",Infrastructure,City Wide,8.3,11.8,128%,78%,22.0,3.2,0,Other,Yes,30.17,121.26,,,,,,,,,,,,,,,,,,,,,
Cixi (Ningbo),China,"1,829,488",Infrastructure,Best Area,20.1,23.7,118%,92%,43.8,4.4,0,Other,Yes,30.17,121.26,,,,,,,,,,,,,,,,,,,,,
Cixi (Ningbo),China,"1,829,488",Balanced,City Wide,6.5,10.5,128%,78%,19.5,3.2,0,Other,Yes,30.17,121.26,,,,,,,,,,,,,,,,,,,,,
Cixi (Ningbo),China,"1,829,488",Balanced,Best Area,17.0,22.7,118%,92%,39.7,4.4,0,Other,Yes,30.17,121.26,,,,,,,,,,,,,,,,,,,,,
Cixi (Ningbo),China,"1,829,488",Destination,City Wide,5.1,10.6,128%,78%,16.7,3.2,0,Other,Yes,30.17,121.26,,,,,,,,,,,,,,,,,,,,,
Cixi (Ningbo),China,"1,829,488",Destination,Best Area,15.7,19.4,118%,92%,35.1,4.4,0,Other,Yes,30.17,121.26,,,,,,,,,,,,,,,,,,,,,
Lilongwe*,Malawi,"1,300,000",Infrastructure,City Wide,16.7,4.1,143%,58%,21.2,9.9,0,Other,,-14.04,33.74,,,,,,,,,,,,,,,,,,,,,
Lilongwe*,Malawi,"1,300,000",Infrastructure,Best Area,20.8,3.0,125%,81%,23.8,7.3,0,Other,,-14.04,33.74,,,,,,,,,,,,,,,,,,,,,
Lilongwe*,Malawi,"1,300,000",Balanced,City Wide,11.7,5.0,143%,58%,17.6,9.9,0,Other,,-14.04,33.74,,,,,,,,,,,,,,,,,,,,,
Lilongwe*,Malawi,"1,300,000",Balanced,Best Area,16.7,5.2,125%,81%,21.9,7.3,0,Other,,-14.04,33.74,,,,,,,,,,,,,,,,,,,,,
Lilongwe*,Malawi,"1,300,000",Destination,City Wide,6.8,6.7,143%,58%,14.3,9.9,0,Other,,-14.04,33.74,,,,,,,,,,,,,,,,,,,,,
Lilongwe*,Malawi,"1,300,000",Destination,Best Area,13.5,10.6,125%,81%,24.1,7.3,0,Other,,-14.04,33.74,,,,,,,,,,,,,,,,,,,,,
Zhengzhou,China,"12,593,163",Infrastructure,City Wide,9.6,7.7,128%,75%,18.5,4.0,0,Other,,34.75,113.62,,,,,,,,,,,,,,,,,,,,,
Zhengzhou,China,"12,593,163",Infrastructure,Best Area,17.3,8.5,106%,106%,25.8,0.0,0,Other,,34.75,113.62,,,,,,,,,,,,,,,,,,,,,
Zhengzhou,China,"12,593,163",Balanced,City Wide,7.5,8.8,128%,75%,18.6,4.0,0,Other,,34.75,113.62,,,,,,,,,,,,,,,,,,,,,
Zhengzhou,China,"12,593,163",Balanced,Best Area,16.3,10.2,106%,106%,26.5,0.0,0,Other,,34.75,113.62,,,,,,,,,,,,,,,,,,,,,
Zhengzhou,China,"12,593,163",Destination,City Wide,5.6,11.7,128%,75%,20.5,4.0,0,Other,,34.75,113.62,,,,,,,,,,,,,,,,,,,,,
Zhengzhou,China,"12,593,163",Destination,Best Area,17.3,13.4,106%,106%,30.7,0.0,0,Other,,34.75,113.62,,,,,,,,,,,,,,,,,,,,,
Hefei,China,"9,369,881",Infrastructure,City Wide,7.6,9.6,112%,94%,18.1,1.2,2,Other,,31.87,117.28,,,,,,,,,,,,,,,,,,,,,
Hefei,China,"9,369,881",Infrastructure,Best Area,17.2,16.4,106%,110%,33.6,-0.7,2,Other,,31.87,117.28,,,,,,,,,,,,,,,,,,,,,
Hefei,China,"9,369,881",Balanced,City Wide,6.8,9.5,112%,94%,16.7,1.2,2,Other,,31.87,117.28,,,,,,,,,,,,,,,,,,,,,
Hefei,China,"9,369,881",Balanced,Best Area,16.3,14.2,106%,110%,30.5,-0.7,2,Other,,31.87,117.28,,,,,,,,,,,,,,,,,,,,,
Hefei,China,"9,369,881",Destination,City Wide,6.4,11.5,112%,94%,20.3,1.2,2,Other,,31.87,117.28,,,,,,,,,,,,,,,,,,,,,
Hefei,China,"9,369,881",Destination,Best Area,17.9,16.8,106%,110%,34.7,-0.7,2,Other,,31.87,117.28,,,,,,,,,,,,,,,,,,,,,
Qingdao*,China,"10,071,722",Infrastructure,City Wide,8.6,7.7,126%,74%,17.0,3.6,0,Other,,36.07,120.38,,,,,,,,,,,,,,,,,,,,,
Qingdao*,China,"10,071,722",Infrastructure,Best Area,16.3,20.4,100%,107%,36.7,-1.2,2,Other,,36.07,120.38,,,,,,,,,,,,,,,,,,,,,
Qingdao*,China,"10,071,722",Balanced,City Wide,6.8,9.5,126%,74%,19.5,3.6,0,Other,,36.07,120.38,,,,,,,,,,,,,,,,,,,,,
Qingdao*,China,"10,071,722",Balanced,Best Area,16.3,15.7,100%,107%,32.0,-1.2,2,Other,,36.07,120.38,,,,,,,,,,,,,,,,,,,,,
Qingdao*,China,"10,071,722",Destination,City Wide,5.0,12.5,126%,74%,24.7,3.6,0,Other,,36.07,120.38,,,,,,,,,,,,,,,,,,,,,
Qingdao*,China,"10,071,722",Destination,Best Area,17.5,20.6,100%,107%,38.1,-1.2,2,Other,,36.07,120.38,,,,,,,,,,,,,,,,,,,,,
Haikou,China,"2,132,000",Infrastructure,City Wide,8.0,11.3,127%,81%,15.4,2.9,0,Other,,20.05,110.20,,,,,,,,,,,,,,,,,,,,,
Haikou,China,"2,132,000",Infrastructure,Best Area,19.3,31.7,118%,91%,51.0,4.5,0,Other,,20.05,110.20,,,,,,,,,,,,,,,,,,,,,
Haikou,China,"2,132,000",Balanced,City Wide,6.3,10.0,127%,81%,13.8,2.9,0,Other,,20.05,110.20,,,,,,,,,,,,,,,,,,,,,
Haikou,China,"2,132,000",Balanced,Best Area,16.3,26.7,118%,91%,43.0,4.5,0,Other,,20.05,110.20,,,,,,,,,,,,,,,,,,,,,
Haikou,China,"2,132,000",Destination,City Wide,5.1,9.7,127%,81%,15.6,2.9,0,Other,,20.05,110.20,,,,,,,,,,,,,,,,,,,,,
Haikou,China,"2,132,000",Destination,Best Area,14.8,18.6,118%,91%,33.4,4.5,0,Other,,20.05,110.20,,,,,,,,,,,,,,,,,,,,,
Windhoek,Namibia,"486,169",Infrastructure,City Wide,3.3,6.2,43%,155%,9.7,-8.6,58,Other,,-22.58,17.08,,,,,,,,,,,,,,,,,,,,,
Windhoek,Namibia,"486,169",Infrastructure,Best Area,9.5,8.1,59%,136%,17.6,-12.6,58,Other,,-22.58,17.08,,,,,,,,,,,,,,,,,,,,,
Windhoek,Namibia,"486,169",Balanced,City Wide,7.7,8.5,43%,155%,17.6,-8.6,58,Other,,-22.58,17.08,,,,,,,,,,,,,,,,,,,,,
Windhoek,Namibia,"486,169",Balanced,Best Area,16.2,6.9,59%,136%,23.1,-12.6,58,Other,,-22.58,17.08,,,,,,,,,,,,,,,,,,,,,
Windhoek,Namibia,"486,169",Destination,City Wide,11.9,10.2,43%,155%,24.9,-8.6,58,Other,,-22.58,17.08,,,,,,,,,,,,,,,,,,,,,
Windhoek,Namibia,"486,169",Destination,Best Area,22.1,7.5,59%,136%,29.6,-12.6,58,Other,,-22.58,17.08,,,,,,,,,,,,,,,,,,,,,
Kunshan (Suzhou),China,"893,000",Infrastructure,City Wide,7.7,12.4,135%,70%,22.6,3.7,4,Other,Yes,31.39,120.98,,,,,,,,,,,,,,,,,,,,,
Kunshan (Suzhou),China,"893,000",Infrastructure,Best Area,20.1,14.4,124%,78%,34.5,7.4,4,Other,Yes,31.39,120.98,,,,,,,,,,,,,,,,,,,,,
Kunshan (Suzhou),China,"893,000",Balanced,City Wide,5.7,10.5,135%,70%,18.2,3.7,4,Other,Yes,31.39,120.98,,,,,,,,,,,,,,,,,,,,,
Kunshan (Suzhou),China,"893,000",Balanced,Best Area,16.2,12.6,124%,78%,28.8,7.4,4,Other,Yes,31.39,120.98,,,,,,,,,,,,,,,,,,,,,
Kunshan (Suzhou),China,"893,000",Destination,City Wide,4.0,8.7,135%,70%,14.2,3.7,4,Other,Yes,31.39,120.98,,,,,,,,,,,,,,,,,,,,,
Kunshan (Suzhou),China,"893,000",Destination,Best Area,12.7,11.3,124%,78%,24.0,7.4,4,Other,Yes,31.39,120.98,,,,,,,,,,,,,,,,,,,,,
Urumqi*,China,"4,054,369",Infrastructure,City Wide,7.2,7.7,111%,94%,15.8,1.1,0,Other,,43.82,87.61,,,,,,,,,,,,,,,,,,,,,
Urumqi*,China,"4,054,369",Infrastructure,Best Area,14.9,8.1,94%,109%,23.0,-2.3,0,Other,,43.82,87.61,,,,,,,,,,,,,,,,,,,,,
Urumqi*,China,"4,054,369",Balanced,City Wide,6.5,9.3,111%,94%,17.5,1.1,0,Other,,43.82,87.61,,,,,,,,,,,,,,,,,,,,,
Urumqi*,China,"4,054,369",Balanced,Best Area,15.8,7.1,94%,109%,22.9,-2.3,0,Other,,43.82,87.61,,,,,,,,,,,,,,,,,,,,,
Urumqi*,China,"4,054,369",Destination,City Wide,6.1,11.1,111%,94%,18.5,1.1,0,Other,,43.82,87.61,,,,,,,,,,,,,,,,,,,,,
Urumqi*,China,"4,054,369",Destination,Best Area,17.2,10.4,94%,109%,27.6,-2.3,0,Other,,43.82,87.61,,,,,,,,,,,,,,,,,,,,,
Nantong*,China,"7,726,635",Infrastructure,City Wide,11.2,7.9,140%,58%,20.3,6.6,4,Other,,31.98,120.89,,,,,,,,,,,,,,,,,,,,,
Nantong*,China,"7,726,635",Infrastructure,Best Area,19.1,15.3,123%,88%,34.4,5.5,4,Other,,31.98,120.89,,,,,,,,,,,,,,,,,,,,,
Nantong*,China,"7,726,635",Balanced,City Wide,8.0,7.5,140%,58%,15.8,6.6,4,Other,,31.98,120.89,,,,,,,,,,,,,,,,,,,,,
Nantong*,China,"7,726,635",Balanced,Best Area,15.5,14.2,123%,88%,29.7,5.5,4,Other,,31.98,120.89,,,,,,,,,,,,,,,,,,,,,
Nantong*,China,"7,726,635",Destination,City Wide,4.6,9.0,140%,58%,14.1,6.6,4,Other,,31.98,120.89,,,,,,,,,,,,,,,,,,,,,
Nantong*,China,"7,726,635",Destination,Best Area,13.6,19.4,123%,88%,33.0,5.5,4,Other,,31.98,120.89,,,,,,,,,,,,,,,,,,,,,
Changchun*,China,"9,066,906",Infrastructure,City Wide,5.9,7.1,104%,105%,13.7,-0.1,0,Other,,43.88,125.32,,,,,,,,,,,,,,,,,,,,,
Changchun*,China,"9,066,906",Infrastructure,Best Area,13.0,10.0,87%,115%,23.0,-4.2,0,Other,,43.88,125.32,,,,,,,,,,,,,,,,,,,,,
Changchun*,China,"9,066,906",Balanced,City Wide,5.7,9.3,104%,105%,18.8,-0.1,0,Other,,43.88,125.32,,,,,,,,,,,,,,,,,,,,,
Changchun*,China,"9,066,906",Balanced,Best Area,15.0,6.9,87%,115%,21.9,-4.2,0,Other,,43.88,125.32,,,,,,,,,,,,,,,,,,,,,
Changchun*,China,"9,066,906",Destination,City Wide,6.0,11.2,104%,105%,20.0,-0.1,0,Other,,43.88,125.32,,,,,,,,,,,,,,,,,,,,,
Changchun*,China,"9,066,906",Destination,Best Area,17.2,9.5,87%,115%,26.7,-4.2,0,Other,,43.88,125.32,,,,,,,,,,,,,,,,,,,,,
Shijiazhuang,China,"11,235,086",Infrastructure,City Wide,11.8,8.3,155%,47%,17.9,8.2,0,Other,,38.04,114.51,,,,,,,,,,,,,,,,,,,,,
Shijiazhuang,China,"11,235,086",Infrastructure,Best Area,20.1,34.6,135%,79%,54.7,8.3,0,Other,,38.04,114.51,,,,,,,,,,,,,,,,,,,,,
Shijiazhuang,China,"11,235,086",Balanced,City Wide,7.6,7.3,155%,47%,12.4,8.2,0,Other,,38.04,114.51,,,,,,,,,,,,,,,,,,,,,
Shijiazhuang,China,"11,235,086",Balanced,Best Area,14.9,30.7,135%,79%,45.6,8.3,0,Other,,38.04,114.51,,,,,,,,,,,,,,,,,,,,,
Shijiazhuang,China,"11,235,086",Destination,City Wide,3.6,8.2,155%,47%,10.4,8.2,0,Other,,38.04,114.51,,,,,,,,,,,,,,,,,,,,,
Shijiazhuang,China,"11,235,086",Destination,Best Area,11.8,22.8,135%,79%,34.6,8.3,0,Other,,38.04,114.51,,,,,,,,,,,,,,,,,,,,,
Guiyang,China,"5,987,018",Infrastructure,City Wide,4.7,7.5,94%,110%,14.0,-0.8,0,Other,,26.59,106.71,,,,,,,,,,,,,,,,,,,,,
Guiyang,China,"5,987,018",Infrastructure,Best Area,12.2,13.6,82%,111%,25.8,-4.3,1,Other,,26.59,106.71,,,,,,,,,,,,,,,,,,,,,
Guiyang,China,"5,987,018",Balanced,City Wide,5.0,9.8,94%,110%,21.6,-0.8,0,Other,,26.59,106.71,,,,,,,,,,,,,,,,,,,,,
Guiyang,China,"5,987,018",Balanced,Best Area,14.8,8.8,82%,111%,23.6,-4.3,1,Other,,26.59,106.71,,,,,,,,,,,,,,,,,,,,,
Guiyang,China,"5,987,018",Destination,City Wide,5.5,11.0,94%,110%,23.2,-0.8,0,Other,,26.59,106.71,,,,,,,,,,,,,,,,,,,,,
Guiyang,China,"5,987,018",Destination,Best Area,16.5,8.8,82%,111%,25.3,-4.3,1,Other,,26.59,106.71,,,,,,,,,,,,,,,,,,,,,
Yinchuan,China,"2,859,074",Infrastructure,City Wide,10.8,8.6,140%,58%,20.5,6.3,0,Other,,38.49,106.23,,,,,,,,,,,,,,,,,,,,,
Yinchuan,China,"2,859,074",Infrastructure,Best Area,19.4,14.9,132%,90%,34.3,6.2,0,Other,,38.49,106.23,,,,,,,,,,,,,,,,,,,,,
Yinchuan,China,"2,859,074",Balanced,City Wide,7.7,7.0,140%,58%,14.7,6.3,0,Other,,38.49,106.23,,,,,,,,,,,,,,,,,,,,,
Yinchuan,China,"2,859,074",Balanced,Best Area,14.7,13.9,132%,90%,28.6,6.2,0,Other,,38.49,106.23,,,,,,,,,,,,,,,,,,,,,
Yinchuan,China,"2,859,074",Destination,City Wide,4.5,8.7,140%,58%,15.8,6.3,0,Other,,38.49,106.23,,,,,,,,,,,,,,,,,,,,,
Yinchuan,China,"2,859,074",Destination,Best Area,13.2,8.6,132%,90%,21.8,6.2,0,Other,,38.49,106.23,,,,,,,,,,,,,,,,,,,,,
Arusha,Tanzania,"416,442",Infrastructure,City Wide,14.3,3.3,124%,79%,18.2,5.2,1,Other,,-3.52,36.80,,,,,,,,,,,,,,,,,,,,,
Arusha,Tanzania,"416,442",Infrastructure,Best Area,17.6,3.1,121%,90%,20.7,4.6,1,Other,,-3.52,36.80,,,,,,,,,,,,,,,,,,,,,
Arusha,Tanzania,"416,442",Balanced,City Wide,11.5,3.0,124%,79%,14.3,5.2,1,Other,,-3.52,36.80,,,,,,,,,,,,,,,,,,,,,
Arusha,Tanzania,"416,442",Balanced,Best Area,14.5,4.0,121%,90%,18.5,4.6,1,Other,,-3.52,36.80,,,,,,,,,,,,,,,,,,,,,
Arusha,Tanzania,"416,442",Destination,City Wide,9.1,3.9,124%,79%,13.6,5.2,1,Other,,-3.52,36.80,,,,,,,,,,,,,,,,,,,,,
Arusha,Tanzania,"416,442",Destination,Best Area,13.0,6.6,121%,90%,19.6,4.6,1,Other,,-3.52,36.80,,,,,,,,,,,,,,,,,,,,,
Taicang (Suzhou),China,"523,000",Infrastructure,City Wide,9.7,8.8,139%,61%,21.3,5.4,3,Other,Yes,31.46,121.13,,,,,,,,,,,,,,,,,,,,,
Taicang (Suzhou),China,"523,000",Infrastructure,Best Area,18.5,8.8,128%,78%,27.3,7.2,3,Other,Yes,31.46,121.13,,,,,,,,,,,,,,,,,,,,,
Taicang (Suzhou),China,"523,000",Balanced,City Wide,7.0,7.5,139%,61%,15.8,5.4,3,Other,Yes,31.46,121.13,,,,,,,,,,,,,,,,,,,,,
Taicang (Suzhou),China,"523,000",Balanced,Best Area,14.5,7.9,128%,78%,22.4,7.2,3,Other,Yes,31.46,121.13,,,,,,,,,,,,,,,,,,,,,
Taicang (Suzhou),China,"523,000",Destination,City Wide,4.3,7.0,139%,61%,13.7,5.4,3,Other,Yes,31.46,121.13,,,,,,,,,,,,,,,,,,,,,
Taicang (Suzhou),China,"523,000",Destination,Best Area,11.3,6.2,128%,78%,17.5,7.2,3,Other,Yes,31.46,121.13,,,,,,,,,,,,,,,,,,,,,
Shishi (Quanzhou),China,"685,930",Infrastructure,City Wide,8.3,5.9,122%,87%,17.6,2.4,0,Other,Yes,24.73,118.64,,,,,,,,,,,,,,,,,,,,,
Shishi (Quanzhou),China,"685,930",Infrastructure,Best Area,14.2,4.3,101%,101%,18.5,0.0,0,Other,Yes,24.73,118.64,,,,,,,,,,,,,,,,,,,,,
Shishi (Quanzhou),China,"685,930",Balanced,City Wide,6.8,7.3,122%,87%,18.7,2.4,0,Other,Yes,24.73,118.64,,,,,,,,,,,,,,,,,,,,,
Shishi (Quanzhou),China,"685,930",Balanced,Best Area,14.1,5.2,101%,101%,19.3,0.0,0,Other,Yes,24.73,118.64,,,,,,,,,,,,,,,,,,,,,
Shishi (Quanzhou),China,"685,930",Destination,City Wide,5.9,8.3,122%,87%,19.8,2.4,0,Other,Yes,24.73,118.64,,,,,,,,,,,,,,,,,,,,,
Shishi (Quanzhou),China,"685,930",Destination,Best Area,14.2,5.9,101%,101%,20.1,0.0,0,Other,Yes,24.73,118.64,,,,,,,,,,,,,,,,,,,,,
Fuqing (Fuzhou),China,"1,390,487",Infrastructure,City Wide,11.4,5.7,154%,47%,17.4,7.9,0,Other,Yes,25.63,119.38,,,,,,,,,,,,,,,,,,,,,
Fuqing (Fuzhou),China,"1,390,487",Infrastructure,Best Area,17.1,8.5,125%,87%,25.6,5.2,0,Other,Yes,25.63,119.38,,,,,,,,,,,,,,,,,,,,,
Fuqing (Fuzhou),China,"1,390,487",Balanced,City Wide,7.4,6.3,154%,47%,15.0,7.9,0,Other,Yes,25.63,119.38,,,,,,,,,,,,,,,,,,,,,
Fuqing (Fuzhou),China,"1,390,487",Balanced,Best Area,13.7,12.1,125%,87%,25.8,5.2,0,Other,Yes,25.63,119.38,,,,,,,,,,,,,,,,,,,,,
Fuqing (Fuzhou),China,"1,390,487",Destination,City Wide,3.5,8.4,154%,47%,13.2,7.9,0,Other,Yes,25.63,119.38,,,,,,,,,,,,,,,,,,,,,
Fuqing (Fuzhou),China,"1,390,487",Destination,Best Area,11.9,14.1,125%,87%,26.0,5.2,0,Other,Yes,25.63,119.38,,,,,,,,,,,,,,,,,,,,,
Hebi,China,"1,600,000",Infrastructure,City Wide,13.3,5.1,155%,43%,19.0,9.6,0,Other,,35.75,114.29,,,,,,,,,,,,,,,,,,,,,
Hebi,China,"1,600,000",Infrastructure,Best Area,18.4,4.1,143%,78%,22.5,8.4,0,Other,,35.75,114.29,,,,,,,,,,,,,,,,,,,,,
Hebi,China,"1,600,000",Balanced,City Wide,8.6,4.3,155%,43%,13.9,9.6,0,Other,,35.75,114.29,,,,,,,,,,,,,,,,,,,,,
Hebi,China,"1,600,000",Balanced,Best Area,12.9,6.8,143%,78%,19.7,8.4,0,Other,,35.75,114.29,,,,,,,,,,,,,,,,,,,,,
Hebi,China,"1,600,000",Destination,City Wide,3.7,6.3,155%,43%,12.4,9.6,0,Other,,35.75,114.29,,,,,,,,,,,,,,,,,,,,,
Hebi,China,"1,600,000",Destination,Best Area,10.0,10.3,143%,78%,20.3,8.4,0,Other,,35.75,114.29,,,,,,,,,,,,,,,,,,,,,
Zhangjiagang (Suzhou),China,"1,432,044",Infrastructure,City Wide,9.6,8.5,145%,58%,19.3,5.8,2,Other,Yes,31.88,120.55,,,,,,,,,,,,,,,,,,,,,
Zhangjiagang (Suzhou),China,"1,432,044",Infrastructure,Best Area,18.1,8.0,140%,81%,26.1,7.7,2,Other,Yes,31.88,120.55,,,,,,,,,,,,,,,,,,,,,
Zhangjiagang (Suzhou),China,"1,432,044",Balanced,City Wide,6.6,6.3,145%,58%,12.6,5.8,2,Other,Yes,31.88,120.55,,,,,,,,,,,,,,,,,,,,,
Zhangjiagang (Suzhou),China,"1,432,044",Balanced,Best Area,12.9,9.9,140%,81%,22.8,7.7,2,Other,Yes,31.88,120.55,,,,,,,,,,,,,,,,,,,,,
Zhangjiagang (Suzhou),China,"1,432,044",Destination,City Wide,3.8,6.6,145%,58%,10.2,5.8,2,Other,Yes,31.88,120.55,,,,,,,,,,,,,,,,,,,,,
Zhangjiagang (Suzhou),China,"1,432,044",Destination,Best Area,10.4,12.6,140%,81%,23.0,7.7,2,Other,Yes,31.88,120.55,,,,,,,,,,,,,,,,,,,,,
Harbin*,China,"10,009,854",Infrastructure,City Wide,6.5,5.9,123%,83%,13.0,2.1,0,Other,,45.76,126.63,,,,,,,,,,,,,,,,,,,,,
Harbin*,China,"10,009,854",Infrastructure,Best Area,12.4,2.4,99%,124%,14.8,-3.1,0,Other,,45.76,126.63,,,,,,,,,,,,,,,,,,,,,
Harbin*,China,"10,009,854",Balanced,City Wide,5.3,7.2,123%,83%,10.3,2.1,0,Other,,45.76,126.63,,,,,,,,,,,,,,,,,,,,,
Harbin*,China,"10,009,854",Balanced,Best Area,12.5,12.7,99%,124%,25.2,-3.1,0,Other,,45.76,126.63,,,,,,,,,,,,,,,,,,,,,
Harbin*,China,"10,009,854",Destination,City Wide,4.4,11.1,123%,83%,14.8,2.1,0,Other,,45.76,126.63,,,,,,,,,,,,,,,,,,,,,
Harbin*,China,"10,009,854",Destination,Best Area,15.5,15.7,99%,124%,31.2,-3.1,0,Other,,45.76,126.63,,,,,,,,,,,,,,,,,,,,,
Xining,China,"2,467,965",Infrastructure,City Wide,7.0,5.4,111%,90%,12.5,1.3,0,Other,,36.82,101.44,,,,,,,,,,,,,,,,,,,,,
Xining,China,"2,467,965",Infrastructure,Best Area,12.4,1.3,102%,107%,13.7,-0.6,0,Other,,36.82,101.44,,,,,,,,,,,,,,,,,,,,,
Xining,China,"2,467,965",Balanced,City Wide,6.3,5.9,111%,90%,11.8,1.3,0,Other,,36.82,101.44,,,,,,,,,,,,,,,,,,,,,
Xining,China,"2,467,965",Balanced,Best Area,12.2,0.9,102%,107%,13.1,-0.6,0,Other,,36.82,101.44,,,,,,,,,,,,,,,,,,,,,
Xining,China,"2,467,965",Destination,City Wide,5.7,7.3,111%,90%,12.9,1.3,0,Other,,36.82,101.44,,,,,,,,,,,,,,,,,,,,,
Xining,China,"2,467,965",Destination,Best Area,13.0,0.4,102%,107%,13.4,-0.6,0,Other,,36.82,101.44,,,,,,,,,,,,,,,,,,,,,
Jinjiang (Quanzhou),China,"2,061,551",Infrastructure,City Wide,8.7,4.8,124%,76%,14.0,3.4,0,Other,Yes,24.78,118.55,,,,,,,,,,,,,,,,,,,,,
Jinjiang (Quanzhou),China,"2,061,551",Infrastructure,Best Area,13.5,2.2,112%,92%,15.7,2.4,0,Other,Yes,24.78,118.55,,,,,,,,,,,,,,,,,,,,,
Jinjiang (Quanzhou),China,"2,061,551",Balanced,City Wide,7.0,5.1,124%,76%,12.8,3.4,0,Other,Yes,24.78,118.55,,,,,,,,,,,,,,,,,,,,,
Jinjiang (Quanzhou),China,"2,061,551",Balanced,Best Area,12.1,1.1,112%,92%,13.2,2.4,0,Other,Yes,24.78,118.55,,,,,,,,,,,,,,,,,,,,,
Jinjiang (Quanzhou),China,"2,061,551",Destination,City Wide,5.3,5.8,124%,76%,12.0,3.4,0,Other,Yes,24.78,118.55,,,,,,,,,,,,,,,,,,,,,
Jinjiang (Quanzhou),China,"2,061,551",Destination,Best Area,11.1,2.4,112%,92%,13.5,2.4,0,Other,Yes,24.78,118.55,,,,,,,,,,,,,,,,,,,,,
Baidoa,Somalia,"1,200,000",Infrastructure,City Wide,13.4,3.0,165%,33%,17.5,10.7,0,Other,,3.16,43.58,,,,,,,,,,,,,,,,,,,,,
Baidoa,Somalia,"1,200,000",Infrastructure,Best Area,16.4,2.1,145%,55%,18.5,10.2,0,Other,,3.16,43.58,,,,,,,,,,,,,,,,,,,,,
Baidoa,Somalia,"1,200,000",Balanced,City Wide,8.1,3.2,165%,33%,12.2,10.7,0,Other,,3.16,43.58,,,,,,,,,,,,,,,,,,,,,
Baidoa,Somalia,"1,200,000",Balanced,Best Area,11.3,3.8,145%,55%,15.1,10.2,0,Other,,3.16,43.58,,,,,,,,,,,,,,,,,,,,,
Baidoa,Somalia,"1,200,000",Destination,City Wide,2.7,3.5,165%,33%,7.0,10.7,0,Other,,3.16,43.58,,,,,,,,,,,,,,,,,,,,,
Baidoa,Somalia,"1,200,000",Destination,Best Area,6.2,5.5,145%,55%,11.7,10.2,0,Other,,3.16,43.58,,,,,,,,,,,,,,,,,,,,,
Yixing (Wuxi),China,"1,285,785",Infrastructure,City Wide,6.7,7.4,152%,64%,12.2,3.9,3,Other,Yes,31.35,119.82,,,,,,,,,,,,,,,,,,,,,
Yixing (Wuxi),China,"1,285,785",Infrastructure,Best Area,14.1,20.0,126%,93%,34.1,3.7,3,Other,Yes,31.35,119.82,,,,,,,,,,,,,,,,,,,,,
Yixing (Wuxi),China,"1,285,785",Balanced,City Wide,4.4,6.8,152%,64%,10.9,3.9,3,Other,Yes,31.35,119.82,,,,,,,,,,,,,,,,,,,,,
Yixing (Wuxi),China,"1,285,785",Balanced,Best Area,11.2,17.8,126%,93%,29.0,3.7,3,Other,Yes,31.35,119.82,,,,,,,,,,,,,,,,,,,,,
Yixing (Wuxi),China,"1,285,785",Destination,City Wide,2.8,7.6,152%,64%,9.8,3.9,3,Other,Yes,31.35,119.82,,,,,,,,,,,,,,,,,,,,,
Yixing (Wuxi),China,"1,285,785",Destination,Best Area,10.4,14.4,126%,93%,24.8,3.7,3,Other,Yes,31.35,119.82,,,,,,,,,,,,,,,,,,,,,
Wuhai,China,"556,621",Infrastructure,City Wide,8.5,5.4,118%,90%,14.2,2.0,0,Other,,39.49,106.90,,,,,,,,,,,,,,,,,,,,,
Wuhai,China,"556,621",Infrastructure,Best Area,13.9,0.3,130%,111%,14.2,2.0,0,Other,,39.49,106.90,,,,,,,,,,,,,,,,,,,,,
Wuhai,China,"556,621",Balanced,City Wide,7.2,3.5,118%,90%,12.9,2.0,0,Other,,39.49,106.90,,,,,,,,,,,,,,,,,,,,,
Wuhai,China,"556,621",Balanced,Best Area,10.7,2.2,130%,111%,12.9,2.0,0,Other,,39.49,106.90,,,,,,,,,,,,,,,,,,,,,
Wuhai,China,"556,621",Destination,City Wide,6.5,5.4,118%,90%,13.0,2.0,0,Other,,39.49,106.90,,,,,,,,,,,,,,,,,,,,,
Wuhai,China,"556,621",Destination,Best Area,11.9,1.1,130%,111%,13.0,2.0,0,Other,,39.49,106.90,,,,,,,,,,,,,,,,,,,,,
Ezhou,China,"1,100,000",Infrastructure,City Wide,6.1,7.3,136%,80%,13.7,2.5,0,Other,,30.39,114.89,,,,,,,,,,,,,,,,,,,,,
Ezhou,China,"1,100,000",Infrastructure,Best Area,13.4,1.7,131%,96%,15.1,3.6,0,Other,,30.39,114.89,,,,,,,,,,,,,,,,,,,,,
Ezhou,China,"1,100,000",Balanced,City Wide,4.5,5.7,136%,80%,10.8,2.5,0,Other,,30.39,114.89,,,,,,,,,,,,,,,,,,,,,
Ezhou,China,"1,100,000",Balanced,Best Area,10.2,3.5,131%,96%,13.7,3.6,0,Other,,30.39,114.89,,,,,,,,,,,,,,,,,,,,,
Ezhou,China,"1,100,000",Destination,City Wide,3.6,6.2,136%,80%,10.1,2.5,0,Other,,30.39,114.89,,,,,,,,,,,,,,,,,,,,,
Ezhou,China,"1,100,000",Destination,Best Area,9.8,2.5,131%,96%,12.3,3.6,0,Other,,30.39,114.89,,,,,,,,,,,,,,,,,,,,,
Juarez,Mexico,"1,512,450",Infrastructure,City Wide,5.3,5.4,123%,88%,10.7,1.5,0,NA,,17.70,-93.20,,,,,,,,,,,,,,,,,,,,,
Juarez,Mexico,"1,512,450",Infrastructure,Best Area,10.7,0.0,106%,93%,10.7,1.3,0,NA,,17.70,-93.20,,,,,,,,,,,,,,,,,,,,,
Juarez,Mexico,"1,512,450",Balanced,City Wide,4.3,5.8,123%,88%,10.1,1.5,0,NA,,17.70,-93.20,,,,,,,,,,,,,,,,,,,,,
Juarez,Mexico,"1,512,450",Balanced,Best Area,10.1,0.0,106%,93%,10.1,1.3,0,NA,,17.70,-93.20,,,,,,,,,,,,,,,,,,,,,
Juarez,Mexico,"1,512,450",Destination,City Wide,3.8,5.6,123%,88%,9.4,1.5,0,NA,,17.70,-93.20,,,,,,,,,,,,,,,,,,,,,
Juarez,Mexico,"1,512,450",Destination,Best Area,9.4,0.0,106%,93%,9.4,1.3,0,NA,,17.70,-93.20,,,,,,,,,,,,,,,,,,,,,
Changshu (Suzhou),China,"1,677,050",Infrastructure,City Wide,5.9,5.7,126%,81%,12.6,2.1,11,Other,Yes,31.66,120.75,,,,,,,,,,,,,,,,,,,,,
Changshu (Suzhou),China,"1,677,050",Infrastructure,Best Area,11.6,11.7,118%,99%,23.3,1.9,11,Other,Yes,31.66,120.75,,,,,,,,,,,,,,,,,,,,,
Changshu (Suzhou),China,"1,677,050",Balanced,City Wide,4.7,5.1,126%,81%,10.0,2.1,11,Other,Yes,31.66,120.75,,,,,,,,,,,,,,,,,,,,,
Changshu (Suzhou),China,"1,677,050",Balanced,Best Area,9.8,9.6,118%,99%,19.4,1.9,11,Other,Yes,31.66,120.75,,,,,,,,,,,,,,,,,,,,,
Changshu (Suzhou),China,"1,677,050",Destination,City Wide,3.8,5.9,126%,81%,10.2,2.1,11,Other,Yes,31.66,120.75,,,,,,,,,,,,,,,,,,,,,
Changshu (Suzhou),China,"1,677,050",Destination,Best Area,9.7,12.6,118%,99%,22.3,1.9,11,Other,Yes,31.66,120.75,,,,,,,,,,,,,,,,,,,,,
Wenling (Taizhou),China,"1,416,199",Infrastructure,City Wide,7.7,5.7,175%,39%,14.0,6.0,0,Other,Yes,28.38,121.38,,,,,,,,,,,,,,,,,,,,,
Wenling (Taizhou),China,"1,416,199",Infrastructure,Best Area,13.4,3.0,154%,59%,16.4,8.3,0,Other,Yes,28.38,121.38,,,,,,,,,,,,,,,,,,,,,
Wenling (Taizhou),China,"1,416,199",Balanced,City Wide,4.4,4.3,175%,39%,9.3,6.0,0,Other,Yes,28.38,121.38,,,,,,,,,,,,,,,,,,,,,
Wenling (Taizhou),China,"1,416,199",Balanced,Best Area,8.7,2.3,154%,59%,11.0,8.3,0,Other,Yes,28.38,121.38,,,,,,,,,,,,,,,,,,,,,
Wenling (Taizhou),China,"1,416,199",Destination,City Wide,1.7,3.4,175%,39%,6.1,6.0,0,Other,Yes,28.38,121.38,,,,,,,,,,,,,,,,,,,,,
Wenling (Taizhou),China,"1,416,199",Destination,Best Area,5.1,4.2,154%,59%,9.3,8.3,0,Other,Yes,28.38,121.38,,,,,,,,,,,,,,,,,,,,,
Wanzhou,China,"1,564,449",Infrastructure,City Wide,4.0,3.6,103%,103%,9.2,0.0,0,Other,,30.71,108.39,,,,,,,,,,,,,,,,,,,,,
Wanzhou,China,"1,564,449",Infrastructure,Best Area,7.6,1.6,121%,124%,9.2,-0.2,0,Other,,30.71,108.39,,,,,,,,,,,,,,,,,,,,,
Wanzhou,China,"1,564,449",Balanced,City Wide,3.9,2.4,103%,103%,6.3,0.0,0,Other,,30.71,108.39,,,,,,,,,,,,,,,,,,,,,
Wanzhou,China,"1,564,449",Balanced,Best Area,6.3,0.0,121%,124%,6.3,-0.2,0,Other,,30.71,108.39,,,,,,,,,,,,,,,,,,,,,
Wanzhou,China,"1,564,449",Destination,City Wide,4.0,3.8,103%,103%,8.2,0.0,0,Other,,30.71,108.39,,,,,,,,,,,,,,,,,,,,,
Wanzhou,China,"1,564,449",Destination,Best Area,7.8,0.4,121%,124%,8.2,-0.2,0,Other,,30.71,108.39,,,,,,,,,,,,,,,,,,,,,
Lansing,MI,"112,546",Infrastructure,City Wide,57.1,5.6,105%,94%,62.9,6.0,73,NA,,42.73,-84.55,,,,,,,,,,,,,,,,,,,,,
Lansing,MI,"112,546",Infrastructure,Best Area,62.7,1.1,105%,95%,63.8,6.2,73,NA,,42.73,-84.55,,,,,,,,,,,,,,,,,,,,,
Lansing,MI,"112,546",Balanced,City Wide,54.2,5.4,105%,94%,59.8,6.0,73,NA,,42.73,-84.55,,,,,,,,,,,,,,,,,,,,,
Lansing,MI,"112,546",Balanced,Best Area,59.6,0.7,105%,95%,60.3,6.2,73,NA,,42.73,-84.55,,,,,,,,,,,,,,,,,,,,,
Lansing,MI,"112,546",Destination,City Wide,51.1,5.4,105%,94%,56.6,6.0,73,NA,,42.73,-84.55,,,,,,,,,,,,,,,,,,,,,
Lansing,MI,"112,546",Destination,Best Area,56.5,0.2,105%,95%,56.7,6.2,73,NA,,42.73,-84.55,,,,,,,,,,,,,,,,,,,,,
Longueuil,QC,"254,483",Infrastructure,City Wide,75.1,6.5,98%,102%,81.9,-3.6,88,NA,,45.52,-73.46,,,,,,,,,,,,,,,,,,,,,
Longueuil,QC,"254,483",Infrastructure,Best Area,81.6,3.2,97%,103%,84.8,-4.8,88,NA,,45.52,-73.46,,,,,,,,,,,,,,,,,,,,,
Longueuil,QC,"254,483",Balanced,City Wide,76.9,7.1,98%,102%,84.2,-3.6,88,NA,,45.52,-73.46,,,,,,,,,,,,,,,,,,,,,
Longueuil,QC,"254,483",Balanced,Best Area,84.0,2.5,97%,103%,86.5,-4.8,88,NA,,45.52,-73.46,,,,,,,,,,,,,,,,,,,,,
Longueuil,QC,"254,483",Destination,City Wide,78.7,7.7,98%,102%,86.5,-3.6,88,NA,,45.52,-73.46,,,,,,,,,,,,,,,,,,,,,
Longueuil,QC,"254,483",Destination,Best Area,86.4,1.8,97%,103%,88.2,-4.8,88,NA,,45.52,-73.46,,,,,,,,,,,,,,,,,,,,,
Gatineau,QC,"291,041",Infrastructure,City Wide,55.7,16.6,98%,102%,72.8,-2.3,95,NA,,45.43,-75.71,,,,,,,,,,,,,,,,,,,,,
Gatineau,QC,"291,041",Infrastructure,Best Area,72.3,1.9,97%,103%,74.2,-4.9,95,NA,,45.43,-75.71,,,,,,,,,,,,,,,,,,,,,
Gatineau,QC,"291,041",Balanced,City Wide,56.9,17.9,98%,102%,75.3,-2.3,95,NA,,45.43,-75.71,,,,,,,,,,,,,,,,,,,,,
Gatineau,QC,"291,041",Balanced,Best Area,74.8,1.9,97%,103%,76.7,-4.9,95,NA,,45.43,-75.71,,,,,,,,,,,,,,,,,,,,,
Gatineau,QC,"291,041",Destination,City Wide,58.0,19.2,98%,102%,77.8,-2.3,95,NA,,45.43,-75.71,,,,,,,,,,,,,,,,,,,,,
Gatineau,QC,"291,041",Destination,Best Area,77.2,2.0,97%,103%,79.2,-4.9,95,NA,,45.43,-75.71,,,,,,,,,,,,,,,,,,,,,
Waterloo,ON,"121,436",Infrastructure,City Wide,66.0,2.4,101%,99%,68.5,1.2,86,NA,,43.47,-80.52,,,,,,,,,,,,,,,,,,,,,
Waterloo,ON,"121,436",Infrastructure,Best Area,68.4,0.6,101%,99%,69.0,1.4,86,NA,,43.47,-80.52,,,,,,,,,,,,,,,,,,,,,
Waterloo,ON,"121,436",Balanced,City Wide,65.4,2.3,101%,99%,67.9,1.2,86,NA,,43.47,-80.52,,,,,,,,,,,,,,,,,,,,,
Waterloo,ON,"121,436",Balanced,Best Area,67.7,0.4,101%,99%,68.1,1.4,86,NA,,43.47,-80.52,,,,,,,,,,,,,,,,,,,,,
Waterloo,ON,"121,436",Destination,City Wide,64.8,2.2,101%,99%,67.1,1.2,86,NA,,43.47,-80.52,,,,,,,,,,,,,,,,,,,,,
Waterloo,ON,"121,436",Destination,Best Area,67.0,0.5,101%,99%,67.5,1.4,86,NA,,43.47,-80.52,,,,,,,,,,,,,,,,,,,,,
Fredericton,NB,"63,116",Infrastructure,City Wide,46.6,9.9,104%,95%,56.6,4.2,66,NA,,45.95,-66.63,,,,,,,,,,,,,,,,,,,,,
Fredericton,NB,"63,116",Infrastructure,Best Area,56.5,2.4,106%,95%,58.9,6.1,66,NA,,45.95,-66.63,,,,,,,,,,,,,,,,,,,,,
Fredericton,NB,"63,116",Balanced,City Wide,44.7,8.4,104%,95%,53.2,4.2,66,NA,,45.95,-66.63,,,,,,,,,,,,,,,,,,,,,
Fredericton,NB,"63,116",Balanced,Best Area,53.1,0.4,106%,95%,53.5,6.1,66,NA,,45.95,-66.63,,,,,,,,,,,,,,,,,,,,,
Fredericton,NB,"63,116",Destination,City Wide,42.4,8.0,104%,95%,50.3,4.2,66,NA,,45.95,-66.63,,,,,,,,,,,,,,,,,,,,,
Fredericton,NB,"63,116",Destination,Best Area,50.4,0.7,106%,95%,51.1,6.1,66,NA,,45.95,-66.63,,,,,,,,,,,,,,,,,,,,,
Lebanon,NH,"14,282",Infrastructure,City Wide,30.8,17.1,102%,96%,53.3,2.0,34,NA,,43.64,-72.25,,,,,,,,,,,,,,,,,,,,,
Lebanon,NH,"14,282",Infrastructure,Best Area,47.9,8.8,110%,89%,56.7,9.3,73,NA,,43.64,-72.25,,,,,,,,,,,,,,,,,,,,,
Lebanon,NH,"14,282",Balanced,City Wide,30.1,13.3,102%,96%,47.7,2.0,34,NA,,43.64,-72.25,,,,,,,,,,,,,,,,,,,,,
Lebanon,NH,"14,282",Balanced,Best Area,43.4,6.3,110%,89%,49.7,9.3,73,NA,,43.64,-72.25,,,,,,,,,,,,,,,,,,,,,
Lebanon,NH,"14,282",Destination,City Wide,28.8,9.8,102%,96%,41.4,2.0,34,NA,,43.64,-72.25,,,,,,,,,,,,,,,,,,,,,
Lebanon,NH,"14,282",Destination,Best Area,38.6,3.2,110%,89%,41.8,9.3,73,NA,,43.64,-72.25,,,,,,,,,,,,,,,,,,,,,
Portsmouth,NH,"21,956",Infrastructure,City Wide,36.1,7.3,98%,102%,44.3,-1.5,51,NA,,43.08,-70.76,,,,,,,,,,,,,,,,,,,,,
Portsmouth,NH,"21,956",Infrastructure,Best Area,43.4,1.0,101%,100%,44.4,0.2,60,NA,,43.08,-70.76,,,,,,,,,,,,,,,,,,,,,
Portsmouth,NH,"21,956",Balanced,City Wide,36.8,6.2,98%,102%,43.3,-1.5,51,NA,,43.08,-70.76,,,,,,,,,,,,,,,,,,,,,
Portsmouth,NH,"21,956",Balanced,Best Area,43.0,1.3,101%,100%,44.3,0.2,60,NA,,43.08,-70.76,,,,,,,,,,,,,,,,,,,,,
Portsmouth,NH,"21,956",Destination,City Wide,37.6,5.6,98%,102%,43.1,-1.5,51,NA,,43.08,-70.76,,,,,,,,,,,,,,,,,,,,,
Portsmouth,NH,"21,956",Destination,Best Area,43.2,1.2,101%,100%,44.4,0.2,60,NA,,43.08,-70.76,,,,,,,,,,,,,,,,,,,,,
