{"type":"FeatureCollection","features":[{"type":"Feature","geometry":{"type":"Polygon","coordinates":[[[7.102942058841165,45.467396311246205],[7.138942778855551,45.48093691549829],[7.1821436428728305,45.484322066561305],[7.22534450689011,45.47078146230922],[7.26854537090739,45.51478842612852],[7.398147962959229,45.528329030380604],[7.470149402988028,45.579106296325904],[7.534950699013962,45.57572114526289],[7.563751275025481,45.59264690057799],[7.606952139042761,45.572335994199875],[7.635752715054281,45.572335994199875],[7.67895357907156,45.55202508782173],[7.7365547310946,45.55202508782173],[7.815756315126293,45.59264690057799],[7.8949578991579585,45.61295780695613],[7.938158763175238,45.64680931758633],[7.909358187163718,45.67050537502749],[7.909358187163718,45.700971734594674],[7.938158763175238,45.72466779203583],[7.8949578991579585,45.75174900054],[7.866157323146439,45.78221536010719],[7.866157323146439,45.91762140262804],[7.887757755155093,45.9751689706994],[7.909358187163718,45.99886502814056],[7.952559051180998,45.995479877077514],[7.995759915198278,46.00225017920357],[8.031760635212692,46.04287199195983],[8.024560491209797,46.08010865365307],[8.031760635212692,46.100419560031185],[8.110962219244357,46.110575013220256],[8.11816236324725,46.13088591959837],[8.154163083261636,46.144426523850456],[8.16136322726453,46.17489288341764],[8.139762795255876,46.22567014936297],[8.082161643232837,46.256136508930155],[8.125362507250117,46.2933731706234],[8.20456409128181,46.30352862381247],[8.226164523290436,46.33738013444267],[8.26216524330485,46.344150436568725],[8.312566251324995,46.378001947198925],[8.319766395327889,46.39831285357707],[8.29096581931637,46.40846830676611],[8.334166683333649,46.42877921314425],[8.362967259345169,46.45247527058538],[8.449368987379728,46.46263072377445],[8.463769275385488,46.45247527058538],[8.463769275385488,46.33060983231664],[8.427768555371074,46.29675832168641],[8.456569131382594,46.26290681105621],[8.442168843376834,46.25275135786714],[8.478169563391248,46.22905530042598],[8.535770715414287,46.21889984723694],[8.542970859417153,46.195203789795784],[8.61497229944598,46.1207304664093],[8.7157743154863,46.09703440896817],[8.708574171483406,46.07333835152701],[8.73017460349206,46.022561085581685],[8.586171723434461,45.91762140262804],[8.571771435428673,45.883769891997815],[8.593371867437327,45.85330353243063],[8.593371867437327,45.822837172863444],[8.550171003420047,45.788985662233216],[8.586171723434461,45.73820839628792],[8.607772155443087,45.72466779203583],[8.650973019460366,45.72128264097282],[8.6437728754575,45.6738905260905],[8.665373307466126,45.6738905260905],[8.68697373947478,45.64680931758633],[8.665373307466126,45.633268713334246],[8.70137402748054,45.60280235376706],[8.694173883477646,45.57572114526289],[8.722974459489166,45.50463297293945],[8.75897517950358,45.49786267081339],[8.7877757555151,45.477551764435276],[8.823776475529485,45.433544800616005],[8.845376907538139,45.39292298785975],[8.77337546750934,45.38276753467068],[8.75897517950358,45.355686326166506],[8.722974459489166,45.33537541978839],[8.7157743154863,45.30490906022118],[8.67257345146902,45.29136845596909],[8.65817316346326,45.32521996659932],[8.622172443448846,45.35230117510349],[8.528570571411393,45.34214572191442],[8.535770715414287,45.31844966447326],[8.506970139402767,45.311679362347235],[8.499769995399873,45.29136845596909],[8.535770715414287,45.27782785171701],[8.550171003420047,45.206739679393564],[8.542970859417153,45.16950301770035],[8.586171723434461,45.14919211132221],[8.607772155443087,45.12888120494409],[8.607772155443087,45.10518514750294],[8.636572731454606,45.08825939218784],[8.636572731454606,45.04425242836854],[8.665373307466126,45.02394152199042],[8.70137402748054,45.034096975179494],[8.74457489149782,45.02394152199042],[8.77337546750934,45.00701576667532],[8.838176763535245,45.051022730494594],[8.902978059561178,45.04425242836854],[8.902978059561178,45.00701576667532],[8.924578491569804,44.983319709234166],[8.960579211584218,44.98670486029718],[8.974979499589978,44.973164256045095],[8.967779355587084,44.94269789647791],[8.989379787595738,44.93254244328884],[9.003780075601497,44.90207608372165],[9.061381227624537,44.88176517734354],[9.054181083621643,44.85129881777635],[9.075781515630297,44.81406215608311],[9.162183243664856,44.807291853957054],[9.169383387667722,44.77005519226384],[9.212584251685001,44.75312943694871],[9.198183963679242,44.68542641568828],[9.205384107682136,44.61433824336484],[9.205384107682136,44.59741248804974],[9.133382667653336,44.573716430608584],[9.104582091641817,44.58725703486067],[9.104582091641817,44.61095309230183],[9.075781515630297,44.62449369655391],[9.046980939618777,44.617723394427884],[9.039780795615883,44.64141945186901],[9.010980219604363,44.668500660373184],[8.974979499589978,44.661730358247155],[8.960579211584218,44.67527096249924],[8.924578491569804,44.67527096249924],[8.910178203564044,44.64818975399507],[8.881377627552524,44.638034300806],[8.910178203564044,44.61433824336484],[8.910178203564044,44.58048673273464],[8.888577771555418,44.55340552423047],[8.823776475529485,44.5601758263565],[8.823776475529485,44.53647976891537],[8.794975899517965,44.522939164663285],[8.766175323506445,44.52970946678931],[8.722974459489166,44.58048673273464],[8.6437728754575,44.583871883797656],[8.60057201144022,44.566946128482556],[8.593371867437327,44.5263243157263],[8.557371147422913,44.50262825828514],[8.528570571411393,44.51278371147421],[8.492569851397008,44.5093985604112],[8.470969419388354,44.522939164663285],[8.449368987379728,44.495857956159114],[8.406168123362448,44.5093985604112],[8.391767835356688,44.47554704978097],[8.355767115342275,44.46877674765494],[8.348566971339409,44.48570250297004],[8.30536610732213,44.50262825828514],[8.269365387307715,44.506013409348185],[8.254965099301955,44.52970946678931],[8.21896437928757,44.5093985604112],[8.226164523290436,44.48570250297004],[8.197363947278916,44.478932200844014],[8.21896437928757,44.42476978383567],[8.20456409128181,44.40445887745753],[8.14696293925877,44.384147971079415],[8.14696293925877,44.34352615832316],[8.103762075241491,44.33337070513409],[8.103762075241491,44.29951919450389],[8.067761355227077,44.31305979875597],[8.060561211224211,44.289363741314816],[8.089361787235731,44.27582313706273],[8.067761355227077,44.25212707962157],[8.074961499229971,44.20473496473929],[8.096561931238597,44.19796466261323],[8.067761355227077,44.14380224560489],[8.017360347206932,44.157342849856974],[7.981359627192518,44.14380224560489],[8.010160203204038,44.12687649028979],[8.010160203204038,44.10318043284863],[7.974159483189652,44.10995073497469],[7.887757755155093,44.106565583911674],[7.758155163103254,44.140417094541874],[7.72215444308884,44.12687649028979],[7.729354587091734,44.08286952647052],[7.714954299085974,44.062558620092375],[7.714954299085974,44.089639828596546],[7.671753435068666,44.12010618816376],[7.67895357907156,44.140417094541874],[7.671753435068666,44.17765375623512],[7.635752715054281,44.17765375623512],[7.621352427048521,44.150572547730945],[7.570951419028347,44.15395769879396],[7.506150123002442,44.14380224560489],[7.455749114982268,44.12687649028979],[7.426948538970748,44.1302616413528],[7.354947098941949,44.11672103710072],[7.347746954939083,44.14380224560489],[7.261345226904524,44.14718739666793],[7.218144362887244,44.167498303046045],[7.189343786875725,44.19796466261323],[7.146142922858445,44.201349813676245],[7.0669413388267515,44.23520132430647],[7.030940618812366,44.2250458711174],[6.994939898797952,44.24874192855856],[6.994939898797952,44.279208288125744],[6.958939178783567,44.296134043440844],[6.958939178783567,44.31305979875597],[6.922938458769153,44.33337070513409],[6.922938458769153,44.35029646044919],[6.894137882757633,44.367222215764286],[6.894137882757633,44.42138463277263],[6.930138602772047,44.42476978383567],[6.908538170763393,44.46877674765494],[6.879737594751873,44.47554704978097],[6.850937018740353,44.5263243157263],[6.879737594751873,44.55340552423047],[6.915738314766287,44.556790675293485],[6.937338746774913,44.6041827901758],[6.9517390347806725,44.60756794123881],[6.944538890777807,44.651574905058084],[6.958939178783567,44.67527096249924],[6.994939898797952,44.69219671781434],[7.030940618812366,44.69219671781434],[7.074141482829646,44.678656113562255],[7.0669413388267515,44.712507624192455],[7.023740474809472,44.739588832696626],[7.023740474809472,44.77005519226384],[7.002140042800846,44.78698094757894],[7.016540330806606,44.810677005020096],[7.009340186803712,44.84114336458728],[6.937338746774913,44.861454270965396],[6.915738314766287,44.844528515650296],[6.8581371627432475,44.85129881777635],[6.778935578711554,44.90207608372165],[6.750135002700034,44.90546123478467],[6.764535290705794,44.95962365179301],[6.750135002700034,44.97654940710814],[6.750135002700034,45.00701576667532],[6.72853457069138,45.02055637092741],[6.670933418668341,45.02055637092741],[6.656533130662581,45.07133363687271],[6.627732554651061,45.10518514750294],[6.670933418668341,45.12549605388105],[6.678133562671235,45.139036658133136],[6.74293485869714,45.13565150707012],[6.764535290705794,45.15934756451128],[6.843736874737459,45.13565150707012],[6.894137882757633,45.13565150707012],[6.894137882757633,45.16611786663731],[6.944538890777807,45.16950301770035],[6.9517390347806725,45.18642877301545],[7.002140042800846,45.216895132582636],[7.045340906818126,45.22705058577171],[7.0669413388267515,45.21012483045661],[7.110142202844031,45.24397634108681],[7.131742634852685,45.28121300278005],[7.110142202844031,45.31506451341025],[7.131742634852685,45.34891602404048],[7.160543210864205,45.35907147722952],[7.160543210864205,45.38276753467068],[7.1821436428728305,45.39969328998578],[7.131742634852685,45.42677449848995],[7.102942058841165,45.467396311246205]]]},"properties":{"reg_name":"Piemonte","reg_istat_code_num":1,"reg_istat_code":"01","name":"Piemonte"}},{"type":"Feature","geometry":{"type":"Polygon","coordinates":[[[7.102942058841165,45.467396311246205],[7.045340906818126,45.47416661337226],[7.052541050820992,45.49786267081339],[7.002140042800846,45.50463297293945],[6.994939898797952,45.579106296325904],[6.980539610792192,45.58249144738892],[6.980539610792192,45.623113260145175],[7.002140042800846,45.6400390154603],[6.958939178783567,45.65357961971239],[6.930138602772047,45.64680931758633],[6.908538170763393,45.67727567715352],[6.872537450749007,45.68066082821656],[6.829336586731699,45.700971734594674],[6.807736154723074,45.744978698413945],[6.8005360107201795,45.78221536010719],[6.807736154723074,45.81945202180043],[6.843736874737459,45.84314807924156],[6.865337306746113,45.832992626052516],[6.894137882757633,45.84314807924156],[6.944538890777807,45.8465332303046],[6.9517390347806725,45.86007383455669],[7.002140042800846,45.87361443880877],[7.002140042800846,45.90069564731294],[7.038140762815232,45.92439170475407],[7.095741914838271,45.87699958987179],[7.110142202844031,45.856688683493644],[7.153343066861311,45.8803847409348],[7.1821436428728305,45.86007383455669],[7.22534450689011,45.89054019412387],[7.261345226904524,45.89054019412387],[7.28294565891315,45.91762140262804],[7.340546810936189,45.91423625156503],[7.376547530950603,45.8973104962499],[7.4341486829736425,45.91762140262804],[7.441348826976508,45.93116200688013],[7.498949978999548,45.961628366447314],[7.542150843016827,45.95485806432126],[7.542150843016827,45.98532442388847],[7.578151563031241,45.988709574951486],[7.585351707034107,45.971783819636386],[7.6645532910658005,45.9751689706994],[7.70775415508308,45.94808776219523],[7.866157323146439,45.91762140262804],[7.866157323146439,45.78221536010719],[7.8949578991579585,45.75174900054],[7.938158763175238,45.72466779203583],[7.909358187163718,45.700971734594674],[7.909358187163718,45.67050537502749],[7.938158763175238,45.64680931758633],[7.8949578991579585,45.61295780695613],[7.815756315126293,45.59264690057799],[7.7365547310946,45.55202508782173],[7.67895357907156,45.55202508782173],[7.635752715054281,45.572335994199875],[7.606952139042761,45.572335994199875],[7.563751275025481,45.59264690057799],[7.534950699013962,45.57572114526289],[7.470149402988028,45.579106296325904],[7.398147962959229,45.528329030380604],[7.26854537090739,45.51478842612852],[7.22534450689011,45.47078146230922],[7.1821436428728305,45.484322066561305],[7.138942778855551,45.48093691549829],[7.102942058841165,45.467396311246205]]]},"properties":{"reg_name":"Valle d'Aosta/Vallée d'Aoste","reg_istat_code_num":2,"reg_istat_code":"02","name":"Valle d'Aosta/Vallée d'Aoste"}},{"type":"Feature","geometry":{"type":"Polygon","coordinates":[[[10.45100902018038,46.53033374503488],[10.458209164183273,46.51002283865677],[10.487009740194793,46.49309708334164],[10.551811036220698,46.49309708334164],[10.602212044240872,46.46940102590051],[10.631012620252392,46.40169800464008],[10.609412188243738,46.378001947198925],[10.566211324226458,46.378001947198925],[10.523010460209179,46.344150436568725],[10.566211324226458,46.3272246812536],[10.580611612232218,46.29675832168641],[10.559011180223592,46.283217717434326],[10.587811756235112,46.24598105574111],[10.551811036220698,46.205359242984855],[10.544610892217833,46.18504833660671],[10.566211324226458,46.16812258129161],[10.544610892217833,46.13765622172443],[10.544610892217833,46.1038047110942],[10.479809596191899,46.05641259621191],[10.487009740194793,46.02594623664473],[10.458209164183273,46.0090204813296],[10.45100902018038,45.9751689706994],[10.487009740194793,45.971783819636386],[10.508610172203419,45.90408079837596],[10.487009740194793,45.88715504306086],[10.501410028200553,45.87022928774573],[10.501410028200553,45.82960747498947],[10.530210604212073,45.82622232392646],[10.537410748214938,45.7856005111702],[10.573411468229352,45.7856005111702],[10.609412188243738,45.805911417548344],[10.652613052261017,45.81268171967437],[10.652613052261017,45.832992626052516],[10.767815356307096,45.84314807924156],[10.839816796335896,45.832992626052516],[10.83261665233303,45.81268171967437],[10.78941578831575,45.77544505798113],[10.739014780295577,45.711127187783745],[10.631012620252392,45.60957265589309],[10.638212764255258,45.53509933250663],[10.638212764255258,45.47078146230922],[10.645412908258152,45.44370025380505],[10.667013340266777,45.42677449848995],[10.717414348286951,45.41661904530088],[10.717414348286951,45.39630813892276],[10.688613772275431,45.34214572191442],[10.717414348286951,45.33537541978839],[10.74621492429847,45.294753607032135],[10.782215644312856,45.31506451341025],[10.81821636432727,45.294753607032135],[10.84701694033879,45.25751694533889],[10.93341866837335,45.233820887897735],[10.93341866837335,45.21350998151962],[10.991019820396389,45.19658422620452],[10.998219964399254,45.15257726238522],[11.041420828416534,45.14580696025919],[11.027020540410774,45.12211090281804],[11.070221404428054,45.09841484537688],[11.142222844456853,45.12549605388105],[11.178223564471267,45.09841484537688],[11.199823996479921,45.061178183683666],[11.250225004500066,45.04425242836854],[11.27182543650872,45.017171219864395],[11.307826156523106,45.01378606880135],[11.34382687653752,44.98670486029718],[11.394227884557665,44.96977910498208],[11.43022860457208,44.94946819860397],[11.32942658853176,44.95962365179301],[11.142222844456853,44.93592759435188],[11.106222124442468,44.95962365179301],[11.063021260425188,44.95285334966698],[10.998219964399254,44.956238500729995],[10.940618812376215,44.922386990099795],[10.89021780435607,44.912231536910724],[10.87581751635031,44.922386990099795],[10.767815356307096,44.946083047540924],[10.74621492429847,44.96300880285605],[10.731814636292711,44.99347516242324],[10.659813196263912,44.96639395391907],[10.652613052261017,44.94946819860397],[10.602212044240872,44.91561668797374],[10.573411468229352,44.90884638584771],[10.515810316206313,44.91561668797374],[10.429408588171754,44.946083047540924],[10.415008300165994,44.983319709234166],[10.386207724154474,44.983319709234166],[10.36460729214582,44.96639395391907],[10.271005420108366,44.99686031348625],[10.256605132102607,45.02055637092741],[10.170203404068047,45.04425242836854],[10.091001820036382,45.02394152199042],[10.076601532030622,45.04425242836854],[10.026200524010449,45.067948485809694],[10.026200524010449,45.10179999643992],[9.990199803996063,45.13226635600711],[9.93979879597589,45.10518514750294],[9.92539850797013,45.13565150707012],[9.889397787955744,45.13226635600711],[9.874997499949984,45.111955449628965],[9.903798075961504,45.084874241124794],[9.874997499949984,45.07471878793575],[9.860597211944224,45.095029694313865],[9.831796635932704,45.095029694313865],[9.831796635932704,45.07133363687271],[9.774195483909665,45.09164454325085],[9.709394187883731,45.05779303262062],[9.666193323866452,45.08148909006178],[9.637392747854932,45.08148909006178],[9.637392747854932,45.12549605388105],[9.594191883837652,45.10179999643992],[9.536590731814613,45.111955449628965],[9.550991019820373,45.08825939218784],[9.529390587811747,45.078103938998765],[9.500590011800227,45.10518514750294],[9.435788715774294,45.095029694313865],[9.38538770775412,45.061178183683666],[9.363787275745494,45.000245464549266],[9.334986699733975,44.97993455817115],[9.31338626772532,44.93592759435188],[9.2845856917138,44.93592759435188],[9.277385547710935,44.89869093265864],[9.306186123722455,44.87499487521748],[9.32778655573108,44.878380026280496],[9.363787275745494,44.82083245820914],[9.320586411728215,44.783595796515925],[9.2845856917138,44.773440343326854],[9.2845856917138,44.756514588011754],[9.32778655573108,44.73620368163361],[9.29898597971956,44.68204126462527],[9.198183963679242,44.68542641568828],[9.212584251685001,44.75312943694871],[9.169383387667722,44.77005519226384],[9.162183243664856,44.807291853957054],[9.075781515630297,44.81406215608311],[9.054181083621643,44.85129881777635],[9.061381227624537,44.88176517734354],[9.003780075601497,44.90207608372165],[8.989379787595738,44.93254244328884],[8.967779355587084,44.94269789647791],[8.974979499589978,44.973164256045095],[8.960579211584218,44.98670486029718],[8.924578491569804,44.983319709234166],[8.902978059561178,45.00701576667532],[8.902978059561178,45.04425242836854],[8.838176763535245,45.051022730494594],[8.77337546750934,45.00701576667532],[8.74457489149782,45.02394152199042],[8.70137402748054,45.034096975179494],[8.665373307466126,45.02394152199042],[8.636572731454606,45.04425242836854],[8.636572731454606,45.08825939218784],[8.607772155443087,45.10518514750294],[8.607772155443087,45.12888120494409],[8.586171723434461,45.14919211132221],[8.542970859417153,45.16950301770035],[8.550171003420047,45.206739679393564],[8.535770715414287,45.27782785171701],[8.499769995399873,45.29136845596909],[8.506970139402767,45.311679362347235],[8.535770715414287,45.31844966447326],[8.528570571411393,45.34214572191442],[8.622172443448846,45.35230117510349],[8.65817316346326,45.32521996659932],[8.67257345146902,45.29136845596909],[8.7157743154863,45.30490906022118],[8.722974459489166,45.33537541978839],[8.75897517950358,45.355686326166506],[8.77337546750934,45.38276753467068],[8.845376907538139,45.39292298785975],[8.823776475529485,45.433544800616005],[8.7877757555151,45.477551764435276],[8.75897517950358,45.49786267081339],[8.722974459489166,45.50463297293945],[8.694173883477646,45.57572114526289],[8.70137402748054,45.60280235376706],[8.665373307466126,45.633268713334246],[8.68697373947478,45.64680931758633],[8.665373307466126,45.6738905260905],[8.6437728754575,45.6738905260905],[8.650973019460366,45.72128264097282],[8.607772155443087,45.72466779203583],[8.586171723434461,45.73820839628792],[8.550171003420047,45.788985662233216],[8.593371867437327,45.822837172863444],[8.593371867437327,45.85330353243063],[8.571771435428673,45.883769891997815],[8.586171723434461,45.91762140262804],[8.73017460349206,46.022561085581685],[8.708574171483406,46.07333835152701],[8.7157743154863,46.09703440896817],[8.751775035500685,46.10718986215721],[8.780575611512205,46.09364925790513],[8.823776475529485,46.09026410684211],[8.852577051541004,46.07672350259003],[8.845376907538139,46.04964229408586],[8.794975899517965,46.01240563239264],[8.874177483549659,45.9582432153843],[8.895777915558284,45.9582432153843],[8.895777915558284,45.92439170475407],[8.931778635572698,45.89054019412387],[8.931778635572698,45.839762928178544],[8.996579931598603,45.822837172863444],[9.025380507610123,45.822837172863444],[9.054181083621643,45.87361443880877],[9.090181803636057,45.8973104962499],[9.046980939618777,45.927776855817086],[9.018180363607257,45.927776855817086],[9.018180363607257,45.95147291325824],[8.989379787595738,45.971783819636386],[9.025380507610123,45.9920947260145],[9.010980219604363,46.022561085581685],[9.018180363607257,46.04964229408586],[9.075781515630297,46.06318289833794],[9.090181803636057,46.09026410684211],[9.082981659633163,46.1207304664093],[9.126182523650442,46.14104137278744],[9.162183243664856,46.17150773235463],[9.183783675673482,46.17150773235463],[9.198183963679242,46.20874439404787],[9.219784395687896,46.22905530042598],[9.248584971699415,46.232440451489026],[9.248584971699415,46.266291962119226],[9.2845856917138,46.29675832168641],[9.29898597971956,46.32045437912757],[9.29898597971956,46.35430588975777],[9.277385547710935,46.367846494009854],[9.277385547710935,46.41862375995518],[9.248584971699415,46.43216436420727],[9.277385547710935,46.49309708334164],[9.320586411728215,46.506637687593724],[9.363787275745494,46.506637687593724],[9.39978799575988,46.46940102590051],[9.457389147782948,46.506637687593724],[9.457389147782948,46.43554951527028],[9.471789435788708,46.388157400387996],[9.500590011800227,46.361076191883825],[9.514990299805987,46.3272246812536],[9.543790875817507,46.30352862381247],[9.615792315846306,46.28660286849734],[9.644592891857826,46.28660286849734],[9.673393467869346,46.30352862381247],[9.716594331886625,46.2933731706234],[9.723794475889491,46.344150436568725],[9.774195483909665,46.333994983379654],[9.846196923938464,46.36446134294684],[9.86779735594709,46.361076191883825],[9.903798075961504,46.38138709826194],[9.961399227984543,46.36446134294684],[9.997399947998929,46.34076528550568],[9.990199803996063,46.2933731706234],[10.033400668013343,46.2764474153083],[10.062201244024862,46.249366206804126],[10.047800956019103,46.232440451489026],[10.134202684053662,46.22567014936297],[10.177403548070941,46.256136508930155],[10.141402828056528,46.30352862381247],[10.105402108042142,46.333994983379654],[10.105402108042142,46.35430588975777],[10.127002540050768,46.378001947198925],[10.163003260065182,46.388157400387996],[10.163003260065182,46.41523860889217],[10.127002540050768,46.43216436420727],[10.076601532030622,46.422008911018196],[10.047800956019103,46.44231981739634],[10.040600812016208,46.482941630152595],[10.055001100021968,46.533718896097895],[10.098201964039248,46.577725859917194],[10.105402108042142,46.60819221948438],[10.134202684053662,46.60819221948438],[10.184603692073807,46.62511797479948],[10.213404268085327,46.61834767267345],[10.235004700093981,46.63527342798855],[10.256605132102607,46.61496252161041],[10.242204844096847,46.577725859917194],[10.285405708114126,46.57095555779114],[10.314206284125675,46.54725950034998],[10.371807436148714,46.55402980247604],[10.42220844416886,46.55064465141302],[10.45100902018038,46.53033374503488]]]},"properties":{"reg_name":"Lombardia","reg_istat_code_num":3,"reg_istat_code":"03","name":"Lombardia"}},{"type":"Feature","geometry":{"type":"Polygon","coordinates":[[[10.839816796335896,45.832992626052516],[10.767815356307096,45.84314807924156],[10.652613052261017,45.832992626052516],[10.652613052261017,45.81268171967437],[10.609412188243738,45.805911417548344],[10.573411468229352,45.7856005111702],[10.537410748214938,45.7856005111702],[10.530210604212073,45.82622232392646],[10.501410028200553,45.82960747498947],[10.501410028200553,45.87022928774573],[10.487009740194793,45.88715504306086],[10.508610172203419,45.90408079837596],[10.487009740194793,45.971783819636386],[10.45100902018038,45.9751689706994],[10.458209164183273,46.0090204813296],[10.487009740194793,46.02594623664473],[10.479809596191899,46.05641259621191],[10.544610892217833,46.1038047110942],[10.544610892217833,46.13765622172443],[10.566211324226458,46.16812258129161],[10.544610892217833,46.18504833660671],[10.551811036220698,46.205359242984855],[10.587811756235112,46.24598105574111],[10.559011180223592,46.283217717434326],[10.580611612232218,46.29675832168641],[10.566211324226458,46.3272246812536],[10.523010460209179,46.344150436568725],[10.566211324226458,46.378001947198925],[10.609412188243738,46.378001947198925],[10.631012620252392,46.40169800464008],[10.602212044240872,46.46940102590051],[10.551811036220698,46.49309708334164],[10.487009740194793,46.49309708334164],[10.458209164183273,46.51002283865677],[10.45100902018038,46.53033374503488],[10.472609452189033,46.543874349286966],[10.487009740194793,46.58111101098021],[10.487009740194793,46.611577370547394],[10.443808876177513,46.64204373011458],[10.400608012160234,46.63527342798855],[10.386207724154474,46.68605069393385],[10.415008300165994,46.70636160031199],[10.400608012160234,46.733442808816164],[10.443808876177513,46.75375371519428],[10.42220844416886,46.78760522582451],[10.458209164183273,46.81468643432868],[10.465409308186139,46.84853794495888],[10.487009740194793,46.85192309602189],[10.573411468229352,46.84176764283285],[10.595011900237978,46.85869339814795],[10.681413628272537,46.872234002400035],[10.695813916278297,46.85192309602189],[10.753415068301337,46.83499734070679],[10.76061521230423,46.81807158539169],[10.731814636292711,46.79776067901355],[10.76061521230423,46.78422007476149],[10.782215644312856,46.794375527950535],[10.811016220324376,46.77406462157242],[10.911818236364695,46.77406462157242],[11.019820396407908,46.767294319446364],[11.041420828416534,46.80453098113961],[11.084621692433814,46.82822703858076],[11.070221404428054,46.85869339814795],[11.099021980439574,46.88577460665212],[11.113422268445333,46.92978157047139],[11.163823276465507,46.93993702366046],[11.163823276465507,46.96363308110162],[11.207024140482787,46.96363308110162],[11.315026300526,46.99071428960576],[11.365427308546145,46.98732913854275],[11.40142802856056,46.96363308110162],[11.444628892577839,46.97717368535368],[11.451829036580705,46.994099440668805],[11.502230044600879,47.011025195983905],[11.538230764615264,46.98394398747973],[11.610232204644063,47.011025195983905],[11.660633212664237,46.994099440668805],[11.711034220684382,46.994099440668805],[11.732634652693037,46.97040338322765],[11.783035660713182,46.99071428960576],[11.833436668733356,46.994099440668805],[11.91263825276502,47.03133610236202],[12.071041420828408,47.05841731086619],[12.099841996839928,47.07872821724433],[12.150243004860073,47.07872821724433],[12.186243724874487,47.09226882149642],[12.229444588891766,47.08211336830735],[12.207844156883112,47.027950951299005],[12.150243004860073,47.02456580023599],[12.121442428848553,47.011025195983905],[12.135842716854313,46.95686277897556],[12.157443148862967,46.950092476849534],[12.157443148862967,46.90947066409328],[12.193443868877353,46.906085513030234],[12.215044300886007,46.87561915346305],[12.236644732894632,46.889159757715134],[12.272645452909046,46.88577460665212],[12.308646172923432,46.83499734070679],[12.287045740914806,46.81468643432868],[12.279845596911912,46.78760522582451],[12.359047180943605,46.77406462157242],[12.380647612952231,46.716517053501065],[12.474249484989684,46.67928039180782],[12.42384847696951,46.66235463649272],[12.387847756955125,46.621732823736465],[12.308646172923432,46.61834767267345],[12.243844876897526,46.62511797479948],[12.215044300886007,46.611577370547394],[12.179043580871593,46.621732823736465],[12.085441708834168,46.66912493861875],[12.071041420828408,46.63527342798855],[12.049440988819754,46.61834767267345],[12.049440988819754,46.58449616204322],[11.991839836796714,46.543874349286966],[11.91263825276502,46.533718896097895],[11.826236524730461,46.51002283865677],[11.811836236724702,46.47955647908955],[11.876637532750635,46.472786176963524],[11.891037820756395,46.44231981739634],[11.847836956739116,46.43554951527028],[11.833436668733356,46.39831285357707],[11.833436668733356,46.367846494009854],[11.775835516710316,46.361076191883825],[11.804636092721836,46.333994983379654],[11.833436668733356,46.3272246812536],[11.840636812736221,46.26967711318224],[11.92703854077078,46.249366206804126],[11.91263825276502,46.22905530042598],[11.963039260785195,46.18504833660671],[11.92703854077078,46.17489288341764],[11.919838396767915,46.14781167491347],[11.891037820756395,46.1207304664093],[11.819036380727596,46.1038047110942],[11.718234364687277,46.1038047110942],[11.682233644672863,46.09364925790513],[11.703834076681517,46.04287199195983],[11.675033500669997,46.02933138770774],[11.689433788675757,45.995479877077514],[11.675033500669997,45.96501351751033],[11.588631772635438,45.971783819636386],[11.581431628632544,46.00225017920357],[11.552631052621024,46.01240563239264],[11.509430188603744,46.01240563239264],[11.423028460569185,45.978554121762414],[11.37262745254904,45.98532442388847],[11.379827596551905,45.94131746006917],[11.34382687653752,45.90746594943897],[11.315026300526,45.92100655369106],[11.264625292505826,45.91762140262804],[11.221424428488547,45.832992626052516],[11.192623852477027,45.81606687073739],[11.178223564471267,45.788985662233216],[11.178223564471267,45.73143809416186],[11.142222844456853,45.71451233884676],[11.127822556451093,45.6908162814056],[11.091821836436708,45.694201432468645],[11.048620972419428,45.71451233884676],[10.940618812376215,45.6738905260905],[10.91901838036759,45.700971734594674],[10.84701694033879,45.7348232452249],[10.883017660353175,45.772059906918116],[10.87581751635031,45.8025262664853],[10.839816796335896,45.832992626052516]]]},"properties":{"reg_name":"Trentino-Alto Adige/Südtirol","reg_istat_code_num":4,"reg_istat_code":"04","name":"Trentino-Alto Adige/Südtirol"}},{"type":"Feature","geometry":{"type":"Polygon","coordinates":[[[12.474249484989684,46.67928039180782],[12.517450349006964,46.67928039180782],[12.560651213024244,46.655584334366665],[12.632652653053043,46.65219918330365],[12.690253805076082,46.655584334366665],[12.733454669093362,46.63527342798855],[12.675853517070323,46.58449616204322],[12.625452509050149,46.560800104602066],[12.618252365047283,46.526948593971866],[12.647052941058803,46.472786176963524],[12.611052221044389,46.46601587483747],[12.56785135702711,46.47617132802654],[12.49584991699831,46.43554951527028],[12.49584991699831,46.41185345782915],[12.46704934098679,46.39154255145101],[12.459849196983924,46.367846494009854],[12.40944818896375,46.33060983231664],[12.351847036940711,46.32045437912757],[12.351847036940711,46.2933731706234],[12.323046460929191,46.2764474153083],[12.323046460929191,46.25275135786714],[12.366247324946471,46.22905530042598],[12.445448908978165,46.20874439404787],[12.445448908978165,46.178278034480684],[12.49584991699831,46.15458197703953],[12.49584991699831,46.1207304664093],[12.46704934098679,46.09364925790513],[12.40944818896375,46.05979774727493],[12.402248044960885,46.03610168983377],[12.431048620972405,45.995479877077514],[12.42384847696951,45.94808776219523],[12.503050061001204,45.91762140262804],[12.560651213024244,45.8465332303046],[12.55345106902135,45.82960747498947],[12.632652653053043,45.82960747498947],[12.661453229064563,45.79237081329626],[12.697453949078948,45.805911417548344],[12.733454669093362,45.83637777711553],[12.783855677113507,45.85330353243063],[12.805456109122161,45.84314807924156],[12.87745754915096,45.849918381367615],[12.89185783715672,45.81945202180043],[12.94945898917976,45.822837172863444],[13.0070601412028,45.761904453729045],[12.999859997199934,45.74836384947696],[13.028660573211454,45.72466779203583],[13.06466129322584,45.68066082821656],[13.071861437228733,45.66034992183842],[13.100662013240253,45.64342416652332],[13.06466129322584,45.62988356227123],[12.971059421188414,45.62649841120822],[12.90625812516248,45.61295780695613],[12.855857117142307,45.58249144738892],[12.798255965119267,45.562180541010804],[12.755055101101988,45.53848448356965],[12.632652653053043,45.50124782187643],[12.52465049300983,45.460626009120176],[12.45264905298103,45.440315102742034],[12.42384847696951,45.42000419636392],[12.39504790095799,45.43015964955296],[12.373447468949365,45.41323389423786],[12.330246604932086,45.35907147722952],[12.330246604932086,45.33537541978839],[12.301446028920566,45.28121300278005],[12.301446028920566,45.19658422620452],[12.330246604932086,45.16950301770035],[12.323046460929191,45.12888120494409],[12.337446748934951,45.08825939218784],[12.373447468949365,45.05779303262062],[12.46704934098679,45.000245464549266],[12.517450349006964,44.98670486029718],[12.55345106902135,44.96639395391907],[12.51025020500407,44.92577214116281],[12.46704934098679,44.844528515650296],[12.416648332966645,44.82083245820914],[12.39504790095799,44.79375124970497],[12.351847036940711,44.817447307146125],[12.344646892937845,44.84791366671331],[12.301446028920566,44.85468396883937],[12.287045740914806,44.86822457309145],[12.294245884917672,44.93254244328884],[12.258245164903286,44.94269789647791],[12.222244444888872,44.92577214116281],[12.135842716854313,44.929157292225824],[12.114242284845687,44.95962365179301],[12.092641852837033,44.96977910498208],[11.9558391167823,44.98670486029718],[11.919838396767915,44.973164256045095],[11.826236524730461,44.973164256045095],[11.739834796695902,44.956238500729995],[11.732634652693037,44.92577214116281],[11.667833356667103,44.91561668797374],[11.624632492649823,44.88853547946957],[11.588631772635438,44.89192063053258],[11.588631772635438,44.912231536910724],[11.531030620612398,44.93592759435188],[11.459029180583599,44.93592759435188],[11.43022860457208,44.94946819860397],[11.394227884557665,44.96977910498208],[11.34382687653752,44.98670486029718],[11.307826156523106,45.01378606880135],[11.27182543650872,45.017171219864395],[11.250225004500066,45.04425242836854],[11.199823996479921,45.061178183683666],[11.178223564471267,45.09841484537688],[11.142222844456853,45.12549605388105],[11.070221404428054,45.09841484537688],[11.027020540410774,45.12211090281804],[11.041420828416534,45.14580696025919],[10.998219964399254,45.15257726238522],[10.991019820396389,45.19658422620452],[10.93341866837335,45.21350998151962],[10.93341866837335,45.233820887897735],[10.84701694033879,45.25751694533889],[10.81821636432727,45.294753607032135],[10.782215644312856,45.31506451341025],[10.74621492429847,45.294753607032135],[10.717414348286951,45.33537541978839],[10.688613772275431,45.34214572191442],[10.717414348286951,45.39630813892276],[10.717414348286951,45.41661904530088],[10.667013340266777,45.42677449848995],[10.645412908258152,45.44370025380505],[10.638212764255258,45.47078146230922],[10.638212764255258,45.53509933250663],[10.631012620252392,45.60957265589309],[10.739014780295577,45.711127187783745],[10.78941578831575,45.77544505798113],[10.83261665233303,45.81268171967437],[10.839816796335896,45.832992626052516],[10.87581751635031,45.8025262664853],[10.883017660353175,45.772059906918116],[10.84701694033879,45.7348232452249],[10.91901838036759,45.700971734594674],[10.940618812376215,45.6738905260905],[11.048620972419428,45.71451233884676],[11.091821836436708,45.694201432468645],[11.127822556451093,45.6908162814056],[11.142222844456853,45.71451233884676],[11.178223564471267,45.73143809416186],[11.178223564471267,45.788985662233216],[11.192623852477027,45.81606687073739],[11.221424428488547,45.832992626052516],[11.264625292505826,45.91762140262804],[11.315026300526,45.92100655369106],[11.34382687653752,45.90746594943897],[11.379827596551905,45.94131746006917],[11.37262745254904,45.98532442388847],[11.423028460569185,45.978554121762414],[11.509430188603744,46.01240563239264],[11.552631052621024,46.01240563239264],[11.581431628632544,46.00225017920357],[11.588631772635438,45.971783819636386],[11.675033500669997,45.96501351751033],[11.689433788675757,45.995479877077514],[11.675033500669997,46.02933138770774],[11.703834076681517,46.04287199195983],[11.682233644672863,46.09364925790513],[11.718234364687277,46.1038047110942],[11.819036380727596,46.1038047110942],[11.891037820756395,46.1207304664093],[11.919838396767915,46.14781167491347],[11.92703854077078,46.17489288341764],[11.963039260785195,46.18504833660671],[11.91263825276502,46.22905530042598],[11.92703854077078,46.249366206804126],[11.840636812736221,46.26967711318224],[11.833436668733356,46.3272246812536],[11.804636092721836,46.333994983379654],[11.775835516710316,46.361076191883825],[11.833436668733356,46.367846494009854],[11.833436668733356,46.39831285357707],[11.847836956739116,46.43554951527028],[11.891037820756395,46.44231981739634],[11.876637532750635,46.472786176963524],[11.811836236724702,46.47955647908955],[11.826236524730461,46.51002283865677],[11.91263825276502,46.533718896097895],[11.991839836796714,46.543874349286966],[12.049440988819754,46.58449616204322],[12.049440988819754,46.61834767267345],[12.071041420828408,46.63527342798855],[12.085441708834168,46.66912493861875],[12.179043580871593,46.621732823736465],[12.215044300886007,46.611577370547394],[12.243844876897526,46.62511797479948],[12.308646172923432,46.61834767267345],[12.387847756955125,46.621732823736465],[12.42384847696951,46.66235463649272],[12.474249484989684,46.67928039180782]]]},"properties":{"reg_name":"Veneto","reg_istat_code_num":5,"reg_istat_code":"05","name":"Veneto"}},{"type":"Feature","geometry":{"type":"Polygon","coordinates":[[[13.100662013240253,45.64342416652332],[13.071861437228733,45.66034992183842],[13.06466129322584,45.68066082821656],[13.028660573211454,45.72466779203583],[12.999859997199934,45.74836384947696],[13.0070601412028,45.761904453729045],[12.94945898917976,45.822837172863444],[12.89185783715672,45.81945202180043],[12.87745754915096,45.849918381367615],[12.805456109122161,45.84314807924156],[12.783855677113507,45.85330353243063],[12.733454669093362,45.83637777711553],[12.697453949078948,45.805911417548344],[12.661453229064563,45.79237081329626],[12.632652653053043,45.82960747498947],[12.55345106902135,45.82960747498947],[12.560651213024244,45.8465332303046],[12.503050061001204,45.91762140262804],[12.42384847696951,45.94808776219523],[12.431048620972405,45.995479877077514],[12.402248044960885,46.03610168983377],[12.40944818896375,46.05979774727493],[12.46704934098679,46.09364925790513],[12.49584991699831,46.1207304664093],[12.49584991699831,46.15458197703953],[12.445448908978165,46.178278034480684],[12.445448908978165,46.20874439404787],[12.366247324946471,46.22905530042598],[12.323046460929191,46.25275135786714],[12.323046460929191,46.2764474153083],[12.351847036940711,46.2933731706234],[12.351847036940711,46.32045437912757],[12.40944818896375,46.33060983231664],[12.459849196983924,46.367846494009854],[12.46704934098679,46.39154255145101],[12.49584991699831,46.41185345782915],[12.49584991699831,46.43554951527028],[12.56785135702711,46.47617132802654],[12.611052221044389,46.46601587483747],[12.647052941058803,46.472786176963524],[12.618252365047283,46.526948593971866],[12.625452509050149,46.560800104602066],[12.675853517070323,46.58449616204322],[12.733454669093362,46.63527342798855],[12.783855677113507,46.645428881177594],[12.819856397127921,46.628503125862494],[12.834256685133681,46.60819221948438],[12.935058701174,46.60819221948438],[13.043060861217214,46.594651615232294],[13.086261725234493,46.60142191735832],[13.165463309266158,46.58788131310624],[13.237464749294958,46.55402980247604],[13.287865757315132,46.560800104602066],[13.323866477329517,46.55402980247604],[13.37426748534969,46.577725859917194],[13.424668493369836,46.55741495353905],[13.496669933398636,46.56418525566511],[13.51827036540729,46.54725950034998],[13.54707094141881,46.55402980247604],[13.633472669453369,46.54048919822395],[13.691073821476408,46.52017829184581],[13.712674253485034,46.52017829184581],[13.698273965479274,46.455860421648424],[13.683873677473514,46.438934666333324],[13.647872957459128,46.44570496845935],[13.597471949438955,46.438934666333324],[13.575871517430329,46.40846830676611],[13.539870797415915,46.38477224932498],[13.467869357387116,46.361076191883825],[13.40306806136121,46.300143472749426],[13.395867917358316,46.25275135786714],[13.424668493369836,46.232440451489026],[13.482269645392876,46.22567014936297],[13.496669933398636,46.2155146961739],[13.54707094141881,46.212129545110884],[13.575871517430329,46.18504833660671],[13.633472669453369,46.19181863873277],[13.662273245464888,46.1816631855437],[13.655073101461994,46.14781167491347],[13.53267065341305,46.066568049400985],[13.496669933398636,46.05979774727493],[13.511070221404395,46.03271653877076],[13.47506950139001,46.005635330266585],[13.53267065341305,45.96501351751033],[13.568671373427435,45.96839866857334],[13.583071661433195,45.988709574951486],[13.640672813456234,45.98532442388847],[13.640672813456234,45.93793230900616],[13.611872237444715,45.90069564731294],[13.590271805436089,45.88715504306086],[13.575871517430329,45.85330353243063],[13.597471949438955,45.80929656861136],[13.626272525450474,45.79914111542229],[13.669473389467754,45.79914111542229],[13.734274685493688,45.75851930266603],[13.799075981519621,45.74159354735093],[13.835076701534007,45.70774203672073],[13.835076701534007,45.68743113034259],[13.87107742154842,45.6569647707754],[13.921478429568566,45.633268713334246],[13.87107742154842,45.60957265589309],[13.842276845536901,45.58249144738892],[13.777475549510967,45.58249144738892],[13.777475549510967,45.63665386439726],[13.755875117502342,45.68066082821656],[13.676673533470648,45.73820839628792],[13.626272525450474,45.7686747558551],[13.539870797415915,45.78221536010719],[13.51827036540729,45.74159354735093],[13.54707094141881,45.73143809416186],[13.424668493369836,45.67727567715352],[13.345466909338171,45.68066082821656],[13.295065901317997,45.70435688565769],[13.237464749294958,45.71451233884676],[13.187063741274812,45.711127187783745],[13.115062301246013,45.67050537502749],[13.100662013240253,45.64342416652332]]]},"properties":{"reg_name":"Friuli-Venezia Giulia","reg_istat_code_num":6,"reg_istat_code":"06","name":"Friuli-Venezia Giulia"}},{"type":"Feature","geometry":{"type":"Polygon","coordinates":[[[7.714954299085974,44.062558620092375],[7.729354587091734,44.08286952647052],[7.72215444308884,44.12687649028979],[7.758155163103254,44.140417094541874],[7.887757755155093,44.106565583911674],[7.974159483189652,44.10995073497469],[8.010160203204038,44.10318043284863],[8.010160203204038,44.12687649028979],[7.981359627192518,44.14380224560489],[8.017360347206932,44.157342849856974],[8.067761355227077,44.14380224560489],[8.096561931238597,44.19796466261323],[8.074961499229971,44.20473496473929],[8.067761355227077,44.25212707962157],[8.089361787235731,44.27582313706273],[8.060561211224211,44.289363741314816],[8.067761355227077,44.31305979875597],[8.103762075241491,44.29951919450389],[8.103762075241491,44.33337070513409],[8.14696293925877,44.34352615832316],[8.14696293925877,44.384147971079415],[8.20456409128181,44.40445887745753],[8.21896437928757,44.42476978383567],[8.197363947278916,44.478932200844014],[8.226164523290436,44.48570250297004],[8.21896437928757,44.5093985604112],[8.254965099301955,44.52970946678931],[8.269365387307715,44.506013409348185],[8.30536610732213,44.50262825828514],[8.348566971339409,44.48570250297004],[8.355767115342275,44.46877674765494],[8.391767835356688,44.47554704978097],[8.406168123362448,44.5093985604112],[8.449368987379728,44.495857956159114],[8.470969419388354,44.522939164663285],[8.492569851397008,44.5093985604112],[8.528570571411393,44.51278371147421],[8.557371147422913,44.50262825828514],[8.593371867437327,44.5263243157263],[8.60057201144022,44.566946128482556],[8.6437728754575,44.583871883797656],[8.722974459489166,44.58048673273464],[8.766175323506445,44.52970946678931],[8.794975899517965,44.522939164663285],[8.823776475529485,44.53647976891537],[8.823776475529485,44.5601758263565],[8.888577771555418,44.55340552423047],[8.910178203564044,44.58048673273464],[8.910178203564044,44.61433824336484],[8.881377627552524,44.638034300806],[8.910178203564044,44.64818975399507],[8.924578491569804,44.67527096249924],[8.960579211584218,44.67527096249924],[8.974979499589978,44.661730358247155],[9.010980219604363,44.668500660373184],[9.039780795615883,44.64141945186901],[9.046980939618777,44.617723394427884],[9.075781515630297,44.62449369655391],[9.104582091641817,44.61095309230183],[9.104582091641817,44.58725703486067],[9.133382667653336,44.573716430608584],[9.205384107682136,44.59741248804974],[9.205384107682136,44.61433824336484],[9.248584971699415,44.6211085454909],[9.255785115702281,44.59741248804974],[9.306186123722455,44.60756794123881],[9.334986699733975,44.58725703486067],[9.37098741974836,44.583871883797656],[9.406988139762774,44.59741248804974],[9.421388427768534,44.573716430608584],[9.471789435788708,44.566946128482556],[9.507790155803093,44.52970946678931],[9.493389867797333,44.48231735190703],[9.471789435788708,44.47216189871796],[9.442988859777188,44.43831038808776],[9.471789435788708,44.42476978383567],[9.550991019820373,44.428154934898686],[9.558191163823267,44.43831038808776],[9.608592171843412,44.428154934898686],[9.666193323866452,44.401073726394515],[9.687793755875106,44.367222215764286],[9.709394187883731,44.36383706470127],[9.730994619892385,44.32998555407107],[9.76699533990677,44.3029043455669],[9.83899677993557,44.272437985999716],[9.85339706794133,44.272437985999716],[9.86779735594709,44.184424058361145],[9.89659793195861,44.211505266865316],[9.92539850797013,44.19796466261323],[9.92539850797013,44.167498303046045],[9.975799515990303,44.167498303046045],[9.982999659993169,44.12687649028979],[10.026200524010449,44.12010618816376],[10.069401388027728,44.08625467753353],[10.019000380007583,44.045632864777275],[9.975799515990303,44.035477411588204],[9.874997499949984,44.08286952647052],[9.85339706794133,44.10995073497469],[9.82459649192981,44.10318043284863],[9.83899677993557,44.05240316690333],[9.78139562791253,44.072714073281446],[9.723794475889491,44.1133358860377],[9.658993179863586,44.14718739666793],[9.630192603852066,44.13703194347886],[9.608592171843412,44.17088345410906],[9.565391307826133,44.18103890729813],[9.565391307826133,44.19457951155022],[9.450189003780054,44.23858647536949],[9.392587851757014,44.28259343918876],[9.306186123722455,44.323215251945015],[9.234184683693655,44.34691130938617],[9.205384107682136,44.3029043455669],[9.162183243664856,44.31305979875597],[9.154983099661962,44.35029646044919],[9.140582811656202,44.36045191363826],[9.061381227624537,44.38076282001637],[8.953379067581324,44.39091827320544],[8.924578491569804,44.40445887745753],[8.881377627552524,44.401073726394515],[8.838176763535245,44.42476978383567],[8.77337546750934,44.42138463277263],[8.74457489149782,44.428154934898686],[8.636572731454606,44.38753312214243],[8.62937258745174,44.37399251789034],[8.528570571411393,44.32998555407107],[8.499769995399873,44.30967464769293],[8.449368987379728,44.289363741314816],[8.449368987379728,44.25212707962157],[8.413368267365314,44.22166072005439],[8.413368267365314,44.1911943604872],[8.398967979359554,44.18103890729813],[8.30536610732213,44.157342849856974],[8.269365387307715,44.140417094541874],[8.226164523290436,44.08625467753353],[8.226164523290436,44.04224771371426],[8.17576351527029,44.011781354147075],[8.16136322726453,43.99485559883195],[8.154163083261636,43.95423378607572],[8.13256265125301,43.92715257757155],[8.089361787235731,43.91361197331946],[8.060561211224211,43.88653076481529],[7.974159483189652,43.862834707374134],[7.952559051180998,43.845908952059034],[7.909358187163718,43.83575349886996],[7.866157323146439,43.83575349886996],[7.75095501910036,43.80867229036579],[7.7365547310946,43.795131686113706],[7.69335386707732,43.79851683717672],[7.67895357907156,43.778205930798606],[7.599751995039867,43.79174653505069],[7.5277505550110675,43.784976232924635],[7.506150123002442,43.845908952059034],[7.491749834996682,43.85606440524808],[7.513350267005308,43.88314561375225],[7.563751275025481,43.900071369067376],[7.556551131022587,43.916997124382476],[7.585351707034107,43.95423378607572],[7.657353147062906,43.97792984351685],[7.671753435068666,43.99824074989499],[7.6645532910658005,44.03209226052519],[7.69335386707732,44.038862562651246],[7.714954299085974,44.062558620092375]]]},"properties":{"reg_name":"Liguria","reg_istat_code_num":7,"reg_istat_code":"07","name":"Liguria"}},{"type":"Feature","geometry":{"type":"Polygon","coordinates":[[[11.43022860457208,44.94946819860397],[11.459029180583599,44.93592759435188],[11.531030620612398,44.93592759435188],[11.588631772635438,44.912231536910724],[11.588631772635438,44.89192063053258],[11.624632492649823,44.88853547946957],[11.667833356667103,44.91561668797374],[11.732634652693037,44.92577214116281],[11.739834796695902,44.956238500729995],[11.826236524730461,44.973164256045095],[11.919838396767915,44.973164256045095],[11.9558391167823,44.98670486029718],[12.092641852837033,44.96977910498208],[12.114242284845687,44.95962365179301],[12.135842716854313,44.929157292225824],[12.222244444888872,44.92577214116281],[12.258245164903286,44.94269789647791],[12.294245884917672,44.93254244328884],[12.287045740914806,44.86822457309145],[12.301446028920566,44.85468396883937],[12.344646892937845,44.84791366671331],[12.351847036940711,44.817447307146125],[12.308646172923432,44.84114336458728],[12.287045740914806,44.84114336458728],[12.258245164903286,44.81406215608311],[12.272645452909046,44.800521551831025],[12.243844876897526,44.74635913482268],[12.236644732894632,44.69219671781434],[12.251045020900392,44.67527096249924],[12.258245164903286,44.638034300806],[12.279845596911912,44.61433824336484],[12.279845596911912,44.50262825828514],[12.287045740914806,44.462006445528885],[12.323046460929191,44.38753312214243],[12.323046460929191,44.35706676257524],[12.344646892937845,44.323215251945015],[12.359047180943605,44.25889738174763],[12.387847756955125,44.21489041792833],[12.48144962899255,44.140417094541874],[12.51025020500407,44.10995073497469],[12.589451789035763,44.05917346902936],[12.668653373067428,43.99824074989499],[12.747854957099122,43.967774390327804],[12.726254525090468,43.923767426508505],[12.733454669093362,43.896686218004334],[12.726254525090468,43.85944955631112],[12.697453949078948,43.85944955631112],[12.661453229064563,43.828983196743906],[12.611052221044389,43.83236834780695],[12.603852077041523,43.862834707374134],[12.56785135702711,43.872990160563205],[12.53905078101559,43.862834707374134],[12.488649772995444,43.896686218004334],[12.49584991699831,43.923767426508505],[12.517450349006964,43.94069318182363],[12.49584991699831,43.98131499457986],[12.474249484989684,43.98131499457986],[12.43824876497527,43.95761893713873],[12.402248044960885,43.95423378607572],[12.40944818896375,43.90345652013039],[12.459849196983924,43.89330106694132],[12.45264905298103,43.872990160563205],[12.402248044960885,43.87637531162622],[12.387847756955125,43.845908952059034],[12.39504790095799,43.82221289461788],[12.351847036940711,43.80190198823976],[12.294245884917672,43.79851683717672],[12.279845596911912,43.76466532654652],[12.207844156883112,43.75789502442046],[12.193443868877353,43.734198966979335],[12.164643292865833,43.761280175483506],[12.143042860857207,43.751124722294435],[12.099841996839928,43.751124722294435],[11.991839836796714,43.761280175483506],[11.948638972779435,43.778205930798606],[11.948638972779435,43.79174653505069],[11.869437388747741,43.81544259249182],[11.833436668733356,43.812057441428806],[11.775835516710316,43.85267925418506],[11.711034220684382,43.87637531162622],[11.718234364687277,43.92038227544549],[11.682233644672863,43.933922879697576],[11.689433788675757,43.950848635012676],[11.646232924658477,43.98808529670592],[11.682233644672863,44.02193680733612],[11.711034220684382,44.06932892221843],[11.739834796695902,44.08625467753353],[11.747034940698796,44.12687649028979],[11.675033500669997,44.1133358860377],[11.653433068661343,44.10318043284863],[11.603032060641198,44.1302616413528],[11.617432348646958,44.157342849856974],[11.516630332606638,44.157342849856974],[11.480629612592224,44.184424058361145],[11.444628892577839,44.19796466261323],[11.451829036580705,44.22166072005439],[11.43022860457208,44.23520132430647],[11.394227884557665,44.22166072005439],[11.379827596551905,44.19796466261323],[11.34382687653752,44.20473496473929],[11.322226444528866,44.18103890729813],[11.279025580511586,44.15395769879396],[11.235824716494307,44.157342849856974],[11.192623852477027,44.14380224560489],[11.250225004500066,44.11672103710072],[11.199823996479921,44.09979528178562],[11.156623132462613,44.1133358860377],[11.127822556451093,44.10995073497469],[11.084621692433814,44.089639828596546],[11.027020540410774,44.0964101307226],[10.998219964399254,44.1133358860377],[10.969419388387735,44.10318043284863],[10.91901838036759,44.062558620092375],[10.90461809236183,44.08625467753353],[10.854217084341656,44.09979528178562],[10.83261665233303,44.11672103710072],[10.77501550030999,44.133646792415846],[10.74621492429847,44.157342849856974],[10.645412908258152,44.15395769879396],[10.623812476249498,44.12010618816376],[10.580611612232218,44.1302616413528],[10.523010460209179,44.157342849856974],[10.523010460209179,44.174268605172074],[10.487009740194793,44.19796466261323],[10.494209884197659,44.21827556899137],[10.465409308186139,44.23181617324346],[10.43660873217462,44.2250458711174],[10.36460729214582,44.272437985999716],[10.343006860137194,44.26905283493667],[10.299805996119915,44.2859785902518],[10.24940498809974,44.26905283493667],[10.220604412088221,44.3029043455669],[10.170203404068047,44.32998555407107],[10.148602972059422,44.3536816115122],[10.091001820036382,44.3536816115122],[9.990199803996063,44.401073726394515],[10.004600092001823,44.44169553915077],[9.968599371987409,44.46539159659193],[9.85339706794133,44.47216189871796],[9.817396347926945,44.46539159659193],[9.774195483909665,44.4146143306466],[9.752595051901011,44.40445887745753],[9.745394907898145,44.38076282001637],[9.716594331886625,44.384147971079415],[9.687793755875106,44.367222215764286],[9.666193323866452,44.401073726394515],[9.608592171843412,44.428154934898686],[9.558191163823267,44.43831038808776],[9.550991019820373,44.428154934898686],[9.471789435788708,44.42476978383567],[9.442988859777188,44.43831038808776],[9.471789435788708,44.47216189871796],[9.493389867797333,44.48231735190703],[9.507790155803093,44.52970946678931],[9.471789435788708,44.566946128482556],[9.421388427768534,44.573716430608584],[9.406988139762774,44.59741248804974],[9.37098741974836,44.583871883797656],[9.334986699733975,44.58725703486067],[9.306186123722455,44.60756794123881],[9.255785115702281,44.59741248804974],[9.248584971699415,44.6211085454909],[9.205384107682136,44.61433824336484],[9.198183963679242,44.68542641568828],[9.29898597971956,44.68204126462527],[9.32778655573108,44.73620368163361],[9.2845856917138,44.756514588011754],[9.2845856917138,44.773440343326854],[9.320586411728215,44.783595796515925],[9.363787275745494,44.82083245820914],[9.32778655573108,44.878380026280496],[9.306186123722455,44.87499487521748],[9.277385547710935,44.89869093265864],[9.2845856917138,44.93592759435188],[9.31338626772532,44.93592759435188],[9.334986699733975,44.97993455817115],[9.363787275745494,45.000245464549266],[9.38538770775412,45.061178183683666],[9.435788715774294,45.095029694313865],[9.500590011800227,45.10518514750294],[9.529390587811747,45.078103938998765],[9.550991019820373,45.08825939218784],[9.536590731814613,45.111955449628965],[9.594191883837652,45.10179999643992],[9.637392747854932,45.12549605388105],[9.637392747854932,45.08148909006178],[9.666193323866452,45.08148909006178],[9.709394187883731,45.05779303262062],[9.774195483909665,45.09164454325085],[9.831796635932704,45.07133363687271],[9.831796635932704,45.095029694313865],[9.860597211944224,45.095029694313865],[9.874997499949984,45.07471878793575],[9.903798075961504,45.084874241124794],[9.874997499949984,45.111955449628965],[9.889397787955744,45.13226635600711],[9.92539850797013,45.13565150707012],[9.93979879597589,45.10518514750294],[9.990199803996063,45.13226635600711],[10.026200524010449,45.10179999643992],[10.026200524010449,45.067948485809694],[10.076601532030622,45.04425242836854],[10.091001820036382,45.02394152199042],[10.170203404068047,45.04425242836854],[10.256605132102607,45.02055637092741],[10.271005420108366,44.99686031348625],[10.36460729214582,44.96639395391907],[10.386207724154474,44.983319709234166],[10.415008300165994,44.983319709234166],[10.429408588171754,44.946083047540924],[10.515810316206313,44.91561668797374],[10.573411468229352,44.90884638584771],[10.602212044240872,44.91561668797374],[10.652613052261017,44.94946819860397],[10.659813196263912,44.96639395391907],[10.731814636292711,44.99347516242324],[10.74621492429847,44.96300880285605],[10.767815356307096,44.946083047540924],[10.87581751635031,44.922386990099795],[10.89021780435607,44.912231536910724],[10.940618812376215,44.922386990099795],[10.998219964399254,44.956238500729995],[11.063021260425188,44.95285334966698],[11.106222124442468,44.95962365179301],[11.142222844456853,44.93592759435188],[11.32942658853176,44.95962365179301],[11.43022860457208,44.94946819860397]]]},"properties":{"reg_name":"Emilia-Romagna","reg_istat_code_num":8,"reg_istat_code":"08","name":"Emilia-Romagna"}},{"type":"Feature","geometry":{"type":"MultiPolygon","coordinates":[[[[10.314206284125675,42.752505158703144],[10.285405708114126,42.735579403388044],[10.235004700093981,42.74912000764013],[10.235004700093981,42.725423950199],[10.199003980079567,42.735579403388044],[10.141402828056528,42.73219425232503],[10.105402108042142,42.7592754608292],[10.105402108042142,42.78974182039639],[10.141402828056528,42.80666757571149],[10.206204124082461,42.80666757571149],[10.242204844096847,42.78635666933337],[10.27820556411126,42.81682302890056],[10.357407148142954,42.81682302890056],[10.39340786815734,42.84390423740473],[10.400608012160234,42.867600294845886],[10.443808876177513,42.850674539530786],[10.429408588171754,42.82697848208963],[10.429408588171754,42.78974182039639],[10.4078081561631,42.762660611892215],[10.43660873217462,42.72203879913596],[10.39340786815734,42.711883345946916],[10.37900758015158,42.718653648072944],[10.35020700414006,42.762660611892215],[10.314206284125675,42.752505158703144]]],[[[10.019000380007583,44.045632864777275],[10.069401388027728,44.08625467753353],[10.026200524010449,44.12010618816376],[9.982999659993169,44.12687649028979],[9.975799515990303,44.167498303046045],[9.92539850797013,44.167498303046045],[9.92539850797013,44.19796466261323],[9.89659793195861,44.211505266865316],[9.86779735594709,44.184424058361145],[9.85339706794133,44.272437985999716],[9.83899677993557,44.272437985999716],[9.76699533990677,44.3029043455669],[9.730994619892385,44.32998555407107],[9.709394187883731,44.36383706470127],[9.687793755875106,44.367222215764286],[9.716594331886625,44.384147971079415],[9.745394907898145,44.38076282001637],[9.752595051901011,44.40445887745753],[9.774195483909665,44.4146143306466],[9.817396347926945,44.46539159659193],[9.85339706794133,44.47216189871796],[9.968599371987409,44.46539159659193],[10.004600092001823,44.44169553915077],[9.990199803996063,44.401073726394515],[10.091001820036382,44.3536816115122],[10.148602972059422,44.3536816115122],[10.170203404068047,44.32998555407107],[10.220604412088221,44.3029043455669],[10.24940498809974,44.26905283493667],[10.299805996119915,44.2859785902518],[10.343006860137194,44.26905283493667],[10.36460729214582,44.272437985999716],[10.43660873217462,44.2250458711174],[10.465409308186139,44.23181617324346],[10.494209884197659,44.21827556899137],[10.487009740194793,44.19796466261323],[10.523010460209179,44.174268605172074],[10.523010460209179,44.157342849856974],[10.580611612232218,44.1302616413528],[10.623812476249498,44.12010618816376],[10.645412908258152,44.15395769879396],[10.74621492429847,44.157342849856974],[10.77501550030999,44.133646792415846],[10.83261665233303,44.11672103710072],[10.854217084341656,44.09979528178562],[10.90461809236183,44.08625467753353],[10.91901838036759,44.062558620092375],[10.969419388387735,44.10318043284863],[10.998219964399254,44.1133358860377],[11.027020540410774,44.0964101307226],[11.084621692433814,44.089639828596546],[11.127822556451093,44.10995073497469],[11.156623132462613,44.1133358860377],[11.199823996479921,44.09979528178562],[11.250225004500066,44.11672103710072],[11.192623852477027,44.14380224560489],[11.235824716494307,44.157342849856974],[11.279025580511586,44.15395769879396],[11.322226444528866,44.18103890729813],[11.34382687653752,44.20473496473929],[11.379827596551905,44.19796466261323],[11.394227884557665,44.22166072005439],[11.43022860457208,44.23520132430647],[11.451829036580705,44.22166072005439],[11.444628892577839,44.19796466261323],[11.480629612592224,44.184424058361145],[11.516630332606638,44.157342849856974],[11.617432348646958,44.157342849856974],[11.603032060641198,44.1302616413528],[11.653433068661343,44.10318043284863],[11.675033500669997,44.1133358860377],[11.747034940698796,44.12687649028979],[11.739834796695902,44.08625467753353],[11.711034220684382,44.06932892221843],[11.682233644672863,44.02193680733612],[11.646232924658477,43.98808529670592],[11.689433788675757,43.950848635012676],[11.682233644672863,43.933922879697576],[11.718234364687277,43.92038227544549],[11.711034220684382,43.87637531162622],[11.775835516710316,43.85267925418506],[11.833436668733356,43.812057441428806],[11.869437388747741,43.81544259249182],[11.948638972779435,43.79174653505069],[11.948638972779435,43.778205930798606],[11.991839836796714,43.761280175483506],[12.099841996839928,43.751124722294435],[12.143042860857207,43.751124722294435],[12.164643292865833,43.761280175483506],[12.193443868877353,43.734198966979335],[12.207844156883112,43.75789502442046],[12.279845596911912,43.76466532654652],[12.330246604932086,43.751124722294435],[12.344646892937845,43.71050290953818],[12.222244444888872,43.64957019040378],[12.186243724874487,43.64279988827775],[12.215044300886007,43.612333528710565],[12.164643292865833,43.56494141382825],[12.157443148862967,43.53108990319805],[12.099841996839928,43.53108990319805],[12.107042140842793,43.49723839256782],[12.143042860857207,43.47015718406365],[12.107042140842793,43.46338688193762],[12.099841996839928,43.44646112662252],[12.027840556811128,43.42276506918137],[12.027840556811128,43.40245416280325],[12.071041420828408,43.39229870961418],[12.071041420828408,43.368602652173024],[12.121442428848553,43.36521750111001],[12.135842716854313,43.34490659473187],[12.135842716854313,43.29412932878657],[12.179043580871593,43.28058872453448],[12.193443868877353,43.31444023516468],[12.222244444888872,43.29751447984958],[12.171843436868727,43.273818422408425],[12.150243004860073,43.25350751603031],[12.121442428848553,43.25350751603031],[12.092641852837033,43.23658176071521],[12.049440988819754,43.25350751603031],[12.020640412808234,43.18241934370687],[11.98463969279382,43.179034192643826],[11.92703854077078,43.151952984139655],[11.91263825276502,43.124871775635484],[11.92703854077078,43.07070935862717],[11.97023940478806,43.06393905650111],[11.9558391167823,42.95561422248443],[11.934238684773675,42.92514786291724],[11.934238684773675,42.901451805476086],[11.9558391167823,42.89468150335006],[11.9558391167823,42.8709854459089],[11.92703854077078,42.8709854459089],[11.89823796475926,42.83374878421566],[11.847836956739116,42.8371339352787],[11.775835516710316,42.82020817996357],[11.747034940698796,42.78974182039639],[11.775835516710316,42.7592754608292],[11.819036380727596,42.7423497055141],[11.804636092721836,42.711883345946916],[11.783035660713182,42.70849819488387],[11.783035660713182,42.67126153319066],[11.804636092721836,42.64418032468649],[11.754235084701662,42.63741002256043],[11.747034940698796,42.61709911618232],[11.682233644672863,42.596788209804174],[11.682233644672863,42.579862454489074],[11.581431628632544,42.56632185023699],[11.581431628632544,42.54262579279583],[11.559831196623918,42.51554458429166],[11.617432348646958,42.48846337578749],[11.617432348646958,42.43768610984219],[11.523830476609504,42.43430095877915],[11.487829756595119,42.43768610984219],[11.451829036580705,42.376753390707805],[11.315026300526,42.407219750274976],[11.27182543650872,42.42076035452706],[11.207024140482787,42.407219750274976],[11.214224284485681,42.38690884389686],[11.192623852477027,42.36321278645572],[11.149422988459747,42.36998308858176],[11.099021980439574,42.39367914602292],[11.091821836436708,42.43091580771613],[11.106222124442468,42.44784156303123],[11.163823276465507,42.43430095877915],[11.192623852477027,42.48169307366146],[11.192623852477027,42.5189297353547],[11.156623132462613,42.562936699173974],[11.120622412448228,42.55955154811096],[11.091821836436708,42.62048426724533],[11.055821116422294,42.64418032468649],[11.019820396407908,42.65433577787553],[10.969419388387735,42.728809101262016],[10.926218524370455,42.74912000764013],[10.83261665233303,42.76943091401827],[10.782215644312856,42.7762012161443],[10.731814636292711,42.80328242464847],[10.76061521230423,42.81005272677453],[10.77501550030999,42.83036363315264],[10.767815356307096,42.8709854459089],[10.78941578831575,42.887911201224],[10.77501550030999,42.91160725866516],[10.74621492429847,42.92853301398026],[10.674213484269671,42.952229071421414],[10.595011900237978,42.95561422248443],[10.559011180223592,42.952229071421414],[10.537410748214938,42.918377560791214],[10.487009740194793,42.952229071421414],[10.487009740194793,42.979310279925585],[10.515810316206313,42.99285088417767],[10.537410748214938,43.06732420756413],[10.537410748214938,43.20273025008498],[10.523010460209179,43.25350751603031],[10.494209884197659,43.300899630912596],[10.458209164183273,43.32121053729074],[10.443808876177513,43.37198780323604],[10.37900758015158,43.44646112662252],[10.328606572131434,43.473542335126695],[10.314206284125675,43.52093445000898],[10.29260585211702,43.54124535638712],[10.299805996119915,43.56155626276524],[10.285405708114126,43.60894837764755],[10.285405708114126,43.64279988827775],[10.271005420108366,43.673266247844936],[10.27820556411126,43.751124722294435],[10.2638052761055,43.80867229036579],[10.242204844096847,43.84929410312205],[10.242204844096847,43.86960500950016],[10.199003980079567,43.92715257757155],[10.134202684053662,43.984700145642904],[10.062201244024862,44.028707109462175],[10.019000380007583,44.045632864777275]]]]},"properties":{"reg_name":"Toscana","reg_istat_code_num":9,"reg_istat_code":"09","name":"Toscana"}},{"type":"Feature","geometry":{"type":"Polygon","coordinates":[[[11.89823796475926,42.83374878421566],[11.92703854077078,42.8709854459089],[11.9558391167823,42.8709854459089],[11.9558391167823,42.89468150335006],[11.934238684773675,42.901451805476086],[11.934238684773675,42.92514786291724],[11.9558391167823,42.95561422248443],[11.97023940478806,43.06393905650111],[11.92703854077078,43.07070935862717],[11.91263825276502,43.124871775635484],[11.92703854077078,43.151952984139655],[11.98463969279382,43.179034192643826],[12.020640412808234,43.18241934370687],[12.049440988819754,43.25350751603031],[12.092641852837033,43.23658176071521],[12.121442428848553,43.25350751603031],[12.150243004860073,43.25350751603031],[12.171843436868727,43.273818422408425],[12.222244444888872,43.29751447984958],[12.193443868877353,43.31444023516468],[12.179043580871593,43.28058872453448],[12.135842716854313,43.29412932878657],[12.135842716854313,43.34490659473187],[12.121442428848553,43.36521750111001],[12.071041420828408,43.368602652173024],[12.071041420828408,43.39229870961418],[12.027840556811128,43.40245416280325],[12.027840556811128,43.42276506918137],[12.099841996839928,43.44646112662252],[12.107042140842793,43.46338688193762],[12.143042860857207,43.47015718406365],[12.107042140842793,43.49723839256782],[12.099841996839928,43.53108990319805],[12.157443148862967,43.53108990319805],[12.164643292865833,43.56494141382825],[12.215044300886007,43.612333528710565],[12.229444588891766,43.59202262233242],[12.265445308906152,43.58863747126941],[12.359047180943605,43.61571867977358],[12.373447468949365,43.58525232020639],[12.344646892937845,43.55478596063921],[12.315846316926326,43.54463050745014],[12.337446748934951,43.52093445000898],[12.366247324946471,43.534475054261065],[12.402248044960885,43.524319601071994],[12.42384847696951,43.53786020532408],[12.459849196983924,43.517549298945966],[12.48144962899255,43.52770475213504],[12.52465049300983,43.50400869469388],[12.531850637012724,43.48708293937878],[12.575051501030003,43.44984627768554],[12.625452509050149,43.42276506918137],[12.661453229064563,43.43630567343345],[12.711854237084708,43.42615022024438],[12.711854237084708,43.44646112662252],[12.733454669093362,43.46338688193762],[12.769455389107748,43.46000173087461],[12.762255245104882,43.42615022024438],[12.776655533110642,43.40245416280325],[12.747854957099122,43.378758105362095],[12.791055821116402,43.33813629260584],[12.805456109122161,43.30766993303865],[12.791055821116402,43.28735902666051],[12.827056541130787,43.267048120282396],[12.827056541130787,43.23319660965217],[12.870257405148067,43.18580449476988],[12.855857117142307,43.1553381352027],[12.827056541130787,43.145182682013626],[12.855857117142307,43.124871775635484],[12.884657693153855,43.12148662457247],[12.89185783715672,43.0774796607532],[12.89185783715672,42.9996211863037],[12.90625812516248,42.989465733114656],[12.899057981159615,42.962384524610485],[12.971059421188414,42.92853301398026],[12.971059421188414,42.89129635228704],[13.057461149222974,42.91499240972817],[13.0790615812316,42.89806665441307],[13.115062301246013,42.887911201224],[13.151063021260399,42.83374878421566],[13.251865037300718,42.84390423740473],[13.266265325306478,42.80666757571149],[13.244664893297852,42.7762012161443],[13.194263885277678,42.7592754608292],[13.187063741274812,42.73219425232503],[13.187063741274812,42.70511304382086],[13.172663453269053,42.6644912310646],[13.143862877257533,42.6475654757495],[13.06466129322584,42.623869418308345],[13.014260285205694,42.6306397204344],[12.999859997199934,42.613713965119274],[12.96385927718552,42.62048426724533],[12.87745754915096,42.61032881405626],[12.89185783715672,42.562936699173974],[12.863057261145201,42.55955154811096],[12.819856397127921,42.5358554906698],[12.769455389107748,42.53247033960679],[12.747854957099122,42.512159433228646],[12.711854237084708,42.502003980039575],[12.726254525090468,42.46138216728332],[12.654253085061669,42.441071260905204],[12.618252365047283,42.468152469409375],[12.618252365047283,42.41737520346405],[12.560651213024244,42.38013854177082],[12.517450349006964,42.36659793751873],[12.503050061001204,42.40383459921196],[12.459849196983924,42.40383459921196],[12.45264905298103,42.424145505590104],[12.416648332966645,42.42076035452706],[12.40944818896375,42.49861882897656],[12.359047180943605,42.474922771535404],[12.301446028920566,42.50538913110262],[12.272645452909046,42.50877428216563],[12.272645452909046,42.55955154811096],[12.236644732894632,42.5697070013],[12.243844876897526,42.62725456937136],[12.229444588891766,42.64418032468649],[12.164643292865833,42.67803183531669],[12.128642572851447,42.65095062681252],[12.114242284845687,42.65772092893857],[12.035040700813994,42.6475654757495],[11.991839836796714,42.67126153319066],[11.948638972779435,42.6814169863797],[11.92703854077078,42.70511304382086],[11.97023940478806,42.735579403388044],[11.98463969279382,42.75589030976619],[11.94143882877654,42.7762012161443],[11.89823796475926,42.83374878421566]]]},"properties":{"reg_name":"Umbria","reg_istat_code_num":10,"reg_istat_code":"10","name":"Umbria"}},{"type":"Feature","geometry":{"type":"Polygon","coordinates":[[[12.215044300886007,43.612333528710565],[12.186243724874487,43.64279988827775],[12.222244444888872,43.64957019040378],[12.344646892937845,43.71050290953818],[12.330246604932086,43.751124722294435],[12.279845596911912,43.76466532654652],[12.294245884917672,43.79851683717672],[12.351847036940711,43.80190198823976],[12.39504790095799,43.82221289461788],[12.387847756955125,43.845908952059034],[12.402248044960885,43.87637531162622],[12.45264905298103,43.872990160563205],[12.459849196983924,43.89330106694132],[12.488649772995444,43.896686218004334],[12.53905078101559,43.862834707374134],[12.56785135702711,43.872990160563205],[12.603852077041523,43.862834707374134],[12.611052221044389,43.83236834780695],[12.661453229064563,43.828983196743906],[12.697453949078948,43.85944955631112],[12.726254525090468,43.85944955631112],[12.733454669093362,43.896686218004334],[12.726254525090468,43.923767426508505],[12.747854957099122,43.967774390327804],[12.798255965119267,43.96438923926476],[12.927858557171135,43.91022682225642],[12.956659133182654,43.88314561375225],[12.999859997199934,43.85606440524808],[13.03586071721432,43.84252380099599],[13.165463309266158,43.751124722294435],[13.295065901317997,43.673266247844936],[13.38866777335545,43.639414737214736],[13.453469069381356,43.60894837764755],[13.48946978939577,43.60894837764755],[13.51827036540729,43.622488981899636],[13.568671373427435,43.58863747126941],[13.568671373427435,43.57171171595431],[13.626272525450474,43.551400809576165],[13.626272525450474,43.49385324150481],[13.683873677473514,43.39906901174021],[13.712674253485034,43.33136599047978],[13.734274685493688,43.30766993303865],[13.835076701534007,43.107946020320384],[13.849476989539767,43.091020265005284],[13.849476989539767,43.05378360331204],[13.878277565551286,42.96915482673651],[13.9142782855657,42.89468150335006],[13.835076701534007,42.88114089909797],[13.770275405508102,42.857444841656815],[13.705474109482168,42.850674539530786],[13.698273965479274,42.823593331026615],[13.633472669453369,42.80328242464847],[13.626272525450474,42.81682302890056],[13.575871517430329,42.79989727358546],[13.53267065341305,42.796512122522444],[13.50387007740153,42.7762012161443],[13.50387007740153,42.745734856577116],[13.48946978939577,42.73219425232503],[13.453469069381356,42.735579403388044],[13.43186863737273,42.70511304382086],[13.38866777335545,42.68818728850576],[13.359867197343931,42.69495759063179],[13.309466189323757,42.728809101262016],[13.266265325306478,42.73896455445109],[13.259065181303612,42.72203879913596],[13.187063741274812,42.73219425232503],[13.194263885277678,42.7592754608292],[13.244664893297852,42.7762012161443],[13.266265325306478,42.80666757571149],[13.251865037300718,42.84390423740473],[13.151063021260399,42.83374878421566],[13.115062301246013,42.887911201224],[13.0790615812316,42.89806665441307],[13.057461149222974,42.91499240972817],[12.971059421188414,42.89129635228704],[12.971059421188414,42.92853301398026],[12.899057981159615,42.962384524610485],[12.90625812516248,42.989465733114656],[12.89185783715672,42.9996211863037],[12.89185783715672,43.0774796607532],[12.884657693153855,43.12148662457247],[12.855857117142307,43.124871775635484],[12.827056541130787,43.145182682013626],[12.855857117142307,43.1553381352027],[12.870257405148067,43.18580449476988],[12.827056541130787,43.23319660965217],[12.827056541130787,43.267048120282396],[12.791055821116402,43.28735902666051],[12.805456109122161,43.30766993303865],[12.791055821116402,43.33813629260584],[12.747854957099122,43.378758105362095],[12.776655533110642,43.40245416280325],[12.762255245104882,43.42615022024438],[12.769455389107748,43.46000173087461],[12.733454669093362,43.46338688193762],[12.711854237084708,43.44646112662252],[12.711854237084708,43.42615022024438],[12.661453229064563,43.43630567343345],[12.625452509050149,43.42276506918137],[12.575051501030003,43.44984627768554],[12.531850637012724,43.48708293937878],[12.52465049300983,43.50400869469388],[12.48144962899255,43.52770475213504],[12.459849196983924,43.517549298945966],[12.42384847696951,43.53786020532408],[12.402248044960885,43.524319601071994],[12.366247324946471,43.534475054261065],[12.337446748934951,43.52093445000898],[12.315846316926326,43.54463050745014],[12.344646892937845,43.55478596063921],[12.373447468949365,43.58525232020639],[12.359047180943605,43.61571867977358],[12.265445308906152,43.58863747126941],[12.229444588891766,43.59202262233242],[12.215044300886007,43.612333528710565]]]},"properties":{"reg_name":"Marche","reg_istat_code_num":11,"reg_istat_code":"11","name":"Marche"}},{"type":"Feature","geometry":{"type":"Polygon","coordinates":[[[13.187063741274812,42.73219425232503],[13.259065181303612,42.72203879913596],[13.266265325306478,42.73896455445109],[13.309466189323757,42.728809101262016],[13.359867197343931,42.69495759063179],[13.345466909338171,42.67464668425367],[13.367067341346797,42.65433577787553],[13.410268205364076,42.64418032468649],[13.381467629352557,42.579862454489074],[13.323866477329517,42.579862454489074],[13.194263885277678,42.5866327566151],[13.172663453269053,42.5697070013],[13.158263165263293,42.52231488641772],[13.179863597271918,42.50877428216563],[13.172663453269053,42.474922771535404],[13.115062301246013,42.44445641196822],[13.194263885277678,42.39029399495989],[13.151063021260399,42.356442484329676],[13.172663453269053,42.34967218220363],[13.230264605292092,42.31243552051039],[13.237464749294958,42.271813707754134],[13.273465469309372,42.254887952439034],[13.287865757315132,42.23119189499788],[13.316666333326651,42.23119189499788],[13.352667053341037,42.190570082241635],[13.302266045320891,42.13979281629631],[13.244664893297852,42.12625221204422],[13.194263885277678,42.15671857161142],[13.165463309266158,42.15671857161142],[13.122262445248879,42.17702947798955],[13.086261725234493,42.17702947798955],[13.086261725234493,42.143177967359335],[13.03586071721432,42.11948190991818],[13.02146042920856,42.09240070141401],[13.028660573211454,42.04500858653171],[13.057461149222974,42.01454222696452],[13.0790615812316,42.00777192483848],[13.107862157243119,42.024697680153594],[13.151063021260399,42.01115707590151],[13.165463309266158,41.99761647164942],[13.215864317286332,41.98746101846035],[13.244664893297852,41.97053526314525],[13.323866477329517,41.946839205704094],[13.338266765335277,41.926528299325966],[13.367067341346797,41.92314314826295],[13.381467629352557,41.89606193975878],[13.359867197343931,41.872365882317624],[13.367067341346797,41.83174406956138],[13.38866777335545,41.818203465309296],[13.410268205364076,41.838514371687424],[13.467869357387116,41.808048012120224],[13.511070221404395,41.79789255893117],[13.539870797415915,41.76404104830095],[13.575871517430329,41.75388559511188],[13.640672813456234,41.791122256805124],[13.662273245464888,41.81143316318325],[13.691073821476408,41.791122256805124],[13.727074541490794,41.787737105742096],[13.748674973499448,41.760655897237925],[13.784675693513861,41.743730141922825],[13.921478429568566,41.72003408448167],[13.94307886157722,41.68956772491448],[13.979079581591606,41.66587166747334],[14.007880157603125,41.60832409940197],[14.00068001360026,41.56770228664571],[14.022280445608885,41.56093198451967],[14.02948058961178,41.52369532282644],[13.979079581591606,41.50338441644831],[13.993479869597365,41.483073510070184],[13.979079581591606,41.462762603692056],[13.95747914958298,41.462762603692056],[13.907078141562806,41.42891109306184],[13.863877277545527,41.418755639872785],[13.88547770955418,41.38151897817954],[13.87107742154842,41.3747486760535],[13.87107742154842,41.33412686329726],[13.892677853557046,41.31720110798214],[13.892677853557046,41.296890201604015],[13.827876557531141,41.279964446288915],[13.835076701534007,41.252883237784744],[13.813476269525381,41.24272778459567],[13.770275405508102,41.24272778459567],[13.763075261505207,41.222416878217544],[13.712674253485034,41.252883237784744],[13.683873677473514,41.24272778459567],[13.647872957459128,41.259653539910786],[13.619072381447609,41.259653539910786],[13.568671373427435,41.23595748246963],[13.54707094141881,41.20887627396546],[13.482269645392876,41.23934263353266],[13.467869357387116,41.23595748246963],[13.410268205364076,41.26980899309984],[13.309466189323757,41.296890201604015],[13.266265325306478,41.296890201604015],[13.259065181303612,41.28334959735193],[13.172663453269053,41.276579295225886],[13.115062301246013,41.249498086721715],[13.093461869237359,41.22580202928057],[13.043060861217214,41.22580202928057],[13.0070601412028,41.307045654793086],[12.96385927718552,41.35105261861236],[12.927858557171135,41.37813382711653],[12.87745754915096,41.4052150356207],[12.841456829136547,41.41537048880976],[12.776655533110642,41.418755639872785],[12.762255245104882,41.41198533774674],[12.690253805076082,41.452607150503],[12.618252365047283,41.45599230156601],[12.531850637012724,41.557546833456655],[12.503050061001204,41.57785773983478],[12.43824876497527,41.64217561003218],[12.373447468949365,41.68618257385147],[12.287045740914806,41.72680438660771],[12.229444588891766,41.743730141922825],[12.222244444888872,41.787737105742096],[12.193443868877353,41.855440127002524],[12.143042860857207,41.91637284613691],[12.042240844816888,41.96037980995618],[12.020640412808234,41.98407586739734],[11.97023940478806,42.00100162271244],[11.97023940478806,42.01115707590151],[11.919838396767915,42.03823828440568],[11.891037820756395,42.04162343546869],[11.833436668733356,42.02808283121661],[11.804636092721836,42.07886009716192],[11.732634652693037,42.15671857161142],[11.739834796695902,42.17364432692652],[11.718234364687277,42.190570082241635],[11.703834076681517,42.22780674393486],[11.653433068661343,42.281969160943206],[11.581431628632544,42.32597612476248],[11.516630332606638,42.356442484329676],[11.451829036580705,42.376753390707805],[11.487829756595119,42.43768610984219],[11.523830476609504,42.43430095877915],[11.617432348646958,42.43768610984219],[11.617432348646958,42.48846337578749],[11.559831196623918,42.51554458429166],[11.581431628632544,42.54262579279583],[11.581431628632544,42.56632185023699],[11.682233644672863,42.579862454489074],[11.682233644672863,42.596788209804174],[11.747034940698796,42.61709911618232],[11.754235084701662,42.63741002256043],[11.804636092721836,42.64418032468649],[11.783035660713182,42.67126153319066],[11.783035660713182,42.70849819488387],[11.804636092721836,42.711883345946916],[11.819036380727596,42.7423497055141],[11.775835516710316,42.7592754608292],[11.747034940698796,42.78974182039639],[11.775835516710316,42.82020817996357],[11.847836956739116,42.8371339352787],[11.89823796475926,42.83374878421566],[11.94143882877654,42.7762012161443],[11.98463969279382,42.75589030976619],[11.97023940478806,42.735579403388044],[11.92703854077078,42.70511304382086],[11.948638972779435,42.6814169863797],[11.991839836796714,42.67126153319066],[12.035040700813994,42.6475654757495],[12.114242284845687,42.65772092893857],[12.128642572851447,42.65095062681252],[12.164643292865833,42.67803183531669],[12.229444588891766,42.64418032468649],[12.243844876897526,42.62725456937136],[12.236644732894632,42.5697070013],[12.272645452909046,42.55955154811096],[12.272645452909046,42.50877428216563],[12.301446028920566,42.50538913110262],[12.359047180943605,42.474922771535404],[12.40944818896375,42.49861882897656],[12.416648332966645,42.42076035452706],[12.45264905298103,42.424145505590104],[12.459849196983924,42.40383459921196],[12.503050061001204,42.40383459921196],[12.517450349006964,42.36659793751873],[12.560651213024244,42.38013854177082],[12.618252365047283,42.41737520346405],[12.618252365047283,42.468152469409375],[12.654253085061669,42.441071260905204],[12.726254525090468,42.46138216728332],[12.711854237084708,42.502003980039575],[12.747854957099122,42.512159433228646],[12.769455389107748,42.53247033960679],[12.819856397127921,42.5358554906698],[12.863057261145201,42.55955154811096],[12.89185783715672,42.562936699173974],[12.87745754915096,42.61032881405626],[12.96385927718552,42.62048426724533],[12.999859997199934,42.613713965119274],[13.014260285205694,42.6306397204344],[13.06466129322584,42.623869418308345],[13.143862877257533,42.6475654757495],[13.172663453269053,42.6644912310646],[13.187063741274812,42.70511304382086],[13.187063741274812,42.73219425232503]]]},"properties":{"reg_name":"Lazio","reg_istat_code_num":12,"reg_istat_code":"12","name":"Lazio"}},{"type":"Feature","geometry":{"type":"Polygon","coordinates":[[[13.359867197343931,42.69495759063179],[13.38866777335545,42.68818728850576],[13.43186863737273,42.70511304382086],[13.453469069381356,42.735579403388044],[13.48946978939577,42.73219425232503],[13.50387007740153,42.745734856577116],[13.50387007740153,42.7762012161443],[13.53267065341305,42.796512122522444],[13.575871517430329,42.79989727358546],[13.626272525450474,42.81682302890056],[13.633472669453369,42.80328242464847],[13.698273965479274,42.823593331026615],[13.705474109482168,42.850674539530786],[13.770275405508102,42.857444841656815],[13.835076701534007,42.88114089909797],[13.9142782855657,42.89468150335006],[13.94307886157722,42.81343787783754],[14.00068001360026,42.69834274169483],[14.058281165623299,42.62725456937136],[14.079881597631925,42.59340305874116],[14.173483469669378,42.502003980039575],[14.238284765695283,42.45461186515729],[14.360687213744256,42.38352369283385],[14.396687933758642,42.36998308858176],[14.439888797775922,42.31243552051039],[14.483089661793201,42.28873946306925],[14.497489949798961,42.26165825456508],[14.547890957819135,42.23119189499788],[14.605492109842174,42.20411068649372],[14.720694413888253,42.17025917586351],[14.720694413888253,42.09917100354005],[14.778295565911293,42.068704643972865],[14.763895277905533,42.04162343546869],[14.778295565911293,42.024697680153594],[14.720694413888253,42.00100162271244],[14.699093981879628,41.97053526314525],[14.663093261865214,41.94345405464108],[14.655893117862348,41.90621739294784],[14.612692253845069,41.88929163763274],[14.59829196583928,41.84866982487648],[14.533490669813375,41.791122256805124],[14.461489229784576,41.76404104830095],[14.447088941778816,41.835129220624395],[14.396687933758642,41.86898073125461],[14.346286925738497,41.86898073125461],[14.317486349726977,41.89267678869575],[14.274285485709697,41.909602544010866],[14.267085341706803,41.89606193975878],[14.223884477689523,41.87575103338065],[14.216684333686658,41.855440127002524],[14.159083181663618,41.838514371687424],[14.173483469669378,41.77419650149001],[14.195083901678004,41.74711529298584],[14.137482749654964,41.743730141922825],[14.108682173643444,41.713263782355625],[14.087081741634819,41.740344990859796],[14.051081021620405,41.72003408448167],[14.051081021620405,41.70310832916657],[13.94307886157722,41.68956772491448],[13.921478429568566,41.72003408448167],[13.784675693513861,41.743730141922825],[13.748674973499448,41.760655897237925],[13.727074541490794,41.787737105742096],[13.691073821476408,41.791122256805124],[13.662273245464888,41.81143316318325],[13.640672813456234,41.791122256805124],[13.575871517430329,41.75388559511188],[13.539870797415915,41.76404104830095],[13.511070221404395,41.79789255893117],[13.467869357387116,41.808048012120224],[13.410268205364076,41.838514371687424],[13.38866777335545,41.818203465309296],[13.367067341346797,41.83174406956138],[13.359867197343931,41.872365882317624],[13.381467629352557,41.89606193975878],[13.367067341346797,41.92314314826295],[13.338266765335277,41.926528299325966],[13.323866477329517,41.946839205704094],[13.244664893297852,41.97053526314525],[13.215864317286332,41.98746101846035],[13.165463309266158,41.99761647164942],[13.151063021260399,42.01115707590151],[13.107862157243119,42.024697680153594],[13.0790615812316,42.00777192483848],[13.057461149222974,42.01454222696452],[13.028660573211454,42.04500858653171],[13.02146042920856,42.09240070141401],[13.03586071721432,42.11948190991818],[13.086261725234493,42.143177967359335],[13.086261725234493,42.17702947798955],[13.122262445248879,42.17702947798955],[13.165463309266158,42.15671857161142],[13.194263885277678,42.15671857161142],[13.244664893297852,42.12625221204422],[13.302266045320891,42.13979281629631],[13.352667053341037,42.190570082241635],[13.316666333326651,42.23119189499788],[13.287865757315132,42.23119189499788],[13.273465469309372,42.254887952439034],[13.237464749294958,42.271813707754134],[13.230264605292092,42.31243552051039],[13.172663453269053,42.34967218220363],[13.151063021260399,42.356442484329676],[13.194263885277678,42.39029399495989],[13.115062301246013,42.44445641196822],[13.172663453269053,42.474922771535404],[13.179863597271918,42.50877428216563],[13.158263165263293,42.52231488641772],[13.172663453269053,42.5697070013],[13.194263885277678,42.5866327566151],[13.323866477329517,42.579862454489074],[13.381467629352557,42.579862454489074],[13.410268205364076,42.64418032468649],[13.367067341346797,42.65433577787553],[13.345466909338171,42.67464668425367],[13.359867197343931,42.69495759063179]]]},"properties":{"reg_name":"Abruzzo","reg_istat_code_num":13,"reg_istat_code":"13","name":"Abruzzo"}},{"type":"Feature","geometry":{"type":"Polygon","coordinates":[[[13.979079581591606,41.462762603692056],[13.993479869597365,41.483073510070184],[13.979079581591606,41.50338441644831],[14.02948058961178,41.52369532282644],[14.022280445608885,41.56093198451967],[14.00068001360026,41.56770228664571],[14.007880157603125,41.60832409940197],[13.979079581591606,41.66587166747334],[13.94307886157722,41.68956772491448],[14.051081021620405,41.70310832916657],[14.051081021620405,41.72003408448167],[14.087081741634819,41.740344990859796],[14.108682173643444,41.713263782355625],[14.137482749654964,41.743730141922825],[14.195083901678004,41.74711529298584],[14.173483469669378,41.77419650149001],[14.159083181663618,41.838514371687424],[14.216684333686658,41.855440127002524],[14.223884477689523,41.87575103338065],[14.267085341706803,41.89606193975878],[14.274285485709697,41.909602544010866],[14.317486349726977,41.89267678869575],[14.346286925738497,41.86898073125461],[14.396687933758642,41.86898073125461],[14.447088941778816,41.835129220624395],[14.461489229784576,41.76404104830095],[14.533490669813375,41.791122256805124],[14.59829196583928,41.84866982487648],[14.612692253845069,41.88929163763274],[14.655893117862348,41.90621739294784],[14.663093261865214,41.94345405464108],[14.699093981879628,41.97053526314525],[14.720694413888253,42.00100162271244],[14.778295565911293,42.024697680153594],[14.763895277905533,42.04162343546869],[14.778295565911293,42.068704643972865],[14.835896717934332,42.04162343546869],[14.907898157963132,42.01792737802755],[14.994299885997691,42.004386773775465],[15.059101182023625,41.96037980995618],[15.073501470029385,41.94345405464108],[15.13830276605529,41.926528299325966],[15.13830276605529,41.87913618444367],[15.102302046040904,41.84866982487648],[15.116702334046664,41.818203465309296],[15.116702334046664,41.787737105742096],[15.09510190203801,41.76742619936397],[15.116702334046664,41.7234192355447],[15.15270305406105,41.70649348022958],[15.05190103802073,41.6591013653473],[15.02310046200921,41.621864703654055],[14.958299165983306,41.64217561003218],[14.936698733974652,41.62524985471708],[14.951099021980411,41.59478349514988],[14.936698733974652,41.55077653133061],[14.936698733974652,41.52369532282644],[14.965499309986171,41.52031017176341],[15.008700174003451,41.48645866113321],[14.943898877977546,41.45599230156601],[14.879097581951612,41.44245169731393],[14.843096861937227,41.42552594199883],[14.792695853917053,41.452607150503],[14.771095421908427,41.445836848376956],[14.763895277905533,41.41537048880976],[14.720694413888253,41.40182988455767],[14.684693693873868,41.41198533774674],[14.634292685853694,41.391674431368614],[14.605492109842174,41.36459322286444],[14.56949138982776,41.391674431368614],[14.555091101822,41.37813382711653],[14.511890237804721,41.38151897817954],[14.483089661793201,41.39505958243163],[14.483089661793201,41.41537048880976],[14.411088221764402,41.44245169731393],[14.324686493729843,41.452607150503],[14.274285485709697,41.48645866113321],[14.238284765695283,41.49661411432227],[14.166283325666484,41.49661411432227],[14.151883037660724,41.483073510070184],[14.123082461649204,41.50676956751134],[14.079881597631925,41.445836848376956],[14.108682173643444,41.41537048880976],[14.101482029640579,41.40182988455767],[14.036680733614645,41.39505958243163],[14.007880157603125,41.42552594199883],[14.007880157603125,41.452607150503],[13.979079581591606,41.462762603692056]]]},"properties":{"reg_name":"Molise","reg_istat_code_num":14,"reg_istat_code":"14","name":"Molise"}},{"type":"Feature","geometry":{"type":"Polygon","coordinates":[[[15.008700174003451,41.48645866113321],[15.030300606012105,41.452607150503],[15.073501470029385,41.43229624412487],[15.087901758035144,41.39844473349466],[15.059101182023625,41.3578229207384],[15.08070161403225,41.327356561171214],[15.131102622052424,41.31720110798214],[15.13830276605529,41.28673474841496],[15.19590391807833,41.28334959735193],[15.239104782095609,41.27319414416287],[15.282305646112889,41.24272778459567],[15.246304926098503,41.23595748246963],[15.260705214104263,41.1987208207764],[15.224704494089849,41.185180216524316],[15.21030420608409,41.14794355483109],[15.239104782095609,41.141173252705045],[15.260705214104263,41.110706893137845],[15.296705934118648,41.093781137822745],[15.311106222124408,41.10055143994879],[15.368707374147448,41.0870108356967],[15.404708094161862,41.10732174207483],[15.447908958179141,41.07685538250763],[15.476709534190661,41.07685538250763],[15.541510830216595,41.0565444761295],[15.570311406228114,40.998996908058146],[15.570311406228114,40.96853054849096],[15.541510830216595,40.944834491049804],[15.527110542210835,40.907597829356575],[15.433508670173381,40.880516620852404],[15.375907518150342,40.88728692297845],[15.368707374147448,40.812813599591976],[15.383107662153208,40.79250269321385],[15.383107662153208,40.721414520890406],[15.483909678193555,40.674022406008106],[15.498309966199315,40.65371149962998],[15.455109102182007,40.62324514006279],[15.469509390187795,40.59277878049559],[15.512710254205075,40.58600847836955],[15.541510830216595,40.54200151455028],[15.54871097421946,40.51153515498308],[15.5343106862137,40.49799455073099],[15.6063121262425,40.433676680533594],[15.63511270225402,40.42352122734454],[15.66391327826554,40.39305486777734],[15.707114142282819,40.37612911246224],[15.707114142282819,40.33550729970598],[15.735914718294339,40.30504094013878],[15.793515870317378,40.28811518482368],[15.800716014320273,40.25426367419347],[15.786315726314513,40.24410822100441],[15.793515870317378,40.21702701250024],[15.735914718294339,40.20348640824815],[15.699913998279953,40.1628645954919],[15.707114142282819,40.135783386987725],[15.699913998279953,40.10531702742054],[15.66391327826554,40.07823581891637],[15.671113422268434,40.05453976147521],[15.642312846256914,40.044384308286155],[15.62071241424826,40.07485066785334],[15.527110542210835,40.07485066785334],[15.491109822196421,40.04776945934917],[15.455109102182007,40.03084370403407],[15.419108382167622,39.99022189127781],[15.354307086141688,40.00037734446687],[15.318306366127302,40.03084370403407],[15.282305646112889,40.03084370403407],[15.282305646112889,40.061310063601255],[15.239104782095609,40.091776423168454],[15.203104062081223,40.125627933798654],[15.18150363007257,40.125627933798654],[15.12390247804953,40.17640519974398],[15.03750075001497,40.16963489761794],[14.994299885997691,40.22041216356325],[14.951099021980411,40.23395276781534],[14.922298445968892,40.230567616752325],[14.907898157963132,40.25426367419347],[14.943898877977546,40.274574580571596],[14.943898877977546,40.338892450768995],[14.972699453989065,40.34227760183202],[15.001500030000585,40.35920335714712],[15.001500030000585,40.39305486777734],[14.965499309986171,40.45398758691172],[14.936698733974652,40.48445394647891],[14.879097581951612,40.58939362943258],[14.814296285925707,40.65032634856695],[14.749494989899773,40.67740755707112],[14.706294125882494,40.65709665069299],[14.691893837876734,40.63340059325185],[14.619892397847934,40.646941197503935],[14.56949138982776,40.61647483793675],[14.52629052581048,40.60631938474768],[14.483089661793201,40.62663029112581],[14.447088941778816,40.619859988999764],[14.324686493729843,40.56908272305445],[14.339086781735602,40.62663029112581],[14.396687933758642,40.636785744314864],[14.432688653773056,40.67740755707112],[14.483089661793201,40.70110361451228],[14.475889517790336,40.72479967195342],[14.447088941778816,40.75526603152062],[14.411088221764402,40.75188088045759],[14.389487789755776,40.76203633364666],[14.317486349726977,40.82635420384406],[14.259885197703937,40.84327995915916],[14.209484189683764,40.81619875065499],[14.187883757675138,40.79250269321385],[14.159083181663618,40.81958390171802],[14.123082461649204,40.81958390171802],[14.108682173643444,40.833124505970105],[14.072681453629059,40.82296905278103],[14.087081741634819,40.79250269321385],[14.04388087761754,40.79250269321385],[14.051081021620405,40.84666511022219],[14.02948058961178,40.91098298041959],[13.95747914958298,40.998996908058146],[13.935878717574326,41.01253751231023],[13.907078141562806,41.05992962719253],[13.89987799755994,41.0870108356967],[13.820676413528247,41.17840991439827],[13.763075261505207,41.222416878217544],[13.770275405508102,41.24272778459567],[13.813476269525381,41.24272778459567],[13.835076701534007,41.252883237784744],[13.827876557531141,41.279964446288915],[13.892677853557046,41.296890201604015],[13.892677853557046,41.31720110798214],[13.87107742154842,41.33412686329726],[13.87107742154842,41.3747486760535],[13.88547770955418,41.38151897817954],[13.863877277545527,41.418755639872785],[13.907078141562806,41.42891109306184],[13.95747914958298,41.462762603692056],[13.979079581591606,41.462762603692056],[14.007880157603125,41.452607150503],[14.007880157603125,41.42552594199883],[14.036680733614645,41.39505958243163],[14.101482029640579,41.40182988455767],[14.108682173643444,41.41537048880976],[14.079881597631925,41.445836848376956],[14.123082461649204,41.50676956751134],[14.151883037660724,41.483073510070184],[14.166283325666484,41.49661411432227],[14.238284765695283,41.49661411432227],[14.274285485709697,41.48645866113321],[14.324686493729843,41.452607150503],[14.411088221764402,41.44245169731393],[14.483089661793201,41.41537048880976],[14.483089661793201,41.39505958243163],[14.511890237804721,41.38151897817954],[14.555091101822,41.37813382711653],[14.56949138982776,41.391674431368614],[14.605492109842174,41.36459322286444],[14.634292685853694,41.391674431368614],[14.684693693873868,41.41198533774674],[14.720694413888253,41.40182988455767],[14.763895277905533,41.41537048880976],[14.771095421908427,41.445836848376956],[14.792695853917053,41.452607150503],[14.843096861937227,41.42552594199883],[14.879097581951612,41.44245169731393],[14.943898877977546,41.45599230156601],[15.008700174003451,41.48645866113321]]]},"properties":{"reg_name":"Campania","reg_istat_code_num":15,"reg_istat_code":"15","name":"Campania"}},{"type":"Feature","geometry":{"type":"Polygon","coordinates":[[[15.13830276605529,41.926528299325966],[15.18150363007257,41.91975799719992],[15.311106222124408,41.91975799719992],[15.361507230144582,41.90283224188482],[15.462309246184901,41.90283224188482],[15.613512270245394,41.926528299325966],[15.66391327826554,41.92314314826295],[15.685513710274193,41.91298769507388],[15.807916158323138,41.91975799719992],[15.923118462369217,41.93329860145201],[15.987919758395151,41.946839205704094],[16.05992119842395,41.946839205704094],[16.08872177443547,41.94006890357805],[16.124722494449856,41.91298769507388],[16.153523070461375,41.909602544010866],[16.17512350247003,41.88590648656971],[16.17512350247003,41.855440127002524],[16.196723934478655,41.82497376743534],[16.18952379047579,41.770811350426996],[16.10312206244123,41.73018953767074],[16.023920478409536,41.6760271206624],[15.923118462369217,41.632020156843126],[15.894317886357697,41.604938948338955],[15.901518030360592,41.530465624952484],[15.923118462369217,41.493228963259256],[15.951919038380737,41.462762603692056],[16.00232004640091,41.43229624412487],[16.08872177443547,41.4052150356207],[16.17512350247003,41.36459322286444],[16.20392407848155,41.361208071801414],[16.268725374507454,41.323971410108186],[16.347926958539148,41.3104308058561],[16.419928398567947,41.279964446288915],[16.463129262585227,41.25626838884776],[16.57113142262844,41.21903172715453],[16.57113142262844,41.21226142502849],[16.693533870677385,41.17840991439827],[16.779935598711944,41.16148415908317],[16.808736174723464,41.141173252705045],[16.844736894737878,41.137788101642016],[16.887937758755157,41.11747719526389],[16.931138622772437,41.110706893137845],[17.010340206804102,41.083625684633674],[17.046340926818516,41.08024053357066],[17.13994279885594,41.036233569751374],[17.175943518870355,41.02946326762533],[17.21194423888477,40.998996908058146],[17.283945678913568,40.96853054849096],[17.327146542930848,40.93806418892376],[17.355947118942368,40.90421267829355],[17.399147982959647,40.88728692297845],[17.413548270965407,40.87036116766333],[17.456749134982687,40.850050261285205],[17.471149422988447,40.833124505970105],[17.514350287005726,40.812813599591976],[17.59355187103739,40.789117542150834],[17.63675273505467,40.78234724002479],[17.72315446308923,40.75188088045759],[17.744754895097884,40.73495512514249],[17.79515590311803,40.71464421876436],[17.80955619112379,40.70110361451228],[17.89595791915835,40.68079270813415],[17.93915878317563,40.68079270813415],[17.960759215184282,40.66048180175602],[17.996759935198668,40.65032634856695],[18.04716094321884,40.59616393155862],[18.03276065521308,40.57585302518049],[18.04716094321884,40.552156967739336],[18.1335626712534,40.487839097541936],[18.2055641112822,40.46752819116381],[18.270365407308134,40.42013607628151],[18.30636612732252,40.37951426352525],[18.37836756735132,40.32873699757994],[18.37836756735132,40.31858154439087],[18.4215684313686,40.294885486949724],[18.428768575371492,40.27118942950858],[18.464769295385878,40.23395276781534],[18.457569151383012,40.200101257185125],[18.486369727394532,40.156094293365854],[18.51517030340605,40.13916853805074],[18.51517030340605,40.0985467252945],[18.486369727394532,40.08162096997938],[18.479169583391638,40.044384308286155],[18.435968719374358,40.024073401908026],[18.428768575371492,40.00037734446687],[18.399967999359973,39.95975553171061],[18.39276785535708,39.902207963639256],[18.399967999359973,39.86835645300904],[18.385567711354213,39.827734640252785],[18.39276785535708,39.8141940360007],[18.3495669913398,39.79049797855956],[18.270365407308134,39.83450494237883],[18.2055641112822,39.83789009344186],[18.140762815256295,39.86835645300904],[18.03276065521308,39.94282977639551],[18.025560511210188,39.966525833836656],[18.003960079201562,39.97668128702573],[18.018360367207322,40.0037624955299],[18.018360367207322,40.03422885509708],[17.989559791195802,40.05453976147521],[18.011160223204428,40.08500612104241],[18.011160223204428,40.11208732954657],[17.982359647192908,40.14255368911377],[17.93915878317563,40.16963489761794],[17.917558351167003,40.19333095505908],[17.92475849516987,40.227182465689296],[17.903158063161243,40.257648825256496],[17.86715734314683,40.28134488269764],[17.83835676713531,40.28134488269764],[17.787955759115164,40.294885486949724],[17.658353167063325,40.30504094013878],[17.59355187103739,40.29827063801274],[17.507150143002832,40.294885486949724],[17.442348846976927,40.33212214864295],[17.399147982959647,40.33212214864295],[17.233544670893394,40.39982516990338],[17.233544670893394,40.42352122734454],[17.25514510290205,40.44044698265964],[17.24074481489629,40.46752819116381],[17.18314366287322,40.481068795415894],[17.16874337486746,40.50137970179402],[17.132742654853075,40.51830545710912],[17.06794135882714,40.51830545710912],[17.024740494809862,40.508150003920065],[16.952739054781063,40.47429849328985],[16.880737614752263,40.416750925218494],[16.866337326746503,40.396440018840366],[16.815936318726358,40.42352122734454],[16.801536030720598,40.460757889037765],[16.74393487869756,40.46414304010078],[16.722334446688905,40.477683644352865],[16.736734734694664,40.51153515498308],[16.71513430268604,40.525075759235165],[16.707934158683145,40.54877181667632],[16.722334446688905,40.602934233684664],[16.707934158683145,40.63340059325185],[16.7295345906918,40.68756301026019],[16.722334446688905,40.71464421876436],[16.621532430648585,40.75526603152062],[16.57113142262844,40.76203633364666],[16.520730414608266,40.74511057833155],[16.49912998259964,40.758651182583634],[16.463129262585227,40.72479967195342],[16.419928398567947,40.70110361451228],[16.376727534550668,40.738340276205506],[16.347926958539148,40.74849572939458],[16.304726094521868,40.79250269321385],[16.27592551851035,40.80265814640292],[16.225524510490175,40.86359086553729],[16.225524510490175,40.88728692297845],[16.20392407848155,40.91775328254563],[16.17512350247003,40.927908735734704],[16.14632292645851,40.924523584671675],[16.11752235044699,40.90082752723053],[16.10312206244123,40.91436813148262],[16.04552091041819,40.93806418892376],[15.973519470389391,40.95837509530189],[16.00232004640091,40.96853054849096],[16.03112062241243,40.998996908058146],[16.023920478409536,41.015922663373246],[16.038320766415296,41.0396187208144],[15.980719614392257,41.07685538250763],[15.980719614392257,41.093781137822745],[15.930318606372111,41.10732174207483],[15.872717454349072,41.137788101642016],[15.815116302326032,41.11747719526389],[15.800716014320273,41.09039598675972],[15.6783135662713,41.0870108356967],[15.57751155023098,41.09716628888576],[15.541510830216595,41.07347023144462],[15.541510830216595,41.0565444761295],[15.476709534190661,41.07685538250763],[15.447908958179141,41.07685538250763],[15.404708094161862,41.10732174207483],[15.368707374147448,41.0870108356967],[15.311106222124408,41.10055143994879],[15.296705934118648,41.093781137822745],[15.260705214104263,41.110706893137845],[15.239104782095609,41.141173252705045],[15.21030420608409,41.14794355483109],[15.224704494089849,41.185180216524316],[15.260705214104263,41.1987208207764],[15.246304926098503,41.23595748246963],[15.282305646112889,41.24272778459567],[15.239104782095609,41.27319414416287],[15.19590391807833,41.28334959735193],[15.13830276605529,41.28673474841496],[15.131102622052424,41.31720110798214],[15.08070161403225,41.327356561171214],[15.059101182023625,41.3578229207384],[15.087901758035144,41.39844473349466],[15.073501470029385,41.43229624412487],[15.030300606012105,41.452607150503],[15.008700174003451,41.48645866113321],[14.965499309986171,41.52031017176341],[14.936698733974652,41.52369532282644],[14.936698733974652,41.55077653133061],[14.951099021980411,41.59478349514988],[14.936698733974652,41.62524985471708],[14.958299165983306,41.64217561003218],[15.02310046200921,41.621864703654055],[15.05190103802073,41.6591013653473],[15.15270305406105,41.70649348022958],[15.116702334046664,41.7234192355447],[15.09510190203801,41.76742619936397],[15.116702334046664,41.787737105742096],[15.116702334046664,41.818203465309296],[15.102302046040904,41.84866982487648],[15.13830276605529,41.87913618444367],[15.13830276605529,41.926528299325966]]]},"properties":{"reg_name":"Puglia","reg_istat_code_num":16,"reg_istat_code":"16","name":"Puglia"}},{"type":"Feature","geometry":{"type":"Polygon","coordinates":[[[15.541510830216595,41.0565444761295],[15.541510830216595,41.07347023144462],[15.57751155023098,41.09716628888576],[15.6783135662713,41.0870108356967],[15.800716014320273,41.09039598675972],[15.815116302326032,41.11747719526389],[15.872717454349072,41.137788101642016],[15.930318606372111,41.10732174207483],[15.980719614392257,41.093781137822745],[15.980719614392257,41.07685538250763],[16.038320766415296,41.0396187208144],[16.023920478409536,41.015922663373246],[16.03112062241243,40.998996908058146],[16.00232004640091,40.96853054849096],[15.973519470389391,40.95837509530189],[16.04552091041819,40.93806418892376],[16.10312206244123,40.91436813148262],[16.11752235044699,40.90082752723053],[16.14632292645851,40.924523584671675],[16.17512350247003,40.927908735734704],[16.20392407848155,40.91775328254563],[16.225524510490175,40.88728692297845],[16.225524510490175,40.86359086553729],[16.27592551851035,40.80265814640292],[16.304726094521868,40.79250269321385],[16.347926958539148,40.74849572939458],[16.376727534550668,40.738340276205506],[16.419928398567947,40.70110361451228],[16.463129262585227,40.72479967195342],[16.49912998259964,40.758651182583634],[16.520730414608266,40.74511057833155],[16.57113142262844,40.76203633364666],[16.621532430648585,40.75526603152062],[16.722334446688905,40.71464421876436],[16.7295345906918,40.68756301026019],[16.707934158683145,40.63340059325185],[16.722334446688905,40.602934233684664],[16.707934158683145,40.54877181667632],[16.71513430268604,40.525075759235165],[16.736734734694664,40.51153515498308],[16.722334446688905,40.477683644352865],[16.74393487869756,40.46414304010078],[16.801536030720598,40.460757889037765],[16.815936318726358,40.42352122734454],[16.866337326746503,40.396440018840366],[16.787135742714838,40.30165578907577],[16.751135022700424,40.24410822100441],[16.7295345906918,40.19671610612211],[16.70073401468028,40.15947944442887],[16.64313286265724,40.11885763167261],[16.621532430648585,40.1323982359247],[16.48472969459388,40.125627933798654],[16.448728974579467,40.135783386987725],[16.405528110562187,40.12224278273564],[16.41272825456508,40.07823581891637],[16.391127822556427,40.0511546104122],[16.39832796655932,40.017303099781984],[16.369527390547802,39.986836740214784],[16.362327246544908,39.95975553171061],[16.340726814536282,39.93605947426947],[16.362327246544908,39.91913371895437],[16.347926958539148,39.89882281257624],[16.319126382527628,39.92928917214343],[16.27592551851035,39.93605947426947],[16.21832436648731,39.92928917214343],[16.21832436648731,39.89882281257624],[16.153523070461375,39.91574856789134],[16.13192263845275,39.905593114702285],[16.05992119842395,39.89882281257624],[16.01672033440667,39.92590402108041],[16.01672033440667,39.97668128702573],[15.995119902398017,39.986836740214784],[15.923118462369217,39.996992193403855],[15.894317886357697,39.99360704234083],[15.858317166343312,40.0037624955299],[15.815116302326032,39.996992193403855],[15.800716014320273,39.97668128702573],[15.771915438308753,39.96314068277364],[15.757515150302993,39.92590402108041],[15.735914718294339,39.94621492745853],[15.721514430288579,39.97668128702573],[15.6783135662713,40.00714764659291],[15.6783135662713,40.024073401908026],[15.642312846256914,40.044384308286155],[15.671113422268434,40.05453976147521],[15.66391327826554,40.07823581891637],[15.699913998279953,40.10531702742054],[15.707114142282819,40.135783386987725],[15.699913998279953,40.1628645954919],[15.735914718294339,40.20348640824815],[15.793515870317378,40.21702701250024],[15.786315726314513,40.24410822100441],[15.800716014320273,40.25426367419347],[15.793515870317378,40.28811518482368],[15.735914718294339,40.30504094013878],[15.707114142282819,40.33550729970598],[15.707114142282819,40.37612911246224],[15.66391327826554,40.39305486777734],[15.63511270225402,40.42352122734454],[15.6063121262425,40.433676680533594],[15.5343106862137,40.49799455073099],[15.54871097421946,40.51153515498308],[15.541510830216595,40.54200151455028],[15.512710254205075,40.58600847836955],[15.469509390187795,40.59277878049559],[15.455109102182007,40.62324514006279],[15.498309966199315,40.65371149962998],[15.483909678193555,40.674022406008106],[15.383107662153208,40.721414520890406],[15.383107662153208,40.79250269321385],[15.368707374147448,40.812813599591976],[15.375907518150342,40.88728692297845],[15.433508670173381,40.880516620852404],[15.527110542210835,40.907597829356575],[15.541510830216595,40.944834491049804],[15.570311406228114,40.96853054849096],[15.570311406228114,40.998996908058146],[15.541510830216595,41.0565444761295]]]},"properties":{"reg_name":"Basilicata","reg_istat_code_num":17,"reg_istat_code":"17","name":"Basilicata"}},{"type":"Feature","geometry":{"type":"Polygon","coordinates":[[[15.757515150302993,39.92590402108041],[15.771915438308753,39.96314068277364],[15.800716014320273,39.97668128702573],[15.815116302326032,39.996992193403855],[15.858317166343312,40.0037624955299],[15.894317886357697,39.99360704234083],[15.923118462369217,39.996992193403855],[15.995119902398017,39.986836740214784],[16.01672033440667,39.97668128702573],[16.01672033440667,39.92590402108041],[16.05992119842395,39.89882281257624],[16.13192263845275,39.905593114702285],[16.153523070461375,39.91574856789134],[16.21832436648731,39.89882281257624],[16.21832436648731,39.92928917214343],[16.27592551851035,39.93605947426947],[16.319126382527628,39.92928917214343],[16.347926958539148,39.89882281257624],[16.362327246544908,39.91913371895437],[16.340726814536282,39.93605947426947],[16.362327246544908,39.95975553171061],[16.369527390547802,39.986836740214784],[16.39832796655932,40.017303099781984],[16.391127822556427,40.0511546104122],[16.41272825456508,40.07823581891637],[16.405528110562187,40.12224278273564],[16.448728974579467,40.135783386987725],[16.48472969459388,40.125627933798654],[16.621532430648585,40.1323982359247],[16.64313286265724,40.11885763167261],[16.607132142642826,40.088391272105426],[16.59993199863996,40.03422885509708],[16.607132142642826,39.996992193403855],[16.62873257465148,39.9563703806476],[16.52793055861116,39.861586150883],[16.520730414608266,39.84127524450487],[16.491929838596747,39.8141940360007],[16.48472969459388,39.763416770055386],[16.49912998259964,39.73972071261424],[16.52793055861116,39.72618010836216],[16.535130702614026,39.65847708710173],[16.592731854637066,39.62801072753453],[16.621532430648585,39.62124042540849],[16.751135022700424,39.624625576471516],[16.815936318726358,39.5907740658413],[16.830336606732118,39.560307706274116],[16.959939198783957,39.4959898360767],[17.031940638812756,39.4790640807616],[17.046340926818516,39.44182741906836],[17.118342366847315,39.40459075737513],[17.1543430868617,39.40120560631212],[17.11114222284442,39.32334713186262],[17.103942078841555,39.252258959539176],[17.147142942858835,39.198096542530834],[17.11114222284442,39.13716382339645],[17.11114222284442,39.09654201064019],[17.132742654853075,39.08300140638811],[17.132742654853075,39.055920197883935],[17.19754395087901,39.02545383831675],[17.161543230864595,38.994987478749565],[17.161543230864595,38.964521119182365],[17.103942078841555,38.90697355111101],[17.046340926818516,38.920514155363094],[17.031940638812756,38.90697355111101],[17.003140062801236,38.91374385323705],[16.988739774795476,38.937439910678194],[16.916738334766677,38.93405475961518],[16.794335886717704,38.90358840004798],[16.607132142642826,38.81557447240944],[16.563931278625546,38.76479720646411],[16.57113142262844,38.75464175327505],[16.535130702614026,38.70047933626671],[16.55673113462268,38.69032388307765],[16.55673113462268,38.639546617132325],[16.57113142262844,38.59892480437607],[16.57113142262844,38.53460693417867],[16.5855317106342,38.47028906398127],[16.578331566631306,38.436437553351055],[16.549530990619786,38.40258604272084],[16.48472969459388,38.35180877677551],[16.434328686573707,38.32811271933437],[16.333526670533388,38.3010315108302],[16.283125662513214,38.25702454701093],[16.20392407848155,38.16562546830936],[16.16072321446427,38.13515910874216],[16.16072321446427,38.09792244704893],[16.14632292645851,38.064070936418716],[16.14632292645851,38.0302194257885],[16.11752235044699,37.9828273109062],[16.067121342426816,37.92866489389786],[16.04552091041819,37.92189459177182],[15.951919038380737,37.9185094407088],[15.901518030360592,37.92866489389786],[15.836716734334658,37.9185094407088],[15.757515150302993,37.915124289645775],[15.6783135662713,37.95574610240203],[15.63511270225402,38.02006397259943],[15.656713134262674,38.0302194257885],[15.64951299025978,38.06745608748173],[15.627912558251154,38.101307598111944],[15.642312846256914,38.10807790023799],[15.656713134262674,38.148699712994244],[15.63511270225402,38.18593637468747],[15.63511270225402,38.23332848956977],[15.699913998279953,38.2536393959479],[15.735914718294339,38.2536393959479],[15.779115582311618,38.270565151263014],[15.829516590331792,38.32134241720833],[15.829516590331792,38.35519392783854],[15.865517310346178,38.38566028740573],[15.879917598351938,38.43305240228803],[15.908718174363457,38.46690391291824],[15.930318606372111,38.55153268949377],[15.829516590331792,38.6192357107542],[15.836716734334658,38.649702070321396],[15.858317166343312,38.666627825636496],[15.930318606372111,38.69032388307765],[15.951919038380737,38.69032388307765],[15.987919758395151,38.72417539370785],[16.038320766415296,38.72756054477088],[16.08872177443547,38.714019940518796],[16.139122782455615,38.71740509158181],[16.182323646472895,38.74787145114901],[16.21832436648731,38.81557447240944],[16.21832436648731,38.92728445748914],[16.16072321446427,38.95098051493028],[16.139122782455615,38.974676572371436],[16.13192263845275,39.00175778087561],[16.095921918438336,39.03222414044279],[16.081521630432576,39.103312312766235],[16.05992119842395,39.15747472977458],[16.05992119842395,39.23533320422406],[16.052721054421056,39.299651074421476],[16.038320766415296,39.347043189303776],[15.995119902398017,39.44521257013139],[15.959119182383631,39.475678929698574],[15.930318606372111,39.523071044580874],[15.872717454349072,39.550152253085045],[15.865517310346178,39.58738891477827],[15.829516590331792,39.66863254029079],[15.815116302326032,39.67878799347986],[15.807916158323138,39.74310586367726],[15.793515870317378,39.7668019211184],[15.786315726314513,39.82096433812674],[15.793515870317378,39.85143069769394],[15.757515150302993,39.92590402108041]]]},"properties":{"reg_name":"Calabria","reg_istat_code_num":18,"reg_istat_code":"18","name":"Calabria"}},{"type":"Feature","geometry":{"type":"Polygon","coordinates":[[[15.267905358107129,37.83388066413326],[15.275105502110023,37.823725210944204],[15.203104062081223,37.74248158543169],[15.217504350086983,37.69847462161242],[15.19590391807833,37.67816371523429],[15.19590391807833,37.64769735566709],[15.174303486069704,37.63077160035199],[15.174303486069704,37.573224032280635],[15.116702334046664,37.53260221952438],[15.087901758035144,37.498750708894164],[15.087901758035144,37.359959515310294],[15.09510190203801,37.31933770255404],[15.131102622052424,37.309182249364966],[15.15270305406105,37.292256494049866],[15.21030420608409,37.28210104086081],[15.246304926098503,37.25501983235664],[15.217504350086983,37.248249530230595],[15.18150363007257,37.217783170663395],[15.203104062081223,37.17716135790714],[15.217504350086983,37.12976924302484],[15.303906078121543,37.09253258133161],[15.267905358107129,37.0586810707014],[15.275105502110023,37.03837016432327],[15.318306366127302,37.03837016432327],[15.339906798135928,37.00790380475608],[15.296705934118648,37.014674106882126],[15.267905358107129,37.004518653693054],[15.260705214104263,36.97405229412587],[15.203104062081223,36.96051168987378],[15.13830276605529,36.892808668613355],[15.13830276605529,36.865727460109184],[15.10950219004377,36.8521868558571],[15.10950219004377,36.8047947409748],[15.09510190203801,36.8047947409748],[15.102302046040904,36.754017475029485],[15.12390247804953,36.73370656865136],[15.12390247804953,36.67615900058],[15.087901758035144,36.65584809420187],[15.05190103802073,36.66600354739093],[15.044700894017865,36.689699604832086],[15.02310046200921,36.70324020908417],[14.972699453989065,36.6930847558951],[14.929498589971786,36.710010511210214],[14.900698013960266,36.73032141758834],[14.857497149942986,36.73032141758834],[14.778295565911293,36.70324020908417],[14.749494989899773,36.72016596439927],[14.684693693873868,36.7235511154623],[14.670293405868108,36.74386202184043],[14.591091821836415,36.77771353247063],[14.547890957819135,36.77771353247063],[14.490289805796095,36.7878689856597],[14.461489229784576,36.818335345226885],[14.447088941778816,36.86911261117221],[14.425488509770162,36.892808668613355],[14.389487789755776,36.95035623668471],[14.303086061721217,37.034985013260254],[14.245484909698177,37.06545137282744],[14.173483469669378,37.09253258133161],[14.079881597631925,37.109458336646725],[13.97187943758874,37.109458336646725],[13.94307886157722,37.09591773239464],[13.892677853557046,37.09591773239464],[13.85667713354266,37.11284348770974],[13.842276845536901,37.13653954515088],[13.748674973499448,37.15008014940297],[13.669473389467754,37.19408711322225],[13.640672813456234,37.22793862385247],[13.554271085421675,37.28548619192382],[13.44626892537849,37.29564164511288],[13.37426748534969,37.34641891105821],[13.323866477329517,37.36334466637331],[13.295065901317997,37.39042587487748],[13.273465469309372,37.39042587487748],[13.223064461289198,37.45812889613791],[13.151063021260399,37.498750708894164],[13.0790615812316,37.50552101102021],[13.014260285205694,37.495365557831136],[12.985459709194174,37.546142823776464],[12.956659133182654,37.56645373015459],[12.863057261145201,37.58337948546969],[12.762255245104882,37.57999433440668],[12.690253805076082,37.55968342802855],[12.661453229064563,37.56645373015459],[12.625452509050149,37.60369039184782],[12.611052221044389,37.637541902478034],[12.560651213024244,37.664623110982205],[12.517450349006964,37.66123795991918],[12.474249484989684,37.69847462161242],[12.474249484989684,37.74586673649472],[12.445448908978165,37.78987370031399],[12.42384847696951,37.803414304566076],[12.46704934098679,37.820340059881175],[12.46704934098679,37.840650966259304],[12.488649772995444,37.877887627952546],[12.46704934098679,37.89142823220463],[12.474249484989684,37.92189459177182],[12.49584991699831,37.962516404528074],[12.49584991699831,37.98621246196923],[12.517450349006964,38.02006397259943],[12.575051501030003,38.07084123854476],[12.603852077041523,38.064070936418716],[12.632652653053043,38.07084123854476],[12.661453229064563,38.09115214492289],[12.668653373067428,38.11484820236403],[12.697453949078948,38.10469274917497],[12.740654813096228,38.1419294108682],[12.719054381087602,38.16562546830936],[12.769455389107748,38.17916607256143],[12.769455389107748,38.148699712994244],[12.791055821116402,38.13515910874216],[12.791055821116402,38.10807790023799],[12.819856397127921,38.07084123854476],[12.89185783715672,38.02344912366246],[12.935058701174,38.02683427472547],[12.999859997199934,38.0471451811036],[13.071861437228733,38.080996691733816],[13.06466129322584,38.1419294108682],[13.093461869237359,38.18593637468747],[13.122262445248879,38.192706676813515],[13.194263885277678,38.16901061937237],[13.273465469309372,38.19947697893956],[13.302266045320891,38.219787885317686],[13.331066621332411,38.19609182787654],[13.359867197343931,38.1893215257505],[13.37426748534969,38.16224031724633],[13.359867197343931,38.128388806616115],[13.381467629352557,38.10807790023799],[13.410268205364076,38.09792244704893],[13.46066921338425,38.0945372959859],[13.511070221404395,38.11823335342706],[13.539870797415915,38.09792244704893],[13.539870797415915,38.05730063429267],[13.56147122942457,38.04037487897756],[13.662273245464888,37.99298276409526],[13.705474109482168,37.989597613032245],[13.741474829496553,37.96928670665412],[13.835076701534007,37.9828273109062],[13.87107742154842,37.99298276409526],[13.964679293585846,38.033604576851516],[14.02948058961178,38.036989727914545],[14.065481309626165,38.02006397259943],[14.130282605652098,38.016678821536416],[14.151883037660724,38.02344912366246],[14.223884477689523,38.009908519410374],[14.310286205724083,38.006523368347345],[14.339086781735602,38.02006397259943],[14.375087501750016,38.016678821536416],[14.418288365767296,38.04037487897756],[14.475889517790336,38.033604576851516],[14.519090381807615,38.04037487897756],[14.555091101822,38.06068578535569],[14.58389167783352,38.05730063429267],[14.634292685853694,38.07084123854476],[14.670293405868108,38.09115214492289],[14.749494989899773,38.16562546830936],[14.792695853917053,38.15208486405727],[14.821496429928573,38.16224031724633],[14.879097581951612,38.16901061937237],[14.915098301966026,38.1893215257505],[14.951099021980411,38.17239577043539],[14.979899597991931,38.148699712994244],[15.03750075001497,38.15208486405727],[15.073501470029385,38.12161850449007],[15.102302046040904,38.12161850449007],[15.15270305406105,38.1419294108682],[15.21030420608409,38.17916607256143],[15.239104782095609,38.21640273425467],[15.296705934118648,38.2062472810656],[15.375907518150342,38.223173036380715],[15.426308526170487,38.240098791695814],[15.476709534190661,38.267180000199986],[15.51991039820794,38.297646359767185],[15.54871097421946,38.3010315108302],[15.6063121262425,38.27395030232603],[15.599111982239634,38.2536393959479],[15.570311406228114,38.23332848956977],[15.54871097421946,38.16901061937237],[15.51991039820794,38.11823335342706],[15.469509390187795,38.0471451811036],[15.347106942138822,37.925279742834846],[15.347106942138822,37.90835398751973],[15.303906078121543,37.877887627952546],[15.296705934118648,37.850806419448375],[15.267905358107129,37.83388066413326]]]},"properties":{"reg_name":"Sicilia","reg_istat_code_num":19,"reg_istat_code":"19","name":"Sicilia"}},{"type":"Feature","geometry":{"type":"Polygon","coordinates":[[[8.823776475529485,38.89343294685892],[8.7877757555151,38.900203248984965],[8.780575611512205,38.91374385323705],[8.73017460349206,38.93066960855215],[8.679773595471886,38.91035870217402],[8.665373307466126,38.89681809792194],[8.607772155443087,38.90697355111101],[8.622172443448846,38.95098051493028],[8.586171723434461,38.964521119182365],[8.564571291425807,38.994987478749565],[8.578971579431567,39.01868353619071],[8.571771435428673,39.042379593631864],[8.528570571411393,39.059305348946964],[8.492569851397008,39.06269050000998],[8.470969419388354,39.11685291701832],[8.442168843376834,39.11685291701832],[8.442168843376834,39.14054897445948],[8.398967979359554,39.198096542530834],[8.370167403348034,39.208251995719905],[8.370167403348034,39.22856290209802],[8.427768555371074,39.272569865917305],[8.434968699373968,39.31319167867356],[8.398967979359554,39.336887736114704],[8.370167403348034,39.37412439780795],[8.413368267365314,39.41813136162722],[8.391767835356688,39.44521257013139],[8.384567691353794,39.475678929698574],[8.434968699373968,39.51968589351786],[8.470969419388354,39.60092951903036],[8.449368987379728,39.624625576471516],[8.456569131382594,39.66863254029079],[8.442168843376834,39.6855582956059],[8.449368987379728,39.746491014740286],[8.470969419388354,39.7498761658033],[8.492569851397008,39.72618010836216],[8.521370427408527,39.74310586367726],[8.514170283405633,39.75664646792934],[8.542970859417153,39.783727676433514],[8.557371147422913,39.858200999819985],[8.542970859417153,39.885282208324156],[8.514170283405633,39.9089782657653],[8.470969419388354,39.905593114702285],[8.442168843376834,39.88189705726113],[8.398967979359554,39.89882281257624],[8.398967979359554,39.9732961359627],[8.413368267365314,40.00037734446687],[8.406168123362448,40.040999157223126],[8.463769275385488,40.05453976147521],[8.492569851397008,40.07823581891637],[8.485369707394113,40.11885763167261],[8.456569131382594,40.14932399123981],[8.456569131382594,40.17640519974398],[8.470969419388354,40.200101257185125],[8.463769275385488,40.227182465689296],[8.485369707394113,40.28811518482368],[8.463769275385488,40.31519639332785],[8.420568411368208,40.338892450768995],[8.384567691353794,40.34227760183202],[8.398967979359554,40.396440018840366],[8.398967979359554,40.43029152947058],[8.377367547350929,40.46752819116381],[8.377367547350929,40.49122424860495],[8.341366827336515,40.508150003920065],[8.319766395327889,40.54200151455028],[8.30536610732213,40.58939362943258],[8.283765675313475,40.59616393155862],[8.240564811296196,40.56908272305445],[8.197363947278916,40.61647483793675],[8.168563371267396,40.582623327306536],[8.14696293925877,40.582623327306536],[8.14696293925877,40.62663029112581],[8.19016380327605,40.64017089537789],[8.20456409128181,40.68756301026019],[8.17576351527029,40.694333312386235],[8.13256265125301,40.738340276205506],[8.168563371267396,40.76542148470968],[8.16136322726453,40.79250269321385],[8.17576351527029,40.80265814640292],[8.21896437928757,40.86697601660032],[8.21896437928757,40.90082752723053],[8.17576351527029,40.93129388679772],[8.197363947278916,40.96853054849096],[8.226164523290436,40.95160479317585],[8.23336466729333,40.907597829356575],[8.298165963319235,40.850050261285205],[8.370167403348034,40.83650965703312],[8.413368267365314,40.83989480809615],[8.449368987379728,40.81958390171802],[8.528570571411393,40.82296905278103],[8.578971579431567,40.83650965703312],[8.622172443448846,40.860205714474276],[8.62937258745174,40.880516620852404],[8.70137402748054,40.91436813148262],[8.766175323506445,40.91436813148262],[8.80217604352086,40.927908735734704],[8.866977339546764,40.98545630380606],[8.881377627552524,41.02946326762533],[8.931778635572698,41.04300387187742],[9.010980219604363,41.12424749738993],[9.039780795615883,41.137788101642016],[9.090181803636057,41.12763264845296],[9.118982379647576,41.15471385695713],[9.154983099661962,41.15471385695713],[9.154983099661962,41.185180216524316],[9.183783675673482,41.249498086721715],[9.212584251685001,41.25626838884776],[9.270185403708041,41.23595748246963],[9.29898597971956,41.202105971839416],[9.334986699733975,41.205491122902444],[9.406988139762774,41.175024763335244],[9.442988859777188,41.13101779951597],[9.507790155803093,41.141173252705045],[9.514990299805987,41.15471385695713],[9.565391307826133,41.11747719526389],[9.558191163823267,41.083625684633674],[9.529390587811747,41.07347023144462],[9.529390587811747,41.02946326762533],[9.550991019820373,41.0091523612472],[9.608592171843412,41.00238205912116],[9.579791595831892,40.975300850617],[9.594191883837652,40.96514539742793],[9.565391307826133,40.94144933998679],[9.572591451829027,40.924523584671675],[9.500590011800227,40.927908735734704],[9.500590011800227,40.91098298041959],[9.543790875817507,40.91775328254563],[9.594191883837652,40.90082752723053],[9.615792315846306,40.92113843360866],[9.651793035860692,40.85682056341125],[9.687793755875106,40.83650965703312],[9.673393467869346,40.78234724002479],[9.702194043880866,40.75526603152062],[9.716594331886625,40.70110361451228],[9.752595051901011,40.68079270813415],[9.738194763895251,40.64017089537789],[9.752595051901011,40.59616393155862],[9.79579591591829,40.56231242092841],[9.79579591591829,40.54200151455028],[9.82459649192981,40.53184606136121],[9.82459649192981,40.508150003920065],[9.79579591591829,40.443832133722665],[9.774195483909665,40.43029152947058],[9.76699533990677,40.38966971671432],[9.730994619892385,40.37612911246224],[9.694993899877971,40.34566275289504],[9.630192603852066,40.277959731634624],[9.622992459849172,40.20687155931117],[9.658993179863586,40.13916853805074],[9.687793755875106,40.108702178483554],[9.730994619892385,40.091776423168454],[9.738194763895251,40.07823581891637],[9.723794475889491,40.04776945934917],[9.702194043880866,40.03422885509708],[9.702194043880866,40.00037734446687],[9.687793755875106,39.99022189127781],[9.687793755875106,39.94282977639551],[9.709394187883731,39.92590402108041],[9.680593611872212,39.905593114702285],[9.680593611872212,39.86835645300904],[9.694993899877971,39.848045546630914],[9.673393467869346,39.82096433812674],[9.673393467869346,39.709254353047044],[9.644592891857826,39.644936482849644],[9.658993179863586,39.60431467009339],[9.658993179863586,39.57046315946317],[9.637392747854932,39.543381950959],[9.630192603852066,39.4959898360767],[9.644592891857826,39.49260468501369],[9.644592891857826,39.45198287225743],[9.601392027840546,39.37750954887096],[9.594191883837652,39.347043189303776],[9.608592171843412,39.316576829736576],[9.601392027840546,39.289495621232405],[9.572591451829027,39.25564411060219],[9.565391307826133,39.18794108934178],[9.579791595831892,39.18455593827875],[9.558191163823267,39.133778672333435],[9.435788715774294,39.130393521270406],[9.406988139762774,39.14393412552249],[9.34218684373684,39.19471139146782],[9.29898597971956,39.21502229784595],[9.248584971699415,39.21502229784595],[9.212584251685001,39.22856290209802],[9.176583531670616,39.21502229784595],[9.147782955659096,39.18455593827875],[9.111782235644682,39.21502229784595],[9.075781515630297,39.20486684465688],[9.018180363607257,39.150704427648535],[9.010980219604363,39.113467765955306],[9.032580651613017,39.06607565107301],[9.046980939618777,39.059305348946964],[9.025380507610123,39.00514293193862],[8.982179643592843,38.964521119182365],[8.910178203564044,38.917129004300065],[8.902978059561178,38.90358840004798],[8.845376907538139,38.87650719154381],[8.823776475529485,38.89343294685892]]]},"properties":{"reg_name":"Sardegna","reg_istat_code_num":20,"reg_istat_code":"20","name":"Sardegna"}}]}