{
"type": "FeatureCollection",
"name": "UK_Boundaries",
"crs": { "type": "name", "properties": { "name": "urn:ogc:def:crs:OGC:1.3:CRS84" } },
"xy_coordinate_resolution": 1e-11,
"features": [
{ "type": "Feature", "properties": { "OBJECTID": 1, "ITL121CD": "TLC", "ITL121NM": "North East (England)", "BNG_E": 417314, "BNG_N": 600356, "LONG": -1.72888, "LAT": 55.29701, "GlobalID": "e410113b-5526-493f-b7e5-6c8f53332617" }, "geometry": { "type": "MultiPolygon", "coordinates": [ [ [ [ -2.08562171757, 55.76273329304 ], [ -2.08849936586, 55.78689640402 ], [ -2.08610132562, 55.79307766497 ], [ -2.08178485319, 55.79392056419 ], [ -2.06020249103, 55.8026305228 ], [ -2.08562171757, 55.76273329304 ] ] ], [ [ [ -2.11247976826, 55.74671820785 ], [ -2.01751737476, 55.77144325165 ], [ -1.87939025694, 55.70092068354 ], [ -1.81272473828, 55.63376971232 ], [ -1.69186351019, 55.60623500445 ], [ -1.62327955933, 55.55228945435 ], [ -1.57579836258, 55.43175486583 ], [ -1.60937092593, 55.38427154309 ], [ -1.54941991994, 55.32189700078 ], [ -1.55997129699, 55.25362216393 ], [ -1.50529597952, 55.19433825209 ], [ -1.52591912559, 55.16006035046 ], [ -1.36764846975, 54.93697302347 ], [ -1.30961589595, 54.78187956692 ], [ -1.19930604492, 54.68073166047 ], [ -1.17292760228, 54.63352930413 ], [ -1.05110715809, 54.6158284205 ], [ -0.79739450071, 54.55401581101 ], [ -0.83864079284, 54.53968652426 ], [ -0.84199804917, 54.53603396097 ], [ -0.89571415055, 54.49557479839 ], [ -0.90146944712, 54.49416996636 ], [ -0.92305180928, 54.49107933588 ], [ -0.94415456339, 54.48855063822 ], [ -1.00362596134, 54.50287992497 ], [ -1.02376949936, 54.50203702575 ], [ -1.04295382128, 54.49529383199 ], [ -1.04439264542, 54.49613673121 ], [ -1.0491887259, 54.49641769761 ], [ -1.05782167076, 54.49894639528 ], [ -1.06501579148, 54.49838446246 ], [ -1.06789343977, 54.50035122731 ], [ -1.07796520878, 54.50372282419 ], [ -1.08707776169, 54.50344185778 ], [ -1.11201738018, 54.504284757 ], [ -1.11249698823, 54.50091316012 ], [ -1.11441542042, 54.49894639528 ], [ -1.12304836529, 54.49894639528 ], [ -1.13072209405, 54.5000702609 ], [ -1.14606955159, 54.50287992497 ], [ -1.14798798378, 54.50119412653 ], [ -1.15805975279, 54.50231799216 ], [ -1.16429465741, 54.50344185778 ], [ -1.16525387351, 54.50344185778 ], [ -1.17244799423, 54.50259895856 ], [ -1.17436642642, 54.50372282419 ], [ -1.17340721032, 54.5040037906 ], [ -1.17532564252, 54.50456572341 ], [ -1.180121723, 54.50625152185 ], [ -1.18491780348, 54.50737538748 ], [ -1.20362251735, 54.50681345467 ], [ -1.25350175434, 54.49866542887 ], [ -1.25446097043, 54.49669866402 ], [ -1.27076764406, 54.48911257104 ], [ -1.27268607626, 54.49023643666 ], [ -1.27748215674, 54.48967450385 ], [ -1.28083941307, 54.49051740307 ], [ -1.28755392574, 54.4874267726 ], [ -1.28755392574, 54.48798870541 ], [ -1.28803353379, 54.48630290697 ], [ -1.28659470965, 54.48405517571 ], [ -1.30146255913, 54.47646908273 ], [ -1.30194216718, 54.47787391477 ], [ -1.30338099133, 54.47843584758 ], [ -1.31057511205, 54.47759294836 ], [ -1.31297315229, 54.47731198195 ], [ -1.31824884081, 54.47225458663 ], [ -1.3441476754, 54.46410656083 ], [ -1.34270885126, 54.46775912412 ], [ -1.34270885126, 54.46804009053 ], [ -1.3441476754, 54.46888298975 ], [ -1.34462728345, 54.46916395615 ], [ -1.34462728345, 54.47169265382 ], [ -1.3451068915, 54.47253555304 ], [ -1.34990297198, 54.47281651944 ], [ -1.36189317318, 54.46775912412 ], [ -1.37340376633, 54.47365941866 ], [ -1.37580180657, 54.49051740307 ], [ -1.3810774951, 54.49388899995 ], [ -1.38971043996, 54.48658387338 ], [ -1.40985397798, 54.47843584758 ], [ -1.43335477233, 54.48012164602 ], [ -1.42664025966, 54.48405517571 ], [ -1.45829439082, 54.49276513433 ], [ -1.46165164716, 54.48602194056 ], [ -1.46117203911, 54.48461710853 ], [ -1.46021282301, 54.47141168741 ], [ -1.45541674253, 54.45539660222 ], [ -1.47220302421, 54.45567756863 ], [ -1.46884576788, 54.45933013192 ], [ -1.4870708737, 54.47309748585 ], [ -1.49858146685, 54.4750642507 ], [ -1.50145911514, 54.48433614212 ], [ -1.50673480367, 54.47843584758 ], [ -1.51392892439, 54.48377420931 ], [ -1.55133835213, 54.47450231788 ], [ -1.55421600042, 54.47955971321 ], [ -1.5810740511, 54.51271374921 ], [ -1.60361562936, 54.51130891717 ], [ -1.62807563981, 54.51383761484 ], [ -1.640065841, 54.52563820392 ], [ -1.65493369049, 54.53041463284 ], [ -1.66068898707, 54.53519106175 ], [ -1.68946546995, 54.53547202816 ], [ -1.69857802286, 54.53603396097 ], [ -1.71056822406, 54.53828169223 ], [ -1.74749804375, 54.52929076721 ], [ -1.75421255642, 54.5287288344 ], [ -1.76140667714, 54.5290098008 ], [ -1.76716197372, 54.53238139768 ], [ -1.77963178297, 54.53181946487 ], [ -1.77627452663, 54.51917597656 ], [ -1.78250943125, 54.50568958904 ], [ -1.78490747149, 54.50287992497 ], [ -1.78730551173, 54.50091316012 ], [ -1.79018316002, 54.49276513433 ], [ -1.79114237612, 54.48939353744 ], [ -1.82471493948, 54.49782252965 ], [ -1.82423533143, 54.5000702609 ], [ -1.8319090602, 54.50259895856 ], [ -1.83142945215, 54.50372282419 ], [ -1.83958278896, 54.50849925311 ], [ -1.85109338211, 54.50344185778 ], [ -1.85540985455, 54.50344185778 ], [ -1.85780789479, 54.49360803355 ], [ -1.85924671893, 54.48911257104 ], [ -1.86020593503, 54.48714580619 ], [ -1.85876711088, 54.48265034368 ], [ -1.86740005575, 54.48208841087 ], [ -1.88562516157, 54.47281651944 ], [ -1.9129628203, 54.46185882958 ], [ -1.93406557441, 54.45736336707 ], [ -1.94701499171, 54.45427273659 ], [ -1.95372950438, 54.45342983737 ], [ -1.95564793657, 54.45399177019 ], [ -1.96044401705, 54.45202500534 ], [ -1.96619931363, 54.45174403893 ], [ -1.96859735387, 54.45174403893 ], [ -1.9719546102, 54.45399177019 ], [ -1.97627108264, 54.45961109832 ], [ -1.98538363555, 54.45989206473 ], [ -1.98634285164, 54.46157786317 ], [ -1.9968942287, 54.4669162249 ], [ -2.02950757596, 54.47281651944 ], [ -2.03718130473, 54.47422135148 ], [ -2.04341620935, 54.4834932429 ], [ -2.05061033007, 54.48152647805 ], [ -2.05300837031, 54.48068357883 ], [ -2.06116170713, 54.48068357883 ], [ -2.06308013932, 54.47899778039 ], [ -2.06979465199, 54.47562618351 ], [ -2.07554994857, 54.47309748585 ], [ -2.08178485319, 54.47000685538 ], [ -2.10192839121, 54.46523042646 ], [ -2.11439820045, 54.46410656083 ], [ -2.12303114532, 54.46157786317 ], [ -2.12638840165, 54.46213979598 ], [ -2.15516488453, 54.45708240066 ], [ -2.15948135696, 54.45539660222 ], [ -2.17003273402, 54.45820626629 ], [ -2.15948135696, 54.471130721 ], [ -2.15900174891, 54.47197362022 ], [ -2.16235900525, 54.5040037906 ], [ -2.17434920645, 54.52170467423 ], [ -2.17099195011, 54.5290098008 ], [ -2.17243077426, 54.53238139768 ], [ -2.19737039275, 54.53266236409 ], [ -2.20936059395, 54.55176807975 ], [ -2.30432298745, 54.59616077203 ], [ -2.32494613351, 54.63156253928 ], [ -2.32398691742, 54.6321244721 ], [ -2.31727240475, 54.63549606898 ], [ -2.31103750012, 54.63774380023 ], [ -2.30815985184, 54.64083443071 ], [ -2.3057618116, 54.64280119555 ], [ -2.29904729892, 54.64561085962 ], [ -2.28993474601, 54.65347791901 ], [ -2.30624141964, 54.67005493701 ], [ -2.30815985184, 54.6694930042 ], [ -2.32254809327, 54.66893107139 ], [ -2.32494613351, 54.67005493701 ], [ -2.3278237818, 54.67174073545 ], [ -2.32734417375, 54.6737075003 ], [ -2.33070143009, 54.67455039952 ], [ -2.33549751057, 54.67539329874 ], [ -2.34365084739, 54.68213649251 ], [ -2.34700810372, 54.68382229095 ], [ -2.3518041842, 54.68747485423 ], [ -2.35036536006, 54.6900035519 ], [ -2.35228379225, 54.6944990144 ], [ -2.35372261639, 54.69590384644 ], [ -2.35324300834, 54.69787061129 ], [ -2.34940614396, 54.70124220817 ], [ -2.34461006348, 54.70180414098 ], [ -2.34461006348, 54.70208510739 ], [ -2.34269163129, 54.70461380505 ], [ -2.34125280715, 54.70601863708 ], [ -2.34413045543, 54.70770443552 ], [ -2.34413045543, 54.70995216678 ], [ -2.34173241519, 54.71388569647 ], [ -2.34125280715, 54.71472859569 ], [ -2.34221202324, 54.71613342773 ], [ -2.33789555081, 54.71669536054 ], [ -2.33070143009, 54.73046271447 ], [ -2.33166064619, 54.73242947932 ], [ -2.33070143009, 54.73523914339 ], [ -2.3287829979, 54.73692494183 ], [ -2.3278237818, 54.73692494183 ], [ -2.32734417375, 54.74029653871 ], [ -2.3278237818, 54.74338716919 ], [ -2.32686456571, 54.74732069888 ], [ -2.32302770132, 54.7520971278 ], [ -2.32062966108, 54.75490679187 ], [ -2.32110926913, 54.75659259031 ], [ -2.32110926913, 54.76558351532 ], [ -2.32110926913, 54.76642641454 ], [ -2.31775201279, 54.7686741458 ], [ -2.31295593231, 54.77092187705 ], [ -2.30959867598, 54.77260767549 ], [ -2.30863945988, 54.77345057471 ], [ -2.31151710817, 54.77541733956 ], [ -2.31295593231, 54.78272246614 ], [ -2.31391514841, 54.7852511638 ], [ -2.31295593231, 54.78721792865 ], [ -2.31199671622, 54.79115145834 ], [ -2.3158335806, 54.79255629038 ], [ -2.32734417375, 54.80519977868 ], [ -2.32830338985, 54.80491881227 ], [ -2.33405868643, 54.80491881227 ], [ -2.34844692787, 54.80716654353 ], [ -2.3527634003, 54.81081910682 ], [ -2.35995752102, 54.81671940136 ], [ -2.37146811417, 54.82514839356 ], [ -2.37386615441, 54.82599129278 ], [ -2.38153988318, 54.83020578889 ], [ -2.38249909927, 54.8307677217 ], [ -2.38969321999, 54.83189158733 ], [ -2.39832616485, 54.84425410923 ], [ -2.41703087873, 54.84931150455 ], [ -2.42038813506, 54.84537797485 ], [ -2.42998029602, 54.84003961312 ], [ -2.4338171604, 54.83975864672 ], [ -2.43861324088, 54.83722994906 ], [ -2.44053167308, 54.83666801624 ], [ -2.44724618575, 54.8349822178 ], [ -2.45060344208, 54.83273448655 ], [ -2.45396069842, 54.83217255373 ], [ -2.45539952256, 54.83132965451 ], [ -2.46307325133, 54.83048675529 ], [ -2.46882854791, 54.82599129278 ], [ -2.47314502034, 54.82374356153 ], [ -2.47890031691, 54.81924809902 ], [ -2.48753326178, 54.81503360292 ], [ -2.49664581469, 54.8099762076 ], [ -2.50048267907, 54.810257174 ], [ -2.52110582514, 54.80744750994 ], [ -2.53357563438, 54.80660461072 ], [ -2.55851525288, 54.81671940136 ], [ -2.57817918285, 54.83638704984 ], [ -2.57338310237, 54.85352600065 ], [ -2.5887305599, 54.86954108584 ], [ -2.59016938404, 54.87375558194 ], [ -2.60455762548, 54.88555617102 ], [ -2.59592468062, 54.88752293587 ], [ -2.59448585648, 54.88780390228 ], [ -2.59112860014, 54.88892776791 ], [ -2.58825095185, 54.89117549916 ], [ -2.58201604723, 54.89426612964 ], [ -2.55803564483, 54.92123890469 ], [ -2.55707642873, 54.92151987109 ], [ -2.55036191606, 54.9299488633 ], [ -2.55180074021, 54.92966789689 ], [ -2.55419878045, 54.93360142659 ], [ -2.55995407702, 54.9341633594 ], [ -2.57865879089, 54.96085516805 ], [ -2.59832272086, 54.96647449618 ], [ -2.60120036915, 54.9712509251 ], [ -2.60024115305, 54.97377962276 ], [ -2.59064899209, 54.97743218605 ], [ -2.58825095185, 54.9796799173 ], [ -2.58153643918, 54.98192764856 ], [ -2.57578114261, 54.98501827903 ], [ -2.57050545408, 54.99878563296 ], [ -2.57002584603, 55.00384302829 ], [ -2.57194427822, 55.00833849079 ], [ -2.57482192651, 55.01114815486 ], [ -2.56522976555, 55.02013907988 ], [ -2.55707642873, 55.01957714707 ], [ -2.55467838849, 55.0209819791 ], [ -2.5527599563, 55.0209819791 ], [ -2.54652505168, 55.02351067676 ], [ -2.54556583558, 55.02603937442 ], [ -2.53213681024, 55.03025387052 ], [ -2.52782033781, 55.03222063537 ], [ -2.52590190562, 55.03250160178 ], [ -2.52446308147, 55.03306353459 ], [ -2.51918739294, 55.03278256819 ], [ -2.51583013661, 55.03362546741 ], [ -2.51630974466, 55.03474933303 ], [ -2.51199327222, 55.03446836663 ], [ -2.51103405613, 55.03587319866 ], [ -2.50911562394, 55.03643513147 ], [ -2.50911562394, 55.03446836663 ], [ -2.5057583676, 55.03474933303 ], [ -2.5067175837, 55.03559223225 ], [ -2.49328855835, 55.03727803069 ], [ -2.48321678935, 55.04008769476 ], [ -2.48801286983, 55.04626895571 ], [ -2.49424777445, 55.05076441822 ], [ -2.49328855835, 55.05216925025 ], [ -2.49089051811, 55.05441698151 ], [ -2.49232934226, 55.0541360151 ], [ -2.4947273825, 55.05441698151 ], [ -2.49760503079, 55.05666471276 ], [ -2.50192150322, 55.05778857839 ], [ -2.50288071931, 55.06059824246 ], [ -2.50383993541, 55.06256500731 ], [ -2.50096228712, 55.06425080575 ], [ -2.49808463883, 55.06481273856 ], [ -2.4937681664, 55.06593660419 ], [ -2.49232934226, 55.06818433544 ], [ -2.49328855835, 55.07099399951 ], [ -2.50144189517, 55.07520849561 ], [ -2.4947273825, 55.08195168937 ], [ -2.49089051811, 55.08223265578 ], [ -2.48657404568, 55.08110879015 ], [ -2.48657404568, 55.083075555 ], [ -2.49089051811, 55.08391845422 ], [ -2.48993130202, 55.08419942063 ], [ -2.49520699055, 55.08757101751 ], [ -2.49568659859, 55.08672811829 ], [ -2.49904385493, 55.08785198392 ], [ -2.51630974466, 55.08897584954 ], [ -2.52494268952, 55.08560425266 ], [ -2.52686112171, 55.08419942063 ], [ -2.53213681024, 55.08279458859 ], [ -2.54029014706, 55.08419942063 ], [ -2.54556583558, 55.08363748782 ], [ -2.54844348387, 55.08279458859 ], [ -2.55180074021, 55.08138975656 ], [ -2.55323956435, 55.08195168937 ], [ -2.55707642873, 55.08110879015 ], [ -2.56091329312, 55.08391845422 ], [ -2.55995407702, 55.08504231985 ], [ -2.55947446897, 55.08785198392 ], [ -2.56043368507, 55.08841391673 ], [ -2.55851525288, 55.08869488314 ], [ -2.56091329312, 55.08869488314 ], [ -2.56331133336, 55.0912235808 ], [ -2.56522976555, 55.09150454721 ], [ -2.56810741384, 55.09403324487 ], [ -2.57721996675, 55.09684290893 ], [ -2.57913839894, 55.09656194253 ], [ -2.58345487137, 55.09712387534 ], [ -2.58393447942, 55.09712387534 ], [ -2.58345487137, 55.10161933785 ], [ -2.58537330357, 55.10274320348 ], [ -2.5887305599, 55.1035861027 ], [ -2.59352664038, 55.10499093473 ], [ -2.59304703233, 55.10611480036 ], [ -2.59448585648, 55.10751963239 ], [ -2.59304703233, 55.11004833005 ], [ -2.599761545, 55.11566765819 ], [ -2.6016799772, 55.12269181836 ], [ -2.60263919329, 55.12465858321 ], [ -2.61558861059, 55.12746824728 ], [ -2.62422155545, 55.12887307931 ], [ -2.6256603796, 55.12746824728 ], [ -2.6357321486, 55.12971597853 ], [ -2.64724274175, 55.13112081056 ], [ -2.659712551, 55.14207850043 ], [ -2.66642706367, 55.14741686216 ], [ -2.6726619683, 55.15078845904 ], [ -2.67314157634, 55.15191232467 ], [ -2.67745804878, 55.15556488795 ], [ -2.67601922463, 55.15781261921 ], [ -2.68321334535, 55.16652257782 ], [ -2.67985608902, 55.16877030907 ], [ -2.67410079244, 55.1738277044 ], [ -2.68992785802, 55.18899989036 ], [ -2.68513177754, 55.19546211772 ], [ -2.6836929534, 55.19574308413 ], [ -2.68129491316, 55.19855274819 ], [ -2.66690667172, 55.22159199355 ], [ -2.64148744518, 55.22103006074 ], [ -2.63141567617, 55.2235587584 ], [ -2.63477293251, 55.22552552325 ], [ -2.63381371641, 55.23226871701 ], [ -2.63237489227, 55.23676417952 ], [ -2.63189528422, 55.23760707874 ], [ -2.63141567617, 55.24182157484 ], [ -2.63045646007, 55.24491220532 ], [ -2.62422155545, 55.24631703735 ], [ -2.62038469107, 55.24715993657 ], [ -2.61510900254, 55.2482838022 ], [ -2.62949724398, 55.25137443267 ], [ -2.64052822908, 55.25643182799 ], [ -2.62661959569, 55.26233212254 ], [ -2.62326233936, 55.27188498037 ], [ -2.61846625888, 55.27497561084 ], [ -2.6136701784, 55.27834720772 ], [ -2.61079253011, 55.28087590539 ], [ -2.60503723353, 55.28537136789 ], [ -2.59016938404, 55.29127166244 ], [ -2.58297526333, 55.29351939369 ], [ -2.57338310237, 55.29689099057 ], [ -2.57098506213, 55.30138645308 ], [ -2.56522976555, 55.30588191559 ], [ -2.55899486093, 55.31515380701 ], [ -2.53645328267, 55.32105410156 ], [ -2.52014660904, 55.3230208664 ], [ -2.5067175837, 55.33397855627 ], [ -2.50192150322, 55.33706918674 ], [ -2.49520699055, 55.3474649438 ], [ -2.47506345253, 55.35477007037 ], [ -2.47122658815, 55.35392717115 ], [ -2.45156265818, 55.35645586881 ], [ -2.44053167308, 55.35926553288 ], [ -2.43909284893, 55.35954649929 ], [ -2.42902107993, 55.35645586881 ], [ -2.42614343164, 55.35814166725 ], [ -2.40264263729, 55.35448910397 ], [ -2.39928538095, 55.35055557427 ], [ -2.39017282804, 55.34802687661 ], [ -2.3748253705, 55.35364620475 ], [ -2.37290693831, 55.35505103678 ], [ -2.36427399345, 55.35870360007 ], [ -2.33741594276, 55.36741355868 ], [ -2.34317123934, 55.37078515556 ], [ -2.34604888763, 55.37303288681 ], [ -2.33597711862, 55.38623830793 ], [ -2.33309947033, 55.40422015797 ], [ -2.33214025423, 55.4098394861 ], [ -2.33070143009, 55.4095585197 ], [ -2.32302770132, 55.40759175485 ], [ -2.27410768043, 55.42585457129 ], [ -2.27075042409, 55.42950713458 ], [ -2.26451551947, 55.42866423536 ], [ -2.19832960885, 55.44215062289 ], [ -2.19401313642, 55.44524125336 ], [ -2.16667547768, 55.4674375995 ], [ -2.16859390987, 55.46912339794 ], [ -2.19545196056, 55.47530465889 ], [ -2.20360529738, 55.47867625577 ], [ -2.20552372957, 55.4800810878 ], [ -2.20216647323, 55.4882291136 ], [ -2.20552372957, 55.49160071048 ], [ -2.22039157906, 55.50621096363 ], [ -2.22902452392, 55.50958256052 ], [ -2.22662648368, 55.51941638475 ], [ -2.22758569978, 55.52840730977 ], [ -2.23238178026, 55.54470336137 ], [ -2.23525942854, 55.54835592465 ], [ -2.25732139875, 55.5626852114 ], [ -2.25971943899, 55.56493294265 ], [ -2.29041435406, 55.58965798645 ], [ -2.28849592187, 55.59808697866 ], [ -2.30863945988, 55.6289932834 ], [ -2.31103750012, 55.6289932834 ], [ -2.32830338985, 55.62730748496 ], [ -2.33597711862, 55.63208391388 ], [ -2.3278237818, 55.63601744357 ], [ -2.32590534961, 55.6371413092 ], [ -2.3158335806, 55.64332257015 ], [ -2.31487436451, 55.64360353656 ], [ -2.2458108056, 55.63938904046 ], [ -2.23190217221, 55.64500836859 ], [ -2.2338206044, 55.65821378971 ], [ -2.22998374002, 55.66242828581 ], [ -2.21703432272, 55.66692374832 ], [ -2.21991197101, 55.67366694208 ], [ -2.20504412152, 55.68631043039 ], [ -2.19209470423, 55.69558232181 ], [ -2.18969666399, 55.69586328822 ], [ -2.18633940765, 55.69979681792 ], [ -2.18394136741, 55.70148261636 ], [ -2.16715508573, 55.70597807887 ], [ -2.17243077426, 55.71075450778 ], [ -2.17722685474, 55.71665480232 ], [ -2.17338999035, 55.72058833202 ], [ -2.14797076381, 55.72957925704 ], [ -2.13646017066, 55.74025598049 ], [ -2.11919428093, 55.74166081253 ], [ -2.11919428093, 55.74250371175 ], [ -2.11247976826, 55.74671820785 ] ] ] ] } },
{ "type": "Feature", "properties": { "OBJECTID": 2, "ITL121CD": "TLD", "ITL121NM": "North West (England)", "BNG_E": 350014, "BNG_N": 506279, "LONG": -2.77239, "LAT": 54.44944, "GlobalID": "2bcf98a1-8bd8-491a-9627-1bfc6391d1e3" }, "geometry": { "type": "MultiPolygon", "coordinates": [ [ [ [ -2.68992785802, 55.18899989036 ], [ -2.67410079244, 55.1738277044 ], [ -2.67985608902, 55.16877030907 ], [ -2.68321334535, 55.16652257782 ], [ -2.67601922463, 55.15781261921 ], [ -2.67745804878, 55.15556488795 ], [ -2.67314157634, 55.15191232467 ], [ -2.6726619683, 55.15078845904 ], [ -2.66642706367, 55.14741686216 ], [ -2.659712551, 55.14207850043 ], [ -2.64724274175, 55.13112081056 ], [ -2.6357321486, 55.12971597853 ], [ -2.6256603796, 55.12746824728 ], [ -2.62422155545, 55.12887307931 ], [ -2.61558861059, 55.12746824728 ], [ -2.60263919329, 55.12465858321 ], [ -2.6016799772, 55.12269181836 ], [ -2.599761545, 55.11566765819 ], [ -2.59304703233, 55.11004833005 ], [ -2.59448585648, 55.10751963239 ], [ -2.59304703233, 55.10611480036 ], [ -2.59352664038, 55.10499093473 ], [ -2.5887305599, 55.1035861027 ], [ -2.58537330357, 55.10274320348 ], [ -2.58345487137, 55.10161933785 ], [ -2.58393447942, 55.09712387534 ], [ -2.58345487137, 55.09712387534 ], [ -2.57913839894, 55.09656194253 ], [ -2.57721996675, 55.09684290893 ], [ -2.56810741384, 55.09403324487 ], [ -2.56522976555, 55.09150454721 ], [ -2.56331133336, 55.0912235808 ], [ -2.56091329312, 55.08869488314 ], [ -2.55851525288, 55.08869488314 ], [ -2.56043368507, 55.08841391673 ], [ -2.55947446897, 55.08785198392 ], [ -2.55995407702, 55.08504231985 ], [ -2.56091329312, 55.08391845422 ], [ -2.55707642873, 55.08110879015 ], [ -2.55323956435, 55.08195168937 ], [ -2.55180074021, 55.08138975656 ], [ -2.54844348387, 55.08279458859 ], [ -2.54556583558, 55.08363748782 ], [ -2.54029014706, 55.08419942063 ], [ -2.53213681024, 55.08279458859 ], [ -2.52686112171, 55.08419942063 ], [ -2.52494268952, 55.08560425266 ], [ -2.51630974466, 55.08897584954 ], [ -2.49904385493, 55.08785198392 ], [ -2.49568659859, 55.08672811829 ], [ -2.49520699055, 55.08757101751 ], [ -2.48993130202, 55.08419942063 ], [ -2.49089051811, 55.08391845422 ], [ -2.48657404568, 55.083075555 ], [ -2.48657404568, 55.08110879015 ], [ -2.49089051811, 55.08223265578 ], [ -2.4947273825, 55.08195168937 ], [ -2.50144189517, 55.07520849561 ], [ -2.49328855835, 55.07099399951 ], [ -2.49232934226, 55.06818433544 ], [ -2.4937681664, 55.06593660419 ], [ -2.49808463883, 55.06481273856 ], [ -2.50096228712, 55.06425080575 ], [ -2.50383993541, 55.06256500731 ], [ -2.50288071931, 55.06059824246 ], [ -2.50192150322, 55.05778857839 ], [ -2.49760503079, 55.05666471276 ], [ -2.4947273825, 55.05441698151 ], [ -2.49232934226, 55.0541360151 ], [ -2.49089051811, 55.05441698151 ], [ -2.49328855835, 55.05216925025 ], [ -2.49424777445, 55.05076441822 ], [ -2.48801286983, 55.04626895571 ], [ -2.48321678935, 55.04008769476 ], [ -2.49328855835, 55.03727803069 ], [ -2.5067175837, 55.03559223225 ], [ -2.5057583676, 55.03474933303 ], [ -2.50911562394, 55.03446836663 ], [ -2.50911562394, 55.03643513147 ], [ -2.51103405613, 55.03587319866 ], [ -2.51199327222, 55.03446836663 ], [ -2.51630974466, 55.03474933303 ], [ -2.51583013661, 55.03362546741 ], [ -2.51918739294, 55.03278256819 ], [ -2.52446308147, 55.03306353459 ], [ -2.52590190562, 55.03250160178 ], [ -2.52782033781, 55.03222063537 ], [ -2.53213681024, 55.03025387052 ], [ -2.54556583558, 55.02603937442 ], [ -2.54652505168, 55.02351067676 ], [ -2.5527599563, 55.0209819791 ], [ -2.55467838849, 55.0209819791 ], [ -2.55707642873, 55.01957714707 ], [ -2.56522976555, 55.02013907988 ], [ -2.57482192651, 55.01114815486 ], [ -2.57194427822, 55.00833849079 ], [ -2.57002584603, 55.00384302829 ], [ -2.57050545408, 54.99878563296 ], [ -2.57578114261, 54.98501827903 ], [ -2.58153643918, 54.98192764856 ], [ -2.58825095185, 54.9796799173 ], [ -2.59064899209, 54.97743218605 ], [ -2.60024115305, 54.97377962276 ], [ -2.60120036915, 54.9712509251 ], [ -2.59832272086, 54.96647449618 ], [ -2.57865879089, 54.96085516805 ], [ -2.55995407702, 54.9341633594 ], [ -2.55419878045, 54.93360142659 ], [ -2.55180074021, 54.92966789689 ], [ -2.55036191606, 54.9299488633 ], [ -2.55707642873, 54.92151987109 ], [ -2.55803564483, 54.92123890469 ], [ -2.58201604723, 54.89426612964 ], [ -2.58825095185, 54.89117549916 ], [ -2.59112860014, 54.88892776791 ], [ -2.59448585648, 54.88780390228 ], [ -2.59592468062, 54.88752293587 ], [ -2.60455762548, 54.88555617102 ], [ -2.59016938404, 54.87375558194 ], [ -2.5887305599, 54.86954108584 ], [ -2.57338310237, 54.85352600065 ], [ -2.57817918285, 54.83638704984 ], [ -2.55851525288, 54.81671940136 ], [ -2.53357563438, 54.80660461072 ], [ -2.52110582514, 54.80744750994 ], [ -2.50048267907, 54.810257174 ], [ -2.49664581469, 54.8099762076 ], [ -2.48753326178, 54.81503360292 ], [ -2.47890031691, 54.81924809902 ], [ -2.47314502034, 54.82374356153 ], [ -2.46882854791, 54.82599129278 ], [ -2.46307325133, 54.83048675529 ], [ -2.45539952256, 54.83132965451 ], [ -2.45396069842, 54.83217255373 ], [ -2.45060344208, 54.83273448655 ], [ -2.44724618575, 54.8349822178 ], [ -2.44053167308, 54.83666801624 ], [ -2.43861324088, 54.83722994906 ], [ -2.4338171604, 54.83975864672 ], [ -2.42998029602, 54.84003961312 ], [ -2.42038813506, 54.84537797485 ], [ -2.41703087873, 54.84931150455 ], [ -2.39832616485, 54.84425410923 ], [ -2.38969321999, 54.83189158733 ], [ -2.38249909927, 54.8307677217 ], [ -2.38153988318, 54.83020578889 ], [ -2.37386615441, 54.82599129278 ], [ -2.37146811417, 54.82514839356 ], [ -2.35995752102, 54.81671940136 ], [ -2.3527634003, 54.81081910682 ], [ -2.34844692787, 54.80716654353 ], [ -2.33405868643, 54.80491881227 ], [ -2.32830338985, 54.80491881227 ], [ -2.32734417375, 54.80519977868 ], [ -2.3158335806, 54.79255629038 ], [ -2.31199671622, 54.79115145834 ], [ -2.31295593231, 54.78721792865 ], [ -2.31391514841, 54.7852511638 ], [ -2.31295593231, 54.78272246614 ], [ -2.31151710817, 54.77541733956 ], [ -2.30863945988, 54.77345057471 ], [ -2.30959867598, 54.77260767549 ], [ -2.31295593231, 54.77092187705 ], [ -2.31775201279, 54.7686741458 ], [ -2.32110926913, 54.76642641454 ], [ -2.32110926913, 54.76558351532 ], [ -2.32110926913, 54.75659259031 ], [ -2.32062966108, 54.75490679187 ], [ -2.32302770132, 54.7520971278 ], [ -2.32686456571, 54.74732069888 ], [ -2.3278237818, 54.74338716919 ], [ -2.32734417375, 54.74029653871 ], [ -2.3278237818, 54.73692494183 ], [ -2.3287829979, 54.73692494183 ], [ -2.33070143009, 54.73523914339 ], [ -2.33166064619, 54.73242947932 ], [ -2.33070143009, 54.73046271447 ], [ -2.33789555081, 54.71669536054 ], [ -2.34221202324, 54.71613342773 ], [ -2.34125280715, 54.71472859569 ], [ -2.34173241519, 54.71388569647 ], [ -2.34413045543, 54.70995216678 ], [ -2.34413045543, 54.70770443552 ], [ -2.34125280715, 54.70601863708 ], [ -2.34269163129, 54.70461380505 ], [ -2.34461006348, 54.70208510739 ], [ -2.34461006348, 54.70180414098 ], [ -2.34940614396, 54.70124220817 ], [ -2.35324300834, 54.69787061129 ], [ -2.35372261639, 54.69590384644 ], [ -2.35228379225, 54.6944990144 ], [ -2.35036536006, 54.6900035519 ], [ -2.3518041842, 54.68747485423 ], [ -2.34700810372, 54.68382229095 ], [ -2.34365084739, 54.68213649251 ], [ -2.33549751057, 54.67539329874 ], [ -2.33070143009, 54.67455039952 ], [ -2.32734417375, 54.6737075003 ], [ -2.3278237818, 54.67174073545 ], [ -2.32494613351, 54.67005493701 ], [ -2.32254809327, 54.66893107139 ], [ -2.30815985184, 54.6694930042 ], [ -2.30624141964, 54.67005493701 ], [ -2.28993474601, 54.65347791901 ], [ -2.29904729892, 54.64561085962 ], [ -2.3057618116, 54.64280119555 ], [ -2.30815985184, 54.64083443071 ], [ -2.31103750012, 54.63774380023 ], [ -2.31727240475, 54.63549606898 ], [ -2.32398691742, 54.6321244721 ], [ -2.32494613351, 54.63156253928 ], [ -2.30432298745, 54.59616077203 ], [ -2.20936059395, 54.55176807975 ], [ -2.19737039275, 54.53266236409 ], [ -2.17243077426, 54.53238139768 ], [ -2.17099195011, 54.5290098008 ], [ -2.17434920645, 54.52170467423 ], [ -2.16235900525, 54.5040037906 ], [ -2.15900174891, 54.47197362022 ], [ -2.15948135696, 54.471130721 ], [ -2.17003273402, 54.45820626629 ], [ -2.18202293522, 54.45736336707 ], [ -2.29137357016, 54.43600992015 ], [ -2.30000651502, 54.39498882476 ], [ -2.32062966108, 54.37307344503 ], [ -2.32254809327, 54.37082571378 ], [ -2.32350730937, 54.37054474737 ], [ -2.32686456571, 54.36801604971 ], [ -2.33309947033, 54.36464445283 ], [ -2.33837515886, 54.36380155361 ], [ -2.34269163129, 54.36155382235 ], [ -2.3527634003, 54.35846319188 ], [ -2.35660026468, 54.35593449422 ], [ -2.36619242564, 54.355091595 ], [ -2.35324300834, 54.34834840123 ], [ -2.34796731982, 54.34666260279 ], [ -2.31247632427, 54.32502818947 ], [ -2.32302770132, 54.31097986913 ], [ -2.32062966108, 54.30676537303 ], [ -2.32446652547, 54.30086507848 ], [ -2.31967044499, 54.2890644894 ], [ -2.31919083694, 54.28372612767 ], [ -2.32110926913, 54.28232129564 ], [ -2.31919083694, 54.27445423625 ], [ -2.32254809327, 54.24804339401 ], [ -2.32830338985, 54.24186213306 ], [ -2.33597711862, 54.23792860336 ], [ -2.46067521109, 54.22668994709 ], [ -2.52782033781, 54.16965376651 ], [ -2.53021837805, 54.16403443838 ], [ -2.55851525288, 54.14998611804 ], [ -2.55755603678, 54.14998611804 ], [ -2.56235211726, 54.13509489848 ], [ -2.56331133336, 54.1277897719 ], [ -2.56331133336, 54.12273237658 ], [ -2.54556583558, 54.11570821641 ], [ -2.53021837805, 54.10278376169 ], [ -2.50863601589, 54.09238800464 ], [ -2.48657404568, 54.08480191166 ], [ -2.4587567789, 54.04040921939 ], [ -2.42566382359, 54.03816148813 ], [ -2.39113204414, 54.04406178267 ], [ -2.36043712906, 54.0243941342 ], [ -2.33933437495, 54.00950291464 ], [ -2.34269163129, 54.00866001542 ], [ -2.35372261639, 54.0038835865 ], [ -2.34556927958, 53.99208299742 ], [ -2.31823162084, 53.99208299742 ], [ -2.31295593231, 53.98814946772 ], [ -2.29856769088, 53.97775371067 ], [ -2.2458108056, 53.9791585427 ], [ -2.24437198145, 53.98112530755 ], [ -2.23046334806, 53.98140627396 ], [ -2.22422844344, 53.97859660989 ], [ -2.22422844344, 53.97606791223 ], [ -2.22518765954, 53.97550597942 ], [ -2.23190217221, 53.97129148331 ], [ -2.22950413197, 53.96960568487 ], [ -2.209840202, 53.96286249111 ], [ -2.20312568933, 53.96791988643 ], [ -2.20168686518, 53.96791988643 ], [ -2.20024804104, 53.96960568487 ], [ -2.19545196056, 53.96623408799 ], [ -2.19113548813, 53.95808606219 ], [ -2.18777823179, 53.9541525325 ], [ -2.18154332717, 53.94544257389 ], [ -2.16427743744, 53.93476585043 ], [ -2.13214369823, 53.92661782463 ], [ -2.11679624069, 53.91734593321 ], [ -2.10768368778, 53.90807404179 ], [ -2.11295937631, 53.9047024449 ], [ -2.08897897391, 53.86817681202 ], [ -2.08610132562, 53.86958164405 ], [ -2.06308013932, 53.859185887 ], [ -2.06212092322, 53.859185887 ], [ -2.09617309463, 53.81254546348 ], [ -2.1278272258, 53.79821617673 ], [ -2.12878644189, 53.79372071422 ], [ -2.13214369823, 53.78332495717 ], [ -2.13118448213, 53.77433403215 ], [ -2.13022526604, 53.7723672673 ], [ -2.13022526604, 53.76309537588 ], [ -2.14509311552, 53.73696550005 ], [ -2.14892997991, 53.73387486957 ], [ -2.15708331672, 53.7349987352 ], [ -2.15612410063, 53.73359390317 ], [ -2.16907351792, 53.71561205313 ], [ -2.16667547768, 53.71364528828 ], [ -2.15036880405, 53.69453957262 ], [ -2.1378989948, 53.68386284916 ], [ -2.1268680097, 53.67964835306 ], [ -2.11823506484, 53.67121936086 ], [ -2.09713231073, 53.67262419289 ], [ -2.09617309463, 53.67150032726 ], [ -2.07171308418, 53.67824352103 ], [ -2.07123347614, 53.67880545384 ], [ -2.06068209908, 53.68273898354 ], [ -2.04869189788, 53.68021028587 ], [ -2.05061033007, 53.67964835306 ], [ -2.03957934497, 53.64902301472 ], [ -2.02998718401, 53.63609856001 ], [ -2.02327267134, 53.61586897872 ], [ -2.00936403795, 53.61671187794 ], [ -1.99497579651, 53.60350645682 ], [ -1.95372950438, 53.57597174895 ], [ -1.95372950438, 53.57569078255 ], [ -1.92543262955, 53.55321347 ], [ -1.92447341345, 53.55265153719 ], [ -1.91919772493, 53.55096573875 ], [ -1.9129628203, 53.55152767156 ], [ -1.90912595592, 53.53860321685 ], [ -1.92687145369, 53.52090233322 ], [ -1.92207537321, 53.50994464336 ], [ -1.94221891123, 53.50657304648 ], [ -1.95133146414, 53.50432531522 ], [ -1.95948480096, 53.50601111366 ], [ -1.96715852972, 53.5074159457 ], [ -1.97147500216, 53.50460628163 ], [ -1.97243421825, 53.49280569254 ], [ -1.9849040275, 53.48325283471 ], [ -1.98778167579, 53.46948548078 ], [ -1.9839448114, 53.4661138839 ], [ -1.98058755507, 53.46330421983 ], [ -1.98922049993, 53.4540323284 ], [ -1.99305736432, 53.45234652996 ], [ -1.99497579651, 53.44700816823 ], [ -2.00840482185, 53.43605047837 ], [ -2.01368051038, 53.43998400807 ], [ -2.02567071158, 53.43015018383 ], [ -2.01511933452, 53.4166637963 ], [ -2.01368051038, 53.41638282989 ], [ -2.00504756551, 53.41497799786 ], [ -1.99737383675, 53.40345837518 ], [ -2.00504756551, 53.39053392047 ], [ -2.01511933452, 53.38070009623 ], [ -2.01847659086, 53.38013816342 ], [ -2.0208746311, 53.37760946576 ], [ -2.02854835987, 53.37086627199 ], [ -2.03046679206, 53.37002337277 ], [ -2.02615031963, 53.36356114542 ], [ -2.00648638966, 53.35176055633 ], [ -2.01416011843, 53.33995996725 ], [ -2.01176207819, 53.32591164691 ], [ -2.00984364599, 53.32450681487 ], [ -2.00840482185, 53.32225908362 ], [ -2.00169030918, 53.31888748674 ], [ -2.00648638966, 53.27168513039 ], [ -2.00600678161, 53.27140416399 ], [ -2.00169030918, 53.24864588504 ], [ -1.99929226894, 53.24639815378 ], [ -1.97627108264, 53.22757340453 ], [ -1.97818951483, 53.22701147171 ], [ -1.98202637921, 53.22616857249 ], [ -1.9839448114, 53.22588760609 ], [ -1.98922049993, 53.2180205467 ], [ -1.98730206774, 53.21352508419 ], [ -1.98730206774, 53.21183928575 ], [ -1.98922049993, 53.2098725209 ], [ -1.99065932408, 53.20818672246 ], [ -1.99305736432, 53.20650092402 ], [ -1.99257775627, 53.20481512558 ], [ -1.9968942287, 53.197509999 ], [ -1.99881266089, 53.19610516697 ], [ -2.00025148503, 53.19385743571 ], [ -2.00504756551, 53.1932955029 ], [ -2.00696599771, 53.19245260368 ], [ -2.03142600815, 53.1932955029 ], [ -2.03430365644, 53.1932955029 ], [ -2.04773268178, 53.19217163727 ], [ -2.04965111398, 53.19048583883 ], [ -2.05204915422, 53.18767617476 ], [ -2.0549268025, 53.18570940992 ], [ -2.05444719446, 53.18318071225 ], [ -2.0568452347, 53.18149491381 ], [ -2.05972288298, 53.18009008178 ], [ -2.05828405884, 53.17868524975 ], [ -2.07171308418, 53.17194205598 ], [ -2.07794798881, 53.17053722395 ], [ -2.08274406929, 53.17025625754 ], [ -2.08706054172, 53.16997529114 ], [ -2.08897897391, 53.17081819036 ], [ -2.11056133607, 53.16941335832 ], [ -2.11535741655, 53.16941335832 ], [ -2.1158370246, 53.17081819036 ], [ -2.11391859241, 53.17194205598 ], [ -2.1148778085, 53.1725039888 ], [ -2.11775545679, 53.17194205598 ], [ -2.12351075336, 53.17362785442 ], [ -2.12494957751, 53.17390882083 ], [ -2.1278272258, 53.17475172005 ], [ -2.13022526604, 53.1767184849 ], [ -2.13358252237, 53.18289974585 ], [ -2.14029703504, 53.18402361147 ], [ -2.14221546724, 53.18233781303 ], [ -2.14173585919, 53.17924718256 ], [ -2.14269507528, 53.17784235053 ], [ -2.14461350748, 53.17615655208 ], [ -2.14461350748, 53.17475172005 ], [ -2.14557272357, 53.15733180283 ], [ -2.1508484121, 53.15957953408 ], [ -2.15948135696, 53.15283634032 ], [ -2.16811430183, 53.14805991141 ], [ -2.17674724669, 53.14553121374 ], [ -2.18633940765, 53.13597835591 ], [ -2.19353352837, 53.12951612856 ], [ -2.21127902614, 53.11574877462 ], [ -2.21271785029, 53.11518684181 ], [ -2.21703432272, 53.1106913793 ], [ -2.22470805149, 53.10366721913 ], [ -2.23046334806, 53.10366721913 ], [ -2.23813707683, 53.10113852147 ], [ -2.23909629293, 53.10001465584 ], [ -2.25108649413, 53.09299049567 ], [ -2.25348453437, 53.09299049567 ], [ -2.27698532872, 53.0859663355 ], [ -2.27506689652, 53.08231377222 ], [ -2.28513866553, 53.07978507455 ], [ -2.29089396211, 53.07894217533 ], [ -2.29521043454, 53.07978507455 ], [ -2.29664925868, 53.08090894018 ], [ -2.30336377136, 53.08287570503 ], [ -2.31487436451, 53.08090894018 ], [ -2.31823162084, 53.08118990659 ], [ -2.32302770132, 53.07809927611 ], [ -2.3287829979, 53.07669444408 ], [ -2.32974221399, 53.07304188079 ], [ -2.33645672667, 53.06629868703 ], [ -2.34125280715, 53.06011742608 ], [ -2.34652849567, 53.0570267956 ], [ -2.34892653591, 53.05646486279 ], [ -2.3518041842, 53.05730776201 ], [ -2.35755948078, 53.05477906435 ], [ -2.36187595321, 53.05506003076 ], [ -2.37242733026, 53.05449809794 ], [ -2.3748253705, 53.05449809794 ], [ -2.37722341074, 53.0528122995 ], [ -2.38106027513, 53.05253133309 ], [ -2.38058066708, 53.04972166903 ], [ -2.38345831537, 53.0485978034 ], [ -2.38489713951, 53.04803587059 ], [ -2.38201949122, 53.04578813933 ], [ -2.38249909927, 53.04410234089 ], [ -2.38441753146, 53.03848301276 ], [ -2.38441753146, 53.03398755025 ], [ -2.38153988318, 53.00785767441 ], [ -2.38297870732, 53.00785767441 ], [ -2.38058066708, 53.00280027909 ], [ -2.38058066708, 53.00195737987 ], [ -2.38010105903, 53.00083351424 ], [ -2.38058066708, 52.99970964862 ], [ -2.38058066708, 52.99830481658 ], [ -2.38537674756, 52.99661901814 ], [ -2.38921361194, 52.99549515252 ], [ -2.38969321999, 52.99549515252 ], [ -2.40072420509, 52.99549515252 ], [ -2.40264263729, 52.9949332197 ], [ -2.40408146143, 52.99605708533 ], [ -2.40743871777, 52.99521418611 ], [ -2.40504067753, 52.99296645485 ], [ -2.4107959741, 52.98790905953 ], [ -2.41607166263, 52.98819002594 ], [ -2.41894931092, 52.98847099235 ], [ -2.42086774311, 52.98706616031 ], [ -2.4237453914, 52.98622326109 ], [ -2.42902107993, 52.98566132828 ], [ -2.4357355926, 52.98285166421 ], [ -2.43621520064, 52.98144683218 ], [ -2.43429676845, 52.97976103374 ], [ -2.43621520064, 52.97779426889 ], [ -2.4357355926, 52.97751330248 ], [ -2.43429676845, 52.97610847045 ], [ -2.4347763765, 52.9702081759 ], [ -2.43861324088, 52.96936527668 ], [ -2.44053167308, 52.9699272095 ], [ -2.44292971332, 52.97077010872 ], [ -2.45300148232, 52.96543174699 ], [ -2.46019560304, 52.96402691495 ], [ -2.47026737205, 52.96149821729 ], [ -2.47266541229, 52.96206015011 ], [ -2.47314502034, 52.96206015011 ], [ -2.47506345253, 52.96262208292 ], [ -2.47602266863, 52.96206015011 ], [ -2.47746149277, 52.96065531807 ], [ -2.49089051811, 52.96515078058 ], [ -2.49184973421, 52.96767947824 ], [ -2.49904385493, 52.96852237746 ], [ -2.5067175837, 52.9657127134 ], [ -2.51199327222, 52.9699272095 ], [ -2.51439131246, 52.97189397434 ], [ -2.51966700099, 52.97386073919 ], [ -2.52158543318, 52.97301783997 ], [ -2.52302425733, 52.9702081759 ], [ -2.52302425733, 52.96964624309 ], [ -2.52254464928, 52.96824141106 ], [ -2.52302425733, 52.96739851184 ], [ -2.52350386538, 52.96486981417 ], [ -2.52398347342, 52.96374594855 ], [ -2.52302425733, 52.96149821729 ], [ -2.52254464928, 52.96121725089 ], [ -2.52302425733, 52.96009338526 ], [ -2.52254464928, 52.95896951963 ], [ -2.52398347342, 52.95728372119 ], [ -2.52638151366, 52.95250729228 ], [ -2.52686112171, 52.95110246024 ], [ -2.52973877, 52.94716893055 ], [ -2.54124936315, 52.95278825868 ], [ -2.54796387582, 52.95700275478 ], [ -2.55563760459, 52.95896951963 ], [ -2.55899486093, 52.96234111651 ], [ -2.56810741384, 52.96234111651 ], [ -2.57146467017, 52.96206015011 ], [ -2.57242388627, 52.96262208292 ], [ -2.57194427822, 52.95925048604 ], [ -2.57338310237, 52.95840758682 ], [ -2.59784311281, 52.96290304933 ], [ -2.59640428867, 52.96655561262 ], [ -2.59592468062, 52.96767947824 ], [ -2.59688389672, 52.96964624309 ], [ -2.59832272086, 52.97161300794 ], [ -2.59256742428, 52.9741417056 ], [ -2.59592468062, 52.97976103374 ], [ -2.6007207611, 52.97891813451 ], [ -2.60407801744, 52.97891813451 ], [ -2.60359840939, 52.98172779858 ], [ -2.61510900254, 52.98762809313 ], [ -2.62182351521, 52.9867851939 ], [ -2.63093606812, 52.99577611892 ], [ -2.63429332446, 52.99605708533 ], [ -2.65539607857, 52.99324742126 ], [ -2.65827372686, 52.99156162282 ], [ -2.6606717671, 52.99156162282 ], [ -2.66594745563, 52.98875195875 ], [ -2.6717027522, 52.98706616031 ], [ -2.67458040049, 52.98566132828 ], [ -2.67985608902, 52.9865042275 ], [ -2.6846521695, 52.9865042275 ], [ -2.68705020974, 52.9867851939 ], [ -2.68657060169, 52.98819002594 ], [ -2.69184629022, 52.99043775719 ], [ -2.69424433046, 52.99324742126 ], [ -2.69952001898, 52.99549515252 ], [ -2.71198982823, 52.98622326109 ], [ -2.71534708457, 52.98509939546 ], [ -2.71822473285, 52.98425649624 ], [ -2.72014316505, 52.98397552984 ], [ -2.72685767772, 52.98313263062 ], [ -2.72877610991, 52.98453746265 ], [ -2.7316537582, 52.98453746265 ], [ -2.73453140649, 52.98509939546 ], [ -2.73644983868, 52.98453746265 ], [ -2.73692944673, 52.98453746265 ], [ -2.73740905477, 52.98481842906 ], [ -2.73932748697, 52.98594229468 ], [ -2.74028670306, 52.98566132828 ], [ -2.74172552721, 52.9865042275 ], [ -2.74556239159, 52.98706616031 ], [ -2.74796043183, 52.9865042275 ], [ -2.7537157284, 52.98622326109 ], [ -2.76186906522, 52.98931389157 ], [ -2.76090984912, 52.98987582438 ], [ -2.76234867327, 52.99156162282 ], [ -2.76426710546, 52.99352838767 ], [ -2.76522632156, 52.99380935407 ], [ -2.7666651457, 52.99409032048 ], [ -2.76858357789, 52.99380935407 ], [ -2.77146122618, 52.99324742126 ], [ -2.77146122618, 52.99409032048 ], [ -2.77481848252, 52.99437128689 ], [ -2.77577769861, 52.9946522533 ], [ -2.77817573885, 52.99380935407 ], [ -2.78057377909, 52.99380935407 ], [ -2.78057377909, 52.99409032048 ], [ -2.78153299519, 52.99409032048 ], [ -2.78153299519, 52.9946522533 ], [ -2.78153299519, 52.99521418611 ], [ -2.78057377909, 52.99577611892 ], [ -2.78345142738, 52.99549515252 ], [ -2.78441064348, 52.9949332197 ], [ -2.78393103543, 52.9946522533 ], [ -2.79448241248, 52.99296645485 ], [ -2.79208437224, 52.99212355563 ], [ -2.79736006077, 52.99128065641 ], [ -2.79736006077, 52.9907187236 ], [ -2.80071731711, 52.9907187236 ], [ -2.80119692515, 52.99099969001 ], [ -2.8016765332, 52.99043775719 ], [ -2.80359496539, 52.98959485797 ], [ -2.80407457344, 52.99156162282 ], [ -2.80695222173, 52.99184258923 ], [ -2.81270751831, 52.99268548845 ], [ -2.81318712635, 52.99240452204 ], [ -2.81702399074, 52.99352838767 ], [ -2.81942203098, 52.99437128689 ], [ -2.82373850341, 52.99352838767 ], [ -2.82373850341, 52.99324742126 ], [ -2.82853458389, 52.99549515252 ], [ -2.83237144827, 52.99605708533 ], [ -2.83428988046, 52.99661901814 ], [ -2.83572870461, 52.99774288377 ], [ -2.83716752875, 53.00195737987 ], [ -2.8386063529, 53.00532897675 ], [ -2.84004517704, 53.00701477519 ], [ -2.84052478509, 53.0072957416 ], [ -2.84052478509, 53.01038637208 ], [ -2.84148400118, 53.01431990177 ], [ -2.86114793115, 53.02274889397 ], [ -2.85970910701, 53.02555855804 ], [ -2.85922949896, 53.03061595336 ], [ -2.85827028286, 53.03089691977 ], [ -2.85635185067, 53.03286368462 ], [ -2.85827028286, 53.03848301276 ], [ -2.8625867553, 53.03904494557 ], [ -2.86690322773, 53.0404497776 ], [ -2.8625867553, 53.04410234089 ], [ -2.86642361968, 53.0443833073 ], [ -2.86498479554, 53.04494524011 ], [ -2.86930126797, 53.0446642737 ], [ -2.87026048406, 53.04522620652 ], [ -2.86306636334, 53.0485978034 ], [ -2.86498479554, 53.05196940028 ], [ -2.86834205187, 53.05000263543 ], [ -2.86594401163, 53.05168843387 ], [ -2.86546440358, 53.05196940028 ], [ -2.86594401163, 53.0528122995 ], [ -2.85922949896, 53.05421713154 ], [ -2.86018871506, 53.05477906435 ], [ -2.86690322773, 53.0567458292 ], [ -2.86642361968, 53.0570267956 ], [ -2.87026048406, 53.0567458292 ], [ -2.8726585243, 53.05871259404 ], [ -2.86450518749, 53.06067935889 ], [ -2.8616275392, 53.06039839249 ], [ -2.8616275392, 53.06067935889 ], [ -2.86402557944, 53.06320805655 ], [ -2.87026048406, 53.06433192218 ], [ -2.87026048406, 53.06489385499 ], [ -2.86786244382, 53.06686061984 ], [ -2.86930126797, 53.06967028391 ], [ -2.87553617259, 53.0733228472 ], [ -2.88081186112, 53.07388478001 ], [ -2.87937303697, 53.07781830971 ], [ -2.87553617259, 53.08147087299 ], [ -2.89088363013, 53.08737116754 ], [ -2.89184284622, 53.0898998652 ], [ -2.89376127841, 53.09158566364 ], [ -2.90239422328, 53.09270952927 ], [ -2.89711853475, 53.09889079022 ], [ -2.89376127841, 53.098047891 ], [ -2.89424088646, 53.09748595818 ], [ -2.8975981428, 53.09636209255 ], [ -2.89328167037, 53.09636209255 ], [ -2.88704676574, 53.10535301757 ], [ -2.89088363013, 53.10507205117 ], [ -2.89280206232, 53.10394818554 ], [ -2.89328167037, 53.10591495039 ], [ -2.89184284622, 53.10928654727 ], [ -2.88992441403, 53.10900558086 ], [ -2.88416911745, 53.11378200978 ], [ -2.88129146917, 53.12164906917 ], [ -2.88416911745, 53.12052520354 ], [ -2.88656715769, 53.12136810276 ], [ -2.89184284622, 53.1188394051 ], [ -2.89184284622, 53.11799650588 ], [ -2.89520010256, 53.11659167384 ], [ -2.89951657499, 53.11406297618 ], [ -2.90623108766, 53.11237717774 ], [ -2.909588344, 53.11265814415 ], [ -2.91390481643, 53.11378200978 ], [ -2.91726207276, 53.1149058754 ], [ -2.919660113, 53.11602974103 ], [ -2.92109893715, 53.11715360666 ], [ -2.92397658544, 53.11855843869 ], [ -2.92877266592, 53.11996327073 ], [ -2.93212992225, 53.11996327073 ], [ -2.93548717859, 53.12136810276 ], [ -2.94220169126, 53.12136810276 ], [ -2.94699777174, 53.1272683973 ], [ -2.94795698783, 53.12783033012 ], [ -2.95802875684, 53.13035902778 ], [ -2.96378405342, 53.13288772544 ], [ -2.9805703351, 53.14946474344 ], [ -2.98440719948, 53.147778945 ], [ -2.98728484777, 53.15115054188 ], [ -2.99208092825, 53.15676987002 ], [ -2.99016249606, 53.15761276924 ], [ -2.98392759143, 53.15761276924 ], [ -2.98152955119, 53.1562079372 ], [ -2.96282483732, 53.16210823174 ], [ -2.95083463612, 53.16604176144 ], [ -2.9455589476, 53.16604176144 ], [ -2.94028325907, 53.16660369425 ], [ -2.93404835444, 53.16941335832 ], [ -2.92301736934, 53.17531365286 ], [ -2.92109893715, 53.17699945131 ], [ -2.92013972105, 53.18065201459 ], [ -2.9206193291, 53.18289974585 ], [ -2.9206193291, 53.18374264507 ], [ -2.92493580153, 53.19104777164 ], [ -2.93548717859, 53.19638613337 ], [ -2.94891620393, 53.21071542012 ], [ -3.02613309965, 53.24836491863 ], [ -3.09183940223, 53.25988454131 ], [ -3.09279861832, 53.26016550772 ], [ -3.09519665856, 53.26213227256 ], [ -3.09567626661, 53.26241323897 ], [ -3.099513131, 53.26522290304 ], [ -3.10718685976, 53.2719660968 ], [ -3.13068765411, 53.33012614301 ], [ -3.20214925326, 53.37704753294 ], [ -3.1704951221, 53.40233450955 ], [ -3.03668447671, 53.43970304166 ], [ -2.94939581198, 53.32310198284 ], [ -2.87074009211, 53.29107181246 ], [ -2.82182007122, 53.30736786406 ], [ -2.96953934999, 53.37592366732 ], [ -3.10287038733, 53.53888418326 ], [ -3.05395036644, 53.62598376936 ], [ -2.92925227396, 53.73134617191 ], [ -3.05538919058, 53.76702890557 ], [ -3.0505931101, 53.91818883243 ], [ -2.92397658544, 53.9499380364 ], [ -2.88752637379, 54.06625812881 ], [ -2.79448241248, 54.1235752758 ], [ -2.83381027242, 54.17190149777 ], [ -2.92733384177, 54.14998611804 ], [ -3.06066487911, 54.16206767353 ], [ -3.13164687021, 54.10222182888 ], [ -3.24483436953, 54.11683208203 ], [ -3.21701710275, 54.1775208259 ], [ -3.32396969745, 54.19156914624 ], [ -3.42085052314, 54.28456902689 ], [ -3.4304426841, 54.34188617388 ], [ -3.63859257692, 54.51777114453 ], [ -3.57096784216, 54.60290396579 ], [ -3.57576392264, 54.64673472525 ], [ -3.43427954848, 54.76249288485 ], [ -3.39974776903, 54.86729335458 ], [ -3.28512144556, 54.94146848598 ], [ -3.21126180617, 54.95439294069 ], [ -3.14315746336, 54.92882499767 ], [ -3.05203193425, 54.99316630483 ], [ -3.05251154229, 54.99457113686 ], [ -3.04627663767, 55.0004714314 ], [ -3.04483781353, 55.00609075954 ], [ -3.04291938133, 55.01339588612 ], [ -3.04148055719, 55.01620555018 ], [ -3.03908251695, 55.01648651659 ], [ -3.04148055719, 55.02042004629 ], [ -3.04004173305, 55.02126294551 ], [ -3.03764369281, 55.02210584473 ], [ -3.03668447671, 55.02182487832 ], [ -3.03428643647, 55.02407260957 ], [ -3.02805153185, 55.03418740022 ], [ -3.03380682842, 55.03896382913 ], [ -3.03812330085, 55.04121156039 ], [ -3.04196016524, 55.04458315727 ], [ -3.04387859743, 55.0457070229 ], [ -3.04675624572, 55.04739282134 ], [ -3.04915428596, 55.04851668697 ], [ -3.05347075839, 55.04964055259 ], [ -3.05107271815, 55.05273118307 ], [ -3.04339898938, 55.05554084714 ], [ -3.03428643647, 55.05554084714 ], [ -3.00023426506, 55.05245021666 ], [ -2.96474326951, 55.05020248541 ], [ -2.9565899327, 55.05357408229 ], [ -2.93884443492, 55.05919341042 ], [ -2.93740561078, 55.06059824246 ], [ -2.93740561078, 55.0704320667 ], [ -2.92637462568, 55.0704320667 ], [ -2.91534364057, 55.0788610589 ], [ -2.89088363013, 55.08813295032 ], [ -2.88992441403, 55.0872900511 ], [ -2.88368950941, 55.08757101751 ], [ -2.8856079416, 55.08869488314 ], [ -2.87889342893, 55.09487614409 ], [ -2.87121970016, 55.10021450582 ], [ -2.87169930821, 55.10302416988 ], [ -2.85011694605, 55.11117219568 ], [ -2.84388204142, 55.11679152382 ], [ -2.8376471368, 55.11763442304 ], [ -2.82757536779, 55.12493954961 ], [ -2.83285105632, 55.1325256426 ], [ -2.81702399074, 55.13786400433 ], [ -2.81270751831, 55.13617820589 ], [ -2.80935026197, 55.13702110511 ], [ -2.79352319639, 55.13954980277 ], [ -2.79256398029, 55.14039270199 ], [ -2.789686332, 55.14179753402 ], [ -2.78489025152, 55.14179753402 ], [ -2.77481848252, 55.14825976138 ], [ -2.77002240204, 55.14994555982 ], [ -2.76954279399, 55.15050749263 ], [ -2.76618553765, 55.15106942545 ], [ -2.7657059296, 55.15247425748 ], [ -2.76138945717, 55.15359812311 ], [ -2.75419533645, 55.15640778718 ], [ -2.75131768816, 55.15640778718 ], [ -2.74508278354, 55.16034131687 ], [ -2.7426847433, 55.16118421609 ], [ -2.73692944673, 55.16343194734 ], [ -2.73501101453, 55.16455581297 ], [ -2.73501101453, 55.1656796786 ], [ -2.72925571796, 55.16820837626 ], [ -2.72254120529, 55.16933224189 ], [ -2.72014316505, 55.17045610751 ], [ -2.69760158679, 55.18085186457 ], [ -2.69376472241, 55.18450442785 ], [ -2.68992785802, 55.18899989036 ] ] ] ] } },
{ "type": "Feature", "properties": { "OBJECTID": 3, "ITL121CD": "TLE", "ITL121NM": "Yorkshire and The Humber", "BNG_E": 446902, "BNG_N": 448736, "LONG": -1.28714, "LAT": 53.93264, "GlobalID": "d10dc201-3db7-4a7e-918e-b7e65831b3c8" }, "geometry": { "type": "MultiPolygon", "coordinates": [ [ [ [ -2.17003273402, 54.45820626629 ], [ -2.15948135696, 54.45539660222 ], [ -2.15516488453, 54.45708240066 ], [ -2.12638840165, 54.46213979598 ], [ -2.12303114532, 54.46157786317 ], [ -2.11439820045, 54.46410656083 ], [ -2.10192839121, 54.46523042646 ], [ -2.08178485319, 54.47000685538 ], [ -2.07554994857, 54.47309748585 ], [ -2.06979465199, 54.47562618351 ], [ -2.06308013932, 54.47899778039 ], [ -2.06116170713, 54.48068357883 ], [ -2.05300837031, 54.48068357883 ], [ -2.05061033007, 54.48152647805 ], [ -2.04341620935, 54.4834932429 ], [ -2.03718130473, 54.47422135148 ], [ -2.02950757596, 54.47281651944 ], [ -1.9968942287, 54.4669162249 ], [ -1.98634285164, 54.46157786317 ], [ -1.98538363555, 54.45989206473 ], [ -1.97627108264, 54.45961109832 ], [ -1.9719546102, 54.45399177019 ], [ -1.96859735387, 54.45174403893 ], [ -1.96619931363, 54.45174403893 ], [ -1.96044401705, 54.45202500534 ], [ -1.95564793657, 54.45399177019 ], [ -1.95372950438, 54.45342983737 ], [ -1.94701499171, 54.45427273659 ], [ -1.93406557441, 54.45736336707 ], [ -1.9129628203, 54.46185882958 ], [ -1.88562516157, 54.47281651944 ], [ -1.86740005575, 54.48208841087 ], [ -1.85876711088, 54.48265034368 ], [ -1.86020593503, 54.48714580619 ], [ -1.85924671893, 54.48911257104 ], [ -1.85780789479, 54.49360803355 ], [ -1.85540985455, 54.50344185778 ], [ -1.85109338211, 54.50344185778 ], [ -1.83958278896, 54.50849925311 ], [ -1.83142945215, 54.50372282419 ], [ -1.8319090602, 54.50259895856 ], [ -1.82423533143, 54.5000702609 ], [ -1.82471493948, 54.49782252965 ], [ -1.79114237612, 54.48939353744 ], [ -1.79018316002, 54.49276513433 ], [ -1.78730551173, 54.50091316012 ], [ -1.78490747149, 54.50287992497 ], [ -1.78250943125, 54.50568958904 ], [ -1.77627452663, 54.51917597656 ], [ -1.77963178297, 54.53181946487 ], [ -1.76716197372, 54.53238139768 ], [ -1.76140667714, 54.5290098008 ], [ -1.75421255642, 54.5287288344 ], [ -1.74749804375, 54.52929076721 ], [ -1.71056822406, 54.53828169223 ], [ -1.69857802286, 54.53603396097 ], [ -1.68946546995, 54.53547202816 ], [ -1.66068898707, 54.53519106175 ], [ -1.65493369049, 54.53041463284 ], [ -1.640065841, 54.52563820392 ], [ -1.62807563981, 54.51383761484 ], [ -1.60361562936, 54.51130891717 ], [ -1.5810740511, 54.51271374921 ], [ -1.55421600042, 54.47955971321 ], [ -1.55133835213, 54.47450231788 ], [ -1.51392892439, 54.48377420931 ], [ -1.50673480367, 54.47843584758 ], [ -1.50145911514, 54.48433614212 ], [ -1.49858146685, 54.4750642507 ], [ -1.4870708737, 54.47309748585 ], [ -1.46884576788, 54.45933013192 ], [ -1.47220302421, 54.45567756863 ], [ -1.45541674253, 54.45539660222 ], [ -1.46021282301, 54.47141168741 ], [ -1.46117203911, 54.48461710853 ], [ -1.46165164716, 54.48602194056 ], [ -1.45829439082, 54.49276513433 ], [ -1.42664025966, 54.48405517571 ], [ -1.43335477233, 54.48012164602 ], [ -1.40985397798, 54.47843584758 ], [ -1.38971043996, 54.48658387338 ], [ -1.3810774951, 54.49388899995 ], [ -1.37580180657, 54.49051740307 ], [ -1.37340376633, 54.47365941866 ], [ -1.36189317318, 54.46775912412 ], [ -1.34990297198, 54.47281651944 ], [ -1.3451068915, 54.47253555304 ], [ -1.34462728345, 54.47169265382 ], [ -1.34462728345, 54.46916395615 ], [ -1.3441476754, 54.46888298975 ], [ -1.34270885126, 54.46804009053 ], [ -1.34270885126, 54.46775912412 ], [ -1.3441476754, 54.46410656083 ], [ -1.31824884081, 54.47225458663 ], [ -1.31297315229, 54.47731198195 ], [ -1.31057511205, 54.47759294836 ], [ -1.30338099133, 54.47843584758 ], [ -1.30194216718, 54.47787391477 ], [ -1.30146255913, 54.47646908273 ], [ -1.28659470965, 54.48405517571 ], [ -1.28803353379, 54.48630290697 ], [ -1.28755392574, 54.48798870541 ], [ -1.28755392574, 54.4874267726 ], [ -1.28083941307, 54.49051740307 ], [ -1.27748215674, 54.48967450385 ], [ -1.27268607626, 54.49023643666 ], [ -1.27076764406, 54.48911257104 ], [ -1.25446097043, 54.49669866402 ], [ -1.25350175434, 54.49866542887 ], [ -1.20362251735, 54.50681345467 ], [ -1.18491780348, 54.50737538748 ], [ -1.180121723, 54.50625152185 ], [ -1.17532564252, 54.50456572341 ], [ -1.17340721032, 54.5040037906 ], [ -1.17436642642, 54.50372282419 ], [ -1.17244799423, 54.50259895856 ], [ -1.16525387351, 54.50344185778 ], [ -1.16429465741, 54.50344185778 ], [ -1.15805975279, 54.50231799216 ], [ -1.14798798378, 54.50119412653 ], [ -1.14606955159, 54.50287992497 ], [ -1.13072209405, 54.5000702609 ], [ -1.12304836529, 54.49894639528 ], [ -1.11441542042, 54.49894639528 ], [ -1.11249698823, 54.50091316012 ], [ -1.11201738018, 54.504284757 ], [ -1.08707776169, 54.50344185778 ], [ -1.07796520878, 54.50372282419 ], [ -1.06789343977, 54.50035122731 ], [ -1.06501579148, 54.49838446246 ], [ -1.05782167076, 54.49894639528 ], [ -1.0491887259, 54.49641769761 ], [ -1.04439264542, 54.49613673121 ], [ -1.04295382128, 54.49529383199 ], [ -1.02376949936, 54.50203702575 ], [ -1.00362596134, 54.50287992497 ], [ -0.94415456339, 54.48855063822 ], [ -0.92305180928, 54.49107933588 ], [ -0.90146944712, 54.49416996636 ], [ -0.89571415055, 54.49557479839 ], [ -0.84199804917, 54.53603396097 ], [ -0.83864079284, 54.53968652426 ], [ -0.79739450071, 54.55401581101 ], [ -0.59260186423, 54.487707739 ], [ -0.52161987313, 54.44696761002 ], [ -0.42330022329, 54.33907650981 ], [ -0.36286960925, 54.24439083072 ], [ -0.27749937671, 54.21713708926 ], [ -0.26359074331, 54.17583502746 ], [ -0.09956479091, 54.13003750315 ], [ -0.19740483269, 54.0783396843 ], [ -0.21658915461, 54.02776573108 ], [ -0.15711775666, 53.90357857928 ], [ 0.12872863993, 53.64565141784 ], [ -0.1134734243, 53.63947015689 ], [ -0.23625308458, 53.72825554144 ], [ -0.29716330667, 53.74286579459 ], [ -0.44776023374, 53.71392625469 ], [ -0.55327400429, 53.70943079218 ], [ -0.61658226662, 53.7310652055 ], [ -0.70243210721, 53.70381146405 ], [ -0.69571759454, 53.68723444604 ], [ -0.69140112211, 53.69678730388 ], [ -0.6113065781, 53.7144881875 ], [ -0.54272262724, 53.67852448743 ], [ -0.47078142004, 53.69819213591 ], [ -0.29956134691, 53.7144881875 ], [ -0.20172130513, 53.63722242564 ], [ -0.0055616135, 53.55265153719 ], [ 0.01218388427, 53.52202619885 ], [ -0.01947024689, 53.51809266915 ], [ -0.03769535272, 53.51387817305 ], [ -0.03961378491, 53.51303527383 ], [ -0.09189106214, 53.44700816823 ], [ -0.11203460015, 53.43801724322 ], [ -0.12066754502, 53.43576951196 ], [ -0.1484848118, 53.44672720183 ], [ -0.16862834982, 53.46751871593 ], [ -0.18157776711, 53.46864258156 ], [ -0.18205737516, 53.46920451437 ], [ -0.18877188783, 53.4829718683 ], [ -0.21323189828, 53.52539779573 ], [ -0.21275229023, 53.5282074598 ], [ -0.21658915461, 53.53607451919 ], [ -0.19212914417, 53.55995666377 ], [ -0.20411934537, 53.57119532004 ], [ -0.22905896386, 53.57737658099 ], [ -0.2324162202, 53.5821530099 ], [ -0.23481426044, 53.58468170756 ], [ -0.24104916506, 53.58664847241 ], [ -0.2434472053, 53.58580557319 ], [ -0.24728406968, 53.58692943882 ], [ -0.25160054212, 53.58468170756 ], [ -0.2544781904, 53.59254876695 ], [ -0.30435742739, 53.61474511309 ], [ -0.30627585958, 53.60743998651 ], [ -0.31682723664, 53.58271494272 ], [ -0.32354174931, 53.57597174895 ], [ -0.46550573151, 53.55602313407 ], [ -0.46646494761, 53.55546120126 ], [ -0.47317946028, 53.54871800749 ], [ -0.49092495806, 53.54590834343 ], [ -0.46358729932, 53.5408509481 ], [ -0.45399513836, 53.54309867936 ], [ -0.43385160035, 53.54590834343 ], [ -0.41754492671, 53.51472107227 ], [ -0.43768846473, 53.51078754258 ], [ -0.4813327971, 53.4784764058 ], [ -0.61322501029, 53.45684199247 ], [ -0.6343277644, 53.47313804407 ], [ -0.63240933221, 53.48016220424 ], [ -0.69092151406, 53.51612590431 ], [ -0.70147289112, 53.51415913946 ], [ -0.73840271081, 53.51977846759 ], [ -0.81849725482, 53.45965165654 ], [ -0.98588046357, 53.47173321203 ], [ -1.00026870501, 53.43492661274 ], [ -1.00314635329, 53.43464564634 ], [ -1.00986086596, 53.4329598479 ], [ -1.06789343977, 53.42734051976 ], [ -1.07460795244, 53.42734051976 ], [ -1.08036324902, 53.42677858695 ], [ -1.08132246511, 53.42256409084 ], [ -1.11537463652, 53.39727711423 ], [ -1.13312013429, 53.39250068532 ], [ -1.13455895844, 53.38969102125 ], [ -1.12976287796, 53.37760946576 ], [ -1.14271229525, 53.3711472384 ], [ -1.14558994354, 53.36665177589 ], [ -1.14511033549, 53.36328017901 ], [ -1.16285583327, 53.35681795165 ], [ -1.16141700913, 53.35569408603 ], [ -1.16189661717, 53.35091765711 ], [ -1.15805975279, 53.34782702664 ], [ -1.14942680793, 53.34529832898 ], [ -1.14798798378, 53.34529832898 ], [ -1.14031425501, 53.3464221946 ], [ -1.13935503892, 53.34473639616 ], [ -1.14079386306, 53.34108383287 ], [ -1.14558994354, 53.34080286647 ], [ -1.16381504937, 53.32928324379 ], [ -1.17148877813, 53.32647357972 ], [ -1.17244799423, 53.32647357972 ], [ -1.17196838618, 53.32282101643 ], [ -1.17436642642, 53.3214161844 ], [ -1.19163231615, 53.31888748674 ], [ -1.19738761272, 53.31467299063 ], [ -1.2031429093, 53.30708689765 ], [ -1.2021836932, 53.30596303202 ], [ -1.20554094954, 53.30427723358 ], [ -1.20985742197, 53.30540109921 ], [ -1.21896997488, 53.30399626718 ], [ -1.23048056803, 53.30849172969 ], [ -1.23719508071, 53.30624399843 ], [ -1.24151155314, 53.30259143514 ], [ -1.24630763362, 53.30231046874 ], [ -1.2511037141, 53.30202950233 ], [ -1.25446097043, 53.30174853592 ], [ -1.25829783482, 53.30343433436 ], [ -1.26405313139, 53.30540109921 ], [ -1.27364529235, 53.31045849453 ], [ -1.28179862917, 53.30933462891 ], [ -1.29570726256, 53.31973038596 ], [ -1.29378883037, 53.32282101643 ], [ -1.29139079013, 53.32787841175 ], [ -1.29330922232, 53.32872131097 ], [ -1.29330922232, 53.32900227738 ], [ -1.29474804646, 53.32956421019 ], [ -1.30242177523, 53.33265484067 ], [ -1.31057511205, 53.33181194145 ], [ -1.31153432814, 53.33012614301 ], [ -1.31297315229, 53.32928324379 ], [ -1.31489158448, 53.32647357972 ], [ -1.31824884081, 53.32591164691 ], [ -1.32160609715, 53.3256306805 ], [ -1.32400413739, 53.32731647894 ], [ -1.32832060982, 53.32900227738 ], [ -1.32832060982, 53.32731647894 ], [ -1.33263708225, 53.32282101643 ], [ -1.3321574742, 53.32197811721 ], [ -1.33647394664, 53.31663975548 ], [ -1.33743316273, 53.31579685626 ], [ -1.34174963516, 53.31607782267 ], [ -1.34079041907, 53.31692072189 ], [ -1.34750493174, 53.31860652033 ], [ -1.36189317318, 53.31860652033 ], [ -1.36285238927, 53.3174826547 ], [ -1.36285238927, 53.31495395704 ], [ -1.36429121342, 53.31523492345 ], [ -1.37148533414, 53.31607782267 ], [ -1.37819984681, 53.3172016883 ], [ -1.38059788705, 53.31692072189 ], [ -1.38443475143, 53.3174826547 ], [ -1.38683279167, 53.31804458752 ], [ -1.38779200777, 53.31832555392 ], [ -1.39114926411, 53.32815937816 ], [ -1.38875122387, 53.33321677348 ], [ -1.38731239972, 53.3340596727 ], [ -1.38875122387, 53.33630740396 ], [ -1.38923083191, 53.33602643755 ], [ -1.40745593774, 53.33995996725 ], [ -1.40889476188, 53.34192673209 ], [ -1.41273162626, 53.33883610162 ], [ -1.41465005846, 53.33827416881 ], [ -1.42232378722, 53.33490257192 ], [ -1.42328300332, 53.33546450474 ], [ -1.42328300332, 53.33602643755 ], [ -1.43383438038, 53.33771223599 ], [ -1.4410285011, 53.33630740396 ], [ -1.44294693329, 53.33715030318 ], [ -1.45397791839, 53.33068807582 ], [ -1.45685556668, 53.32928324379 ], [ -1.46165164716, 53.32844034457 ], [ -1.45781478277, 53.32647357972 ], [ -1.45733517473, 53.3216971508 ], [ -1.45973321497, 53.31973038596 ], [ -1.46021282301, 53.32001135236 ], [ -1.4630904713, 53.31973038596 ], [ -1.46980498397, 53.3172016883 ], [ -1.48467283346, 53.31888748674 ], [ -1.49330577832, 53.31663975548 ], [ -1.51057166805, 53.31607782267 ], [ -1.51536774853, 53.31383009141 ], [ -1.51632696463, 53.31270622579 ], [ -1.52160265315, 53.31186332657 ], [ -1.52591912559, 53.31214429297 ], [ -1.52639873363, 53.31045849453 ], [ -1.52879677387, 53.31073946094 ], [ -1.52927638192, 53.31102042735 ], [ -1.53023559802, 53.31045849453 ], [ -1.53119481411, 53.31045849453 ], [ -1.53119481411, 53.31073946094 ], [ -1.53215403021, 53.30989656172 ], [ -1.53263363826, 53.30849172969 ], [ -1.53311324631, 53.30764883046 ], [ -1.53359285435, 53.30652496484 ], [ -1.5350316785, 53.30568206562 ], [ -1.53695011069, 53.3051201328 ], [ -1.53934815093, 53.30455819999 ], [ -1.54078697507, 53.3048391664 ], [ -1.5470218797, 53.30652496484 ], [ -1.55373639237, 53.30596303202 ], [ -1.55853247285, 53.30540109921 ], [ -1.5580528648, 53.30568206562 ], [ -1.55949168895, 53.30821076328 ], [ -1.5590120809, 53.30961559531 ], [ -1.55565482456, 53.31158236016 ], [ -1.55853247285, 53.31383009141 ], [ -1.56141012114, 53.31579685626 ], [ -1.56620620162, 53.31354912501 ], [ -1.57052267405, 53.31439202423 ], [ -1.5810740511, 53.31635878908 ], [ -1.58491091549, 53.3216971508 ], [ -1.59018660402, 53.31832555392 ], [ -1.59929915693, 53.31467299063 ], [ -1.60073798107, 53.31692072189 ], [ -1.60409523741, 53.31916845314 ], [ -1.60937092593, 53.32254005002 ], [ -1.62567759957, 53.31635878908 ], [ -1.63287172029, 53.32085425158 ], [ -1.62807563981, 53.32591164691 ], [ -1.62663681566, 53.32928324379 ], [ -1.62232034323, 53.3337787063 ], [ -1.61656504665, 53.33630740396 ], [ -1.61224857422, 53.34164576569 ], [ -1.62855524785, 53.35372732118 ], [ -1.6640462434, 53.3669327423 ], [ -1.66260741926, 53.37311400325 ], [ -1.66212781121, 53.3753617345 ], [ -1.65589290659, 53.38182396186 ], [ -1.65349486635, 53.38491459233 ], [ -1.65493369049, 53.39306261813 ], [ -1.65877055488, 53.39362455094 ], [ -1.66788310779, 53.39306261813 ], [ -1.69474115847, 53.40121064393 ], [ -1.70385371139, 53.40570610644 ], [ -1.70289449529, 53.41076350176 ], [ -1.70385371139, 53.41273026661 ], [ -1.70385371139, 53.41497799786 ], [ -1.71680312868, 53.41919249396 ], [ -1.72351764135, 53.41891152756 ], [ -1.72975254598, 53.41610186349 ], [ -1.74510000351, 53.42537375491 ], [ -1.74462039546, 53.42874535179 ], [ -1.74414078742, 53.43127404945 ], [ -1.74989608399, 53.43914110884 ], [ -1.7470184357, 53.44110787369 ], [ -1.74557961156, 53.44279367213 ], [ -1.74414078742, 53.44644623542 ], [ -1.74414078742, 53.44841300027 ], [ -1.7470184357, 53.45431329481 ], [ -1.7470184357, 53.4579658581 ], [ -1.74510000351, 53.4618993878 ], [ -1.7479776518, 53.46414711905 ], [ -1.75373294838, 53.46499001827 ], [ -1.75565138057, 53.46386615264 ], [ -1.75804942081, 53.46386615264 ], [ -1.76860079786, 53.46470905186 ], [ -1.77003962201, 53.46583291749 ], [ -1.77627452663, 53.46836161515 ], [ -1.77819295882, 53.47032838 ], [ -1.77819295882, 53.47257611125 ], [ -1.78586668759, 53.47566674173 ], [ -1.79066276807, 53.47566674173 ], [ -1.79114237612, 53.47566674173 ], [ -1.79449963245, 53.47735254017 ], [ -1.79689767269, 53.47903833861 ], [ -1.79833649684, 53.4787573722 ], [ -1.80169375317, 53.48662443159 ], [ -1.80025492903, 53.48802926363 ], [ -1.79977532098, 53.49308665895 ], [ -1.79785688879, 53.49336762536 ], [ -1.7959384566, 53.49421052458 ], [ -1.79545884855, 53.49673922224 ], [ -1.7959384566, 53.49954888631 ], [ -1.79689767269, 53.50292048319 ], [ -1.8079286578, 53.50601111366 ], [ -1.81368395437, 53.51219237461 ], [ -1.82087807509, 53.51837363556 ], [ -1.82231689924, 53.52118329963 ], [ -1.82711297972, 53.52343103088 ], [ -1.83526631653, 53.52062136682 ], [ -1.84725651773, 53.52539779573 ], [ -1.86356319136, 53.53495065356 ], [ -1.87363496037, 53.5405699817 ], [ -1.88706398571, 53.53579355278 ], [ -1.89857457886, 53.53776031763 ], [ -1.90912595592, 53.53860321685 ], [ -1.9129628203, 53.55152767156 ], [ -1.91919772493, 53.55096573875 ], [ -1.92447341345, 53.55265153719 ], [ -1.92543262955, 53.55321347 ], [ -1.95372950438, 53.57569078255 ], [ -1.95372950438, 53.57597174895 ], [ -1.99497579651, 53.60350645682 ], [ -2.00936403795, 53.61671187794 ], [ -2.02327267134, 53.61586897872 ], [ -2.02998718401, 53.63609856001 ], [ -2.03957934497, 53.64902301472 ], [ -2.05061033007, 53.67964835306 ], [ -2.04869189788, 53.68021028587 ], [ -2.06068209908, 53.68273898354 ], [ -2.07123347614, 53.67880545384 ], [ -2.07171308418, 53.67824352103 ], [ -2.09617309463, 53.67150032726 ], [ -2.09713231073, 53.67262419289 ], [ -2.11823506484, 53.67121936086 ], [ -2.1268680097, 53.67964835306 ], [ -2.1378989948, 53.68386284916 ], [ -2.15036880405, 53.69453957262 ], [ -2.16667547768, 53.71364528828 ], [ -2.16907351792, 53.71561205313 ], [ -2.15612410063, 53.73359390317 ], [ -2.15708331672, 53.7349987352 ], [ -2.14892997991, 53.73387486957 ], [ -2.14509311552, 53.73696550005 ], [ -2.13022526604, 53.76309537588 ], [ -2.13022526604, 53.7723672673 ], [ -2.13118448213, 53.77433403215 ], [ -2.13214369823, 53.78332495717 ], [ -2.12878644189, 53.79372071422 ], [ -2.1278272258, 53.79821617673 ], [ -2.09617309463, 53.81254546348 ], [ -2.06212092322, 53.859185887 ], [ -2.06308013932, 53.859185887 ], [ -2.08610132562, 53.86958164405 ], [ -2.08897897391, 53.86817681202 ], [ -2.11295937631, 53.9047024449 ], [ -2.10768368778, 53.90807404179 ], [ -2.11679624069, 53.91734593321 ], [ -2.13214369823, 53.92661782463 ], [ -2.16427743744, 53.93476585043 ], [ -2.18154332717, 53.94544257389 ], [ -2.18777823179, 53.9541525325 ], [ -2.19113548813, 53.95808606219 ], [ -2.19545196056, 53.96623408799 ], [ -2.20024804104, 53.96960568487 ], [ -2.20168686518, 53.96791988643 ], [ -2.20312568933, 53.96791988643 ], [ -2.209840202, 53.96286249111 ], [ -2.22950413197, 53.96960568487 ], [ -2.23190217221, 53.97129148331 ], [ -2.22518765954, 53.97550597942 ], [ -2.22422844344, 53.97606791223 ], [ -2.22422844344, 53.97859660989 ], [ -2.23046334806, 53.98140627396 ], [ -2.24437198145, 53.98112530755 ], [ -2.2458108056, 53.9791585427 ], [ -2.29856769088, 53.97775371067 ], [ -2.31295593231, 53.98814946772 ], [ -2.31823162084, 53.99208299742 ], [ -2.34556927958, 53.99208299742 ], [ -2.35372261639, 54.0038835865 ], [ -2.34269163129, 54.00866001542 ], [ -2.33933437495, 54.00950291464 ], [ -2.36043712906, 54.0243941342 ], [ -2.39113204414, 54.04406178267 ], [ -2.42566382359, 54.03816148813 ], [ -2.4587567789, 54.04040921939 ], [ -2.48657404568, 54.08480191166 ], [ -2.50863601589, 54.09238800464 ], [ -2.53021837805, 54.10278376169 ], [ -2.54556583558, 54.11570821641 ], [ -2.56331133336, 54.12273237658 ], [ -2.56331133336, 54.1277897719 ], [ -2.56235211726, 54.13509489848 ], [ -2.55755603678, 54.14998611804 ], [ -2.55851525288, 54.14998611804 ], [ -2.53021837805, 54.16403443838 ], [ -2.52782033781, 54.16965376651 ], [ -2.46067521109, 54.22668994709 ], [ -2.33597711862, 54.23792860336 ], [ -2.32830338985, 54.24186213306 ], [ -2.32254809327, 54.24804339401 ], [ -2.31919083694, 54.27445423625 ], [ -2.32110926913, 54.28232129564 ], [ -2.31919083694, 54.28372612767 ], [ -2.31967044499, 54.2890644894 ], [ -2.32446652547, 54.30086507848 ], [ -2.32062966108, 54.30676537303 ], [ -2.32302770132, 54.31097986913 ], [ -2.31247632427, 54.32502818947 ], [ -2.34796731982, 54.34666260279 ], [ -2.35324300834, 54.34834840123 ], [ -2.36619242564, 54.355091595 ], [ -2.35660026468, 54.35593449422 ], [ -2.3527634003, 54.35846319188 ], [ -2.34269163129, 54.36155382235 ], [ -2.33837515886, 54.36380155361 ], [ -2.33309947033, 54.36464445283 ], [ -2.32686456571, 54.36801604971 ], [ -2.32350730937, 54.37054474737 ], [ -2.32254809327, 54.37082571378 ], [ -2.32062966108, 54.37307344503 ], [ -2.30000651502, 54.39498882476 ], [ -2.29137357016, 54.43600992015 ], [ -2.18202293522, 54.45736336707 ], [ -2.17003273402, 54.45820626629 ] ] ] ] } },
{ "type": "Feature", "properties": { "OBJECTID": 4, "ITL121CD": "TLF", "ITL121NM": "East Midlands (England)", "BNG_E": 477659, "BNG_N": 322635, "LONG": -0.84969, "LAT": 52.79572, "GlobalID": "3b83cf4f-db85-48a4-8d99-c4856f5fd18f" }, "geometry": { "type": "MultiPolygon", "coordinates": [ [ [ [ -1.98730206774, 53.21352508419 ], [ -1.98922049993, 53.2180205467 ], [ -1.9839448114, 53.22588760609 ], [ -1.98202637921, 53.22616857249 ], [ -1.97818951483, 53.22701147171 ], [ -1.97627108264, 53.22757340453 ], [ -1.99929226894, 53.24639815378 ], [ -2.00169030918, 53.24864588504 ], [ -2.00600678161, 53.27140416399 ], [ -2.00648638966, 53.27168513039 ], [ -2.00169030918, 53.31888748674 ], [ -2.00840482185, 53.32225908362 ], [ -2.00984364599, 53.32450681487 ], [ -2.01176207819, 53.32591164691 ], [ -2.01416011843, 53.33995996725 ], [ -2.00648638966, 53.35176055633 ], [ -2.02615031963, 53.36356114542 ], [ -2.03046679206, 53.37002337277 ], [ -2.02854835987, 53.37086627199 ], [ -2.0208746311, 53.37760946576 ], [ -2.01847659086, 53.38013816342 ], [ -2.01511933452, 53.38070009623 ], [ -2.00504756551, 53.39053392047 ], [ -1.99737383675, 53.40345837518 ], [ -2.00504756551, 53.41497799786 ], [ -2.01368051038, 53.41638282989 ], [ -2.01511933452, 53.4166637963 ], [ -2.02567071158, 53.43015018383 ], [ -2.01368051038, 53.43998400807 ], [ -2.00840482185, 53.43605047837 ], [ -1.99497579651, 53.44700816823 ], [ -1.99305736432, 53.45234652996 ], [ -1.98922049993, 53.4540323284 ], [ -1.98058755507, 53.46330421983 ], [ -1.9839448114, 53.4661138839 ], [ -1.98778167579, 53.46948548078 ], [ -1.9849040275, 53.48325283471 ], [ -1.97243421825, 53.49280569254 ], [ -1.97147500216, 53.50460628163 ], [ -1.96715852972, 53.5074159457 ], [ -1.95948480096, 53.50601111366 ], [ -1.95133146414, 53.50432531522 ], [ -1.94221891123, 53.50657304648 ], [ -1.92207537321, 53.50994464336 ], [ -1.92687145369, 53.52090233322 ], [ -1.90912595592, 53.53860321685 ], [ -1.89857457886, 53.53776031763 ], [ -1.88706398571, 53.53579355278 ], [ -1.87363496037, 53.5405699817 ], [ -1.86356319136, 53.53495065356 ], [ -1.84725651773, 53.52539779573 ], [ -1.83526631653, 53.52062136682 ], [ -1.82711297972, 53.52343103088 ], [ -1.82231689924, 53.52118329963 ], [ -1.82087807509, 53.51837363556 ], [ -1.81368395437, 53.51219237461 ], [ -1.8079286578, 53.50601111366 ], [ -1.79689767269, 53.50292048319 ], [ -1.7959384566, 53.49954888631 ], [ -1.79545884855, 53.49673922224 ], [ -1.7959384566, 53.49421052458 ], [ -1.79785688879, 53.49336762536 ], [ -1.79977532098, 53.49308665895 ], [ -1.80025492903, 53.48802926363 ], [ -1.80169375317, 53.48662443159 ], [ -1.79833649684, 53.4787573722 ], [ -1.79689767269, 53.47903833861 ], [ -1.79449963245, 53.47735254017 ], [ -1.79114237612, 53.47566674173 ], [ -1.79066276807, 53.47566674173 ], [ -1.78586668759, 53.47566674173 ], [ -1.77819295882, 53.47257611125 ], [ -1.77819295882, 53.47032838 ], [ -1.77627452663, 53.46836161515 ], [ -1.77003962201, 53.46583291749 ], [ -1.76860079786, 53.46470905186 ], [ -1.75804942081, 53.46386615264 ], [ -1.75565138057, 53.46386615264 ], [ -1.75373294838, 53.46499001827 ], [ -1.7479776518, 53.46414711905 ], [ -1.74510000351, 53.4618993878 ], [ -1.7470184357, 53.4579658581 ], [ -1.7470184357, 53.45431329481 ], [ -1.74414078742, 53.44841300027 ], [ -1.74414078742, 53.44644623542 ], [ -1.74557961156, 53.44279367213 ], [ -1.7470184357, 53.44110787369 ], [ -1.74989608399, 53.43914110884 ], [ -1.74414078742, 53.43127404945 ], [ -1.74462039546, 53.42874535179 ], [ -1.74510000351, 53.42537375491 ], [ -1.72975254598, 53.41610186349 ], [ -1.72351764135, 53.41891152756 ], [ -1.71680312868, 53.41919249396 ], [ -1.70385371139, 53.41497799786 ], [ -1.70385371139, 53.41273026661 ], [ -1.70289449529, 53.41076350176 ], [ -1.70385371139, 53.40570610644 ], [ -1.69474115847, 53.40121064393 ], [ -1.66788310779, 53.39306261813 ], [ -1.65877055488, 53.39362455094 ], [ -1.65493369049, 53.39306261813 ], [ -1.65349486635, 53.38491459233 ], [ -1.65589290659, 53.38182396186 ], [ -1.66212781121, 53.3753617345 ], [ -1.66260741926, 53.37311400325 ], [ -1.6640462434, 53.3669327423 ], [ -1.62855524785, 53.35372732118 ], [ -1.61224857422, 53.34164576569 ], [ -1.61656504665, 53.33630740396 ], [ -1.62232034323, 53.3337787063 ], [ -1.62663681566, 53.32928324379 ], [ -1.62807563981, 53.32591164691 ], [ -1.63287172029, 53.32085425158 ], [ -1.62567759957, 53.31635878908 ], [ -1.60937092593, 53.32254005002 ], [ -1.60409523741, 53.31916845314 ], [ -1.60073798107, 53.31692072189 ], [ -1.59929915693, 53.31467299063 ], [ -1.59018660402, 53.31832555392 ], [ -1.58491091549, 53.3216971508 ], [ -1.5810740511, 53.31635878908 ], [ -1.57052267405, 53.31439202423 ], [ -1.56620620162, 53.31354912501 ], [ -1.56141012114, 53.31579685626 ], [ -1.55853247285, 53.31383009141 ], [ -1.55565482456, 53.31158236016 ], [ -1.5590120809, 53.30961559531 ], [ -1.55949168895, 53.30821076328 ], [ -1.5580528648, 53.30568206562 ], [ -1.55853247285, 53.30540109921 ], [ -1.55373639237, 53.30596303202 ], [ -1.5470218797, 53.30652496484 ], [ -1.54078697507, 53.3048391664 ], [ -1.53934815093, 53.30455819999 ], [ -1.53695011069, 53.3051201328 ], [ -1.5350316785, 53.30568206562 ], [ -1.53359285435, 53.30652496484 ], [ -1.53311324631, 53.30764883046 ], [ -1.53263363826, 53.30849172969 ], [ -1.53215403021, 53.30989656172 ], [ -1.53119481411, 53.31073946094 ], [ -1.53119481411, 53.31045849453 ], [ -1.53023559802, 53.31045849453 ], [ -1.52927638192, 53.31102042735 ], [ -1.52879677387, 53.31073946094 ], [ -1.52639873363, 53.31045849453 ], [ -1.52591912559, 53.31214429297 ], [ -1.52160265315, 53.31186332657 ], [ -1.51632696463, 53.31270622579 ], [ -1.51536774853, 53.31383009141 ], [ -1.51057166805, 53.31607782267 ], [ -1.49330577832, 53.31663975548 ], [ -1.48467283346, 53.31888748674 ], [ -1.46980498397, 53.3172016883 ], [ -1.4630904713, 53.31973038596 ], [ -1.46021282301, 53.32001135236 ], [ -1.45973321497, 53.31973038596 ], [ -1.45733517473, 53.3216971508 ], [ -1.45781478277, 53.32647357972 ], [ -1.46165164716, 53.32844034457 ], [ -1.45685556668, 53.32928324379 ], [ -1.45397791839, 53.33068807582 ], [ -1.44294693329, 53.33715030318 ], [ -1.4410285011, 53.33630740396 ], [ -1.43383438038, 53.33771223599 ], [ -1.42328300332, 53.33602643755 ], [ -1.42328300332, 53.33546450474 ], [ -1.42232378722, 53.33490257192 ], [ -1.41465005846, 53.33827416881 ], [ -1.41273162626, 53.33883610162 ], [ -1.40889476188, 53.34192673209 ], [ -1.40745593774, 53.33995996725 ], [ -1.38923083191, 53.33602643755 ], [ -1.38875122387, 53.33630740396 ], [ -1.38731239972, 53.3340596727 ], [ -1.38875122387, 53.33321677348 ], [ -1.39114926411, 53.32815937816 ], [ -1.38779200777, 53.31832555392 ], [ -1.38683279167, 53.31804458752 ], [ -1.38443475143, 53.3174826547 ], [ -1.38059788705, 53.31692072189 ], [ -1.37819984681, 53.3172016883 ], [ -1.37148533414, 53.31607782267 ], [ -1.36429121342, 53.31523492345 ], [ -1.36285238927, 53.31495395704 ], [ -1.36285238927, 53.3174826547 ], [ -1.36189317318, 53.31860652033 ], [ -1.34750493174, 53.31860652033 ], [ -1.34079041907, 53.31692072189 ], [ -1.34174963516, 53.31607782267 ], [ -1.33743316273, 53.31579685626 ], [ -1.33647394664, 53.31663975548 ], [ -1.3321574742, 53.32197811721 ], [ -1.33263708225, 53.32282101643 ], [ -1.32832060982, 53.32731647894 ], [ -1.32832060982, 53.32900227738 ], [ -1.32400413739, 53.32731647894 ], [ -1.32160609715, 53.3256306805 ], [ -1.31824884081, 53.32591164691 ], [ -1.31489158448, 53.32647357972 ], [ -1.31297315229, 53.32928324379 ], [ -1.31153432814, 53.33012614301 ], [ -1.31057511205, 53.33181194145 ], [ -1.30242177523, 53.33265484067 ], [ -1.29474804646, 53.32956421019 ], [ -1.29330922232, 53.32900227738 ], [ -1.29330922232, 53.32872131097 ], [ -1.29139079013, 53.32787841175 ], [ -1.29378883037, 53.32282101643 ], [ -1.29570726256, 53.31973038596 ], [ -1.28179862917, 53.30933462891 ], [ -1.27364529235, 53.31045849453 ], [ -1.26405313139, 53.30540109921 ], [ -1.25829783482, 53.30343433436 ], [ -1.25446097043, 53.30174853592 ], [ -1.2511037141, 53.30202950233 ], [ -1.24630763362, 53.30231046874 ], [ -1.24151155314, 53.30259143514 ], [ -1.23719508071, 53.30624399843 ], [ -1.23048056803, 53.30849172969 ], [ -1.21896997488, 53.30399626718 ], [ -1.20985742197, 53.30540109921 ], [ -1.20554094954, 53.30427723358 ], [ -1.2021836932, 53.30596303202 ], [ -1.2031429093, 53.30708689765 ], [ -1.19738761272, 53.31467299063 ], [ -1.19163231615, 53.31888748674 ], [ -1.17436642642, 53.3214161844 ], [ -1.17196838618, 53.32282101643 ], [ -1.17244799423, 53.32647357972 ], [ -1.17148877813, 53.32647357972 ], [ -1.16381504937, 53.32928324379 ], [ -1.14558994354, 53.34080286647 ], [ -1.14079386306, 53.34108383287 ], [ -1.13935503892, 53.34473639616 ], [ -1.14031425501, 53.3464221946 ], [ -1.14798798378, 53.34529832898 ], [ -1.14942680793, 53.34529832898 ], [ -1.15805975279, 53.34782702664 ], [ -1.16189661717, 53.35091765711 ], [ -1.16141700913, 53.35569408603 ], [ -1.16285583327, 53.35681795165 ], [ -1.14511033549, 53.36328017901 ], [ -1.14558994354, 53.36665177589 ], [ -1.14271229525, 53.3711472384 ], [ -1.12976287796, 53.37760946576 ], [ -1.13455895844, 53.38969102125 ], [ -1.13312013429, 53.39250068532 ], [ -1.11537463652, 53.39727711423 ], [ -1.08132246511, 53.42256409084 ], [ -1.08036324902, 53.42677858695 ], [ -1.07460795244, 53.42734051976 ], [ -1.06789343977, 53.42734051976 ], [ -1.00986086596, 53.4329598479 ], [ -1.00314635329, 53.43464564634 ], [ -1.00026870501, 53.43492661274 ], [ -0.98588046357, 53.47173321203 ], [ -0.81849725482, 53.45965165654 ], [ -0.73840271081, 53.51977846759 ], [ -0.70147289112, 53.51415913946 ], [ -0.69092151406, 53.51612590431 ], [ -0.63240933221, 53.48016220424 ], [ -0.6343277644, 53.47313804407 ], [ -0.61322501029, 53.45684199247 ], [ -0.4813327971, 53.4784764058 ], [ -0.43768846473, 53.51078754258 ], [ -0.41754492671, 53.51472107227 ], [ -0.43385160035, 53.54590834343 ], [ -0.45399513836, 53.54309867936 ], [ -0.46358729932, 53.5408509481 ], [ -0.49092495806, 53.54590834343 ], [ -0.47317946028, 53.54871800749 ], [ -0.46646494761, 53.55546120126 ], [ -0.46550573151, 53.55602313407 ], [ -0.32354174931, 53.57597174895 ], [ -0.31682723664, 53.58271494272 ], [ -0.30627585958, 53.60743998651 ], [ -0.30435742739, 53.61474511309 ], [ -0.2544781904, 53.59254876695 ], [ -0.25160054212, 53.58468170756 ], [ -0.24728406968, 53.58692943882 ], [ -0.2434472053, 53.58580557319 ], [ -0.24104916506, 53.58664847241 ], [ -0.23481426044, 53.58468170756 ], [ -0.2324162202, 53.5821530099 ], [ -0.22905896386, 53.57737658099 ], [ -0.20411934537, 53.57119532004 ], [ -0.19212914417, 53.55995666377 ], [ -0.21658915461, 53.53607451919 ], [ -0.21275229023, 53.5282074598 ], [ -0.21323189828, 53.52539779573 ], [ -0.18877188783, 53.4829718683 ], [ -0.18205737516, 53.46920451437 ], [ -0.18157776711, 53.46864258156 ], [ -0.16862834982, 53.46751871593 ], [ -0.1484848118, 53.44672720183 ], [ -0.12066754502, 53.43576951196 ], [ -0.11203460015, 53.43801724322 ], [ -0.09189106214, 53.44700816823 ], [ -0.03961378491, 53.51303527383 ], [ -0.03769535272, 53.51387817305 ], [ -0.01947024689, 53.51809266915 ], [ 0.01218388427, 53.52202619885 ], [ 0.14791296185, 53.49224375973 ], [ 0.22800750586, 53.40654900566 ], [ 0.31961264302, 53.27168513039 ], [ 0.35510363857, 53.19189067087 ], [ 0.34790951785, 53.10900558086 ], [ 0.13160628822, 52.99409032048 ], [ 0.07213489027, 52.90530493593 ], [ 0.17620983668, 52.87411766478 ], [ 0.21553769661, 52.82607240922 ], [ 0.17525062058, 52.74627794969 ], [ 0.04431762349, 52.71424777931 ], [ -0.03146044809, 52.66142609484 ], [ -0.32066410102, 52.67519344877 ], [ -0.45255631422, 52.65440193467 ], [ -0.4914045661, 52.59006062751 ], [ -0.42521865548, 52.58247453453 ], [ -0.34224646318, 52.46896410618 ], [ -0.44632140959, 52.38326935211 ], [ -0.53265085823, 52.27256858783 ], [ -0.65351208632, 52.26835409173 ], [ -0.65543051851, 52.18968349783 ], [ -0.68516621749, 52.19193122908 ], [ -0.70147289112, 52.19333606112 ], [ -0.87988708496, 52.12421832504 ], [ -0.88132590911, 52.11916092972 ], [ -0.88372394935, 52.11663223206 ], [ -0.87413178839, 52.11241773596 ], [ -0.86885609986, 52.10792227345 ], [ -0.86837649181, 52.10426971016 ], [ -0.86789688376, 52.10117907969 ], [ -0.88708120568, 52.03009457877 ], [ -0.9062655276, 52.02110365375 ], [ -0.93024593, 52.04301903348 ], [ -0.93024593, 52.04863836162 ], [ -0.9422361312, 52.06662021165 ], [ -1.00026870501, 52.07252050619 ], [ -1.00266674525, 52.0728014726 ], [ -1.00602400158, 52.07336340541 ], [ -1.00650360963, 52.07139664057 ], [ -1.01369773035, 52.0728014726 ], [ -1.01993263497, 52.07336340541 ], [ -1.02328989131, 52.07504920386 ], [ -1.02856557984, 52.07504920386 ], [ -1.04247421323, 52.07364437182 ], [ -1.03192283617, 52.07111567416 ], [ -1.02952479593, 52.06999180853 ], [ -1.0261675396, 52.06577731243 ], [ -1.02760636374, 52.06381054758 ], [ -1.03336166032, 52.06352958118 ], [ -1.04007617299, 52.06605827884 ], [ -1.05158676614, 52.06071991711 ], [ -1.05782167076, 52.06100088352 ], [ -1.07077108806, 52.05959605148 ], [ -1.07892442487, 52.05734832023 ], [ -1.08132246511, 52.05453865616 ], [ -1.0851593295, 52.05229092491 ], [ -1.08899619388, 52.05229092491 ], [ -1.09235345022, 52.05116705928 ], [ -1.09475149046, 52.05172899209 ], [ -1.0961903146, 52.05144802568 ], [ -1.09810874679, 52.04976222724 ], [ -1.09906796289, 52.04863836162 ], [ -1.10290482727, 52.0480764288 ], [ -1.11105816409, 52.0480764288 ], [ -1.11345620433, 52.0480764288 ], [ -1.11969110895, 52.04639063036 ], [ -1.12208914919, 52.04498579833 ], [ -1.12496679748, 52.04049033582 ], [ -1.12688522967, 52.03796163816 ], [ -1.12976287796, 52.03346617565 ], [ -1.13168131015, 52.03206134362 ], [ -1.13359974234, 52.02672298189 ], [ -1.13551817453, 52.02419428423 ], [ -1.13599778258, 52.02278945219 ], [ -1.13647739063, 52.0230704186 ], [ -1.13647739063, 52.02222751938 ], [ -1.13599778258, 52.01997978812 ], [ -1.13359974234, 52.01941785531 ], [ -1.13264052625, 52.01941785531 ], [ -1.13072209405, 52.01829398968 ], [ -1.12832405381, 52.01801302328 ], [ -1.12592601357, 52.01745109046 ], [ -1.12448718943, 52.01660819124 ], [ -1.12160954114, 52.01688915765 ], [ -1.11969110895, 52.01576529202 ], [ -1.12160954114, 52.01239369514 ], [ -1.12256875724, 52.01211272873 ], [ -1.12640562162, 52.00705533341 ], [ -1.12832405381, 52.00536953497 ], [ -1.13168131015, 52.00312180372 ], [ -1.14031425501, 51.99778344199 ], [ -1.14367151135, 51.99694054277 ], [ -1.15134524012, 51.99300701307 ], [ -1.17628485861, 51.98204932321 ], [ -1.18299937128, 51.98148739039 ], [ -1.18827505981, 51.98120642399 ], [ -1.19067310005, 51.98148739039 ], [ -1.19786722077, 51.97727289429 ], [ -1.20074486906, 51.9778348271 ], [ -1.21705154269, 51.98036352477 ], [ -1.22376605536, 51.98036352477 ], [ -1.22952135194, 51.98148739039 ], [ -1.23191939218, 51.98233028961 ], [ -1.24822606581, 51.98570188649 ], [ -1.2511037141, 51.98429705446 ], [ -1.25302214629, 51.98345415524 ], [ -1.25925705091, 51.98120642399 ], [ -1.26788999578, 51.98261125602 ], [ -1.28083941307, 51.98233028961 ], [ -1.28179862917, 51.98008255836 ], [ -1.28371706136, 51.97980159195 ], [ -1.28419666941, 51.98373512165 ], [ -1.28755392574, 51.98879251697 ], [ -1.28755392574, 51.98963541619 ], [ -1.28851314184, 51.98935444978 ], [ -1.28707431769, 51.990197349 ], [ -1.28707431769, 51.99075928182 ], [ -1.28563549355, 51.99075928182 ], [ -1.28227823722, 51.99300701307 ], [ -1.28371706136, 51.99609764355 ], [ -1.28371706136, 51.99806440839 ], [ -1.28179862917, 52.00059310605 ], [ -1.28083941307, 52.00143600528 ], [ -1.27892098088, 52.00452663575 ], [ -1.27748215674, 52.00733629982 ], [ -1.27844137283, 52.00817919904 ], [ -1.28419666941, 52.01126982951 ], [ -1.27988019698, 52.01098886311 ], [ -1.27844137283, 52.01126982951 ], [ -1.28083941307, 52.01660819124 ], [ -1.28179862917, 52.01773205687 ], [ -1.28179862917, 52.01969882172 ], [ -1.28275784526, 52.02082268734 ], [ -1.28419666941, 52.02082268734 ], [ -1.28419666941, 52.02250848578 ], [ -1.28371706136, 52.0230704186 ], [ -1.28995196598, 52.02756588111 ], [ -1.29330922232, 52.02756588111 ], [ -1.29330922232, 52.02981361236 ], [ -1.29235000622, 52.02981361236 ], [ -1.29426843841, 52.03711873894 ], [ -1.29474804646, 52.03796163816 ], [ -1.29474804646, 52.03908550379 ], [ -1.29618687061, 52.04161420145 ], [ -1.2971460867, 52.04189516785 ], [ -1.29906451889, 52.04329999989 ], [ -1.30002373499, 52.04442386551 ], [ -1.30242177523, 52.04639063036 ], [ -1.31153432814, 52.05060512646 ], [ -1.31297315229, 52.05144802568 ], [ -1.30721785571, 52.05762928663 ], [ -1.30865667985, 52.06240571555 ], [ -1.30386059937, 52.0643724804 ], [ -1.30146255913, 52.06605827884 ], [ -1.30002373499, 52.06942987572 ], [ -1.30529942352, 52.07195857338 ], [ -1.30338099133, 52.07195857338 ], [ -1.30194216718, 52.07533017026 ], [ -1.29762569475, 52.07813983433 ], [ -1.30865667985, 52.07954466636 ], [ -1.31681001667, 52.07954466636 ], [ -1.32016727301, 52.08066853199 ], [ -1.32064688105, 52.08207336403 ], [ -1.3211264891, 52.08572592731 ], [ -1.3211264891, 52.08656882653 ], [ -1.31681001667, 52.08965945701 ], [ -1.30817707181, 52.09218815467 ], [ -1.30386059937, 52.09162622186 ], [ -1.29762569475, 52.09190718826 ], [ -1.29570726256, 52.09275008748 ], [ -1.28563549355, 52.0935929867 ], [ -1.2750841165, 52.09724554999 ], [ -1.27172686016, 52.09780748281 ], [ -1.26549195554, 52.0975265164 ], [ -1.25589979458, 52.09555975155 ], [ -1.24870567386, 52.09921231484 ], [ -1.250144498, 52.10061714687 ], [ -1.25206293019, 52.10202197891 ], [ -1.25685901067, 52.10623647501 ], [ -1.26501234749, 52.11073193752 ], [ -1.27028803602, 52.11354160159 ], [ -1.27700254869, 52.11719416487 ], [ -1.28131902112, 52.1225325266 ], [ -1.28851314184, 52.12787088833 ], [ -1.29570726256, 52.13377118288 ], [ -1.2981053028, 52.13714277976 ], [ -1.29906451889, 52.13714277976 ], [ -1.30194216718, 52.13939051101 ], [ -1.30481981547, 52.14163824227 ], [ -1.30865667985, 52.14444790633 ], [ -1.30865667985, 52.14641467118 ], [ -1.30817707181, 52.146976604 ], [ -1.31153432814, 52.14781950322 ], [ -1.31057511205, 52.14950530166 ], [ -1.31345276033, 52.1511911001 ], [ -1.31585080057, 52.15231496572 ], [ -1.31776923277, 52.15343883135 ], [ -1.31872844886, 52.1554055962 ], [ -1.31968766496, 52.15709139464 ], [ -1.3211264891, 52.15821526027 ], [ -1.32448374544, 52.16102492433 ], [ -1.32880021787, 52.16552038684 ], [ -1.32832060982, 52.16580135325 ], [ -1.33167786616, 52.16861101732 ], [ -1.31441197643, 52.18799769939 ], [ -1.25494057848, 52.19783152362 ], [ -1.25733861872, 52.20850824708 ], [ -1.27700254869, 52.22508526508 ], [ -1.27268607626, 52.22761396275 ], [ -1.23479704047, 52.2503722417 ], [ -1.23143978413, 52.2545867378 ], [ -1.21609232659, 52.26413959563 ], [ -1.21609232659, 52.26582539407 ], [ -1.21944958293, 52.27032085658 ], [ -1.22328644731, 52.28071661363 ], [ -1.22232723122, 52.28212144566 ], [ -1.22280683927, 52.2835262777 ], [ -1.22424566341, 52.28633594177 ], [ -1.22808252779, 52.28886463943 ], [ -1.22856213584, 52.28858367302 ], [ -1.22088840707, 52.30572262383 ], [ -1.21225546221, 52.31078001916 ], [ -1.24247076923, 52.32173770902 ], [ -1.24630763362, 52.32173770902 ], [ -1.24774645776, 52.32201867543 ], [ -1.25254253824, 52.32398544028 ], [ -1.26453273944, 52.3290428356 ], [ -1.25302214629, 52.33887665984 ], [ -1.2491852819, 52.34056245828 ], [ -1.24342998533, 52.34196729031 ], [ -1.23959312095, 52.34337212234 ], [ -1.22760291975, 52.34646275282 ], [ -1.22568448755, 52.34674371923 ], [ -1.22328644731, 52.34814855126 ], [ -1.22376605536, 52.34871048407 ], [ -1.21705154269, 52.34955338329 ], [ -1.21081663807, 52.34899145048 ], [ -1.20026526101, 52.35264401377 ], [ -1.19834682882, 52.35264401377 ], [ -1.19690800468, 52.35292498018 ], [ -1.18827505981, 52.35320594658 ], [ -1.18779545176, 52.35320594658 ], [ -1.18443819543, 52.3537678794 ], [ -1.1791625069, 52.35432981221 ], [ -1.24151155314, 52.43974359988 ], [ -1.36525042951, 52.51560452971 ], [ -1.4160888826, 52.53442927897 ], [ -1.41752770674, 52.53611507741 ], [ -1.4271198677, 52.54061053991 ], [ -1.45925360692, 52.55184919619 ], [ -1.46021282301, 52.55156822978 ], [ -1.48323400932, 52.55859238995 ], [ -1.50289793928, 52.56449268449 ], [ -1.5230414773, 52.57348360951 ], [ -1.52687834168, 52.57545037436 ], [ -1.52639873363, 52.57938390405 ], [ -1.52543951754, 52.57966487046 ], [ -1.52735794973, 52.58275550093 ], [ -1.53215403021, 52.58444129937 ], [ -1.53167442216, 52.58584613141 ], [ -1.53599089459, 52.58809386266 ], [ -1.5460626636, 52.59062256032 ], [ -1.55613443261, 52.59399415721 ], [ -1.5580528648, 52.59624188846 ], [ -1.56428776942, 52.61984306663 ], [ -1.55325678432, 52.64091554714 ], [ -1.55085874408, 52.64119651355 ], [ -1.54414423141, 52.64569197606 ], [ -1.54414423141, 52.64934453934 ], [ -1.56668580966, 52.67772214643 ], [ -1.58634973963, 52.69458013084 ], [ -1.59738072474, 52.70048042538 ], [ -1.59881954888, 52.69851366053 ], [ -1.60793210179, 52.69738979491 ], [ -1.61033014203, 52.69851366053 ], [ -1.6180038708, 52.69963752616 ], [ -1.62711642371, 52.69963752616 ], [ -1.62951446395, 52.70019945897 ], [ -1.63191250419, 52.70048042538 ], [ -1.63622897662, 52.70244719023 ], [ -1.63814740881, 52.69991849257 ], [ -1.6410250571, 52.69963752616 ], [ -1.65253565025, 52.69963752616 ], [ -1.6539744744, 52.69879462694 ], [ -1.65541329854, 52.69935655975 ], [ -1.65733173073, 52.71480971213 ], [ -1.6650054595, 52.72408160355 ], [ -1.69713919871, 52.72717223403 ], [ -1.69809841481, 52.73616315904 ], [ -1.69905763091, 52.73897282311 ], [ -1.69234311823, 52.74487311765 ], [ -1.69570037457, 52.74712084891 ], [ -1.69665959067, 52.75189727782 ], [ -1.68323056532, 52.76425979972 ], [ -1.68514899751, 52.76650753098 ], [ -1.68323056532, 52.76819332942 ], [ -1.67843448484, 52.77184589271 ], [ -1.66980153998, 52.77774618725 ], [ -1.64869878587, 52.7797129521 ], [ -1.61368739837, 52.78617517945 ], [ -1.60649327765, 52.79067064196 ], [ -1.60409523741, 52.79123257478 ], [ -1.59690111669, 52.79797576854 ], [ -1.59354386035, 52.79797576854 ], [ -1.5930642523, 52.79741383573 ], [ -1.58922738792, 52.8005044662 ], [ -1.58922738792, 52.80134736542 ], [ -1.59114582011, 52.80247123105 ], [ -1.61033014203, 52.8170814842 ], [ -1.59738072474, 52.82832014047 ], [ -1.59018660402, 52.82860110688 ], [ -1.58539052354, 52.83169173735 ], [ -1.58634973963, 52.83141077095 ], [ -1.5940234684, 52.83506333424 ], [ -1.59929915693, 52.8378729983 ], [ -1.60841170984, 52.84293039363 ], [ -1.61272818227, 52.84461619207 ], [ -1.61752426275, 52.84489715847 ], [ -1.62567759957, 52.84967358739 ], [ -1.62807563981, 52.85192131864 ], [ -1.63095328809, 52.85276421786 ], [ -1.64582113758, 52.85585484834 ], [ -1.66884232388, 52.86006934444 ], [ -1.67459762046, 52.86119321007 ], [ -1.68275095727, 52.86287900851 ], [ -1.68610821361, 52.8625980421 ], [ -1.69905763091, 52.86203610929 ], [ -1.70049645505, 52.86063127725 ], [ -1.70241488724, 52.86231707569 ], [ -1.70145567115, 52.86231707569 ], [ -1.7120070482, 52.86596963898 ], [ -1.71632352063, 52.86540770617 ], [ -1.71536430454, 52.86344094132 ], [ -1.72111960111, 52.86315997492 ], [ -1.7230380333, 52.86035031085 ], [ -1.72639528964, 52.86315997492 ], [ -1.7470184357, 52.86596963898 ], [ -1.74941647594, 52.86709350461 ], [ -1.74749804375, 52.86821737024 ], [ -1.74557961156, 52.86906026946 ], [ -1.75181451618, 52.87018413509 ], [ -1.76476393348, 52.87861312729 ], [ -1.77531531053, 52.88170375776 ], [ -1.78011139101, 52.88254665698 ], [ -1.78250943125, 52.88367052261 ], [ -1.79354041636, 52.8831085898 ], [ -1.80313257732, 52.88395148902 ], [ -1.81176552218, 52.88198472417 ], [ -1.82183729119, 52.88591825387 ], [ -1.82279650728, 52.88619922027 ], [ -1.82807219581, 52.88704211949 ], [ -1.8319090602, 52.88872791793 ], [ -1.83526631653, 52.89125661559 ], [ -1.83382749239, 52.89294241404 ], [ -1.829990628, 52.89659497732 ], [ -1.83622553263, 52.90221430546 ], [ -1.83622553263, 52.90418107031 ], [ -1.84006239701, 52.90502396953 ], [ -1.84102161311, 52.90502396953 ], [ -1.84917494992, 52.91654359221 ], [ -1.85013416602, 52.92103905471 ], [ -1.85588946259, 52.92272485316 ], [ -1.85588946259, 52.92722031566 ], [ -1.85445063845, 52.92750128207 ], [ -1.85301181431, 52.92778224848 ], [ -1.85253220626, 52.92890611411 ], [ -1.85445063845, 52.93002997973 ], [ -1.85205259821, 52.93199674458 ], [ -1.85013416602, 52.93115384536 ], [ -1.83238866824, 52.94323540085 ], [ -1.83526631653, 52.94239250163 ], [ -1.82951101996, 52.94688796414 ], [ -1.82855180386, 52.97526557123 ], [ -1.81512277852, 52.97948006733 ], [ -1.80313257732, 52.98144683218 ], [ -1.80457140146, 52.98453746265 ], [ -1.79881610488, 52.98622326109 ], [ -1.79833649684, 52.98566132828 ], [ -1.7959384566, 52.9865042275 ], [ -1.79018316002, 52.98903292516 ], [ -1.78922394393, 52.99268548845 ], [ -1.78634629564, 52.99240452204 ], [ -1.7709988381, 52.99577611892 ], [ -1.76284550129, 53.00055254784 ], [ -1.76620275762, 53.00701477519 ], [ -1.76188628519, 53.01516280099 ], [ -1.75948824495, 53.01460086818 ], [ -1.76380471738, 53.02134406194 ], [ -1.76620275762, 53.04101171042 ], [ -1.76812118981, 53.04410234089 ], [ -1.77435609444, 53.04354040808 ], [ -1.77915217492, 53.04494524011 ], [ -1.78346864735, 53.05056456825 ], [ -1.7839482554, 53.05506003076 ], [ -1.78202982321, 53.05534099716 ], [ -1.78250943125, 53.05562196357 ], [ -1.78922394393, 53.07472767923 ], [ -1.79018316002, 53.07528961205 ], [ -1.78874433588, 53.07922314174 ], [ -1.78874433588, 53.08090894018 ], [ -1.79114237612, 53.08512343628 ], [ -1.79066276807, 53.0856853691 ], [ -1.78346864735, 53.09270952927 ], [ -1.7829890393, 53.09327146208 ], [ -1.78538707954, 53.09495726052 ], [ -1.78826472783, 53.10591495039 ], [ -1.78586668759, 53.10675784961 ], [ -1.78826472783, 53.10928654727 ], [ -1.78970355197, 53.10956751367 ], [ -1.79785688879, 53.11406297618 ], [ -1.80840826584, 53.12361583401 ], [ -1.80984708999, 53.12389680042 ], [ -1.81032669804, 53.12614453168 ], [ -1.80936748194, 53.1269874309 ], [ -1.81032669804, 53.12811129652 ], [ -1.81272473828, 53.13035902778 ], [ -1.81416356242, 53.13204482622 ], [ -1.81368395437, 53.13260675903 ], [ -1.82087807509, 53.13766415435 ], [ -1.82183729119, 53.13766415435 ], [ -1.82183729119, 53.1396309192 ], [ -1.82135768314, 53.14019285201 ], [ -1.82135768314, 53.14131671764 ], [ -1.81752081876, 53.14440734812 ], [ -1.81704121071, 53.14665507937 ], [ -1.81608199461, 53.147778945 ], [ -1.81704121071, 53.14918377703 ], [ -1.81656160266, 53.15002667625 ], [ -1.81224513023, 53.15283634032 ], [ -1.81272473828, 53.15424117235 ], [ -1.81512277852, 53.1562079372 ], [ -1.81560238656, 53.15733180283 ], [ -1.8180004268, 53.15986050049 ], [ -1.819918859, 53.16070339971 ], [ -1.82471493948, 53.16491789581 ], [ -1.82663337167, 53.16547982863 ], [ -1.82903141191, 53.16688466066 ], [ -1.83430710044, 53.17362785442 ], [ -1.83958278896, 53.17643751849 ], [ -1.84677690968, 53.17980911537 ], [ -1.84725651773, 53.17952814897 ], [ -1.86308358331, 53.18851907398 ], [ -1.87171652818, 53.19301453649 ], [ -1.87363496037, 53.19385743571 ], [ -1.87651260866, 53.19498130134 ], [ -1.88034947304, 53.19638613337 ], [ -1.89377849838, 53.19975773026 ], [ -1.9009726191, 53.19975773026 ], [ -1.90385026739, 53.19863386463 ], [ -1.90768713178, 53.19891483104 ], [ -1.91344242835, 53.2014435287 ], [ -1.91823850883, 53.20341029354 ], [ -1.9249530215, 53.2056580248 ], [ -1.92831027784, 53.20678189043 ], [ -1.93934126294, 53.21212025215 ], [ -1.95085185609, 53.21183928575 ], [ -1.95660715267, 53.2138060506 ], [ -1.97627108264, 53.21886344592 ], [ -1.98058755507, 53.21633474826 ], [ -1.98106716312, 53.21577281544 ], [ -1.98346520336, 53.21492991622 ], [ -1.98730206774, 53.21352508419 ] ] ], [ [ [ 0.19155729421, 52.75021147938 ], [ 0.21697652076, 52.8210150139 ], [ 0.26733536579, 52.81314795451 ], [ 0.20498631956, 52.75358307627 ], [ 0.19155729421, 52.75021147938 ] ] ] ] } },
{ "type": "Feature", "properties": { "OBJECTID": 5, "ITL121CD": "TLG", "ITL121NM": "West Midlands (England)", "BNG_E": 386294, "BNG_N": 295477, "LONG": -2.20358, "LAT": 52.55697, "GlobalID": "1e0e7984-20af-4bd3-a1ae-d3039631cab2" }, "geometry": { "type": "MultiPolygon", "coordinates": [ [ [ [ -2.72685767772, 52.98313263062 ], [ -2.72014316505, 52.98397552984 ], [ -2.71822473285, 52.98425649624 ], [ -2.71534708457, 52.98509939546 ], [ -2.71198982823, 52.98622326109 ], [ -2.69952001898, 52.99549515252 ], [ -2.69424433046, 52.99324742126 ], [ -2.69184629022, 52.99043775719 ], [ -2.68657060169, 52.98819002594 ], [ -2.68705020974, 52.9867851939 ], [ -2.6846521695, 52.9865042275 ], [ -2.67985608902, 52.9865042275 ], [ -2.67458040049, 52.98566132828 ], [ -2.6717027522, 52.98706616031 ], [ -2.66594745563, 52.98875195875 ], [ -2.6606717671, 52.99156162282 ], [ -2.65827372686, 52.99156162282 ], [ -2.65539607857, 52.99324742126 ], [ -2.63429332446, 52.99605708533 ], [ -2.63093606812, 52.99577611892 ], [ -2.62182351521, 52.9867851939 ], [ -2.61510900254, 52.98762809313 ], [ -2.60359840939, 52.98172779858 ], [ -2.60407801744, 52.97891813451 ], [ -2.6007207611, 52.97891813451 ], [ -2.59592468062, 52.97976103374 ], [ -2.59256742428, 52.9741417056 ], [ -2.59832272086, 52.97161300794 ], [ -2.59688389672, 52.96964624309 ], [ -2.59592468062, 52.96767947824 ], [ -2.59640428867, 52.96655561262 ], [ -2.59784311281, 52.96290304933 ], [ -2.57338310237, 52.95840758682 ], [ -2.57194427822, 52.95925048604 ], [ -2.57242388627, 52.96262208292 ], [ -2.57146467017, 52.96206015011 ], [ -2.56810741384, 52.96234111651 ], [ -2.55899486093, 52.96234111651 ], [ -2.55563760459, 52.95896951963 ], [ -2.54796387582, 52.95700275478 ], [ -2.54124936315, 52.95278825868 ], [ -2.52973877, 52.94716893055 ], [ -2.52686112171, 52.95110246024 ], [ -2.52638151366, 52.95250729228 ], [ -2.52398347342, 52.95728372119 ], [ -2.52254464928, 52.95896951963 ], [ -2.52302425733, 52.96009338526 ], [ -2.52254464928, 52.96121725089 ], [ -2.52302425733, 52.96149821729 ], [ -2.52398347342, 52.96374594855 ], [ -2.52350386538, 52.96486981417 ], [ -2.52302425733, 52.96739851184 ], [ -2.52254464928, 52.96824141106 ], [ -2.52302425733, 52.96964624309 ], [ -2.52302425733, 52.9702081759 ], [ -2.52158543318, 52.97301783997 ], [ -2.51966700099, 52.97386073919 ], [ -2.51439131246, 52.97189397434 ], [ -2.51199327222, 52.9699272095 ], [ -2.5067175837, 52.9657127134 ], [ -2.49904385493, 52.96852237746 ], [ -2.49184973421, 52.96767947824 ], [ -2.49089051811, 52.96515078058 ], [ -2.47746149277, 52.96065531807 ], [ -2.47602266863, 52.96206015011 ], [ -2.47506345253, 52.96262208292 ], [ -2.47314502034, 52.96206015011 ], [ -2.47266541229, 52.96206015011 ], [ -2.47026737205, 52.96149821729 ], [ -2.46019560304, 52.96402691495 ], [ -2.45300148232, 52.96543174699 ], [ -2.44292971332, 52.97077010872 ], [ -2.44053167308, 52.9699272095 ], [ -2.43861324088, 52.96936527668 ], [ -2.4347763765, 52.9702081759 ], [ -2.43429676845, 52.97610847045 ], [ -2.4357355926, 52.97751330248 ], [ -2.43621520064, 52.97779426889 ], [ -2.43429676845, 52.97976103374 ], [ -2.43621520064, 52.98144683218 ], [ -2.4357355926, 52.98285166421 ], [ -2.42902107993, 52.98566132828 ], [ -2.4237453914, 52.98622326109 ], [ -2.42086774311, 52.98706616031 ], [ -2.41894931092, 52.98847099235 ], [ -2.41607166263, 52.98819002594 ], [ -2.4107959741, 52.98790905953 ], [ -2.40504067753, 52.99296645485 ], [ -2.40743871777, 52.99521418611 ], [ -2.40408146143, 52.99605708533 ], [ -2.40264263729, 52.9949332197 ], [ -2.40072420509, 52.99549515252 ], [ -2.38969321999, 52.99549515252 ], [ -2.38921361194, 52.99549515252 ], [ -2.38537674756, 52.99661901814 ], [ -2.38058066708, 52.99830481658 ], [ -2.38058066708, 52.99970964862 ], [ -2.38010105903, 53.00083351424 ], [ -2.38058066708, 53.00195737987 ], [ -2.38058066708, 53.00280027909 ], [ -2.38297870732, 53.00785767441 ], [ -2.38153988318, 53.00785767441 ], [ -2.38441753146, 53.03398755025 ], [ -2.38441753146, 53.03848301276 ], [ -2.38249909927, 53.04410234089 ], [ -2.38201949122, 53.04578813933 ], [ -2.38489713951, 53.04803587059 ], [ -2.38345831537, 53.0485978034 ], [ -2.38058066708, 53.04972166903 ], [ -2.38106027513, 53.05253133309 ], [ -2.37722341074, 53.0528122995 ], [ -2.3748253705, 53.05449809794 ], [ -2.37242733026, 53.05449809794 ], [ -2.36187595321, 53.05506003076 ], [ -2.35755948078, 53.05477906435 ], [ -2.3518041842, 53.05730776201 ], [ -2.34892653591, 53.05646486279 ], [ -2.34652849567, 53.0570267956 ], [ -2.34125280715, 53.06011742608 ], [ -2.33645672667, 53.06629868703 ], [ -2.32974221399, 53.07304188079 ], [ -2.3287829979, 53.07669444408 ], [ -2.32302770132, 53.07809927611 ], [ -2.31823162084, 53.08118990659 ], [ -2.31487436451, 53.08090894018 ], [ -2.30336377136, 53.08287570503 ], [ -2.29664925868, 53.08090894018 ], [ -2.29521043454, 53.07978507455 ], [ -2.29089396211, 53.07894217533 ], [ -2.28513866553, 53.07978507455 ], [ -2.27506689652, 53.08231377222 ], [ -2.27698532872, 53.0859663355 ], [ -2.25348453437, 53.09299049567 ], [ -2.25108649413, 53.09299049567 ], [ -2.23909629293, 53.10001465584 ], [ -2.23813707683, 53.10113852147 ], [ -2.23046334806, 53.10366721913 ], [ -2.22470805149, 53.10366721913 ], [ -2.21703432272, 53.1106913793 ], [ -2.21271785029, 53.11518684181 ], [ -2.21127902614, 53.11574877462 ], [ -2.19353352837, 53.12951612856 ], [ -2.18633940765, 53.13597835591 ], [ -2.17674724669, 53.14553121374 ], [ -2.16811430183, 53.14805991141 ], [ -2.15948135696, 53.15283634032 ], [ -2.1508484121, 53.15957953408 ], [ -2.14557272357, 53.15733180283 ], [ -2.14461350748, 53.17475172005 ], [ -2.14461350748, 53.17615655208 ], [ -2.14269507528, 53.17784235053 ], [ -2.14173585919, 53.17924718256 ], [ -2.14221546724, 53.18233781303 ], [ -2.14029703504, 53.18402361147 ], [ -2.13358252237, 53.18289974585 ], [ -2.13022526604, 53.1767184849 ], [ -2.1278272258, 53.17475172005 ], [ -2.12494957751, 53.17390882083 ], [ -2.12351075336, 53.17362785442 ], [ -2.11775545679, 53.17194205598 ], [ -2.1148778085, 53.1725039888 ], [ -2.11391859241, 53.17194205598 ], [ -2.1158370246, 53.17081819036 ], [ -2.11535741655, 53.16941335832 ], [ -2.11056133607, 53.16941335832 ], [ -2.08897897391, 53.17081819036 ], [ -2.08706054172, 53.16997529114 ], [ -2.08274406929, 53.17025625754 ], [ -2.07794798881, 53.17053722395 ], [ -2.07171308418, 53.17194205598 ], [ -2.05828405884, 53.17868524975 ], [ -2.05972288298, 53.18009008178 ], [ -2.0568452347, 53.18149491381 ], [ -2.05444719446, 53.18318071225 ], [ -2.0549268025, 53.18570940992 ], [ -2.05204915422, 53.18767617476 ], [ -2.04965111398, 53.19048583883 ], [ -2.04773268178, 53.19217163727 ], [ -2.03430365644, 53.1932955029 ], [ -2.03142600815, 53.1932955029 ], [ -2.00696599771, 53.19245260368 ], [ -2.00504756551, 53.1932955029 ], [ -2.00025148503, 53.19385743571 ], [ -1.99881266089, 53.19610516697 ], [ -1.9968942287, 53.197509999 ], [ -1.99257775627, 53.20481512558 ], [ -1.99305736432, 53.20650092402 ], [ -1.99065932408, 53.20818672246 ], [ -1.98922049993, 53.2098725209 ], [ -1.98730206774, 53.21183928575 ], [ -1.98730206774, 53.21352508419 ], [ -1.98346520336, 53.21492991622 ], [ -1.98106716312, 53.21577281544 ], [ -1.98058755507, 53.21633474826 ], [ -1.97627108264, 53.21886344592 ], [ -1.95660715267, 53.2138060506 ], [ -1.95085185609, 53.21183928575 ], [ -1.93934126294, 53.21212025215 ], [ -1.92831027784, 53.20678189043 ], [ -1.9249530215, 53.2056580248 ], [ -1.91823850883, 53.20341029354 ], [ -1.91344242835, 53.2014435287 ], [ -1.90768713178, 53.19891483104 ], [ -1.90385026739, 53.19863386463 ], [ -1.9009726191, 53.19975773026 ], [ -1.89377849838, 53.19975773026 ], [ -1.88034947304, 53.19638613337 ], [ -1.87651260866, 53.19498130134 ], [ -1.87363496037, 53.19385743571 ], [ -1.87171652818, 53.19301453649 ], [ -1.86308358331, 53.18851907398 ], [ -1.84725651773, 53.17952814897 ], [ -1.84677690968, 53.17980911537 ], [ -1.83958278896, 53.17643751849 ], [ -1.83430710044, 53.17362785442 ], [ -1.82903141191, 53.16688466066 ], [ -1.82663337167, 53.16547982863 ], [ -1.82471493948, 53.16491789581 ], [ -1.819918859, 53.16070339971 ], [ -1.8180004268, 53.15986050049 ], [ -1.81560238656, 53.15733180283 ], [ -1.81512277852, 53.1562079372 ], [ -1.81272473828, 53.15424117235 ], [ -1.81224513023, 53.15283634032 ], [ -1.81656160266, 53.15002667625 ], [ -1.81704121071, 53.14918377703 ], [ -1.81608199461, 53.147778945 ], [ -1.81704121071, 53.14665507937 ], [ -1.81752081876, 53.14440734812 ], [ -1.82135768314, 53.14131671764 ], [ -1.82135768314, 53.14019285201 ], [ -1.82183729119, 53.1396309192 ], [ -1.82183729119, 53.13766415435 ], [ -1.82087807509, 53.13766415435 ], [ -1.81368395437, 53.13260675903 ], [ -1.81416356242, 53.13204482622 ], [ -1.81272473828, 53.13035902778 ], [ -1.81032669804, 53.12811129652 ], [ -1.80936748194, 53.1269874309 ], [ -1.81032669804, 53.12614453168 ], [ -1.80984708999, 53.12389680042 ], [ -1.80840826584, 53.12361583401 ], [ -1.79785688879, 53.11406297618 ], [ -1.78970355197, 53.10956751367 ], [ -1.78826472783, 53.10928654727 ], [ -1.78586668759, 53.10675784961 ], [ -1.78826472783, 53.10591495039 ], [ -1.78538707954, 53.09495726052 ], [ -1.7829890393, 53.09327146208 ], [ -1.78346864735, 53.09270952927 ], [ -1.79066276807, 53.0856853691 ], [ -1.79114237612, 53.08512343628 ], [ -1.78874433588, 53.08090894018 ], [ -1.78874433588, 53.07922314174 ], [ -1.79018316002, 53.07528961205 ], [ -1.78922394393, 53.07472767923 ], [ -1.78250943125, 53.05562196357 ], [ -1.78202982321, 53.05534099716 ], [ -1.7839482554, 53.05506003076 ], [ -1.78346864735, 53.05056456825 ], [ -1.77915217492, 53.04494524011 ], [ -1.77435609444, 53.04354040808 ], [ -1.76812118981, 53.04410234089 ], [ -1.76620275762, 53.04101171042 ], [ -1.76380471738, 53.02134406194 ], [ -1.75948824495, 53.01460086818 ], [ -1.76188628519, 53.01516280099 ], [ -1.76620275762, 53.00701477519 ], [ -1.76284550129, 53.00055254784 ], [ -1.7709988381, 52.99577611892 ], [ -1.78634629564, 52.99240452204 ], [ -1.78922394393, 52.99268548845 ], [ -1.79018316002, 52.98903292516 ], [ -1.7959384566, 52.9865042275 ], [ -1.79833649684, 52.98566132828 ], [ -1.79881610488, 52.98622326109 ], [ -1.80457140146, 52.98453746265 ], [ -1.80313257732, 52.98144683218 ], [ -1.81512277852, 52.97948006733 ], [ -1.82855180386, 52.97526557123 ], [ -1.82951101996, 52.94688796414 ], [ -1.83526631653, 52.94239250163 ], [ -1.83238866824, 52.94323540085 ], [ -1.85013416602, 52.93115384536 ], [ -1.85205259821, 52.93199674458 ], [ -1.85445063845, 52.93002997973 ], [ -1.85253220626, 52.92890611411 ], [ -1.85301181431, 52.92778224848 ], [ -1.85445063845, 52.92750128207 ], [ -1.85588946259, 52.92722031566 ], [ -1.85588946259, 52.92272485316 ], [ -1.85013416602, 52.92103905471 ], [ -1.84917494992, 52.91654359221 ], [ -1.84102161311, 52.90502396953 ], [ -1.84006239701, 52.90502396953 ], [ -1.83622553263, 52.90418107031 ], [ -1.83622553263, 52.90221430546 ], [ -1.829990628, 52.89659497732 ], [ -1.83382749239, 52.89294241404 ], [ -1.83526631653, 52.89125661559 ], [ -1.8319090602, 52.88872791793 ], [ -1.82807219581, 52.88704211949 ], [ -1.82279650728, 52.88619922027 ], [ -1.82183729119, 52.88591825387 ], [ -1.81176552218, 52.88198472417 ], [ -1.80313257732, 52.88395148902 ], [ -1.79354041636, 52.8831085898 ], [ -1.78250943125, 52.88367052261 ], [ -1.78011139101, 52.88254665698 ], [ -1.77531531053, 52.88170375776 ], [ -1.76476393348, 52.87861312729 ], [ -1.75181451618, 52.87018413509 ], [ -1.74557961156, 52.86906026946 ], [ -1.74749804375, 52.86821737024 ], [ -1.74941647594, 52.86709350461 ], [ -1.7470184357, 52.86596963898 ], [ -1.72639528964, 52.86315997492 ], [ -1.7230380333, 52.86035031085 ], [ -1.72111960111, 52.86315997492 ], [ -1.71536430454, 52.86344094132 ], [ -1.71632352063, 52.86540770617 ], [ -1.7120070482, 52.86596963898 ], [ -1.70145567115, 52.86231707569 ], [ -1.70241488724, 52.86231707569 ], [ -1.70049645505, 52.86063127725 ], [ -1.69905763091, 52.86203610929 ], [ -1.68610821361, 52.8625980421 ], [ -1.68275095727, 52.86287900851 ], [ -1.67459762046, 52.86119321007 ], [ -1.66884232388, 52.86006934444 ], [ -1.64582113758, 52.85585484834 ], [ -1.63095328809, 52.85276421786 ], [ -1.62807563981, 52.85192131864 ], [ -1.62567759957, 52.84967358739 ], [ -1.61752426275, 52.84489715847 ], [ -1.61272818227, 52.84461619207 ], [ -1.60841170984, 52.84293039363 ], [ -1.59929915693, 52.8378729983 ], [ -1.5940234684, 52.83506333424 ], [ -1.58634973963, 52.83141077095 ], [ -1.58539052354, 52.83169173735 ], [ -1.59018660402, 52.82860110688 ], [ -1.59738072474, 52.82832014047 ], [ -1.61033014203, 52.8170814842 ], [ -1.59114582011, 52.80247123105 ], [ -1.58922738792, 52.80134736542 ], [ -1.58922738792, 52.8005044662 ], [ -1.5930642523, 52.79741383573 ], [ -1.59354386035, 52.79797576854 ], [ -1.59690111669, 52.79797576854 ], [ -1.60409523741, 52.79123257478 ], [ -1.60649327765, 52.79067064196 ], [ -1.61368739837, 52.78617517945 ], [ -1.64869878587, 52.7797129521 ], [ -1.66980153998, 52.77774618725 ], [ -1.67843448484, 52.77184589271 ], [ -1.68323056532, 52.76819332942 ], [ -1.68514899751, 52.76650753098 ], [ -1.68323056532, 52.76425979972 ], [ -1.69665959067, 52.75189727782 ], [ -1.69570037457, 52.74712084891 ], [ -1.69234311823, 52.74487311765 ], [ -1.69905763091, 52.73897282311 ], [ -1.69809841481, 52.73616315904 ], [ -1.69713919871, 52.72717223403 ], [ -1.6650054595, 52.72408160355 ], [ -1.65733173073, 52.71480971213 ], [ -1.65541329854, 52.69935655975 ], [ -1.6539744744, 52.69879462694 ], [ -1.65253565025, 52.69963752616 ], [ -1.6410250571, 52.69963752616 ], [ -1.63814740881, 52.69991849257 ], [ -1.63622897662, 52.70244719023 ], [ -1.63191250419, 52.70048042538 ], [ -1.62951446395, 52.70019945897 ], [ -1.62711642371, 52.69963752616 ], [ -1.6180038708, 52.69963752616 ], [ -1.61033014203, 52.69851366053 ], [ -1.60793210179, 52.69738979491 ], [ -1.59881954888, 52.69851366053 ], [ -1.59738072474, 52.70048042538 ], [ -1.58634973963, 52.69458013084 ], [ -1.56668580966, 52.67772214643 ], [ -1.54414423141, 52.64934453934 ], [ -1.54414423141, 52.64569197606 ], [ -1.55085874408, 52.64119651355 ], [ -1.55325678432, 52.64091554714 ], [ -1.56428776942, 52.61984306663 ], [ -1.5580528648, 52.59624188846 ], [ -1.55613443261, 52.59399415721 ], [ -1.5460626636, 52.59062256032 ], [ -1.53599089459, 52.58809386266 ], [ -1.53167442216, 52.58584613141 ], [ -1.53215403021, 52.58444129937 ], [ -1.52735794973, 52.58275550093 ], [ -1.52543951754, 52.57966487046 ], [ -1.52639873363, 52.57938390405 ], [ -1.52687834168, 52.57545037436 ], [ -1.5230414773, 52.57348360951 ], [ -1.50289793928, 52.56449268449 ], [ -1.48323400932, 52.55859238995 ], [ -1.46021282301, 52.55156822978 ], [ -1.45925360692, 52.55184919619 ], [ -1.4271198677, 52.54061053991 ], [ -1.41752770674, 52.53611507741 ], [ -1.4160888826, 52.53442927897 ], [ -1.36525042951, 52.51560452971 ], [ -1.24151155314, 52.43974359988 ], [ -1.1791625069, 52.35432981221 ], [ -1.18443819543, 52.3537678794 ], [ -1.18779545176, 52.35320594658 ], [ -1.18827505981, 52.35320594658 ], [ -1.19690800468, 52.35292498018 ], [ -1.19834682882, 52.35264401377 ], [ -1.20026526101, 52.35264401377 ], [ -1.21081663807, 52.34899145048 ], [ -1.21705154269, 52.34955338329 ], [ -1.22376605536, 52.34871048407 ], [ -1.22328644731, 52.34814855126 ], [ -1.22568448755, 52.34674371923 ], [ -1.22760291975, 52.34646275282 ], [ -1.23959312095, 52.34337212234 ], [ -1.24342998533, 52.34196729031 ], [ -1.2491852819, 52.34056245828 ], [ -1.25302214629, 52.33887665984 ], [ -1.26453273944, 52.3290428356 ], [ -1.25254253824, 52.32398544028 ], [ -1.24774645776, 52.32201867543 ], [ -1.24630763362, 52.32173770902 ], [ -1.24247076923, 52.32173770902 ], [ -1.21225546221, 52.31078001916 ], [ -1.22088840707, 52.30572262383 ], [ -1.22856213584, 52.28858367302 ], [ -1.22808252779, 52.28886463943 ], [ -1.22424566341, 52.28633594177 ], [ -1.22280683927, 52.2835262777 ], [ -1.22232723122, 52.28212144566 ], [ -1.22328644731, 52.28071661363 ], [ -1.21944958293, 52.27032085658 ], [ -1.21609232659, 52.26582539407 ], [ -1.21609232659, 52.26413959563 ], [ -1.23143978413, 52.2545867378 ], [ -1.23479704047, 52.2503722417 ], [ -1.27268607626, 52.22761396275 ], [ -1.27700254869, 52.22508526508 ], [ -1.25733861872, 52.20850824708 ], [ -1.25494057848, 52.19783152362 ], [ -1.31441197643, 52.18799769939 ], [ -1.33167786616, 52.16861101732 ], [ -1.33455551444, 52.15933912589 ], [ -1.33839237883, 52.15877719308 ], [ -1.36285238927, 52.10904613908 ], [ -1.36141356513, 52.10679840782 ], [ -1.35949513294, 52.10455067657 ], [ -1.35901552489, 52.10230294531 ], [ -1.35949513294, 52.10117907969 ], [ -1.40074142507, 52.10511260938 ], [ -1.40218024921, 52.10623647501 ], [ -1.4271198677, 52.1180370641 ], [ -1.44486536548, 52.11522740003 ], [ -1.46740694373, 52.09696458359 ], [ -1.47076420007, 52.09808844921 ], [ -1.49234656223, 52.07561113667 ], [ -1.51009206, 52.02559911626 ], [ -1.52160265315, 52.00171697168 ], [ -1.5230414773, 51.99694054277 ], [ -1.58826817182, 51.97418226382 ], [ -1.62615720761, 51.96743907005 ], [ -1.63479015248, 51.97221549897 ], [ -1.63670858467, 51.97277743178 ], [ -1.6650054595, 51.98317318883 ], [ -1.6659646756, 51.98738768494 ], [ -1.66980153998, 51.99300701307 ], [ -1.6659646756, 51.99722150917 ], [ -1.65925016292, 51.99975020683 ], [ -1.65541329854, 52.00340277012 ], [ -1.6419842732, 52.01042693029 ], [ -1.63862701686, 52.02054172094 ], [ -1.62855524785, 52.0272849147 ], [ -1.61992230299, 52.02784684751 ], [ -1.61848347885, 52.03065651158 ], [ -1.61752426275, 52.03178037721 ], [ -1.61752426275, 52.03346617565 ], [ -1.61944269494, 52.03487100768 ], [ -1.62040191104, 52.03430907487 ], [ -1.62040191104, 52.03487100768 ], [ -1.62423877542, 52.03627583972 ], [ -1.62423877542, 52.03683777253 ], [ -1.62855524785, 52.03683777253 ], [ -1.63239211224, 52.03599487331 ], [ -1.63383093638, 52.03655680612 ], [ -1.63574936857, 52.03711873894 ], [ -1.63670858467, 52.03739970535 ], [ -1.63814740881, 52.03711873894 ], [ -1.64342309734, 52.03515197409 ], [ -1.64390270539, 52.0357139069 ], [ -1.64438231344, 52.03459004128 ], [ -1.64630074563, 52.03459004128 ], [ -1.64821917782, 52.03402810846 ], [ -1.65013761001, 52.03459004128 ], [ -1.65157643416, 52.03487100768 ], [ -1.6520560422, 52.0354329405 ], [ -1.65541329854, 52.03487100768 ], [ -1.65637251464, 52.03206134362 ], [ -1.65925016292, 52.0314994108 ], [ -1.66020937902, 52.03178037721 ], [ -1.66020937902, 52.0314994108 ], [ -1.66308702731, 52.03178037721 ], [ -1.66884232388, 52.03655680612 ], [ -1.67076075608, 52.03683777253 ], [ -1.67315879632, 52.03627583972 ], [ -1.67555683656, 52.03655680612 ], [ -1.6760364446, 52.03683777253 ], [ -1.6779548768, 52.03711873894 ], [ -1.67843448484, 52.03683777253 ], [ -1.67939370094, 52.03711873894 ], [ -1.68323056532, 52.03739970535 ], [ -1.68610821361, 52.03739970535 ], [ -1.68754703775, 52.03739970535 ], [ -1.68946546995, 52.03824260457 ], [ -1.69186351019, 52.03936647019 ], [ -1.69474115847, 52.04301903348 ], [ -1.69042468604, 52.05144802568 ], [ -1.68994507799, 52.05313382413 ], [ -1.69953723895, 52.05453865616 ], [ -1.70289449529, 52.05762928663 ], [ -1.70529253553, 52.06156281633 ], [ -1.70337410334, 52.06746311087 ], [ -1.70193527919, 52.0728014726 ], [ -1.7120070482, 52.07055374135 ], [ -1.71248665625, 52.06830601009 ], [ -1.7129662643, 52.06662021165 ], [ -1.7230380333, 52.06942987572 ], [ -1.72783411378, 52.07139664057 ], [ -1.72879332988, 52.07167760697 ], [ -1.72831372183, 52.08151143121 ], [ -1.72927293793, 52.08151143121 ], [ -1.72927293793, 52.08404012887 ], [ -1.72927293793, 52.08544496091 ], [ -1.72879332988, 52.08881655779 ], [ -1.72879332988, 52.09162622186 ], [ -1.73023215402, 52.09162622186 ], [ -1.73023215402, 52.09527878514 ], [ -1.72975254598, 52.09527878514 ], [ -1.72879332988, 52.09949328125 ], [ -1.73023215402, 52.09808844921 ], [ -1.73310980231, 52.09499781874 ], [ -1.73982431498, 52.09134525545 ], [ -1.75181451618, 52.09696458359 ], [ -1.75469216447, 52.09921231484 ], [ -1.75613098862, 52.10202197891 ], [ -1.75756981276, 52.10314584454 ], [ -1.76620275762, 52.10960807189 ], [ -1.76764158177, 52.11269870237 ], [ -1.77387648639, 52.11073193752 ], [ -1.77819295882, 52.10960807189 ], [ -1.78826472783, 52.10370777735 ], [ -1.79545884855, 52.10089811328 ], [ -1.80217336122, 52.09696458359 ], [ -1.80984708999, 52.08769269216 ], [ -1.80936748194, 52.08600689372 ], [ -1.81272473828, 52.07870176714 ], [ -1.8180004268, 52.08488302809 ], [ -1.82231689924, 52.08123046481 ], [ -1.83430710044, 52.07308243901 ], [ -1.84917494992, 52.07729693511 ], [ -1.85109338211, 52.07448727104 ], [ -1.85445063845, 52.0728014726 ], [ -1.86308358331, 52.07364437182 ], [ -1.86979809599, 52.07139664057 ], [ -1.87171652818, 52.06549634602 ], [ -1.86308358331, 52.06352958118 ], [ -1.86116515112, 52.05819121945 ], [ -1.86356319136, 52.05341479053 ], [ -1.86164475917, 52.05285285772 ], [ -1.86068554307, 52.05257189131 ], [ -1.84773612578, 52.04667159677 ], [ -1.83910318091, 52.04358096629 ], [ -1.829990628, 52.03768067175 ], [ -1.82951101996, 52.03178037721 ], [ -1.82519454752, 52.03093747799 ], [ -1.82615376362, 52.02925167955 ], [ -1.83574592458, 52.01126982951 ], [ -1.84150122115, 52.00705533341 ], [ -1.84437886944, 52.00846016545 ], [ -1.85684867869, 52.0107078967 ], [ -1.85732828674, 52.01126982951 ], [ -1.86212436722, 52.01323659436 ], [ -1.86212436722, 52.01745109046 ], [ -1.87363496037, 52.02419428423 ], [ -1.87939025694, 52.02700394829 ], [ -1.91344242835, 52.04442386551 ], [ -1.91679968469, 52.04217613426 ], [ -1.91967733297, 52.03880453738 ], [ -1.92063654907, 52.03824260457 ], [ -1.93166753417, 52.03009457877 ], [ -1.93982087099, 52.03234231002 ], [ -1.94557616757, 52.03178037721 ], [ -1.95085185609, 52.03599487331 ], [ -1.95085185609, 52.03655680612 ], [ -1.95420911243, 52.03711873894 ], [ -1.95660715267, 52.03711873894 ], [ -1.9839448114, 52.03599487331 ], [ -1.99401658041, 52.02784684751 ], [ -1.99497579651, 52.02644201548 ], [ -2.0079252138, 52.02391331782 ], [ -2.02183384719, 52.01576529202 ], [ -2.02806875182, 52.01239369514 ], [ -2.03814052082, 52.00958403107 ], [ -2.03670169668, 52.00705533341 ], [ -2.03814052082, 52.00452663575 ], [ -2.0448550335, 52.00368373653 ], [ -2.04869189788, 52.00705533341 ], [ -2.05156954617, 52.00874113185 ], [ -2.05924327494, 52.00958403107 ], [ -2.06020249103, 52.01407949358 ], [ -2.06403935542, 52.01407949358 ], [ -2.06931504394, 52.01239369514 ], [ -2.07171308418, 52.01211272873 ], [ -2.07554994857, 52.01155079592 ], [ -2.07698877271, 52.01155079592 ], [ -2.07794798881, 52.01098886311 ], [ -2.08082563709, 52.0107078967 ], [ -2.08466250148, 52.0107078967 ], [ -2.09137701415, 52.01155079592 ], [ -2.09281583829, 52.01155079592 ], [ -2.09569348658, 52.01211272873 ], [ -2.09761191877, 52.01183176233 ], [ -2.09857113487, 52.01323659436 ], [ -2.09857113487, 52.01295562795 ], [ -2.10240799925, 52.01379852717 ], [ -2.10768368778, 52.01464142639 ], [ -2.11152055217, 52.01548432562 ], [ -2.11391859241, 52.01464142639 ], [ -2.11727584874, 52.01407949358 ], [ -2.11871467288, 52.01407949358 ], [ -2.11919428093, 52.01351756077 ], [ -2.12015349703, 52.01323659436 ], [ -2.12015349703, 52.01183176233 ], [ -2.12351075336, 52.01098886311 ], [ -2.1259087936, 52.00902209826 ], [ -2.1278272258, 52.00733629982 ], [ -2.13166409018, 52.00593146778 ], [ -2.13214369823, 52.00284083731 ], [ -2.13310291432, 52.00171697168 ], [ -2.13933781895, 51.99946924043 ], [ -2.139817427, 52.00031213965 ], [ -2.13933781895, 52.00143600528 ], [ -2.1388582109, 52.00396470294 ], [ -2.14557272357, 52.00480760216 ], [ -2.1508484121, 52.0064934006 ], [ -2.14749115576, 52.01295562795 ], [ -2.14509311552, 52.01464142639 ], [ -2.14221546724, 52.01969882172 ], [ -2.13933781895, 52.02784684751 ], [ -2.1259087936, 52.03037554518 ], [ -2.11631663264, 52.03683777253 ], [ -2.11727584874, 52.03936647019 ], [ -2.12638840165, 52.04329999989 ], [ -2.14173585919, 52.04554773114 ], [ -2.15564449258, 52.04948126084 ], [ -2.16619586963, 52.04891932802 ], [ -2.17051234207, 52.04695256318 ], [ -2.1738695984, 52.04695256318 ], [ -2.17818607083, 52.04358096629 ], [ -2.18058411107, 52.04161420145 ], [ -2.18058411107, 52.0354329405 ], [ -2.17914528693, 52.03346617565 ], [ -2.17770646279, 52.0272849147 ], [ -2.17818607083, 52.02559911626 ], [ -2.17722685474, 52.02391331782 ], [ -2.16379782939, 51.9983453748 ], [ -2.16475704549, 51.99609764355 ], [ -2.17003273402, 51.99469281151 ], [ -2.17195116621, 51.99497377792 ], [ -2.18154332717, 51.99918827402 ], [ -2.17962489498, 51.99497377792 ], [ -2.18490058351, 51.99047831541 ], [ -2.19449274446, 51.99328797948 ], [ -2.19737039275, 51.99497377792 ], [ -2.20312568933, 51.99637860995 ], [ -2.21175863419, 51.99665957636 ], [ -2.21559549858, 51.99581667714 ], [ -2.21703432272, 51.9941308787 ], [ -2.22422844344, 51.99272604666 ], [ -2.22662648368, 51.99075928182 ], [ -2.22758569978, 51.98851155056 ], [ -2.23334099635, 51.98682575212 ], [ -2.24389237341, 51.97277743178 ], [ -2.24629041365, 51.97137259975 ], [ -2.25204571022, 51.96772003646 ], [ -2.25636218265, 51.96715810365 ], [ -2.26355630337, 51.96743907005 ], [ -2.27075042409, 51.96884390209 ], [ -2.27362807238, 51.9694058349 ], [ -2.29329200235, 51.96968680131 ], [ -2.30048612307, 51.96687713724 ], [ -2.3057618116, 51.97081066693 ], [ -2.30959867598, 51.97052970053 ], [ -2.30815985184, 51.97277743178 ], [ -2.30911906793, 51.97390129741 ], [ -2.31247632427, 51.97642999507 ], [ -2.32638495766, 51.97586806226 ], [ -2.32542574156, 51.97671096148 ], [ -2.32398691742, 51.97867772632 ], [ -2.32254809327, 51.98261125602 ], [ -2.32302770132, 51.98457802087 ], [ -2.32206848523, 51.98963541619 ], [ -2.32302770132, 51.99637860995 ], [ -2.32350730937, 51.99946924043 ], [ -2.32590534961, 52.00059310605 ], [ -2.32590534961, 52.00565050138 ], [ -2.32926260595, 52.006774367 ], [ -2.34029359105, 52.006774367 ], [ -2.34413045543, 52.00874113185 ], [ -2.34748771177, 52.01126982951 ], [ -2.34940614396, 52.01155079592 ], [ -2.3518041842, 52.01576529202 ], [ -2.34940614396, 52.01773205687 ], [ -2.35132457615, 52.02138462016 ], [ -2.36139634516, 52.01829398968 ], [ -2.36523320954, 52.01745109046 ], [ -2.39305047633, 52.01295562795 ], [ -2.39400969242, 52.01183176233 ], [ -2.39496890852, 52.006774367 ], [ -2.39544851657, 52.00565050138 ], [ -2.39928538095, 51.99918827402 ], [ -2.41319401434, 51.9941308787 ], [ -2.4227861753, 51.99441184511 ], [ -2.43717441674, 51.99750247558 ], [ -2.4357355926, 51.99806440839 ], [ -2.43669480869, 52.00115503887 ], [ -2.43525598455, 52.0022789045 ], [ -2.43525598455, 52.00284083731 ], [ -2.4347763765, 52.00565050138 ], [ -2.4338171604, 52.006774367 ], [ -2.4338171604, 52.00789823263 ], [ -2.4347763765, 52.00986499748 ], [ -2.4338171604, 52.01239369514 ], [ -2.44340932136, 52.01520335921 ], [ -2.4458073616, 52.01520335921 ], [ -2.4477257938, 52.01576529202 ], [ -2.46211403524, 52.01436045999 ], [ -2.46307325133, 52.01717012406 ], [ -2.46355285938, 52.01829398968 ], [ -2.46355285938, 52.0188559225 ], [ -2.46307325133, 52.02110365375 ], [ -2.46643050767, 52.02363235141 ], [ -2.46834893986, 52.02391331782 ], [ -2.47890031691, 52.02250848578 ], [ -2.48033914106, 52.01604625843 ], [ -2.48465561349, 52.01267466155 ], [ -2.48753326178, 52.01155079592 ], [ -2.49041091007, 52.0107078967 ], [ -2.49232934226, 52.00817919904 ], [ -2.48705365373, 52.00340277012 ], [ -2.47698188472, 51.99918827402 ], [ -2.47554306058, 51.99750247558 ], [ -2.47362462839, 51.99356894589 ], [ -2.47410423643, 51.99328797948 ], [ -2.47506345253, 51.99272604666 ], [ -2.47890031691, 51.99188314744 ], [ -2.4817779652, 51.98963541619 ], [ -2.4827371813, 51.98823058416 ], [ -2.48849247787, 51.98738768494 ], [ -2.49041091007, 51.98345415524 ], [ -2.49137012616, 51.98204932321 ], [ -2.49328855835, 51.9817683568 ], [ -2.4947273825, 51.98008255836 ], [ -2.49616620664, 51.9775538607 ], [ -2.49520699055, 51.97109163334 ], [ -2.49280895031, 51.96856293568 ], [ -2.49712542274, 51.96406747317 ], [ -2.50000307103, 51.96266264114 ], [ -2.50096228712, 51.96069587629 ], [ -2.49664581469, 51.95957201066 ], [ -2.49328855835, 51.95732427941 ], [ -2.49041091007, 51.95507654815 ], [ -2.48609443763, 51.95732427941 ], [ -2.48225757325, 51.95563848097 ], [ -2.47937992496, 51.95563848097 ], [ -2.47554306058, 51.95620041378 ], [ -2.47458384448, 51.95563848097 ], [ -2.46786933181, 51.95198591768 ], [ -2.46595089962, 51.95030011924 ], [ -2.46547129157, 51.94664755595 ], [ -2.46499168352, 51.94271402626 ], [ -2.46547129157, 51.94215209344 ], [ -2.46451207548, 51.94130919422 ], [ -2.46451207548, 51.93962339578 ], [ -2.46355285938, 51.93849953015 ], [ -2.46547129157, 51.93793759734 ], [ -2.46691011572, 51.93765663093 ], [ -2.46786933181, 51.93737566453 ], [ -2.46595089962, 51.9281037731 ], [ -2.4477257938, 51.9157412512 ], [ -2.44436853746, 51.91377448636 ], [ -2.44292971332, 51.91208868791 ], [ -2.44245010527, 51.90899805744 ], [ -2.44292971332, 51.90675032619 ], [ -2.44292971332, 51.90618839337 ], [ -2.44245010527, 51.90506452774 ], [ -2.44197049722, 51.90394066212 ], [ -2.44245010527, 51.90197389727 ], [ -2.44340932136, 51.89832133398 ], [ -2.43957245698, 51.89747843476 ], [ -2.44388892941, 51.89579263632 ], [ -2.44628696965, 51.89410683788 ], [ -2.44868500989, 51.8949497371 ], [ -2.46259364328, 51.89298297225 ], [ -2.47122658815, 51.88933040896 ], [ -2.48225757325, 51.88595881208 ], [ -2.4937681664, 51.88005851754 ], [ -2.49808463883, 51.88202528239 ], [ -2.50192150322, 51.88623977849 ], [ -2.5067175837, 51.88539687927 ], [ -2.5177485688, 51.87331532378 ], [ -2.51918739294, 51.87078662612 ], [ -2.54412701144, 51.86010990266 ], [ -2.55659682069, 51.86291956673 ], [ -2.56187250921, 51.86432439876 ], [ -2.56331133336, 51.86376246595 ], [ -2.57290349432, 51.86235763391 ], [ -2.57626075065, 51.86263860032 ], [ -2.58057722309, 51.8617957011 ], [ -2.58537330357, 51.85982893625 ], [ -2.57865879089, 51.85308574249 ], [ -2.58633251966, 51.84971414561 ], [ -2.59160820819, 51.85420960811 ], [ -2.59640428867, 51.85617637296 ], [ -2.599761545, 51.85645733937 ], [ -2.60455762548, 51.85477154093 ], [ -2.62182351521, 51.84325191825 ], [ -2.6256603796, 51.83903742215 ], [ -2.63045646007, 51.83875645574 ], [ -2.64052822908, 51.83622775808 ], [ -2.64724274175, 51.82779876588 ], [ -2.65059999809, 51.82611296744 ], [ -2.65779411881, 51.82807973228 ], [ -2.65827372686, 51.83257519479 ], [ -2.67841726487, 51.8370706573 ], [ -2.6827337373, 51.83763259011 ], [ -2.68705020974, 51.83369906042 ], [ -2.68705020974, 51.83313712761 ], [ -2.68848903388, 51.83313712761 ], [ -2.69328511436, 51.8370706573 ], [ -2.69328511436, 51.83735162371 ], [ -2.69328511436, 51.83763259011 ], [ -2.69424433046, 51.83903742215 ], [ -2.6947239385, 51.84072322059 ], [ -2.69520354655, 51.84184708622 ], [ -2.69952001898, 51.84353288466 ], [ -2.70527531556, 51.8452186831 ], [ -2.70575492361, 51.84493771669 ], [ -2.70719374775, 51.84268998544 ], [ -2.70719374775, 51.84240901903 ], [ -2.70719374775, 51.84156611981 ], [ -2.7067141397, 51.8412851534 ], [ -2.7067141397, 51.84044225418 ], [ -2.7067141397, 51.84016128778 ], [ -2.71007139604, 51.83903742215 ], [ -2.71294904433, 51.83988032137 ], [ -2.71630630066, 51.84072322059 ], [ -2.71822473285, 51.8454996495 ], [ -2.7187043409, 51.84690448154 ], [ -2.719663557, 51.84887124639 ], [ -2.72781689381, 51.84016128778 ], [ -2.73021493405, 51.841004187 ], [ -2.7316537582, 51.8412851534 ], [ -2.73261297429, 51.84072322059 ], [ -2.73357219039, 51.83988032137 ], [ -2.73501101453, 51.83931838855 ], [ -2.73644983868, 51.83903742215 ], [ -2.74028670306, 51.8412851534 ], [ -2.74028670306, 51.84156611981 ], [ -2.74124591916, 51.84240901903 ], [ -2.7426847433, 51.84184708622 ], [ -2.74316435135, 51.84184708622 ], [ -2.75707298474, 51.84606158232 ], [ -2.75755259279, 51.84718544794 ], [ -2.75755259279, 51.84774738076 ], [ -2.75755259279, 51.84830931357 ], [ -2.75755259279, 51.84915221279 ], [ -2.76043024108, 51.85168091045 ], [ -2.76234867327, 51.8536476753 ], [ -2.76282828132, 51.85477154093 ], [ -2.76426710546, 51.85673830578 ], [ -2.76474671351, 51.857581205 ], [ -2.76474671351, 51.85814313781 ], [ -2.76618553765, 51.85870507062 ], [ -2.76810396984, 51.86010990266 ], [ -2.76954279399, 51.86235763391 ], [ -2.77625730666, 51.86376246595 ], [ -2.77913495495, 51.86685309642 ], [ -2.7786553469, 51.86797696205 ], [ -2.77673691471, 51.87106759252 ], [ -2.77721652276, 51.87219145815 ], [ -2.77433887447, 51.8744391894 ], [ -2.77337965837, 51.87612498784 ], [ -2.77242044228, 51.87724885347 ], [ -2.77098161813, 51.8783727191 ], [ -2.77050201008, 51.87865368551 ], [ -2.77050201008, 51.87893465191 ], [ -2.77050201008, 51.87921561832 ], [ -2.77002240204, 51.87949658473 ], [ -2.76954279399, 51.87977755113 ], [ -2.76810396984, 51.88033948395 ], [ -2.76858357789, 51.88062045035 ], [ -2.77050201008, 51.88062045035 ], [ -2.77481848252, 51.88174431598 ], [ -2.77529809056, 51.88202528239 ], [ -2.77625730666, 51.88174431598 ], [ -2.78153299519, 51.88427301364 ], [ -2.78201260324, 51.88399204724 ], [ -2.78345142738, 51.88427301364 ], [ -2.78441064348, 51.88427301364 ], [ -2.78680868372, 51.88483494646 ], [ -2.79160476419, 51.8865207449 ], [ -2.79256398029, 51.88764461052 ], [ -2.79640084467, 51.88848750974 ], [ -2.79736006077, 51.88848750974 ], [ -2.79831927687, 51.88989234178 ], [ -2.79927849296, 51.89045427459 ], [ -2.80119692515, 51.89017330818 ], [ -2.8016765332, 51.89242103944 ], [ -2.81558516659, 51.8991642332 ], [ -2.81798320683, 51.90394066212 ], [ -2.83620831266, 51.90955999025 ], [ -2.83716752875, 51.91321255354 ], [ -2.83716752875, 51.91405545276 ], [ -2.83956556899, 51.91461738558 ], [ -2.84148400118, 51.91742704964 ], [ -2.84244321728, 51.91798898246 ], [ -2.84388204142, 51.91742704964 ], [ -2.84436164947, 51.91658415042 ], [ -2.84484125752, 51.9154602848 ], [ -2.84532086557, 51.91517931839 ], [ -2.84628008166, 51.91630318402 ], [ -2.84771890581, 51.91686511683 ], [ -2.85347420238, 51.9157412512 ], [ -2.85347420238, 51.91517931839 ], [ -2.85347420238, 51.91461738558 ], [ -2.85395381043, 51.91405545276 ], [ -2.85395381043, 51.91377448636 ], [ -2.85395381043, 51.91321255354 ], [ -2.85491302653, 51.91321255354 ], [ -2.85539263458, 51.91377448636 ], [ -2.85539263458, 51.91433641917 ], [ -2.85970910701, 51.91405545276 ], [ -2.8606683231, 51.91377448636 ], [ -2.8616275392, 51.91377448636 ], [ -2.8625867553, 51.91461738558 ], [ -2.86402557944, 51.91658415042 ], [ -2.8625867553, 51.91742704964 ], [ -2.85587224262, 51.91826994886 ], [ -2.85107616214, 51.91883188168 ], [ -2.84819851386, 51.9196747809 ], [ -2.84628008166, 51.92051768012 ], [ -2.84532086557, 51.92136057934 ], [ -2.84675968971, 51.92332734419 ], [ -2.84771890581, 51.92360831059 ], [ -2.85491302653, 51.92445120981 ], [ -2.85683145872, 51.92557507544 ], [ -2.85779067482, 51.92726087388 ], [ -2.85922949896, 51.9278228067 ], [ -2.86210714725, 51.92726087388 ], [ -2.86690322773, 51.92697990747 ], [ -2.87026048406, 51.92669894107 ], [ -2.87169930821, 51.92866570592 ], [ -2.87169930821, 51.92950860514 ], [ -2.87457695649, 51.9323182692 ], [ -2.87553617259, 51.93316116842 ], [ -2.87889342893, 51.93400406764 ], [ -2.88177107721, 51.93400406764 ], [ -2.88320990136, 51.93428503405 ], [ -2.88512833355, 51.93428503405 ], [ -2.88656715769, 51.93372310124 ], [ -2.88848558989, 51.93344213483 ], [ -2.88896519793, 51.9323182692 ], [ -2.88896519793, 51.93119440358 ], [ -2.88704676574, 51.9281037731 ], [ -2.88992441403, 51.92697990747 ], [ -2.89424088646, 51.92501314263 ], [ -2.89520010256, 51.92529410903 ], [ -2.89567971061, 51.92529410903 ], [ -2.8966389267, 51.92529410903 ], [ -2.8975981428, 51.92557507544 ], [ -2.89855735889, 51.92529410903 ], [ -2.89999618304, 51.92557507544 ], [ -2.90095539913, 51.92585604185 ], [ -2.90191461523, 51.92557507544 ], [ -2.90287383133, 51.92501314263 ], [ -2.90335343937, 51.92501314263 ], [ -2.90527187157, 51.92360831059 ], [ -2.90814951985, 51.92164154575 ], [ -2.90910873595, 51.92079864653 ], [ -2.909588344, 51.92051768012 ], [ -2.91294560033, 51.92023671371 ], [ -2.91534364057, 51.91826994886 ], [ -2.91822128886, 51.91742704964 ], [ -2.92013972105, 51.91742704964 ], [ -2.92829305787, 51.91377448636 ], [ -2.93021149006, 51.91489835198 ], [ -2.93212992225, 51.91489835198 ], [ -2.93404835444, 51.91489835198 ], [ -2.93452796249, 51.91405545276 ], [ -2.93740561078, 51.91236965432 ], [ -2.94172208321, 51.90984095666 ], [ -2.94220169126, 51.90955999025 ], [ -2.9436405154, 51.90927902385 ], [ -2.94507933955, 51.90955999025 ], [ -2.94891620393, 51.90927902385 ], [ -2.95035502807, 51.90843612463 ], [ -2.95227346027, 51.90646935978 ], [ -2.95611032465, 51.90646935978 ], [ -2.95754914879, 51.90675032619 ], [ -2.95802875684, 51.90675032619 ], [ -2.96090640513, 51.90675032619 ], [ -2.96810052585, 51.90450259493 ], [ -2.97193739023, 51.90506452774 ], [ -2.97241699828, 51.90675032619 ], [ -2.97289660633, 51.90759322541 ], [ -2.97289660633, 51.90899805744 ], [ -2.97433543047, 51.90984095666 ], [ -2.97241699828, 51.91068385588 ], [ -2.97241699828, 51.91124578869 ], [ -2.97385582243, 51.9115267551 ], [ -2.97289660633, 51.91461738558 ], [ -2.97385582243, 51.91658415042 ], [ -2.97337621438, 51.91798898246 ], [ -2.97625386267, 51.92107961293 ], [ -2.97481503852, 51.92417024341 ], [ -2.97433543047, 51.92501314263 ], [ -2.97865190291, 51.92697990747 ], [ -2.97913151095, 51.92697990747 ], [ -2.979611119, 51.92726087388 ], [ -2.98009072705, 51.92754184029 ], [ -2.9805703351, 51.92726087388 ], [ -2.98344798339, 51.92613700825 ], [ -2.98344798339, 51.92585604185 ], [ -2.98632563167, 51.92557507544 ], [ -2.98680523972, 51.92557507544 ], [ -2.98872367191, 51.92529410903 ], [ -2.99879544092, 51.92360831059 ], [ -3.00071387311, 51.92360831059 ], [ -3.00407112945, 51.92501314263 ], [ -3.00838760188, 51.93765663093 ], [ -3.00934681798, 51.93934242937 ], [ -3.00982642602, 51.93990436219 ], [ -3.01126525017, 51.94187112703 ], [ -3.01174485822, 51.94271402626 ], [ -3.01893897894, 51.94805238798 ], [ -3.02133701918, 51.95001915283 ], [ -3.02229623527, 51.95114301846 ], [ -3.02229623527, 51.95142398487 ], [ -3.02229623527, 51.95254785049 ], [ -3.02853113989, 51.95816717863 ], [ -3.03572526061, 51.95985297707 ], [ -3.03812330085, 51.9651913388 ], [ -3.0515523262, 51.97221549897 ], [ -3.05682801473, 51.97530612944 ], [ -3.05970566301, 51.97867772632 ], [ -3.06737939178, 51.98317318883 ], [ -3.06785899983, 51.98345415524 ], [ -3.07265508031, 51.99216411385 ], [ -3.07888998493, 51.99750247558 ], [ -3.08416567346, 52.00424566934 ], [ -3.08704332175, 52.01379852717 ], [ -3.09279861832, 52.03093747799 ], [ -3.09279861832, 52.03178037721 ], [ -3.09135979418, 52.03430907487 ], [ -3.08608410565, 52.04020936941 ], [ -3.09279861832, 52.04863836162 ], [ -3.09088018613, 52.05088609287 ], [ -3.09615587466, 52.05369575694 ], [ -3.10095195514, 52.05734832023 ], [ -3.10670725171, 52.05987701789 ], [ -3.11006450805, 52.06324861477 ], [ -3.11150333219, 52.06409151399 ], [ -3.11629941267, 52.06633924524 ], [ -3.11725862877, 52.06662021165 ], [ -3.11869745291, 52.0685869765 ], [ -3.11821784487, 52.07027277494 ], [ -3.11965666901, 52.0728014726 ], [ -3.12061588511, 52.07448727104 ], [ -3.1215751012, 52.07476823745 ], [ -3.12205470925, 52.07645403589 ], [ -3.12541196559, 52.07982563277 ], [ -3.11869745291, 52.08881655779 ], [ -3.11917706096, 52.08994042342 ], [ -3.11965666901, 52.09078332264 ], [ -3.12061588511, 52.09303105389 ], [ -3.12109549315, 52.09415491952 ], [ -3.1225343173, 52.10286487813 ], [ -3.1215751012, 52.10398874376 ], [ -3.11869745291, 52.10398874376 ], [ -3.11725862877, 52.10398874376 ], [ -3.10910529195, 52.10455067657 ], [ -3.10478881952, 52.10764130704 ], [ -3.10718685976, 52.11213676955 ], [ -3.10718685976, 52.11522740003 ], [ -3.1095849, 52.11944189613 ], [ -3.11150333219, 52.12000382894 ], [ -3.11486058853, 52.12168962738 ], [ -3.12349353339, 52.12197059379 ], [ -3.13116726216, 52.12421832504 ], [ -3.13980020703, 52.12674702271 ], [ -3.14123903117, 52.12983765318 ], [ -3.13596334264, 52.13320925006 ], [ -3.12876922192, 52.13770471257 ], [ -3.11534019658, 52.1391095446 ], [ -3.10670725171, 52.14191920867 ], [ -3.09375783442, 52.14416693993 ], [ -3.08320645736, 52.14838143603 ], [ -3.0736142964, 52.15933912589 ], [ -3.07697155274, 52.16074395793 ], [ -3.08416567346, 52.16299168918 ], [ -3.08512488956, 52.16271072278 ], [ -3.0856044976, 52.16186782356 ], [ -3.08992097004, 52.15849622667 ], [ -3.09040057808, 52.15849622667 ], [ -3.08992097004, 52.15737236105 ], [ -3.09327822637, 52.15681042823 ], [ -3.09423744247, 52.15512462979 ], [ -3.09663548271, 52.15512462979 ], [ -3.09903352295, 52.15484366339 ], [ -3.09999273904, 52.15624849542 ], [ -3.10718685976, 52.15849622667 ], [ -3.1095849, 52.15905815949 ], [ -3.11294215634, 52.15933912589 ], [ -3.1225343173, 52.163553622 ], [ -3.1215751012, 52.16692521888 ], [ -3.11246254829, 52.17282551342 ], [ -3.11246254829, 52.17310647983 ], [ -3.11246254829, 52.17366841264 ], [ -3.10287038733, 52.17704000952 ], [ -3.10047234709, 52.17844484156 ], [ -3.09663548271, 52.1804116064 ], [ -3.09471705052, 52.18378320329 ], [ -3.09711509076, 52.18406416969 ], [ -3.09711509076, 52.1843451361 ], [ -3.09711509076, 52.18603093454 ], [ -3.09567626661, 52.18940253142 ], [ -3.09711509076, 52.19558379237 ], [ -3.0975946988, 52.196707658 ], [ -3.0975946988, 52.19755055722 ], [ -3.10047234709, 52.20148408691 ], [ -3.10143156319, 52.20204601973 ], [ -3.10191117124, 52.20232698613 ], [ -3.08800253784, 52.20654148224 ], [ -3.0856044976, 52.2090701799 ], [ -3.0755327286, 52.213284676 ], [ -3.07265508031, 52.21300370959 ], [ -3.07217547226, 52.213284676 ], [ -3.07217547226, 52.21440854163 ], [ -3.07745116079, 52.21918497054 ], [ -3.07409390445, 52.22115173539 ], [ -3.07217547226, 52.22339946664 ], [ -3.07313468836, 52.22368043305 ], [ -3.07217547226, 52.22508526508 ], [ -3.07169586421, 52.22677106352 ], [ -3.07169586421, 52.22845686197 ], [ -3.07217547226, 52.22873782837 ], [ -3.07025704007, 52.22929976119 ], [ -3.07073664812, 52.22958072759 ], [ -3.07265508031, 52.23210942525 ], [ -3.07265508031, 52.23239039166 ], [ -3.07409390445, 52.2340761901 ], [ -3.07073664812, 52.23604295495 ], [ -3.06737939178, 52.23660488776 ], [ -3.06450174349, 52.23660488776 ], [ -3.06114448716, 52.23632392136 ], [ -3.05442997449, 52.2380097198 ], [ -3.05395036644, 52.23772875339 ], [ -3.04627663767, 52.2380097198 ], [ -3.04435820548, 52.23941455183 ], [ -3.04387859743, 52.24166228308 ], [ -3.04291938133, 52.24278614871 ], [ -3.04291938133, 52.24475291356 ], [ -3.04387859743, 52.24559581278 ], [ -3.04963389401, 52.24475291356 ], [ -3.04531742157, 52.24728161122 ], [ -3.04819506986, 52.2503722417 ], [ -3.04579702962, 52.25318190576 ], [ -3.03716408476, 52.25599156983 ], [ -3.03188839623, 52.25739640187 ], [ -3.02517388356, 52.25823930109 ], [ -3.01126525017, 52.26245379719 ], [ -3.00934681798, 52.26357766281 ], [ -3.00167308921, 52.26385862922 ], [ -2.99543818458, 52.26161089797 ], [ -2.99447896849, 52.26161089797 ], [ -2.99304014434, 52.26161089797 ], [ -2.98968288801, 52.26048703234 ], [ -2.98488680753, 52.26217283078 ], [ -2.97865190291, 52.26245379719 ], [ -2.97769268681, 52.25964413312 ], [ -2.97193739023, 52.26132993156 ], [ -2.97001895804, 52.26161089797 ], [ -2.9676209178, 52.26189186437 ], [ -2.96474326951, 52.26245379719 ], [ -2.96474326951, 52.26413959563 ], [ -2.96522287756, 52.26807312532 ], [ -2.96090640513, 52.26891602454 ], [ -2.95611032465, 52.27088278939 ], [ -2.9556307166, 52.27032085658 ], [ -2.95323267636, 52.26947795736 ], [ -2.95083463612, 52.27003989017 ], [ -2.95467150051, 52.27172568861 ], [ -2.95706954075, 52.27200665502 ], [ -2.95994718903, 52.27228762143 ], [ -2.96138601318, 52.27256858783 ], [ -2.96330444537, 52.27256858783 ], [ -2.96474326951, 52.27425438627 ], [ -2.97001895804, 52.27397341987 ], [ -2.97289660633, 52.27313052065 ], [ -2.97433543047, 52.27313052065 ], [ -2.97577425462, 52.27313052065 ], [ -2.97769268681, 52.27313052065 ], [ -2.97913151095, 52.27256858783 ], [ -2.98392759143, 52.27284955424 ], [ -2.98680523972, 52.27341148705 ], [ -2.99016249606, 52.27369245346 ], [ -2.99208092825, 52.27369245346 ], [ -2.99351975239, 52.27313052065 ], [ -2.99447896849, 52.27453535268 ], [ -2.99543818458, 52.27453535268 ], [ -2.99591779263, 52.27565921831 ], [ -3.00550995359, 52.27622115112 ], [ -3.00646916969, 52.27622115112 ], [ -3.00790799383, 52.27650211753 ], [ -3.01174485822, 52.27734501675 ], [ -3.01126525017, 52.27987371441 ], [ -3.01030603407, 52.28155951285 ], [ -3.00982642602, 52.28212144566 ], [ -3.00934681798, 52.28324531129 ], [ -3.00982642602, 52.28521207614 ], [ -3.01078564212, 52.28605497536 ], [ -3.0035915214, 52.30909422072 ], [ -3.0026323053, 52.31527548167 ], [ -3.00215269726, 52.31583741448 ], [ -3.00215269726, 52.32005191058 ], [ -3.00167308921, 52.32033287699 ], [ -2.99735661678, 52.32454737309 ], [ -2.98968288801, 52.32398544028 ], [ -2.98584602363, 52.32342350746 ], [ -2.98152955119, 52.32679510434 ], [ -2.97913151095, 52.32735703716 ], [ -2.97433543047, 52.32819993638 ], [ -2.96905974195, 52.3290428356 ], [ -2.96714130975, 52.33072863404 ], [ -2.96666170171, 52.33241443248 ], [ -2.96090640513, 52.33915762624 ], [ -2.95611032465, 52.34590082001 ], [ -2.96090640513, 52.34955338329 ], [ -2.96330444537, 52.35152014814 ], [ -2.96905974195, 52.35180111455 ], [ -2.97193739023, 52.35236304736 ], [ -2.98584602363, 52.35095821533 ], [ -2.98920327996, 52.35067724892 ], [ -2.9925605363, 52.35152014814 ], [ -2.99831583287, 52.35180111455 ], [ -3.0035915214, 52.35095821533 ], [ -3.00407112945, 52.34927241689 ], [ -3.01030603407, 52.34955338329 ], [ -3.01318368236, 52.34814855126 ], [ -3.02181662722, 52.34646275282 ], [ -3.03188839623, 52.3456198536 ], [ -3.04100094914, 52.34421502157 ], [ -3.05203193425, 52.34786758485 ], [ -3.06066487911, 52.34814855126 ], [ -3.06546095959, 52.35320594658 ], [ -3.06929782397, 52.35461077862 ], [ -3.06929782397, 52.35489174502 ], [ -3.07073664812, 52.35601561065 ], [ -3.07217547226, 52.35657754346 ], [ -3.07697155274, 52.3582633419 ], [ -3.07888998493, 52.35854430831 ], [ -3.08416567346, 52.35994914035 ], [ -3.08800253784, 52.36135397238 ], [ -3.09423744247, 52.36444460285 ], [ -3.0975946988, 52.36697330052 ], [ -3.0975946988, 52.36809716614 ], [ -3.09903352295, 52.36837813255 ], [ -3.10239077928, 52.3706258638 ], [ -3.10287038733, 52.37231166224 ], [ -3.10382960343, 52.37371649428 ], [ -3.10622764367, 52.3745593935 ], [ -3.12013627706, 52.37736905757 ], [ -3.12637118168, 52.38045968804 ], [ -3.12781000583, 52.38355031852 ], [ -3.12972843802, 52.38439321774 ], [ -3.1345245185, 52.38523611696 ], [ -3.14747393579, 52.38748384821 ], [ -3.14987197603, 52.38804578103 ], [ -3.15466805651, 52.38776481462 ], [ -3.15802531285, 52.39141737791 ], [ -3.16186217723, 52.39366510916 ], [ -3.15898452894, 52.39816057167 ], [ -3.16426021747, 52.40068926933 ], [ -3.16713786576, 52.40237506777 ], [ -3.17145433819, 52.40406086621 ], [ -3.17193394624, 52.40462279903 ], [ -3.17289316234, 52.40574666465 ], [ -3.17720963477, 52.40827536231 ], [ -3.18728140377, 52.4116469592 ], [ -3.18824061987, 52.41220889201 ], [ -3.19159787621, 52.41445662326 ], [ -3.19591434864, 52.41501855608 ], [ -3.20742494179, 52.41867111937 ], [ -3.20982298203, 52.41923305218 ], [ -3.21174141422, 52.41923305218 ], [ -3.21365984641, 52.41979498499 ], [ -3.21941514299, 52.42204271625 ], [ -3.22085396713, 52.42372851469 ], [ -3.22085396713, 52.42513334672 ], [ -3.23092573614, 52.43187654049 ], [ -3.23044612809, 52.43356233893 ], [ -3.229486912, 52.43384330533 ], [ -3.22996652004, 52.43524813737 ], [ -3.229486912, 52.43777683503 ], [ -3.2285276959, 52.43946263347 ], [ -3.23092573614, 52.44002456628 ], [ -3.23236456028, 52.44002456628 ], [ -3.23380338443, 52.4405864991 ], [ -3.23572181662, 52.44255326394 ], [ -3.23476260052, 52.44311519676 ], [ -3.23524220857, 52.4448009952 ], [ -3.23332377638, 52.45126322255 ], [ -3.23188495224, 52.45294902099 ], [ -3.23044612809, 52.45379192022 ], [ -3.22804808785, 52.45491578584 ], [ -3.22660926371, 52.45519675225 ], [ -3.22565004761, 52.45575868506 ], [ -3.22565004761, 52.45603965147 ], [ -3.22277239933, 52.4571635171 ], [ -3.21605788665, 52.4655925093 ], [ -3.21174141422, 52.46812120696 ], [ -3.20838415789, 52.47008797181 ], [ -3.20406768545, 52.47121183744 ], [ -3.20214925326, 52.47289763588 ], [ -3.1805668911, 52.4737405351 ], [ -3.17864845891, 52.47430246791 ], [ -3.1575457048, 52.48526015778 ], [ -3.14267785531, 52.49087948591 ], [ -3.12828961387, 52.49200335154 ], [ -3.12493235754, 52.49284625076 ], [ -3.11773823682, 52.49481301561 ], [ -3.11725862877, 52.49593688123 ], [ -3.11342176439, 52.49818461249 ], [ -3.11150333219, 52.4987465453 ], [ -3.09375783442, 52.49902751171 ], [ -3.06306291935, 52.49987041093 ], [ -3.05586879863, 52.49987041093 ], [ -3.04435820548, 52.50015137734 ], [ -3.02949035599, 52.50239910859 ], [ -3.03332722037, 52.50380394062 ], [ -3.03428643647, 52.50633263829 ], [ -3.03188839623, 52.50942326876 ], [ -3.03620486866, 52.51139003361 ], [ -3.03668447671, 52.51335679846 ], [ -3.03332722037, 52.51729032815 ], [ -3.03188839623, 52.519257093 ], [ -3.03188839623, 52.51953805941 ], [ -3.03092918013, 52.52375255551 ], [ -3.0275719238, 52.52375255551 ], [ -3.02421466746, 52.5234715891 ], [ -3.02325545137, 52.52290965629 ], [ -3.02229623527, 52.52262868988 ], [ -3.01989819503, 52.52319062269 ], [ -3.0165409387, 52.52234772347 ], [ -3.01318368236, 52.52206675707 ], [ -3.01222446626, 52.52122385785 ], [ -3.01126525017, 52.52150482425 ], [ -3.00838760188, 52.52038095863 ], [ -3.00742838578, 52.52038095863 ], [ -3.00646916969, 52.52038095863 ], [ -3.00646916969, 52.51981902581 ], [ -3.00167308921, 52.52262868988 ], [ -3.00071387311, 52.52403352191 ], [ -3.00215269726, 52.52487642113 ], [ -3.00503034554, 52.52937188364 ], [ -3.0035915214, 52.53105768208 ], [ -3.0035915214, 52.53246251412 ], [ -3.00407112945, 52.53358637974 ], [ -3.0026323053, 52.53527217819 ], [ -3.00167308921, 52.53864377507 ], [ -2.99975465702, 52.54201537195 ], [ -2.99879544092, 52.54342020398 ], [ -2.99831583287, 52.54651083446 ], [ -2.99783622482, 52.5481966329 ], [ -2.99543818458, 52.55072533056 ], [ -2.99447896849, 52.55297306181 ], [ -2.99783622482, 52.55381596103 ], [ -2.99927504897, 52.55550175947 ], [ -2.99879544092, 52.55831142354 ], [ -2.99927504897, 52.55887335636 ], [ -2.99879544092, 52.56196398683 ], [ -2.99831583287, 52.56252591964 ], [ -3.00023426506, 52.56561655012 ], [ -3.00071387311, 52.56730234856 ], [ -3.00167308921, 52.568988147 ], [ -3.0026323053, 52.56870718059 ], [ -3.00646916969, 52.57376457592 ], [ -3.00790799383, 52.57432650873 ], [ -3.0146225065, 52.57545037436 ], [ -3.01702054674, 52.57516940795 ], [ -3.02085741113, 52.57404554232 ], [ -3.02853113989, 52.5729216767 ], [ -3.03668447671, 52.57179781107 ], [ -3.04387859743, 52.56814524778 ], [ -3.04483781353, 52.56674041575 ], [ -3.04627663767, 52.5647736509 ], [ -3.04867467791, 52.56308785246 ], [ -3.05203193425, 52.55971625558 ], [ -3.05347075839, 52.55887335636 ], [ -3.07073664812, 52.55522079307 ], [ -3.07121625616, 52.55409692744 ], [ -3.0745735125, 52.55381596103 ], [ -3.08704332175, 52.55128726337 ], [ -3.09040057808, 52.5484775993 ], [ -3.09231901028, 52.54791566649 ], [ -3.09279861832, 52.54735373368 ], [ -3.09040057808, 52.54285827117 ], [ -3.08608410565, 52.54201537195 ], [ -3.08080841712, 52.53920570788 ], [ -3.08128802517, 52.53808184225 ], [ -3.08224724127, 52.53780087585 ], [ -3.08272684932, 52.53723894303 ], [ -3.08464528151, 52.53499121178 ], [ -3.0856044976, 52.53527217819 ], [ -3.08704332175, 52.53442927897 ], [ -3.08896175394, 52.53358637974 ], [ -3.09088018613, 52.53330541334 ], [ -3.09327822637, 52.53302444693 ], [ -3.09519665856, 52.53274348052 ], [ -3.09615587466, 52.53218154771 ], [ -3.10287038733, 52.53049574927 ], [ -3.10382960343, 52.53021478286 ], [ -3.10766646781, 52.52937188364 ], [ -3.10862568391, 52.52965285005 ], [ -3.11198294024, 52.52880995083 ], [ -3.11390137243, 52.52909091724 ], [ -3.11581980463, 52.52852898442 ], [ -3.11677902072, 52.52852898442 ], [ -3.12972843802, 52.5274051188 ], [ -3.13500412655, 52.52852898442 ], [ -3.13692255874, 52.53330541334 ], [ -3.13548373459, 52.53499121178 ], [ -3.12589157363, 52.53695797663 ], [ -3.11869745291, 52.53864377507 ], [ -3.11677902072, 52.53836280866 ], [ -3.11342176439, 52.54089150632 ], [ -3.11150333219, 52.54145343914 ], [ -3.12637118168, 52.56393075168 ], [ -3.13836138288, 52.57629327358 ], [ -3.13836138288, 52.57826003843 ], [ -3.13644295069, 52.58275550093 ], [ -3.13500412655, 52.58359840015 ], [ -3.13740216679, 52.58387936656 ], [ -3.1335653024, 52.585565165 ], [ -3.13308569435, 52.58584613141 ], [ -3.12876922192, 52.58640806422 ], [ -3.12781000583, 52.58640806422 ], [ -3.12733039778, 52.58612709782 ], [ -3.12589157363, 52.58668903063 ], [ -3.12397314144, 52.58753192985 ], [ -3.12205470925, 52.58753192985 ], [ -3.12061588511, 52.58668903063 ], [ -3.11677902072, 52.58612709782 ], [ -3.11725862877, 52.58668903063 ], [ -3.11677902072, 52.58696999704 ], [ -3.11581980463, 52.58753192985 ], [ -3.11534019658, 52.58837482907 ], [ -3.11342176439, 52.5897796611 ], [ -3.11150333219, 52.59118449314 ], [ -3.10574803562, 52.59483705643 ], [ -3.10191117124, 52.59539898924 ], [ -3.10095195514, 52.59652285487 ], [ -3.10047234709, 52.59764672049 ], [ -3.09903352295, 52.5979276869 ], [ -3.09711509076, 52.59877058612 ], [ -3.09471705052, 52.59848961971 ], [ -3.09423744247, 52.5979276869 ], [ -3.08944136199, 52.60326604863 ], [ -3.09135979418, 52.60551377988 ], [ -3.09279861832, 52.60832344395 ], [ -3.09279861832, 52.61000924239 ], [ -3.08272684932, 52.61562857053 ], [ -3.08224724127, 52.61675243616 ], [ -3.08272684932, 52.61815726819 ], [ -3.08272684932, 52.61956210022 ], [ -3.07984920103, 52.62349562992 ], [ -3.07217547226, 52.62602432758 ], [ -3.07313468836, 52.62771012602 ], [ -3.07217547226, 52.62883399165 ], [ -3.06977743202, 52.62911495806 ], [ -3.06450174349, 52.62995785728 ], [ -3.06785899983, 52.63613911822 ], [ -3.07265508031, 52.63726298385 ], [ -3.07409390445, 52.63866781589 ], [ -3.07936959298, 52.63979168151 ], [ -3.08368606541, 52.64119651355 ], [ -3.07697155274, 52.64316327839 ], [ -3.07313468836, 52.64428714402 ], [ -3.06785899983, 52.64541100965 ], [ -3.06210370325, 52.64569197606 ], [ -3.06066487911, 52.64597294246 ], [ -3.05826683887, 52.6473777745 ], [ -3.0515523262, 52.64822067372 ], [ -3.0505931101, 52.65271613623 ], [ -3.04675624572, 52.65496386748 ], [ -3.04483781353, 52.6558067667 ], [ -3.04531742157, 52.65664966592 ], [ -3.04867467791, 52.65749256514 ], [ -3.04867467791, 52.66030222921 ], [ -3.04867467791, 52.66198802765 ], [ -3.04867467791, 52.66311189328 ], [ -3.04483781353, 52.66564059094 ], [ -3.04339898938, 52.66788832219 ], [ -3.04291938133, 52.66873122141 ], [ -3.04291938133, 52.67210281829 ], [ -3.04196016524, 52.67575538158 ], [ -3.04579702962, 52.67547441518 ], [ -3.04291938133, 52.68081277691 ], [ -3.04339898938, 52.68390340738 ], [ -3.04339898938, 52.68783693708 ], [ -3.04148055719, 52.69261336599 ], [ -3.03716408476, 52.69261336599 ], [ -3.03428643647, 52.69345626521 ], [ -3.03188839623, 52.69654689569 ], [ -3.03188839623, 52.69991849257 ], [ -3.02996996404, 52.70188525741 ], [ -3.02949035599, 52.70272815664 ], [ -3.02613309965, 52.70357105586 ], [ -3.02229623527, 52.70666168633 ], [ -3.02277584332, 52.70806651836 ], [ -3.02181662722, 52.71059521603 ], [ -3.02517388356, 52.71480971213 ], [ -3.02373505942, 52.71986710745 ], [ -3.02037780308, 52.7218338723 ], [ -3.01845937089, 52.72127193948 ], [ -3.00838760188, 52.7221148387 ], [ -3.00311191335, 52.72099097308 ], [ -2.99735661678, 52.72099097308 ], [ -2.98920327996, 52.72267677152 ], [ -2.98584602363, 52.72239580511 ], [ -2.98488680753, 52.72295773792 ], [ -2.98200915924, 52.72576740199 ], [ -2.97769268681, 52.72661030121 ], [ -2.97625386267, 52.72464353637 ], [ -2.97721307876, 52.72042904026 ], [ -2.97721307876, 52.71958614104 ], [ -2.97721307876, 52.71705744338 ], [ -2.9676209178, 52.71424777931 ], [ -2.96282483732, 52.71537164494 ], [ -2.96138601318, 52.71874324182 ], [ -2.96186562123, 52.72380063714 ], [ -2.96186562123, 52.72492450277 ], [ -2.96186562123, 52.72548643559 ], [ -2.96570248561, 52.72885803247 ], [ -2.96666170171, 52.72913899887 ], [ -2.96905974195, 52.73194866294 ], [ -2.96953934999, 52.73335349498 ], [ -2.97097817414, 52.73503929342 ], [ -2.97193739023, 52.73560122623 ], [ -2.97145778219, 52.73503929342 ], [ -2.98728484777, 52.73335349498 ], [ -2.99112171215, 52.73363446138 ], [ -2.99639740068, 52.73616315904 ], [ -2.99735661678, 52.7384108903 ], [ -2.99591779263, 52.73897282311 ], [ -2.99351975239, 52.7384108903 ], [ -2.99304014434, 52.74009668874 ], [ -2.9906421041, 52.74206345359 ], [ -2.99495857654, 52.74431118484 ], [ -3.0026323053, 52.74627794969 ], [ -3.00550995359, 52.74768278172 ], [ -3.0146225065, 52.74852568094 ], [ -3.0165409387, 52.74852568094 ], [ -3.02133701918, 52.75161631142 ], [ -3.02181662722, 52.75245921064 ], [ -3.01702054674, 52.75330210986 ], [ -3.01318368236, 52.75554984111 ], [ -3.01126525017, 52.76004530362 ], [ -3.01078564212, 52.76145013566 ], [ -3.0165409387, 52.76622656457 ], [ -3.01893897894, 52.7676313966 ], [ -3.02181662722, 52.76454076613 ], [ -3.02613309965, 52.76706946379 ], [ -3.02901074794, 52.76594559816 ], [ -3.03284761233, 52.76594559816 ], [ -3.03572526061, 52.76397883332 ], [ -3.03668447671, 52.76454076613 ], [ -3.03476604452, 52.76622656457 ], [ -3.03332722037, 52.76650753098 ], [ -3.03524565257, 52.7676313966 ], [ -3.039562125, 52.77016009427 ], [ -3.04339898938, 52.76959816145 ], [ -3.04531742157, 52.76903622864 ], [ -3.04675624572, 52.76706946379 ], [ -3.05299115034, 52.76931719505 ], [ -3.05011350205, 52.77240782552 ], [ -3.05778723082, 52.77381265755 ], [ -3.05826683887, 52.77296975833 ], [ -3.06114448716, 52.76931719505 ], [ -3.06402213545, 52.76959816145 ], [ -3.06306291935, 52.77128395989 ], [ -3.06498135154, 52.7715649263 ], [ -3.07265508031, 52.76959816145 ], [ -3.07888998493, 52.77353169115 ], [ -3.08080841712, 52.77746522084 ], [ -3.08512488956, 52.77718425444 ], [ -3.08800253784, 52.7797129521 ], [ -3.08896175394, 52.79600900369 ], [ -3.09088018613, 52.79600900369 ], [ -3.09327822637, 52.79376127244 ], [ -3.0975946988, 52.79151354118 ], [ -3.10430921148, 52.79263740681 ], [ -3.10622764367, 52.79291837322 ], [ -3.10766646781, 52.79067064196 ], [ -3.10910529195, 52.78729904508 ], [ -3.11294215634, 52.78645614586 ], [ -3.11581980463, 52.78533228023 ], [ -3.11821784487, 52.78364648179 ], [ -3.1225343173, 52.78758001149 ], [ -3.12733039778, 52.78729904508 ], [ -3.13116726216, 52.78758001149 ], [ -3.14171863922, 52.78982774274 ], [ -3.14363707141, 52.78982774274 ], [ -3.1585049209, 52.79348030603 ], [ -3.16186217723, 52.79938060057 ], [ -3.15610688066, 52.80106639901 ], [ -3.15466805651, 52.80359509667 ], [ -3.16138256918, 52.80359509667 ], [ -3.16330100138, 52.80415702949 ], [ -3.16809708186, 52.80724765996 ], [ -3.16713786576, 52.81033829044 ], [ -3.16665825771, 52.81651955139 ], [ -3.16809708186, 52.81932921546 ], [ -3.16473982552, 52.82298177874 ], [ -3.1565864887, 52.83703009908 ], [ -3.15514766456, 52.83871589752 ], [ -3.15179040822, 52.841806528 ], [ -3.15466805651, 52.84405425925 ], [ -3.16282139333, 52.84742585613 ], [ -3.16138256918, 52.84798778895 ], [ -3.15994374504, 52.84967358739 ], [ -3.1585049209, 52.85164035224 ], [ -3.15562727261, 52.85304518427 ], [ -3.15418844846, 52.8541690499 ], [ -3.15227001627, 52.85501194912 ], [ -3.14747393579, 52.85585484834 ], [ -3.1465147197, 52.85725968037 ], [ -3.13884099093, 52.86147417647 ], [ -3.12781000583, 52.86709350461 ], [ -3.12972843802, 52.86934123586 ], [ -3.1345245185, 52.86990316868 ], [ -3.13932059898, 52.87327476556 ], [ -3.14171863922, 52.87355573197 ], [ -3.14507589555, 52.874960564 ], [ -3.14987197603, 52.87692732885 ], [ -3.14411667946, 52.88507535465 ], [ -3.14027981507, 52.88563728746 ], [ -3.13836138288, 52.88704211949 ], [ -3.14123903117, 52.88816598512 ], [ -3.1445962875, 52.89294241404 ], [ -3.13308569435, 52.89519014529 ], [ -3.12685078973, 52.89434724607 ], [ -3.12349353339, 52.8954711117 ], [ -3.11534019658, 52.89462821248 ], [ -3.11438098048, 52.89406627966 ], [ -3.11486058853, 52.90446203671 ], [ -3.11342176439, 52.90923846563 ], [ -3.10574803562, 52.92160098753 ], [ -3.10191117124, 52.92609645004 ], [ -3.09615587466, 52.93031094614 ], [ -3.08848214589, 52.92946804692 ], [ -3.08416567346, 52.92665838285 ], [ -3.06594056764, 52.92637741644 ], [ -3.06162409521, 52.92918708051 ], [ -3.05970566301, 52.92918708051 ], [ -3.05634840668, 52.92806321488 ], [ -3.05203193425, 52.92946804692 ], [ -3.04675624572, 52.92806321488 ], [ -3.04100094914, 52.92806321488 ], [ -3.03380682842, 52.93031094614 ], [ -3.02373505942, 52.93649220709 ], [ -3.02517388356, 52.93761607272 ], [ -3.01702054674, 52.94716893055 ], [ -3.01702054674, 52.94857376258 ], [ -3.00982642602, 52.95615985556 ], [ -3.0035915214, 52.95784565401 ], [ -2.98584602363, 52.95868855323 ], [ -2.98009072705, 52.96206015011 ], [ -2.979611119, 52.96515078058 ], [ -2.97529464657, 52.96880334387 ], [ -2.9685801339, 52.96430788136 ], [ -2.97097817414, 52.96206015011 ], [ -2.97193739023, 52.96121725089 ], [ -2.97097817414, 52.95925048604 ], [ -2.96905974195, 52.95896951963 ], [ -2.96618209366, 52.95728372119 ], [ -2.96474326951, 52.95615985556 ], [ -2.96282483732, 52.95587888916 ], [ -2.96234522927, 52.95503598994 ], [ -2.96234522927, 52.95447405712 ], [ -2.96138601318, 52.9533501915 ], [ -2.95994718903, 52.95166439306 ], [ -2.95131424417, 52.94773086336 ], [ -2.94939581198, 52.94660699773 ], [ -2.94651816369, 52.94604506492 ], [ -2.94316090736, 52.94492119929 ], [ -2.93692600273, 52.94211153522 ], [ -2.93644639468, 52.94183056882 ], [ -2.93452796249, 52.9409876696 ], [ -2.9326095303, 52.94070670319 ], [ -2.93069109811, 52.93930187116 ], [ -2.92877266592, 52.93873993834 ], [ -2.92733384177, 52.94183056882 ], [ -2.92445619348, 52.94239250163 ], [ -2.90910873595, 52.94183056882 ], [ -2.90479226352, 52.94407830007 ], [ -2.90143500718, 52.94660699773 ], [ -2.88752637379, 52.95250729228 ], [ -2.88368950941, 52.94660699773 ], [ -2.86978087601, 52.94464023289 ], [ -2.86786244382, 52.94492119929 ], [ -2.86354597139, 52.94464023289 ], [ -2.86018871506, 52.94435926648 ], [ -2.84915772995, 52.94492119929 ], [ -2.84675968971, 52.94379733367 ], [ -2.84244321728, 52.94211153522 ], [ -2.84004517704, 52.94183056882 ], [ -2.83956556899, 52.93368254302 ], [ -2.8386063529, 52.93227771099 ], [ -2.83476948851, 52.92974901333 ], [ -2.82229967927, 52.92019615549 ], [ -2.82134046317, 52.91907228987 ], [ -2.81798320683, 52.91766745783 ], [ -2.81030947807, 52.90755266719 ], [ -2.80407457344, 52.90333817109 ], [ -2.8016765332, 52.89687594373 ], [ -2.80023770906, 52.8954711117 ], [ -2.79400280443, 52.89799980936 ], [ -2.79304358834, 52.90109043983 ], [ -2.78153299519, 52.90867653282 ], [ -2.7786553469, 52.91036233126 ], [ -2.7786553469, 52.91008136485 ], [ -2.74460317549, 52.9244106516 ], [ -2.72637806967, 52.93789703912 ], [ -2.72541885357, 52.94042573678 ], [ -2.72685767772, 52.94576409851 ], [ -2.72829650186, 52.96206015011 ], [ -2.72685767772, 52.96486981417 ], [ -2.72733728577, 52.96627464621 ], [ -2.73309258234, 52.96767947824 ], [ -2.73117415015, 52.97386073919 ], [ -2.7316537582, 52.97554653763 ], [ -2.73213336625, 52.97695136967 ], [ -2.73021493405, 52.97779426889 ], [ -2.72973532601, 52.97976103374 ], [ -2.72685767772, 52.98088489936 ], [ -2.72637806967, 52.98144683218 ], [ -2.72637806967, 52.98172779858 ], [ -2.72685767772, 52.9822897314 ], [ -2.72685767772, 52.98313263062 ] ] ] ] } },
{ "type": "Feature", "properties": { "OBJECTID": 6, "ITL121CD": "TLH", "ITL121NM": "East", "BNG_E": 571078, "BNG_N": 263235, "LONG": 0.504207, "LAT": 52.24073, "GlobalID": "4b1ba87b-d11e-4dc3-9a25-1a0cb716c7c4" }, "geometry": { "type": "MultiPolygon", "coordinates": [ [ [ [ -0.65543051851, 52.18968349783 ], [ -0.65351208632, 52.26835409173 ], [ -0.53265085823, 52.27256858783 ], [ -0.44632140959, 52.38326935211 ], [ -0.34224646318, 52.46896410618 ], [ -0.42521865548, 52.58247453453 ], [ -0.4914045661, 52.59006062751 ], [ -0.45255631422, 52.65440193467 ], [ -0.32066410102, 52.67519344877 ], [ -0.03146044809, 52.66142609484 ], [ 0.04431762349, 52.71424777931 ], [ 0.17525062058, 52.74627794969 ], [ 0.19155729421, 52.75021147938 ], [ 0.20498631956, 52.75358307627 ], [ 0.23328319439, 52.76032627003 ], [ 0.26973340603, 52.81595761857 ], [ 0.35222599029, 52.80949539122 ], [ 0.44622916769, 52.85866451241 ], [ 0.48987350006, 52.94744989695 ], [ 0.53399744047, 52.9741417056 ], [ 0.84526306361, 52.97779426889 ], [ 0.91048975813, 52.96318401573 ], [ 1.21743890883, 52.9452021657 ], [ 1.3430962174, 52.91991518909 ], [ 1.58337984944, 52.80219026464 ], [ 1.69752656486, 52.72351967074 ], [ 1.74500776161, 52.62630529399 ], [ 1.72486422359, 52.60354701504 ], [ 1.76323286743, 52.48132662808 ], [ 1.6749849866, 52.31358968322 ], [ 1.63038143814, 52.2672302261 ], [ 1.62318731742, 52.1885596322 ], [ 1.56611395971, 52.10033618047 ], [ 1.46107979721, 52.04695256318 ], [ 1.36995426809, 51.96434843958 ], [ 1.28122677922, 51.93484696686 ], [ 1.21695930079, 51.86966276049 ], [ 1.27882873898, 51.87752981988 ], [ 1.20353027544, 51.80307372208 ], [ 1.11624161071, 51.77244838374 ], [ 1.04334118742, 51.80953594943 ], [ 0.9642058595, 51.85280477608 ], [ 0.989145478, 51.78790153611 ], [ 0.88842778792, 51.7791915775 ], [ 0.94933801002, 51.72327926255 ], [ 0.93686820077, 51.63617967644 ], [ 0.85965130504, 51.62128845688 ], [ 0.85101836018, 51.55385651925 ], [ 0.7872304898, 51.52182634888 ], [ 0.54502842557, 51.5476752583 ], [ 0.52008880708, 51.51002575979 ], [ 0.44095347916, 51.50328256603 ], [ 0.43423896649, 51.46198050423 ], [ 0.34071539713, 51.4524276464 ], [ 0.21170083223, 51.49092004413 ], [ 0.2903565521, 51.5642522763 ], [ 0.22417064148, 51.63168421393 ], [ 0.06302233736, 51.60695917014 ], [ -0.01227612618, 51.64629446709 ], [ -0.01083730203, 51.68085333512 ], [ -0.10579969553, 51.69181102499 ], [ -0.4573523947, 51.61229753186 ], [ -0.53504889847, 51.66034278743 ], [ -0.53313046628, 51.66090472024 ], [ -0.51490536045, 51.66540018275 ], [ -0.55279439624, 51.73339405319 ], [ -0.56910106988, 51.7378895157 ], [ -0.57965244693, 51.74126111258 ], [ -0.62617442758, 51.75362363448 ], [ -0.62857246782, 51.7544665337 ], [ -0.64871600584, 51.7586810298 ], [ -0.67749248872, 51.78087737594 ], [ -0.69188073016, 51.8452186831 ], [ -0.69044190601, 51.8412851534 ], [ -0.62569481954, 51.81599817679 ], [ -0.62185795515, 51.81599817679 ], [ -0.61850069882, 51.81459334476 ], [ -0.60651049762, 51.8123456135 ], [ -0.58205048717, 51.80700725177 ], [ -0.54847792381, 51.83594679167 ], [ -0.57629519059, 51.86460536517 ], [ -0.65159365413, 51.88708267771 ], [ -0.67269640824, 51.90141196446 ], [ -0.6822885692, 51.94271402626 ], [ -0.67221680019, 51.94664755595 ], [ -0.65926738289, 51.99300701307 ], [ -0.65926738289, 52.00003117324 ], [ -0.64152188512, 52.02475621704 ], [ -0.64104227707, 52.02531814985 ], [ -0.65686934265, 52.05791025304 ], [ -0.65351208632, 52.06184378274 ], [ -0.63624619659, 52.0770159687 ], [ -0.63145011611, 52.0809494984 ], [ -0.6232967793, 52.08375916247 ], [ -0.60459206543, 52.09584071796 ], [ -0.60267363323, 52.10005521406 ], [ -0.60075520104, 52.10539357579 ], [ -0.59595912056, 52.11354160159 ], [ -0.59787755275, 52.11663223206 ], [ -0.60219402519, 52.12899475396 ], [ -0.60746971371, 52.13377118288 ], [ -0.62281717125, 52.13433311569 ], [ -0.62953168392, 52.17872580796 ], [ -0.65543051851, 52.18968349783 ] ] ] ] } },
{ "type": "Feature", "properties": { "OBJECTID": 7, "ITL121CD": "TLI", "ITL121NM": "London", "BNG_E": 517515, "BNG_N": 178392, "LONG": -0.30866, "LAT": 51.49227, "GlobalID": "69301f44-b650-4d5f-b49d-c0cd83c03b4d" }, "geometry": { "type": "MultiPolygon", "coordinates": [ [ [ [ -0.53504889847, 51.66034278743 ], [ -0.4573523947, 51.61229753186 ], [ -0.10579969553, 51.69181102499 ], [ -0.01083730203, 51.68085333512 ], [ -0.01227612618, 51.64629446709 ], [ 0.06302233736, 51.60695917014 ], [ 0.22417064148, 51.63168421393 ], [ 0.2903565521, 51.5642522763 ], [ 0.20978240004, 51.4897961785 ], [ 0.19587376665, 51.45186571358 ], [ 0.18867964593, 51.44905604952 ], [ 0.18772042983, 51.44877508311 ], [ 0.18436317349, 51.44456058701 ], [ 0.17860787692, 51.44343672138 ], [ 0.16565845962, 51.43023130026 ], [ 0.16421963548, 51.42854550182 ], [ 0.15270904233, 51.42180230806 ], [ 0.15270904233, 51.40859688694 ], [ 0.15750512281, 51.40072982755 ], [ 0.1584643389, 51.39230083534 ], [ 0.15031100209, 51.38611957439 ], [ 0.15079061014, 51.37909541422 ], [ 0.15222943428, 51.378252515 ], [ 0.15222943428, 51.3698235228 ], [ 0.14311688137, 51.35296553839 ], [ 0.14119844918, 51.35015587432 ], [ 0.13832080089, 51.34706524385 ], [ 0.13688197675, 51.3448175126 ], [ 0.11721804678, 51.32936436022 ], [ 0.10954431801, 51.32655469615 ], [ 0.1004317651, 51.3243069649 ], [ 0.05870586493, 51.28946713046 ], [ 0.04575644763, 51.29396259297 ], [ 0.02369447742, 51.2995819211 ], [ 0.01889839694, 51.29171486171 ], [ -0.03769535272, 51.33863625165 ], [ -0.08181929313, 51.31053961097 ], [ -0.0894930219, 51.30407738361 ], [ -0.11587146454, 51.29059099608 ], [ -0.15855658081, 51.32402599849 ], [ -0.19308836026, 51.34256978134 ], [ -0.22186484314, 51.35127973995 ], [ -0.23673269263, 51.36673289233 ], [ -0.23769190872, 51.36701385873 ], [ -0.24488602944, 51.36898062358 ], [ -0.28805075376, 51.36195646341 ], [ -0.35903274486, 51.41196848382 ], [ -0.4563931786, 51.43809835965 ], [ -0.50579280754, 51.47237626128 ], [ -0.47653671662, 51.55807101535 ], [ -0.53025281799, 51.61707396078 ], [ -0.53504889847, 51.66034278743 ] ] ] ] } },
{ "type": "Feature", "properties": { "OBJECTID": 8, "ITL121CD": "TLJ", "ITL121NM": "South East (England)", "BNG_E": 470062, "BNG_N": 172924, "LONG": -0.99311, "LAT": 51.45097, "GlobalID": "8a000d13-e10f-4135-b349-37733fbaa7ac" }, "geometry": { "type": "MultiPolygon", "coordinates": [ [ [ [ -1.33167786616, 52.16861101732 ], [ -1.32832060982, 52.16580135325 ], [ -1.32880021787, 52.16552038684 ], [ -1.32448374544, 52.16102492433 ], [ -1.3211264891, 52.15821526027 ], [ -1.31968766496, 52.15709139464 ], [ -1.31872844886, 52.1554055962 ], [ -1.31776923277, 52.15343883135 ], [ -1.31585080057, 52.15231496572 ], [ -1.31345276033, 52.1511911001 ], [ -1.31057511205, 52.14950530166 ], [ -1.31153432814, 52.14781950322 ], [ -1.30817707181, 52.146976604 ], [ -1.30865667985, 52.14641467118 ], [ -1.30865667985, 52.14444790633 ], [ -1.30481981547, 52.14163824227 ], [ -1.30194216718, 52.13939051101 ], [ -1.29906451889, 52.13714277976 ], [ -1.2981053028, 52.13714277976 ], [ -1.29570726256, 52.13377118288 ], [ -1.28851314184, 52.12787088833 ], [ -1.28131902112, 52.1225325266 ], [ -1.27700254869, 52.11719416487 ], [ -1.27028803602, 52.11354160159 ], [ -1.26501234749, 52.11073193752 ], [ -1.25685901067, 52.10623647501 ], [ -1.25206293019, 52.10202197891 ], [ -1.250144498, 52.10061714687 ], [ -1.24870567386, 52.09921231484 ], [ -1.25589979458, 52.09555975155 ], [ -1.26549195554, 52.0975265164 ], [ -1.27172686016, 52.09780748281 ], [ -1.2750841165, 52.09724554999 ], [ -1.28563549355, 52.0935929867 ], [ -1.29570726256, 52.09275008748 ], [ -1.29762569475, 52.09190718826 ], [ -1.30386059937, 52.09162622186 ], [ -1.30817707181, 52.09218815467 ], [ -1.31681001667, 52.08965945701 ], [ -1.3211264891, 52.08656882653 ], [ -1.3211264891, 52.08572592731 ], [ -1.32064688105, 52.08207336403 ], [ -1.32016727301, 52.08066853199 ], [ -1.31681001667, 52.07954466636 ], [ -1.30865667985, 52.07954466636 ], [ -1.29762569475, 52.07813983433 ], [ -1.30194216718, 52.07533017026 ], [ -1.30338099133, 52.07195857338 ], [ -1.30529942352, 52.07195857338 ], [ -1.30002373499, 52.06942987572 ], [ -1.30146255913, 52.06605827884 ], [ -1.30386059937, 52.0643724804 ], [ -1.30865667985, 52.06240571555 ], [ -1.30721785571, 52.05762928663 ], [ -1.31297315229, 52.05144802568 ], [ -1.31153432814, 52.05060512646 ], [ -1.30242177523, 52.04639063036 ], [ -1.30002373499, 52.04442386551 ], [ -1.29906451889, 52.04329999989 ], [ -1.2971460867, 52.04189516785 ], [ -1.29618687061, 52.04161420145 ], [ -1.29474804646, 52.03908550379 ], [ -1.29474804646, 52.03796163816 ], [ -1.29426843841, 52.03711873894 ], [ -1.29235000622, 52.02981361236 ], [ -1.29330922232, 52.02981361236 ], [ -1.29330922232, 52.02756588111 ], [ -1.28995196598, 52.02756588111 ], [ -1.28371706136, 52.0230704186 ], [ -1.28419666941, 52.02250848578 ], [ -1.28419666941, 52.02082268734 ], [ -1.28275784526, 52.02082268734 ], [ -1.28179862917, 52.01969882172 ], [ -1.28179862917, 52.01773205687 ], [ -1.28083941307, 52.01660819124 ], [ -1.27844137283, 52.01126982951 ], [ -1.27988019698, 52.01098886311 ], [ -1.28419666941, 52.01126982951 ], [ -1.27844137283, 52.00817919904 ], [ -1.27748215674, 52.00733629982 ], [ -1.27892098088, 52.00452663575 ], [ -1.28083941307, 52.00143600528 ], [ -1.28179862917, 52.00059310605 ], [ -1.28371706136, 51.99806440839 ], [ -1.28371706136, 51.99609764355 ], [ -1.28227823722, 51.99300701307 ], [ -1.28563549355, 51.99075928182 ], [ -1.28707431769, 51.99075928182 ], [ -1.28707431769, 51.990197349 ], [ -1.28851314184, 51.98935444978 ], [ -1.28755392574, 51.98963541619 ], [ -1.28755392574, 51.98879251697 ], [ -1.28419666941, 51.98373512165 ], [ -1.28371706136, 51.97980159195 ], [ -1.28179862917, 51.98008255836 ], [ -1.28083941307, 51.98233028961 ], [ -1.26788999578, 51.98261125602 ], [ -1.25925705091, 51.98120642399 ], [ -1.25302214629, 51.98345415524 ], [ -1.2511037141, 51.98429705446 ], [ -1.24822606581, 51.98570188649 ], [ -1.23191939218, 51.98233028961 ], [ -1.22952135194, 51.98148739039 ], [ -1.22376605536, 51.98036352477 ], [ -1.21705154269, 51.98036352477 ], [ -1.20074486906, 51.9778348271 ], [ -1.19786722077, 51.97727289429 ], [ -1.19067310005, 51.98148739039 ], [ -1.18827505981, 51.98120642399 ], [ -1.18299937128, 51.98148739039 ], [ -1.17628485861, 51.98204932321 ], [ -1.15134524012, 51.99300701307 ], [ -1.14367151135, 51.99694054277 ], [ -1.14031425501, 51.99778344199 ], [ -1.13168131015, 52.00312180372 ], [ -1.12832405381, 52.00536953497 ], [ -1.12640562162, 52.00705533341 ], [ -1.12256875724, 52.01211272873 ], [ -1.12160954114, 52.01239369514 ], [ -1.11969110895, 52.01576529202 ], [ -1.12160954114, 52.01688915765 ], [ -1.12448718943, 52.01660819124 ], [ -1.12592601357, 52.01745109046 ], [ -1.12832405381, 52.01801302328 ], [ -1.13072209405, 52.01829398968 ], [ -1.13264052625, 52.01941785531 ], [ -1.13359974234, 52.01941785531 ], [ -1.13599778258, 52.01997978812 ], [ -1.13647739063, 52.02222751938 ], [ -1.13647739063, 52.0230704186 ], [ -1.13599778258, 52.02278945219 ], [ -1.13551817453, 52.02419428423 ], [ -1.13359974234, 52.02672298189 ], [ -1.13168131015, 52.03206134362 ], [ -1.12976287796, 52.03346617565 ], [ -1.12688522967, 52.03796163816 ], [ -1.12496679748, 52.04049033582 ], [ -1.12208914919, 52.04498579833 ], [ -1.11969110895, 52.04639063036 ], [ -1.11345620433, 52.0480764288 ], [ -1.11105816409, 52.0480764288 ], [ -1.10290482727, 52.0480764288 ], [ -1.09906796289, 52.04863836162 ], [ -1.09810874679, 52.04976222724 ], [ -1.0961903146, 52.05144802568 ], [ -1.09475149046, 52.05172899209 ], [ -1.09235345022, 52.05116705928 ], [ -1.08899619388, 52.05229092491 ], [ -1.0851593295, 52.05229092491 ], [ -1.08132246511, 52.05453865616 ], [ -1.07892442487, 52.05734832023 ], [ -1.07077108806, 52.05959605148 ], [ -1.05782167076, 52.06100088352 ], [ -1.05158676614, 52.06071991711 ], [ -1.04007617299, 52.06605827884 ], [ -1.03336166032, 52.06352958118 ], [ -1.02760636374, 52.06381054758 ], [ -1.0261675396, 52.06577731243 ], [ -1.02952479593, 52.06999180853 ], [ -1.03192283617, 52.07111567416 ], [ -1.04247421323, 52.07364437182 ], [ -1.02856557984, 52.07504920386 ], [ -1.02328989131, 52.07504920386 ], [ -1.01993263497, 52.07336340541 ], [ -1.01369773035, 52.0728014726 ], [ -1.00650360963, 52.07139664057 ], [ -1.00602400158, 52.07336340541 ], [ -1.00266674525, 52.0728014726 ], [ -1.00026870501, 52.07252050619 ], [ -0.9422361312, 52.06662021165 ], [ -0.93024593, 52.04863836162 ], [ -0.93024593, 52.04301903348 ], [ -0.9062655276, 52.02110365375 ], [ -0.88708120568, 52.03009457877 ], [ -0.86789688376, 52.10117907969 ], [ -0.86837649181, 52.10426971016 ], [ -0.86885609986, 52.10792227345 ], [ -0.87413178839, 52.11241773596 ], [ -0.88372394935, 52.11663223206 ], [ -0.88132590911, 52.11916092972 ], [ -0.87988708496, 52.12421832504 ], [ -0.70147289112, 52.19333606112 ], [ -0.68516621749, 52.19193122908 ], [ -0.65543051851, 52.18968349783 ], [ -0.62953168392, 52.17872580796 ], [ -0.62281717125, 52.13433311569 ], [ -0.60746971371, 52.13377118288 ], [ -0.60219402519, 52.12899475396 ], [ -0.59787755275, 52.11663223206 ], [ -0.59595912056, 52.11354160159 ], [ -0.60075520104, 52.10539357579 ], [ -0.60267363323, 52.10005521406 ], [ -0.60459206543, 52.09584071796 ], [ -0.6232967793, 52.08375916247 ], [ -0.63145011611, 52.0809494984 ], [ -0.63624619659, 52.0770159687 ], [ -0.65351208632, 52.06184378274 ], [ -0.65686934265, 52.05791025304 ], [ -0.64104227707, 52.02531814985 ], [ -0.64152188512, 52.02475621704 ], [ -0.65926738289, 52.00003117324 ], [ -0.65926738289, 51.99300701307 ], [ -0.67221680019, 51.94664755595 ], [ -0.6822885692, 51.94271402626 ], [ -0.67269640824, 51.90141196446 ], [ -0.65159365413, 51.88708267771 ], [ -0.57629519059, 51.86460536517 ], [ -0.54847792381, 51.83594679167 ], [ -0.58205048717, 51.80700725177 ], [ -0.60651049762, 51.8123456135 ], [ -0.61850069882, 51.81459334476 ], [ -0.62185795515, 51.81599817679 ], [ -0.62569481954, 51.81599817679 ], [ -0.69044190601, 51.8412851534 ], [ -0.69188073016, 51.8452186831 ], [ -0.67749248872, 51.78087737594 ], [ -0.64871600584, 51.7586810298 ], [ -0.62857246782, 51.7544665337 ], [ -0.62617442758, 51.75362363448 ], [ -0.57965244693, 51.74126111258 ], [ -0.56910106988, 51.7378895157 ], [ -0.55279439624, 51.73339405319 ], [ -0.51490536045, 51.66540018275 ], [ -0.53313046628, 51.66090472024 ], [ -0.53504889847, 51.66034278743 ], [ -0.53025281799, 51.61707396078 ], [ -0.47653671662, 51.55807101535 ], [ -0.50579280754, 51.47237626128 ], [ -0.4563931786, 51.43809835965 ], [ -0.35903274486, 51.41196848382 ], [ -0.28805075376, 51.36195646341 ], [ -0.24488602944, 51.36898062358 ], [ -0.23769190872, 51.36701385873 ], [ -0.23673269263, 51.36673289233 ], [ -0.22186484314, 51.35127973995 ], [ -0.19308836026, 51.34256978134 ], [ -0.15855658081, 51.32402599849 ], [ -0.11587146454, 51.29059099608 ], [ -0.0894930219, 51.30407738361 ], [ -0.08181929313, 51.31053961097 ], [ -0.03769535272, 51.33863625165 ], [ 0.01889839694, 51.29171486171 ], [ 0.02369447742, 51.2995819211 ], [ 0.04575644763, 51.29396259297 ], [ 0.05870586493, 51.28946713046 ], [ 0.1004317651, 51.3243069649 ], [ 0.10954431801, 51.32655469615 ], [ 0.11721804678, 51.32936436022 ], [ 0.13688197675, 51.3448175126 ], [ 0.13832080089, 51.34706524385 ], [ 0.14119844918, 51.35015587432 ], [ 0.14311688137, 51.35296553839 ], [ 0.15222943428, 51.3698235228 ], [ 0.15222943428, 51.378252515 ], [ 0.15079061014, 51.37909541422 ], [ 0.15031100209, 51.38611957439 ], [ 0.1584643389, 51.39230083534 ], [ 0.15750512281, 51.40072982755 ], [ 0.15270904233, 51.40859688694 ], [ 0.15270904233, 51.42180230806 ], [ 0.16421963548, 51.42854550182 ], [ 0.16565845962, 51.43023130026 ], [ 0.17860787692, 51.44343672138 ], [ 0.18436317349, 51.44456058701 ], [ 0.18772042983, 51.44877508311 ], [ 0.18867964593, 51.44905604952 ], [ 0.19587376665, 51.45186571358 ], [ 0.41457503652, 51.44371768779 ], [ 0.4802813391, 51.48698651443 ], [ 0.70281947336, 51.47125239565 ], [ 0.62991905006, 51.44231285575 ], [ 0.55318176239, 51.40044886114 ], [ 0.61649002472, 51.3779715486 ], [ 0.89658112474, 51.34144591571 ], [ 1.03326941841, 51.3656090267 ], [ 1.19921380301, 51.37993831345 ], [ 1.44189547529, 51.38724344002 ], [ 1.37762799686, 51.32936436022 ], [ 1.40496565559, 51.22821645378 ], [ 1.37666878076, 51.14083590126 ], [ 1.18962164205, 51.07733749333 ], [ 1.10089415318, 51.06834656831 ], [ 0.99681920677, 51.02451580885 ], [ 0.9642058595, 50.96804156108 ], [ 0.97667566875, 50.91156731332 ], [ 0.79346539442, 50.93292076023 ], [ 0.67020612609, 50.87391781481 ], [ 0.36373658344, 50.81603873501 ], [ 0.23999770706, 50.73455847704 ], [ 0.07789018684, 50.77895116931 ], [ -0.09189106214, 50.81182423891 ], [ -0.25160054212, 50.83036802175 ], [ -0.3724617702, 50.80845264202 ], [ -0.54176341114, 50.80199041467 ], [ -0.76717919369, 50.75928352084 ], [ -0.78636351561, 50.72247692154 ], [ -0.90674513565, 50.7744557068 ], [ -0.87796865277, 50.8076097428 ], [ -0.93168475414, 50.8404828124 ], [ -1.1441511194, 50.83907798036 ], [ -1.1431919033, 50.77361280758 ], [ -1.30002373499, 50.83683024911 ], [ -1.34174963516, 50.78597532948 ], [ -1.52735794973, 50.75310225989 ], [ -1.57675757867, 50.716576627 ], [ -1.69234311823, 50.73736814111 ], [ -1.6889858619, 50.74158263721 ], [ -1.71488469649, 50.75197839426 ], [ -1.74222235522, 50.74916873019 ], [ -1.74366117937, 50.75001162941 ], [ -1.74174274718, 50.75844062161 ], [ -1.73982431498, 50.76265511772 ], [ -1.74653882766, 50.77333184117 ], [ -1.74557961156, 50.77614150524 ], [ -1.75661059666, 50.7783892365 ], [ -1.78346864735, 50.76462188256 ], [ -1.78490747149, 50.76490284897 ], [ -1.78826472783, 50.76686961382 ], [ -1.78970355197, 50.7702412107 ], [ -1.78826472783, 50.7744557068 ], [ -1.78778511978, 50.77895116931 ], [ -1.79737728074, 50.78372759823 ], [ -1.79641806465, 50.78625629589 ], [ -1.80457140146, 50.79580915372 ], [ -1.80409179341, 50.80002364982 ], [ -1.81080630608, 50.80704780999 ], [ -1.80409179341, 50.8199722647 ], [ -1.80169375317, 50.82221999596 ], [ -1.80313257732, 50.82193902955 ], [ -1.79737728074, 50.83008705535 ], [ -1.79881610488, 50.84076377881 ], [ -1.79785688879, 50.84188764443 ], [ -1.80265296927, 50.85059760304 ], [ -1.80409179341, 50.85565499837 ], [ -1.80505100951, 50.85677886399 ], [ -1.80553061756, 50.85930756165 ], [ -1.81128591413, 50.86464592338 ], [ -1.81368395437, 50.86324109135 ], [ -1.84150122115, 50.85790272962 ], [ -1.85061377407, 50.86043142728 ], [ -1.84869534187, 50.87391781481 ], [ -1.84821573383, 50.88234680701 ], [ -1.84725651773, 50.88347067264 ], [ -1.84869534187, 50.88993289999 ], [ -1.82567415557, 50.89611416094 ], [ -1.8189596429, 50.91662470864 ], [ -1.81080630608, 50.9273014321 ], [ -1.81272473828, 50.92758239851 ], [ -1.82087807509, 50.92617756647 ], [ -1.83526631653, 50.92954916335 ], [ -1.83526631653, 50.93011109617 ], [ -1.84581769359, 50.93039206257 ], [ -1.85636907064, 50.92561563366 ], [ -1.87507378451, 50.91971533912 ], [ -1.8789106489, 50.92421080162 ], [ -1.89233967424, 50.9315159282 ], [ -1.89905418691, 50.93825912196 ], [ -1.91056478006, 50.94921681183 ], [ -1.95085185609, 50.97815635173 ], [ -1.95229068024, 50.97871828454 ], [ -1.95660715267, 50.98995694081 ], [ -1.92015694102, 50.9975430338 ], [ -1.89809497082, 50.99866689942 ], [ -1.87459417647, 51.00625299241 ], [ -1.87363496037, 51.00625299241 ], [ -1.87411456842, 50.98433761268 ], [ -1.82759258776, 50.99726206739 ], [ -1.82135768314, 50.99304757129 ], [ -1.77003962201, 50.98349471346 ], [ -1.75421255642, 50.97787538532 ], [ -1.68946546995, 50.95455517356 ], [ -1.66164820316, 50.94528328213 ], [ -1.64630074563, 50.94949777824 ], [ -1.60745249374, 50.97984215017 ], [ -1.61992230299, 50.98433761268 ], [ -1.62040191104, 50.98855210878 ], [ -1.62519799152, 50.99389047051 ], [ -1.62855524785, 50.9975430338 ], [ -1.62855524785, 50.99866689942 ], [ -1.6290348559, 50.99922883224 ], [ -1.62615720761, 51.00091463068 ], [ -1.62040191104, 51.00344332834 ], [ -1.6050544535, 51.00260042912 ], [ -1.60889131789, 51.0099055557 ], [ -1.60073798107, 51.00709589163 ], [ -1.59738072474, 51.00793879085 ], [ -1.6050544535, 51.01608681665 ], [ -1.60073798107, 51.0222680776 ], [ -1.60841170984, 51.02620160729 ], [ -1.61464661446, 51.02985417058 ], [ -1.62807563981, 51.072280098 ], [ -1.6290348559, 51.10065770509 ], [ -1.66308702731, 51.12706854733 ], [ -1.66308702731, 51.12959724499 ], [ -1.67219958022, 51.17848539977 ], [ -1.69282272628, 51.20292947716 ], [ -1.69090429409, 51.20939170452 ], [ -1.68418978142, 51.21501103266 ], [ -1.66692389169, 51.2169777975 ], [ -1.66020937902, 51.21894456235 ], [ -1.63287172029, 51.21950649517 ], [ -1.63095328809, 51.22372099127 ], [ -1.61512622251, 51.2414218749 ], [ -1.60073798107, 51.25069376632 ], [ -1.59258464426, 51.25294149757 ], [ -1.5820332672, 51.25462729601 ], [ -1.57915561891, 51.25547019523 ], [ -1.57771679477, 51.25575116164 ], [ -1.54846070384, 51.24760313584 ], [ -1.53119481411, 51.25771792649 ], [ -1.52975598997, 51.26052759056 ], [ -1.54030736703, 51.26080855696 ], [ -1.53695011069, 51.27373301168 ], [ -1.53742971874, 51.27373301168 ], [ -1.53695011069, 51.27822847419 ], [ -1.53167442216, 51.32824049459 ], [ -1.53119481411, 51.32908339382 ], [ -1.49762225076, 51.33105015866 ], [ -1.49762225076, 51.33329788992 ], [ -1.50049989904, 51.35633713527 ], [ -1.49954068295, 51.36336129544 ], [ -1.49954068295, 51.36898062358 ], [ -1.51344931634, 51.37207125405 ], [ -1.53551128655, 51.38415280955 ], [ -1.53886854288, 51.38696247361 ], [ -1.54654227165, 51.39117696972 ], [ -1.55373639237, 51.40663012209 ], [ -1.56236933723, 51.41140655101 ], [ -1.56332855333, 51.41309234945 ], [ -1.5710022821, 51.41646394633 ], [ -1.55853247285, 51.42180230806 ], [ -1.53982775898, 51.42601680416 ], [ -1.53263363826, 51.42573583775 ], [ -1.53215403021, 51.42966936745 ], [ -1.55085874408, 51.46535210111 ], [ -1.55949168895, 51.46984756362 ], [ -1.56093051309, 51.47574785816 ], [ -1.56764502576, 51.47996235426 ], [ -1.57915561891, 51.49120101054 ], [ -1.5820332672, 51.50019193555 ], [ -1.58587013158, 51.50300159962 ], [ -1.58778856378, 51.52491697935 ], [ -1.59786033278, 51.5187357184 ], [ -1.62375916737, 51.54374172861 ], [ -1.62519799152, 51.54542752705 ], [ -1.63095328809, 51.5518897544 ], [ -1.64773956977, 51.57183836929 ], [ -1.6520560422, 51.57408610054 ], [ -1.66260741926, 51.57352416773 ], [ -1.68035291703, 51.57183836929 ], [ -1.68131213313, 51.57211933569 ], [ -1.68179174118, 51.57268126851 ], [ -1.68275095727, 51.57268126851 ], [ -1.68323056532, 51.57268126851 ], [ -1.69090429409, 51.58363895837 ], [ -1.68754703775, 51.58672958885 ], [ -1.68514899751, 51.58813442088 ], [ -1.68514899751, 51.59094408495 ], [ -1.68514899751, 51.59178698417 ], [ -1.68610821361, 51.59431568183 ], [ -1.68706742971, 51.59431568183 ], [ -1.6880266458, 51.5974063123 ], [ -1.6880266458, 51.59937307715 ], [ -1.68754703775, 51.59965404356 ], [ -1.67747526875, 51.61285946468 ], [ -1.67171997217, 51.6137023639 ], [ -1.66692389169, 51.61791686 ], [ -1.66836271584, 51.61875975922 ], [ -1.66836271584, 51.62831261705 ], [ -1.6640462434, 51.6302793819 ], [ -1.66308702731, 51.63983223973 ], [ -1.68610821361, 51.65247572804 ], [ -1.69138390214, 51.65275669444 ], [ -1.700016847, 51.67073854448 ], [ -1.69905763091, 51.67298627573 ], [ -1.69665959067, 51.68197720075 ], [ -1.67747526875, 51.68900136092 ], [ -1.67363840436, 51.68478686482 ], [ -1.67507722851, 51.68253913356 ], [ -1.67459762046, 51.68225816716 ], [ -1.6659646756, 51.68113430153 ], [ -1.65253565025, 51.68141526794 ], [ -1.64821917782, 51.684224932 ], [ -1.65157643416, 51.68759652889 ], [ -1.65109682611, 51.68872039451 ], [ -1.65493369049, 51.6923729578 ], [ -1.65541329854, 51.69349682343 ], [ -1.66356663536, 51.6965874539 ], [ -1.66452585145, 51.69686842031 ], [ -1.68706742971, 51.71456930394 ], [ -1.6889858619, 51.71653606879 ], [ -1.69090429409, 51.71906476645 ], [ -1.68658782166, 51.72861762428 ], [ -1.70769057577, 51.78818250252 ], [ -1.68035291703, 51.80700725177 ], [ -1.6779548768, 51.81712204242 ], [ -1.68610821361, 51.83060842994 ], [ -1.68131213313, 51.85954796984 ], [ -1.68706742971, 51.86291956673 ], [ -1.68706742971, 51.86544826439 ], [ -1.68083252508, 51.86910082767 ], [ -1.67891409289, 51.8699437269 ], [ -1.67171997217, 51.87500112222 ], [ -1.6640462434, 51.88595881208 ], [ -1.66116859512, 51.89354490507 ], [ -1.66020937902, 51.8949497371 ], [ -1.64869878587, 51.89551166991 ], [ -1.64438231344, 51.8949497371 ], [ -1.63431054443, 51.89860230039 ], [ -1.63335132833, 51.89944519961 ], [ -1.63479015248, 51.90394066212 ], [ -1.63479015248, 51.907312259 ], [ -1.63526976053, 51.90984095666 ], [ -1.63766780077, 51.91293158713 ], [ -1.63766780077, 51.91208868791 ], [ -1.63910662491, 51.91265062073 ], [ -1.64054544905, 51.91293158713 ], [ -1.64246388124, 51.91265062073 ], [ -1.64390270539, 51.91349351995 ], [ -1.64438231344, 51.91405545276 ], [ -1.64342309734, 51.91883188168 ], [ -1.6419842732, 51.9199557473 ], [ -1.64534152953, 51.92220347856 ], [ -1.62375916737, 51.93568986609 ], [ -1.63239211224, 51.95563848097 ], [ -1.63862701686, 51.95676234659 ], [ -1.65253565025, 51.96153877551 ], [ -1.6640462434, 51.96631520443 ], [ -1.6659646756, 51.97109163334 ], [ -1.66548506755, 51.98064449117 ], [ -1.6650054595, 51.98317318883 ], [ -1.63670858467, 51.97277743178 ], [ -1.63479015248, 51.97221549897 ], [ -1.62615720761, 51.96743907005 ], [ -1.58826817182, 51.97418226382 ], [ -1.5230414773, 51.99694054277 ], [ -1.52160265315, 52.00171697168 ], [ -1.51009206, 52.02559911626 ], [ -1.49234656223, 52.07561113667 ], [ -1.47076420007, 52.09808844921 ], [ -1.46740694373, 52.09696458359 ], [ -1.44486536548, 52.11522740003 ], [ -1.4271198677, 52.1180370641 ], [ -1.40218024921, 52.10623647501 ], [ -1.40074142507, 52.10511260938 ], [ -1.35949513294, 52.10117907969 ], [ -1.35901552489, 52.10230294531 ], [ -1.35949513294, 52.10455067657 ], [ -1.36141356513, 52.10679840782 ], [ -1.36285238927, 52.10904613908 ], [ -1.33839237883, 52.15877719308 ], [ -1.33455551444, 52.15933912589 ], [ -1.33167786616, 52.16861101732 ] ] ], [ [ [ 0.87835601892, 51.361675497 ], [ 0.73111634819, 51.40129176036 ], [ 0.75078027815, 51.44540348623 ], [ 0.88459092354, 51.42095940884 ], [ 0.87835601892, 51.361675497 ] ] ], [ [ [ -1.29522765451, 50.57496955798 ], [ -1.49378538637, 50.66853137144 ], [ -1.53359285435, 50.70056154181 ], [ -1.35326022832, 50.73905393955 ], [ -1.27748215674, 50.76630768101 ], [ -1.21081663807, 50.73512040985 ], [ -1.10961933994, 50.72163402232 ], [ -1.07029148001, 50.683422591 ], [ -1.16045779303, 50.64942565578 ], [ -1.18539741152, 50.59716590411 ], [ -1.29522765451, 50.57496955798 ] ] ] ] } },
{ "type": "Feature", "properties": { "OBJECTID": 9, "ITL121CD": "TLK", "ITL121NM": "South West (England)", "BNG_E": 285013, "BNG_N": 102567, "LONG": -3.63346, "LAT": 50.81119, "GlobalID": "e03d492e-def7-4f9d-91c6-352e477bf951" }, "geometry": { "type": "MultiPolygon", "coordinates": [ [ [ [ -2.65059999809, 51.82611296744 ], [ -2.64724274175, 51.82779876588 ], [ -2.64052822908, 51.83622775808 ], [ -2.63045646007, 51.83875645574 ], [ -2.6256603796, 51.83903742215 ], [ -2.62182351521, 51.84325191825 ], [ -2.60455762548, 51.85477154093 ], [ -2.599761545, 51.85645733937 ], [ -2.59640428867, 51.85617637296 ], [ -2.59160820819, 51.85420960811 ], [ -2.58633251966, 51.84971414561 ], [ -2.57865879089, 51.85308574249 ], [ -2.58537330357, 51.85982893625 ], [ -2.58057722309, 51.8617957011 ], [ -2.57626075065, 51.86263860032 ], [ -2.57290349432, 51.86235763391 ], [ -2.56331133336, 51.86376246595 ], [ -2.56187250921, 51.86432439876 ], [ -2.55659682069, 51.86291956673 ], [ -2.54412701144, 51.86010990266 ], [ -2.51918739294, 51.87078662612 ], [ -2.5177485688, 51.87331532378 ], [ -2.5067175837, 51.88539687927 ], [ -2.50192150322, 51.88623977849 ], [ -2.49808463883, 51.88202528239 ], [ -2.4937681664, 51.88005851754 ], [ -2.48225757325, 51.88595881208 ], [ -2.47122658815, 51.88933040896 ], [ -2.46259364328, 51.89298297225 ], [ -2.44868500989, 51.8949497371 ], [ -2.44628696965, 51.89410683788 ], [ -2.44388892941, 51.89579263632 ], [ -2.43957245698, 51.89747843476 ], [ -2.44340932136, 51.89832133398 ], [ -2.44245010527, 51.90197389727 ], [ -2.44197049722, 51.90394066212 ], [ -2.44245010527, 51.90506452774 ], [ -2.44292971332, 51.90618839337 ], [ -2.44292971332, 51.90675032619 ], [ -2.44245010527, 51.90899805744 ], [ -2.44292971332, 51.91208868791 ], [ -2.44436853746, 51.91377448636 ], [ -2.4477257938, 51.9157412512 ], [ -2.46595089962, 51.9281037731 ], [ -2.46786933181, 51.93737566453 ], [ -2.46691011572, 51.93765663093 ], [ -2.46547129157, 51.93793759734 ], [ -2.46355285938, 51.93849953015 ], [ -2.46451207548, 51.93962339578 ], [ -2.46451207548, 51.94130919422 ], [ -2.46547129157, 51.94215209344 ], [ -2.46499168352, 51.94271402626 ], [ -2.46547129157, 51.94664755595 ], [ -2.46595089962, 51.95030011924 ], [ -2.46786933181, 51.95198591768 ], [ -2.47458384448, 51.95563848097 ], [ -2.47554306058, 51.95620041378 ], [ -2.47937992496, 51.95563848097 ], [ -2.48225757325, 51.95563848097 ], [ -2.48609443763, 51.95732427941 ], [ -2.49041091007, 51.95507654815 ], [ -2.49328855835, 51.95732427941 ], [ -2.49664581469, 51.95957201066 ], [ -2.50096228712, 51.96069587629 ], [ -2.50000307103, 51.96266264114 ], [ -2.49712542274, 51.96406747317 ], [ -2.49280895031, 51.96856293568 ], [ -2.49520699055, 51.97109163334 ], [ -2.49616620664, 51.9775538607 ], [ -2.4947273825, 51.98008255836 ], [ -2.49328855835, 51.9817683568 ], [ -2.49137012616, 51.98204932321 ], [ -2.49041091007, 51.98345415524 ], [ -2.48849247787, 51.98738768494 ], [ -2.4827371813, 51.98823058416 ], [ -2.4817779652, 51.98963541619 ], [ -2.47890031691, 51.99188314744 ], [ -2.47506345253, 51.99272604666 ], [ -2.47410423643, 51.99328797948 ], [ -2.47362462839, 51.99356894589 ], [ -2.47554306058, 51.99750247558 ], [ -2.47698188472, 51.99918827402 ], [ -2.48705365373, 52.00340277012 ], [ -2.49232934226, 52.00817919904 ], [ -2.49041091007, 52.0107078967 ], [ -2.48753326178, 52.01155079592 ], [ -2.48465561349, 52.01267466155 ], [ -2.48033914106, 52.01604625843 ], [ -2.47890031691, 52.02250848578 ], [ -2.46834893986, 52.02391331782 ], [ -2.46643050767, 52.02363235141 ], [ -2.46307325133, 52.02110365375 ], [ -2.46355285938, 52.0188559225 ], [ -2.46355285938, 52.01829398968 ], [ -2.46307325133, 52.01717012406 ], [ -2.46211403524, 52.01436045999 ], [ -2.4477257938, 52.01576529202 ], [ -2.4458073616, 52.01520335921 ], [ -2.44340932136, 52.01520335921 ], [ -2.4338171604, 52.01239369514 ], [ -2.4347763765, 52.00986499748 ], [ -2.4338171604, 52.00789823263 ], [ -2.4338171604, 52.006774367 ], [ -2.4347763765, 52.00565050138 ], [ -2.43525598455, 52.00284083731 ], [ -2.43525598455, 52.0022789045 ], [ -2.43669480869, 52.00115503887 ], [ -2.4357355926, 51.99806440839 ], [ -2.43717441674, 51.99750247558 ], [ -2.4227861753, 51.99441184511 ], [ -2.41319401434, 51.9941308787 ], [ -2.39928538095, 51.99918827402 ], [ -2.39544851657, 52.00565050138 ], [ -2.39496890852, 52.006774367 ], [ -2.39400969242, 52.01183176233 ], [ -2.39305047633, 52.01295562795 ], [ -2.36523320954, 52.01745109046 ], [ -2.36139634516, 52.01829398968 ], [ -2.35132457615, 52.02138462016 ], [ -2.34940614396, 52.01773205687 ], [ -2.3518041842, 52.01576529202 ], [ -2.34940614396, 52.01155079592 ], [ -2.34748771177, 52.01126982951 ], [ -2.34413045543, 52.00874113185 ], [ -2.34029359105, 52.006774367 ], [ -2.32926260595, 52.006774367 ], [ -2.32590534961, 52.00565050138 ], [ -2.32590534961, 52.00059310605 ], [ -2.32350730937, 51.99946924043 ], [ -2.32302770132, 51.99637860995 ], [ -2.32206848523, 51.98963541619 ], [ -2.32302770132, 51.98457802087 ], [ -2.32254809327, 51.98261125602 ], [ -2.32398691742, 51.97867772632 ], [ -2.32542574156, 51.97671096148 ], [ -2.32638495766, 51.97586806226 ], [ -2.31247632427, 51.97642999507 ], [ -2.30911906793, 51.97390129741 ], [ -2.30815985184, 51.97277743178 ], [ -2.30959867598, 51.97052970053 ], [ -2.3057618116, 51.97081066693 ], [ -2.30048612307, 51.96687713724 ], [ -2.29329200235, 51.96968680131 ], [ -2.27362807238, 51.9694058349 ], [ -2.27075042409, 51.96884390209 ], [ -2.26355630337, 51.96743907005 ], [ -2.25636218265, 51.96715810365 ], [ -2.25204571022, 51.96772003646 ], [ -2.24629041365, 51.97137259975 ], [ -2.24389237341, 51.97277743178 ], [ -2.23334099635, 51.98682575212 ], [ -2.22758569978, 51.98851155056 ], [ -2.22662648368, 51.99075928182 ], [ -2.22422844344, 51.99272604666 ], [ -2.21703432272, 51.9941308787 ], [ -2.21559549858, 51.99581667714 ], [ -2.21175863419, 51.99665957636 ], [ -2.20312568933, 51.99637860995 ], [ -2.19737039275, 51.99497377792 ], [ -2.19449274446, 51.99328797948 ], [ -2.18490058351, 51.99047831541 ], [ -2.17962489498, 51.99497377792 ], [ -2.18154332717, 51.99918827402 ], [ -2.17195116621, 51.99497377792 ], [ -2.17003273402, 51.99469281151 ], [ -2.16475704549, 51.99609764355 ], [ -2.16379782939, 51.9983453748 ], [ -2.17722685474, 52.02391331782 ], [ -2.17818607083, 52.02559911626 ], [ -2.17770646279, 52.0272849147 ], [ -2.17914528693, 52.03346617565 ], [ -2.18058411107, 52.0354329405 ], [ -2.18058411107, 52.04161420145 ], [ -2.17818607083, 52.04358096629 ], [ -2.1738695984, 52.04695256318 ], [ -2.17051234207, 52.04695256318 ], [ -2.16619586963, 52.04891932802 ], [ -2.15564449258, 52.04948126084 ], [ -2.14173585919, 52.04554773114 ], [ -2.12638840165, 52.04329999989 ], [ -2.11727584874, 52.03936647019 ], [ -2.11631663264, 52.03683777253 ], [ -2.1259087936, 52.03037554518 ], [ -2.13933781895, 52.02784684751 ], [ -2.14221546724, 52.01969882172 ], [ -2.14509311552, 52.01464142639 ], [ -2.14749115576, 52.01295562795 ], [ -2.1508484121, 52.0064934006 ], [ -2.14557272357, 52.00480760216 ], [ -2.1388582109, 52.00396470294 ], [ -2.13933781895, 52.00143600528 ], [ -2.139817427, 52.00031213965 ], [ -2.13933781895, 51.99946924043 ], [ -2.13310291432, 52.00171697168 ], [ -2.13214369823, 52.00284083731 ], [ -2.13166409018, 52.00593146778 ], [ -2.1278272258, 52.00733629982 ], [ -2.1259087936, 52.00902209826 ], [ -2.12351075336, 52.01098886311 ], [ -2.12015349703, 52.01183176233 ], [ -2.12015349703, 52.01323659436 ], [ -2.11919428093, 52.01351756077 ], [ -2.11871467288, 52.01407949358 ], [ -2.11727584874, 52.01407949358 ], [ -2.11391859241, 52.01464142639 ], [ -2.11152055217, 52.01548432562 ], [ -2.10768368778, 52.01464142639 ], [ -2.10240799925, 52.01379852717 ], [ -2.09857113487, 52.01295562795 ], [ -2.09857113487, 52.01323659436 ], [ -2.09761191877, 52.01183176233 ], [ -2.09569348658, 52.01211272873 ], [ -2.09281583829, 52.01155079592 ], [ -2.09137701415, 52.01155079592 ], [ -2.08466250148, 52.0107078967 ], [ -2.08082563709, 52.0107078967 ], [ -2.07794798881, 52.01098886311 ], [ -2.07698877271, 52.01155079592 ], [ -2.07554994857, 52.01155079592 ], [ -2.07171308418, 52.01211272873 ], [ -2.06931504394, 52.01239369514 ], [ -2.06403935542, 52.01407949358 ], [ -2.06020249103, 52.01407949358 ], [ -2.05924327494, 52.00958403107 ], [ -2.05156954617, 52.00874113185 ], [ -2.04869189788, 52.00705533341 ], [ -2.0448550335, 52.00368373653 ], [ -2.03814052082, 52.00452663575 ], [ -2.03670169668, 52.00705533341 ], [ -2.03814052082, 52.00958403107 ], [ -2.02806875182, 52.01239369514 ], [ -2.02183384719, 52.01576529202 ], [ -2.0079252138, 52.02391331782 ], [ -1.99497579651, 52.02644201548 ], [ -1.99401658041, 52.02784684751 ], [ -1.9839448114, 52.03599487331 ], [ -1.95660715267, 52.03711873894 ], [ -1.95420911243, 52.03711873894 ], [ -1.95085185609, 52.03655680612 ], [ -1.95085185609, 52.03599487331 ], [ -1.94557616757, 52.03178037721 ], [ -1.93982087099, 52.03234231002 ], [ -1.93166753417, 52.03009457877 ], [ -1.92063654907, 52.03824260457 ], [ -1.91967733297, 52.03880453738 ], [ -1.91679968469, 52.04217613426 ], [ -1.91344242835, 52.04442386551 ], [ -1.87939025694, 52.02700394829 ], [ -1.87363496037, 52.02419428423 ], [ -1.86212436722, 52.01745109046 ], [ -1.86212436722, 52.01323659436 ], [ -1.85732828674, 52.01126982951 ], [ -1.85684867869, 52.0107078967 ], [ -1.84437886944, 52.00846016545 ], [ -1.84150122115, 52.00705533341 ], [ -1.83574592458, 52.01126982951 ], [ -1.82615376362, 52.02925167955 ], [ -1.82519454752, 52.03093747799 ], [ -1.82951101996, 52.03178037721 ], [ -1.829990628, 52.03768067175 ], [ -1.83910318091, 52.04358096629 ], [ -1.84773612578, 52.04667159677 ], [ -1.86068554307, 52.05257189131 ], [ -1.86164475917, 52.05285285772 ], [ -1.86356319136, 52.05341479053 ], [ -1.86116515112, 52.05819121945 ], [ -1.86308358331, 52.06352958118 ], [ -1.87171652818, 52.06549634602 ], [ -1.86979809599, 52.07139664057 ], [ -1.86308358331, 52.07364437182 ], [ -1.85445063845, 52.0728014726 ], [ -1.85109338211, 52.07448727104 ], [ -1.84917494992, 52.07729693511 ], [ -1.83430710044, 52.07308243901 ], [ -1.82231689924, 52.08123046481 ], [ -1.8180004268, 52.08488302809 ], [ -1.81272473828, 52.07870176714 ], [ -1.80936748194, 52.08600689372 ], [ -1.80984708999, 52.08769269216 ], [ -1.80217336122, 52.09696458359 ], [ -1.79545884855, 52.10089811328 ], [ -1.78826472783, 52.10370777735 ], [ -1.77819295882, 52.10960807189 ], [ -1.77387648639, 52.11073193752 ], [ -1.76764158177, 52.11269870237 ], [ -1.76620275762, 52.10960807189 ], [ -1.75756981276, 52.10314584454 ], [ -1.75613098862, 52.10202197891 ], [ -1.75469216447, 52.09921231484 ], [ -1.75181451618, 52.09696458359 ], [ -1.73982431498, 52.09134525545 ], [ -1.73310980231, 52.09499781874 ], [ -1.73023215402, 52.09808844921 ], [ -1.72879332988, 52.09949328125 ], [ -1.72975254598, 52.09527878514 ], [ -1.73023215402, 52.09527878514 ], [ -1.73023215402, 52.09162622186 ], [ -1.72879332988, 52.09162622186 ], [ -1.72879332988, 52.08881655779 ], [ -1.72927293793, 52.08544496091 ], [ -1.72927293793, 52.08404012887 ], [ -1.72927293793, 52.08151143121 ], [ -1.72831372183, 52.08151143121 ], [ -1.72879332988, 52.07167760697 ], [ -1.72783411378, 52.07139664057 ], [ -1.7230380333, 52.06942987572 ], [ -1.7129662643, 52.06662021165 ], [ -1.71248665625, 52.06830601009 ], [ -1.7120070482, 52.07055374135 ], [ -1.70193527919, 52.0728014726 ], [ -1.70337410334, 52.06746311087 ], [ -1.70529253553, 52.06156281633 ], [ -1.70289449529, 52.05762928663 ], [ -1.69953723895, 52.05453865616 ], [ -1.68994507799, 52.05313382413 ], [ -1.69042468604, 52.05144802568 ], [ -1.69474115847, 52.04301903348 ], [ -1.69186351019, 52.03936647019 ], [ -1.68946546995, 52.03824260457 ], [ -1.68754703775, 52.03739970535 ], [ -1.68610821361, 52.03739970535 ], [ -1.68323056532, 52.03739970535 ], [ -1.67939370094, 52.03711873894 ], [ -1.67843448484, 52.03683777253 ], [ -1.6779548768, 52.03711873894 ], [ -1.6760364446, 52.03683777253 ], [ -1.67555683656, 52.03655680612 ], [ -1.67315879632, 52.03627583972 ], [ -1.67076075608, 52.03683777253 ], [ -1.66884232388, 52.03655680612 ], [ -1.66308702731, 52.03178037721 ], [ -1.66020937902, 52.0314994108 ], [ -1.66020937902, 52.03178037721 ], [ -1.65925016292, 52.0314994108 ], [ -1.65637251464, 52.03206134362 ], [ -1.65541329854, 52.03487100768 ], [ -1.6520560422, 52.0354329405 ], [ -1.65157643416, 52.03487100768 ], [ -1.65013761001, 52.03459004128 ], [ -1.64821917782, 52.03402810846 ], [ -1.64630074563, 52.03459004128 ], [ -1.64438231344, 52.03459004128 ], [ -1.64390270539, 52.0357139069 ], [ -1.64342309734, 52.03515197409 ], [ -1.63814740881, 52.03711873894 ], [ -1.63670858467, 52.03739970535 ], [ -1.63574936857, 52.03711873894 ], [ -1.63383093638, 52.03655680612 ], [ -1.63239211224, 52.03599487331 ], [ -1.62855524785, 52.03683777253 ], [ -1.62423877542, 52.03683777253 ], [ -1.62423877542, 52.03627583972 ], [ -1.62040191104, 52.03487100768 ], [ -1.62040191104, 52.03430907487 ], [ -1.61944269494, 52.03487100768 ], [ -1.61752426275, 52.03346617565 ], [ -1.61752426275, 52.03178037721 ], [ -1.61848347885, 52.03065651158 ], [ -1.61992230299, 52.02784684751 ], [ -1.62855524785, 52.0272849147 ], [ -1.63862701686, 52.02054172094 ], [ -1.6419842732, 52.01042693029 ], [ -1.65541329854, 52.00340277012 ], [ -1.65925016292, 51.99975020683 ], [ -1.6659646756, 51.99722150917 ], [ -1.66980153998, 51.99300701307 ], [ -1.6659646756, 51.98738768494 ], [ -1.6650054595, 51.98317318883 ], [ -1.66548506755, 51.98064449117 ], [ -1.6659646756, 51.97109163334 ], [ -1.6640462434, 51.96631520443 ], [ -1.65253565025, 51.96153877551 ], [ -1.63862701686, 51.95676234659 ], [ -1.63239211224, 51.95563848097 ], [ -1.62375916737, 51.93568986609 ], [ -1.64534152953, 51.92220347856 ], [ -1.6419842732, 51.9199557473 ], [ -1.64342309734, 51.91883188168 ], [ -1.64438231344, 51.91405545276 ], [ -1.64390270539, 51.91349351995 ], [ -1.64246388124, 51.91265062073 ], [ -1.64054544905, 51.91293158713 ], [ -1.63910662491, 51.91265062073 ], [ -1.63766780077, 51.91208868791 ], [ -1.63766780077, 51.91293158713 ], [ -1.63526976053, 51.90984095666 ], [ -1.63479015248, 51.907312259 ], [ -1.63479015248, 51.90394066212 ], [ -1.63335132833, 51.89944519961 ], [ -1.63431054443, 51.89860230039 ], [ -1.64438231344, 51.8949497371 ], [ -1.64869878587, 51.89551166991 ], [ -1.66020937902, 51.8949497371 ], [ -1.66116859512, 51.89354490507 ], [ -1.6640462434, 51.88595881208 ], [ -1.67171997217, 51.87500112222 ], [ -1.67891409289, 51.8699437269 ], [ -1.68083252508, 51.86910082767 ], [ -1.68706742971, 51.86544826439 ], [ -1.68706742971, 51.86291956673 ], [ -1.68131213313, 51.85954796984 ], [ -1.68610821361, 51.83060842994 ], [ -1.6779548768, 51.81712204242 ], [ -1.68035291703, 51.80700725177 ], [ -1.70769057577, 51.78818250252 ], [ -1.68658782166, 51.72861762428 ], [ -1.69090429409, 51.71906476645 ], [ -1.6889858619, 51.71653606879 ], [ -1.68706742971, 51.71456930394 ], [ -1.66452585145, 51.69686842031 ], [ -1.66356663536, 51.6965874539 ], [ -1.65541329854, 51.69349682343 ], [ -1.65493369049, 51.6923729578 ], [ -1.65109682611, 51.68872039451 ], [ -1.65157643416, 51.68759652889 ], [ -1.64821917782, 51.684224932 ], [ -1.65253565025, 51.68141526794 ], [ -1.6659646756, 51.68113430153 ], [ -1.67459762046, 51.68225816716 ], [ -1.67507722851, 51.68253913356 ], [ -1.67363840436, 51.68478686482 ], [ -1.67747526875, 51.68900136092 ], [ -1.69665959067, 51.68197720075 ], [ -1.69905763091, 51.67298627573 ], [ -1.700016847, 51.67073854448 ], [ -1.69138390214, 51.65275669444 ], [ -1.68610821361, 51.65247572804 ], [ -1.66308702731, 51.63983223973 ], [ -1.6640462434, 51.6302793819 ], [ -1.66836271584, 51.62831261705 ], [ -1.66836271584, 51.61875975922 ], [ -1.66692389169, 51.61791686 ], [ -1.67171997217, 51.6137023639 ], [ -1.67747526875, 51.61285946468 ], [ -1.68754703775, 51.59965404356 ], [ -1.6880266458, 51.59937307715 ], [ -1.6880266458, 51.5974063123 ], [ -1.68706742971, 51.59431568183 ], [ -1.68610821361, 51.59431568183 ], [ -1.68514899751, 51.59178698417 ], [ -1.68514899751, 51.59094408495 ], [ -1.68514899751, 51.58813442088 ], [ -1.68754703775, 51.58672958885 ], [ -1.69090429409, 51.58363895837 ], [ -1.68323056532, 51.57268126851 ], [ -1.68275095727, 51.57268126851 ], [ -1.68179174118, 51.57268126851 ], [ -1.68131213313, 51.57211933569 ], [ -1.68035291703, 51.57183836929 ], [ -1.66260741926, 51.57352416773 ], [ -1.6520560422, 51.57408610054 ], [ -1.64773956977, 51.57183836929 ], [ -1.63095328809, 51.5518897544 ], [ -1.62519799152, 51.54542752705 ], [ -1.62375916737, 51.54374172861 ], [ -1.59786033278, 51.5187357184 ], [ -1.58778856378, 51.52491697935 ], [ -1.58587013158, 51.50300159962 ], [ -1.5820332672, 51.50019193555 ], [ -1.57915561891, 51.49120101054 ], [ -1.56764502576, 51.47996235426 ], [ -1.56093051309, 51.47574785816 ], [ -1.55949168895, 51.46984756362 ], [ -1.55085874408, 51.46535210111 ], [ -1.53215403021, 51.42966936745 ], [ -1.53263363826, 51.42573583775 ], [ -1.53982775898, 51.42601680416 ], [ -1.55853247285, 51.42180230806 ], [ -1.5710022821, 51.41646394633 ], [ -1.56332855333, 51.41309234945 ], [ -1.56236933723, 51.41140655101 ], [ -1.55373639237, 51.40663012209 ], [ -1.54654227165, 51.39117696972 ], [ -1.53886854288, 51.38696247361 ], [ -1.53551128655, 51.38415280955 ], [ -1.51344931634, 51.37207125405 ], [ -1.49954068295, 51.36898062358 ], [ -1.49954068295, 51.36336129544 ], [ -1.50049989904, 51.35633713527 ], [ -1.49762225076, 51.33329788992 ], [ -1.49762225076, 51.33105015866 ], [ -1.53119481411, 51.32908339382 ], [ -1.53167442216, 51.32824049459 ], [ -1.53695011069, 51.27822847419 ], [ -1.53742971874, 51.27373301168 ], [ -1.53695011069, 51.27373301168 ], [ -1.54030736703, 51.26080855696 ], [ -1.52975598997, 51.26052759056 ], [ -1.53119481411, 51.25771792649 ], [ -1.54846070384, 51.24760313584 ], [ -1.57771679477, 51.25575116164 ], [ -1.57915561891, 51.25547019523 ], [ -1.5820332672, 51.25462729601 ], [ -1.59258464426, 51.25294149757 ], [ -1.60073798107, 51.25069376632 ], [ -1.61512622251, 51.2414218749 ], [ -1.63095328809, 51.22372099127 ], [ -1.63287172029, 51.21950649517 ], [ -1.66020937902, 51.21894456235 ], [ -1.66692389169, 51.2169777975 ], [ -1.68418978142, 51.21501103266 ], [ -1.69090429409, 51.20939170452 ], [ -1.69282272628, 51.20292947716 ], [ -1.67219958022, 51.17848539977 ], [ -1.66308702731, 51.12959724499 ], [ -1.66308702731, 51.12706854733 ], [ -1.6290348559, 51.10065770509 ], [ -1.62807563981, 51.072280098 ], [ -1.61464661446, 51.02985417058 ], [ -1.60841170984, 51.02620160729 ], [ -1.60073798107, 51.0222680776 ], [ -1.6050544535, 51.01608681665 ], [ -1.59738072474, 51.00793879085 ], [ -1.60073798107, 51.00709589163 ], [ -1.60889131789, 51.0099055557 ], [ -1.6050544535, 51.00260042912 ], [ -1.62040191104, 51.00344332834 ], [ -1.62615720761, 51.00091463068 ], [ -1.6290348559, 50.99922883224 ], [ -1.62855524785, 50.99866689942 ], [ -1.62855524785, 50.9975430338 ], [ -1.62519799152, 50.99389047051 ], [ -1.62040191104, 50.98855210878 ], [ -1.61992230299, 50.98433761268 ], [ -1.60745249374, 50.97984215017 ], [ -1.64630074563, 50.94949777824 ], [ -1.66164820316, 50.94528328213 ], [ -1.68946546995, 50.95455517356 ], [ -1.75421255642, 50.97787538532 ], [ -1.77003962201, 50.98349471346 ], [ -1.82135768314, 50.99304757129 ], [ -1.82759258776, 50.99726206739 ], [ -1.87411456842, 50.98433761268 ], [ -1.87363496037, 51.00625299241 ], [ -1.87459417647, 51.00625299241 ], [ -1.89809497082, 50.99866689942 ], [ -1.92015694102, 50.9975430338 ], [ -1.95660715267, 50.98995694081 ], [ -1.95229068024, 50.97871828454 ], [ -1.95085185609, 50.97815635173 ], [ -1.91056478006, 50.94921681183 ], [ -1.89905418691, 50.93825912196 ], [ -1.89233967424, 50.9315159282 ], [ -1.8789106489, 50.92421080162 ], [ -1.87507378451, 50.91971533912 ], [ -1.85636907064, 50.92561563366 ], [ -1.84581769359, 50.93039206257 ], [ -1.83526631653, 50.93011109617 ], [ -1.83526631653, 50.92954916335 ], [ -1.82087807509, 50.92617756647 ], [ -1.81272473828, 50.92758239851 ], [ -1.81080630608, 50.9273014321 ], [ -1.8189596429, 50.91662470864 ], [ -1.82567415557, 50.89611416094 ], [ -1.84869534187, 50.88993289999 ], [ -1.84725651773, 50.88347067264 ], [ -1.84821573383, 50.88234680701 ], [ -1.84869534187, 50.87391781481 ], [ -1.85061377407, 50.86043142728 ], [ -1.84150122115, 50.85790272962 ], [ -1.81368395437, 50.86324109135 ], [ -1.81128591413, 50.86464592338 ], [ -1.80553061756, 50.85930756165 ], [ -1.80505100951, 50.85677886399 ], [ -1.80409179341, 50.85565499837 ], [ -1.80265296927, 50.85059760304 ], [ -1.79785688879, 50.84188764443 ], [ -1.79881610488, 50.84076377881 ], [ -1.79737728074, 50.83008705535 ], [ -1.80313257732, 50.82193902955 ], [ -1.80169375317, 50.82221999596 ], [ -1.80409179341, 50.8199722647 ], [ -1.81080630608, 50.80704780999 ], [ -1.80409179341, 50.80002364982 ], [ -1.80457140146, 50.79580915372 ], [ -1.79641806465, 50.78625629589 ], [ -1.79737728074, 50.78372759823 ], [ -1.78778511978, 50.77895116931 ], [ -1.78826472783, 50.7744557068 ], [ -1.78970355197, 50.7702412107 ], [ -1.78826472783, 50.76686961382 ], [ -1.78490747149, 50.76490284897 ], [ -1.78346864735, 50.76462188256 ], [ -1.75661059666, 50.7783892365 ], [ -1.74557961156, 50.77614150524 ], [ -1.74653882766, 50.77333184117 ], [ -1.73982431498, 50.76265511772 ], [ -1.74174274718, 50.75844062161 ], [ -1.74366117937, 50.75001162941 ], [ -1.74222235522, 50.74916873019 ], [ -1.71488469649, 50.75197839426 ], [ -1.6889858619, 50.74158263721 ], [ -1.76716197372, 50.7162956606 ], [ -1.86500201551, 50.71713855982 ], [ -1.96955656996, 50.66375494252 ], [ -1.9609236251, 50.59098464316 ], [ -2.10576525559, 50.59688493771 ], [ -2.41942891897, 50.63650120107 ], [ -2.49280895031, 50.58986077754 ], [ -2.6007207611, 50.64745889093 ], [ -2.79352319639, 50.71826242544 ], [ -2.91198638424, 50.73371557782 ], [ -2.98200915924, 50.70505700432 ], [ -3.26401869145, 50.67134103551 ], [ -3.3004689031, 50.63144380574 ], [ -3.44387170944, 50.59267044161 ], [ -3.50717997177, 50.54209648838 ], [ -3.51485370054, 50.48168871092 ], [ -3.55897764096, 50.43561022021 ], [ -3.49279173034, 50.39149849434 ], [ -3.52060899712, 50.34485807081 ], [ -3.61269374233, 50.31732336295 ], [ -3.65969533103, 50.23837180264 ], [ -3.71676868874, 50.20521776664 ], [ -3.86017149508, 50.23415730654 ], [ -3.91005073207, 50.29428411759 ], [ -4.0352284326, 50.29287928556 ], [ -4.12059866514, 50.32181882546 ], [ -4.30812541189, 50.36143508881 ], [ -4.43666036875, 50.36115412241 ], [ -4.5321023703, 50.32490945593 ], [ -4.75272207237, 50.33221458251 ], [ -4.78821306792, 50.24202436593 ], [ -4.95751470885, 50.20212713616 ], [ -5.00979198608, 50.13919066104 ], [ -5.09036613814, 50.12458040789 ], [ -5.05823239893, 50.05377687337 ], [ -5.10139712325, 50.00432678578 ], [ -5.16326656144, 50.00573161781 ], [ -5.20259442137, 49.95909119428 ], [ -5.2668618998, 50.00039325608 ], [ -5.27837249295, 50.054900739 ], [ -5.33496624261, 50.09142637188 ], [ -5.52489102961, 50.12598523992 ], [ -5.55462672858, 50.05995813432 ], [ -5.68460050958, 50.03804275459 ], [ -5.7057032637, 50.12598523992 ], [ -5.54167731129, 50.21392772525 ], [ -5.43664314878, 50.19341717755 ], [ -5.24719796983, 50.28416932694 ], [ -5.23472816058, 50.31788529576 ], [ -5.15511322462, 50.34879160051 ], [ -5.14887832, 50.40048941936 ], [ -5.05919161502, 50.42409059753 ], [ -5.01506767461, 50.54406325323 ], [ -4.92058488916, 50.5800269533 ], [ -4.79828483693, 50.59744687052 ], [ -4.76423266552, 50.66993620347 ], [ -4.6860565537, 50.6957851129 ], [ -4.65200438229, 50.73568234266 ], [ -4.56183806927, 50.78119890057 ], [ -4.56567493366, 50.90510508596 ], [ -4.52730628982, 51.01861551431 ], [ -4.30284972337, 50.9978240002 ], [ -4.21747949083, 51.07677556051 ], [ -4.24337832542, 51.12285405123 ], [ -4.21412223449, 51.19000502245 ], [ -4.03187117626, 51.21444909984 ], [ -3.77000518207, 51.23776931161 ], [ -3.64147022521, 51.22287809205 ], [ -3.53355841441, 51.23074515144 ], [ -3.41173797023, 51.1838237615 ], [ -3.27600889265, 51.17989023181 ], [ -3.13164687021, 51.21079653655 ], [ -3.05922605497, 51.20377237638 ], [ -2.96234522927, 51.38246701111 ], [ -2.91294560033, 51.39595339863 ], [ -2.79975810101, 51.48530071599 ], [ -2.71822473285, 51.50131580118 ], [ -2.66642706367, 51.56874773881 ], [ -2.59112860014, 51.62297425532 ], [ -2.66594745563, 51.63533677722 ], [ -2.66738627977, 51.63561774363 ], [ -2.66738627977, 51.6384274077 ], [ -2.66930471196, 51.74266594462 ], [ -2.66498823953, 51.74912817197 ], [ -2.66259019929, 51.75390460089 ], [ -2.6707435361, 51.7586810298 ], [ -2.67985608902, 51.77132451811 ], [ -2.67649883268, 51.77441514859 ], [ -2.67506000854, 51.77778674547 ], [ -2.67601922463, 51.78818250252 ], [ -2.6726619683, 51.78986830096 ], [ -2.67314157634, 51.7915540994 ], [ -2.6726619683, 51.79267796503 ], [ -2.67218236025, 51.79352086425 ], [ -2.66978432001, 51.79436376347 ], [ -2.67458040049, 51.79689246113 ], [ -2.67697844073, 51.79914019238 ], [ -2.67745804878, 51.80026405801 ], [ -2.67745804878, 51.80082599082 ], [ -2.67841726487, 51.80223082286 ], [ -2.67841726487, 51.80251178926 ], [ -2.67697844073, 51.80419758771 ], [ -2.67649883268, 51.80504048693 ], [ -2.67553961658, 51.80644531896 ], [ -2.67362118439, 51.80728821818 ], [ -2.6726619683, 51.80897401662 ], [ -2.66450863148, 51.81009788225 ], [ -2.65875333491, 51.81290754632 ], [ -2.6606717671, 51.81740300882 ], [ -2.66115137515, 51.81824590805 ], [ -2.65395725443, 51.82358426977 ], [ -2.64964078199, 51.82498910181 ], [ -2.65012039004, 51.82527006821 ], [ -2.65059999809, 51.82611296744 ] ] ] ] } },
{ "type": "Feature", "properties": { "OBJECTID": 10, "ITL121CD": "TLL", "ITL121NM": "Wales", "BNG_E": 263405, "BNG_N": 242881, "LONG": -3.99417, "LAT": 52.06741, "GlobalID": "b58a7d62-aa8d-4568-bce7-1b0017c9bc44" }, "geometry": { "type": "MultiPolygon", "coordinates": [ [ [ [ -2.92013972105, 53.18065201459 ], [ -2.92109893715, 53.17699945131 ], [ -2.92301736934, 53.17531365286 ], [ -2.93404835444, 53.16941335832 ], [ -2.94028325907, 53.16660369425 ], [ -2.9455589476, 53.16604176144 ], [ -2.95083463612, 53.16604176144 ], [ -2.96282483732, 53.16210823174 ], [ -2.98152955119, 53.1562079372 ], [ -2.98392759143, 53.15761276924 ], [ -2.99016249606, 53.15761276924 ], [ -2.99208092825, 53.15676987002 ], [ -2.98728484777, 53.15115054188 ], [ -2.98440719948, 53.147778945 ], [ -2.9805703351, 53.14946474344 ], [ -2.96378405342, 53.13288772544 ], [ -2.95802875684, 53.13035902778 ], [ -2.94795698783, 53.12783033012 ], [ -2.94699777174, 53.1272683973 ], [ -2.94220169126, 53.12136810276 ], [ -2.93548717859, 53.12136810276 ], [ -2.93212992225, 53.11996327073 ], [ -2.92877266592, 53.11996327073 ], [ -2.92397658544, 53.11855843869 ], [ -2.92109893715, 53.11715360666 ], [ -2.919660113, 53.11602974103 ], [ -2.91726207276, 53.1149058754 ], [ -2.91390481643, 53.11378200978 ], [ -2.909588344, 53.11265814415 ], [ -2.90623108766, 53.11237717774 ], [ -2.89951657499, 53.11406297618 ], [ -2.89520010256, 53.11659167384 ], [ -2.89184284622, 53.11799650588 ], [ -2.89184284622, 53.1188394051 ], [ -2.88656715769, 53.12136810276 ], [ -2.88416911745, 53.12052520354 ], [ -2.88129146917, 53.12164906917 ], [ -2.88416911745, 53.11378200978 ], [ -2.88992441403, 53.10900558086 ], [ -2.89184284622, 53.10928654727 ], [ -2.89328167037, 53.10591495039 ], [ -2.89280206232, 53.10394818554 ], [ -2.89088363013, 53.10507205117 ], [ -2.88704676574, 53.10535301757 ], [ -2.89328167037, 53.09636209255 ], [ -2.8975981428, 53.09636209255 ], [ -2.89424088646, 53.09748595818 ], [ -2.89376127841, 53.098047891 ], [ -2.89711853475, 53.09889079022 ], [ -2.90239422328, 53.09270952927 ], [ -2.89376127841, 53.09158566364 ], [ -2.89184284622, 53.0898998652 ], [ -2.89088363013, 53.08737116754 ], [ -2.87553617259, 53.08147087299 ], [ -2.87937303697, 53.07781830971 ], [ -2.88081186112, 53.07388478001 ], [ -2.87553617259, 53.0733228472 ], [ -2.86930126797, 53.06967028391 ], [ -2.86786244382, 53.06686061984 ], [ -2.87026048406, 53.06489385499 ], [ -2.87026048406, 53.06433192218 ], [ -2.86402557944, 53.06320805655 ], [ -2.8616275392, 53.06067935889 ], [ -2.8616275392, 53.06039839249 ], [ -2.86450518749, 53.06067935889 ], [ -2.8726585243, 53.05871259404 ], [ -2.87026048406, 53.0567458292 ], [ -2.86642361968, 53.0570267956 ], [ -2.86690322773, 53.0567458292 ], [ -2.86018871506, 53.05477906435 ], [ -2.85922949896, 53.05421713154 ], [ -2.86594401163, 53.0528122995 ], [ -2.86546440358, 53.05196940028 ], [ -2.86594401163, 53.05168843387 ], [ -2.86834205187, 53.05000263543 ], [ -2.86498479554, 53.05196940028 ], [ -2.86306636334, 53.0485978034 ], [ -2.87026048406, 53.04522620652 ], [ -2.86930126797, 53.0446642737 ], [ -2.86498479554, 53.04494524011 ], [ -2.86642361968, 53.0443833073 ], [ -2.8625867553, 53.04410234089 ], [ -2.86690322773, 53.0404497776 ], [ -2.8625867553, 53.03904494557 ], [ -2.85827028286, 53.03848301276 ], [ -2.85635185067, 53.03286368462 ], [ -2.85827028286, 53.03089691977 ], [ -2.85922949896, 53.03061595336 ], [ -2.85970910701, 53.02555855804 ], [ -2.86114793115, 53.02274889397 ], [ -2.84148400118, 53.01431990177 ], [ -2.84052478509, 53.01038637208 ], [ -2.84052478509, 53.0072957416 ], [ -2.84004517704, 53.00701477519 ], [ -2.8386063529, 53.00532897675 ], [ -2.83716752875, 53.00195737987 ], [ -2.83572870461, 52.99774288377 ], [ -2.83428988046, 52.99661901814 ], [ -2.83237144827, 52.99605708533 ], [ -2.82853458389, 52.99549515252 ], [ -2.82373850341, 52.99324742126 ], [ -2.82373850341, 52.99352838767 ], [ -2.81942203098, 52.99437128689 ], [ -2.81702399074, 52.99352838767 ], [ -2.81318712635, 52.99240452204 ], [ -2.81270751831, 52.99268548845 ], [ -2.80695222173, 52.99184258923 ], [ -2.80407457344, 52.99156162282 ], [ -2.80359496539, 52.98959485797 ], [ -2.8016765332, 52.99043775719 ], [ -2.80119692515, 52.99099969001 ], [ -2.80071731711, 52.9907187236 ], [ -2.79736006077, 52.9907187236 ], [ -2.79736006077, 52.99128065641 ], [ -2.79208437224, 52.99212355563 ], [ -2.79448241248, 52.99296645485 ], [ -2.78393103543, 52.9946522533 ], [ -2.78441064348, 52.9949332197 ], [ -2.78345142738, 52.99549515252 ], [ -2.78057377909, 52.99577611892 ], [ -2.78153299519, 52.99521418611 ], [ -2.78153299519, 52.9946522533 ], [ -2.78153299519, 52.99409032048 ], [ -2.78057377909, 52.99409032048 ], [ -2.78057377909, 52.99380935407 ], [ -2.77817573885, 52.99380935407 ], [ -2.77577769861, 52.9946522533 ], [ -2.77481848252, 52.99437128689 ], [ -2.77146122618, 52.99409032048 ], [ -2.77146122618, 52.99324742126 ], [ -2.76858357789, 52.99380935407 ], [ -2.7666651457, 52.99409032048 ], [ -2.76522632156, 52.99380935407 ], [ -2.76426710546, 52.99352838767 ], [ -2.76234867327, 52.99156162282 ], [ -2.76090984912, 52.98987582438 ], [ -2.76186906522, 52.98931389157 ], [ -2.7537157284, 52.98622326109 ], [ -2.74796043183, 52.9865042275 ], [ -2.74556239159, 52.98706616031 ], [ -2.74172552721, 52.9865042275 ], [ -2.74028670306, 52.98566132828 ], [ -2.73932748697, 52.98594229468 ], [ -2.73740905477, 52.98481842906 ], [ -2.73692944673, 52.98453746265 ], [ -2.73644983868, 52.98453746265 ], [ -2.73453140649, 52.98509939546 ], [ -2.7316537582, 52.98453746265 ], [ -2.72877610991, 52.98453746265 ], [ -2.72685767772, 52.98313263062 ], [ -2.72685767772, 52.9822897314 ], [ -2.72637806967, 52.98172779858 ], [ -2.72637806967, 52.98144683218 ], [ -2.72685767772, 52.98088489936 ], [ -2.72973532601, 52.97976103374 ], [ -2.73021493405, 52.97779426889 ], [ -2.73213336625, 52.97695136967 ], [ -2.7316537582, 52.97554653763 ], [ -2.73117415015, 52.97386073919 ], [ -2.73309258234, 52.96767947824 ], [ -2.72733728577, 52.96627464621 ], [ -2.72685767772, 52.96486981417 ], [ -2.72829650186, 52.96206015011 ], [ -2.72685767772, 52.94576409851 ], [ -2.72541885357, 52.94042573678 ], [ -2.72637806967, 52.93789703912 ], [ -2.74460317549, 52.9244106516 ], [ -2.7786553469, 52.91008136485 ], [ -2.7786553469, 52.91036233126 ], [ -2.78153299519, 52.90867653282 ], [ -2.79304358834, 52.90109043983 ], [ -2.79400280443, 52.89799980936 ], [ -2.80023770906, 52.8954711117 ], [ -2.8016765332, 52.89687594373 ], [ -2.80407457344, 52.90333817109 ], [ -2.81030947807, 52.90755266719 ], [ -2.81798320683, 52.91766745783 ], [ -2.82134046317, 52.91907228987 ], [ -2.82229967927, 52.92019615549 ], [ -2.83476948851, 52.92974901333 ], [ -2.8386063529, 52.93227771099 ], [ -2.83956556899, 52.93368254302 ], [ -2.84004517704, 52.94183056882 ], [ -2.84244321728, 52.94211153522 ], [ -2.84675968971, 52.94379733367 ], [ -2.84915772995, 52.94492119929 ], [ -2.86018871506, 52.94435926648 ], [ -2.86354597139, 52.94464023289 ], [ -2.86786244382, 52.94492119929 ], [ -2.86978087601, 52.94464023289 ], [ -2.88368950941, 52.94660699773 ], [ -2.88752637379, 52.95250729228 ], [ -2.90143500718, 52.94660699773 ], [ -2.90479226352, 52.94407830007 ], [ -2.90910873595, 52.94183056882 ], [ -2.92445619348, 52.94239250163 ], [ -2.92733384177, 52.94183056882 ], [ -2.92877266592, 52.93873993834 ], [ -2.93069109811, 52.93930187116 ], [ -2.9326095303, 52.94070670319 ], [ -2.93452796249, 52.9409876696 ], [ -2.93644639468, 52.94183056882 ], [ -2.93692600273, 52.94211153522 ], [ -2.94316090736, 52.94492119929 ], [ -2.94651816369, 52.94604506492 ], [ -2.94939581198, 52.94660699773 ], [ -2.95131424417, 52.94773086336 ], [ -2.95994718903, 52.95166439306 ], [ -2.96138601318, 52.9533501915 ], [ -2.96234522927, 52.95447405712 ], [ -2.96234522927, 52.95503598994 ], [ -2.96282483732, 52.95587888916 ], [ -2.96474326951, 52.95615985556 ], [ -2.96618209366, 52.95728372119 ], [ -2.96905974195, 52.95896951963 ], [ -2.97097817414, 52.95925048604 ], [ -2.97193739023, 52.96121725089 ], [ -2.97097817414, 52.96206015011 ], [ -2.9685801339, 52.96430788136 ], [ -2.97529464657, 52.96880334387 ], [ -2.979611119, 52.96515078058 ], [ -2.98009072705, 52.96206015011 ], [ -2.98584602363, 52.95868855323 ], [ -3.0035915214, 52.95784565401 ], [ -3.00982642602, 52.95615985556 ], [ -3.01702054674, 52.94857376258 ], [ -3.01702054674, 52.94716893055 ], [ -3.02517388356, 52.93761607272 ], [ -3.02373505942, 52.93649220709 ], [ -3.03380682842, 52.93031094614 ], [ -3.04100094914, 52.92806321488 ], [ -3.04675624572, 52.92806321488 ], [ -3.05203193425, 52.92946804692 ], [ -3.05634840668, 52.92806321488 ], [ -3.05970566301, 52.92918708051 ], [ -3.06162409521, 52.92918708051 ], [ -3.06594056764, 52.92637741644 ], [ -3.08416567346, 52.92665838285 ], [ -3.08848214589, 52.92946804692 ], [ -3.09615587466, 52.93031094614 ], [ -3.10191117124, 52.92609645004 ], [ -3.10574803562, 52.92160098753 ], [ -3.11342176439, 52.90923846563 ], [ -3.11486058853, 52.90446203671 ], [ -3.11438098048, 52.89406627966 ], [ -3.11534019658, 52.89462821248 ], [ -3.12349353339, 52.8954711117 ], [ -3.12685078973, 52.89434724607 ], [ -3.13308569435, 52.89519014529 ], [ -3.1445962875, 52.89294241404 ], [ -3.14123903117, 52.88816598512 ], [ -3.13836138288, 52.88704211949 ], [ -3.14027981507, 52.88563728746 ], [ -3.14411667946, 52.88507535465 ], [ -3.14987197603, 52.87692732885 ], [ -3.14507589555, 52.874960564 ], [ -3.14171863922, 52.87355573197 ], [ -3.13932059898, 52.87327476556 ], [ -3.1345245185, 52.86990316868 ], [ -3.12972843802, 52.86934123586 ], [ -3.12781000583, 52.86709350461 ], [ -3.13884099093, 52.86147417647 ], [ -3.1465147197, 52.85725968037 ], [ -3.14747393579, 52.85585484834 ], [ -3.15227001627, 52.85501194912 ], [ -3.15418844846, 52.8541690499 ], [ -3.15562727261, 52.85304518427 ], [ -3.1585049209, 52.85164035224 ], [ -3.15994374504, 52.84967358739 ], [ -3.16138256918, 52.84798778895 ], [ -3.16282139333, 52.84742585613 ], [ -3.15466805651, 52.84405425925 ], [ -3.15179040822, 52.841806528 ], [ -3.15514766456, 52.83871589752 ], [ -3.1565864887, 52.83703009908 ], [ -3.16473982552, 52.82298177874 ], [ -3.16809708186, 52.81932921546 ], [ -3.16665825771, 52.81651955139 ], [ -3.16713786576, 52.81033829044 ], [ -3.16809708186, 52.80724765996 ], [ -3.16330100138, 52.80415702949 ], [ -3.16138256918, 52.80359509667 ], [ -3.15466805651, 52.80359509667 ], [ -3.15610688066, 52.80106639901 ], [ -3.16186217723, 52.79938060057 ], [ -3.1585049209, 52.79348030603 ], [ -3.14363707141, 52.78982774274 ], [ -3.14171863922, 52.78982774274 ], [ -3.13116726216, 52.78758001149 ], [ -3.12733039778, 52.78729904508 ], [ -3.1225343173, 52.78758001149 ], [ -3.11821784487, 52.78364648179 ], [ -3.11581980463, 52.78533228023 ], [ -3.11294215634, 52.78645614586 ], [ -3.10910529195, 52.78729904508 ], [ -3.10766646781, 52.79067064196 ], [ -3.10622764367, 52.79291837322 ], [ -3.10430921148, 52.79263740681 ], [ -3.0975946988, 52.79151354118 ], [ -3.09327822637, 52.79376127244 ], [ -3.09088018613, 52.79600900369 ], [ -3.08896175394, 52.79600900369 ], [ -3.08800253784, 52.7797129521 ], [ -3.08512488956, 52.77718425444 ], [ -3.08080841712, 52.77746522084 ], [ -3.07888998493, 52.77353169115 ], [ -3.07265508031, 52.76959816145 ], [ -3.06498135154, 52.7715649263 ], [ -3.06306291935, 52.77128395989 ], [ -3.06402213545, 52.76959816145 ], [ -3.06114448716, 52.76931719505 ], [ -3.05826683887, 52.77296975833 ], [ -3.05778723082, 52.77381265755 ], [ -3.05011350205, 52.77240782552 ], [ -3.05299115034, 52.76931719505 ], [ -3.04675624572, 52.76706946379 ], [ -3.04531742157, 52.76903622864 ], [ -3.04339898938, 52.76959816145 ], [ -3.039562125, 52.77016009427 ], [ -3.03524565257, 52.7676313966 ], [ -3.03332722037, 52.76650753098 ], [ -3.03476604452, 52.76622656457 ], [ -3.03668447671, 52.76454076613 ], [ -3.03572526061, 52.76397883332 ], [ -3.03284761233, 52.76594559816 ], [ -3.02901074794, 52.76594559816 ], [ -3.02613309965, 52.76706946379 ], [ -3.02181662722, 52.76454076613 ], [ -3.01893897894, 52.7676313966 ], [ -3.0165409387, 52.76622656457 ], [ -3.01078564212, 52.76145013566 ], [ -3.01126525017, 52.76004530362 ], [ -3.01318368236, 52.75554984111 ], [ -3.01702054674, 52.75330210986 ], [ -3.02181662722, 52.75245921064 ], [ -3.02133701918, 52.75161631142 ], [ -3.0165409387, 52.74852568094 ], [ -3.0146225065, 52.74852568094 ], [ -3.00550995359, 52.74768278172 ], [ -3.0026323053, 52.74627794969 ], [ -2.99495857654, 52.74431118484 ], [ -2.9906421041, 52.74206345359 ], [ -2.99304014434, 52.74009668874 ], [ -2.99351975239, 52.7384108903 ], [ -2.99591779263, 52.73897282311 ], [ -2.99735661678, 52.7384108903 ], [ -2.99639740068, 52.73616315904 ], [ -2.99112171215, 52.73363446138 ], [ -2.98728484777, 52.73335349498 ], [ -2.97145778219, 52.73503929342 ], [ -2.97193739023, 52.73560122623 ], [ -2.97097817414, 52.73503929342 ], [ -2.96953934999, 52.73335349498 ], [ -2.96905974195, 52.73194866294 ], [ -2.96666170171, 52.72913899887 ], [ -2.96570248561, 52.72885803247 ], [ -2.96186562123, 52.72548643559 ], [ -2.96186562123, 52.72492450277 ], [ -2.96186562123, 52.72380063714 ], [ -2.96138601318, 52.71874324182 ], [ -2.96282483732, 52.71537164494 ], [ -2.9676209178, 52.71424777931 ], [ -2.97721307876, 52.71705744338 ], [ -2.97721307876, 52.71958614104 ], [ -2.97721307876, 52.72042904026 ], [ -2.97625386267, 52.72464353637 ], [ -2.97769268681, 52.72661030121 ], [ -2.98200915924, 52.72576740199 ], [ -2.98488680753, 52.72295773792 ], [ -2.98584602363, 52.72239580511 ], [ -2.98920327996, 52.72267677152 ], [ -2.99735661678, 52.72099097308 ], [ -3.00311191335, 52.72099097308 ], [ -3.00838760188, 52.7221148387 ], [ -3.01845937089, 52.72127193948 ], [ -3.02037780308, 52.7218338723 ], [ -3.02373505942, 52.71986710745 ], [ -3.02517388356, 52.71480971213 ], [ -3.02181662722, 52.71059521603 ], [ -3.02277584332, 52.70806651836 ], [ -3.02229623527, 52.70666168633 ], [ -3.02613309965, 52.70357105586 ], [ -3.02949035599, 52.70272815664 ], [ -3.02996996404, 52.70188525741 ], [ -3.03188839623, 52.69991849257 ], [ -3.03188839623, 52.69654689569 ], [ -3.03428643647, 52.69345626521 ], [ -3.03716408476, 52.69261336599 ], [ -3.04148055719, 52.69261336599 ], [ -3.04339898938, 52.68783693708 ], [ -3.04339898938, 52.68390340738 ], [ -3.04291938133, 52.68081277691 ], [ -3.04579702962, 52.67547441518 ], [ -3.04196016524, 52.67575538158 ], [ -3.04291938133, 52.67210281829 ], [ -3.04291938133, 52.66873122141 ], [ -3.04339898938, 52.66788832219 ], [ -3.04483781353, 52.66564059094 ], [ -3.04867467791, 52.66311189328 ], [ -3.04867467791, 52.66198802765 ], [ -3.04867467791, 52.66030222921 ], [ -3.04867467791, 52.65749256514 ], [ -3.04531742157, 52.65664966592 ], [ -3.04483781353, 52.6558067667 ], [ -3.04675624572, 52.65496386748 ], [ -3.0505931101, 52.65271613623 ], [ -3.0515523262, 52.64822067372 ], [ -3.05826683887, 52.6473777745 ], [ -3.06066487911, 52.64597294246 ], [ -3.06210370325, 52.64569197606 ], [ -3.06785899983, 52.64541100965 ], [ -3.07313468836, 52.64428714402 ], [ -3.07697155274, 52.64316327839 ], [ -3.08368606541, 52.64119651355 ], [ -3.07936959298, 52.63979168151 ], [ -3.07409390445, 52.63866781589 ], [ -3.07265508031, 52.63726298385 ], [ -3.06785899983, 52.63613911822 ], [ -3.06450174349, 52.62995785728 ], [ -3.06977743202, 52.62911495806 ], [ -3.07217547226, 52.62883399165 ], [ -3.07313468836, 52.62771012602 ], [ -3.07217547226, 52.62602432758 ], [ -3.07984920103, 52.62349562992 ], [ -3.08272684932, 52.61956210022 ], [ -3.08272684932, 52.61815726819 ], [ -3.08224724127, 52.61675243616 ], [ -3.08272684932, 52.61562857053 ], [ -3.09279861832, 52.61000924239 ], [ -3.09279861832, 52.60832344395 ], [ -3.09135979418, 52.60551377988 ], [ -3.08944136199, 52.60326604863 ], [ -3.09423744247, 52.5979276869 ], [ -3.09471705052, 52.59848961971 ], [ -3.09711509076, 52.59877058612 ], [ -3.09903352295, 52.5979276869 ], [ -3.10047234709, 52.59764672049 ], [ -3.10095195514, 52.59652285487 ], [ -3.10191117124, 52.59539898924 ], [ -3.10574803562, 52.59483705643 ], [ -3.11150333219, 52.59118449314 ], [ -3.11342176439, 52.5897796611 ], [ -3.11534019658, 52.58837482907 ], [ -3.11581980463, 52.58753192985 ], [ -3.11677902072, 52.58696999704 ], [ -3.11725862877, 52.58668903063 ], [ -3.11677902072, 52.58612709782 ], [ -3.12061588511, 52.58668903063 ], [ -3.12205470925, 52.58753192985 ], [ -3.12397314144, 52.58753192985 ], [ -3.12589157363, 52.58668903063 ], [ -3.12733039778, 52.58612709782 ], [ -3.12781000583, 52.58640806422 ], [ -3.12876922192, 52.58640806422 ], [ -3.13308569435, 52.58584613141 ], [ -3.1335653024, 52.585565165 ], [ -3.13740216679, 52.58387936656 ], [ -3.13500412655, 52.58359840015 ], [ -3.13644295069, 52.58275550093 ], [ -3.13836138288, 52.57826003843 ], [ -3.13836138288, 52.57629327358 ], [ -3.12637118168, 52.56393075168 ], [ -3.11150333219, 52.54145343914 ], [ -3.11342176439, 52.54089150632 ], [ -3.11677902072, 52.53836280866 ], [ -3.11869745291, 52.53864377507 ], [ -3.12589157363, 52.53695797663 ], [ -3.13548373459, 52.53499121178 ], [ -3.13692255874, 52.53330541334 ], [ -3.13500412655, 52.52852898442 ], [ -3.12972843802, 52.5274051188 ], [ -3.11677902072, 52.52852898442 ], [ -3.11581980463, 52.52852898442 ], [ -3.11390137243, 52.52909091724 ], [ -3.11198294024, 52.52880995083 ], [ -3.10862568391, 52.52965285005 ], [ -3.10766646781, 52.52937188364 ], [ -3.10382960343, 52.53021478286 ], [ -3.10287038733, 52.53049574927 ], [ -3.09615587466, 52.53218154771 ], [ -3.09519665856, 52.53274348052 ], [ -3.09327822637, 52.53302444693 ], [ -3.09088018613, 52.53330541334 ], [ -3.08896175394, 52.53358637974 ], [ -3.08704332175, 52.53442927897 ], [ -3.0856044976, 52.53527217819 ], [ -3.08464528151, 52.53499121178 ], [ -3.08272684932, 52.53723894303 ], [ -3.08224724127, 52.53780087585 ], [ -3.08128802517, 52.53808184225 ], [ -3.08080841712, 52.53920570788 ], [ -3.08608410565, 52.54201537195 ], [ -3.09040057808, 52.54285827117 ], [ -3.09279861832, 52.54735373368 ], [ -3.09231901028, 52.54791566649 ], [ -3.09040057808, 52.5484775993 ], [ -3.08704332175, 52.55128726337 ], [ -3.0745735125, 52.55381596103 ], [ -3.07121625616, 52.55409692744 ], [ -3.07073664812, 52.55522079307 ], [ -3.05347075839, 52.55887335636 ], [ -3.05203193425, 52.55971625558 ], [ -3.04867467791, 52.56308785246 ], [ -3.04627663767, 52.5647736509 ], [ -3.04483781353, 52.56674041575 ], [ -3.04387859743, 52.56814524778 ], [ -3.03668447671, 52.57179781107 ], [ -3.02853113989, 52.5729216767 ], [ -3.02085741113, 52.57404554232 ], [ -3.01702054674, 52.57516940795 ], [ -3.0146225065, 52.57545037436 ], [ -3.00790799383, 52.57432650873 ], [ -3.00646916969, 52.57376457592 ], [ -3.0026323053, 52.56870718059 ], [ -3.00167308921, 52.568988147 ], [ -3.00071387311, 52.56730234856 ], [ -3.00023426506, 52.56561655012 ], [ -2.99831583287, 52.56252591964 ], [ -2.99879544092, 52.56196398683 ], [ -2.99927504897, 52.55887335636 ], [ -2.99879544092, 52.55831142354 ], [ -2.99927504897, 52.55550175947 ], [ -2.99783622482, 52.55381596103 ], [ -2.99447896849, 52.55297306181 ], [ -2.99543818458, 52.55072533056 ], [ -2.99783622482, 52.5481966329 ], [ -2.99831583287, 52.54651083446 ], [ -2.99879544092, 52.54342020398 ], [ -2.99975465702, 52.54201537195 ], [ -3.00167308921, 52.53864377507 ], [ -3.0026323053, 52.53527217819 ], [ -3.00407112945, 52.53358637974 ], [ -3.0035915214, 52.53246251412 ], [ -3.0035915214, 52.53105768208 ], [ -3.00503034554, 52.52937188364 ], [ -3.00215269726, 52.52487642113 ], [ -3.00071387311, 52.52403352191 ], [ -3.00167308921, 52.52262868988 ], [ -3.00646916969, 52.51981902581 ], [ -3.00646916969, 52.52038095863 ], [ -3.00742838578, 52.52038095863 ], [ -3.00838760188, 52.52038095863 ], [ -3.01126525017, 52.52150482425 ], [ -3.01222446626, 52.52122385785 ], [ -3.01318368236, 52.52206675707 ], [ -3.0165409387, 52.52234772347 ], [ -3.01989819503, 52.52319062269 ], [ -3.02229623527, 52.52262868988 ], [ -3.02325545137, 52.52290965629 ], [ -3.02421466746, 52.5234715891 ], [ -3.0275719238, 52.52375255551 ], [ -3.03092918013, 52.52375255551 ], [ -3.03188839623, 52.51953805941 ], [ -3.03188839623, 52.519257093 ], [ -3.03332722037, 52.51729032815 ], [ -3.03668447671, 52.51335679846 ], [ -3.03620486866, 52.51139003361 ], [ -3.03188839623, 52.50942326876 ], [ -3.03428643647, 52.50633263829 ], [ -3.03332722037, 52.50380394062 ], [ -3.02949035599, 52.50239910859 ], [ -3.04435820548, 52.50015137734 ], [ -3.05586879863, 52.49987041093 ], [ -3.06306291935, 52.49987041093 ], [ -3.09375783442, 52.49902751171 ], [ -3.11150333219, 52.4987465453 ], [ -3.11342176439, 52.49818461249 ], [ -3.11725862877, 52.49593688123 ], [ -3.11773823682, 52.49481301561 ], [ -3.12493235754, 52.49284625076 ], [ -3.12828961387, 52.49200335154 ], [ -3.14267785531, 52.49087948591 ], [ -3.1575457048, 52.48526015778 ], [ -3.17864845891, 52.47430246791 ], [ -3.1805668911, 52.4737405351 ], [ -3.20214925326, 52.47289763588 ], [ -3.20406768545, 52.47121183744 ], [ -3.20838415789, 52.47008797181 ], [ -3.21174141422, 52.46812120696 ], [ -3.21605788665, 52.4655925093 ], [ -3.22277239933, 52.4571635171 ], [ -3.22565004761, 52.45603965147 ], [ -3.22565004761, 52.45575868506 ], [ -3.22660926371, 52.45519675225 ], [ -3.22804808785, 52.45491578584 ], [ -3.23044612809, 52.45379192022 ], [ -3.23188495224, 52.45294902099 ], [ -3.23332377638, 52.45126322255 ], [ -3.23524220857, 52.4448009952 ], [ -3.23476260052, 52.44311519676 ], [ -3.23572181662, 52.44255326394 ], [ -3.23380338443, 52.4405864991 ], [ -3.23236456028, 52.44002456628 ], [ -3.23092573614, 52.44002456628 ], [ -3.2285276959, 52.43946263347 ], [ -3.229486912, 52.43777683503 ], [ -3.22996652004, 52.43524813737 ], [ -3.229486912, 52.43384330533 ], [ -3.23044612809, 52.43356233893 ], [ -3.23092573614, 52.43187654049 ], [ -3.22085396713, 52.42513334672 ], [ -3.22085396713, 52.42372851469 ], [ -3.21941514299, 52.42204271625 ], [ -3.21365984641, 52.41979498499 ], [ -3.21174141422, 52.41923305218 ], [ -3.20982298203, 52.41923305218 ], [ -3.20742494179, 52.41867111937 ], [ -3.19591434864, 52.41501855608 ], [ -3.19159787621, 52.41445662326 ], [ -3.18824061987, 52.41220889201 ], [ -3.18728140377, 52.4116469592 ], [ -3.17720963477, 52.40827536231 ], [ -3.17289316234, 52.40574666465 ], [ -3.17193394624, 52.40462279903 ], [ -3.17145433819, 52.40406086621 ], [ -3.16713786576, 52.40237506777 ], [ -3.16426021747, 52.40068926933 ], [ -3.15898452894, 52.39816057167 ], [ -3.16186217723, 52.39366510916 ], [ -3.15802531285, 52.39141737791 ], [ -3.15466805651, 52.38776481462 ], [ -3.14987197603, 52.38804578103 ], [ -3.14747393579, 52.38748384821 ], [ -3.1345245185, 52.38523611696 ], [ -3.12972843802, 52.38439321774 ], [ -3.12781000583, 52.38355031852 ], [ -3.12637118168, 52.38045968804 ], [ -3.12013627706, 52.37736905757 ], [ -3.10622764367, 52.3745593935 ], [ -3.10382960343, 52.37371649428 ], [ -3.10287038733, 52.37231166224 ], [ -3.10239077928, 52.3706258638 ], [ -3.09903352295, 52.36837813255 ], [ -3.0975946988, 52.36809716614 ], [ -3.0975946988, 52.36697330052 ], [ -3.09423744247, 52.36444460285 ], [ -3.08800253784, 52.36135397238 ], [ -3.08416567346, 52.35994914035 ], [ -3.07888998493, 52.35854430831 ], [ -3.07697155274, 52.3582633419 ], [ -3.07217547226, 52.35657754346 ], [ -3.07073664812, 52.35601561065 ], [ -3.06929782397, 52.35489174502 ], [ -3.06929782397, 52.35461077862 ], [ -3.06546095959, 52.35320594658 ], [ -3.06066487911, 52.34814855126 ], [ -3.05203193425, 52.34786758485 ], [ -3.04100094914, 52.34421502157 ], [ -3.03188839623, 52.3456198536 ], [ -3.02181662722, 52.34646275282 ], [ -3.01318368236, 52.34814855126 ], [ -3.01030603407, 52.34955338329 ], [ -3.00407112945, 52.34927241689 ], [ -3.0035915214, 52.35095821533 ], [ -2.99831583287, 52.35180111455 ], [ -2.9925605363, 52.35152014814 ], [ -2.98920327996, 52.35067724892 ], [ -2.98584602363, 52.35095821533 ], [ -2.97193739023, 52.35236304736 ], [ -2.96905974195, 52.35180111455 ], [ -2.96330444537, 52.35152014814 ], [ -2.96090640513, 52.34955338329 ], [ -2.95611032465, 52.34590082001 ], [ -2.96090640513, 52.33915762624 ], [ -2.96666170171, 52.33241443248 ], [ -2.96714130975, 52.33072863404 ], [ -2.96905974195, 52.3290428356 ], [ -2.97433543047, 52.32819993638 ], [ -2.97913151095, 52.32735703716 ], [ -2.98152955119, 52.32679510434 ], [ -2.98584602363, 52.32342350746 ], [ -2.98968288801, 52.32398544028 ], [ -2.99735661678, 52.32454737309 ], [ -3.00167308921, 52.32033287699 ], [ -3.00215269726, 52.32005191058 ], [ -3.00215269726, 52.31583741448 ], [ -3.0026323053, 52.31527548167 ], [ -3.0035915214, 52.30909422072 ], [ -3.01078564212, 52.28605497536 ], [ -3.00982642602, 52.28521207614 ], [ -3.00934681798, 52.28324531129 ], [ -3.00982642602, 52.28212144566 ], [ -3.01030603407, 52.28155951285 ], [ -3.01126525017, 52.27987371441 ], [ -3.01174485822, 52.27734501675 ], [ -3.00790799383, 52.27650211753 ], [ -3.00646916969, 52.27622115112 ], [ -3.00550995359, 52.27622115112 ], [ -2.99591779263, 52.27565921831 ], [ -2.99543818458, 52.27453535268 ], [ -2.99447896849, 52.27453535268 ], [ -2.99351975239, 52.27313052065 ], [ -2.99208092825, 52.27369245346 ], [ -2.99016249606, 52.27369245346 ], [ -2.98680523972, 52.27341148705 ], [ -2.98392759143, 52.27284955424 ], [ -2.97913151095, 52.27256858783 ], [ -2.97769268681, 52.27313052065 ], [ -2.97577425462, 52.27313052065 ], [ -2.97433543047, 52.27313052065 ], [ -2.97289660633, 52.27313052065 ], [ -2.97001895804, 52.27397341987 ], [ -2.96474326951, 52.27425438627 ], [ -2.96330444537, 52.27256858783 ], [ -2.96138601318, 52.27256858783 ], [ -2.95994718903, 52.27228762143 ], [ -2.95706954075, 52.27200665502 ], [ -2.95467150051, 52.27172568861 ], [ -2.95083463612, 52.27003989017 ], [ -2.95323267636, 52.26947795736 ], [ -2.9556307166, 52.27032085658 ], [ -2.95611032465, 52.27088278939 ], [ -2.96090640513, 52.26891602454 ], [ -2.96522287756, 52.26807312532 ], [ -2.96474326951, 52.26413959563 ], [ -2.96474326951, 52.26245379719 ], [ -2.9676209178, 52.26189186437 ], [ -2.97001895804, 52.26161089797 ], [ -2.97193739023, 52.26132993156 ], [ -2.97769268681, 52.25964413312 ], [ -2.97865190291, 52.26245379719 ], [ -2.98488680753, 52.26217283078 ], [ -2.98968288801, 52.26048703234 ], [ -2.99304014434, 52.26161089797 ], [ -2.99447896849, 52.26161089797 ], [ -2.99543818458, 52.26161089797 ], [ -3.00167308921, 52.26385862922 ], [ -3.00934681798, 52.26357766281 ], [ -3.01126525017, 52.26245379719 ], [ -3.02517388356, 52.25823930109 ], [ -3.03188839623, 52.25739640187 ], [ -3.03716408476, 52.25599156983 ], [ -3.04579702962, 52.25318190576 ], [ -3.04819506986, 52.2503722417 ], [ -3.04531742157, 52.24728161122 ], [ -3.04963389401, 52.24475291356 ], [ -3.04387859743, 52.24559581278 ], [ -3.04291938133, 52.24475291356 ], [ -3.04291938133, 52.24278614871 ], [ -3.04387859743, 52.24166228308 ], [ -3.04435820548, 52.23941455183 ], [ -3.04627663767, 52.2380097198 ], [ -3.05395036644, 52.23772875339 ], [ -3.05442997449, 52.2380097198 ], [ -3.06114448716, 52.23632392136 ], [ -3.06450174349, 52.23660488776 ], [ -3.06737939178, 52.23660488776 ], [ -3.07073664812, 52.23604295495 ], [ -3.07409390445, 52.2340761901 ], [ -3.07265508031, 52.23239039166 ], [ -3.07265508031, 52.23210942525 ], [ -3.07073664812, 52.22958072759 ], [ -3.07025704007, 52.22929976119 ], [ -3.07217547226, 52.22873782837 ], [ -3.07169586421, 52.22845686197 ], [ -3.07169586421, 52.22677106352 ], [ -3.07217547226, 52.22508526508 ], [ -3.07313468836, 52.22368043305 ], [ -3.07217547226, 52.22339946664 ], [ -3.07409390445, 52.22115173539 ], [ -3.07745116079, 52.21918497054 ], [ -3.07217547226, 52.21440854163 ], [ -3.07217547226, 52.213284676 ], [ -3.07265508031, 52.21300370959 ], [ -3.0755327286, 52.213284676 ], [ -3.0856044976, 52.2090701799 ], [ -3.08800253784, 52.20654148224 ], [ -3.10191117124, 52.20232698613 ], [ -3.10143156319, 52.20204601973 ], [ -3.10047234709, 52.20148408691 ], [ -3.0975946988, 52.19755055722 ], [ -3.0975946988, 52.196707658 ], [ -3.09711509076, 52.19558379237 ], [ -3.09567626661, 52.18940253142 ], [ -3.09711509076, 52.18603093454 ], [ -3.09711509076, 52.1843451361 ], [ -3.09711509076, 52.18406416969 ], [ -3.09471705052, 52.18378320329 ], [ -3.09663548271, 52.1804116064 ], [ -3.10047234709, 52.17844484156 ], [ -3.10287038733, 52.17704000952 ], [ -3.11246254829, 52.17366841264 ], [ -3.11246254829, 52.17310647983 ], [ -3.11246254829, 52.17282551342 ], [ -3.1215751012, 52.16692521888 ], [ -3.1225343173, 52.163553622 ], [ -3.11294215634, 52.15933912589 ], [ -3.1095849, 52.15905815949 ], [ -3.10718685976, 52.15849622667 ], [ -3.09999273904, 52.15624849542 ], [ -3.09903352295, 52.15484366339 ], [ -3.09663548271, 52.15512462979 ], [ -3.09423744247, 52.15512462979 ], [ -3.09327822637, 52.15681042823 ], [ -3.08992097004, 52.15737236105 ], [ -3.09040057808, 52.15849622667 ], [ -3.08992097004, 52.15849622667 ], [ -3.0856044976, 52.16186782356 ], [ -3.08512488956, 52.16271072278 ], [ -3.08416567346, 52.16299168918 ], [ -3.07697155274, 52.16074395793 ], [ -3.0736142964, 52.15933912589 ], [ -3.08320645736, 52.14838143603 ], [ -3.09375783442, 52.14416693993 ], [ -3.10670725171, 52.14191920867 ], [ -3.11534019658, 52.1391095446 ], [ -3.12876922192, 52.13770471257 ], [ -3.13596334264, 52.13320925006 ], [ -3.14123903117, 52.12983765318 ], [ -3.13980020703, 52.12674702271 ], [ -3.13116726216, 52.12421832504 ], [ -3.12349353339, 52.12197059379 ], [ -3.11486058853, 52.12168962738 ], [ -3.11150333219, 52.12000382894 ], [ -3.1095849, 52.11944189613 ], [ -3.10718685976, 52.11522740003 ], [ -3.10718685976, 52.11213676955 ], [ -3.10478881952, 52.10764130704 ], [ -3.10910529195, 52.10455067657 ], [ -3.11725862877, 52.10398874376 ], [ -3.11869745291, 52.10398874376 ], [ -3.1215751012, 52.10398874376 ], [ -3.1225343173, 52.10286487813 ], [ -3.12109549315, 52.09415491952 ], [ -3.12061588511, 52.09303105389 ], [ -3.11965666901, 52.09078332264 ], [ -3.11917706096, 52.08994042342 ], [ -3.11869745291, 52.08881655779 ], [ -3.12541196559, 52.07982563277 ], [ -3.12205470925, 52.07645403589 ], [ -3.1215751012, 52.07476823745 ], [ -3.12061588511, 52.07448727104 ], [ -3.11965666901, 52.0728014726 ], [ -3.11821784487, 52.07027277494 ], [ -3.11869745291, 52.0685869765 ], [ -3.11725862877, 52.06662021165 ], [ -3.11629941267, 52.06633924524 ], [ -3.11150333219, 52.06409151399 ], [ -3.11006450805, 52.06324861477 ], [ -3.10670725171, 52.05987701789 ], [ -3.10095195514, 52.05734832023 ], [ -3.09615587466, 52.05369575694 ], [ -3.09088018613, 52.05088609287 ], [ -3.09279861832, 52.04863836162 ], [ -3.08608410565, 52.04020936941 ], [ -3.09135979418, 52.03430907487 ], [ -3.09279861832, 52.03178037721 ], [ -3.09279861832, 52.03093747799 ], [ -3.08704332175, 52.01379852717 ], [ -3.08416567346, 52.00424566934 ], [ -3.07888998493, 51.99750247558 ], [ -3.07265508031, 51.99216411385 ], [ -3.06785899983, 51.98345415524 ], [ -3.06737939178, 51.98317318883 ], [ -3.05970566301, 51.97867772632 ], [ -3.05682801473, 51.97530612944 ], [ -3.0515523262, 51.97221549897 ], [ -3.03812330085, 51.9651913388 ], [ -3.03572526061, 51.95985297707 ], [ -3.02853113989, 51.95816717863 ], [ -3.02229623527, 51.95254785049 ], [ -3.02229623527, 51.95142398487 ], [ -3.02229623527, 51.95114301846 ], [ -3.02133701918, 51.95001915283 ], [ -3.01893897894, 51.94805238798 ], [ -3.01174485822, 51.94271402626 ], [ -3.01126525017, 51.94187112703 ], [ -3.00982642602, 51.93990436219 ], [ -3.00934681798, 51.93934242937 ], [ -3.00838760188, 51.93765663093 ], [ -3.00407112945, 51.92501314263 ], [ -3.00071387311, 51.92360831059 ], [ -2.99879544092, 51.92360831059 ], [ -2.98872367191, 51.92529410903 ], [ -2.98680523972, 51.92557507544 ], [ -2.98632563167, 51.92557507544 ], [ -2.98344798339, 51.92585604185 ], [ -2.98344798339, 51.92613700825 ], [ -2.9805703351, 51.92726087388 ], [ -2.98009072705, 51.92754184029 ], [ -2.979611119, 51.92726087388 ], [ -2.97913151095, 51.92697990747 ], [ -2.97865190291, 51.92697990747 ], [ -2.97433543047, 51.92501314263 ], [ -2.97481503852, 51.92417024341 ], [ -2.97625386267, 51.92107961293 ], [ -2.97337621438, 51.91798898246 ], [ -2.97385582243, 51.91658415042 ], [ -2.97289660633, 51.91461738558 ], [ -2.97385582243, 51.9115267551 ], [ -2.97241699828, 51.91124578869 ], [ -2.97241699828, 51.91068385588 ], [ -2.97433543047, 51.90984095666 ], [ -2.97289660633, 51.90899805744 ], [ -2.97289660633, 51.90759322541 ], [ -2.97241699828, 51.90675032619 ], [ -2.97193739023, 51.90506452774 ], [ -2.96810052585, 51.90450259493 ], [ -2.96090640513, 51.90675032619 ], [ -2.95802875684, 51.90675032619 ], [ -2.95754914879, 51.90675032619 ], [ -2.95611032465, 51.90646935978 ], [ -2.95227346027, 51.90646935978 ], [ -2.95035502807, 51.90843612463 ], [ -2.94891620393, 51.90927902385 ], [ -2.94507933955, 51.90955999025 ], [ -2.9436405154, 51.90927902385 ], [ -2.94220169126, 51.90955999025 ], [ -2.94172208321, 51.90984095666 ], [ -2.93740561078, 51.91236965432 ], [ -2.93452796249, 51.91405545276 ], [ -2.93404835444, 51.91489835198 ], [ -2.93212992225, 51.91489835198 ], [ -2.93021149006, 51.91489835198 ], [ -2.92829305787, 51.91377448636 ], [ -2.92013972105, 51.91742704964 ], [ -2.91822128886, 51.91742704964 ], [ -2.91534364057, 51.91826994886 ], [ -2.91294560033, 51.92023671371 ], [ -2.909588344, 51.92051768012 ], [ -2.90910873595, 51.92079864653 ], [ -2.90814951985, 51.92164154575 ], [ -2.90527187157, 51.92360831059 ], [ -2.90335343937, 51.92501314263 ], [ -2.90287383133, 51.92501314263 ], [ -2.90191461523, 51.92557507544 ], [ -2.90095539913, 51.92585604185 ], [ -2.89999618304, 51.92557507544 ], [ -2.89855735889, 51.92529410903 ], [ -2.8975981428, 51.92557507544 ], [ -2.8966389267, 51.92529410903 ], [ -2.89567971061, 51.92529410903 ], [ -2.89520010256, 51.92529410903 ], [ -2.89424088646, 51.92501314263 ], [ -2.88992441403, 51.92697990747 ], [ -2.88704676574, 51.9281037731 ], [ -2.88896519793, 51.93119440358 ], [ -2.88896519793, 51.9323182692 ], [ -2.88848558989, 51.93344213483 ], [ -2.88656715769, 51.93372310124 ], [ -2.88512833355, 51.93428503405 ], [ -2.88320990136, 51.93428503405 ], [ -2.88177107721, 51.93400406764 ], [ -2.87889342893, 51.93400406764 ], [ -2.87553617259, 51.93316116842 ], [ -2.87457695649, 51.9323182692 ], [ -2.87169930821, 51.92950860514 ], [ -2.87169930821, 51.92866570592 ], [ -2.87026048406, 51.92669894107 ], [ -2.86690322773, 51.92697990747 ], [ -2.86210714725, 51.92726087388 ], [ -2.85922949896, 51.9278228067 ], [ -2.85779067482, 51.92726087388 ], [ -2.85683145872, 51.92557507544 ], [ -2.85491302653, 51.92445120981 ], [ -2.84771890581, 51.92360831059 ], [ -2.84675968971, 51.92332734419 ], [ -2.84532086557, 51.92136057934 ], [ -2.84628008166, 51.92051768012 ], [ -2.84819851386, 51.9196747809 ], [ -2.85107616214, 51.91883188168 ], [ -2.85587224262, 51.91826994886 ], [ -2.8625867553, 51.91742704964 ], [ -2.86402557944, 51.91658415042 ], [ -2.8625867553, 51.91461738558 ], [ -2.8616275392, 51.91377448636 ], [ -2.8606683231, 51.91377448636 ], [ -2.85970910701, 51.91405545276 ], [ -2.85539263458, 51.91433641917 ], [ -2.85539263458, 51.91377448636 ], [ -2.85491302653, 51.91321255354 ], [ -2.85395381043, 51.91321255354 ], [ -2.85395381043, 51.91377448636 ], [ -2.85395381043, 51.91405545276 ], [ -2.85347420238, 51.91461738558 ], [ -2.85347420238, 51.91517931839 ], [ -2.85347420238, 51.9157412512 ], [ -2.84771890581, 51.91686511683 ], [ -2.84628008166, 51.91630318402 ], [ -2.84532086557, 51.91517931839 ], [ -2.84484125752, 51.9154602848 ], [ -2.84436164947, 51.91658415042 ], [ -2.84388204142, 51.91742704964 ], [ -2.84244321728, 51.91798898246 ], [ -2.84148400118, 51.91742704964 ], [ -2.83956556899, 51.91461738558 ], [ -2.83716752875, 51.91405545276 ], [ -2.83716752875, 51.91321255354 ], [ -2.83620831266, 51.90955999025 ], [ -2.81798320683, 51.90394066212 ], [ -2.81558516659, 51.8991642332 ], [ -2.8016765332, 51.89242103944 ], [ -2.80119692515, 51.89017330818 ], [ -2.79927849296, 51.89045427459 ], [ -2.79831927687, 51.88989234178 ], [ -2.79736006077, 51.88848750974 ], [ -2.79640084467, 51.88848750974 ], [ -2.79256398029, 51.88764461052 ], [ -2.79160476419, 51.8865207449 ], [ -2.78680868372, 51.88483494646 ], [ -2.78441064348, 51.88427301364 ], [ -2.78345142738, 51.88427301364 ], [ -2.78201260324, 51.88399204724 ], [ -2.78153299519, 51.88427301364 ], [ -2.77625730666, 51.88174431598 ], [ -2.77529809056, 51.88202528239 ], [ -2.77481848252, 51.88174431598 ], [ -2.77050201008, 51.88062045035 ], [ -2.76858357789, 51.88062045035 ], [ -2.76810396984, 51.88033948395 ], [ -2.76954279399, 51.87977755113 ], [ -2.77002240204, 51.87949658473 ], [ -2.77050201008, 51.87921561832 ], [ -2.77050201008, 51.87893465191 ], [ -2.77050201008, 51.87865368551 ], [ -2.77098161813, 51.8783727191 ], [ -2.77242044228, 51.87724885347 ], [ -2.77337965837, 51.87612498784 ], [ -2.77433887447, 51.8744391894 ], [ -2.77721652276, 51.87219145815 ], [ -2.77673691471, 51.87106759252 ], [ -2.7786553469, 51.86797696205 ], [ -2.77913495495, 51.86685309642 ], [ -2.77625730666, 51.86376246595 ], [ -2.76954279399, 51.86235763391 ], [ -2.76810396984, 51.86010990266 ], [ -2.76618553765, 51.85870507062 ], [ -2.76474671351, 51.85814313781 ], [ -2.76474671351, 51.857581205 ], [ -2.76426710546, 51.85673830578 ], [ -2.76282828132, 51.85477154093 ], [ -2.76234867327, 51.8536476753 ], [ -2.76043024108, 51.85168091045 ], [ -2.75755259279, 51.84915221279 ], [ -2.75755259279, 51.84830931357 ], [ -2.75755259279, 51.84774738076 ], [ -2.75755259279, 51.84718544794 ], [ -2.75707298474, 51.84606158232 ], [ -2.74316435135, 51.84184708622 ], [ -2.7426847433, 51.84184708622 ], [ -2.74124591916, 51.84240901903 ], [ -2.74028670306, 51.84156611981 ], [ -2.74028670306, 51.8412851534 ], [ -2.73644983868, 51.83903742215 ], [ -2.73501101453, 51.83931838855 ], [ -2.73357219039, 51.83988032137 ], [ -2.73261297429, 51.84072322059 ], [ -2.7316537582, 51.8412851534 ], [ -2.73021493405, 51.841004187 ], [ -2.72781689381, 51.84016128778 ], [ -2.719663557, 51.84887124639 ], [ -2.7187043409, 51.84690448154 ], [ -2.71822473285, 51.8454996495 ], [ -2.71630630066, 51.84072322059 ], [ -2.71294904433, 51.83988032137 ], [ -2.71007139604, 51.83903742215 ], [ -2.7067141397, 51.84016128778 ], [ -2.7067141397, 51.84044225418 ], [ -2.7067141397, 51.8412851534 ], [ -2.70719374775, 51.84156611981 ], [ -2.70719374775, 51.84240901903 ], [ -2.70719374775, 51.84268998544 ], [ -2.70575492361, 51.84493771669 ], [ -2.70527531556, 51.8452186831 ], [ -2.69952001898, 51.84353288466 ], [ -2.69520354655, 51.84184708622 ], [ -2.6947239385, 51.84072322059 ], [ -2.69424433046, 51.83903742215 ], [ -2.69328511436, 51.83763259011 ], [ -2.69328511436, 51.83735162371 ], [ -2.69328511436, 51.8370706573 ], [ -2.68848903388, 51.83313712761 ], [ -2.68705020974, 51.83313712761 ], [ -2.68705020974, 51.83369906042 ], [ -2.6827337373, 51.83763259011 ], [ -2.67841726487, 51.8370706573 ], [ -2.65827372686, 51.83257519479 ], [ -2.65779411881, 51.82807973228 ], [ -2.65059999809, 51.82611296744 ], [ -2.65012039004, 51.82527006821 ], [ -2.64964078199, 51.82498910181 ], [ -2.65395725443, 51.82358426977 ], [ -2.66115137515, 51.81824590805 ], [ -2.6606717671, 51.81740300882 ], [ -2.65875333491, 51.81290754632 ], [ -2.66450863148, 51.81009788225 ], [ -2.6726619683, 51.80897401662 ], [ -2.67362118439, 51.80728821818 ], [ -2.67553961658, 51.80644531896 ], [ -2.67649883268, 51.80504048693 ], [ -2.67697844073, 51.80419758771 ], [ -2.67841726487, 51.80251178926 ], [ -2.67841726487, 51.80223082286 ], [ -2.67745804878, 51.80082599082 ], [ -2.67745804878, 51.80026405801 ], [ -2.67697844073, 51.79914019238 ], [ -2.67458040049, 51.79689246113 ], [ -2.66978432001, 51.79436376347 ], [ -2.67218236025, 51.79352086425 ], [ -2.6726619683, 51.79267796503 ], [ -2.67314157634, 51.7915540994 ], [ -2.6726619683, 51.78986830096 ], [ -2.67601922463, 51.78818250252 ], [ -2.67506000854, 51.77778674547 ], [ -2.67649883268, 51.77441514859 ], [ -2.67985608902, 51.77132451811 ], [ -2.6707435361, 51.7586810298 ], [ -2.66259019929, 51.75390460089 ], [ -2.66498823953, 51.74912817197 ], [ -2.66930471196, 51.74266594462 ], [ -2.66738627977, 51.6384274077 ], [ -2.66738627977, 51.63561774363 ], [ -2.66594745563, 51.63533677722 ], [ -2.65779411881, 51.6221313561 ], [ -2.75611376864, 51.57858156305 ], [ -2.90814951985, 51.53278403874 ], [ -2.97817229486, 51.54233689657 ], [ -3.12301392535, 51.48923424569 ], [ -3.17097473014, 51.42714066979 ], [ -3.34171519522, 51.38106217907 ], [ -3.55897764096, 51.40129176036 ], [ -3.65873611494, 51.47996235426 ], [ -3.72060555312, 51.47968138786 ], [ -3.80405735347, 51.58363895837 ], [ -3.85105894217, 51.61847879281 ], [ -3.96136879321, 51.61173559905 ], [ -4.00645194972, 51.56762387318 ], [ -4.11676180075, 51.57015257085 ], [ -4.21556105863, 51.54121303095 ], [ -4.27167520025, 51.55526135129 ], [ -4.3062069797, 51.60836400217 ], [ -4.25488891857, 51.63084131471 ], [ -4.16951868603, 51.62437908736 ], [ -4.18246810332, 51.68085333512 ], [ -4.2831857934, 51.667647914 ], [ -4.37958701104, 51.72721279224 ], [ -4.55896042099, 51.7421040118 ], [ -4.65392281448, 51.73283212038 ], [ -4.7210679412, 51.65163282882 ], [ -4.86063388316, 51.64713736631 ], [ -4.94456529156, 51.5971253459 ], [ -5.05055867016, 51.64123707176 ], [ -5.03425199653, 51.71119770706 ], [ -5.15655204876, 51.7128835055 ], [ -5.20547206966, 51.73817048211 ], [ -5.10331555544, 51.80504048693 ], [ -5.13401047051, 51.86263860032 ], [ -5.22945247206, 51.87331532378 ], [ -5.30331211144, 51.9033787293 ], [ -5.08652927376, 51.96800100287 ], [ -5.06350808746, 52.03206134362 ], [ -4.93593234669, 52.006774367 ], [ -4.78533541963, 52.06156281633 ], [ -4.73018049411, 52.1180370641 ], [ -4.64337143743, 52.13798567898 ], [ -4.51867334496, 52.1348950485 ], [ -4.37862779495, 52.21440854163 ], [ -4.32491169357, 52.21356564241 ], [ -4.20740772182, 52.26357766281 ], [ -4.12731317781, 52.33887665984 ], [ -4.05297393037, 52.47964082964 ], [ -4.05872922695, 52.52880995083 ], [ -4.1282723939, 52.61338083927 ], [ -4.05153510623, 52.70385202226 ], [ -4.14985475606, 52.80724765996 ], [ -4.11963944904, 52.84517812488 ], [ -4.1522527963, 52.90642880156 ], [ -4.21795909887, 52.91879132346 ], [ -4.41699643878, 52.8873230859 ], [ -4.46495724358, 52.86793640383 ], [ -4.51483648057, 52.79291837322 ], [ -4.61123769821, 52.82438661078 ], [ -4.64289182938, 52.80022349979 ], [ -4.76663070576, 52.79404223884 ], [ -4.64864712596, 52.90614783515 ], [ -4.5201121691, 52.94014477038 ], [ -4.35368817645, 53.03342561743 ], [ -4.31148266823, 53.1272683973 ], [ -4.12251709733, 53.23712626236 ], [ -4.03091196016, 53.23740722877 ], [ -3.83762991683, 53.29556727497 ], [ -3.77815851888, 53.32900227738 ], [ -3.71485025655, 53.29472437575 ], [ -3.60118314918, 53.29163374528 ], [ -3.36089951714, 53.35372732118 ], [ -3.20119003717, 53.29360051012 ], [ -3.06929782397, 53.22982113578 ], [ -2.92013972105, 53.18065201459 ] ] ], [ [ [ -3.02613309965, 53.24836491863 ], [ -2.94891620393, 53.21071542012 ], [ -2.93548717859, 53.19638613337 ], [ -2.92493580153, 53.19104777164 ], [ -2.9206193291, 53.18374264507 ], [ -2.9206193291, 53.18289974585 ], [ -3.06546095959, 53.22954016938 ], [ -3.0856044976, 53.25651294443 ], [ -3.02613309965, 53.24836491863 ] ] ], [ [ [ -4.32874855796, 53.12642549808 ], [ -4.40644506173, 53.1438454153 ], [ -4.55272551636, 53.24864588504 ], [ -4.58294082338, 53.3256306805 ], [ -4.57334866242, 53.404020308 ], [ -4.4361807607, 53.42818341898 ], [ -4.27407324049, 53.40233450955 ], [ -4.2011728172, 53.29556727497 ], [ -4.11915984099, 53.31916845314 ], [ -4.08750570983, 53.26325613819 ], [ -4.21460184254, 53.20481512558 ], [ -4.32874855796, 53.12642549808 ] ] ] ] } },
{ "type": "Feature", "properties": { "OBJECTID": 11, "ITL121CD": "TLM", "ITL121NM": "Scotland", "BNG_E": 277744, "BNG_N": 700060, "LONG": -3.97094, "LAT": 56.17743, "GlobalID": "4ffe81bc-2979-4603-8b1e-cf7648878a72" }, "geometry": { "type": "MultiPolygon", "coordinates": [ [ [ [ -2.06020249103, 55.8026305228 ], [ -2.08178485319, 55.79392056419 ], [ -2.08610132562, 55.79307766497 ], [ -2.08849936586, 55.78689640402 ], [ -2.08562171757, 55.76273329304 ], [ -2.11247976826, 55.74671820785 ], [ -2.11919428093, 55.74250371175 ], [ -2.11919428093, 55.74166081253 ], [ -2.13646017066, 55.74025598049 ], [ -2.14797076381, 55.72957925704 ], [ -2.17338999035, 55.72058833202 ], [ -2.17722685474, 55.71665480232 ], [ -2.17243077426, 55.71075450778 ], [ -2.16715508573, 55.70597807887 ], [ -2.18394136741, 55.70148261636 ], [ -2.18633940765, 55.69979681792 ], [ -2.18969666399, 55.69586328822 ], [ -2.19209470423, 55.69558232181 ], [ -2.20504412152, 55.68631043039 ], [ -2.21991197101, 55.67366694208 ], [ -2.21703432272, 55.66692374832 ], [ -2.22998374002, 55.66242828581 ], [ -2.2338206044, 55.65821378971 ], [ -2.23190217221, 55.64500836859 ], [ -2.2458108056, 55.63938904046 ], [ -2.31487436451, 55.64360353656 ], [ -2.3158335806, 55.64332257015 ], [ -2.32590534961, 55.6371413092 ], [ -2.3278237818, 55.63601744357 ], [ -2.33597711862, 55.63208391388 ], [ -2.32830338985, 55.62730748496 ], [ -2.31103750012, 55.6289932834 ], [ -2.30863945988, 55.6289932834 ], [ -2.28849592187, 55.59808697866 ], [ -2.29041435406, 55.58965798645 ], [ -2.25971943899, 55.56493294265 ], [ -2.25732139875, 55.5626852114 ], [ -2.23525942854, 55.54835592465 ], [ -2.23238178026, 55.54470336137 ], [ -2.22758569978, 55.52840730977 ], [ -2.22662648368, 55.51941638475 ], [ -2.22902452392, 55.50958256052 ], [ -2.22039157906, 55.50621096363 ], [ -2.20552372957, 55.49160071048 ], [ -2.20216647323, 55.4882291136 ], [ -2.20552372957, 55.4800810878 ], [ -2.20360529738, 55.47867625577 ], [ -2.19545196056, 55.47530465889 ], [ -2.16859390987, 55.46912339794 ], [ -2.16667547768, 55.4674375995 ], [ -2.19401313642, 55.44524125336 ], [ -2.19832960885, 55.44215062289 ], [ -2.26451551947, 55.42866423536 ], [ -2.27075042409, 55.42950713458 ], [ -2.27410768043, 55.42585457129 ], [ -2.32302770132, 55.40759175485 ], [ -2.33070143009, 55.4095585197 ], [ -2.33214025423, 55.4098394861 ], [ -2.33309947033, 55.40422015797 ], [ -2.33597711862, 55.38623830793 ], [ -2.34604888763, 55.37303288681 ], [ -2.34317123934, 55.37078515556 ], [ -2.33741594276, 55.36741355868 ], [ -2.36427399345, 55.35870360007 ], [ -2.37290693831, 55.35505103678 ], [ -2.3748253705, 55.35364620475 ], [ -2.39017282804, 55.34802687661 ], [ -2.39928538095, 55.35055557427 ], [ -2.40264263729, 55.35448910397 ], [ -2.42614343164, 55.35814166725 ], [ -2.42902107993, 55.35645586881 ], [ -2.43909284893, 55.35954649929 ], [ -2.44053167308, 55.35926553288 ], [ -2.45156265818, 55.35645586881 ], [ -2.47122658815, 55.35392717115 ], [ -2.47506345253, 55.35477007037 ], [ -2.49520699055, 55.3474649438 ], [ -2.50192150322, 55.33706918674 ], [ -2.5067175837, 55.33397855627 ], [ -2.52014660904, 55.3230208664 ], [ -2.53645328267, 55.32105410156 ], [ -2.55899486093, 55.31515380701 ], [ -2.56522976555, 55.30588191559 ], [ -2.57098506213, 55.30138645308 ], [ -2.57338310237, 55.29689099057 ], [ -2.58297526333, 55.29351939369 ], [ -2.59016938404, 55.29127166244 ], [ -2.60503723353, 55.28537136789 ], [ -2.61079253011, 55.28087590539 ], [ -2.6136701784, 55.27834720772 ], [ -2.61846625888, 55.27497561084 ], [ -2.62326233936, 55.27188498037 ], [ -2.62661959569, 55.26233212254 ], [ -2.64052822908, 55.25643182799 ], [ -2.62949724398, 55.25137443267 ], [ -2.61510900254, 55.2482838022 ], [ -2.62038469107, 55.24715993657 ], [ -2.62422155545, 55.24631703735 ], [ -2.63045646007, 55.24491220532 ], [ -2.63141567617, 55.24182157484 ], [ -2.63189528422, 55.23760707874 ], [ -2.63237489227, 55.23676417952 ], [ -2.63381371641, 55.23226871701 ], [ -2.63477293251, 55.22552552325 ], [ -2.63141567617, 55.2235587584 ], [ -2.64148744518, 55.22103006074 ], [ -2.66690667172, 55.22159199355 ], [ -2.68129491316, 55.19855274819 ], [ -2.6836929534, 55.19574308413 ], [ -2.68513177754, 55.19546211772 ], [ -2.68992785802, 55.18899989036 ], [ -2.69376472241, 55.18450442785 ], [ -2.69760158679, 55.18085186457 ], [ -2.72014316505, 55.17045610751 ], [ -2.72254120529, 55.16933224189 ], [ -2.72925571796, 55.16820837626 ], [ -2.73501101453, 55.1656796786 ], [ -2.73501101453, 55.16455581297 ], [ -2.73692944673, 55.16343194734 ], [ -2.7426847433, 55.16118421609 ], [ -2.74508278354, 55.16034131687 ], [ -2.75131768816, 55.15640778718 ], [ -2.75419533645, 55.15640778718 ], [ -2.76138945717, 55.15359812311 ], [ -2.7657059296, 55.15247425748 ], [ -2.76618553765, 55.15106942545 ], [ -2.76954279399, 55.15050749263 ], [ -2.77002240204, 55.14994555982 ], [ -2.77481848252, 55.14825976138 ], [ -2.78489025152, 55.14179753402 ], [ -2.789686332, 55.14179753402 ], [ -2.79256398029, 55.14039270199 ], [ -2.79352319639, 55.13954980277 ], [ -2.80935026197, 55.13702110511 ], [ -2.81270751831, 55.13617820589 ], [ -2.81702399074, 55.13786400433 ], [ -2.83285105632, 55.1325256426 ], [ -2.82757536779, 55.12493954961 ], [ -2.8376471368, 55.11763442304 ], [ -2.84388204142, 55.11679152382 ], [ -2.85011694605, 55.11117219568 ], [ -2.87169930821, 55.10302416988 ], [ -2.87121970016, 55.10021450582 ], [ -2.87889342893, 55.09487614409 ], [ -2.8856079416, 55.08869488314 ], [ -2.88368950941, 55.08757101751 ], [ -2.88992441403, 55.0872900511 ], [ -2.89088363013, 55.08813295032 ], [ -2.91534364057, 55.0788610589 ], [ -2.92637462568, 55.0704320667 ], [ -2.93740561078, 55.0704320667 ], [ -2.93740561078, 55.06059824246 ], [ -2.93884443492, 55.05919341042 ], [ -2.9565899327, 55.05357408229 ], [ -2.96474326951, 55.05020248541 ], [ -3.00023426506, 55.05245021666 ], [ -3.03428643647, 55.05554084714 ], [ -3.04339898938, 55.05554084714 ], [ -3.05107271815, 55.05273118307 ], [ -3.05347075839, 55.04964055259 ], [ -3.04915428596, 55.04851668697 ], [ -3.04675624572, 55.04739282134 ], [ -3.04387859743, 55.0457070229 ], [ -3.04196016524, 55.04458315727 ], [ -3.03812330085, 55.04121156039 ], [ -3.03380682842, 55.03896382913 ], [ -3.02805153185, 55.03418740022 ], [ -3.03428643647, 55.02407260957 ], [ -3.03668447671, 55.02182487832 ], [ -3.03764369281, 55.02210584473 ], [ -3.04004173305, 55.02126294551 ], [ -3.04148055719, 55.02042004629 ], [ -3.03908251695, 55.01648651659 ], [ -3.04148055719, 55.01620555018 ], [ -3.04291938133, 55.01339588612 ], [ -3.04483781353, 55.00609075954 ], [ -3.04627663767, 55.0004714314 ], [ -3.05251154229, 54.99457113686 ], [ -3.05203193425, 54.99316630483 ], [ -3.05778723082, 54.99007567435 ], [ -3.14603511165, 54.96450773133 ], [ -3.32876577793, 54.97855605167 ], [ -3.48655682571, 54.96563159696 ], [ -3.57624353068, 54.98052281652 ], [ -3.59734628479, 54.87235074991 ], [ -3.72300359336, 54.88106070852 ], [ -3.84338521341, 54.81503360292 ], [ -3.9632872254, 54.77204574268 ], [ -4.13882377096, 54.77597927237 ], [ -4.21028537011, 54.81559553573 ], [ -4.42035369512, 54.88696100306 ], [ -4.40692466978, 54.82458646075 ], [ -4.35464739255, 54.81334780448 ], [ -4.35129013621, 54.70573767068 ], [ -4.39205682029, 54.67764103 ], [ -4.57190983828, 54.73832977386 ], [ -4.58533886362, 54.76530254892 ], [ -4.70859813195, 54.82402452794 ], [ -4.85439897854, 54.85689759753 ], [ -4.96087196519, 54.80267108102 ], [ -4.88221624532, 54.66893107139 ], [ -4.99252609636, 54.73495817698 ], [ -5.00115904122, 54.7728886419 ], [ -5.13640851075, 54.84987343736 ], [ -5.18484892359, 54.91533861015 ], [ -5.16902185801, 55.000190465 ], [ -5.0759778967, 54.9959759689 ], [ -5.06830416794, 54.93332046018 ], [ -4.99588335269, 54.93641109065 ], [ -5.06015083112, 55.0251964752 ], [ -4.99156688026, 55.14348333246 ], [ -4.86015427511, 55.22749228809 ], [ -4.84528642563, 55.32583053047 ], [ -4.77526365062, 55.35926553288 ], [ -4.76950835405, 55.40056759468 ], [ -4.64912673401, 55.44383642133 ], [ -4.62035025113, 55.49834390424 ], [ -4.7100369561, 55.6124162654 ], [ -4.8150711186, 55.64781803266 ], [ -4.90571703967, 55.6992348851 ], [ -4.85727662683, 55.74699917426 ], [ -4.88653271775, 55.81639787674 ], [ -4.87885898899, 55.94227082698 ], [ -4.98820962392, 55.8644431323 ], [ -5.07357985646, 55.90630712691 ], [ -5.19444108455, 55.93637053244 ], [ -5.31578192069, 55.85798090494 ], [ -5.34791565991, 55.92766057383 ], [ -5.34168075528, 55.99509251146 ], [ -5.45055178217, 56.00801696617 ], [ -5.41937725905, 55.89647330267 ], [ -5.3148227046, 55.78464867277 ], [ -5.45055178217, 55.70625904527 ], [ -5.51769690889, 55.48485751672 ], [ -5.55846359297, 55.43512646272 ], [ -5.51673769279, 55.36909935712 ], [ -5.60354674948, 55.30756771403 ], [ -5.798747225, 55.29941968823 ], [ -5.79682879281, 55.38960990481 ], [ -5.71625464075, 55.44243158929 ], [ -5.6927538464, 55.5874102552 ], [ -5.66301814743, 55.66776664754 ], [ -5.55558594468, 55.77987224385 ], [ -5.66301814743, 55.7984160267 ], [ -5.7057032637, 55.96699587078 ], [ -5.51721730084, 56.16901071726 ], [ -5.60066910119, 56.16114365787 ], [ -5.53640162276, 56.24515261351 ], [ -5.59491380461, 56.26482026198 ], [ -5.57764791489, 56.33365703165 ], [ -5.48652238577, 56.42609497948 ], [ -5.40067254518, 56.4721734702 ], [ -5.43520432464, 56.52106162498 ], [ -5.36278350939, 56.60169898373 ], [ -5.22369717548, 56.68626987217 ], [ -5.23952424106, 56.71858100895 ], [ -5.43424510854, 56.64272007912 ], [ -5.55990241711, 56.54466280315 ], [ -5.69035580616, 56.49942721165 ], [ -5.77140956627, 56.53258124766 ], [ -5.90474060361, 56.5511250305 ], [ -6.0006622132, 56.61968083376 ], [ -6.00018260515, 56.64890134007 ], [ -5.83903430103, 56.67475024949 ], [ -6.18818895996, 56.68823663702 ], [ -6.22607799575, 56.7247622699 ], [ -6.11816618495, 56.76550239889 ], [ -5.94598689573, 56.77730298797 ], [ -5.78579780771, 56.83658689981 ], [ -5.8826786334, 56.92256262029 ], [ -5.79730840086, 57.06164099165 ], [ -5.62369028749, 57.2125199521 ], [ -5.59491380461, 57.27320869597 ], [ -5.72872445, 57.29765277336 ], [ -5.6337620565, 57.37997593055 ], [ -5.78579780771, 57.34682189455 ], [ -5.82800331593, 57.37829013211 ], [ -5.81649272278, 57.44375530489 ], [ -5.87308647244, 57.47409967683 ], [ -5.85438175857, 57.54855577463 ], [ -5.77188917432, 57.63228376385 ], [ -5.81313546644, 57.75057062111 ], [ -5.80785977791, 57.86127138539 ], [ -5.70042757517, 57.87026231041 ], [ -5.6208126392, 57.9236459277 ], [ -5.53592201471, 57.86717167993 ], [ -5.45199060632, 57.85312335959 ], [ -5.42225490734, 57.90847374173 ], [ -5.19971677308, 57.92870332302 ], [ -5.19204304431, 57.95736189651 ], [ -5.30714897583, 57.9857395036 ], [ -5.45774590289, 58.07705358581 ], [ -5.29276073439, 58.07396295533 ], [ -5.27021915613, 58.14785712032 ], [ -5.3608650772, 58.21669388998 ], [ -5.11626497273, 58.27991133151 ], [ -5.17046068215, 58.32261822535 ], [ -5.14600067171, 58.41112264349 ], [ -5.06111004722, 58.46310142874 ], [ -5.11722418883, 58.51536118041 ], [ -5.05151788626, 58.54205298905 ], [ -5.00691433779, 58.62578097828 ], [ -4.87550173265, 58.61313748997 ], [ -4.75032403213, 58.58223118523 ], [ -4.65200438229, 58.53474786248 ], [ -4.59828828092, 58.57127349536 ], [ -4.49900941499, 58.57604992428 ], [ -4.40932271002, 58.52154244136 ], [ -4.29901285898, 58.54289588827 ], [ -4.24193950127, 58.52435210543 ], [ -4.14697710777, 58.56368740238 ], [ -3.7503412521, 58.57885958834 ], [ -3.6544196425, 58.62100454936 ], [ -3.18440375549, 58.65781114865 ], [ -3.03764369281, 58.63196223923 ], [ -3.06785899983, 58.56424933519 ], [ -3.13308569435, 58.50018899444 ], [ -3.05347075839, 58.44764827637 ], [ -3.10814607586, 58.37122541372 ], [ -3.20982298203, 58.30997473704 ], [ -3.36761402981, 58.2751349026 ], [ -3.49758781082, 58.17988729069 ], [ -3.74554517162, 58.06806266079 ], [ -3.8333134444, 58.03884215448 ], [ -3.8913460182, 57.98798723485 ], [ -3.98486958756, 57.96831958638 ], [ -3.99206370828, 57.90313538 ], [ -4.03378960845, 57.86689071353 ], [ -3.89518288259, 57.82081222281 ], [ -3.77767891083, 57.85368529241 ], [ -3.98678801975, 57.69156767569 ], [ -4.07311746839, 57.73230780467 ], [ -4.15896730897, 57.68875801162 ], [ -4.15465083654, 57.65757074046 ], [ -3.99398214047, 57.67780032175 ], [ -4.17335555041, 57.56485182622 ], [ -4.23426577251, 57.50079148547 ], [ -4.17815163089, 57.4853383331 ], [ -4.03810608088, 57.5679424567 ], [ -3.81412912248, 57.60334422395 ], [ -3.63475571254, 57.66290910219 ], [ -3.58583569164, 57.646894017 ], [ -3.489434474, 57.69943473508 ], [ -3.34219480327, 57.72500267809 ], [ -3.02709231575, 57.66347103501 ], [ -2.84819851386, 57.70617792884 ], [ -2.39640773266, 57.66824746392 ], [ -2.30192494721, 57.69437733975 ], [ -2.19209470423, 57.6713380944 ], [ -2.079866421, 57.7005586007 ], [ -1.91823850883, 57.66768553111 ], [ -1.82711297972, 57.61486384663 ], [ -1.77627452663, 57.47409967683 ], [ -1.81560238656, 57.4277402197 ], [ -1.98634285164, 57.31563462339 ], [ -2.05876366689, 57.21813928024 ], [ -2.08945858196, 57.13946868633 ], [ -2.05204915422, 57.12429650037 ], [ -2.20408490542, 56.96920304382 ], [ -2.19641117666, 56.90879526635 ], [ -2.32638495766, 56.79584677082 ], [ -2.42470460749, 56.75651147387 ], [ -2.50000307103, 56.6623877276 ], [ -2.48033914106, 56.62501919549 ], [ -2.53837171486, 56.56685914929 ], [ -2.70815296385, 56.49914624525 ], [ -2.87026048406, 56.46233964596 ], [ -3.08224724127, 56.45138195609 ], [ -3.22708887176, 56.37158749656 ], [ -2.98440719948, 56.42440918104 ], [ -2.92013972105, 56.4516629225 ], [ -2.80599300563, 56.43817653497 ], [ -2.7776961308, 56.33281413243 ], [ -2.66019215905, 56.31848484568 ], [ -2.58537330357, 56.27914954873 ], [ -2.68944824998, 56.22267530096 ], [ -2.84388204142, 56.18362097042 ], [ -2.96714130975, 56.20750311499 ], [ -3.15418844846, 56.11225550309 ], [ -3.18488336353, 56.06421024753 ], [ -3.28416222947, 56.05606222173 ], [ -3.40886032194, 56.01616499197 ], [ -3.57576392264, 56.0588718858 ], [ -3.59734628479, 56.02094142088 ], [ -3.43475915653, 55.99340671302 ], [ -3.20214925326, 55.97992032549 ], [ -3.06689978373, 55.94508049105 ], [ -2.89711853475, 55.98413482159 ], [ -2.86690322773, 56.03639457326 ], [ -2.78680868372, 56.06561507956 ], [ -2.62901763593, 56.05212869204 ], [ -2.56954623798, 56.01054566383 ], [ -2.47410423643, 55.99593541068 ], [ -2.33549751057, 55.93215603634 ], [ -2.13693977871, 55.91642191756 ], [ -2.07411112442, 55.87006246043 ], [ -2.06020249103, 55.8026305228 ] ] ], [ [ [ -0.94751181973, 60.67318318459 ], [ -0.98108438309, 60.68863633697 ], [ -0.93456240243, 60.78332201606 ], [ -0.87509100448, 60.84569655836 ], [ -0.77916939489, 60.79877516843 ], [ -0.87077453205, 60.70212272449 ], [ -0.94751181973, 60.67318318459 ] ] ], [ [ [ -1.11153777214, 60.48268796079 ], [ -1.16573348156, 60.49729821394 ], [ -1.20074486906, 60.59535548991 ], [ -1.14654915964, 60.64536751032 ], [ -1.1091397319, 60.73078129799 ], [ -1.0141773384, 60.72094747375 ], [ -0.9892377199, 60.65323456971 ], [ -1.03096362008, 60.59704128835 ], [ -1.03575970056, 60.49954594519 ], [ -1.11153777214, 60.48268796079 ] ] ], [ [ [ -1.27700254869, 59.85248031034 ], [ -1.36189317318, 59.94519922459 ], [ -1.33023904201, 59.97217199964 ], [ -1.27028803602, 60.12557965775 ], [ -1.32544296153, 60.17531071175 ], [ -1.51057166805, 60.16463398829 ], [ -1.53742971874, 60.21548890792 ], [ -1.64917839392, 60.21689373996 ], [ -1.69905763091, 60.25622903691 ], [ -1.68658782166, 60.30090269559 ], [ -1.57387993038, 60.28769727447 ], [ -1.48131557712, 60.30315042684 ], [ -1.34079041907, 60.35737694336 ], [ -1.45253909425, 60.41609892238 ], [ -1.44918183791, 60.44419556305 ], [ -1.57675757867, 60.5040414077 ], [ -1.37580180657, 60.60687511259 ], [ -1.31537119253, 60.54450057028 ], [ -1.2271233117, 60.49448854987 ], [ -1.07460795244, 60.37058236447 ], [ -1.11633385262, 60.30286946044 ], [ -1.19594878858, 60.24386651501 ], [ -1.14223268721, 60.15367629843 ], [ -1.21992919098, 60.09720205066 ], [ -1.18491780348, 60.0407278029 ], [ -1.25446097043, 59.95587594805 ], [ -1.27700254869, 59.85248031034 ] ] ], [ [ [ -2.78824750786, 59.13798273787 ], [ -2.78297181933, 59.22789198804 ], [ -2.73357219039, 59.22311555912 ], [ -2.78824750786, 59.13798273787 ] ] ], [ [ [ -3.01989819503, 59.12646311519 ], [ -3.11821784487, 59.1725416059 ], [ -3.07601233664, 59.19979534736 ], [ -2.97865190291, 59.16326971448 ], [ -3.01989819503, 59.12646311519 ] ] ], [ [ [ -3.22996652004, 58.77188350981 ], [ -3.28943791799, 58.77609800591 ], [ -3.37001207005, 58.83706771619 ], [ -3.41653405071, 58.91124284758 ], [ -3.35370539642, 58.93203436168 ], [ -3.21030259008, 58.87556011392 ], [ -3.13884099093, 58.80222788175 ], [ -3.22996652004, 58.77188350981 ] ] ], [ [ [ -2.96090640513, 58.72945758239 ], [ -3.00407112945, 58.82667195914 ], [ -2.91582324862, 58.87246948344 ], [ -2.97385582243, 58.94327301796 ], [ -3.20262886131, 58.9120857468 ], [ -3.23044612809, 58.96715516253 ], [ -3.33068421012, 58.95507360704 ], [ -3.36809363786, 58.9986234001 ], [ -3.34938892399, 59.11185286203 ], [ -3.19543474059, 59.15315492383 ], [ -3.0505931101, 59.11129092922 ], [ -3.00119348116, 59.06465050569 ], [ -3.00886720993, 59.01014302277 ], [ -2.89280206232, 58.96294066643 ], [ -2.70815296385, 58.97305545708 ], [ -2.7187043409, 58.93624885779 ], [ -2.87745460478, 58.84493477558 ], [ -2.96090640513, 58.72945758239 ] ] ], [ [ [ -6.96563360573, 57.72781234216 ], [ -7.08361718553, 57.80704486888 ], [ -6.92055044922, 57.91044050658 ], [ -6.91383593655, 57.936289416 ], [ -7.07498424067, 57.96607185512 ], [ -7.04476893364, 58.02479383414 ], [ -7.13445563862, 58.12875140466 ], [ -7.04764658193, 58.23242800877 ], [ -6.90999907216, 58.20376943527 ], [ -6.75892253705, 58.19815010714 ], [ -6.82750648791, 58.28440679402 ], [ -6.66923583208, 58.3495910004 ], [ -6.54405813156, 58.36729188403 ], [ -6.43662592881, 58.43388092244 ], [ -6.23135368428, 58.50299865851 ], [ -6.16852502999, 58.42882352712 ], [ -6.21792465893, 58.36813478325 ], [ -6.20881210602, 58.32627078863 ], [ -6.35749060089, 58.23467574002 ], [ -6.34933726408, 58.18859724931 ], [ -6.40880866203, 58.11048858822 ], [ -6.35844981699, 58.0394040873 ], [ -6.4514937783, 58.00765488333 ], [ -6.46732084388, 57.94190874414 ], [ -6.67019504817, 57.88009613464 ], [ -6.79249510041, 57.89695411905 ], [ -6.7363809588, 57.82671251735 ], [ -6.85532375469, 57.81294516342 ], [ -6.96563360573, 57.72781234216 ] ] ], [ [ [ -7.16946702612, 57.59463426534 ], [ -7.11095484426, 57.5845194747 ], [ -7.14596623177, 57.51315400737 ], [ -7.31286983246, 57.50837757845 ], [ -7.41502634668, 57.57890014656 ], [ -7.52341776552, 57.58957687002 ], [ -7.48169186535, 57.66234716938 ], [ -7.25483725866, 57.65672784124 ], [ -7.22845881602, 57.70505406321 ], [ -7.07594345676, 57.646894017 ], [ -7.16946702612, 57.59463426534 ] ] ], [ [ [ -7.26538863571, 57.3988006798 ], [ -7.39344398452, 57.42577345486 ], [ -7.36754514993, 57.49236249327 ], [ -7.21694822287, 57.46679455025 ], [ -7.26538863571, 57.3988006798 ] ] ], [ [ [ -6.05006184214, 57.3282781117 ], [ -6.08507322964, 57.42127799235 ], [ -6.0256018317, 57.44235047286 ], [ -5.99298848443, 57.35806055082 ], [ -6.05006184214, 57.3282781117 ] ] ], [ [ [ -7.23517332869, 57.09563792687 ], [ -7.37330044651, 57.10378595267 ], [ -7.41262830644, 57.14930251057 ], [ -7.42030203521, 57.28866184834 ], [ -7.40351575353, 57.35806055082 ], [ -7.34068709925, 57.40245324309 ], [ -7.2572352989, 57.32574941404 ], [ -7.19200860437, 57.29961953821 ], [ -7.25291882647, 57.26028424126 ], [ -7.2562760828, 57.15295507386 ], [ -7.23517332869, 57.09563792687 ] ] ], [ [ [ -6.01696888683, 57.01781023219 ], [ -5.99538652467, 57.12626326521 ], [ -5.9416704233, 57.14705477932 ], [ -6.01121359026, 57.20605772474 ], [ -6.10185951132, 57.17009402467 ], [ -6.15077953222, 57.1959429341 ], [ -6.30857058, 57.15997923403 ], [ -6.44909573806, 57.26056520766 ], [ -6.48266830142, 57.31085819448 ], [ -6.45581025073, 57.36030828207 ], [ -6.53302714645, 57.40947740326 ], [ -6.56564049372, 57.33614517109 ], [ -6.72103350126, 57.37238983757 ], [ -6.78290293945, 57.4277402197 ], [ -6.71671702883, 57.51343497378 ], [ -6.45581025073, 57.50051051906 ], [ -6.36948080209, 57.51961623473 ], [ -6.39442042059, 57.61261611538 ], [ -6.4275133759, 57.64211758809 ], [ -6.2975395949, 57.69409637335 ], [ -6.13974854711, 57.58311464266 ], [ -6.14598345174, 57.37098500553 ], [ -6.10473715961, 57.31479172417 ], [ -5.87116804025, 57.24651688732 ], [ -5.74311269144, 57.27489449441 ], [ -5.66157932328, 57.26393680454 ], [ -5.66925305205, 57.20914835522 ], [ -5.78100172723, 57.16672242779 ], [ -5.93783355892, 57.0388827127 ], [ -6.01696888683, 57.01781023219 ] ] ], [ [ [ -7.53348953453, 56.90907623276 ], [ -7.57041935423, 56.93885867188 ], [ -7.51478482066, 57.01022413921 ], [ -7.45675224686, 57.02427245955 ], [ -7.37905574308, 56.98999455792 ], [ -7.53348953453, 56.90907623276 ] ] ], [ [ [ -6.31096862024, 56.93492514219 ], [ -6.45293260244, 57.00263804622 ], [ -6.36996041014, 57.05349296585 ], [ -6.25437487058, 57.03298241816 ], [ -6.24909918205, 56.9725746407 ], [ -6.31096862024, 56.93492514219 ] ] ], [ [ [ -6.69225701838, 56.56264465318 ], [ -6.61120325827, 56.63738171739 ], [ -6.45916750707, 56.66575932448 ], [ -6.56564049372, 56.58793162979 ], [ -6.69225701838, 56.56264465318 ] ] ], [ [ [ -6.91191750435, 56.44042426623 ], [ -6.9713889023, 56.46627317565 ], [ -6.95124536429, 56.52892868437 ], [ -6.85676257884, 56.49268401789 ], [ -6.91191750435, 56.44042426623 ] ] ], [ [ [ -6.26780389592, 56.26397736276 ], [ -6.33015294216, 56.27296828778 ], [ -6.36468472161, 56.33787152775 ], [ -6.19490347263, 56.35894400826 ], [ -6.12200304934, 56.4721734702 ], [ -6.14742227588, 56.49886527884 ], [ -6.30713175586, 56.55843015708 ], [ -6.31576470072, 56.60197995013 ], [ -6.14550384369, 56.65311583617 ], [ -6.06445008358, 56.63710075098 ], [ -5.92008806114, 56.51656616247 ], [ -5.79491036062, 56.51431843121 ], [ -5.6457522577, 56.44716745999 ], [ -5.66781422791, 56.3895693466 ], [ -5.74599033973, 56.34180505744 ], [ -5.84383038151, 56.3108987527 ], [ -5.98675357981, 56.32298030819 ], [ -6.04526576166, 56.29291690266 ], [ -6.24526231767, 56.28870240656 ], [ -6.26780389592, 56.26397736276 ] ] ], [ [ [ -5.96996729813, 55.79167283294 ], [ -6.06445008358, 55.80600211968 ], [ -6.09226735036, 55.89225880657 ], [ -5.94982376012, 56.03751843888 ], [ -5.70954012808, 56.14962403519 ], [ -5.68939659006, 56.10888390621 ], [ -5.83423822055, 55.96811973641 ], [ -5.89610765874, 55.87146729247 ], [ -5.93639473477, 55.86753376277 ], [ -5.96996729813, 55.79167283294 ] ] ], [ [ [ -5.02945591605, 55.72171219765 ], [ -5.12873478198, 55.79054896731 ], [ -5.14552106366, 55.85151867759 ], [ -5.21314579842, 55.88635851203 ], [ -5.15847048096, 55.92091738006 ], [ -5.02370061947, 55.84084195413 ], [ -5.00211825732, 55.77481484853 ], [ -5.02945591605, 55.72171219765 ] ] ], [ [ [ -6.26780389592, 55.57898126299 ], [ -6.33207137435, 55.59724407944 ], [ -6.25965055911, 55.6579328233 ], [ -6.33207137435, 55.74166081253 ], [ -6.48842359799, 55.67113824442 ], [ -6.52391459354, 55.69221072493 ], [ -6.46588201974, 55.75261850239 ], [ -6.45628985878, 55.84870901352 ], [ -6.30521332367, 55.86725279637 ], [ -6.19682190482, 55.92513187617 ], [ -6.13111560225, 55.89563040345 ], [ -6.08411401355, 55.78268190792 ], [ -6.04670458581, 55.76357619226 ], [ -6.02512222365, 55.67900530381 ], [ -6.14934070807, 55.62562168652 ], [ -6.19394425653, 55.6329268131 ], [ -6.26780389592, 55.57898126299 ] ] ], [ [ [ -5.17909362702, 55.4342835635 ], [ -5.25151444226, 55.43934095882 ], [ -5.35367095648, 55.50705386286 ], [ -5.348874876, 55.5708332372 ], [ -5.39635607275, 55.61297819822 ], [ -5.36278350939, 55.67928627022 ], [ -5.25631052274, 55.72058833202 ], [ -5.16854224996, 55.68378173273 ], [ -5.08269240938, 55.55257042076 ], [ -5.07933515304, 55.46462793543 ], [ -5.17909362702, 55.4342835635 ] ] ] ] } },
{ "type": "Feature", "properties": { "OBJECTID": 12, "ITL121CD": "TLN", "ITL121NM": "Northern Ireland", "BNG_E": 86544, "BNG_N": 535337, "LONG": -6.8557, "LAT": 54.61501, "GlobalID": "a1ac25d9-f74b-4b4f-b314-7cf57bb8885b" }, "geometry": { "type": "MultiPolygon", "coordinates": [ [ [ [ -6.06253165139, 54.02270833576 ], [ -6.09754303889, 54.06316749834 ], [ -6.29082508223, 54.11261758593 ], [ -6.36708276185, 54.07019165851 ], [ -6.62750993191, 54.03984728657 ], [ -6.66491935965, 54.06625812881 ], [ -6.63662248482, 54.17105859855 ], [ -6.80112804527, 54.21320355956 ], [ -6.87690611685, 54.34666260279 ], [ -7.02990108416, 54.42111870059 ], [ -7.17809997098, 54.31603726445 ], [ -7.14788466396, 54.22472318224 ], [ -7.21886665506, 54.21573225723 ], [ -7.30999218417, 54.16740603526 ], [ -7.34644239582, 54.12245141017 ], [ -7.44236400542, 54.15391964773 ], [ -7.49176363436, 54.12301334298 ], [ -7.61022682221, 54.14380485709 ], [ -7.69223979841, 54.20393166814 ], [ -7.86154143935, 54.21854192129 ], [ -7.88839949003, 54.30058411208 ], [ -7.94643206384, 54.30451764177 ], [ -8.15362274056, 54.43713378578 ], [ -8.04283328148, 54.48911257104 ], [ -8.00590346179, 54.54586778521 ], [ -7.86921516811, 54.53462912894 ], [ -7.76034414122, 54.59419400718 ], [ -7.89127713832, 54.65600661667 ], [ -7.85530653472, 54.72681015119 ], [ -7.74979276417, 54.70433283864 ], [ -7.54931660011, 54.7894656599 ], [ -7.44332322151, 54.87122688428 ], [ -7.39152555233, 55.02238681113 ], [ -7.35603455678, 55.0457070229 ], [ -7.06155521532, 55.04767378775 ], [ -7.01359441053, 55.07773719327 ], [ -6.95172497234, 55.19265245365 ], [ -6.86443630761, 55.16736547704 ], [ -6.72726840588, 55.17214190596 ], [ -6.70760447592, 55.19321438647 ], [ -6.54405813156, 55.21737749745 ], [ -6.47019849217, 55.25137443267 ], [ -6.29562116271, 55.23114485138 ], [ -6.22895564404, 55.20473400914 ], [ -6.13974854711, 55.22693035528 ], [ -6.03327556046, 55.16933224189 ], [ -6.04238811337, 55.05301214947 ], [ -5.96325278546, 55.04823572056 ], [ -5.99154966029, 54.98642311106 ], [ -5.93015983015, 54.96816029462 ], [ -5.79778800891, 54.85212116862 ], [ -5.69131502226, 54.80969524119 ], [ -5.69227423835, 54.76558351532 ], [ -5.74838837997, 54.72624821837 ], [ -5.89562805069, 54.67398846671 ], [ -5.85534097466, 54.63381027054 ], [ -5.74934759606, 54.67398846671 ], [ -5.57668869879, 54.67511233234 ], [ -5.47740983286, 54.56413060165 ], [ -5.43616354073, 54.46551139287 ], [ -5.49563493868, 54.33542394652 ], [ -5.60306714143, 54.2601249495 ], [ -5.83136057227, 54.24017633462 ], [ -5.88507667364, 54.21404645878 ], [ -5.89706687484, 54.10475052654 ], [ -6.06253165139, 54.02270833576 ] ] ] ] } }
]
}
