{"type":"FeatureCollection","features":[{"type":"Feature","id":0,"properties":{"STATE_CODE":"1","STATE_NAME":"New South Wales"},"geometry":{"type":"Polygon","coordinates":[[[151.17062341246822,-34.087038820816424],[151.14902298045956,-34.11412002932059],[151.13462269245383,-34.12089033144663],[151.1274225484509,-34.13781608676174],[151.12022240444804,-34.13781608676174],[151.11302226044518,-34.1479715399508],[151.04822096441927,-34.18520820164404],[150.99061981239623,-34.23260031652634],[150.92581851637027,-34.317229093101865],[150.92581851637027,-34.32738454629093],[150.9330186603732,-34.33076969735395],[150.9186183723674,-34.35785090585812],[150.9330186603732,-34.368006359047186],[150.90421808436167,-34.40862817180344],[150.90421808436167,-34.42216877605553],[150.91141822836454,-34.42216877605553],[150.90421808436167,-34.43232422924459],[150.90421808436167,-34.459405437748764],[150.91141822836454,-34.4661757398748],[150.9186183723674,-34.49325694837897],[150.91141822836454,-34.49325694837897],[150.88981779635589,-34.506797552631056],[150.87541750835015,-34.53726391219825],[150.86101722034437,-34.530493610072206],[150.87541750835015,-34.50002725050501],[150.88981779635589,-34.49664209944199],[150.88981779635589,-34.49325694837897],[150.83221664433285,-34.48648664625293],[150.8394167883357,-34.50002725050501],[150.8106162123242,-34.506797552631056],[150.8178163563271,-34.51695300582012],[150.8106162123242,-34.52372330794616],[150.8106162123242,-34.530493610072206],[150.8106162123242,-34.53387876113523],[150.79621592431846,-34.54741936538731],[150.8106162123242,-34.550804516450334],[150.79621592431846,-34.554189667513356],[150.80341606832133,-34.5609599696394],[150.8178163563271,-34.554189667513356],[150.83221664433285,-34.55757481857638],[150.8394167883357,-34.54403421432429],[150.86101722034437,-34.53726391219825],[150.87541750835015,-34.54403421432429],[150.86821736434723,-34.57111542282846],[150.87541750835015,-34.58127087601753],[150.87541750835015,-34.58804117814357],[150.90421808436167,-34.598196631332634],[150.88981779635589,-34.598196631332634],[150.87541750835015,-34.6083520845217],[150.86821736434723,-34.60496693345868],[150.8538170763415,-34.61512238664774],[150.86101722034437,-34.62866299089983],[150.8538170763415,-34.645588746214926],[150.86821736434723,-34.64897389727795],[150.8538170763415,-34.66251450153003],[150.86821736434723,-34.6726699547191],[150.8538170763415,-34.67605510578212],[150.86101722034437,-34.689595710034205],[150.83221664433285,-34.736987824916504],[150.8394167883357,-34.75391358023161],[150.82501650032998,-34.77422448660974],[150.82501650032998,-34.78099478873578],[150.8106162123242,-34.77422448660974],[150.78181563631267,-34.791150241924846],[150.76021520430407,-34.82161660149203],[150.75301506030115,-34.855468112122246],[150.75301506030115,-34.88931962275246],[150.76021520430407,-34.899475075941524],[150.76741534830694,-34.8960899248785],[150.76741534830694,-34.926556284445695],[150.7890157803156,-34.92994143550872],[150.7746154923098,-34.94686719082382],[150.78181563631267,-34.98748900358008],[150.8106162123242,-35.01118506102122],[150.82501650032998,-35.014570212084244],[150.83221664433285,-35.00441475889518],[150.84661693233863,-35.014570212084244],[150.83221664433285,-35.041651420588416],[150.8394167883357,-35.05180687377748],[150.83221664433285,-35.07550293121863],[150.80341606832133,-35.09581383759676],[150.7890157803156,-35.07211778015561],[150.7746154923098,-35.08227323334467],[150.7746154923098,-35.0551920248405],[150.7890157803156,-35.03488111846237],[150.76741534830694,-35.014570212084244],[150.78181563631267,-35.00102960783216],[150.75301506030115,-34.990874154643095],[150.72421448428963,-34.99764445676914],[150.73141462829255,-35.0077999099582],[150.6954139082781,-35.014570212084244],[150.67381347626952,-35.038266269525394],[150.68101362027238,-35.04842172271446],[150.67381347626952,-35.06873262909259],[150.6954139082781,-35.07211778015561],[150.68821376427525,-35.08227323334467],[150.70261405228104,-35.12289504610093],[150.65941318826373,-35.11950989503791],[150.65941318826373,-35.10596929078582],[150.64501290025794,-35.1025841397228],[150.63781275625507,-35.116124743974886],[150.61621232424642,-35.116124743974886],[150.62341246824934,-35.10596929078582],[150.59461189223782,-35.1025841397228],[150.5874117482349,-35.089043535470715],[150.5874117482349,-35.09242868653374],[150.58021160423203,-35.089043535470715],[150.58021160423203,-35.09919898865978],[150.5658113162263,-35.09242868653374],[150.5514110282205,-35.1025841397228],[150.5658113162263,-35.1025841397228],[150.5658113162263,-35.112739592911865],[150.54421088421765,-35.11950989503791],[150.54421088421765,-35.12289504610093],[150.5658113162263,-35.11950989503791],[150.57301146022917,-35.12289504610093],[150.57301146022917,-35.12966534822697],[150.5874117482349,-35.11950989503791],[150.6018120362407,-35.12628019716395],[150.5874117482349,-35.139820801416036],[150.6018120362407,-35.15674655673114],[150.6018120362407,-35.17028716098322],[150.59461189223782,-35.17367231204624],[150.59461189223782,-35.19059806736135],[150.57301146022917,-35.19398321842437],[150.53701074021478,-35.2142941248025],[150.52981059621186,-35.23460503118063],[150.54421088421765,-35.248145635432714],[150.47940958819174,-35.29215259925199],[150.47220944418882,-35.31584865669314],[150.4866097321946,-35.326004109882206],[150.47940958819174,-35.32938926094523],[150.47220944418882,-35.34631501626033],[150.4866097321946,-35.35308531838637],[150.47220944418882,-35.35647046944939],[150.49380987619747,-35.366625922638455],[150.47940958819174,-35.366625922638455],[150.45060901218022,-35.390321980079605],[150.45060901218022,-35.40724773539471],[150.4218084361687,-35.4207883396468],[150.40740814816292,-35.437714094961905],[150.41460829216578,-35.44448439708795],[150.40740814816292,-35.44448439708795],[150.40020800416005,-35.45802500134003],[150.39300786015718,-35.464795303466076],[150.39300786015718,-35.49864681409629],[150.40020800416005,-35.50541711622233],[150.40740814816292,-35.5324983247265],[150.39300786015718,-35.5324983247265],[150.38580771615426,-35.54603892897858],[150.38580771615426,-35.56296468429369],[150.3786075721514,-35.56296468429369],[150.3786075721514,-35.57312013748275],[150.36420728414566,-35.56973498641973],[150.34980699613988,-35.58666074173484],[150.342606852137,-35.5968161949239],[150.342606852137,-35.603586497049946],[150.32100642012836,-35.61374195023901],[150.32820656413122,-35.63743800768016],[150.3138062761255,-35.63405285661714],[150.2994059881197,-35.647593460869224],[150.2994059881197,-35.66451921618433],[150.30660613212262,-35.66790436724735],[150.2994059881197,-35.67805982043642],[150.30660613212262,-35.68483012256246],[150.2994059881197,-35.68483012256246],[150.2994059881197,-35.69498557575152],[150.2778055561111,-35.70175587787756],[150.2778055561111,-35.72206678425569],[150.27060541210818,-35.718681633192666],[150.26340526810532,-35.72545193531871],[150.26340526810532,-35.718681633192666],[150.24900498009958,-35.718681633192666],[150.24900498009958,-35.711911331066624],[150.2346046920938,-35.70175587787756],[150.21300426008514,-35.711911331066624],[150.21300426008514,-35.70175587787756],[150.17700354007076,-35.70175587787756],[150.21300426008514,-35.738992539570795],[150.21300426008514,-35.75930344594892],[150.2346046920938,-35.77284405020101],[150.2346046920938,-35.79315495657914],[150.22740454809093,-35.79992525870518],[150.2346046920938,-35.8033104097682],[150.22740454809093,-35.810080711894244],[150.22740454809093,-35.81685101402029],[150.22740454809093,-35.82700646720935],[150.2346046920938,-35.837161920398415],[150.22020440408807,-35.83039161827237],[150.21300426008514,-35.837161920398415],[150.1986039720794,-35.82700646720935],[150.18420368407362,-35.833776769335394],[150.19140382807655,-35.837161920398415],[150.17700354007076,-35.8507025246505],[150.19140382807655,-35.860857977839565],[150.1698033960679,-35.860857977839565],[150.14820296405924,-35.89132433740675],[150.1554031080621,-35.90825009272186],[150.16260325206503,-35.90825009272186],[150.1554031080621,-35.94548675441509],[150.16260325206503,-35.952257056541136],[150.14820296405924,-35.97933826504531],[150.1554031080621,-35.99287886929739],[150.16260325206503,-35.99287886929739],[150.1554031080621,-36.00641947354948],[150.16260325206503,-36.01318977567552],[150.14820296405924,-36.03011553099063],[150.14100282005637,-36.05719673949479],[150.1338026760535,-36.067352192683856],[150.1338026760535,-36.091048250125006],[150.14100282005637,-36.09443340118803],[150.12660253205058,-36.14182551607033],[150.12660253205058,-36.158751271385434],[150.1338026760535,-36.17229187563752],[150.1338026760535,-36.19937308414169],[150.14100282005637,-36.2162988394568],[150.14820296405924,-36.26707610540211],[150.1338026760535,-36.28738701178024],[150.14100282005637,-36.30431276709535],[150.0906018120362,-36.35509003304067],[150.06900138002754,-36.39909699685994],[150.06900138002754,-36.41940790323807],[150.08340166803333,-36.42956335642713],[150.0546010920218,-36.487110924498495],[150.06180123602468,-36.50742183087662],[150.0546010920218,-36.54127334150684],[150.06900138002754,-36.55481394575892],[150.0546010920218,-36.57173970107403],[150.0546010920218,-36.58189515426309],[150.04740094801895,-36.58866545638913],[149.99699993999877,-36.66652393083862],[149.99699993999877,-36.68683483721675],[149.9897997959959,-36.68683483721675],[149.99699993999877,-36.69360513934279],[149.98259965199298,-36.70376059253186],[149.98259965199298,-36.720686347846964],[149.9897997959959,-36.724071498909986],[149.98259965199298,-36.73761210316207],[149.97539950799012,-36.76807846272926],[149.93939878797573,-36.812085426548535],[149.93219864397287,-36.84255178611573],[149.9465989319786,-36.85609239036781],[149.93939878797573,-36.85609239036781],[149.93219864397287,-36.87301814568292],[149.93219864397287,-36.883173598871984],[149.93219864397287,-36.89332905206105],[149.93939878797573,-36.90348450525011],[149.91779835596708,-36.89671420312407],[149.90339806796135,-36.91363995843918],[149.9105982119642,-36.94410631800636],[149.9465989319786,-36.947491469069384],[149.93219864397287,-36.95764692225845],[149.92499849996994,-36.99149843288866],[149.93219864397287,-37.00842418820377],[149.9465989319786,-37.01857964139283],[149.93939878797573,-37.03212024564492],[149.9465989319786,-37.05243115202305],[149.92499849996994,-37.045660849897004],[149.9105982119642,-37.06258660521211],[149.91779835596708,-37.0761272094642],[149.90339806796135,-37.069356907338154],[149.87459749194983,-37.08289751159024],[149.8817976359527,-37.09982326690535],[149.89619792395843,-37.096438115842325],[149.9105982119642,-37.113363871157425],[149.93219864397287,-37.109978720094404],[149.92499849996994,-37.09982326690535],[149.95379907598146,-37.09982326690535],[149.95379907598146,-37.109978720094404],[149.96819936398725,-37.116749022220446],[149.96819936398725,-37.12690447540951],[149.9897997959959,-37.140445079661596],[150.00420008400164,-37.140445079661596],[150.0114002280045,-37.160755986039725],[150.00420008400164,-37.16752628816577],[150.01860037200743,-37.184452043480874],[150.01860037200743,-37.20137779879598],[150.0258005160103,-37.211533251985045],[150.0114002280045,-37.211533251985045],[150.0258005160103,-37.22168870517411],[150.03300066001316,-37.23861446048922],[150.0546010920218,-37.262310517930366],[150.0114002280045,-37.255540215804324],[149.9897997959959,-37.23861446048922],[149.96819936398725,-37.24876991367828],[149.9465989319786,-37.279236273245466],[149.95379907598146,-37.29616202856057],[149.96819936398725,-37.30970263281266],[149.97539950799012,-37.33001353919079],[149.9465989319786,-37.374020503010065],[149.95379907598146,-37.424797768955386],[149.97539950799012,-37.445108675333515],[149.97539950799012,-37.50604139446789],[148.19696393927876,-36.79515967123343],[148.18256365127297,-36.80531512442249],[148.18256365127297,-36.79515967123343],[148.15376307526145,-36.788389369107385],[148.12496249924993,-36.79515967123343],[148.11776235524707,-36.80531512442249],[148.1105622112442,-36.80192997335947],[148.0961619232384,-36.788389369107385],[148.12496249924993,-36.75792300954019],[148.11776235524707,-36.75792300954019],[148.13216264325285,-36.75115270741415],[148.13936278725572,-36.73761210316207],[148.13216264325285,-36.73422695209905],[148.16816336326724,-36.71391604572092],[148.2113642272845,-36.649598175523515],[148.2185643712874,-36.61913181595632],[148.2113642272845,-36.60897636276726],[148.20416408328163,-36.61236151383028],[148.2185643712874,-36.598820909578194],[148.20416408328163,-36.58528030532611],[148.1897637952759,-36.58528030532611],[148.1897637952759,-36.575124852137044],[148.16816336326724,-36.575124852137044],[148.16096321926437,-36.578510003200066],[148.15376307526145,-36.558199096821944],[148.13216264325285,-36.56835455001101],[148.12496249924993,-36.5514287946959],[148.13936278725572,-36.52434758619173],[148.11776235524707,-36.49388122662454],[148.12496249924993,-36.483725773435474],[148.11776235524707,-36.48034062237245],[148.12496249924993,-36.463414867057345],[148.08896177923555,-36.45325941386828],[148.08176163523268,-36.42279305430109],[148.06016120322403,-36.416022752175046],[148.06016120322403,-36.40248214792296],[148.03856077121537,-36.38894154367088],[148.04576091521824,-36.36863063729275],[148.03856077121537,-36.36524548622973],[148.04576091521824,-36.35509003304067],[148.05296105922116,-36.33477912666254],[148.05296105922116,-36.324623673473475],[148.06016120322403,-36.321238522410454],[148.03856077121537,-36.31108306922139],[148.04576091521824,-36.300927616032325],[148.03856077121537,-36.29077216284326],[148.03856077121537,-36.28400186071722],[148.0313606272125,-36.2806167096542],[148.0313606272125,-36.26707610540211],[148.03856077121537,-36.26030580327607],[148.0313606272125,-36.24676519902398],[148.0313606272125,-36.2332245947719],[148.02416048320964,-36.22306914158283],[148.03856077121537,-36.20614338626773],[148.02416048320964,-36.17567702670054],[148.0313606272125,-36.162136422448455],[148.02416048320964,-36.15198096925939],[148.03856077121537,-36.15198096925939],[148.03856077121537,-36.14182551607033],[148.002560051201,-36.138440365007305],[148.002560051201,-36.12489976075522],[147.9881597631952,-36.1215146096922],[147.99535990719812,-36.114744307566156],[147.9881597631952,-36.111359156503134],[148.002560051201,-36.09781855225105],[147.98095961919233,-36.087663099061984],[147.98095961919233,-36.07750764587292],[147.99535990719812,-36.08089279693594],[147.9881597631952,-36.067352192683856],[148.002560051201,-36.04704128630573],[147.9881597631952,-36.05381158843177],[147.98095961919233,-36.04027098417969],[147.97375947518947,-36.04704128630573],[147.97375947518947,-36.03688583311667],[147.9665593311866,-36.04704128630573],[147.95935918718368,-36.04027098417969],[147.93775875517508,-36.04704128630573],[147.9233584671693,-36.04365613524271],[147.9233584671693,-36.03688583311667],[147.93055861117216,-36.03688583311667],[147.90895817916356,-36.026730379927606],[147.91615832316643,-36.0098046246125],[147.90895817916356,-36.00303432248646],[147.90895817916356,-35.996264020360414],[147.89455789115777,-35.99287886929739],[147.89455789115777,-35.999649171423435],[147.88015760315204,-36.00303432248646],[147.87295745914912,-35.98949371823437],[147.81535630712608,-35.97933826504531],[147.80815616312321,-35.96579766079322],[147.7793555871117,-35.96918281185624],[147.76495529910596,-35.96579766079322],[147.77215544310883,-35.95902735866718],[147.7433548670973,-35.95564220760416],[147.72175443508866,-35.94548675441509],[147.70735414708292,-35.928560999099986],[147.6785535710714,-35.94548675441509],[147.64975299505988,-35.94548675441509],[147.6353527070541,-35.9624125097302],[147.5993519870397,-35.97933826504531],[147.59215184303685,-35.96918281185624],[147.54895097901954,-35.96579766079322],[147.54895097901954,-35.97933826504531],[147.5561511230224,-35.972567962919264],[147.58495169903392,-35.98610856717135],[147.54895097901954,-36.00303432248646],[147.52015040300802,-35.98610856717135],[147.51295025900515,-35.975953113982285],[147.52735054701088,-35.9624125097302],[147.51295025900515,-35.9624125097302],[147.4913498269965,-35.94210160335207],[147.48414968299363,-35.948871905478114],[147.47694953899077,-35.94210160335207],[147.46254925098498,-35.94548675441509],[147.44814896297925,-35.9624125097302],[147.40494809896194,-35.94210160335207],[147.3905478109562,-35.948871905478114],[147.3905478109562,-35.972567962919264],[147.38334766695328,-35.972567962919264],[147.3617472349447,-35.99287886929739],[147.35454709094176,-36.0098046246125],[147.3473469469389,-36.019960077801564],[147.35454709094176,-36.03011553099063],[147.31854637092738,-36.06058189055781],[147.282545650913,-36.04027098417969],[147.23934478689569,-36.03688583311667],[147.2033440668813,-36.05042643736875],[147.16734334686691,-36.03011553099063],[147.14574291485826,-36.03688583311667],[147.1241424828496,-36.01657492673854],[147.1241424828496,-35.99287886929739],[147.10974219484388,-35.999649171423435],[147.11694233884674,-36.00641947354948],[147.10974219484388,-36.00641947354948],[147.10974219484388,-36.01318977567552],[147.0953419068381,-36.0098046246125],[147.10974219484388,-36.01657492673854],[147.0953419068381,-36.01657492673854],[147.10254205084095,-36.026730379927606],[147.0953419068381,-36.026730379927606],[147.10254205084095,-36.03350068205365],[147.0953419068381,-36.04704128630573],[147.08814176283522,-36.04365613524271],[147.0953419068381,-36.05381158843177],[147.08814176283522,-36.05042643736875],[147.0593411868237,-36.067352192683856],[147.05214104282084,-36.10797400544011],[147.0449408988179,-36.10458885437709],[147.03774075481505,-36.114744307566156],[147.02334046680932,-36.10120370331407],[147.0161403228064,-36.10458885437709],[147.0161403228064,-36.091048250125006],[147.00894017880353,-36.087663099061984],[147.00894017880353,-36.08427794799896],[146.980139602792,-36.09443340118803],[146.97293945878914,-36.08089279693594],[146.95853917078335,-36.07750764587292],[146.9513390267805,-36.111359156503134],[146.94413888277762,-36.114744307566156],[146.92973859477183,-36.09781855225105],[146.92253845076897,-36.10797400544011],[146.90813816276324,-36.111359156503134],[146.90813816276324,-36.08427794799896],[146.87933758675172,-36.087663099061984],[146.8721374427488,-36.0741224948099],[146.86493729874593,-36.0741224948099],[146.85773715474306,-36.08427794799896],[146.8361367227344,-36.08089279693594],[146.82173643472868,-36.087663099061984],[146.82893657873154,-36.07073734374688],[146.81453629072575,-36.0741224948099],[146.82173643472868,-36.067352192683856],[146.8073361467229,-36.05381158843177],[146.79293585871716,-36.05719673949479],[146.79293585871716,-36.063967041620835],[146.76413528270564,-36.06058189055781],[146.76413528270564,-36.05042643736875],[146.74973499469985,-36.06058189055781],[146.74973499469985,-36.04365613524271],[146.7281345626912,-36.04365613524271],[146.7281345626912,-36.023345228864585],[146.7065341306826,-36.03011553099063],[146.7065341306826,-36.03688583311667],[146.6921338426768,-36.03011553099063],[146.6921338426768,-36.03350068205365],[146.68493369867394,-36.04027098417969],[146.67773355467108,-36.03011553099063],[146.67773355467108,-36.023345228864585],[146.65613312266242,-36.026730379927606],[146.64893297865956,-36.019960077801564],[146.65613312266242,-36.01318977567552],[146.64893297865956,-36.01318977567552],[146.64893297865956,-36.00641947354948],[146.61293225864512,-35.996264020360414],[146.60573211464225,-35.98610856717135],[146.62013240264804,-35.975953113982285],[146.61293225864512,-35.972567962919264],[146.5841316826336,-35.975953113982285],[146.5841316826336,-35.98272341610833],[146.562531250625,-35.975953113982285],[146.55533110662208,-35.97933826504531],[146.55533110662208,-35.98949371823437],[146.5481309626192,-35.99287886929739],[146.53373067461348,-35.98272341610833],[146.5193303866077,-35.95902735866718],[146.50493009860196,-35.95902735866718],[146.49772995459904,-35.97933826504531],[146.49052981059617,-35.98610856717135],[146.50493009860196,-35.98272341610833],[146.49772995459904,-35.98949371823437],[146.46892937858752,-35.98272341610833],[146.46892937858752,-35.975953113982285],[146.4545290905818,-35.9624125097302],[146.44732894657892,-35.97933826504531],[146.440128802576,-35.96579766079322],[146.4185283705674,-35.96579766079322],[146.42572851457027,-35.972567962919264],[146.4041280825616,-35.98949371823437],[146.39692793855875,-36.00641947354948],[146.38252765055296,-36.01318977567552],[146.38252765055296,-36.026730379927606],[146.38972779455588,-36.03688583311667],[146.36812736254723,-36.05042643736875],[146.3393267865357,-36.026730379927606],[146.32492649852992,-36.03350068205365],[146.33212664253278,-36.04365613524271],[146.31772635452705,-36.03688583311667],[146.3105262105242,-36.04704128630573],[146.30332606652127,-36.03688583311667],[146.2961259225184,-36.04704128630573],[146.28892577851553,-36.04027098417969],[146.28172563451267,-36.04027098417969],[146.2961259225184,-36.03011553099063],[146.28172563451267,-36.026730379927606],[146.28892577851553,-36.019960077801564],[146.28172563451267,-36.01657492673854],[146.28172563451267,-36.0098046246125],[146.27452549050975,-36.01318977567552],[146.27452549050975,-36.026730379927606],[146.260125202504,-36.01318977567552],[146.24572491449823,-36.019960077801564],[146.25292505850115,-36.023345228864585],[146.23852477049536,-36.023345228864585],[146.24572491449823,-36.03011553099063],[146.22412448248963,-36.03011553099063],[146.20972419448384,-36.04027098417969],[146.20972419448384,-36.03011553099063],[146.20252405048097,-36.04027098417969],[146.20252405048097,-36.026730379927606],[146.1881237624752,-36.04365613524271],[146.17372347446945,-36.019960077801564],[146.1521230424608,-36.026730379927606],[146.14492289845793,-36.01318977567552],[146.13052261045215,-36.019960077801564],[146.13052261045215,-36.0098046246125],[146.13772275445507,-36.0098046246125],[146.13772275445507,-36.00303432248646],[146.11612232244642,-36.01657492673854],[146.10892217844355,-36.01318977567552],[146.10892217844355,-36.00641947354948],[146.09452189043776,-36.0098046246125],[146.09452189043776,-36.019960077801564],[146.0729214584291,-36.01657492673854],[146.0729214584291,-36.0098046246125],[146.05852117042338,-36.01318977567552],[146.0513210264205,-35.996264020360414],[146.0513210264205,-36.00303432248646],[146.02972059441186,-35.996264020360414],[146.01532030640607,-36.00641947354948],[146.0081201624032,-36.00303432248646],[145.97211944238882,-36.01657492673854],[145.97211944238882,-36.00641947354948],[145.95771915438303,-36.00641947354948],[145.96491929838595,-35.996264020360414],[145.9433188663773,-35.98272341610833],[145.95051901038016,-35.975953113982285],[145.9433188663773,-35.96579766079322],[145.9289185783715,-35.972567962919264],[145.9289185783715,-35.96579766079322],[145.90011800236,-35.96918281185624],[145.90011800236,-35.9624125097302],[145.9073181463629,-35.95564220760416],[145.90011800236,-35.952257056541136],[145.85691713834274,-35.95902735866718],[145.84971699433987,-35.96918281185624],[145.85691713834274,-35.975953113982285],[145.84251685033695,-35.972567962919264],[145.84971699433987,-35.97933826504531],[145.84251685033695,-35.98272341610833],[145.82811656233122,-35.975953113982285],[145.82811656233122,-35.98272341610833],[145.81371627432543,-35.98272341610833],[145.81371627432543,-35.98949371823437],[145.81371627432543,-35.99287886929739],[145.80651613032256,-35.98272341610833],[145.79211584231683,-35.98272341610833],[145.79211584231683,-35.972567962919264],[145.77771555431104,-35.972567962919264],[145.77771555431104,-35.95902735866718],[145.74891497829952,-35.96579766079322],[145.7345146902938,-35.95902735866718],[145.7345146902938,-35.952257056541136],[145.720114402288,-35.952257056541136],[145.72731454629087,-35.94210160335207],[145.720114402288,-35.93533130122603],[145.69851397027935,-35.93533130122603],[145.69851397027935,-35.925175848036965],[145.70571411428227,-35.925175848036965],[145.69851397027935,-35.92179069697394],[145.68411368227362,-35.93194615016301],[145.67691353827075,-35.925175848036965],[145.67691353827075,-35.91840554591092],[145.66971339426783,-35.91840554591092],[145.6553131062621,-35.901479790595815],[145.6409128182563,-35.89470948846977],[145.62651253025058,-35.881168884217686],[145.6193123862477,-35.88455403528071],[145.62651253025058,-35.874398582091644],[145.6121122422448,-35.87101343102862],[145.62651253025058,-35.86762827996561],[145.62651253025058,-35.86424312890259],[145.60491209824193,-35.86762827996561],[145.60491209824193,-35.874398582091644],[145.59771195423906,-35.874398582091644],[145.59771195423906,-35.860857977839565],[145.58331166623327,-35.860857977839565],[145.5905118102362,-35.8507025246505],[145.56171123422467,-35.833776769335394],[145.56891137822754,-35.82700646720935],[145.55451109022175,-35.82700646720935],[145.56171123422467,-35.813465862957266],[145.5473109462189,-35.813465862957266],[145.54011080221602,-35.82023616508331],[145.54011080221602,-35.810080711894244],[145.53291065821315,-35.8033104097682],[145.52571051421023,-35.81685101402029],[145.50411008220163,-35.810080711894244],[145.48970979419585,-35.813465862957266],[145.47530950619006,-35.810080711894244],[145.46090921818433,-35.82700646720935],[145.45370907418146,-35.82023616508331],[145.43930878617567,-35.837161920398415],[145.41050821016415,-35.83039161827237],[145.41050821016415,-35.84731737358748],[145.3889077781555,-35.8507025246505],[145.3529070581411,-35.86762827996561],[145.3241064821296,-35.8507025246505],[145.29530590611807,-35.860857977839565],[145.27370547410942,-35.84393222252446],[145.2593051861037,-35.8507025246505],[145.2593051861037,-35.833776769335394],[145.2449048980979,-35.83039161827237],[145.2233044660893,-35.833776769335394],[145.2233044660893,-35.84393222252446],[145.18730374607486,-35.833776769335394],[145.180103602072,-35.84054707146144],[145.15130302606048,-35.84393222252446],[145.15850317006334,-35.83039161827237],[145.13690273805474,-35.82700646720935],[145.13690273805474,-35.833776769335394],[145.12970259405182,-35.82023616508331],[145.12970259405182,-35.83039161827237],[145.1153023060461,-35.82023616508331],[145.09370187403744,-35.837161920398415],[145.08650173003457,-35.82700646720935],[145.05770115402305,-35.837161920398415],[145.05050101002018,-35.833776769335394],[145.02170043400866,-35.857472826776544],[144.99289985799714,-35.8507025246505],[144.99289985799714,-35.857472826776544],[144.9712994259885,-35.86424312890259],[144.97849956999136,-35.88455403528071],[144.94969899397984,-35.93194615016301],[144.9568991379827,-35.9624125097302],[144.92809856197118,-35.96918281185624],[144.92089841796832,-35.98949371823437],[144.94249884997697,-36.00303432248646],[144.94249884997697,-36.01318977567552],[144.96409928198563,-36.01657492673854],[144.9712994259885,-36.04365613524271],[144.98569971399422,-36.05719673949479],[144.97849956999136,-36.07073734374688],[144.94969899397984,-36.08427794799896],[144.9352987059741,-36.067352192683856],[144.86329726594528,-36.06058189055781],[144.86329726594528,-36.07073734374688],[144.8560971219424,-36.063967041620835],[144.8560971219424,-36.0741224948099],[144.84889697793955,-36.0741224948099],[144.84889697793955,-36.08089279693594],[144.84169683393662,-36.08427794799896],[144.84169683393662,-36.10120370331407],[144.82009640192803,-36.10797400544011],[144.8128962579251,-36.10120370331407],[144.8128962579251,-36.111359156503134],[144.80569611392224,-36.10797400544011],[144.8128962579251,-36.114744307566156],[144.80569611392224,-36.12489976075522],[144.7912958259165,-36.11812945862918],[144.77689553791072,-36.12828491181824],[144.76969539390785,-36.114744307566156],[144.7480949618992,-36.1215146096922],[144.74089481789633,-36.10797400544011],[144.72649452989054,-36.11812945862918],[144.71929438588768,-36.111359156503134],[144.72649452989054,-36.091048250125006],[144.7120942418848,-36.087663099061984],[144.70489409788195,-36.09443340118803],[144.69769395387902,-36.087663099061984],[144.69769395387902,-36.09443340118803],[144.6832936658733,-36.09443340118803],[144.69049380987616,-36.06058189055781],[144.6688933778675,-36.067352192683856],[144.66169323386464,-36.07750764587292],[144.65449308986177,-36.07073734374688],[144.65449308986177,-36.05381158843177],[144.6472929458589,-36.05719673949479],[144.63289265785312,-36.04704128630573],[144.62569251385025,-36.05042643736875],[144.62569251385025,-36.06058189055781],[144.61849236984733,-36.06058189055781],[144.62569251385025,-36.063967041620835],[144.61849236984733,-36.07750764587292],[144.61129222584447,-36.063967041620835],[144.61849236984733,-36.04704128630573],[144.61849236984733,-36.03011553099063],[144.6040920818416,-36.03688583311667],[144.61129222584447,-36.04027098417969],[144.59689193783873,-36.03688583311667],[144.5896917938358,-36.04365613524271],[144.58249164983295,-36.03688583311667],[144.5896917938358,-36.026730379927606],[144.56809136182721,-36.023345228864585],[144.5608912178243,-36.00641947354948],[144.5608912178243,-36.01318977567552],[144.55369107382143,-36.00303432248646],[144.51769035380704,-35.996264020360414],[144.51049020980417,-35.98949371823437],[144.51769035380704,-35.96918281185624],[144.51049020980417,-35.972567962919264],[144.51049020980417,-35.96579766079322],[144.50329006580125,-35.96918281185624],[144.50329006580125,-35.95902735866718],[144.4960899217984,-35.96918281185624],[144.48888977779552,-35.95564220760416],[144.48168963379266,-35.95902735866718],[144.48888977779552,-35.948871905478114],[144.48168963379266,-35.952257056541136],[144.48168963379266,-35.94548675441509],[144.46728934578687,-35.94548675441509],[144.47448948978973,-35.94210160335207],[144.46728934578687,-35.94210160335207],[144.46728934578687,-35.93194615016301],[144.460089201784,-35.93871645228905],[144.4456889137782,-35.93533130122603],[144.42408848176962,-35.91840554591092],[144.42408848176962,-35.904864941658836],[144.4168883377667,-35.91163524378488],[144.42408848176962,-35.901479790595815],[144.40968819376383,-35.904864941658836],[144.4168883377667,-35.89470948846977],[144.40248804976096,-35.881168884217686],[144.40968819376383,-35.87101343102862],[144.40248804976096,-35.86762827996561],[144.40968819376383,-35.857472826776544],[144.3952879057581,-35.86424312890259],[144.38808776175517,-35.857472826776544],[144.38808776175517,-35.8507025246505],[144.3808876177523,-35.85408767571352],[144.3808876177523,-35.84054707146144],[144.37368747374944,-35.837161920398415],[144.3808876177523,-35.833776769335394],[144.37368747374944,-35.83039161827237],[144.3808876177523,-35.82023616508331],[144.36648732974658,-35.82023616508331],[144.3808876177523,-35.813465862957266],[144.36648732974658,-35.810080711894244],[144.37368747374944,-35.79315495657914],[144.35928718574365,-35.79654010764216],[144.3520870417408,-35.789769805516116],[144.35928718574365,-35.786384654453094],[144.3520870417408,-35.786384654453094],[144.3520870417408,-35.766073748074966],[144.3160863217264,-35.766073748074966],[144.33048660973213,-35.75253314382288],[144.29448588971775,-35.7559182948859],[144.3016860337206,-35.742377690633816],[144.29448588971775,-35.73560738850777],[144.26568531370623,-35.75253314382288],[144.2512850257005,-35.72206678425569],[144.21528430568605,-35.70514102894058],[144.22248444968898,-35.69498557575152],[144.21528430568605,-35.68821527362548],[144.19368387367746,-35.68483012256246],[144.18648372967453,-35.671289518310374],[144.16488329766594,-35.671289518310374],[144.15048300966015,-35.6442083098062],[144.14328286565728,-35.647593460869224],[144.1288825776515,-35.64082315874318],[144.11448228964576,-35.627282554491096],[144.1072821456429,-35.59004589279786],[144.0640812816256,-35.576505288545775],[144.0640812816256,-35.56973498641973],[144.04968099361986,-35.56296468429369],[144.04248084961694,-35.549424080041604],[144.03528070561407,-35.55619438216765],[144.01368027360542,-35.552809231104625],[144.00648012960255,-35.56296468429369],[143.99207984159682,-35.55619438216765],[143.99927998559969,-35.54603892897858],[143.99927998559969,-35.53588347578952],[143.97767955359103,-35.5324983247265],[143.9632792655853,-35.5155725694114],[143.97047940958817,-35.508802267285354],[143.97047940958817,-35.49864681409629],[143.93447868957378,-35.50541711622233],[143.93447868957378,-35.49864681409629],[143.90567811356226,-35.49864681409629],[143.90567811356226,-35.49526166303327],[143.87687753755074,-35.485106209844204],[143.86967739354782,-35.47833590771816],[143.8552771055421,-35.47833590771816],[143.8552771055421,-35.461410152403054],[143.81207624152478,-35.44786954815097],[143.8192763855277,-35.437714094961905],[143.79047580951618,-35.4207883396468],[143.7616752335046,-35.42417349070982],[143.76887537750753,-35.417403188583776],[143.7616752335046,-35.414018037520755],[143.76887537750753,-35.40047743326867],[143.75447508950174,-35.386936829016584],[143.7112742254845,-35.39370713114263],[143.7112742254845,-35.38355167795356],[143.70407408148156,-35.390321980079605],[143.70407408148156,-35.37678137582752],[143.68967379347583,-35.38355167795356],[143.68247364947297,-35.37001107370148],[143.68247364947297,-35.3733962247645],[143.66807336146718,-35.37001107370148],[143.66807336146718,-35.386936829016584],[143.65367307346145,-35.38355167795356],[143.63927278545566,-35.40047743326867],[143.6320726414528,-35.39370713114263],[143.6320726414528,-35.38355167795356],[143.617672353447,-35.386936829016584],[143.617672353447,-35.37001107370148],[143.60327206544127,-35.366625922638455],[143.5960719214384,-35.35308531838637],[143.56007120142397,-35.33615956307127],[143.5672713454269,-35.302308052441056],[143.57447148942975,-35.302308052441056],[143.5888717774355,-35.28199714606293],[143.58167163343262,-35.26507139074782],[143.57447148942975,-35.26845654181084],[143.57447148942975,-35.254915937558756],[143.5672713454269,-35.24476048436969],[143.58167163343262,-35.22106442692854],[143.5672713454269,-35.20752382267646],[143.54567091341823,-35.20752382267646],[143.54567091341823,-35.2142941248025],[143.53127062541245,-35.22106442692854],[143.51687033740671,-35.21090897373948],[143.4736694733894,-35.21767927586552],[143.4520690413808,-35.19059806736135],[143.39446788935777,-35.19398321842437],[143.38726774535485,-35.18382776523531],[143.39446788935777,-35.17367231204624],[143.38006760135198,-35.17367231204624],[143.38726774535485,-35.14659110354208],[143.35846716934333,-35.116124743974886],[143.35846716934333,-35.1025841397228],[143.35126702534046,-35.10596929078582],[143.3440668813376,-35.09581383759676],[143.3440668813376,-35.085658384407694],[143.33686673733473,-35.07888808228165],[143.3440668813376,-35.07550293121863],[143.33686673733473,-35.06873262909259],[143.35126702534046,-35.065347478029565],[143.33686673733473,-35.061962326966544],[143.33686673733473,-35.04842172271446],[143.3296665933318,-35.0551920248405],[143.33686673733473,-35.041651420588416],[143.3296665933318,-35.04503657165144],[143.32246644932894,-35.038266269525394],[143.33686673733473,-35.038266269525394],[143.3296665933318,-35.02472566527331],[143.33686673733473,-35.01118506102122],[143.3296665933318,-34.994259305706116],[143.31526630532608,-34.994259305706116],[143.32246644932894,-34.98071870145404],[143.31526630532608,-34.953637492949866],[143.32246644932894,-34.9434820397608],[143.33686673733473,-34.9434820397608],[143.3440668813376,-34.93332658657174],[143.3440668813376,-34.91301568019361],[143.32246644932894,-34.88931962275246],[143.3440668813376,-34.88254932062642],[143.33686673733473,-34.86900871637433],[143.35126702534046,-34.85885326318527],[143.3440668813376,-34.852082961059224],[143.35846716934333,-34.84531265893318],[143.3440668813376,-34.84531265893318],[143.35846716934333,-34.81823145042901],[143.3440668813376,-34.80807599723995],[143.35126702534046,-34.791150241924846],[143.31526630532608,-34.791150241924846],[143.3080661613232,-34.78099478873578],[143.29366587331742,-34.791150241924846],[143.28646572931456,-34.784379939798804],[143.28646572931456,-34.79453539298787],[143.2792655853117,-34.791150241924846],[143.27206544130877,-34.77760963767276],[143.25046500930017,-34.77422448660974],[143.27206544130877,-34.75391358023161],[143.2648652973059,-34.74714327810557],[143.25046500930017,-34.75729873129463],[143.24326486529725,-34.74714327810557],[143.22886457729152,-34.74714327810557],[143.22166443328865,-34.75729873129463],[143.21446428928573,-34.736987824916504],[143.22166443328865,-34.73021752279046],[143.20006400128,-34.73360267385348],[143.20006400128,-34.716676918538376],[143.17846356927134,-34.716676918538376],[143.17846356927134,-34.70990661641233],[143.17126342526848,-34.7200620696014],[143.1640632812656,-34.716676918538376],[143.1640632812656,-34.69636601216025],[143.14966299325982,-34.713291767475354],[143.1352627052541,-34.69975116322327],[143.1208624172483,-34.70313631428629],[143.12806256125117,-34.692980861097226],[143.10646212924257,-34.70313631428629],[143.11366227324544,-34.68621055897118],[143.1208624172483,-34.68621055897118],[143.11366227324544,-34.67944025684514],[143.09206184123678,-34.69975116322327],[143.07766155323105,-34.69636601216025],[143.07046140922813,-34.67944025684514],[143.0560611212224,-34.69975116322327],[143.0416608332166,-34.68621055897118],[143.0416608332166,-34.70313631428629],[143.02726054521088,-34.692980861097226],[143.03446068921374,-34.68282540790816],[143.0128602572051,-34.692980861097226],[143.020060401208,-34.6726699547191],[142.9912598251965,-34.6726699547191],[142.9912598251965,-34.66251450153003],[142.9768595371907,-34.669284803656076],[142.98405968119357,-34.68282540790816],[142.96965939318784,-34.69636601216025],[142.96245924918497,-34.665899652593055],[142.94805896117919,-34.669284803656076],[142.93365867317345,-34.65574419940399],[142.91925838516767,-34.65574419940399],[142.92645852917053,-34.64897389727795],[142.90485809716193,-34.65574419940399],[142.89045780915615,-34.665899652593055],[142.897657953159,-34.6726699547191],[142.88325766515328,-34.67944025684514],[142.88325766515328,-34.6726699547191],[142.87605752115036,-34.67605510578212],[142.8688573771475,-34.66251450153003],[142.86165723314463,-34.665899652593055],[142.8688573771475,-34.64897389727795],[142.85445708914176,-34.63881844408888],[142.8688573771475,-34.62866299089983],[142.85445708914176,-34.61850753771076],[142.84005680113597,-34.625277839836805],[142.84005680113597,-34.61173723558472],[142.82565651313024,-34.6083520845217],[142.82565651313024,-34.601581782395655],[142.81845636912732,-34.61173723558472],[142.8040560811216,-34.6083520845217],[142.81125622512445,-34.58804117814357],[142.79685593711872,-34.598196631332634],[142.7896557931158,-34.59142632920659],[142.81125622512445,-34.5609599696394],[142.7896557931158,-34.54741936538731],[142.78245564911293,-34.56434512070242],[142.7680553611072,-34.56773027176544],[142.78245564911293,-34.58127087601753],[142.74645492909855,-34.577885724954506],[142.74645492909855,-34.58804117814357],[142.76085521710428,-34.59142632920659],[142.76085521710428,-34.601581782395655],[142.74645492909855,-34.601581782395655],[142.7248544970899,-34.59142632920659],[142.71765435308703,-34.601581782395655],[142.70325406508124,-34.598196631332634],[142.70325406508124,-34.61512238664774],[142.6888537770755,-34.61850753771076],[142.71045420908416,-34.621892688773784],[142.70325406508124,-34.625277839836805],[142.6888537770755,-34.65235904834097],[142.71045420908416,-34.66251450153003],[142.71045420908416,-34.67605510578212],[142.68165363307264,-34.669284803656076],[142.68165363307264,-34.67944025684514],[142.6888537770755,-34.69975116322327],[142.68165363307264,-34.713291767475354],[142.69605392107837,-34.72344722066442],[142.68165363307264,-34.72344722066442],[142.67445348906972,-34.73021752279046],[142.6888537770755,-34.73360267385348],[142.68165363307264,-34.740372975979525],[142.66725334506685,-34.736987824916504],[142.660053201064,-34.7200620696014],[142.63845276905533,-34.73360267385348],[142.61685233704668,-34.73021752279046],[142.6240524810496,-34.75729873129463],[142.6456529130582,-34.764069033420675],[142.63845276905533,-34.78099478873578],[142.61685233704668,-34.784379939798804],[142.56645132902656,-34.7674541844837],[142.55925118502364,-34.77422448660974],[142.53045060901212,-34.75391358023161],[142.52325046500926,-34.760683882357654],[142.50885017700352,-34.75052842916859],[142.50885017700352,-34.740372975979525],[142.5016500330006,-34.740372975979525],[142.5160503210064,-34.70313631428629],[142.5016500330006,-34.69975116322327],[142.5160503210064,-34.689595710034205],[142.5016500330006,-34.67944025684514],[142.49444988899774,-34.669284803656076],[142.480049600992,-34.6726699547191],[142.47284945698908,-34.665899652593055],[142.47284945698908,-34.64897389727795],[142.480049600992,-34.63543329302587],[142.45124902498048,-34.63204814196285],[142.46564931298622,-34.625277839836805],[142.45844916898335,-34.61512238664774],[142.46564931298622,-34.61173723558472],[142.45844916898335,-34.60496693345868],[142.47284945698908,-34.59142632920659],[142.45844916898335,-34.58804117814357],[142.47284945698908,-34.577885724954506],[142.46564931298622,-34.56434512070242],[142.45124902498048,-34.5609599696394],[142.45844916898335,-34.58127087601753],[142.45124902498048,-34.58465602708055],[142.44404888097756,-34.574500573891484],[142.42964859297183,-34.574500573891484],[142.42964859297183,-34.5609599696394],[142.40804816096318,-34.56773027176544],[142.40804816096318,-34.54064906326127],[142.39364787295744,-34.550804516450334],[142.37924758495166,-34.54064906326127],[142.37924758495166,-34.530493610072206],[142.36484729694592,-34.530493610072206],[142.4008480169603,-34.52372330794616],[142.3720474409488,-34.51695300582012],[142.39364787295744,-34.49325694837897],[142.37924758495166,-34.48987179731595],[142.3720474409488,-34.503412401568035],[142.357647152943,-34.50002725050501],[142.36484729694592,-34.483101495189906],[142.38644772895452,-34.479716344126885],[142.37924758495166,-34.4661757398748],[142.35044700894014,-34.46956089093782],[142.36484729694592,-34.435709380307614],[142.357647152943,-34.43232422924459],[142.36484729694592,-34.42216877605553],[142.35044700894014,-34.42216877605553],[142.357647152943,-34.412013322866464],[142.35044700894014,-34.39508756755136],[142.36484729694592,-34.38493211436229],[142.3720474409488,-34.388317265425314],[142.36484729694592,-34.37139151011021],[142.37924758495166,-34.364621207984165],[142.36484729694592,-34.36123605692114],[142.38644772895452,-34.36123605692114],[142.38644772895452,-34.34769545266906],[142.39364787295744,-34.344310301606036],[142.39364787295744,-34.33753999947999],[142.36484729694592,-34.32738454629093],[142.32884657693148,-34.340925150543015],[142.2928458569171,-34.32399939522791],[142.28564571291423,-34.32738454629093],[142.28564571291423,-34.31045879097582],[142.30004600091996,-34.3070736399128],[142.28564571291423,-34.29691818672374],[142.27124542490844,-34.30368848884978],[142.26404528090558,-34.29691818672374],[142.24964499289985,-34.3070736399128],[142.23524470489406,-34.3070736399128],[142.23524470489406,-34.29691818672374],[142.24964499289985,-34.28337758247166],[142.24964499289985,-34.26645182715655],[142.23524470489406,-34.25629637396749],[142.24244484889692,-34.24614092077842],[142.24244484889692,-34.23260031652634],[142.23524470489406,-34.22244486333727],[142.24244484889692,-34.21228941014821],[142.23524470489406,-34.202133956959145],[142.23524470489406,-34.21567456121123],[142.22084441688833,-34.181823050581016],[142.19924398487967,-34.181823050581016],[142.18484369687388,-34.17505274845497],[142.17044340886815,-34.181823050581016],[142.1632432648653,-34.17166759739195],[142.15604312086236,-34.17166759739195],[142.1632432648653,-34.154741842076845],[142.1488429768595,-34.1479715399508],[142.13444268885377,-34.16151214420289],[142.12004240084798,-34.15812699313987],[142.12004240084798,-34.17505274845497],[142.0840416808336,-34.17505274845497],[142.07684153683073,-34.15812699313987],[142.06244124882494,-34.151356691013824],[142.07684153683073,-34.131045784635695],[142.02644052881055,-34.12427548250965],[142.02644052881055,-34.11750518038361],[142.04084081681629,-34.10396457613153],[142.04084081681629,-34.10057942506851],[142.01204024080477,-34.10396457613153],[142.01924038480763,-34.12427548250965],[141.97603952079038,-34.11412002932059],[141.9688393767875,-34.12089033144663],[141.9688393767875,-34.13443093569872],[141.94723894477886,-34.12089033144663],[141.93283865677307,-34.13781608676174],[141.9256385127702,-34.13443093569872],[141.93283865677307,-34.12427548250965],[141.9256385127702,-34.11412002932059],[141.90403808076155,-34.11073487825757],[141.88243764875295,-34.11412002932059],[141.88963779275582,-34.12427548250965],[141.87523750475003,-34.13781608676174],[141.86803736074717,-34.127660633572674],[141.85363707274144,-34.131045784635695],[141.85363707274144,-34.12427548250965],[141.83923678473565,-34.131045784635695],[141.78883577671547,-34.11073487825757],[141.77443548870974,-34.11750518038361],[141.77443548870974,-34.10057942506851],[141.76003520070395,-34.11073487825757],[141.7528350567011,-34.10734972719455],[141.76003520070395,-34.09719427400549],[141.74563491269822,-34.10396457613153],[141.73123462469243,-34.090423971879446],[141.72403448068957,-34.09380912294247],[141.73123462469243,-34.10396457613153],[141.7168343366867,-34.11412002932059],[141.70963419268384,-34.09719427400549],[141.68083361667232,-34.10057942506851],[141.63043260865214,-34.12089033144663],[141.63043260865214,-34.14458638888778],[141.6088321766435,-34.13781608676174],[141.61603232064635,-34.154741842076845],[141.60163203264062,-34.1479715399508],[141.58723174463483,-34.151356691013824],[141.60163203264062,-34.16151214420289],[141.58723174463483,-34.178437899517995],[141.60163203264062,-34.18520820164404],[141.60163203264062,-34.19197850377008],[141.58723174463483,-34.18520820164404],[141.58723174463483,-34.19874880589612],[141.55843116862331,-34.19197850377008],[141.55123102462045,-34.202133956959145],[141.53683073661472,-34.19197850377008],[141.53683073661472,-34.21228941014821],[141.5080301606032,-34.21567456121123],[141.5080301606032,-34.20890425908519],[141.51523030460606,-34.202133956959145],[141.5080301606032,-34.19197850377008],[141.51523030460606,-34.181823050581016],[141.4936298725974,-34.154741842076845],[141.4648292965859,-34.16489729526591],[141.45042900858016,-34.16151214420289],[141.44322886457724,-34.16828244632893],[141.43602872057437,-34.16151214420289],[141.43602872057437,-34.14458638888778],[141.40722814456285,-34.1479715399508],[141.40722814456285,-34.127660633572674],[141.3856277125542,-34.13443093569872],[141.37842756855133,-34.12089033144663],[141.37122742454847,-34.12089033144663],[141.37122742454847,-34.127660633572674],[141.35682713654268,-34.11073487825757],[141.3496269925398,-34.11073487825757],[141.3496269925398,-34.12427548250965],[141.32802656053116,-34.13781608676174],[141.32802656053116,-34.127660633572674],[141.31362627252543,-34.12427548250965],[141.3208264165283,-34.11073487825757],[141.29922598451964,-34.11412002932059],[141.2848256965139,-34.10396457613153],[141.2560251205024,-34.07688336762736],[141.2416248324966,-34.087038820816424],[141.24882497649952,-34.07349821656434],[141.2416248324966,-34.05995761231225],[141.22722454449087,-34.07349821656434],[141.220024400488,-34.063342763375275],[141.2056241124822,-34.063342763375275],[141.18402368047356,-34.08026851869038],[141.19122382447648,-34.090423971879446],[141.18402368047356,-34.090423971879446],[141.1768235364707,-34.07349821656434],[141.1624232484649,-34.0836536697534],[141.15522310446204,-34.0836536697534],[141.15522310446204,-34.07011306550132],[141.1408228164563,-34.066727914438296],[141.15522310446204,-34.063342763375275],[141.15522310446204,-34.05318731018621],[141.1408228164563,-34.063342763375275],[141.1408228164563,-34.05657246124923],[141.11922238444765,-34.063342763375275],[141.097621952439,-34.04980215912319],[141.09042180843613,-34.05657246124923],[141.097621952439,-34.07011306550132],[141.09042180843613,-34.07688336762736],[141.08322166443327,-34.063342763375275],[141.06882137642748,-34.063342763375275],[141.06882137642748,-34.04980215912319],[141.04002080041596,-34.05995761231225],[141.04002080041596,-34.043031856997146],[141.0328206564131,-34.0362615548711],[141.02562051241023,-34.05995761231225],[141.00402008040157,-34.039646705934125],[141.00402008040157,-34.02610610168204],[141.01122022440444,-34.02610610168204],[141.00402008040157,-34.02272095061902],[140.9968199363987,-28.99915677309547],[148.96017920358406,-28.99915677309547],[148.9745794915898,-28.97546071565432],[148.99617992359845,-28.9720755645913],[149.01058021160418,-28.958534960339215],[149.03218064361283,-28.955149809276193],[149.04658093161862,-28.917913147582958],[149.06098121962435,-28.911142845456915],[149.06098121962435,-28.887446788015765],[149.0537810756215,-28.884061636952744],[149.082581651633,-28.856980428448573],[149.082581651633,-28.843439824196487],[149.09698193963874,-28.833284371007423],[149.10418208364166,-28.836669522070444],[149.11138222764453,-28.8298992199444],[149.12578251565026,-28.836669522070444],[149.14018280365605,-28.823128917818366],[149.14018280365605,-28.80620316250326],[149.1617832356647,-28.80958831356628],[149.17618352367043,-28.802818011440237],[149.19058381167622,-28.779121953999088],[149.19058381167622,-28.775736802936066],[149.2265845316906,-28.765581349747002],[149.24818496369926,-28.73850014124283],[149.25538510770212,-28.741885292305852],[149.262585251705,-28.73511499017981],[149.26978539570786,-28.741885292305852],[149.29858597171938,-28.71141893273866],[149.32018640372803,-28.71480408380168],[149.3273865477309,-28.697878328486574],[149.34898697973955,-28.697878328486574],[149.35618712374242,-28.68433772423449],[149.38498769975394,-28.694493177423553],[149.39218784375686,-28.677567422108446],[149.4065881317626,-28.674182271045424],[149.42098841976838,-28.653871364667296],[149.41378827576546,-28.650486213604275],[149.42818856377124,-28.650486213604275],[149.4353887077741,-28.633560458289175],[149.42818856377124,-28.630175307226153],[149.44258885177697,-28.62001985403709],[149.44258885177697,-28.613249551911046],[149.4497889957799,-28.59632379659594],[149.4713894277885,-28.592938645532918],[149.47858957179142,-28.582783192343854],[149.50019000380001,-28.579398041280832],[149.50019000380001,-28.57601289021781],[149.5145902918058,-28.582783192343854],[149.52899057981153,-28.57262773915479],[149.5505910118202,-28.579398041280832],[149.56499129982598,-28.57262773915479],[149.58659173183457,-28.57262773915479],[149.60819216384323,-28.59970894765896],[149.62259245184902,-28.592938645532918],[149.6441928838576,-28.59970894765896],[149.65139302786054,-28.613249551911046],[149.6585931718634,-28.616634702974068],[149.6585931718634,-28.609864400848025],[149.67299345986913,-28.62340500510011],[149.66579331586627,-28.630175307226153],[149.70179403588065,-28.633560458289175],[149.70899417988358,-28.62001985403709],[149.70179403588065,-28.616634702974068],[149.7233944678893,-28.609864400848025],[149.74499489989796,-28.62001985403709],[149.75219504390083,-28.609864400848025],[149.78099561991235,-28.613249551911046],[149.80979619592387,-28.606479249785004],[149.8169963399268,-28.616634702974068],[149.83139662793252,-28.603094098721982],[149.8457969159383,-28.609864400848025],[149.86019720394404,-28.603094098721982],[149.89619792395843,-28.62340500510011],[149.91779835596708,-28.606479249785004],[149.93939878797573,-28.609864400848025],[149.93939878797573,-28.616634702974068],[149.95379907598146,-28.606479249785004],[149.97539950799012,-28.613249551911046],[150.01860037200743,-28.579398041280832],[150.04740094801895,-28.582783192343854],[150.04740094801895,-28.589553494469897],[150.07620152403047,-28.57601289021781],[150.08340166803333,-28.582783192343854],[150.08340166803333,-28.57601289021781],[150.0906018120362,-28.579398041280832],[150.0906018120362,-28.565857437028747],[150.11220224404485,-28.569242588091768],[150.11940238804772,-28.559087134902704],[150.14100282005637,-28.565857437028747],[150.1554031080621,-28.54893168171364],[150.1554031080621,-28.555701983839683],[150.1698033960679,-28.54893168171364],[150.1698033960679,-28.562472285965725],[150.18420368407362,-28.555701983839683],[150.17700354007076,-28.562472285965725],[150.18420368407362,-28.565857437028747],[150.18420368407362,-28.57262773915479],[150.19140382807655,-28.565857437028747],[150.21300426008514,-28.57262773915479],[150.21300426008514,-28.565857437028747],[150.22740454809093,-28.569242588091768],[150.22740454809093,-28.555701983839683],[150.24180483609666,-28.559087134902704],[150.2346046920938,-28.55231683277666],[150.29220584411684,-28.538776228524576],[150.32100642012836,-28.555701983839683],[150.32820656413122,-28.57262773915479],[150.34980699613988,-28.57601289021781],[150.34980699613988,-28.586168343406875],[150.37140742814853,-28.59970894765896],[150.36420728414566,-28.606479249785004],[150.37140742814853,-28.62001985403709],[150.38580771615426,-28.626790156163132],[150.38580771615426,-28.633560458289175],[150.40020800416005,-28.626790156163132],[150.41460829216578,-28.633560458289175],[150.41460829216578,-28.650486213604275],[150.42900858017157,-28.650486213604275],[150.4434088681773,-28.66402681785636],[150.4578091561831,-28.66741196891938],[150.4866097321946,-28.657256515730317],[150.51541030820613,-28.66064166679334],[150.522610452209,-28.653871364667296],[150.53701074021478,-28.66064166679334],[150.52981059621186,-28.66741196891938],[150.54421088421765,-28.670797119982403],[150.5514110282205,-28.66741196891938],[150.5514110282205,-28.657256515730317],[150.5514110282205,-28.653871364667296],[150.55861117222338,-28.66064166679334],[150.58021160423203,-28.653871364667296],[150.6018120362407,-28.670797119982403],[150.62341246824934,-28.66741196891938],[150.6306126122522,-28.677567422108446],[150.67381347626952,-28.650486213604275],[150.68101362027238,-28.66064166679334],[150.7098141962839,-28.650486213604275],[150.73141462829255,-28.633560458289175],[150.75301506030115,-28.633560458289175],[150.79621592431846,-28.653871364667296],[150.8178163563271,-28.657256515730317],[150.8178163563271,-28.66741196891938],[150.84661693233863,-28.674182271045424],[150.87541750835015,-28.694493177423553],[150.90421808436167,-28.68772287529751],[150.9330186603732,-28.704648630612617],[150.94021880437606,-28.731729839116788],[151.01222024440483,-28.741885292305852],[151.02662053241062,-28.76219619868398],[151.02662053241062,-28.768966500810023],[151.01942038840775,-28.772351651873045],[151.02662053241062,-28.792662558251173],[151.04102082041635,-28.799432860377216],[151.03382067641348,-28.82651406888138],[151.04822096441927,-28.843439824196487],[151.05542110842214,-28.85021012632253],[151.08422168443366,-28.833284371007423],[151.1058221164423,-28.836669522070444],[151.1058221164423,-28.843439824196487],[151.13462269245383,-28.860365579511594],[151.19942398847974,-28.884061636952744],[151.2066241324826,-28.90098739226785],[151.23542470849412,-28.904372543330872],[151.242624852497,-28.924683449709],[151.2714254285085,-28.938224053961086],[151.2858257165143,-28.955149809276193],[151.2714254285085,-28.9720755645913],[151.2858257165143,-28.982231017780364],[151.27862557251143,-28.985616168843386],[151.2858257165143,-29.005927075221507],[151.2714254285085,-29.029623132662657],[151.2858257165143,-29.0363934347887],[151.2858257165143,-29.049934039040785],[151.27862557251143,-29.077015247544956],[151.27862557251143,-29.100711304986106],[151.31462629252582,-29.13456281561632],[151.30742614852295,-29.148103419868406],[151.31462629252582,-29.165029175183513],[151.33622672453447,-29.17856977943559],[151.3938278765575,-29.17856977943559],[151.40822816456324,-29.151488570931427],[151.4298285965719,-29.148103419868406],[151.45142902858055,-29.127792513490277],[151.46582931658628,-29.097326153923085],[151.48742974859493,-29.08717070073402],[151.50183003660067,-29.070244945418914],[151.4946298925978,-29.056704341166828],[151.50183003660067,-29.019467679473593],[151.5378307566151,-28.982231017780364],[151.54503090061797,-28.951764658213172],[151.56663133262663,-28.941609205024108],[151.5738314766295,-28.94499435608713],[151.60983219664388,-28.924683449709],[151.63143262865253,-28.928068600772022],[151.64583291665832,-28.917913147582958],[151.67463349266984,-28.907757694393894],[151.70343406868136,-28.87052103270066],[151.73223464469288,-28.87052103270066],[151.7466349326986,-28.917913147582958],[151.77543550871013,-28.938224053961086],[151.76823536470727,-28.955149809276193],[151.77543550871013,-28.958534960339215],[151.80423608472165,-28.94499435608713],[151.81143622872452,-28.958534960339215],[151.83303666073317,-28.958534960339215],[151.84023680473604,-28.941609205024108],[151.84023680473604,-28.917913147582958],[151.84743694873896,-28.907757694393894],[151.89783795675908,-28.914527996519936],[151.91943838876773,-28.928068600772022],[151.9698393967879,-28.917913147582958],[151.99863997279942,-28.894217090141808],[151.99863997279942,-28.911142845456915],[152.01304026080516,-28.907757694393894],[152.0346406928138,-28.863750730574615],[152.0346406928138,-28.85021012632253],[152.02744054881094,-28.856980428448573],[152.01304026080516,-28.85021012632253],[152.02024040480808,-28.840054673133466],[152.0346406928138,-28.819743766755344],[152.0346406928138,-28.789277407188152],[152.04184083681668,-28.779121953999088],[152.0346406928138,-28.755425896557938],[152.0490409808196,-28.741885292305852],[152.04184083681668,-28.731729839116788],[152.07784155683112,-28.70803378167564],[152.06344126882533,-28.697878328486574],[152.06344126882533,-28.680952573171467],[152.0490409808196,-28.680952573171467],[152.04184083681668,-28.66402681785636],[152.01304026080516,-28.66402681785636],[151.99143982879656,-28.62340500510011],[151.98423968479364,-28.582783192343854],[151.95543910878212,-28.562472285965725],[151.95543910878212,-28.518465322146447],[151.98423968479364,-28.50492471789436],[151.99143982879656,-28.52523562427249],[152.02024040480808,-28.52523562427249],[152.0490409808196,-28.494769264705297],[152.06344126882533,-28.484613811516233],[152.0706414128282,-28.467688056201133],[152.12104242084837,-28.464302905138112],[152.15704314086275,-28.43383654557092],[152.18584371687427,-28.43722169663394],[152.1930438608772,-28.43383654557092],[152.2146442928858,-28.450762300886026],[152.26504530090597,-28.38982958175164],[152.28664573291462,-28.393214732814663],[152.30824616492328,-28.36274837324747],[152.34424688493766,-28.369518675373513],[152.3586471729434,-28.36274837324747],[152.38744774895497,-28.369518675373513],[152.4162483249665,-28.332282013680278],[152.40904818096357,-28.31535625836517],[152.4162483249665,-28.298430503050064],[152.445048900978,-28.298430503050064],[152.445048900978,-28.291660200924028],[152.4666493329866,-28.257808690293814],[152.5098501970039,-28.24765323710475],[152.53145062901257,-28.261193841356835],[152.52425048500965,-28.305200805176106],[152.5458509170183,-28.322126560491213],[152.55305106102116,-28.31535625836517],[152.55305106102116,-28.322126560491213],[152.56745134902695,-28.322126560491213],[152.58185163703268,-28.33905231580632],[152.60345206904134,-28.308585956239128],[152.60345206904134,-28.284889898797985],[152.61785235704713,-28.267964143482878],[152.62505250105,-28.298430503050064],[152.63945278905572,-28.31197110730215],[152.66825336506724,-28.31197110730215],[152.68265365307303,-28.328896862617256],[152.72585451709028,-28.34243746686934],[152.7546550931018,-28.36274837324747],[152.77625552511046,-28.345822617932363],[152.80505610112198,-28.352592920058406],[152.8338566771335,-28.318741409428192],[152.8770575411508,-28.308585956239128],[152.93465869317384,-28.33905231580632],[152.97065941318823,-28.332282013680278],[153.00666013320262,-28.34243746686934],[153.042660853217,-28.33905231580632],[153.10746214924296,-28.355978071121427],[153.12906258125156,-28.332282013680278],[153.1218624372487,-28.318741409428192],[153.14346286925735,-28.31197110730215],[153.15786315726308,-28.29504535198705],[153.165063301266,-28.29504535198705],[153.15786315726308,-28.281504747734964],[153.17226344526887,-28.27473444560892],[153.17946358927173,-28.24765323710475],[153.2298645972919,-28.264578992419857],[153.2442648852977,-28.24426808604173],[153.2658653173063,-28.24765323710475],[153.28026560531208,-28.234112632852664],[153.33066661333226,-28.237497783915686],[153.33786675733512,-28.25103838816777],[153.35946718934377,-28.24765323710475],[153.3882677653553,-28.234112632852664],[153.4098681973639,-28.210416575411514],[153.4386687733754,-28.186720517970365],[153.46026920538407,-28.179950215844322],[153.47466949338985,-28.156254158403172],[153.5322706454129,-28.1765650647813],[153.53947078941576,-28.169794762655258],[153.54667093341862,-28.169794762655258],[153.54667093341862,-28.183335366907343],[153.53947078941576,-28.1765650647813],[153.52507050140997,-28.190105669033386],[153.51067021340424,-28.190105669033386],[153.51067021340424,-28.193490820096407],[153.49626992539845,-28.207031424348493],[153.50347006940137,-28.207031424348493],[153.50347006940137,-28.213801726474536],[153.49626992539845,-28.22057202860058],[153.5178703574071,-28.22057202860058],[153.51067021340424,-28.217186877537557],[153.5178703574071,-28.193490820096407],[153.5322706454129,-28.190105669033386],[153.53947078941576,-28.183335366907343],[153.53947078941576,-28.193490820096407],[153.5538710774215,-28.193490820096407],[153.5610712214244,-28.207031424348493],[153.5538710774215,-28.210416575411514],[153.5610712214244,-28.217186877537557],[153.53947078941576,-28.234112632852664],[153.5538710774215,-28.234112632852664],[153.53947078941576,-28.237497783915686],[153.53947078941576,-28.24426808604173],[153.5538710774215,-28.237497783915686],[153.56827136542728,-28.20364627328547],[153.56827136542728,-28.237497783915686],[153.58987179743593,-28.257808690293814],[153.56827136542728,-28.325511711554235],[153.582671653433,-28.36274837324747],[153.5538710774215,-28.454147451949048],[153.5538710774215,-28.532005926398533],[153.56827136542728,-28.589553494469897],[153.58987179743593,-28.62340500510011],[153.61867237344745,-28.640330760415218],[153.64027280545605,-28.636945609352196],[153.61867237344745,-28.677567422108446],[153.61867237344745,-28.721574385927724],[153.5970719414388,-28.775736802936066],[153.61147222944453,-28.843439824196487],[153.58987179743593,-28.87390618376368],[153.57547150943014,-28.867135881637637],[153.57547150943014,-28.840054673133466],[153.5610712214244,-28.84682497525951],[153.56827136542728,-28.85021012632253],[153.57547150943014,-28.87052103270066],[153.52507050140997,-28.87390618376368],[153.56827136542728,-28.884061636952744],[153.57547150943014,-28.8772913348267],[153.58987179743593,-28.8772913348267],[153.53947078941576,-28.924683449709],[153.46746934938693,-29.019467679473593],[153.43146862937255,-29.100711304986106],[153.4386687733754,-29.11425190923819],[153.4530690613812,-29.117637060301213],[153.44586891737833,-29.13456281561632],[153.4530690613812,-29.141333117742363],[153.40266805336103,-29.20226583687674],[153.345066901338,-29.29705006664134],[153.345066901338,-29.34444218152364],[153.35226704534085,-29.357982785775718],[153.35946718934377,-29.354597634712697],[153.3738674773495,-29.36475308790176],[153.36666733334664,-29.422300655973125],[153.3738674773495,-29.425685807036146],[153.36666733334664,-29.429070958099167],[153.3738674773495,-29.43922641128823],[153.35946718934377,-29.466307619792403],[153.36666733334664,-29.48323337510751],[153.35946718934377,-29.496773979359595],[153.35946718934377,-29.523855187863767],[153.35226704534085,-29.540780943178866],[153.33066661333226,-29.588173058061166],[153.33786675733512,-29.605098813376273],[153.345066901338,-29.608483964439294],[153.32346646932933,-29.632180021880444],[153.32346646932933,-29.662646381447637],[153.33066661333226,-29.676186985699722],[153.30186603732074,-29.716808798455972],[153.2946658933178,-29.754045460149207],[153.30186603732074,-29.774356366527336],[153.28746574931495,-29.798052423968485],[153.2946658933178,-29.825133632472657],[153.28026560531208,-29.83528908566172],[153.2658653173063,-29.865755445228913],[153.2658653173063,-29.886066351607035],[153.28026560531208,-29.892836653733077],[153.27306546130922,-29.916532711174227],[153.25866517330343,-29.930073315426313],[153.25866517330343,-29.953769372867463],[153.2298645972919,-29.980850581371634],[153.19386387727752,-30.04178330050602],[153.19386387727752,-30.055323904758104],[153.20826416528325,-30.05870905582112],[153.20826416528325,-30.068864509010183],[153.2010640212804,-30.102716019640397],[153.21546430928612,-30.10948632176644],[153.2010640212804,-30.139952681333632],[153.20826416528325,-30.15687843664874],[153.165063301266,-30.197500249404996],[153.14346286925735,-30.255047817476353],[153.1506630132602,-30.278743874917502],[153.13626272525448,-30.29905478129563],[153.15786315726308,-30.305825083421674],[153.14346286925735,-30.302439932358652],[153.14346286925735,-30.309210234484695],[153.1506630132602,-30.309210234484695],[153.13626272525448,-30.315980536610738],[153.11466229324583,-30.339676594051888],[153.10746214924296,-30.376913255745123],[153.07866157323144,-30.410764766375337],[153.07866157323144,-30.431075672753458],[153.042660853217,-30.468312334446694],[153.02826056521127,-30.498778694013886],[153.02826056521127,-30.5326302046441],[153.02826056521127,-30.546170808896186],[153.01386027720548,-30.563096564211293],[153.00666013320262,-30.607103528030564],[153.0210604212084,-30.64772534078682],[152.99945998919975,-30.678191700354013],[152.98505970119396,-30.732354117362355],[152.99945998919975,-30.749279872677462],[152.99945998919975,-30.78651653437069],[153.01386027720548,-30.86098985775716],[153.03546070921414,-30.88130076413529],[153.0570611412228,-30.888071066261332],[153.07146142922852,-30.88130076413529],[153.06426128522565,-30.874530462009247],[153.07866157323144,-30.87791561307227],[153.0858617172343,-30.911767123702482],[153.09306186123717,-30.921922576891546],[153.0570611412228,-30.959159238584775],[153.03546070921414,-31.003166202404053],[153.042660853217,-31.040402864097288],[153.0570611412228,-31.053943468349374],[153.06426128522565,-31.04717316622333],[153.06426128522565,-31.057328619412395],[153.0570611412228,-31.07086922366448],[153.0570611412228,-31.081024676853545],[153.00666013320262,-31.125031640672816],[152.9778595571911,-31.172423755555116],[152.9778595571911,-31.18257920874418],[152.98505970119396,-31.1859643598072],[152.96345926918536,-31.213045568311372],[152.96345926918536,-31.243511927878565],[152.97065941318823,-31.25366738106763],[152.96345926918536,-31.307829798075964],[152.9778595571911,-31.314600100202007],[152.93465869317384,-31.361992215084307],[152.9130582611652,-31.409384329966606],[152.93465869317384,-31.477087351227027],[152.8770575411508,-31.53124976823537],[152.84825696513929,-31.571871580991626],[152.84105682113636,-31.588797336306733],[152.84825696513929,-31.60233794055882],[152.8338566771335,-31.63280430012601],[152.84825696513929,-31.642959753315075],[152.80505610112198,-31.680196415008304],[152.79065581311625,-31.710662774575496],[152.80505610112198,-31.730973680953625],[152.76185523710473,-31.76821034264686],[152.7330546610932,-31.812217306466138],[152.7330546610932,-31.83591336390728],[152.7546550931018,-31.846068817096345],[152.6898537970759,-31.876535176663538],[152.6106522130442,-31.947623348986987],[152.56745134902695,-32.005170917058344],[152.56745134902695,-32.008556068121365],[152.5458509170183,-32.02886697449949],[152.53865077301543,-32.0457927298146],[152.5458509170183,-32.07287393831877],[152.5098501970039,-32.11688090213805],[152.50265005300105,-32.14396211064222],[152.5098501970039,-32.17104331914639],[152.53865077301543,-32.18119877233545],[152.5458509170183,-32.20150967871358],[152.56745134902695,-32.21505028296566],[152.56745134902695,-32.22859088721775],[152.53865077301543,-32.25905724678494],[152.52425048500965,-32.292908757415155],[152.52425048500965,-32.313219663793284],[152.53865077301543,-32.33014541910839],[152.55305106102116,-32.33353057017141],[152.53145062901257,-32.357226627612555],[152.53145062901257,-32.380922685053704],[152.52425048500965,-32.38769298717975],[152.51705034100678,-32.408003893557876],[152.51705034100678,-32.428314799936004],[152.53865077301543,-32.43508510206205],[152.53865077301543,-32.44185540418809],[152.4162483249665,-32.482477216944346],[152.3370467409348,-32.52648418076362],[152.30104602092035,-32.56033569139383],[152.28664573291462,-32.594187202024045],[152.22904458089158,-32.614498108402174],[152.1930438608772,-32.64834961903239],[152.18584371687427,-32.68558628072562],[152.1930438608772,-32.69574173391469],[152.20744414888293,-32.69574173391469],[152.20744414888293,-32.70251203604072],[152.1930438608772,-32.69912688497771],[152.17144342886854,-32.67881597859958],[152.14264285285702,-32.67881597859958],[152.12824256485123,-32.68558628072562],[152.12824256485123,-32.67543082753656],[152.13544270885416,-32.67204567647354],[152.12104242084837,-32.65850507222145],[152.1138422768455,-32.6822011296626],[152.0706414128282,-32.688971431788644],[152.0490409808196,-32.67543082753656],[152.06344126882533,-32.668660525410516],[152.06344126882533,-32.64834961903239],[152.04184083681668,-32.66189022328447],[152.04184083681668,-32.67881597859958],[152.02744054881094,-32.665275374347495],[151.99143982879656,-32.668660525410516],[151.99143982879656,-32.65850507222145],[151.98423968479364,-32.665275374347495],[151.9698393967879,-32.65511992115843],[151.96263925278504,-32.67204567647354],[151.95543910878212,-32.665275374347495],[151.95543910878212,-32.67543082753656],[151.94103882077638,-32.67543082753656],[151.95543910878212,-32.67881597859958],[151.96263925278504,-32.69912688497771],[151.97703954079077,-32.688971431788644],[151.97703954079077,-32.705897187103744],[151.9698393967879,-32.71605264029281],[151.94103882077638,-32.71605264029281],[151.94823896477925,-32.732978395607915],[151.93383867677352,-32.73636354667094],[151.98423968479364,-32.72620809348187],[151.99143982879656,-32.71943779135583],[151.99863997279942,-32.72620809348187],[152.02024040480808,-32.71943779135583],[152.0490409808196,-32.729593244544894],[152.05624112482246,-32.71605264029281],[152.06344126882533,-32.73636354667094],[152.0706414128282,-32.73636354667094],[152.0706414128282,-32.72620809348187],[152.05624112482246,-32.709282338166766],[152.06344126882533,-32.69912688497771],[152.09224184483685,-32.729593244544894],[152.09944198883971,-32.72620809348187],[152.10664213284264,-32.71605264029281],[152.14264285285702,-32.71943779135583],[152.16424328486568,-32.709282338166766],[152.1786435728714,-32.71943779135583],[152.18584371687427,-32.71266748922979],[152.18584371687427,-32.73974869773396],[152.17144342886854,-32.74313384879698],[152.17144342886854,-32.76005960411209],[152.12104242084837,-32.77021505730115],[152.1138422768455,-32.776985359427194],[152.12104242084837,-32.783755661553236],[152.1138422768455,-32.78714081261626],[152.1138422768455,-32.7939111147423],[152.05624112482246,-32.783755661553236],[151.88343766875334,-32.83791807856158],[151.80423608472165,-32.88531019344387],[151.78983579671592,-32.919161704074085],[151.77543550871013,-32.91239140194804],[151.79703594071879,-32.88192504238085],[151.782635652713,-32.88531019344387],[151.77543550871013,-32.90223594875898],[151.77543550871013,-32.88869534450689],[151.73223464469288,-32.87853989131783],[151.76823536470727,-32.895465646632935],[151.77543550871013,-32.92254685513711],[151.76823536470727,-32.915776553011064],[151.7610352207044,-32.92254685513711],[151.7610352207044,-32.92593200620013],[151.782635652713,-32.92593200620013],[151.80423608472165,-32.915776553011064],[151.73943478869575,-32.96316866789336],[151.72503450068996,-32.97670927214545],[151.73223464469288,-33.01056078277566],[151.66743334866692,-33.05118259553192],[151.66023320466405,-33.07149350191004],[151.66023320466405,-33.08503410616213],[151.6386327726554,-33.08503410616213],[151.6386327726554,-33.08841925722515],[151.66023320466405,-33.09180440828817],[151.66743334866692,-33.08841925722515],[151.64583291665832,-33.1121153146663],[151.6530330606612,-33.12227076785536],[151.64583291665832,-33.12227076785536],[151.64583291665832,-33.13919652317047],[151.63143262865253,-33.152737127422554],[151.6386327726554,-33.176433184863704],[151.62423248464967,-33.18658863805277],[151.62423248464967,-33.19674409124183],[151.602632052641,-33.21028469549392],[151.56663133262663,-33.244136206124125],[151.56663133262663,-33.271217414628296],[151.58103162063236,-33.28137286781736],[151.52343046860932,-33.315224378447574],[151.50183003660067,-33.342305586951746],[151.50183003660067,-33.32537983163664],[151.54503090061797,-33.27798771675434],[151.5378307566151,-33.267832263565275],[151.52343046860932,-33.26106196143923],[151.5378307566151,-33.26106196143923],[151.55223104462084,-33.244136206124125],[151.55943118862376,-33.25090650825017],[151.55943118862376,-33.23736590399808],[151.54503090061797,-33.23398075293506],[151.5378307566151,-33.240751055061104],[151.53063061261224,-33.22044014868298],[151.5090301806036,-33.223825299746004],[151.51623032460645,-33.26106196143923],[151.4946298925978,-33.26444711250225],[151.48742974859493,-33.28137286781736],[151.47302946058915,-33.28137286781736],[151.46582931658628,-33.30168377419549],[151.45142902858055,-33.29829862313247],[151.44422888457763,-33.30845407632153],[151.45142902858055,-33.318609529510596],[151.46582931658628,-33.32876498269966],[151.44422888457763,-33.32876498269966],[151.43702874057476,-33.342305586951746],[151.45142902858055,-33.35584619120383],[151.47302946058915,-33.366001644392895],[151.4946298925978,-33.3355352848257],[151.50183003660067,-33.34569073801477],[151.50183003660067,-33.362616493329874],[151.48742974859493,-33.37615709758196],[151.48742974859493,-33.39985315502311],[151.44422888457763,-33.43708981671634],[151.45142902858055,-33.45063042096842],[151.43702874057476,-33.46755617628353],[151.44422888457763,-33.48786708266166],[151.4298285965719,-33.4946373847877],[151.4154283085661,-33.52171859329187],[151.365027300546,-33.53187404648094],[151.34342686853734,-33.548799801796044],[151.33622672453447,-33.52171859329187],[151.34342686853734,-33.528488895417915],[151.365027300546,-33.52171859329187],[151.3506270125402,-33.504792837976765],[151.3506270125402,-33.51494829116583],[151.33622672453447,-33.51494829116583],[151.31462629252582,-33.528488895417915],[151.30742614852295,-33.555570103922086],[151.2714254285085,-33.552184952859065],[151.25702514050278,-33.56911070817417],[151.242624852497,-33.555570103922086],[151.25702514050278,-33.53525919754396],[151.23542470849412,-33.528488895417915],[151.23542470849412,-33.51156314010281],[151.2498249964999,-33.50817798903979],[151.24295213176987,-33.49848414735933],[151.22822456449126,-33.50817798903979],[151.22822456449126,-33.52171859329187],[151.21382427648547,-33.52171859329187],[151.19942398847974,-33.4946373847877],[151.2066241324826,-33.481096780535616],[151.21382427648547,-33.48786708266166],[151.21382427648547,-33.477711629472594],[151.23542470849412,-33.47432647840957],[151.21382427648547,-33.47094132734655],[151.19222384447687,-33.48786708266166],[151.19222384447687,-33.51156314010281],[151.2066241324826,-33.52171859329187],[151.19942398847974,-33.53525919754396],[151.18502370047395,-33.501407686913744],[151.17062341246822,-33.501407686913744],[151.16342326846535,-33.51494829116583],[151.15622312446243,-33.51156314010281],[151.15622312446243,-33.525103744354894],[151.1418228364567,-33.525103744354894],[151.13462269245383,-33.51494829116583],[151.1274225484509,-33.51833344222885],[151.12022240444804,-33.51156314010281],[151.1274225484509,-33.504792837976765],[151.11302226044518,-33.50817798903979],[151.12022240444804,-33.52171859329187],[151.13462269245383,-33.51833344222885],[151.1274225484509,-33.53187404648094],[151.13462269245383,-33.52171859329187],[151.1418228364567,-33.528488895417915],[151.13462269245383,-33.54202949967],[151.1274225484509,-33.53864434860698],[151.12022240444804,-33.54541465073302],[151.1274225484509,-33.54202949967],[151.1418228364567,-33.548799801796044],[151.1418228364567,-33.54202949967],[151.14902298045956,-33.56234040604813],[151.1274225484509,-33.56911070817417],[151.13462269245383,-33.579266161363236],[151.12022240444804,-33.58603646348927],[151.1418228364567,-33.58603646348927],[151.13462269245383,-33.57249585923719],[151.14902298045956,-33.56911070817417],[151.16342326846535,-33.575881010300215],[151.14902298045956,-33.552184952859065],[151.17062341246822,-33.55895525498511],[151.14902298045956,-33.53525919754396],[151.17062341246822,-33.53864434860698],[151.16342326846535,-33.528488895417915],[151.17782355647108,-33.51494829116583],[151.18502370047395,-33.53525919754396],[151.19942398847974,-33.54202949967],[151.19942398847974,-33.54541465073302],[151.19942398847974,-33.548799801796044],[151.2265788172906,-33.54560808793662],[151.2210244204884,-33.56911070817417],[151.21382427648547,-33.56572555711115],[151.21382427648547,-33.57249585923719],[151.2210244204884,-33.575881010300215],[151.22822456449126,-33.56234040604813],[151.2498249964999,-33.579266161363236],[151.23542470849412,-33.592806765615315],[151.2066241324826,-33.592806765615315],[151.21382427648547,-33.6063473698674],[151.16342326846535,-33.62665827624553],[151.16942338846775,-33.629479235464714],[151.17062341246822,-33.62665827624553],[151.2210244204884,-33.60973252093042],[151.22822456449126,-33.616502823056464],[151.2210244204884,-33.59957706774136],[151.23542470849412,-33.60296221880438],[151.242624852497,-33.592806765615315],[151.2498249964999,-33.59957706774136],[151.26422528450564,-33.596191916678336],[151.2498249964999,-33.58942161455229],[151.2714254285085,-33.58942161455229],[151.2858257165143,-33.57249585923719],[151.29302586051716,-33.57249585923719],[151.30742614852295,-33.579266161363236],[151.29302586051716,-33.6063473698674],[151.30742614852295,-33.60296221880438],[151.30022600452003,-33.619887974119486],[151.2858257165143,-33.62327312518251],[151.29302586051716,-33.63004342730855],[151.2714254285085,-33.63004342730855],[151.2858257165143,-33.63681372943459],[151.2714254285085,-33.65712463581272],[151.2858257165143,-33.643584031560636],[151.30742614852295,-33.66050978687574],[151.30022600452003,-33.667280089001785],[151.31462629252582,-33.667280089001785],[151.30022600452003,-33.65035433368668],[151.30742614852295,-33.640198880497614],[151.30742614852295,-33.63681372943459],[151.31462629252582,-33.63004342730855],[151.31462629252582,-33.61311767199344],[151.32902658053155,-33.62327312518251],[151.31462629252582,-33.60296221880438],[151.32182643652868,-33.579266161363236],[151.33622672453447,-33.58265131242625],[151.32182643652868,-33.596191916678336],[151.34342686853734,-33.62327312518251],[151.30742614852295,-33.687590995379914],[151.31462629252582,-33.69774644856898],[151.30742614852295,-33.70451675069502],[151.30022600452003,-33.72821280813617],[151.31462629252582,-33.741753412388256],[151.29302586051716,-33.74513856345128],[151.30022600452003,-33.74513856345128],[151.30022600452003,-33.75190886557732],[151.30022600452003,-33.76883462089242],[151.29302586051716,-33.77221977195544],[151.29302586051716,-33.782375225144506],[151.2858257165143,-33.79253067833357],[151.30742614852295,-33.806071282585656],[151.30022600452003,-33.82299703790076],[151.2858257165143,-33.81961188683774],[151.29302586051716,-33.80945643364868],[151.2858257165143,-33.80945643364868],[151.27862557251143,-33.79930098045961],[151.26422528450564,-33.79930098045961],[151.27862557251143,-33.80945643364868],[151.26422528450564,-33.81961188683774],[151.2498249964999,-33.79930098045961],[151.23542470849412,-33.802686131522634],[151.23222464449285,-33.78914552727055],[151.21382427648547,-33.78914552727055],[151.2210244204884,-33.79591582939659],[151.22822456449126,-33.79591582939659],[151.22822456449126,-33.802686131522634],[151.2210244204884,-33.806071282585656],[151.22822456449126,-33.806071282585656],[151.23542470849412,-33.8128415847117],[151.242624852497,-33.802686131522634],[151.2498249964999,-33.826382188963784],[151.2714254285085,-33.826382188963784],[151.25702514050278,-33.84330794427889],[151.242624852497,-33.84330794427889],[151.2498249964999,-33.853463397467955],[151.23542470849412,-33.83653764215285],[151.23542470849412,-33.850078246404934],[151.22822456449126,-33.83992279321587],[151.22822456449126,-33.84669309534191],[151.21382427648547,-33.83992279321587],[151.2210244204884,-33.853463397467955],[151.2066241324826,-33.84330794427889],[151.2066241324826,-33.850078246404934],[151.19942398847974,-33.83992279321587],[151.19222384447687,-33.84669309534191],[151.19222384447687,-33.83315249108983],[151.18502370047395,-33.84330794427889],[151.17782355647108,-33.84330794427889],[151.1418228364567,-33.83653764215285],[151.13462269245383,-33.83653764215285],[151.14902298045956,-33.83992279321587],[151.13462269245383,-33.84330794427889],[151.11302226044518,-33.829767340026805],[151.10787930044313,-33.83460327011684],[151.12022240444804,-33.84330794427889],[151.11302226044518,-33.853463397467955],[151.12022240444804,-33.85684854853098],[151.12022240444804,-33.86361885065702],[151.1274225484509,-33.860233699594],[151.12022240444804,-33.850078246404934],[151.1274225484509,-33.84330794427889],[151.1418228364567,-33.84669309534191],[151.1418228364567,-33.853463397467955],[151.14902298045956,-33.84669309534191],[151.1418228364567,-33.84330794427889],[151.15622312446243,-33.84330794427889],[151.16342326846535,-33.85684854853098],[151.1418228364567,-33.86361885065702],[151.14902298045956,-33.86700400172004],[151.1418228364567,-33.87038915278306],[151.14902298045956,-33.87377430384608],[151.18502370047395,-33.84669309534191],[151.19222384447687,-33.853463397467955],[151.18502370047395,-33.853463397467955],[151.19942398847974,-33.860233699594],[151.19942398847974,-33.85684854853098],[151.2066241324826,-33.853463397467955],[151.2066241324826,-33.860233699594],[151.2210244204884,-33.860233699594],[151.2210244204884,-33.87038915278306],[151.22822456449126,-33.85684854853098],[151.23542470849412,-33.87377430384608],[151.242624852497,-33.86700400172004],[151.242624852497,-33.87377430384608],[151.2498249964999,-33.86361885065702],[151.25702514050278,-33.87038915278306],[151.26422528450564,-33.87038915278306],[151.26422528450564,-33.850078246404934],[151.27862557251143,-33.850078246404934],[151.27862557251143,-33.83315249108983],[151.2858257165143,-33.850078246404934],[151.2858257165143,-33.89070005916119],[151.2714254285085,-33.89408521022421],[151.2714254285085,-33.91439611660234],[151.25702514050278,-33.92116641872838],[151.26422528450564,-33.941477325106504],[151.25702514050278,-33.95163277829557],[151.26422528450564,-33.968558533610675],[151.2498249964999,-33.965173382547654],[151.25702514050278,-33.97532883573672],[151.2498249964999,-33.97871398679974],[151.2498249964999,-34.00241004424089],[151.22822456449126,-33.992254591051825],[151.22822456449126,-33.97532883573672],[151.2066241324826,-33.98209913786276],[151.2210244204884,-33.968558533610675],[151.2066241324826,-33.968558533610675],[151.21382427648547,-33.96178823148463],[151.19222384447687,-33.95501792935859],[151.19222384447687,-33.97532883573672],[151.18502370047395,-33.95163277829557],[151.18502370047395,-33.968558533610675],[151.17062341246822,-33.94824762723255],[151.1418228364567,-34.00241004424089],[151.12022240444804,-33.99902489317787],[151.1274225484509,-33.98548428892578],[151.12022240444804,-33.988869439988804],[151.11302226044518,-34.00579519530391],[151.12022240444804,-34.012565497429954],[151.1058221164423,-34.015950648492975],[151.11302226044518,-34.02272095061902],[151.1274225484509,-34.00918034636693],[151.13462269245383,-34.0362615548711],[151.16342326846535,-34.03287640380808],[151.1418228364567,-34.015950648492975],[151.15622312446243,-34.012565497429954],[151.16342326846535,-33.99902489317787],[151.17782355647108,-34.012565497429954],[151.15622312446243,-34.015950648492975],[151.15622312446243,-34.02272095061902],[151.19942398847974,-34.02272095061902],[151.2066241324826,-34.012565497429954],[151.18502370047395,-34.00918034636693],[151.2210244204884,-34.00241004424089],[151.22822456449126,-34.012565497429954],[151.22822456449126,-34.02610610168204],[151.21382427648547,-34.043031856997146],[151.18502370047395,-34.03287640380808],[151.16342326846535,-34.039646705934125],[151.15622312446243,-34.05318731018621],[151.15622312446243,-34.07349821656434],[151.14902298045956,-34.07349821656434],[151.14902298045956,-34.05318731018621],[151.1418228364567,-34.07349821656434],[151.13462269245383,-34.05657246124923],[151.1274225484509,-34.07011306550132],[151.11302226044518,-34.07349821656434],[151.11302226044518,-34.05995761231225],[151.1058221164423,-34.05995761231225],[151.11302226044518,-34.043031856997146],[151.1058221164423,-34.043031856997146],[151.0986219724394,-34.05995761231225],[151.0986219724394,-34.066727914438296],[151.1058221164423,-34.08026851869038],[151.0770215404308,-34.090423971879446],[151.0986219724394,-34.090423971879446],[151.11302226044518,-34.07688336762736],[151.13462269245383,-34.07688336762736],[151.13462269245383,-34.08026851869038],[151.14902298045956,-34.0836536697534],[151.17062341246822,-34.07349821656434],[151.17062341246822,-34.087038820816424]],[[149.26978539570786,-35.275226843936885],[149.26978539570786,-35.25830108862178],[149.23378467569347,-35.24137533330667],[149.24818496369926,-35.227834729054585],[149.24098481969634,-35.22106442692854],[149.21218424368482,-35.22106442692854],[149.20498409968195,-35.23121988011761],[149.20498409968195,-35.21090897373948],[149.19058381167622,-35.204138671613435],[149.19778395567909,-35.18382776523531],[149.1833836676733,-35.177057463109264],[149.19058381167622,-35.1669020099202],[149.16898337966757,-35.160131707794164],[149.1617832356647,-35.14320595247906],[149.1473829476589,-35.14320595247906],[149.1473829476589,-35.139820801416036],[149.14018280365605,-35.136435650353015],[149.14018280365605,-35.12966534822697],[149.1185823716474,-35.12289504610093],[148.80897617952354,-35.3090783545671],[148.7945758915178,-35.33954471413429],[148.80897617952354,-35.38355167795356],[148.7945758915178,-35.39370713114263],[148.7945758915178,-35.40724773539471],[148.7873757475149,-35.40724773539471],[148.7873757475149,-35.42755864177284],[148.7657753155063,-35.464795303466076],[148.77297545950915,-35.485106209844204],[148.7657753155063,-35.49526166303327],[148.77297545950915,-35.529113173663475],[148.7657753155063,-35.54265377791556],[148.78017560351202,-35.55957953323067],[148.77297545950915,-35.56973498641973],[148.7873757475149,-35.58666074173484],[148.7657753155063,-35.603586497049946],[148.78017560351202,-35.627282554491096],[148.7657753155063,-35.647593460869224],[148.80177603552067,-35.66790436724735],[148.7945758915178,-35.70514102894058],[148.82337646752933,-35.72206678425569],[148.83777675553506,-35.742377690633816],[148.8568057075427,-35.751324161300374],[148.87377747554945,-35.72206678425569],[148.88097761955237,-35.715296482129645],[148.88817776355523,-35.718681633192666],[148.8953779075581,-35.75253314382288],[148.90257805156097,-35.75930344594892],[148.8953779075581,-35.77284405020101],[148.8953779075581,-35.79315495657914],[148.88817776355523,-35.810080711894244],[148.9097781955639,-35.83039161827237],[148.9097781955639,-35.85408767571352],[148.96017920358406,-35.89470948846977],[149.01058021160418,-35.89809463953279],[149.04658093161862,-35.92179069697394],[149.06098121962435,-35.874398582091644],[149.09698193963874,-35.84731737358748],[149.09698193963874,-35.82362131614633],[149.10418208364166,-35.8033104097682],[149.08978179563587,-35.766073748074966],[149.11138222764453,-35.69498557575152],[149.09698193963874,-35.67805982043642],[149.09698193963874,-35.647593460869224],[149.08978179563587,-35.64082315874318],[149.07538150763014,-35.58666074173484],[149.082581651633,-35.579890439608796],[149.14018280365605,-35.59343104386088],[149.13298265965318,-35.552809231104625],[149.15458309166178,-35.50541711622233],[149.13298265965318,-35.45463985027701],[149.15458309166178,-35.437714094961905],[149.14018280365605,-35.43094379283586],[149.1473829476589,-35.414018037520755],[149.20498409968195,-35.34631501626033],[149.25538510770212,-35.32938926094523],[149.33458669173382,-35.33954471413429],[149.34898697973955,-35.34970016732335],[149.39938798775972,-35.31923380775616],[149.39218784375686,-35.302308052441056],[149.36338726774534,-35.3090783545671],[149.34178683573668,-35.28538229712595],[149.32018640372803,-35.28538229712595],[149.31298625972516,-35.275226843936885],[149.26978539570786,-35.275226843936885]]]}},{"type":"Feature","id":1,"properties":{"STATE_CODE":"2","STATE_NAME":"Victoria"},"geometry":{"type":"Polygon","coordinates":[[[144.4960899217984,-38.281240987899764],[144.50329006580125,-38.29139644108883],[144.43128862577248,-38.281240987899764],[144.33048660973213,-38.32186280065602],[144.33048660973213,-38.33878855597112],[144.3016860337206,-38.348944009160185],[144.28008560171202,-38.372640066601335],[144.25848516970336,-38.3827955197904],[144.2512850257005,-38.396336124042485],[144.20088401768032,-38.40649157723155],[144.17928358567167,-38.420032181483634],[144.18648372967453,-38.4301876346727],[144.13608272165442,-38.43357278573572],[144.1072821456429,-38.470809447428955],[144.03528070561407,-38.47419459849198],[143.97767955359103,-38.53174216656333],[143.97767955359103,-38.5418976197524],[143.9848796975939,-38.54866792187844],[143.97767955359103,-38.56559367719355],[143.920078401568,-38.59267488569772],[143.91287825756513,-38.62314124526491],[143.86967739354782,-38.653607604832104],[143.86967739354782,-38.67053336014721],[143.8408768175363,-38.680688813336275],[143.83367667353343,-38.69422941758835],[143.75447508950174,-38.70777002184044],[143.68247364947297,-38.73823638140763],[143.66807336146718,-38.75177698565972],[143.68247364947297,-38.76193243884878],[143.66807336146718,-38.768702740974824],[143.66807336146718,-38.77885819416389],[143.64647292945853,-38.792398798415974],[143.617672353447,-38.795783949478995],[143.5528710574211,-38.85671666861338],[143.50967019340385,-38.85671666861338],[143.43046860937216,-38.78224334522691],[143.40166803336064,-38.78224334522691],[143.35846716934333,-38.75516213672274],[143.3296665933318,-38.75854728778576],[143.3008660173203,-38.75177698565972],[143.2648652973059,-38.76193243884878],[143.25766515330304,-38.772087892037845],[143.23606472129438,-38.7653175899118],[143.07766155323105,-38.65022245376908],[143.0560611212224,-38.64683730270606],[143.0560611212224,-38.64006700058002],[143.0128602572051,-38.62314124526491],[142.94805896117919,-38.61975609420189],[142.93365867317345,-38.62652639632793],[142.897657953159,-38.609600641012825],[142.85445708914176,-38.606215489949804],[142.85445708914176,-38.59267488569772],[142.7896557931158,-38.56897882825657],[142.68165363307264,-38.494505504870105],[142.56645132902656,-38.423417332546656],[142.49444988899774,-38.39295097297946],[142.480049600992,-38.396336124042485],[142.480049600992,-38.399721275105506],[142.47284945698908,-38.40310642616853],[142.3720474409488,-38.348944009160185],[142.30724614492289,-38.35571431128623],[142.28564571291423,-38.36586976447529],[142.26404528090558,-38.36586976447529],[142.24244484889692,-38.37941036872738],[142.24244484889692,-38.38956582191644],[142.2568451369027,-38.38956582191644],[142.24244484889692,-38.396336124042485],[142.1488429768595,-38.39295097297946],[142.0048400968019,-38.31170734746696],[141.93283865677307,-38.27785583683674],[141.88243764875295,-38.26431523258466],[141.73843476869536,-38.25415977939559],[141.68083361667232,-38.26770038364768],[141.60163203264062,-38.31170734746696],[141.6088321766435,-38.34217370703414],[141.62323246464928,-38.34217370703414],[141.62323246464928,-38.36248461341227],[141.6520330406608,-38.39295097297946],[141.63043260865214,-38.39295097297946],[141.62323246464928,-38.40649157723155],[141.61603232064635,-38.39295097297946],[141.5728314566291,-38.38956582191644],[141.55843116862331,-38.40649157723155],[141.55843116862331,-38.42680248360968],[141.54403088061758,-38.43357278573572],[141.52243044860893,-38.41326187935759],[141.5296305926118,-38.40649157723155],[141.52243044860893,-38.38956582191644],[141.45762915258302,-38.36248461341227],[141.43602872057437,-38.35909946234925],[141.40722814456285,-38.36925491553831],[141.41442828856572,-38.396336124042485],[141.37122742454847,-38.38618067085342],[141.3640272805456,-38.376025217664356],[141.3640272805456,-38.36586976447529],[141.40002800055998,-38.33878855597112],[141.39282785655712,-38.318477649593],[141.35682713654268,-38.27447068577372],[141.29202584051677,-38.22030826876538],[141.22722454449087,-38.16953100282006],[141.14802296045917,-38.12552403900079],[141.02562051241023,-38.071361621992445],[140.9680193603872,-38.05443586667734],[140.97521950439005,-37.462034430648615],[140.96081921638427,-35.74914799275986],[140.96081921638427,-33.98209913786276],[140.9680193603872,-33.99563974211485],[140.98241964839292,-33.99902489317787],[140.97521950439005,-34.00918034636693],[140.98961979239579,-34.00918034636693],[140.98241964839292,-34.015950648492975],[140.98961979239579,-34.02949125274506],[140.9968199363987,-34.019335799555996],[141.01122022440444,-34.02610610168204],[141.00402008040157,-34.02610610168204],[141.00402008040157,-34.039646705934125],[141.02562051241023,-34.05995761231225],[141.0328206564131,-34.0362615548711],[141.04002080041596,-34.043031856997146],[141.04002080041596,-34.05995761231225],[141.06882137642748,-34.04980215912319],[141.06882137642748,-34.063342763375275],[141.08322166443327,-34.063342763375275],[141.09042180843613,-34.07688336762736],[141.097621952439,-34.07011306550132],[141.09042180843613,-34.05657246124923],[141.097621952439,-34.04980215912319],[141.11922238444765,-34.063342763375275],[141.1408228164563,-34.05657246124923],[141.1408228164563,-34.063342763375275],[141.15522310446204,-34.05318731018621],[141.15522310446204,-34.063342763375275],[141.1408228164563,-34.066727914438296],[141.15522310446204,-34.07011306550132],[141.15522310446204,-34.0836536697534],[141.1624232484649,-34.0836536697534],[141.1768235364707,-34.07349821656434],[141.18402368047356,-34.090423971879446],[141.19122382447648,-34.087038820816424],[141.18402368047356,-34.08026851869038],[141.2056241124822,-34.063342763375275],[141.220024400488,-34.063342763375275],[141.22722454449087,-34.07349821656434],[141.2416248324966,-34.05995761231225],[141.24882497649952,-34.07349821656434],[141.2416248324966,-34.087038820816424],[141.2560251205024,-34.07688336762736],[141.2848256965139,-34.10396457613153],[141.29922598451964,-34.11412002932059],[141.3208264165283,-34.11073487825757],[141.31362627252543,-34.12427548250965],[141.32802656053116,-34.127660633572674],[141.32802656053116,-34.13781608676174],[141.3496269925398,-34.12427548250965],[141.3496269925398,-34.11073487825757],[141.35682713654268,-34.11073487825757],[141.37122742454847,-34.127660633572674],[141.37122742454847,-34.12089033144663],[141.37842756855133,-34.12089033144663],[141.3856277125542,-34.13443093569872],[141.40722814456285,-34.127660633572674],[141.40722814456285,-34.1479715399508],[141.43602872057437,-34.14458638888778],[141.43602872057437,-34.16151214420289],[141.44322886457724,-34.16828244632893],[141.45042900858016,-34.16151214420289],[141.47922958459168,-34.16489729526591],[141.4936298725974,-34.154741842076845],[141.51523030460606,-34.181823050581016],[141.5080301606032,-34.19197850377008],[141.51523030460606,-34.202133956959145],[141.5080301606032,-34.20890425908519],[141.5080301606032,-34.21567456121123],[141.53683073661472,-34.21228941014821],[141.53683073661472,-34.19197850377008],[141.55123102462045,-34.202133956959145],[141.55843116862331,-34.19197850377008],[141.58723174463483,-34.19874880589612],[141.58723174463483,-34.18520820164404],[141.60163203264062,-34.19197850377008],[141.60163203264062,-34.18520820164404],[141.58723174463483,-34.178437899517995],[141.60163203264062,-34.16151214420289],[141.58723174463483,-34.151356691013824],[141.60163203264062,-34.1479715399508],[141.61603232064635,-34.154741842076845],[141.6088321766435,-34.13781608676174],[141.63043260865214,-34.14458638888778],[141.63043260865214,-34.12089033144663],[141.68083361667232,-34.10057942506851],[141.70963419268384,-34.09719427400549],[141.7168343366867,-34.11412002932059],[141.73123462469243,-34.10396457613153],[141.73123462469243,-34.090423971879446],[141.74563491269822,-34.10396457613153],[141.76003520070395,-34.09719427400549],[141.7528350567011,-34.10734972719455],[141.76003520070395,-34.11073487825757],[141.77443548870974,-34.10057942506851],[141.77443548870974,-34.11750518038361],[141.78883577671547,-34.11073487825757],[141.83923678473565,-34.131045784635695],[141.85363707274144,-34.12427548250965],[141.85363707274144,-34.131045784635695],[141.86803736074717,-34.127660633572674],[141.87523750475003,-34.13781608676174],[141.88963779275582,-34.12427548250965],[141.88243764875295,-34.11412002932059],[141.90403808076155,-34.11073487825757],[141.9256385127702,-34.11412002932059],[141.93283865677307,-34.12427548250965],[141.9256385127702,-34.13443093569872],[141.93283865677307,-34.13781608676174],[141.94723894477886,-34.12089033144663],[141.9688393767875,-34.13443093569872],[141.9688393767875,-34.12089033144663],[141.97603952079038,-34.11412002932059],[142.01924038480763,-34.12427548250965],[142.01204024080477,-34.10396457613153],[142.03364067281342,-34.10057942506851],[142.04084081681629,-34.10396457613153],[142.02644052881055,-34.11750518038361],[142.02644052881055,-34.12427548250965],[142.07684153683073,-34.131045784635695],[142.06244124882494,-34.151356691013824],[142.07684153683073,-34.15812699313987],[142.0840416808336,-34.17505274845497],[142.12004240084798,-34.17505274845497],[142.12004240084798,-34.15812699313987],[142.13444268885377,-34.16151214420289],[142.1488429768595,-34.1479715399508],[142.1632432648653,-34.151356691013824],[142.15604312086236,-34.17166759739195],[142.1632432648653,-34.17166759739195],[142.1632432648653,-34.181823050581016],[142.17764355287102,-34.18520820164404],[142.18484369687388,-34.17505274845497],[142.19924398487967,-34.181823050581016],[142.22084441688833,-34.181823050581016],[142.23524470489406,-34.21567456121123],[142.23524470489406,-34.205519108022166],[142.24244484889692,-34.20890425908519],[142.23524470489406,-34.22244486333727],[142.24244484889692,-34.23260031652634],[142.24244484889692,-34.24614092077842],[142.23524470489406,-34.25629637396749],[142.24964499289985,-34.26645182715655],[142.24964499289985,-34.28337758247166],[142.23524470489406,-34.29691818672374],[142.23524470489406,-34.3070736399128],[142.24964499289985,-34.3070736399128],[142.26404528090558,-34.29691818672374],[142.27124542490844,-34.30368848884978],[142.28564571291423,-34.29691818672374],[142.30004600091996,-34.3070736399128],[142.28564571291423,-34.31045879097582],[142.28564571291423,-34.32738454629093],[142.2928458569171,-34.32399939522791],[142.32884657693148,-34.340925150543015],[142.36484729694592,-34.32738454629093],[142.39364787295744,-34.33753999947999],[142.38644772895452,-34.34769545266906],[142.38644772895452,-34.36123605692114],[142.36484729694592,-34.36123605692114],[142.37924758495166,-34.364621207984165],[142.36484729694592,-34.37139151011021],[142.3720474409488,-34.388317265425314],[142.36484729694592,-34.38493211436229],[142.35044700894014,-34.39508756755136],[142.357647152943,-34.412013322866464],[142.35044700894014,-34.42216877605553],[142.36484729694592,-34.42216877605553],[142.357647152943,-34.43232422924459],[142.36484729694592,-34.435709380307614],[142.35044700894014,-34.46956089093782],[142.37924758495166,-34.4661757398748],[142.38644772895452,-34.479716344126885],[142.36484729694592,-34.483101495189906],[142.357647152943,-34.50002725050501],[142.3720474409488,-34.503412401568035],[142.37924758495166,-34.48987179731595],[142.39364787295744,-34.49325694837897],[142.3720474409488,-34.51695300582012],[142.4008480169603,-34.52372330794616],[142.36484729694592,-34.530493610072206],[142.37924758495166,-34.530493610072206],[142.37924758495166,-34.54064906326127],[142.39364787295744,-34.550804516450334],[142.40804816096318,-34.54064906326127],[142.40804816096318,-34.56773027176544],[142.42964859297183,-34.5609599696394],[142.42964859297183,-34.574500573891484],[142.44404888097756,-34.574500573891484],[142.45124902498048,-34.58465602708055],[142.45844916898335,-34.58127087601753],[142.45124902498048,-34.5609599696394],[142.46564931298622,-34.56434512070242],[142.47284945698908,-34.577885724954506],[142.45844916898335,-34.58804117814357],[142.47284945698908,-34.59142632920659],[142.45844916898335,-34.60496693345868],[142.46564931298622,-34.61173723558472],[142.45844916898335,-34.61512238664774],[142.46564931298622,-34.625277839836805],[142.45124902498048,-34.63204814196285],[142.47284945698908,-34.63881844408888],[142.480049600992,-34.63543329302587],[142.47284945698908,-34.65235904834097],[142.47284945698908,-34.669284803656076],[142.49444988899774,-34.669284803656076],[142.5016500330006,-34.67944025684514],[142.5160503210064,-34.689595710034205],[142.5016500330006,-34.69975116322327],[142.5160503210064,-34.70313631428629],[142.5016500330006,-34.740372975979525],[142.50885017700352,-34.740372975979525],[142.50885017700352,-34.75052842916859],[142.52325046500926,-34.760683882357654],[142.53045060901212,-34.75391358023161],[142.53765075301504,-34.764069033420675],[142.55205104102077,-34.764069033420675],[142.55925118502364,-34.77422448660974],[142.56645132902656,-34.7674541844837],[142.61685233704668,-34.784379939798804],[142.63125262505247,-34.784379939798804],[142.6456529130582,-34.77422448660974],[142.6456529130582,-34.764069033420675],[142.6240524810496,-34.75729873129463],[142.61685233704668,-34.73021752279046],[142.63845276905533,-34.73360267385348],[142.660053201064,-34.7200620696014],[142.66725334506685,-34.736987824916504],[142.68165363307264,-34.740372975979525],[142.6888537770755,-34.73360267385348],[142.67445348906972,-34.73021752279046],[142.68165363307264,-34.72344722066442],[142.69605392107837,-34.72344722066442],[142.68165363307264,-34.713291767475354],[142.6888537770755,-34.69975116322327],[142.68165363307264,-34.67944025684514],[142.68165363307264,-34.669284803656076],[142.71045420908416,-34.67605510578212],[142.71045420908416,-34.66251450153003],[142.6888537770755,-34.65235904834097],[142.70325406508124,-34.625277839836805],[142.71045420908416,-34.621892688773784],[142.6888537770755,-34.61512238664774],[142.70325406508124,-34.61512238664774],[142.70325406508124,-34.598196631332634],[142.71765435308703,-34.601581782395655],[142.7248544970899,-34.59142632920659],[142.74645492909855,-34.601581782395655],[142.76085521710428,-34.598196631332634],[142.76085521710428,-34.58804117814357],[142.74645492909855,-34.58465602708055],[142.74645492909855,-34.577885724954506],[142.78245564911293,-34.58127087601753],[142.7680553611072,-34.56773027176544],[142.78245564911293,-34.56434512070242],[142.7896557931158,-34.54741936538731],[142.81125622512445,-34.5609599696394],[142.7896557931158,-34.59142632920659],[142.79685593711872,-34.598196631332634],[142.81125622512445,-34.58804117814357],[142.8040560811216,-34.6083520845217],[142.81845636912732,-34.61173723558472],[142.82565651313024,-34.601581782395655],[142.82565651313024,-34.6083520845217],[142.84005680113597,-34.61173723558472],[142.84005680113597,-34.625277839836805],[142.85445708914176,-34.61850753771076],[142.8688573771475,-34.62866299089983],[142.85445708914176,-34.63881844408888],[142.8688573771475,-34.64897389727795],[142.86165723314463,-34.665899652593055],[142.8688573771475,-34.66251450153003],[142.87605752115036,-34.67605510578212],[142.88325766515328,-34.6726699547191],[142.88325766515328,-34.67944025684514],[142.897657953159,-34.6726699547191],[142.89045780915615,-34.665899652593055],[142.90485809716193,-34.65574419940399],[142.92645852917053,-34.64897389727795],[142.91925838516767,-34.65574419940399],[142.93365867317345,-34.65574419940399],[142.94805896117919,-34.669284803656076],[142.96245924918497,-34.665899652593055],[142.96965939318784,-34.69636601216025],[142.98405968119357,-34.68282540790816],[142.9768595371907,-34.669284803656076],[142.9912598251965,-34.66251450153003],[142.9912598251965,-34.6726699547191],[143.020060401208,-34.6726699547191],[143.0128602572051,-34.692980861097226],[143.03446068921374,-34.68282540790816],[143.02726054521088,-34.692980861097226],[143.0416608332166,-34.70313631428629],[143.0416608332166,-34.68621055897118],[143.0560611212224,-34.69975116322327],[143.07046140922813,-34.67944025684514],[143.07766155323105,-34.69636601216025],[143.09206184123678,-34.69975116322327],[143.11366227324544,-34.67944025684514],[143.1208624172483,-34.68621055897118],[143.11366227324544,-34.68621055897118],[143.10646212924257,-34.70313631428629],[143.12806256125117,-34.692980861097226],[143.1208624172483,-34.70313631428629],[143.1352627052541,-34.69975116322327],[143.14966299325982,-34.713291767475354],[143.1640632812656,-34.69636601216025],[143.1640632812656,-34.716676918538376],[143.17126342526848,-34.7200620696014],[143.17846356927134,-34.70990661641233],[143.17846356927134,-34.716676918538376],[143.20006400128,-34.716676918538376],[143.20006400128,-34.73360267385348],[143.22166443328865,-34.73021752279046],[143.21446428928573,-34.736987824916504],[143.22166443328865,-34.75729873129463],[143.22886457729152,-34.74714327810557],[143.24326486529725,-34.74714327810557],[143.25046500930017,-34.75729873129463],[143.2648652973059,-34.74714327810557],[143.27206544130877,-34.75391358023161],[143.25046500930017,-34.77422448660974],[143.27206544130877,-34.77760963767276],[143.2792655853117,-34.791150241924846],[143.28646572931456,-34.79453539298787],[143.28646572931456,-34.784379939798804],[143.29366587331742,-34.791150241924846],[143.3080661613232,-34.78099478873578],[143.31526630532608,-34.791150241924846],[143.35126702534046,-34.791150241924846],[143.3440668813376,-34.80807599723995],[143.35846716934333,-34.81823145042901],[143.3440668813376,-34.84531265893318],[143.35846716934333,-34.84531265893318],[143.3440668813376,-34.852082961059224],[143.35126702534046,-34.85885326318527],[143.33686673733473,-34.86900871637433],[143.3440668813376,-34.88254932062642],[143.32246644932894,-34.88931962275246],[143.3440668813376,-34.91301568019361],[143.3440668813376,-34.93332658657174],[143.33686673733473,-34.9434820397608],[143.32246644932894,-34.9434820397608],[143.31526630532608,-34.953637492949866],[143.32246644932894,-34.98071870145404],[143.31526630532608,-34.994259305706116],[143.3296665933318,-34.994259305706116],[143.33686673733473,-35.01118506102122],[143.3296665933318,-35.02472566527331],[143.33686673733473,-35.038266269525394],[143.32246644932894,-35.038266269525394],[143.3296665933318,-35.04503657165144],[143.33686673733473,-35.041651420588416],[143.3296665933318,-35.0551920248405],[143.33686673733473,-35.04842172271446],[143.33686673733473,-35.061962326966544],[143.35126702534046,-35.065347478029565],[143.33686673733473,-35.06873262909259],[143.3440668813376,-35.07550293121863],[143.33686673733473,-35.07888808228165],[143.3440668813376,-35.085658384407694],[143.3440668813376,-35.09581383759676],[143.35126702534046,-35.10596929078582],[143.35846716934333,-35.1025841397228],[143.35846716934333,-35.116124743974886],[143.38726774535485,-35.14659110354208],[143.38006760135198,-35.17367231204624],[143.39446788935777,-35.17367231204624],[143.38726774535485,-35.18382776523531],[143.39446788935777,-35.19398321842437],[143.4520690413808,-35.19059806736135],[143.4736694733894,-35.21767927586552],[143.51687033740671,-35.21090897373948],[143.53127062541245,-35.22106442692854],[143.54567091341823,-35.2142941248025],[143.54567091341823,-35.20752382267646],[143.5672713454269,-35.20752382267646],[143.58167163343262,-35.22106442692854],[143.5672713454269,-35.24476048436969],[143.57447148942975,-35.254915937558756],[143.57447148942975,-35.26845654181084],[143.58167163343262,-35.26507139074782],[143.5888717774355,-35.28199714606293],[143.57447148942975,-35.302308052441056],[143.5672713454269,-35.302308052441056],[143.56007120142397,-35.33615956307127],[143.5960719214384,-35.35308531838637],[143.60327206544127,-35.366625922638455],[143.617672353447,-35.37001107370148],[143.617672353447,-35.386936829016584],[143.6320726414528,-35.38355167795356],[143.6320726414528,-35.39370713114263],[143.63927278545566,-35.40047743326867],[143.65367307346145,-35.38355167795356],[143.66807336146718,-35.386936829016584],[143.66807336146718,-35.37001107370148],[143.68247364947297,-35.3733962247645],[143.68247364947297,-35.37001107370148],[143.68967379347583,-35.38355167795356],[143.70407408148156,-35.37678137582752],[143.70407408148156,-35.390321980079605],[143.7112742254845,-35.38355167795356],[143.7112742254845,-35.39370713114263],[143.75447508950174,-35.386936829016584],[143.76887537750753,-35.40047743326867],[143.7616752335046,-35.414018037520755],[143.76887537750753,-35.417403188583776],[143.7616752335046,-35.42417349070982],[143.79047580951618,-35.4207883396468],[143.8192763855277,-35.437714094961905],[143.81207624152478,-35.44786954815097],[143.8552771055421,-35.461410152403054],[143.8552771055421,-35.47833590771816],[143.86967739354782,-35.47833590771816],[143.87687753755074,-35.485106209844204],[143.90567811356226,-35.49526166303327],[143.90567811356226,-35.49864681409629],[143.93447868957378,-35.49864681409629],[143.93447868957378,-35.50541711622233],[143.97047940958817,-35.49864681409629],[143.97047940958817,-35.508802267285354],[143.9632792655853,-35.5155725694114],[143.97767955359103,-35.5324983247265],[143.99927998559969,-35.53588347578952],[143.99927998559969,-35.54603892897858],[143.99207984159682,-35.55619438216765],[144.00648012960255,-35.56296468429369],[144.01368027360542,-35.552809231104625],[144.03528070561407,-35.55619438216765],[144.04248084961694,-35.549424080041604],[144.04968099361986,-35.56296468429369],[144.0640812816256,-35.56973498641973],[144.0640812816256,-35.576505288545775],[144.1072821456429,-35.59004589279786],[144.11448228964576,-35.627282554491096],[144.1288825776515,-35.64082315874318],[144.14328286565728,-35.647593460869224],[144.15048300966015,-35.6442083098062],[144.16488329766594,-35.671289518310374],[144.18648372967453,-35.671289518310374],[144.19368387367746,-35.68483012256246],[144.21528430568605,-35.68821527362548],[144.22248444968898,-35.69498557575152],[144.21528430568605,-35.70514102894058],[144.2512850257005,-35.72206678425569],[144.26568531370623,-35.75253314382288],[144.29448588971775,-35.73560738850777],[144.3016860337206,-35.742377690633816],[144.29448588971775,-35.7559182948859],[144.33048660973213,-35.75253314382288],[144.3160863217264,-35.766073748074966],[144.3520870417408,-35.766073748074966],[144.3520870417408,-35.786384654453094],[144.35928718574365,-35.786384654453094],[144.3520870417408,-35.789769805516116],[144.35928718574365,-35.79654010764216],[144.37368747374944,-35.79315495657914],[144.36648732974658,-35.810080711894244],[144.3808876177523,-35.813465862957266],[144.36648732974658,-35.82023616508331],[144.3808876177523,-35.82023616508331],[144.37368747374944,-35.83039161827237],[144.3808876177523,-35.833776769335394],[144.37368747374944,-35.837161920398415],[144.3808876177523,-35.84054707146144],[144.3808876177523,-35.85408767571352],[144.38808776175517,-35.8507025246505],[144.38808776175517,-35.857472826776544],[144.3952879057581,-35.86424312890259],[144.40968819376383,-35.857472826776544],[144.40248804976096,-35.86762827996561],[144.40968819376383,-35.87101343102862],[144.40248804976096,-35.881168884217686],[144.4168883377667,-35.89470948846977],[144.40968819376383,-35.904864941658836],[144.42408848176962,-35.901479790595815],[144.4168883377667,-35.91163524378488],[144.42408848176962,-35.904864941658836],[144.42408848176962,-35.91840554591092],[144.4456889137782,-35.93533130122603],[144.460089201784,-35.93871645228905],[144.46728934578687,-35.93194615016301],[144.46728934578687,-35.94210160335207],[144.47448948978973,-35.94210160335207],[144.46728934578687,-35.94548675441509],[144.48168963379266,-35.94548675441509],[144.48168963379266,-35.952257056541136],[144.48888977779552,-35.948871905478114],[144.48168963379266,-35.95902735866718],[144.48888977779552,-35.95564220760416],[144.4960899217984,-35.96918281185624],[144.50329006580125,-35.95902735866718],[144.50329006580125,-35.96918281185624],[144.51049020980417,-35.96579766079322],[144.51049020980417,-35.972567962919264],[144.51769035380704,-35.96918281185624],[144.51049020980417,-35.98949371823437],[144.51769035380704,-35.996264020360414],[144.55369107382143,-36.00303432248646],[144.5608912178243,-36.01318977567552],[144.5608912178243,-36.00641947354948],[144.56809136182721,-36.023345228864585],[144.5896917938358,-36.026730379927606],[144.58249164983295,-36.03688583311667],[144.5896917938358,-36.04365613524271],[144.59689193783873,-36.03688583311667],[144.61129222584447,-36.04027098417969],[144.6040920818416,-36.03688583311667],[144.61849236984733,-36.03011553099063],[144.61849236984733,-36.04704128630573],[144.61129222584447,-36.063967041620835],[144.61849236984733,-36.07750764587292],[144.62569251385025,-36.063967041620835],[144.61849236984733,-36.06058189055781],[144.62569251385025,-36.06058189055781],[144.62569251385025,-36.05042643736875],[144.63289265785312,-36.04704128630573],[144.6472929458589,-36.05719673949479],[144.65449308986177,-36.05381158843177],[144.65449308986177,-36.07073734374688],[144.66169323386464,-36.07750764587292],[144.6688933778675,-36.067352192683856],[144.69049380987616,-36.06058189055781],[144.6832936658733,-36.09443340118803],[144.69769395387902,-36.09443340118803],[144.69769395387902,-36.087663099061984],[144.70489409788195,-36.09443340118803],[144.7120942418848,-36.087663099061984],[144.72649452989054,-36.091048250125006],[144.71929438588768,-36.111359156503134],[144.72649452989054,-36.11812945862918],[144.74089481789633,-36.10797400544011],[144.7480949618992,-36.1215146096922],[144.76969539390785,-36.114744307566156],[144.77689553791072,-36.12828491181824],[144.7912958259165,-36.11812945862918],[144.80569611392224,-36.12489976075522],[144.8128962579251,-36.114744307566156],[144.80569611392224,-36.10797400544011],[144.8128962579251,-36.111359156503134],[144.8128962579251,-36.10120370331407],[144.82009640192803,-36.10797400544011],[144.84169683393662,-36.10120370331407],[144.84169683393662,-36.08427794799896],[144.84889697793955,-36.08089279693594],[144.84889697793955,-36.0741224948099],[144.8560971219424,-36.0741224948099],[144.8560971219424,-36.063967041620835],[144.86329726594528,-36.07073734374688],[144.86329726594528,-36.06058189055781],[144.9352987059741,-36.067352192683856],[144.94969899397984,-36.08427794799896],[144.97849956999136,-36.07073734374688],[144.98569971399422,-36.05719673949479],[144.9712994259885,-36.04365613524271],[144.96409928198563,-36.01657492673854],[144.94249884997697,-36.01318977567552],[144.94249884997697,-36.00303432248646],[144.92089841796832,-35.98949371823437],[144.92809856197118,-35.96918281185624],[144.9568991379827,-35.9624125097302],[144.94969899397984,-35.93194615016301],[144.97849956999136,-35.88455403528071],[144.9712994259885,-35.86424312890259],[144.99289985799714,-35.857472826776544],[144.99289985799714,-35.8507025246505],[145.02170043400866,-35.857472826776544],[145.05050101002018,-35.833776769335394],[145.05770115402305,-35.837161920398415],[145.08650173003457,-35.82700646720935],[145.09370187403744,-35.837161920398415],[145.1153023060461,-35.82023616508331],[145.12970259405182,-35.83039161827237],[145.12970259405182,-35.82023616508331],[145.13690273805474,-35.833776769335394],[145.13690273805474,-35.82700646720935],[145.15850317006334,-35.83039161827237],[145.15130302606048,-35.84393222252446],[145.180103602072,-35.84054707146144],[145.18730374607486,-35.833776769335394],[145.2233044660893,-35.84393222252446],[145.2233044660893,-35.833776769335394],[145.2449048980979,-35.83039161827237],[145.2593051861037,-35.833776769335394],[145.2593051861037,-35.8507025246505],[145.27370547410942,-35.84393222252446],[145.29530590611807,-35.860857977839565],[145.3241064821296,-35.8507025246505],[145.3529070581411,-35.86762827996561],[145.3889077781555,-35.8507025246505],[145.41050821016415,-35.84731737358748],[145.41050821016415,-35.83039161827237],[145.43930878617567,-35.837161920398415],[145.45370907418146,-35.82023616508331],[145.46090921818433,-35.82700646720935],[145.47530950619006,-35.810080711894244],[145.48970979419585,-35.813465862957266],[145.50411008220163,-35.810080711894244],[145.52571051421023,-35.81685101402029],[145.53291065821315,-35.8033104097682],[145.54011080221602,-35.810080711894244],[145.54011080221602,-35.82023616508331],[145.5473109462189,-35.813465862957266],[145.56171123422467,-35.813465862957266],[145.55451109022175,-35.82700646720935],[145.56891137822754,-35.82700646720935],[145.56171123422467,-35.833776769335394],[145.5905118102362,-35.8507025246505],[145.58331166623327,-35.860857977839565],[145.59771195423906,-35.860857977839565],[145.59771195423906,-35.874398582091644],[145.60491209824193,-35.874398582091644],[145.60491209824193,-35.86762827996561],[145.62651253025058,-35.86424312890259],[145.62651253025058,-35.86762827996561],[145.6121122422448,-35.87101343102862],[145.62651253025058,-35.874398582091644],[145.6193123862477,-35.88455403528071],[145.62651253025058,-35.881168884217686],[145.6409128182563,-35.89470948846977],[145.6553131062621,-35.901479790595815],[145.66971339426783,-35.91840554591092],[145.67691353827075,-35.91840554591092],[145.67691353827075,-35.925175848036965],[145.68411368227362,-35.93194615016301],[145.69851397027935,-35.92179069697394],[145.70571411428227,-35.925175848036965],[145.69851397027935,-35.925175848036965],[145.69851397027935,-35.93533130122603],[145.720114402288,-35.93533130122603],[145.72731454629087,-35.94210160335207],[145.720114402288,-35.952257056541136],[145.7345146902938,-35.952257056541136],[145.7345146902938,-35.95902735866718],[145.74891497829952,-35.96579766079322],[145.77771555431104,-35.95902735866718],[145.77771555431104,-35.972567962919264],[145.79211584231683,-35.972567962919264],[145.79211584231683,-35.98272341610833],[145.80651613032256,-35.98272341610833],[145.81371627432543,-35.99287886929739],[145.81371627432543,-35.98949371823437],[145.81371627432543,-35.98272341610833],[145.82811656233122,-35.98272341610833],[145.82811656233122,-35.975953113982285],[145.84251685033695,-35.98272341610833],[145.84971699433987,-35.97933826504531],[145.84251685033695,-35.972567962919264],[145.85691713834274,-35.975953113982285],[145.84971699433987,-35.96918281185624],[145.85691713834274,-35.95902735866718],[145.90011800236,-35.952257056541136],[145.9073181463629,-35.95564220760416],[145.90011800236,-35.9624125097302],[145.90011800236,-35.96918281185624],[145.9289185783715,-35.96579766079322],[145.9289185783715,-35.972567962919264],[145.95051901038016,-35.9624125097302],[145.9433188663773,-35.96579766079322],[145.95051901038016,-35.975953113982285],[145.9433188663773,-35.98272341610833],[145.96491929838595,-35.996264020360414],[145.95771915438303,-36.00641947354948],[145.97211944238882,-36.00641947354948],[145.97211944238882,-36.01657492673854],[146.0081201624032,-36.00303432248646],[146.01532030640607,-36.00641947354948],[146.02972059441186,-35.996264020360414],[146.0513210264205,-36.00303432248646],[146.0513210264205,-35.996264020360414],[146.05852117042338,-36.01318977567552],[146.0729214584291,-36.0098046246125],[146.0729214584291,-36.01657492673854],[146.09452189043776,-36.019960077801564],[146.09452189043776,-36.0098046246125],[146.10892217844355,-36.00641947354948],[146.10892217844355,-36.01318977567552],[146.11612232244642,-36.01657492673854],[146.13772275445507,-36.00303432248646],[146.13772275445507,-36.0098046246125],[146.13052261045215,-36.0098046246125],[146.13052261045215,-36.019960077801564],[146.14492289845793,-36.01318977567552],[146.1521230424608,-36.026730379927606],[146.17372347446945,-36.019960077801564],[146.1881237624752,-36.04365613524271],[146.20252405048097,-36.026730379927606],[146.20252405048097,-36.04027098417969],[146.20972419448384,-36.03011553099063],[146.20972419448384,-36.04027098417969],[146.22412448248963,-36.03011553099063],[146.24572491449823,-36.03011553099063],[146.23852477049536,-36.023345228864585],[146.25292505850115,-36.023345228864585],[146.24572491449823,-36.019960077801564],[146.260125202504,-36.01318977567552],[146.27452549050975,-36.026730379927606],[146.27452549050975,-36.01318977567552],[146.28172563451267,-36.0098046246125],[146.28172563451267,-36.01657492673854],[146.28892577851553,-36.019960077801564],[146.28172563451267,-36.026730379927606],[146.2961259225184,-36.03011553099063],[146.28172563451267,-36.04027098417969],[146.28892577851553,-36.04027098417969],[146.2961259225184,-36.04704128630573],[146.30332606652127,-36.03688583311667],[146.3105262105242,-36.04704128630573],[146.31772635452705,-36.03688583311667],[146.33212664253278,-36.04365613524271],[146.32492649852992,-36.03350068205365],[146.3393267865357,-36.026730379927606],[146.36812736254723,-36.05042643736875],[146.38972779455588,-36.03688583311667],[146.38252765055296,-36.026730379927606],[146.38252765055296,-36.01318977567552],[146.39692793855875,-36.00641947354948],[146.4041280825616,-35.98949371823437],[146.42572851457027,-35.972567962919264],[146.4185283705674,-35.96579766079322],[146.440128802576,-35.96579766079322],[146.44732894657892,-35.97933826504531],[146.4545290905818,-35.9624125097302],[146.46892937858752,-35.975953113982285],[146.46892937858752,-35.98272341610833],[146.49772995459904,-35.98949371823437],[146.50493009860196,-35.98272341610833],[146.49052981059617,-35.98610856717135],[146.49772995459904,-35.97933826504531],[146.50493009860196,-35.95902735866718],[146.5193303866077,-35.95902735866718],[146.53373067461348,-35.98272341610833],[146.5481309626192,-35.99287886929739],[146.55533110662208,-35.98949371823437],[146.55533110662208,-35.97933826504531],[146.562531250625,-35.975953113982285],[146.5841316826336,-35.98272341610833],[146.5841316826336,-35.975953113982285],[146.61293225864512,-35.972567962919264],[146.62013240264804,-35.975953113982285],[146.60573211464225,-35.98610856717135],[146.61293225864512,-35.996264020360414],[146.64893297865956,-36.00641947354948],[146.64893297865956,-36.01318977567552],[146.65613312266242,-36.01318977567552],[146.64893297865956,-36.019960077801564],[146.65613312266242,-36.026730379927606],[146.67773355467108,-36.023345228864585],[146.67773355467108,-36.03011553099063],[146.68493369867394,-36.04027098417969],[146.6921338426768,-36.03350068205365],[146.6921338426768,-36.03011553099063],[146.7065341306826,-36.03688583311667],[146.7065341306826,-36.03011553099063],[146.7281345626912,-36.023345228864585],[146.7281345626912,-36.04365613524271],[146.74973499469985,-36.04365613524271],[146.74973499469985,-36.06058189055781],[146.76413528270564,-36.05042643736875],[146.76413528270564,-36.06058189055781],[146.79293585871716,-36.063967041620835],[146.79293585871716,-36.05719673949479],[146.8073361467229,-36.05381158843177],[146.82173643472868,-36.067352192683856],[146.81453629072575,-36.0741224948099],[146.82893657873154,-36.07073734374688],[146.82173643472868,-36.087663099061984],[146.8361367227344,-36.08089279693594],[146.85773715474306,-36.08427794799896],[146.86493729874593,-36.0741224948099],[146.8721374427488,-36.0741224948099],[146.87933758675172,-36.087663099061984],[146.90813816276324,-36.08427794799896],[146.90813816276324,-36.111359156503134],[146.92253845076897,-36.10797400544011],[146.92973859477183,-36.09781855225105],[146.94413888277762,-36.114744307566156],[146.9513390267805,-36.111359156503134],[146.95853917078335,-36.07750764587292],[146.97293945878914,-36.08089279693594],[146.980139602792,-36.09443340118803],[147.00894017880353,-36.08427794799896],[147.00894017880353,-36.087663099061984],[147.0161403228064,-36.091048250125006],[147.0161403228064,-36.10458885437709],[147.02334046680932,-36.10120370331407],[147.03774075481505,-36.114744307566156],[147.0449408988179,-36.10458885437709],[147.05214104282084,-36.10797400544011],[147.0593411868237,-36.067352192683856],[147.08814176283522,-36.05042643736875],[147.0953419068381,-36.05381158843177],[147.08814176283522,-36.04365613524271],[147.0953419068381,-36.04704128630573],[147.10254205084095,-36.03350068205365],[147.0953419068381,-36.026730379927606],[147.10254205084095,-36.026730379927606],[147.0953419068381,-36.01657492673854],[147.10974219484388,-36.01657492673854],[147.0953419068381,-36.0098046246125],[147.10974219484388,-36.01318977567552],[147.10974219484388,-36.00641947354948],[147.11694233884674,-36.00641947354948],[147.10974219484388,-35.999649171423435],[147.1241424828496,-35.99287886929739],[147.1241424828496,-36.01657492673854],[147.14574291485826,-36.03688583311667],[147.16734334686691,-36.03011553099063],[147.2033440668813,-36.05042643736875],[147.23934478689569,-36.03688583311667],[147.282545650913,-36.04027098417969],[147.31854637092738,-36.06058189055781],[147.35454709094176,-36.03011553099063],[147.3473469469389,-36.019960077801564],[147.35454709094176,-36.0098046246125],[147.3617472349447,-35.99287886929739],[147.38334766695328,-35.972567962919264],[147.3905478109562,-35.972567962919264],[147.3905478109562,-35.948871905478114],[147.40494809896194,-35.94210160335207],[147.44814896297925,-35.9624125097302],[147.46254925098498,-35.94548675441509],[147.47694953899077,-35.94210160335207],[147.48414968299363,-35.948871905478114],[147.4913498269965,-35.94210160335207],[147.51295025900515,-35.9624125097302],[147.52735054701088,-35.9624125097302],[147.51295025900515,-35.975953113982285],[147.52015040300802,-35.98610856717135],[147.54895097901954,-36.00303432248646],[147.58495169903392,-35.98610856717135],[147.5561511230224,-35.972567962919264],[147.54895097901954,-35.97933826504531],[147.54895097901954,-35.96579766079322],[147.59215184303685,-35.96918281185624],[147.5993519870397,-35.97933826504531],[147.6353527070541,-35.9624125097302],[147.64975299505988,-35.94548675441509],[147.6785535710714,-35.94548675441509],[147.70735414708292,-35.928560999099986],[147.72175443508866,-35.94548675441509],[147.7433548670973,-35.95564220760416],[147.77215544310883,-35.95902735866718],[147.76495529910596,-35.96579766079322],[147.7793555871117,-35.96918281185624],[147.80815616312321,-35.96579766079322],[147.81535630712608,-35.97933826504531],[147.87295745914912,-35.98949371823437],[147.88015760315204,-36.00303432248646],[147.89455789115777,-35.999649171423435],[147.89455789115777,-35.99287886929739],[147.90895817916356,-35.996264020360414],[147.90895817916356,-36.00303432248646],[147.91615832316643,-36.0098046246125],[147.90895817916356,-36.026730379927606],[147.93055861117216,-36.03688583311667],[147.9233584671693,-36.03688583311667],[147.9233584671693,-36.04365613524271],[147.93775875517508,-36.04704128630573],[147.95935918718368,-36.04027098417969],[147.9665593311866,-36.04704128630573],[147.97375947518947,-36.03688583311667],[147.97375947518947,-36.04704128630573],[147.98095961919233,-36.04027098417969],[147.9881597631952,-36.05381158843177],[148.002560051201,-36.04704128630573],[147.9881597631952,-36.067352192683856],[147.99535990719812,-36.08089279693594],[147.98095961919233,-36.07750764587292],[147.98095961919233,-36.087663099061984],[148.002560051201,-36.09781855225105],[147.9881597631952,-36.111359156503134],[147.99535990719812,-36.114744307566156],[147.9881597631952,-36.1215146096922],[148.002560051201,-36.12489976075522],[148.002560051201,-36.138440365007305],[148.03856077121537,-36.14182551607033],[148.03856077121537,-36.15198096925939],[148.02416048320964,-36.15198096925939],[148.0313606272125,-36.162136422448455],[148.02416048320964,-36.17567702670054],[148.03856077121537,-36.20614338626773],[148.02416048320964,-36.22306914158283],[148.0313606272125,-36.2332245947719],[148.0313606272125,-36.24676519902398],[148.03856077121537,-36.26030580327607],[148.0313606272125,-36.26707610540211],[148.0313606272125,-36.2806167096542],[148.03856077121537,-36.28400186071722],[148.03856077121537,-36.29077216284326],[148.04576091521824,-36.300927616032325],[148.03856077121537,-36.31108306922139],[148.06016120322403,-36.321238522410454],[148.05296105922116,-36.324623673473475],[148.05296105922116,-36.33477912666254],[148.04576091521824,-36.35509003304067],[148.03856077121537,-36.36524548622973],[148.04576091521824,-36.36863063729275],[148.03856077121537,-36.38894154367088],[148.06016120322403,-36.40248214792296],[148.06016120322403,-36.416022752175046],[148.08176163523268,-36.42279305430109],[148.08896177923555,-36.45325941386828],[148.12496249924993,-36.463414867057345],[148.11776235524707,-36.48034062237245],[148.12496249924993,-36.483725773435474],[148.11776235524707,-36.49388122662454],[148.13936278725572,-36.52434758619173],[148.12496249924993,-36.5514287946959],[148.13216264325285,-36.56835455001101],[148.15376307526145,-36.558199096821944],[148.16096321926437,-36.578510003200066],[148.16816336326724,-36.575124852137044],[148.1897637952759,-36.575124852137044],[148.1897637952759,-36.58528030532611],[148.20416408328163,-36.58528030532611],[148.2185643712874,-36.598820909578194],[148.20416408328163,-36.61236151383028],[148.2113642272845,-36.60897636276726],[148.2185643712874,-36.61913181595632],[148.2113642272845,-36.649598175523515],[148.16816336326724,-36.71391604572092],[148.13216264325285,-36.73422695209905],[148.13936278725572,-36.73761210316207],[148.13216264325285,-36.75115270741415],[148.11776235524707,-36.75792300954019],[148.12496249924993,-36.75792300954019],[148.0961619232384,-36.788389369107385],[148.1105622112442,-36.80192997335947],[148.11776235524707,-36.80531512442249],[148.12496249924993,-36.79515967123343],[148.15376307526145,-36.788389369107385],[148.18256365127297,-36.79515967123343],[148.18256365127297,-36.80531512442249],[148.19696393927876,-36.79515967123343],[149.97539950799012,-37.50604139446789],[149.9609992199844,-37.51958199871998],[149.92499849996994,-37.52635230084602],[149.90339806796135,-37.54327805616113],[149.8169963399268,-37.54327805616113],[149.77379547590948,-37.556818660413214],[149.7593951879037,-37.56697411360228],[149.76659533190661,-37.57374441572832],[149.7377947558951,-37.583899868917385],[149.70899417988358,-37.64483258805176],[149.68019360387206,-37.66514349442989],[149.68019360387206,-37.68545440080802],[149.6153923078461,-37.698995005060105],[149.60099201984036,-37.71253560931219],[149.5937918758375,-37.726076213564276],[149.56499129982598,-37.726076213564276],[149.52899057981153,-37.73623166675334],[149.5145902918058,-37.749772271005426],[149.50019000380001,-37.75315742206845],[149.49298985979715,-37.76669802632053],[149.48578971579428,-37.7768534795096],[149.46418928378563,-37.770083177383555],[149.42818856377124,-37.7768534795096],[149.34178683573668,-37.7768534795096],[149.2913858277165,-37.78700893269866],[149.27698553971078,-37.80393468801377],[149.262585251705,-37.797164385887726],[149.262585251705,-37.79039408376168],[149.24818496369926,-37.78023863057262],[149.12578251565026,-37.7768534795096],[148.92417848356962,-37.78023863057262],[148.88097761955237,-37.79039408376168],[148.80897617952354,-37.78700893269866],[148.7513750275005,-37.797164385887726],[148.72977459549185,-37.814090141202826],[148.71537430748612,-37.80393468801377],[148.69377387547746,-37.80054953695075],[148.62897257945156,-37.80731983907678],[148.44896897937957,-37.80054953695075],[148.29056581131618,-37.810704990139804],[148.18256365127297,-37.83101589651793],[147.9521590431808,-37.89533376671534],[147.78655573111456,-37.956266485849724],[147.64255285105696,-38.03751011136223],[147.47694953899077,-38.15260524750496],[147.06654133082657,-38.47419459849198],[146.88653773075458,-38.633296698453975],[146.88653773075458,-38.61975609420189],[146.89553791075818,-38.61298579207585],[146.88653773075458,-38.61298579207585],[146.87933758675172,-38.606215489949804],[146.84333686673727,-38.606215489949804],[146.84333686673727,-38.61637094313887],[146.8505370107402,-38.61298579207585],[146.87933758675172,-38.61637094313887],[146.87933758675172,-38.62652639632793],[146.81453629072575,-38.65022245376908],[146.79293585871716,-38.64345215164304],[146.79293585871716,-38.633296698453975],[146.78573571471424,-38.64683730270606],[146.76413528270564,-38.65022245376908],[146.77853557071137,-38.653607604832104],[146.75693513870272,-38.653607604832104],[146.74253485069698,-38.66376305802117],[146.71373427468546,-38.64683730270606],[146.71373427468546,-38.660377906958146],[146.69933398667968,-38.67053336014721],[146.69933398667968,-38.67391851121023],[146.65613312266242,-38.67053336014721],[146.67053341066816,-38.66376305802117],[146.65613312266242,-38.64345215164304],[146.64893297865956,-38.65022245376908],[146.65613312266242,-38.660377906958146],[146.64173283465664,-38.67053336014721],[146.5841316826336,-38.67730366227325],[146.59133182663652,-38.684073964399296],[146.5841316826336,-38.697614568651375],[146.57693153863073,-38.680688813336275],[146.57693153863073,-38.69084426652533],[146.56973139462787,-38.67730366227325],[146.56973139462787,-38.684073964399296],[146.562531250625,-38.67730366227325],[146.5481309626192,-38.684073964399296],[146.562531250625,-38.684073964399296],[146.56973139462787,-38.69084426652533],[146.562531250625,-38.697614568651375],[146.55533110662208,-38.69084426652533],[146.5481309626192,-38.70438487077742],[146.54093081861635,-38.697614568651375],[146.54093081861635,-38.684073964399296],[146.51213024260483,-38.69422941758835],[146.49772995459904,-38.680688813336275],[146.49052981059617,-38.697614568651375],[146.46172923458465,-38.700999719714396],[146.440128802576,-38.69422941758835],[146.440128802576,-38.700999719714396],[146.41132822656448,-38.71115517290346],[146.41132822656448,-38.721310626092524],[146.38972779455588,-38.721310626092524],[146.38252765055296,-38.684073964399296],[146.35372707454144,-38.67391851121023],[146.33212664253278,-38.680688813336275],[146.3393267865357,-38.69084426652533],[146.28892577851553,-38.69422941758835],[146.260125202504,-38.68745911546231],[146.25292505850115,-38.697614568651375],[146.24572491449823,-38.69422941758835],[146.24572491449823,-38.684073964399296],[146.22412448248963,-38.68745911546231],[146.2313246264925,-38.69422941758835],[146.20972419448384,-38.69422941758835],[146.2313246264925,-38.700999719714396],[146.20252405048097,-38.71454032396648],[146.1953239064781,-38.724695777155546],[146.20252405048097,-38.73146607928159],[146.20972419448384,-38.72808092821857],[146.20252405048097,-38.73485123034461],[146.20972419448384,-38.73823638140763],[146.1953239064781,-38.73485123034461],[146.1953239064781,-38.72808092821857],[146.1881237624752,-38.745006683533674],[146.2169243384867,-38.772087892037845],[146.2313246264925,-38.80932455373108],[146.27452549050975,-38.80593940266806],[146.26732534650688,-38.822865157983166],[146.26732534650688,-38.8601018196764],[146.2961259225184,-38.8770275749915],[146.28892577851553,-38.89395333030661],[146.2961259225184,-38.90410878349567],[146.32492649852992,-38.90410878349567],[146.35372707454144,-38.86687212180244],[146.38972779455588,-38.84994636648734],[146.41132822656448,-38.85333151755036],[146.4185283705674,-38.80255425160504],[146.43292865857313,-38.795783949478995],[146.440128802576,-38.77885819416389],[146.46892937858752,-38.78224334522691],[146.47612952259044,-38.792398798415974],[146.46892937858752,-38.87025727286546],[146.4833296665933,-38.883797877117544],[146.4833296665933,-38.89056817924359],[146.49052981059617,-38.89395333030661],[146.49052981059617,-38.910879085621715],[146.47612952259044,-38.91764938774776],[146.4545290905818,-38.94811574731495],[146.43292865857313,-38.981967257945165],[146.44732894657892,-39.00227816432329],[146.43292865857313,-39.01243361751236],[146.440128802576,-39.02258907070142],[146.47612952259044,-39.02597422176444],[146.46172923458465,-39.029359372827464],[146.46892937858752,-39.03612967495351],[146.46172923458465,-39.03612967495351],[146.47612952259044,-39.04289997707954],[146.47612952259044,-39.05644058133163],[146.4833296665933,-39.05982573239465],[146.4833296665933,-39.06659603452069],[146.4545290905818,-39.05305543026861],[146.43292865857313,-39.06659603452069],[146.42572851457027,-39.0835217898358],[146.440128802576,-39.09029209196184],[146.43292865857313,-39.10721784727695],[146.42572851457027,-39.10721784727695],[146.43292865857313,-39.11398814940299],[146.42572851457027,-39.11398814940299],[146.42572851457027,-39.1309139047181],[146.4185283705674,-39.124143602592056],[146.38972779455588,-39.13429905578112],[146.38972779455588,-39.124143602592056],[146.3753275065501,-39.13768420684414],[146.34652693053857,-39.124143602592056],[146.3393267865357,-39.11060299833997],[146.32492649852992,-39.08690694089882],[146.32492649852992,-39.07675148770976],[146.3393267865357,-39.07675148770976],[146.34652693053857,-39.05982573239465],[146.35372707454144,-39.05982573239465],[146.31772635452705,-39.05305543026861],[146.32492649852992,-39.03951482601652],[146.31772635452705,-39.032744523890486],[146.30332606652127,-39.03951482601652],[146.30332606652127,-39.02258907070142],[146.28172563451267,-39.02597422176444],[146.28892577851553,-39.01243361751236],[146.27452549050975,-38.99550786219725],[146.24572491449823,-38.99550786219725],[146.26732534650688,-38.99212271113423],[146.26732534650688,-38.9718118047561],[146.2313246264925,-38.91764938774776],[146.1881237624752,-38.87364242392848],[146.13052261045215,-38.83640576223525],[146.0873217464349,-38.81609485585712],[146.03692073841472,-38.8127097047941],[146.0081201624032,-38.82625030904619],[146.00092001840034,-38.846561215424316],[146.0081201624032,-38.8770275749915],[145.97931958639168,-38.89395333030661],[145.9433188663773,-38.89733848136963],[145.92171843436864,-38.910879085621715],[145.9073181463629,-38.89395333030661],[145.91451829036578,-38.87364242392848],[145.87131742634847,-38.77547304310087],[145.82091641832835,-38.71454032396648],[145.7633152663053,-38.66714820908419],[145.72731454629087,-38.64345215164304],[145.71291425828514,-38.64345215164304],[145.69131382627648,-38.65022245376908],[145.66971339426783,-38.67053336014721],[145.6553131062621,-38.67730366227325],[145.6409128182563,-38.67391851121023],[145.60491209824193,-38.67730366227325],[145.56171123422467,-38.65022245376908],[145.54011080221602,-38.609600641012825],[145.48250965019298,-38.55543822400448],[145.42490849816994,-38.535127317626355],[145.37450749014977,-38.535127317626355],[145.36010720214398,-38.52158671337427],[145.41770835416702,-38.514816411248226],[145.4321086421728,-38.494505504870105],[145.4321086421728,-38.48096490061802],[145.41770835416702,-38.470809447428955],[145.42490849816994,-38.46065399423989],[145.4321086421728,-38.43357278573572],[145.41770835416702,-38.40649157723155],[145.45370907418146,-38.41326187935759],[145.48250965019298,-38.40649157723155],[145.48970979419585,-38.41664703042061],[145.51851037020737,-38.41664703042061],[145.5473109462189,-38.372640066601335],[145.55451109022175,-38.352329160223206],[145.5473109462189,-38.33878855597112],[145.51851037020737,-38.33878855597112],[145.52571051421023,-38.29816674321487],[145.4969099381987,-38.27447068577372],[145.48970979419585,-38.233848873017465],[145.46090921818433,-38.22707857089142],[145.43930878617567,-38.213537966639336],[145.41050821016415,-38.22707857089142],[145.34570691413825,-38.213537966639336],[145.33850677013538,-38.23046372195444],[145.3241064821296,-38.24061917514351],[145.29530590611807,-38.24738947726955],[145.27370547410942,-38.24400432620653],[145.28090561811234,-38.233848873017465],[145.27370547410942,-38.2236934198284],[145.25210504210082,-38.2236934198284],[145.25210504210082,-38.237234024080486],[145.2593051861037,-38.24400432620653],[145.2233044660893,-38.2710855347107],[145.2233044660893,-38.304937045340914],[145.20890417808351,-38.304937045340914],[145.20170403408065,-38.29139644108883],[145.19450389007778,-38.29816674321487],[145.20170403408065,-38.31170734746696],[145.19450389007778,-38.32524795171904],[145.21610432208638,-38.348944009160185],[145.21610432208638,-38.36586976447529],[145.2233044660893,-38.37941036872738],[145.20890417808351,-38.37941036872738],[145.19450389007778,-38.36586976447529],[145.18730374607486,-38.376025217664356],[145.21610432208638,-38.3827955197904],[145.23770475409503,-38.40987672829457],[145.12970259405182,-38.38956582191644],[145.09370187403744,-38.40310642616853],[145.0793015860317,-38.42680248360968],[145.05050101002018,-38.4301876346727],[145.02170043400866,-38.47419459849198],[145.02890057801153,-38.48773520274406],[145.01450029000574,-38.48096490061802],[144.97849956999136,-38.491120353807084],[144.94969899397984,-38.48773520274406],[144.9352987059741,-38.497890655933126],[144.92089841796832,-38.497890655933126],[144.91369827396545,-38.48773520274406],[144.88489769795393,-38.497890655933126],[144.88489769795393,-38.477579749555],[144.84169683393662,-38.4301876346727],[144.74089481789633,-38.352329160223206],[144.65449308986177,-38.304937045340914],[144.6832936658733,-38.304937045340914],[144.73369467389347,-38.32186280065602],[144.76969539390785,-38.35571431128623],[144.8128962579251,-38.36925491553831],[144.84889697793955,-38.36925491553831],[144.92089841796832,-38.348944009160185],[144.98569971399422,-38.31509249852998],[144.99289985799714,-38.304937045340914],[144.98569971399422,-38.29478159215185],[145.02890057801153,-38.25415977939559],[145.02890057801153,-38.213537966639336],[145.04330086601726,-38.213537966639336],[145.06490129802592,-38.19999736238725],[145.08650173003457,-38.162760700694015],[145.1153023060461,-38.145834945378915],[145.12250245004896,-38.10859828368568],[145.12250245004896,-38.074746773055466],[145.1009020180403,-38.02735465817317],[145.06490129802592,-37.99011799647993],[145.05050101002018,-37.98673284541691],[145.0361007220144,-37.996888298605974],[145.01450029000574,-37.98334769435389],[144.98569971399422,-37.92580012628253],[144.98569971399422,-37.89194861565232],[144.9712994259885,-37.861482256085125],[144.9352987059741,-37.841171349707],[144.92809856197118,-37.84794165183304],[144.92809856197118,-37.841171349707],[144.91369827396545,-37.841171349707],[144.91369827396545,-37.84794165183304],[144.90649812996259,-37.841171349707],[144.90649812996259,-37.84794165183304],[144.89929798595966,-37.841171349707],[144.90649812996259,-37.85132680289606],[144.8920978419568,-37.84794165183304],[144.90649812996259,-37.861482256085125],[144.91369827396545,-37.86486740714815],[144.90649812996259,-37.87163770927419],[144.87769755395107,-37.86825255821117],[144.87049740994814,-37.858097105022104],[144.8128962579251,-37.87502286033721],[144.79849596991937,-37.9054892199044],[144.79849596991937,-37.92241497521951],[144.73369467389347,-37.94272588159764],[144.65449308986177,-38.000273449668995],[144.5896917938358,-38.00365860073202],[144.5608912178243,-38.03751011136223],[144.51769035380704,-38.04428041348827],[144.50329006580125,-38.09167252837057],[144.48888977779552,-38.07813192411849],[144.47448948978973,-38.08490222624453],[144.46728934578687,-38.07813192411849],[144.4456889137782,-38.09167252837057],[144.3952879057581,-38.074746773055466],[144.3808876177523,-38.08490222624453],[144.3808876177523,-38.098442830496616],[144.35928718574365,-38.10521313262266],[144.36648732974658,-38.10859828368568],[144.3520870417408,-38.13567949218985],[144.36648732974658,-38.145834945378915],[144.38808776175517,-38.142449794315894],[144.40248804976096,-38.15599039856798],[144.4168883377667,-38.15599039856798],[144.42408848176962,-38.122138887937766],[144.4456889137782,-38.14922009644194],[144.48168963379266,-38.16614585175704],[144.5608912178243,-38.15599039856798],[144.63289265785312,-38.10859828368568],[144.69049380987616,-38.118753736874744],[144.71929438588768,-38.145834945378915],[144.71929438588768,-38.17291615388308],[144.70489409788195,-38.210152815576315],[144.69769395387902,-38.22030826876538],[144.70489409788195,-38.19999736238725],[144.6832936658733,-38.19661221132423],[144.62569251385025,-38.25077462833257],[144.64009280185599,-38.26770038364768],[144.63289265785312,-38.2710855347107],[144.6688933778675,-38.26431523258466],[144.66169323386464,-38.27447068577372],[144.61849236984733,-38.27447068577372],[144.61129222584447,-38.29139644108883],[144.5392907858157,-38.2710855347107],[144.51049020980417,-38.27447068577372],[144.4960899217984,-38.281240987899764]]]}},{"type":"Feature","id":2,"properties":{"STATE_CODE":"3","STATE_NAME":"Queensland"},"geometry":{"type":"Polygon","coordinates":[[[142.6456529130582,-10.939375851877045],[142.6456529130582,-10.946146154003088],[142.65285305706112,-10.939375851877045],[142.66725334506685,-10.946146154003088],[142.68165363307264,-10.97322736250726],[142.69605392107837,-10.976612513570274],[142.71765435308703,-10.959686758255174],[142.7536550731014,-11.007078873137473],[142.74645492909855,-11.027389779515602],[142.7536550731014,-11.040930383767687],[142.7896557931158,-11.074781894397901],[142.7896557931158,-11.125559160343215],[142.79685593711872,-11.1560255199104],[142.78245564911293,-11.223728541170829],[142.79685593711872,-11.27789095817917],[142.8040560811216,-11.291431562431256],[142.81845636912732,-11.291431562431256],[142.82565651313024,-11.3151276198724],[142.84005680113597,-11.318512770935428],[142.8688573771475,-11.382830641132827],[142.8328566571331,-11.433607907078155],[142.82565651313024,-11.477614870897426],[142.84005680113597,-11.491155475149512],[142.8328566571331,-11.55885849640994],[142.85445708914176,-11.58593970491411],[142.86165723314463,-11.636716970859425],[142.86165723314463,-11.751812107002152],[142.84725694513884,-11.805974524010495],[142.85445708914176,-11.822900279325594],[142.84725694513884,-11.822900279325594],[142.85445708914176,-11.846596336766737],[142.88325766515328,-11.870292394207894],[142.897657953159,-11.873677545270908],[142.9120582411648,-11.890603300586022],[142.92645852917053,-11.904143904838108],[142.91925838516767,-11.893988451649037],[142.94805896117919,-11.90075875377508],[142.9768595371907,-11.931225113342279],[143.0128602572051,-11.937995415468322],[143.06326126522526,-11.924454811216236],[143.06326126522526,-11.921069660153208],[143.09206184123678,-11.904143904838108],[143.09926198523965,-11.890603300586022],[143.10646212924257,-11.907529055901122],[143.1208624172483,-11.904143904838108],[143.14966299325982,-11.917684509090194],[143.14966299325982,-11.948150868657379],[143.1640632812656,-11.954921170783422],[143.1640632812656,-11.971846926098536],[143.20726414528286,-11.961691472909465],[143.21446428928573,-11.954921170783422],[143.22166443328865,-11.954921170783422],[143.24326486529725,-11.968461775035507],[143.22886457729152,-11.988772681413636],[143.21446428928573,-11.97523207716155],[143.1856637132742,-11.992157832476664],[143.09926198523965,-12.14448963031262],[143.09206184123678,-12.158030234564706],[143.07766155323105,-12.158030234564706],[143.08486169723392,-12.171570838816791],[143.09206184123678,-12.174955989879805],[143.08486169723392,-12.202037198383977],[143.09206184123678,-12.205422349446991],[143.09926198523965,-12.218962953699076],[143.08486169723392,-12.242659011140233],[143.09206184123678,-12.259584766455333],[143.07766155323105,-12.290051126022533],[143.07766155323105,-12.337443240904832],[143.08486169723392,-12.34759869409389],[143.11366227324544,-12.337443240904832],[143.12806256125117,-12.34759869409389],[143.17846356927134,-12.344213543030875],[143.1856637132742,-12.350983845156918],[143.19286385727713,-12.34759869409389],[143.21446428928573,-12.361139298345975],[143.22886457729152,-12.381450204724104],[143.25046500930017,-12.378065053661075],[143.25046500930017,-12.39160565791316],[143.2648652973059,-12.394990808976189],[143.27206544130877,-12.408531413228275],[143.27206544130877,-12.506700794055888],[143.29366587331742,-12.53378200256006],[143.3008660173203,-12.55070775787516],[143.3296665933318,-12.564248362127245],[143.35126702534046,-12.564248362127245],[143.39446788935777,-12.594714721694444],[143.41606832136637,-12.594714721694444],[143.41606832136637,-12.615025628072573],[143.43766875337502,-12.611640477009544],[143.43766875337502,-12.621795930198616],[143.40166803336064,-12.662417742954872],[143.40166803336064,-12.679343498269972],[143.41606832136637,-12.675958347206958],[143.41606832136637,-12.682728649333],[143.38726774535485,-12.713195008900186],[143.38006760135198,-12.750431670593414],[143.35846716934333,-12.797823785475714],[143.35126702534046,-12.899378317366356],[143.35846716934333,-12.889222864177299],[143.37286745734912,-12.899378317366356],[143.39446788935777,-12.88583771311427],[143.39446788935777,-12.875682259925213],[143.40166803336064,-12.895993166303327],[143.40166803336064,-12.86891195779917],[143.4520690413808,-12.848601051421042],[143.4736694733894,-12.865526806736142],[143.50247004940093,-12.8587565046101],[143.53127062541245,-12.83844559823197],[143.54567091341823,-12.841830749295],[143.50967019340385,-12.90276346842937],[143.49526990539806,-12.95015558331167],[143.50967019340385,-12.963696187563755],[143.50247004940093,-12.987392245004912],[143.51687033740671,-13.00770315138304],[143.50247004940093,-13.109257683273668],[143.50967019340385,-13.153264647092954],[143.52407048140958,-13.176960704534096],[143.51687033740671,-13.25820433004661],[143.53127062541245,-13.342833106622138],[143.56007120142397,-13.366529164063294],[143.58167163343262,-13.373299466189337],[143.5960719214384,-13.420691581071623],[143.58167163343262,-13.485009451269036],[143.58167163343262,-13.508705508710179],[143.58599171983434,-13.522923143174877],[143.58167163343262,-13.51886096189925],[143.5888717774355,-13.532401566151336],[143.54567091341823,-13.637341249104992],[143.5528710574211,-13.630570946978949],[143.54567091341823,-13.718584874617505],[143.53127062541245,-13.755821536310734],[143.54567091341823,-13.799828500130005],[143.5888717774355,-13.857376068201376],[143.60327206544127,-13.914923636272732],[143.62487249744993,-13.969086053281075],[143.68247364947297,-14.013093017100346],[143.70407408148156,-14.128188153243073],[143.6968739374787,-14.178965419188387],[143.70407408148156,-14.209431778755587],[143.73287465749308,-14.266979346826943],[143.74727494549887,-14.334682368087371],[143.78327566551326,-14.39900023828477],[143.8192763855277,-14.443007202104056],[143.8840776815536,-14.483629014860298],[143.93447868957378,-14.483629014860298],[143.9488789775795,-14.497169619112384],[143.9632792655853,-14.483629014860298],[144.0280805616112,-14.480243863797284],[144.0928818576371,-14.44639235316707],[144.1288825776515,-14.402385389347799],[144.14328286565728,-14.405770540410813],[144.15048300966015,-14.388844785095714],[144.16488329766594,-14.38207448296967],[144.19368387367746,-14.338067519150385],[144.19368387367746,-14.2602090447009],[144.2080841616832,-14.263594195763929],[144.21528430568605,-14.253438742574858],[144.22968459369184,-14.270364497889972],[144.24408488169757,-14.263594195763929],[144.26568531370623,-14.2906754042681],[144.28008560171202,-14.304216008520171],[144.29448588971775,-14.297445706394143],[144.3160863217264,-14.3076011595832],[144.34488689773792,-14.3076011595832],[144.35928718574365,-14.2906754042681],[144.37368747374944,-14.2906754042681],[144.3952879057581,-14.273749648952986],[144.43848876977535,-14.2602090447009],[144.46728934578687,-14.226357534070686],[144.48888977779552,-14.165424814936301],[144.51769035380704,-14.165424814936301],[144.5608912178243,-14.229742685133715],[144.57529150583008,-14.236512987259758],[144.57529150583008,-14.246668440448815],[144.59689193783873,-14.2602090447009],[144.58249164983295,-14.3076011595832],[144.5896917938358,-14.361763576591542],[144.62569251385025,-14.361763576591542],[144.6472929458589,-14.348222972339457],[144.65449308986177,-14.358378425528514],[144.61849236984733,-14.436236899978013],[144.61129222584447,-14.42946659785197],[144.61849236984733,-14.44639235316707],[144.61849236984733,-14.476858712734256],[144.66169323386464,-14.51071022336447],[144.67609352187043,-14.547946885057712],[144.69049380987616,-14.554717187183755],[144.69049380987616,-14.56825779143584],[144.69769395387902,-14.554717187183755],[144.7120942418848,-14.561487489309798],[144.77689553791072,-14.544561733994684],[144.78409568191358,-14.591953848876983],[144.84169683393662,-14.61564990631814],[144.91369827396545,-14.61564990631814],[144.92089841796832,-14.639345963759283],[144.92089841796832,-14.663042021200425],[144.94249884997697,-14.663042021200425],[144.94969899397984,-14.676582625452511],[144.9568991379827,-14.744285646712939],[144.96409928198563,-14.737515344586896],[144.97849956999136,-14.751055948838982],[144.97849956999136,-14.75444109990201],[144.99289985799714,-14.751055948838982],[144.99289985799714,-14.764596553091067],[145.00730014600288,-14.751055948838982],[145.00730014600288,-14.77136685521711],[145.02170043400866,-14.781522308406181],[145.02170043400866,-14.795062912658267],[145.09370187403744,-14.80183321478431],[145.13690273805474,-14.83568472541451],[145.18730374607486,-14.842455027540552],[145.18730374607486,-14.839069876477538],[145.23050461009217,-14.832299574351495],[145.2233044660893,-14.883076840296809],[145.26650533010655,-14.927083804116094],[145.28090561811234,-14.954165012620265],[145.29530590611807,-14.964320465809323],[145.31690633812673,-14.954165012620265],[145.33130662613246,-14.954165012620265],[145.33850677013538,-14.944009559431194],[145.3529070581411,-14.950779861557237],[145.3529070581411,-14.981246221124437],[145.2881057621152,-15.042178940258808],[145.23050461009217,-15.140348321086435],[145.23770475409503,-15.150503774275492],[145.23770475409503,-15.194510738094763],[145.26650533010655,-15.252058306166134],[145.27370547410942,-15.258828608292177],[145.31690633812673,-15.258828608292177],[145.33850677013538,-15.224977097661963],[145.3529070581411,-15.275754363607277],[145.33130662613246,-15.279139514670305],[145.2881057621152,-15.316376176363534],[145.28090561811234,-15.32991678061562],[145.29530590611807,-15.343457384867705],[145.2881057621152,-15.363768291245833],[145.2881057621152,-15.37392374443489],[145.2449048980979,-15.414545557191147],[145.23770475409503,-15.458552521010432],[145.23050461009217,-15.461937672073446],[145.23770475409503,-15.465322823136475],[145.25210504210082,-15.458552521010432],[145.2593051861037,-15.458552521010432],[145.28090561811234,-15.499174333766689],[145.27370547410942,-15.519485240144817],[145.27370547410942,-15.539796146522932],[145.2881057621152,-15.56010705290106],[145.30250605012094,-15.549951599712003],[145.3241064821296,-15.570262506090131],[145.31690633812673,-15.587188261405231],[145.33130662613246,-15.600728865657317],[145.31690633812673,-15.604114016720345],[145.31690633812673,-15.631195225224516],[145.30970619412386,-15.648120980539616],[145.33130662613246,-15.661661584791702],[145.33850677013538,-15.68197249116983],[145.36010720214398,-15.719209152863058],[145.3673073461469,-15.763216116682344],[145.3529070581411,-15.807223080501615],[145.36010720214398,-15.830919137942772],[145.37450749014977,-15.837689440068814],[145.3529070581411,-15.888466706014128],[145.36010720214398,-15.912162763455271],[145.36010720214398,-15.922318216644342],[145.38170763415263,-15.925703367707357],[145.41050821016415,-15.949399425148513],[145.4321086421728,-15.996791540030813],[145.45370907418146,-16.0103321442829],[145.46090921818433,-16.03741335278707],[145.4681093621872,-16.067879712354255],[145.47530950619006,-16.074650014480298],[145.45370907418146,-16.142353035740726],[145.43930878617567,-16.17620454637094],[145.44650893017854,-16.199900603812083],[145.4681093621872,-16.210056057001154],[145.4681093621872,-16.23713726550531],[145.48250965019298,-16.24052241656834],[145.48250965019298,-16.26760362507251],[145.48970979419585,-16.277759078261568],[145.44650893017854,-16.291299682513653],[145.41770835416702,-16.338691797395953],[145.41050821016415,-16.375928459089195],[145.41770835416702,-16.38946906334128],[145.4033080661613,-16.433476027160552],[145.41050821016415,-16.460557235664723],[145.4321086421728,-16.477482990979823],[145.43930878617567,-16.47071268885378],[145.4681093621872,-16.48086814204285],[145.4681093621872,-16.514719652673065],[145.4969099381987,-16.551956314366294],[145.5113102262045,-16.585807824996508],[145.51851037020737,-16.585807824996508],[145.52571051421023,-16.599348429248593],[145.56171123422467,-16.643355393067864],[145.58331166623327,-16.68736235688715],[145.6193123862477,-16.700902961139235],[145.64811296225923,-16.727984169643406],[145.66971339426783,-16.738139622832463],[145.68411368227362,-16.77537628452569],[145.69851397027935,-16.77537628452569],[145.71291425828514,-16.802457493029863],[145.72731454629087,-16.802457493029863],[145.74171483429666,-16.846464456849148],[145.77771555431104,-16.87016051429029],[145.7633152663053,-16.87016051429029],[145.77771555431104,-16.880315967479362],[145.77051541030818,-16.883701118542376],[145.7633152663053,-16.897241722794462],[145.7633152663053,-16.907397175983533],[145.7849156983139,-16.91755262917259],[145.77771555431104,-16.941248686613747],[145.7849156983139,-16.941248686613747],[145.79211584231683,-16.910782327046547],[145.80651613032256,-16.910782327046547],[145.84971699433987,-16.87016051429029],[145.87131742634847,-16.907397175983533],[145.9073181463629,-16.897241722794462],[145.92171843436864,-16.863390212164248],[145.95771915438303,-16.897241722794462],[145.95771915438303,-16.904012024920505],[145.9433188663773,-16.907397175983533],[145.9289185783715,-16.924322931298633],[145.93611872237443,-16.948018988739776],[145.90011800236,-16.98187049936999],[145.89291785835712,-17.05634382275646],[145.91451829036578,-17.08681018232366],[145.9289185783715,-17.117276541890845],[145.95051901038016,-17.13081714614293],[145.95051901038016,-17.157898354647102],[145.96491929838595,-17.16805380783616],[145.96491929838595,-17.191749865277316],[145.97211944238882,-17.24252713122263],[145.99371987439747,-17.27299349078983],[146.022520450409,-17.347466814176286],[146.0513210264205,-17.38470347586953],[146.0729214584291,-17.394858929058586],[146.06572131442624,-17.459176799256],[146.08012160243203,-17.479487705634114],[146.08012160243203,-17.50318376307527],[146.0513210264205,-17.506568914138285],[146.05852117042338,-17.506568914138285],[146.05852117042338,-17.509954065201313],[146.06572131442624,-17.509954065201313],[146.09452189043776,-17.560731331146627],[146.13052261045215,-17.591197690713827],[146.13052261045215,-17.59796799283987],[146.12572251445025,-17.601353143902884],[146.13052261045215,-17.601353143902884],[146.13772275445507,-17.638589805596126],[146.1521230424608,-17.648745258785183],[146.11612232244642,-17.692752222604454],[146.10172203444063,-17.72660373323467],[146.10892217844355,-17.770610697053954],[146.0873217464349,-17.80107705662114],[146.10892217844355,-17.814617660873225],[146.10172203444063,-17.834928567251353],[146.10892217844355,-17.851854322566453],[146.11612232244642,-17.85523947362948],[146.09452189043776,-17.89586128638574],[146.09452189043776,-17.956794005520123],[146.10172203444063,-17.97710491189825],[146.09452189043776,-17.973719760835223],[146.0729214584291,-17.990645516150337],[146.0441208824176,-18.044807933158665],[146.02972059441186,-18.092200048040965],[146.0081201624032,-18.119281256545136],[146.01532030640607,-18.24453184587692],[146.08012160243203,-18.315620018200377],[146.0873217464349,-18.332545773515477],[146.10172203444063,-18.34947152883059],[146.13052261045215,-18.369782435208705],[146.13772275445507,-18.363012133082663],[146.15932318646367,-18.396863643712877],[146.15932318646367,-18.423944852217048],[146.17372347446945,-18.43410030540612],[146.1665233304666,-18.444255758595176],[146.1881237624752,-18.444255758595176],[146.20252405048097,-18.45102606072122],[146.1881237624752,-18.46118151391029],[146.1881237624752,-18.471336967099347],[146.1881237624752,-18.474722118162376],[146.20972419448384,-18.471336967099347],[146.22412448248963,-18.49841817560352],[146.260125202504,-18.495033024540504],[146.26732534650688,-18.50518847772956],[146.28892577851553,-18.50518847772956],[146.3105262105242,-18.522114233044675],[146.3393267865357,-18.52549938410769],[146.34652693053857,-18.559350894737904],[146.31772635452705,-18.555965743674875],[146.33212664253278,-18.566121196863946],[146.32492649852992,-18.576276650053003],[146.3393267865357,-18.566121196863946],[146.3393267865357,-18.56950634792696],[146.3393267865357,-18.606743009620203],[146.31772635452705,-18.64736482237646],[146.33212664253278,-18.640594520250417],[146.3393267865357,-18.623668764935303],[146.3393267865357,-18.630439067061346],[146.30332606652127,-18.704912390447817],[146.27452549050975,-18.8132372244645],[146.27452549050975,-18.8606293393468],[146.28892577851553,-18.891095698913986],[146.31772635452705,-18.9249472095442],[146.3393267865357,-18.955413569111386],[146.36092721854436,-18.96895417336347],[146.38252765055296,-18.996035381867642],[146.39692793855875,-18.99942053293067],[146.4545290905818,-19.073893856317127],[146.47612952259044,-19.077279007380156],[146.49052981059617,-19.094204762695256],[146.5193303866077,-19.1009750648213],[146.562531250625,-19.141596877577555],[146.59853197063939,-19.148367179703598],[146.62013240264804,-19.165292935018712],[146.67773355467108,-19.188988992459855],[146.71373427468546,-19.192374143522883],[146.72093441868833,-19.182218690333812],[146.74973499469985,-19.18560384139684],[146.7281345626912,-19.182218690333812],[146.73533470669412,-19.178833539270798],[146.7713354267085,-19.18560384139684],[146.79293585871716,-19.23976625840517],[146.8073361467229,-19.23976625840517],[146.82173643472868,-19.253306862657254],[146.8361367227344,-19.243151409468197],[146.84333686673727,-19.256692013720283],[146.8361367227344,-19.27023261797237],[146.8505370107402,-19.273617769035383],[146.84333686673727,-19.273617769035383],[146.87933758675172,-19.304084128602582],[146.94413888277762,-19.29392867541351],[146.95853917078335,-19.307469279665597],[146.95853917078335,-19.29392867541351],[146.980139602792,-19.283773222224454],[147.00174003480066,-19.24992171159424],[147.00174003480066,-19.232995956279126],[147.02334046680932,-19.216070200964026],[147.0161403228064,-19.182218690333812],[147.03774075481505,-19.20591474777497],[147.0449408988179,-19.236381107342154],[147.0593411868237,-19.256692013720283],[147.0593411868237,-19.27700292009841],[147.0449408988179,-19.273617769035383],[147.03774075481505,-19.29731382647654],[147.0449408988179,-19.300698977539554],[147.06654133082657,-19.34132079029581],[147.11694233884674,-19.38871290517811],[147.10974219484388,-19.395483207304153],[147.1241424828496,-19.422564415808324],[147.1385427708554,-19.419179264745296],[147.1385427708554,-19.405638660493224],[147.160143202864,-19.405638660493224],[147.21054421088417,-19.422564415808324],[147.23214464289282,-19.419179264745296],[147.2465449308986,-19.43271986899738],[147.30414608292165,-19.40902381155624],[147.4121482429648,-19.42594956687134],[147.44094881897632,-19.422564415808324],[147.4553491069821,-19.395483207304153],[147.44814896297925,-19.365016847736968],[147.41934838696773,-19.334550488169768],[147.41934838696773,-19.321009883917682],[147.4553491069821,-19.375172300926025],[147.48414968299363,-19.466571379627595],[147.49854997099936,-19.48349713494271],[147.5103320248223,-19.48349713494271],[147.5561511230224,-19.551200156203137],[147.57775155503106,-19.625673479589594],[147.5705514110282,-19.629058630652622],[147.58495169903392,-19.64936953703075],[147.5993519870397,-19.645984385967722],[147.61375227504544,-19.673065594471893],[147.61375227504544,-19.68660619872398],[147.5993519870397,-19.68660619872398],[147.58495169903392,-19.72384286041722],[147.5993519870397,-19.757694371047435],[147.66415328306562,-19.80847163699275],[147.67135342706848,-19.828782543370878],[147.70735414708292,-19.832167694433892],[147.70015400308,-19.83555284549692],[147.70735414708292,-19.842323147622963],[147.70735414708292,-19.83555284549692],[147.73615472309444,-19.845708298685977],[147.75775515510304,-19.842323147622963],[147.77215544310883,-19.82539739230785],[147.76495529910596,-19.815241939118792],[147.7793555871117,-19.818627090181806],[147.7793555871117,-19.80847163699275],[147.7793555871117,-19.80508648592972],[147.77215544310883,-19.80508648592972],[147.76495529910596,-19.794931032740664],[147.77215544310883,-19.791545881677635],[147.77215544310883,-19.784775579551592],[147.76495529910596,-19.791545881677635],[147.76495529910596,-19.784775579551592],[147.7433548670973,-19.767849824236492],[147.75775515510304,-19.727228011480236],[147.75055501110018,-19.706917105102107],[147.822556451129,-19.710302256165136],[147.85135702714052,-19.74076861573232],[147.8441568831376,-19.781390428488578],[147.86575731514625,-19.85247860081202],[147.91615832316643,-19.906641017820363],[147.99535990719812,-19.92695192419849],[148.01696033920672,-19.913411319946405],[148.02416048320964,-19.893100413568277],[148.08176163523268,-19.88294496037922],[148.0961619232384,-19.923566773135477],[148.1105622112442,-19.940492528450577],[148.16096321926437,-19.957418283765676],[148.1897637952759,-19.94387767951359],[148.2185643712874,-19.957418283765676],[148.240164803296,-19.984499492269848],[148.2545650913018,-19.984499492269848],[148.26176523530467,-19.977729190143805],[148.26896537930753,-19.984499492269848],[148.26896537930753,-20.025121305026104],[148.26176523530467,-20.01158070077402],[148.24736494729893,-20.01835100290006],[148.240164803296,-20.02173615396309],[148.22576451529028,-20.035276758215176],[148.23296465929315,-20.045432211404233],[148.26896537930753,-20.06912826884539],[148.26896537930753,-20.079283722034447],[148.27616552331045,-20.072513419908404],[148.28336566731332,-20.075898570971432],[148.27616552331045,-20.08605402416049],[148.27616552331045,-20.099594628412575],[148.30496609932197,-20.109750081601646],[148.3193663873277,-20.136831290105803],[148.34096681933636,-20.140216441168832],[148.3553671073421,-20.163912498609974],[148.36976739534788,-20.15714219648393],[148.3985679713594,-20.170682800736017],[148.3985679713594,-20.16052734754696],[148.42016840336805,-20.16052734754696],[148.43456869137378,-20.167297649673003],[148.44176883537665,-20.15037189435789],[148.4633692673853,-20.136831290105803],[148.4777695553911,-20.116520383727675],[148.44176883537665,-20.109750081601646],[148.44176883537665,-20.075898570971432],[148.44896897937957,-20.05897281565632],[148.4777695553911,-20.06574311778236],[148.48496969939396,-20.082668873097475],[148.49216984339682,-20.079283722034447],[148.49216984339682,-20.089439175223518],[148.51377027540548,-20.092824326286532],[148.5281705634112,-20.092824326286532],[148.542570851417,-20.075898570971432],[148.56417128342565,-20.06574311778236],[148.56417128342565,-20.082668873097475],[148.54977099541986,-20.092824326286532],[148.55697113942273,-20.11313523266466],[148.57137142742852,-20.119905534790703],[148.56417128342565,-20.13344613904279],[148.57857157143138,-20.126675836916746],[148.57857157143138,-20.13344613904279],[148.56417128342565,-20.15037189435789],[148.57857157143138,-20.153757045420917],[148.57137142742852,-20.170682800736017],[148.60017200344004,-20.167297649673003],[148.58577171543425,-20.18083825392509],[148.58577171543425,-20.19776400924019],[148.60017200344004,-20.201149160303217],[148.6217724354487,-20.17745310286206],[148.60017200344004,-20.211304613492274],[148.61457229144577,-20.221460066681345],[148.62897257945156,-20.218074915618317],[148.62897257945156,-20.190993707114146],[148.63617272345442,-20.170682800736017],[148.6433728674573,-20.17745310286206],[148.6433728674573,-20.214689764555303],[148.6505730114602,-20.214689764555303],[148.67937358747173,-20.17745310286206],[148.65777315546308,-20.218074915618317],[148.66497329946594,-20.23500067093343],[148.66497329946594,-20.248541275185516],[148.67937358747173,-20.231615519870402],[148.6865737314746,-20.241770973059474],[148.6721734434688,-20.28239278581573],[148.6865737314746,-20.279007634752702],[148.69377387547746,-20.268852181563645],[148.70097401948033,-20.27223733262666],[148.70817416348325,-20.262081879437602],[148.73697473949477,-20.28239278581573],[148.72977459549185,-20.25531157731156],[148.7513750275005,-20.265467030500616],[148.7513750275005,-20.23500067093343],[148.7657753155063,-20.23500067093343],[148.78017560351202,-20.275622483689688],[148.80177603552067,-20.279007634752702],[148.7873757475149,-20.279007634752702],[148.7945758915178,-20.292548239004788],[148.7657753155063,-20.285777936878745],[148.7657753155063,-20.29931854113083],[148.7945758915178,-20.312859145382916],[148.7945758915178,-20.31962944750896],[148.8161763235264,-20.323014598571973],[148.82337646752933,-20.333170051761044],[148.80897617952354,-20.3433255049501],[148.8161763235264,-20.3433255049501],[148.8161763235264,-20.353480958139173],[148.82337646752933,-20.33655520282406],[148.83777675553506,-20.353480958139173],[148.83777675553506,-20.36702156239126],[148.8305766115322,-20.36702156239126],[148.8305766115322,-20.383947317706358],[148.8161763235264,-20.383947317706358],[148.82337646752933,-20.3907176198324],[148.82337646752933,-20.387332468769387],[148.83777675553506,-20.3907176198324],[148.83777675553506,-20.431339432588658],[148.84497689953793,-20.431339432588658],[148.88097761955237,-20.471961245344914],[148.90257805156097,-20.468576094281886],[148.9097781955639,-20.478731547470957],[148.88817776355523,-20.47534639640793],[148.88097761955237,-20.488887000660014],[148.91697833956675,-20.51258305810117],[148.93137862757254,-20.5328939644793],[148.90257805156097,-20.536279115542314],[148.90257805156097,-20.546434568731385],[148.88817776355523,-20.52273851129023],[148.8593771875437,-20.52950881341627],[148.8593771875437,-20.515968209164186],[148.85217704354085,-20.509197907038143],[148.84497689953793,-20.515968209164186],[148.84497689953793,-20.5024276049121],[148.82337646752933,-20.495657302786057],[148.82337646752933,-20.478731547470957],[148.8305766115322,-20.47534639640793],[148.8161763235264,-20.45842064109283],[148.82337646752933,-20.448265187903772],[148.8305766115322,-20.451650338966786],[148.82337646752933,-20.424569130462615],[148.82337646752933,-20.444880036840743],[148.8161763235264,-20.44149488577773],[148.8161763235264,-20.4211839793996],[148.80177603552067,-20.424569130462615],[148.7873757475149,-20.414413677273558],[148.7945758915178,-20.455035490029815],[148.7873757475149,-20.431339432588658],[148.75857517150337,-20.417798828336572],[148.77297545950915,-20.431339432588658],[148.7873757475149,-20.451650338966786],[148.78017560351202,-20.46519094321887],[148.7657753155063,-20.478731547470957],[148.7513750275005,-20.471961245344914],[148.73697473949477,-20.48211669853397],[148.69377387547746,-20.44149488577773],[148.6865737314746,-20.434724583651686],[148.67937358747173,-20.44149488577773],[148.69377387547746,-20.444880036840743],[148.69377387547746,-20.461805792155857],[148.71537430748612,-20.48211669853397],[148.71537430748612,-20.495657302786057],[148.66497329946594,-20.587056381487642],[148.69377387547746,-20.600596985739728],[148.6865737314746,-20.620907892117856],[148.70097401948033,-20.64121879849597],[148.71537430748612,-20.64121879849597],[148.72977459549185,-20.63444849636994],[148.72977459549185,-20.644603949559],[148.70817416348325,-20.67168515806317],[148.72977459549185,-20.68861091337827],[148.72977459549185,-20.71569212188244],[148.75857517150337,-20.725847575071512],[148.7657753155063,-20.73600302826057],[148.78017560351202,-20.732617877197555],[148.78017560351202,-20.76308423676474],[148.80177603552067,-20.776624841016826],[148.8305766115322,-20.776624841016826],[148.83777675553506,-20.79016544526891],[148.8161763235264,-20.79016544526891],[148.82337646752933,-20.800320898457983],[148.8161763235264,-20.803706049520997],[148.7945758915178,-20.796935747394954],[148.80177603552067,-20.807091200584026],[148.7873757475149,-20.817246653773083],[148.80897617952354,-20.81386150271007],[148.82337646752933,-20.83078725802517],[148.82337646752933,-20.820631804836097],[148.83777675553506,-20.824016955899125],[148.85217704354085,-20.847713013340268],[148.8305766115322,-20.851098164403297],[148.84497689953793,-20.85448331546631],[148.84497689953793,-20.87479422184444],[148.86657733154658,-20.868023919718397],[148.87377747554945,-20.881564523970482],[148.87377747554945,-20.861253617592354],[148.88097761955237,-20.85448331546631],[148.8953779075581,-20.861253617592354],[148.88817776355523,-20.878179372907468],[148.91697833956675,-20.891719977159553],[148.93137862757254,-20.88494967503351],[148.9385787715754,-20.888334826096525],[148.95297905958114,-20.87479422184444],[148.9745794915898,-20.90187543034861],[148.99617992359845,-20.891719977159553],[149.0033800676013,-20.912030883537682],[149.0177803556071,-20.912030883537682],[149.03218064361283,-20.898490279285596],[149.04658093161862,-20.90187543034861],[149.04658093161862,-20.918801185663725],[149.06098121962435,-20.92895663885278],[149.02498049960997,-20.92218633672674],[149.01058021160418,-20.935726940978824],[149.03218064361283,-20.956037847356953],[149.0177803556071,-20.956037847356953],[149.02498049960997,-20.962808149482996],[149.0177803556071,-20.966193300546024],[149.0177803556071,-20.97634875373508],[149.0177803556071,-20.99327450905018],[149.0393807876157,-20.989889357987167],[149.04658093161862,-20.97973390479811],[149.06818136362722,-20.986504206924153],[149.06818136362722,-20.983119055861124],[149.082581651633,-20.989889357987167],[149.06818136362722,-20.97634875373508],[149.08978179563587,-20.97634875373508],[149.11138222764453,-21.000044811176224],[149.12578251565026,-21.006815113302267],[149.12578251565026,-21.033896321806438],[149.13298265965318,-21.030511170743424],[149.13298265965318,-20.99665966011321],[149.15458309166178,-21.000044811176224],[149.15458309166178,-21.016970566491338],[149.16898337966757,-21.04066662393248],[149.17618352367043,-21.033896321806438],[149.1833836676733,-21.033896321806438],[149.20498409968195,-21.077903285625723],[149.2265845316906,-21.064362681373638],[149.2265845316906,-21.101599343066866],[149.23378467569347,-21.10836964519291],[149.2265845316906,-21.11852509838198],[149.21938438768774,-21.148991457949165],[149.21218424368482,-21.132065702634065],[149.21938438768774,-21.121910249444994],[149.21218424368482,-21.128680551571037],[149.19778395567909,-21.125295400508023],[149.19058381167622,-21.132065702634065],[149.20498409968195,-21.132065702634065],[149.19778395567909,-21.13883600476011],[149.1617832356647,-21.132065702634065],[149.15458309166178,-21.142221155823123],[149.17618352367043,-21.13545085369708],[149.21218424368482,-21.14560630688615],[149.19778395567909,-21.159146911138237],[149.19058381167622,-21.18284296857938],[149.19778395567909,-21.20992417708355],[149.1833836676733,-21.19976872389448],[149.17618352367043,-21.19976872389448],[149.21218424368482,-21.240390536650736],[149.19778395567909,-21.267471745154907],[149.1833836676733,-21.27424204728095],[149.17618352367043,-21.28439750047002],[149.19778395567909,-21.27762719834398],[149.19058381167622,-21.29455295365908],[149.19778395567909,-21.297938104722107],[149.2265845316906,-21.264086594091893],[149.25538510770212,-21.243775687713764],[149.27698553971078,-21.27762719834398],[149.29858597171938,-21.27424204728095],[149.2913858277165,-21.318249011100235],[149.29858597171938,-21.335174766415335],[149.29858597171938,-21.341945068541378],[149.31298625972516,-21.355485672793463],[149.3057861157223,-21.36564112598252],[149.31298625972516,-21.375796579171592],[149.32018640372803,-21.36902627704555],[149.32018640372803,-21.39272233448669],[149.3057861157223,-21.39272233448669],[149.29858597171938,-21.399492636612734],[149.27698553971078,-21.389337183423677],[149.28418568371364,-21.39610748554972],[149.27698553971078,-21.399492636612734],[149.2913858277165,-21.402877787675763],[149.28418568371364,-21.409648089801806],[149.29858597171938,-21.41641839192785],[149.33458669173382,-21.409648089801806],[149.34178683573668,-21.426573845116906],[149.33458669173382,-21.43334414724295],[149.32018640372803,-21.419803542990863],[149.31298625972516,-21.426573845116906],[149.29858597171938,-21.426573845116906],[149.2913858277165,-21.463810506810148],[149.29858597171938,-21.47058080893619],[149.27698553971078,-21.477351111062234],[149.2913858277165,-21.49089171531432],[149.2913858277165,-21.50781747062942],[149.29858597171938,-21.511202621692448],[149.3057861157223,-21.501047168503376],[149.3273865477309,-21.504432319566405],[149.3057861157223,-21.497662017440362],[149.33458669173382,-21.48750656425129],[149.34178683573668,-21.473965959999205],[149.35618712374242,-21.497662017440362],[149.34898697973955,-21.50781747062942],[149.39938798775972,-21.494276866377334],[149.3705874117482,-21.53489867913359],[149.39938798775972,-21.541668981259633],[149.39218784375686,-21.548439283385676],[149.39938798775972,-21.56197988763776],[149.4065881317626,-21.558594736574733],[149.39938798775972,-21.558594736574733],[149.39938798775972,-21.548439283385676],[149.41378827576546,-21.545054132322647],[149.4353887077741,-21.55520958551172],[149.44258885177697,-21.57890564295286],[149.42098841976838,-21.575520491889847],[149.4353887077741,-21.57890564295286],[149.4353887077741,-21.585675945078904],[149.4497889957799,-21.57890564295286],[149.4497889957799,-21.56197988763776],[149.46418928378563,-21.56197988763776],[149.45698913978276,-21.55520958551172],[149.4713894277885,-21.558594736574733],[149.45698913978276,-21.55182443444869],[149.4713894277885,-21.53489867913359],[149.48578971579428,-21.531513528070562],[149.48578971579428,-21.57213534082682],[149.47858957179142,-21.57213534082682],[149.4713894277885,-21.589061096141933],[149.45698913978276,-21.60260170039402],[149.4353887077741,-21.639838362087247],[149.45698913978276,-21.680460174843503],[149.44258885177697,-21.687230476969546],[149.4497889957799,-21.687230476969546],[149.45698913978276,-21.707541383347674],[149.4497889957799,-21.714311685473717],[149.4713894277885,-21.707541383347674],[149.47858957179142,-21.74139289397789],[149.45698913978276,-21.731237440788824],[149.44258885177697,-21.74477804504091],[149.42818856377124,-21.74477804504091],[149.4353887077741,-21.819251368427373],[149.4353887077741,-21.80909591523831],[149.45698913978276,-21.815866217364352],[149.46418928378563,-21.822636519490395],[149.45698913978276,-21.829406821616438],[149.4713894277885,-21.839562274805502],[149.46418928378563,-21.876798936498737],[149.46418928378563,-21.90388014500291],[149.45698913978276,-21.90388014500291],[149.46418928378563,-21.924191051381037],[149.48578971579428,-21.95804256201125],[149.49298985979715,-21.988508921578436],[149.52179043580867,-22.02574558327167],[149.5145902918058,-22.076522849216992],[149.54339086781732,-22.134070417288356],[149.5505910118202,-22.140840719414392],[149.55779115582305,-22.167921927918563],[149.56499129982598,-22.171307078981584],[149.55779115582305,-22.18823283429669],[149.56499129982598,-22.191617985359713],[149.57219144382884,-22.23223979811597],[149.60099201984036,-22.252550704494098],[149.60099201984036,-22.272861610872226],[149.5937918758375,-22.28301706406129],[149.62979259585188,-22.296557668313376],[149.6585931718634,-22.337179481069626],[149.6585931718634,-22.354105236384733],[149.68739374787492,-22.34394978319567],[149.70899417988358,-22.37103099169984],[149.71619432388644,-22.357490387447754],[149.73059461189217,-22.34733493425869],[149.76659533190661,-22.37103099169984],[149.74499489989796,-22.387956747014947],[149.74499489989796,-22.42180825764516],[149.75219504390083,-22.435348861897246],[149.77379547590948,-22.415037955519118],[149.78099561991235,-22.381186444888904],[149.80979619592387,-22.381186444888904],[149.85299705994117,-22.415037955519118],[149.88899777995556,-22.492896429968603],[149.9609992199844,-22.540288544850902],[149.9897997959959,-22.587680659733202],[149.9897997959959,-22.601221263985288],[150.00420008400164,-22.60799156611133],[150.01860037200743,-22.638457925678523],[150.04740094801895,-22.662153983119673],[150.0114002280045,-22.58091035760716],[150.00420008400164,-22.53013309166184],[149.98259965199298,-22.50643703422069],[149.97539950799012,-22.47258552359048],[149.9105982119642,-22.34394978319567],[149.9609992199844,-22.34394978319567],[149.93219864397287,-22.333794330006604],[149.97539950799012,-22.330409178943583],[149.91779835596708,-22.32025372575452],[149.92499849996994,-22.30671312150244],[149.91779835596708,-22.296557668313376],[149.91779835596708,-22.272861610872226],[149.93219864397287,-22.262706157683162],[149.95379907598146,-22.18484768323367],[150.00420008400164,-22.144225870477413],[150.03300066001316,-22.147611021540435],[150.03300066001316,-22.13745556835137],[150.04020080401602,-22.127300115162313],[150.0546010920218,-22.134070417288356],[150.06180123602468,-22.134070417288356],[150.06900138002754,-22.154381323666477],[150.08340166803333,-22.150996172603456],[150.09780195603906,-22.21192889173784],[150.0906018120362,-22.218699193863884],[150.14820296405924,-22.25932100662014],[150.1554031080621,-22.30332797043942],[150.19140382807655,-22.32363887681754],[150.17700354007076,-22.340564632132647],[150.17700354007076,-22.360875538510776],[150.20580411608228,-22.36764584063682],[150.22020440408807,-22.39472704914099],[150.29220584411684,-22.401497351267032],[150.2994059881197,-22.39811220020401],[150.2994059881197,-22.42180825764516],[150.32100642012836,-22.425193408708182],[150.33540670813414,-22.438734012960268],[150.38580771615426,-22.46581522146444],[150.40020800416005,-22.482740976779546],[150.40740814816292,-22.499666732094646],[150.4218084361687,-22.499666732094646],[150.43620872417443,-22.50982218528371],[150.42900858017157,-22.516592487409753],[150.43620872417443,-22.51320733634673],[150.45060901218022,-22.53351824272486],[150.45060901218022,-22.523362789535796],[150.4866097321946,-22.53351824272486],[150.50101002020034,-22.56059945122903],[150.50101002020034,-22.553829149102988],[150.49380987619747,-22.540288544850902],[150.50101002020034,-22.547058846976945],[150.50101002020034,-22.543673695913924],[150.4866097321946,-22.53013309166184],[150.4866097321946,-22.519977638472774],[150.49380987619747,-22.519977638472774],[150.50101002020034,-22.53690339378788],[150.54421088421765,-22.56059945122903],[150.53701074021478,-22.570754904418095],[150.51541030820613,-22.55721430016601],[150.522610452209,-22.567369753355074],[150.51541030820613,-22.570754904418095],[150.52981059621186,-22.574140055481116],[150.52981059621186,-22.58091035760716],[150.54421088421765,-22.574140055481116],[150.52981059621186,-22.601221263985288],[150.53701074021478,-22.597836112922266],[150.5514110282205,-22.618147019300395],[150.53701074021478,-22.591065810796223],[150.54421088421765,-22.577525206544138],[150.55861117222338,-22.60460641504831],[150.5514110282205,-22.567369753355074],[150.5658113162263,-22.563984602292052],[150.57301146022917,-22.577525206544138],[150.59461189223782,-22.574140055481116],[150.5874117482349,-22.56059945122903],[150.59461189223782,-22.56059945122903],[150.5874117482349,-22.553829149102988],[150.58021160423203,-22.547058846976945],[150.5874117482349,-22.543673695913924],[150.57301146022917,-22.526747940598817],[150.5658113162263,-22.503051883157667],[150.5514110282205,-22.482740976779546],[150.57301146022917,-22.482740976779546],[150.55861117222338,-22.475970674653503],[150.52981059621186,-22.448889466149332],[150.53701074021478,-22.44550431508631],[150.5874117482349,-22.462430070401417],[150.57301146022917,-22.452274617212353],[150.53701074021478,-22.44211916402329],[150.53701074021478,-22.428578559771204],[150.55861117222338,-22.431963710834225],[150.54421088421765,-22.42180825764516],[150.54421088421765,-22.408267653393075],[150.52981059621186,-22.401497351267032],[150.53701074021478,-22.35072008532171],[150.55861117222338,-22.316868574691497],[150.6018120362407,-22.333794330006604],[150.62341246824934,-22.32702402788056],[150.64501290025794,-22.34394978319567],[150.63781275625507,-22.364260689573797],[150.61621232424642,-22.34733493425869],[150.64501290025794,-22.381186444888904],[150.62341246824934,-22.387956747014947],[150.61621232424642,-22.381186444888904],[150.61621232424642,-22.387956747014947],[150.60901218024355,-22.387956747014947],[150.6306126122522,-22.39811220020401],[150.64501290025794,-22.391341898077968],[150.65941318826373,-22.415037955519118],[150.65221304426086,-22.42180825764516],[150.65221304426086,-22.438734012960268],[150.6666133322666,-22.455659768275375],[150.65941318826373,-22.41842310658214],[150.67381347626952,-22.401497351267032],[150.65221304426086,-22.36764584063682],[150.6666133322666,-22.34733493425869],[150.68101362027238,-22.36764584063682],[150.68101362027238,-22.37441614276286],[150.68821376427525,-22.377801293825883],[150.6954139082781,-22.431963710834225],[150.71701434028677,-22.44550431508631],[150.75301506030115,-22.44550431508631],[150.7458149162983,-22.452274617212353],[150.76021520430407,-22.46920037252746],[150.7458149162983,-22.475970674653503],[150.73861477229542,-22.47258552359048],[150.73141462829255,-22.486126127842567],[150.72421448428963,-22.519977638472774],[150.6954139082781,-22.50643703422069],[150.6954139082781,-22.48951127890558],[150.68821376427525,-22.492896429968603],[150.68101362027238,-22.47258552359048],[150.67381347626952,-22.47258552359048],[150.68101362027238,-22.486126127842567],[150.67381347626952,-22.482740976779546],[150.67381347626952,-22.496281581031624],[150.64501290025794,-22.475970674653503],[150.67381347626952,-22.499666732094646],[150.6666133322666,-22.50982218528371],[150.6666133322666,-22.523362789535796],[150.68821376427525,-22.543673695913924],[150.68389367787353,-22.561953511654238],[150.68821376427525,-22.553829149102988],[150.71701434028677,-22.553829149102988],[150.72421448428963,-22.563984602292052],[150.71701434028677,-22.601221263985288],[150.73141462829255,-22.624917321426437],[150.71701434028677,-22.63168762355248],[150.71701434028677,-22.624917321426437],[150.6954139082781,-22.60799156611133],[150.7098141962839,-22.6350727746155],[150.72421448428963,-22.6350727746155],[150.73141462829255,-22.641843076741544],[150.73141462829255,-22.63168762355248],[150.73861477229542,-22.624917321426437],[150.75301506030115,-22.621532170363416],[150.7458149162983,-22.618147019300395],[150.73861477229542,-22.60460641504831],[150.7458149162983,-22.611376717174352],[150.75301506030115,-22.60460641504831],[150.73861477229542,-22.601221263985288],[150.7458149162983,-22.587680659733202],[150.7458149162983,-22.58429550867018],[150.75301506030115,-22.591065810796223],[150.7458149162983,-22.58091035760716],[150.75301506030115,-22.577525206544138],[150.76021520430407,-22.553829149102988],[150.7746154923098,-22.553829149102988],[150.75301506030115,-22.540288544850902],[150.75301506030115,-22.523362789535796],[150.78181563631267,-22.53013309166184],[150.7890157803156,-22.53690339378788],[150.78181563631267,-22.543673695913924],[150.7890157803156,-22.553829149102988],[150.78181563631267,-22.55721430016601],[150.78181563631267,-22.577525206544138],[150.7746154923098,-22.638457925678523],[150.7890157803156,-22.648613378867587],[150.80341606832133,-22.645228227804566],[150.80341606832133,-22.67230943630873],[150.8106162123242,-22.679079738434773],[150.83221664433285,-22.685850040560815],[150.82501650032998,-22.716316400128008],[150.82501650032998,-22.729857004380094],[150.8106162123242,-22.750167910758222],[150.80341606832133,-22.79078972351448],[150.8178163563271,-22.79756002564052],[150.80341606832133,-22.804330327766564],[150.8106162123242,-22.81787093201865],[150.80341606832133,-22.81448578095563],[150.79621592431846,-22.824641234144693],[150.7890157803156,-22.865263046900942],[150.7890157803156,-22.922810614972306],[150.80341606832133,-22.93296606816137],[150.7746154923098,-22.963432427728563],[150.7746154923098,-23.054831506430133],[150.75301506030115,-23.129304829816604],[150.7746154923098,-23.16654149150984],[150.79621592431846,-23.163156340446818],[150.7890157803156,-23.176696944698904],[150.80341606832133,-23.183467246824947],[150.79621592431846,-23.186852397887968],[150.790044372316,-23.204261746212072],[150.79621592431846,-23.227474210644218],[150.8178163563271,-23.220703908518175],[150.8178163563271,-23.23424451277026],[150.82501650032998,-23.23762966383328],[150.82501650032998,-23.28163662765256],[150.7890157803156,-23.30871783615673],[150.76741534830694,-23.30194753403069],[150.7746154923098,-23.322258440408817],[150.7890157803156,-23.322258440408817],[150.79556136577276,-23.337645490695277],[150.7890157803156,-23.35610995103903],[150.8106162123242,-23.406887216984344],[150.86821736434723,-23.481360540370815],[150.86101722034437,-23.501671446748944],[150.84661693233863,-23.508441748874986],[150.79621592431846,-23.501671446748944],[150.7890157803156,-23.508441748874986],[150.87541750835015,-23.552448712694257],[150.87541750835015,-23.565989316946343],[150.83221664433285,-23.552448712694257],[150.83221664433285,-23.56260416588332],[150.86821736434723,-23.576144770135407],[150.8538170763415,-23.620151733954685],[150.87541750835015,-23.576144770135407],[150.9330186603732,-23.5422932595052],[150.9618192363847,-23.552448712694257],[150.9618192363847,-23.599840827576557],[150.9330186603732,-23.60999628076562],[150.92581851637027,-23.623536885017707],[150.96901938038758,-23.6066111297026],[150.97621952439044,-23.55583386375728],[151.02662053241062,-23.572759619072386],[151.04102082041635,-23.623536885017707],[151.04102082041635,-23.620151733954685],[151.04822096441927,-23.63030718714375],[151.06982139642787,-23.637077489269792],[151.08422168443366,-23.647232942458857],[151.09142182843652,-23.6540032445849],[151.08422168443366,-23.65738839564792],[151.0986219724394,-23.65738839564792],[151.09142182843652,-23.660773546710942],[151.11122222444448,-23.660773546710942],[151.11446228924575,-23.662804637348756],[151.12022240444804,-23.670928999900006],[151.13462269245383,-23.698010208404177],[151.11302226044518,-23.698010208404177],[151.12022240444804,-23.7013953594672],[151.11302226044518,-23.70478051053022],[151.1274225484509,-23.70478051053022],[151.12022240444804,-23.711550812656263],[151.13462269245383,-23.70816566159324],[151.14902298045956,-23.728476567971363],[151.15622312446243,-23.74878747434949],[151.1418228364567,-23.76909838072762],[151.17062341246822,-23.81649049560992],[151.19222384447687,-23.81987564667294],[151.19222384447687,-23.826645948798983],[151.23542470849412,-23.81649049560992],[151.242624852497,-23.826645948798983],[151.23542470849412,-23.81987564667294],[151.23542470849412,-23.830031099862005],[151.2714254285085,-23.836801401988048],[151.27862557251143,-23.853727157303155],[151.29302586051716,-23.853727157303155],[151.30022600452003,-23.860497459429197],[151.31462629252582,-23.853727157303155],[151.31462629252582,-23.884193516870347],[151.30022600452003,-23.874038063681283],[151.30742614852295,-23.901119272185447],[151.32182643652868,-23.874038063681283],[151.35782715654307,-23.93497078281566],[151.365027300546,-23.938355933878682],[151.4298285965719,-23.985748048760982],[151.4298285965719,-24.022984710454217],[151.43702874057476,-24.02636986151724],[151.42262845256903,-24.046680767895367],[151.43702874057476,-24.05683622108443],[151.43702874057476,-24.077147127462553],[151.45142902858055,-24.063606523210474],[151.44422888457763,-24.05683622108443],[151.45142902858055,-24.046680767895367],[151.43702874057476,-24.036525314706303],[151.44422888457763,-24.02636986151724],[151.45862917258341,-24.036525314706303],[151.45862917258341,-24.039910465769324],[151.45862917258341,-24.043295616832346],[151.45862917258341,-24.05345107002141],[151.46582931658628,-24.060221372147453],[151.46582931658628,-24.070376825336517],[151.47302946058915,-24.07376197639953],[151.47302946058915,-24.063606523210474],[151.48022960459207,-24.063606523210474],[151.48742974859493,-24.07376197639953],[151.4946298925978,-24.066991674273496],[151.48022960459207,-24.060221372147453],[151.47302946058915,-24.03314016364328],[151.47302946058915,-24.036525314706303],[151.44422888457763,-24.016214408328175],[151.43702874057476,-23.992518350887025],[151.46582931658628,-23.995903501950046],[151.54503090061797,-24.02975501258026],[151.54503090061797,-24.036525314706303],[151.52343046860932,-24.036525314706303],[151.50183003660067,-24.046680767895367],[151.52343046860932,-24.060221372147453],[151.51623032460645,-24.070376825336517],[151.52343046860932,-24.087302580651617],[151.54503090061797,-24.090687731714638],[151.54503090061797,-24.114383789155788],[151.55223104462084,-24.110998638092767],[151.55223104462084,-24.107613487029745],[151.55943118862376,-24.100843184903702],[151.56663133262663,-24.110998638092767],[151.55943118862376,-24.07376197639953],[151.58103162063236,-24.087302580651617],[151.5738314766295,-24.077147127462553],[151.55223104462084,-24.070376825336517],[151.56663133262663,-24.036525314706303],[151.5738314766295,-24.036525314706303],[151.58103162063236,-24.05006591895839],[151.60983219664388,-24.043295616832346],[151.62423248464967,-24.05345107002141],[151.63143262865253,-24.05683622108443],[151.64583291665832,-24.080532278525574],[151.6530330606612,-24.07376197639953],[151.66023320466405,-24.090687731714638],[151.66743334866692,-24.083917429588595],[151.67463349266984,-24.09745803384068],[151.67463349266984,-24.087302580651617],[151.6818336366727,-24.110998638092767],[151.6818336366727,-24.104228335966724],[151.6818336366727,-24.087302580651617],[151.66743334866692,-24.060221372147453],[151.68903378067557,-24.066991674273496],[151.67463349266984,-24.05006591895839],[151.66743334866692,-24.05345107002141],[151.66455329106577,-24.049388888745785],[151.66743334866692,-24.046680767895367],[151.66203324066475,-24.045834480129614],[151.6530330606612,-24.03314016364328],[151.6386327726554,-24.03314016364328],[151.64583291665832,-24.02636986151724],[151.63143262865253,-24.012829257265153],[151.602632052641,-24.00944410620213],[151.60983219664388,-23.97897774663494],[151.64583291665832,-23.97897774663494],[151.67463349266984,-23.989133199824003],[151.69623392467844,-24.012829257265153],[151.73223464469288,-24.022984710454217],[151.70343406868136,-24.039910465769324],[151.71063421268423,-24.05345107002141],[151.70343406868136,-24.05683622108443],[151.7178343566871,-24.05683622108443],[151.7178343566871,-24.070376825336517],[151.7178343566871,-24.087302580651617],[151.73223464469288,-24.060221372147453],[151.72503450068996,-24.05006591895839],[151.73943478869575,-24.046680767895367],[151.73943478869575,-24.043295616832346],[151.73223464469288,-24.043295616832346],[151.7466349326986,-24.03314016364328],[151.73943478869575,-24.00267380407609],[151.75383507670148,-24.019599559391196],[151.76823536470727,-24.016214408328175],[151.76823536470727,-24.060221372147453],[151.78983579671592,-24.11776894021881],[151.782635652713,-24.12115409128183],[151.78983579671592,-24.127924393407874],[151.80423608472165,-24.14485014872298],[151.84023680473604,-24.17193135722715],[151.81863637272744,-24.16516105510111],[151.83303666073317,-24.175316508290173],[151.87623752475048,-24.17193135722715],[151.84743694873896,-24.21932347210945],[151.87623752475048,-24.19224226360528],[151.86903738074756,-24.18885711254226],[151.88343766875334,-24.175316508290173],[151.88343766875334,-24.148235299786002],[151.905038100762,-24.209168018920387],[151.91943838876773,-24.21255316998341],[151.94103882077638,-24.23963437848758],[152.0058401168023,-24.432587989079785],[152.04184083681668,-24.49690585927719],[152.05624112482246,-24.510446463529277],[152.04184083681668,-24.523987067781363],[152.05624112482246,-24.51721676565532],[152.06344126882533,-24.52060191671834],[152.09224184483685,-24.56460888053762],[152.1498429968599,-24.625541599671998],[152.20744414888293,-24.65600795923919],[152.27224544490883,-24.713555527310554],[152.34424688493766,-24.737251584751704],[152.3370467409348,-24.744021886877746],[152.36584731694632,-24.737251584751704],[152.34424688493766,-24.733866433688682],[152.38024760495205,-24.73048128262566],[152.39344786895737,-24.74909961347228],[152.38024760495205,-24.767717944318896],[152.38024760495205,-24.79818430388608],[152.38744774895497,-24.764332793255875],[152.4162483249665,-24.757562491129832],[152.42344846896935,-24.77448824644494],[152.4666493329866,-24.81511005920119],[152.49544990899813,-24.91666459109183],[152.48824976499526,-24.930205195343916],[152.48824976499526,-24.970827008100166],[152.55305106102116,-25.072381539990808],[152.53865077301543,-25.068996388927786],[152.53145062901257,-25.07915184211685],[152.53762218101502,-25.082053400170867],[152.5458509170183,-25.072381539990808],[152.57465149302982,-25.119773654873107],[152.63225264505286,-25.150240014440293],[152.61785235704713,-25.173936071881442],[152.57465149302982,-25.1671657697554],[152.55305106102116,-25.17055092081842],[152.53865077301543,-25.19086182719655],[152.5458509170183,-25.204402431448635],[152.5458509170183,-25.187476676133528],[152.5602512050241,-25.180706374007485],[152.61785235704713,-25.184091525070507],[152.64665293305865,-25.228098488889785],[152.64665293305865,-25.234868791015828],[152.6538530770615,-25.231483639952806],[152.66105322106438,-25.24502424420489],[152.72585451709028,-25.26872030164604],[152.80505610112198,-25.26533515058302],[152.80505610112198,-25.248409395267913],[152.81225624512484,-25.24502424420489],[152.82665653313063,-25.248409395267913],[152.8338566771335,-25.275490603772084],[152.86265725314502,-25.282260905898127],[152.8986579731594,-25.282260905898127],[152.9130582611652,-25.29241635908719],[152.8986579731594,-25.312727265465313],[152.92025840516806,-25.363504531410634],[152.9130582611652,-25.37704513566272],[152.92745854917092,-25.43120755267106],[152.90585811716232,-25.417666948418976],[152.8986579731594,-25.417666948418976],[152.89145782915654,-25.42782240160804],[152.90585811716232,-25.42782240160804],[152.86985739714788,-25.444748156923147],[152.84825696513929,-25.485369969679397],[152.82665653313063,-25.49552542286846],[152.84825696513929,-25.498910573931482],[152.88425768515367,-25.461673912238254],[152.92745854917092,-25.44813330798617],[152.93465869317384,-25.43120755267106],[152.95625912518244,-25.434592703734083],[152.94905898117958,-25.45151845904919],[152.9418588371767,-25.45151845904919],[152.94905898117958,-25.461673912238254],[152.92745854917092,-25.468444214364297],[152.8986579731594,-25.498910573931482],[152.8986579731594,-25.505680876057525],[152.90585811716232,-25.502295724994504],[152.9130582611652,-25.529376933498675],[152.8986579731594,-25.532762084561696],[152.90585811716232,-25.54291753775076],[152.8770575411508,-25.556458142002846],[152.86265725314502,-25.553072990939825],[152.8770575411508,-25.559843293065867],[152.8770575411508,-25.56661359519191],[152.88425768515367,-25.56322844412889],[152.88425768515367,-25.56999874625493],[152.8770575411508,-25.576769048380974],[152.8770575411508,-25.61062055901119],[152.89145782915654,-25.61739086113723],[152.8986579731594,-25.647857220704424],[152.8986579731594,-25.65801267389348],[152.9130582611652,-25.674938429208588],[152.88425768515367,-25.674938429208588],[152.8770575411508,-25.685093882397652],[152.92025840516806,-25.70540478877578],[152.90585811716232,-25.72910084621693],[152.92025840516806,-25.73248599727995],[152.9130582611652,-25.739256299405994],[152.93465869317384,-25.746026601532037],[152.93465869317384,-25.759567205784123],[152.95625912518244,-25.7561820547211],[152.97065941318823,-25.762952356847144],[152.9778595571911,-25.769722658973187],[152.97065941318823,-25.793418716414337],[152.94905898117958,-25.80018901854038],[152.9418588371767,-25.796803867477358],[152.93465869317384,-25.813729622792465],[152.9418588371767,-25.820499924918508],[152.94905898117958,-25.817114773855486],[152.9418588371767,-25.810344471729444],[152.9778595571911,-25.810344471729444],[152.98505970119396,-25.82388507598153],[152.98505970119396,-25.8035741696034],[153.0210604212084,-25.830655378107572],[153.02826056521127,-25.850966284485693],[153.01386027720548,-25.854351435548715],[153.01386027720548,-25.86450688873778],[152.99225984519688,-25.881432644052886],[153.01219870551253,-25.87830788922548],[153.0210604212084,-25.8678920398008],[153.02826056521127,-25.878047492989865],[153.02826056521127,-25.88820294617893],[153.02826056521127,-25.898358399367993],[153.0210604212084,-25.89158809724195],[153.00666013320262,-25.898358399367993],[153.00666013320262,-25.905128701494036],[152.99945998919975,-25.908513852557057],[153.01386027720548,-25.905128701494036],[153.00666013320262,-25.91866930574612],[153.01386027720548,-25.932209909998207],[152.99945998919975,-25.93559506106123],[153.02826056521127,-25.93559506106123],[152.99945998919975,-25.952520816376335],[153.0046029492018,-25.959774711511383],[152.99945998919975,-25.969446571691442],[153.00666013320262,-25.969446571691442],[153.00666013320262,-25.982987175943528],[153.01386027720548,-25.982987175943528],[153.01386027720548,-25.98975747806957],[153.01386027720548,-25.996527780195613],[153.0210604212084,-25.98637232700655],[153.02826056521127,-25.98637232700655],[153.01386027720548,-25.976216873817485],[153.02826056521127,-25.979602024880506],[153.0210604212084,-25.959291118502378],[153.02826056521127,-25.955905967439357],[153.042660853217,-25.969446571691442],[153.042660853217,-25.952520816376335],[153.03546070921414,-25.945750514250292],[153.042660853217,-25.93559506106123],[153.04986099721992,-25.945750514250292],[153.042660853217,-25.932209909998207],[153.0570611412228,-25.932209909998207],[153.02826056521127,-25.922054456809143],[153.0210604212084,-25.908513852557057],[153.03546070921414,-25.905128701494036],[153.02826056521127,-25.91189900362008],[153.03546070921414,-25.91189900362008],[153.04986099721992,-25.898358399367993],[153.04986099721992,-25.905128701494036],[153.0570611412228,-25.88820294617893],[153.06426128522565,-25.884817795115907],[153.06426128522565,-25.87127719086382],[153.04986099721992,-25.861121737674758],[153.04986099721992,-25.850966284485693],[153.0570611412228,-25.82727022704455],[153.07146142922852,-25.82388507598153],[153.04986099721992,-25.806959320666422],[153.07146142922852,-25.810344471729444],[153.0858617172343,-25.88820294617893],[153.1218624372487,-25.932209909998207],[153.165063301266,-25.949135665313314],[153.17946358927173,-25.945750514250292],[153.17946358927173,-25.928824758935185],[153.19386387727752,-25.932209909998207],[153.1506630132602,-26.006683233384678],[153.11466229324583,-26.10485261421229],[153.07866157323144,-26.223332901418033],[153.06426128522565,-26.31473198011961],[153.06426128522565,-26.348583490749824],[153.07866157323144,-26.37904985031701],[153.09306186123717,-26.385820152443053],[153.10746214924296,-26.37566469925399],[153.1218624372487,-26.37904985031701],[153.09306186123717,-26.517841043900887],[153.10026200524004,-26.54492225240505],[153.10026200524004,-26.64309163323267],[153.10746214924296,-26.670172841736843],[153.12906258125156,-26.68371344598893],[153.13626272525448,-26.680328294925907],[153.13626272525448,-26.771727373627478],[153.1506630132602,-26.80219373319467],[153.1218624372487,-26.80557888425769],[153.1218624372487,-26.832660092761863],[153.10746214924296,-26.842815545950927],[153.11466229324583,-26.869896754455098],[153.10026200524004,-26.880052207644162],[153.09306186123717,-26.880052207644162],[153.10026200524004,-26.883437358707184],[153.09306186123717,-26.896977962959262],[153.0858617172343,-26.89359281189624],[153.07146142922852,-26.907133416148326],[153.06426128522565,-26.89359281189624],[153.06426128522565,-26.927444322526455],[153.042660853217,-26.947755228904583],[153.06426128522565,-26.96468098421969],[153.06426128522565,-26.974836437408754],[153.042660853217,-26.96806613528271],[153.042660853217,-26.98499189059782],[153.0210604212084,-26.98837704166084],[153.0570611412228,-26.98837704166084],[153.07866157323144,-27.018843401228033],[153.0858617172343,-27.01545825016501],[153.0858617172343,-27.028998854417097],[153.10026200524004,-27.032384005480118],[153.11466229324583,-27.052694911858246],[153.10746214924296,-27.05946521398429],[153.09306186123717,-27.052694911858246],[153.10026200524004,-27.06285036504731],[153.10746214924296,-27.06285036504731],[153.12906258125156,-27.06285036504731],[153.14346286925735,-27.07639096929939],[153.13626272525448,-27.086546422488453],[153.10026200524004,-27.089931573551475],[153.06426128522565,-27.110242479929603],[153.042660853217,-27.15086429268586],[153.03546070921414,-27.14747914162284],[153.03546070921414,-27.15424944374888],[153.042660853217,-27.157634594811903],[153.02826056521127,-27.157634594811903],[153.03546070921414,-27.164404896937945],[153.02826056521127,-27.181330652253052],[153.03546070921414,-27.19825640756816],[153.0858617172343,-27.205026709694202],[153.10746214924296,-27.191486105442117],[153.11466229324583,-27.19825640756816],[153.11466229324583,-27.232107918198373],[153.10746214924296,-27.26257427776556],[153.09306186123717,-27.255803975639516],[153.07866157323144,-27.26257427776556],[153.07146142922852,-27.245648522450452],[153.07866157323144,-27.228722767135352],[153.0570611412228,-27.228722767135352],[153.07866157323144,-27.26595942882858],[153.06426128522565,-27.282885184143687],[153.07146142922852,-27.31335154371088],[153.0858617172343,-27.326892147962965],[153.0858617172343,-27.333662450089008],[153.09306186123717,-27.343817903278072],[153.15786315726308,-27.3641288096562],[153.15786315726308,-27.377669413908286],[153.14346286925735,-27.38782486709735],[153.1506630132602,-27.394595169223393],[153.14346286925735,-27.41490607560152],[153.10746214924296,-27.438602133042664],[153.09306186123717,-27.445372435168707],[153.04986099721992,-27.438602133042664],[153.04986099721992,-27.458913039420793],[153.0570611412228,-27.441987284105686],[153.0858617172343,-27.44875758623173],[153.10746214924296,-27.441987284105686],[153.14346286925735,-27.421676377727557],[153.15786315726308,-27.401365471349436],[153.165063301266,-27.401365471349436],[153.15786315726308,-27.391210018160372],[153.17946358927173,-27.36074365859318],[153.19386387727752,-27.367513960719222],[153.17946358927173,-27.38443971603433],[153.1866637332746,-27.394595169223393],[153.165063301266,-27.397980320286415],[153.17226344526887,-27.40813577347548],[153.17226344526887,-27.41490607560152],[153.165063301266,-27.41490607560152],[153.17226344526887,-27.441987284105686],[153.19386387727752,-27.45214273729475],[153.19386387727752,-27.45552788835777],[153.1866637332746,-27.4758387947359],[153.19386387727752,-27.47922394579892],[153.2010640212804,-27.47245364367288],[153.20826416528325,-27.482609096861943],[153.2298645972919,-27.482609096861943],[153.2442648852977,-27.465683341546836],[153.2442648852977,-27.47922394579892],[153.25866517330343,-27.485994247924964],[153.25866517330343,-27.516460607492156],[153.28746574931495,-27.509690305366114],[153.28026560531208,-27.540156664933306],[153.28026560531208,-27.55031211812237],[153.28746574931495,-27.563852722374456],[153.3090661813236,-27.563852722374456],[153.30186603732074,-27.57400817556352],[153.31626632532647,-27.580778477689563],[153.2946658933178,-27.59431908194164],[153.3090661813236,-27.621400290445813],[153.31626632532647,-27.63832604576092],[153.3090661813236,-27.655251801076027],[153.32346646932933,-27.675562707454155],[153.31626632532647,-27.678947858517176],[153.32346646932933,-27.699258764895305],[153.30186603732074,-27.706029067021348],[153.2946658933178,-27.692488462769262],[153.30186603732074,-27.70941421808437],[153.31626632532647,-27.71279936914739],[153.33066661333226,-27.695873613832283],[153.345066901338,-27.695873613832283],[153.35946718934377,-27.71279936914739],[153.38106762135237,-27.70941421808437],[153.36666733334664,-27.702643915958326],[153.36666733334664,-27.692488462769262],[153.38106762135237,-27.675562707454155],[153.36666733334664,-27.672177556391134],[153.36666733334664,-27.648481498949984],[153.40266805336103,-27.645096347886962],[153.40266805336103,-27.6349408946979],[153.41706834136681,-27.64171119682394],[153.3882677653553,-27.658636952139048],[153.39546790935816,-27.695873613832283],[153.3882677653553,-27.70941421808437],[153.39546790935816,-27.70941421808437],[153.4098681973639,-27.73988057765156],[153.4386687733754,-27.73649542658854],[153.42426848536968,-27.77711723934479],[153.38106762135237,-27.783887541470833],[153.3882677653553,-27.787272692533854],[153.4098681973639,-27.783887541470833],[153.4098681973639,-27.790657843596875],[153.39546790935816,-27.817739052101047],[153.3738674773495,-27.814353901038025],[153.39546790935816,-27.794042994659897],[153.3882677653553,-27.794042994659897],[153.38106762135237,-27.80081329678594],[153.3738674773495,-27.807583598911982],[153.3738674773495,-27.80081329678594],[153.36666733334664,-27.80081329678594],[153.3738674773495,-27.817739052101047],[153.38346766935337,-27.82450935422709],[153.38106762135237,-27.82450935422709],[153.38586771735433,-27.82902288897779],[153.3738674773495,-27.834664807416154],[153.3738674773495,-27.844820260605218],[153.38736774735492,-27.84058882177644],[153.3882677653553,-27.841435109542196],[153.39546790935816,-27.838049958479175],[153.39546790935816,-27.858360864857303],[153.40266805336103,-27.861746015920325],[153.39546790935816,-27.87190146910939],[153.40266805336103,-27.87190146910939],[153.39546790935816,-27.885442073361475],[153.4098681973639,-27.905752979739603],[153.4098681973639,-27.932834188243774],[153.4098681973639,-27.956530245684917],[153.42316077090769,-27.972154019821943],[153.41706834136681,-27.983611454189088],[153.41706834136681,-27.99038175631513],[153.42426848536968,-27.997152058441173],[153.43146862937255,-27.99038175631513],[153.43146862937255,-28.003922360567216],[153.4530690613812,-28.08516598607973],[153.47466949338985,-28.12578779883598],[153.48906978139559,-28.12578779883598],[153.5178703574071,-28.159639309466193],[153.5538710774215,-28.163024460529215],[153.5322706454129,-28.1765650647813],[153.47466949338985,-28.156254158403172],[153.46026920538407,-28.179950215844322],[153.4386687733754,-28.186720517970365],[153.4098681973639,-28.210416575411514],[153.3882677653553,-28.234112632852664],[153.35946718934377,-28.25103838816777],[153.33786675733512,-28.24765323710475],[153.33066661333226,-28.237497783915686],[153.28026560531208,-28.234112632852664],[153.2658653173063,-28.24765323710475],[153.2442648852977,-28.24426808604173],[153.2298645972919,-28.264578992419857],[153.17946358927173,-28.24765323710475],[153.17226344526887,-28.27473444560892],[153.15786315726308,-28.281504747734964],[153.165063301266,-28.29504535198705],[153.15786315726308,-28.29504535198705],[153.14346286925735,-28.31197110730215],[153.1218624372487,-28.318741409428192],[153.12906258125156,-28.332282013680278],[153.10746214924296,-28.355978071121427],[153.042660853217,-28.33905231580632],[153.00666013320262,-28.34243746686934],[152.97065941318823,-28.332282013680278],[152.93465869317384,-28.33905231580632],[152.8770575411508,-28.308585956239128],[152.8338566771335,-28.318741409428192],[152.80505610112198,-28.352592920058406],[152.77625552511046,-28.345822617932363],[152.7546550931018,-28.36274837324747],[152.72585451709028,-28.34243746686934],[152.68265365307303,-28.328896862617256],[152.66825336506724,-28.31197110730215],[152.63945278905572,-28.31197110730215],[152.62505250105,-28.298430503050064],[152.61785235704713,-28.267964143482878],[152.60345206904134,-28.284889898797985],[152.60345206904134,-28.308585956239128],[152.58185163703268,-28.33905231580632],[152.56745134902695,-28.322126560491213],[152.55305106102116,-28.322126560491213],[152.55305106102116,-28.31535625836517],[152.5458509170183,-28.322126560491213],[152.52425048500965,-28.305200805176106],[152.53145062901257,-28.261193841356835],[152.5098501970039,-28.24765323710475],[152.4666493329866,-28.257808690293814],[152.445048900978,-28.291660200924028],[152.445048900978,-28.298430503050064],[152.4162483249665,-28.298430503050064],[152.40904818096357,-28.31535625836517],[152.4162483249665,-28.332282013680278],[152.38744774895497,-28.369518675373513],[152.3586471729434,-28.36274837324747],[152.34424688493766,-28.369518675373513],[152.30824616492328,-28.36274837324747],[152.28664573291462,-28.393214732814663],[152.26504530090597,-28.38982958175164],[152.2146442928858,-28.450762300886026],[152.1930438608772,-28.43383654557092],[152.18584371687427,-28.43722169663394],[152.15704314086275,-28.43383654557092],[152.12104242084837,-28.464302905138112],[152.0706414128282,-28.467688056201133],[152.06344126882533,-28.484613811516233],[152.0490409808196,-28.494769264705297],[152.02024040480808,-28.52523562427249],[151.99143982879656,-28.52523562427249],[151.98423968479364,-28.50492471789436],[151.95543910878212,-28.518465322146447],[151.95543910878212,-28.562472285965725],[151.98423968479364,-28.582783192343854],[151.99143982879656,-28.62340500510011],[152.01304026080516,-28.66402681785636],[152.04184083681668,-28.66402681785636],[152.0490409808196,-28.680952573171467],[152.06344126882533,-28.680952573171467],[152.06344126882533,-28.697878328486574],[152.07784155683112,-28.70803378167564],[152.04184083681668,-28.731729839116788],[152.0490409808196,-28.741885292305852],[152.0346406928138,-28.755425896557938],[152.04184083681668,-28.779121953999088],[152.0346406928138,-28.789277407188152],[152.0346406928138,-28.819743766755344],[152.02024040480808,-28.840054673133466],[152.01304026080516,-28.85021012632253],[152.02744054881094,-28.856980428448573],[152.0346406928138,-28.85021012632253],[152.0346406928138,-28.863750730574615],[152.01304026080516,-28.907757694393894],[151.99863997279942,-28.911142845456915],[151.99863997279942,-28.894217090141808],[151.9698393967879,-28.917913147582958],[151.91943838876773,-28.928068600772022],[151.89783795675908,-28.914527996519936],[151.84743694873896,-28.907757694393894],[151.84023680473604,-28.917913147582958],[151.84023680473604,-28.941609205024108],[151.83303666073317,-28.958534960339215],[151.81143622872452,-28.958534960339215],[151.80423608472165,-28.94499435608713],[151.77543550871013,-28.958534960339215],[151.76823536470727,-28.955149809276193],[151.77543550871013,-28.938224053961086],[151.7466349326986,-28.917913147582958],[151.73223464469288,-28.87052103270066],[151.70343406868136,-28.87052103270066],[151.67463349266984,-28.907757694393894],[151.64583291665832,-28.917913147582958],[151.63143262865253,-28.928068600772022],[151.60983219664388,-28.924683449709],[151.5738314766295,-28.94499435608713],[151.56663133262663,-28.941609205024108],[151.54503090061797,-28.951764658213172],[151.5378307566151,-28.982231017780364],[151.50183003660067,-29.019467679473593],[151.4946298925978,-29.056704341166828],[151.50183003660067,-29.070244945418914],[151.48742974859493,-29.08717070073402],[151.46582931658628,-29.097326153923085],[151.45142902858055,-29.127792513490277],[151.4298285965719,-29.148103419868406],[151.40822816456324,-29.151488570931427],[151.3938278765575,-29.17856977943559],[151.33622672453447,-29.17856977943559],[151.31462629252582,-29.165029175183513],[151.30742614852295,-29.148103419868406],[151.31462629252582,-29.13456281561632],[151.27862557251143,-29.100711304986106],[151.27862557251143,-29.077015247544956],[151.2858257165143,-29.049934039040785],[151.2858257165143,-29.0363934347887],[151.2714254285085,-29.029623132662657],[151.2858257165143,-29.005927075221507],[151.27862557251143,-28.985616168843386],[151.2858257165143,-28.982231017780364],[151.2714254285085,-28.9720755645913],[151.2858257165143,-28.955149809276193],[151.2714254285085,-28.938224053961086],[151.242624852497,-28.924683449709],[151.23542470849412,-28.904372543330872],[151.2066241324826,-28.90098739226785],[151.19942398847974,-28.884061636952744],[151.13462269245383,-28.860365579511594],[151.1058221164423,-28.843439824196487],[151.1058221164423,-28.836669522070444],[151.08422168443366,-28.833284371007423],[151.05542110842214,-28.85021012632253],[151.04822096441927,-28.843439824196487],[151.03382067641348,-28.82651406888138],[151.04102082041635,-28.799432860377216],[151.02662053241062,-28.792662558251173],[151.01942038840775,-28.772351651873045],[151.02662053241062,-28.768966500810023],[151.02662053241062,-28.76219619868398],[151.01222024440483,-28.741885292305852],[150.94021880437606,-28.731729839116788],[150.9330186603732,-28.704648630612617],[150.90421808436167,-28.68772287529751],[150.87541750835015,-28.694493177423553],[150.84661693233863,-28.674182271045424],[150.8178163563271,-28.66741196891938],[150.8178163563271,-28.657256515730317],[150.79621592431846,-28.653871364667296],[150.75301506030115,-28.633560458289175],[150.73141462829255,-28.633560458289175],[150.7098141962839,-28.650486213604275],[150.68101362027238,-28.66064166679334],[150.67381347626952,-28.650486213604275],[150.6306126122522,-28.677567422108446],[150.62341246824934,-28.66741196891938],[150.6018120362407,-28.670797119982403],[150.58021160423203,-28.653871364667296],[150.55861117222338,-28.66064166679334],[150.5514110282205,-28.653871364667296],[150.5514110282205,-28.657256515730317],[150.5514110282205,-28.66741196891938],[150.54421088421765,-28.670797119982403],[150.52981059621186,-28.66741196891938],[150.53701074021478,-28.66064166679334],[150.522610452209,-28.653871364667296],[150.51541030820613,-28.66064166679334],[150.4866097321946,-28.657256515730317],[150.4578091561831,-28.66741196891938],[150.4434088681773,-28.66402681785636],[150.42900858017157,-28.650486213604275],[150.41460829216578,-28.650486213604275],[150.41460829216578,-28.633560458289175],[150.40020800416005,-28.626790156163132],[150.38580771615426,-28.633560458289175],[150.38580771615426,-28.626790156163132],[150.37140742814853,-28.62001985403709],[150.36420728414566,-28.606479249785004],[150.37140742814853,-28.59970894765896],[150.34980699613988,-28.586168343406875],[150.34980699613988,-28.57601289021781],[150.32820656413122,-28.57262773915479],[150.32100642012836,-28.555701983839683],[150.29220584411684,-28.538776228524576],[150.2346046920938,-28.55231683277666],[150.24180483609666,-28.559087134902704],[150.22740454809093,-28.555701983839683],[150.22740454809093,-28.569242588091768],[150.21300426008514,-28.565857437028747],[150.21300426008514,-28.57262773915479],[150.19140382807655,-28.565857437028747],[150.18420368407362,-28.57262773915479],[150.18420368407362,-28.565857437028747],[150.17700354007076,-28.562472285965725],[150.18420368407362,-28.555701983839683],[150.1698033960679,-28.562472285965725],[150.1698033960679,-28.54893168171364],[150.1554031080621,-28.555701983839683],[150.1554031080621,-28.54893168171364],[150.14100282005637,-28.565857437028747],[150.11940238804772,-28.559087134902704],[150.11220224404485,-28.569242588091768],[150.0906018120362,-28.565857437028747],[150.0906018120362,-28.579398041280832],[150.08340166803333,-28.57601289021781],[150.08340166803333,-28.582783192343854],[150.07620152403047,-28.57601289021781],[150.04740094801895,-28.589553494469897],[150.04740094801895,-28.582783192343854],[150.01860037200743,-28.579398041280832],[149.97539950799012,-28.613249551911046],[149.95379907598146,-28.606479249785004],[149.93939878797573,-28.616634702974068],[149.93939878797573,-28.609864400848025],[149.91779835596708,-28.606479249785004],[149.89619792395843,-28.62340500510011],[149.86019720394404,-28.603094098721982],[149.8457969159383,-28.609864400848025],[149.83139662793252,-28.603094098721982],[149.8169963399268,-28.616634702974068],[149.80979619592387,-28.606479249785004],[149.78099561991235,-28.613249551911046],[149.75219504390083,-28.609864400848025],[149.74499489989796,-28.62001985403709],[149.7233944678893,-28.609864400848025],[149.70179403588065,-28.616634702974068],[149.70899417988358,-28.62001985403709],[149.70179403588065,-28.633560458289175],[149.66579331586627,-28.630175307226153],[149.67299345986913,-28.62340500510011],[149.6585931718634,-28.609864400848025],[149.6585931718634,-28.616634702974068],[149.65139302786054,-28.613249551911046],[149.6441928838576,-28.59970894765896],[149.62259245184902,-28.592938645532918],[149.60819216384323,-28.59970894765896],[149.58659173183457,-28.57262773915479],[149.56499129982598,-28.57262773915479],[149.5505910118202,-28.579398041280832],[149.52899057981153,-28.57262773915479],[149.5145902918058,-28.582783192343854],[149.50019000380001,-28.57601289021781],[149.50019000380001,-28.579398041280832],[149.47858957179142,-28.582783192343854],[149.4713894277885,-28.592938645532918],[149.4497889957799,-28.59632379659594],[149.44258885177697,-28.613249551911046],[149.44258885177697,-28.62001985403709],[149.42818856377124,-28.630175307226153],[149.4353887077741,-28.633560458289175],[149.42818856377124,-28.650486213604275],[149.41378827576546,-28.650486213604275],[149.42098841976838,-28.653871364667296],[149.4065881317626,-28.674182271045424],[149.39218784375686,-28.677567422108446],[149.38498769975394,-28.694493177423553],[149.35618712374242,-28.68433772423449],[149.34898697973955,-28.697878328486574],[149.3273865477309,-28.697878328486574],[149.32018640372803,-28.71480408380168],[149.29858597171938,-28.71141893273866],[149.26978539570786,-28.741885292305852],[149.262585251705,-28.73511499017981],[149.25538510770212,-28.741885292305852],[149.24818496369926,-28.73850014124283],[149.2265845316906,-28.765581349747002],[149.19058381167622,-28.775736802936066],[149.19058381167622,-28.779121953999088],[149.17618352367043,-28.802818011440237],[149.1617832356647,-28.80958831356628],[149.14018280365605,-28.80620316250326],[149.14018280365605,-28.823128917818366],[149.12578251565026,-28.836669522070444],[149.11138222764453,-28.8298992199444],[149.10418208364166,-28.836669522070444],[149.09698193963874,-28.833284371007423],[149.082581651633,-28.843439824196487],[149.082581651633,-28.856980428448573],[149.0537810756215,-28.884061636952744],[149.06098121962435,-28.887446788015765],[149.06098121962435,-28.911142845456915],[149.04658093161862,-28.917913147582958],[149.03218064361283,-28.955149809276193],[149.01058021160418,-28.958534960339215],[148.99617992359845,-28.9720755645913],[148.9745794915898,-28.97546071565432],[148.96017920358406,-28.99915677309547],[140.9968199363987,-28.99915677309547],[140.9968199363987,-25.996527780195613],[138.0015600312006,-25.996527780195613],[138.0015600312006,-16.54518601224025],[138.04476089521785,-16.579037522870465],[138.11676233524668,-16.646740544130893],[138.17436348726972,-16.68736235688715],[138.27516550331,-16.717828716454335],[138.32556651133018,-16.75168022708455],[138.32556651133018,-16.73475447176945],[138.36156723134457,-16.74152477389549],[138.42636852737053,-16.77876143558872],[138.44796895937912,-16.771991133462677],[138.47676953539064,-16.782146586651734],[138.46956939138778,-16.77537628452569],[138.48396967939357,-16.782146586651734],[138.5415708314166,-16.782146586651734],[138.62797255945117,-16.76860598239965],[138.65677313546269,-16.77876143558872],[138.65677313546269,-16.78383916218324],[138.67837356747134,-16.79907234196685],[138.82237644752894,-16.85323475897519],[138.84397687953754,-16.866775363227276],[138.87997759955198,-16.876930816416333],[138.88717774355484,-16.883701118542376],[138.91597831956636,-16.876930816416333],[138.94477889557788,-16.89047142066842],[138.98077961559227,-16.887086269605405],[139.0383807676153,-16.910782327046547],[139.0383807676153,-16.92770808236166],[139.04558091161817,-16.951404139802804],[139.08158163163262,-16.978485348306975],[139.08878177563548,-16.998796254685104],[139.16078321566425,-17.02926261425229],[139.13918278365566,-17.080039880197617],[139.1535830716614,-17.164668656773145],[139.20398407968156,-17.2696083397268],[139.23998479969595,-17.320385605672115],[139.30478609572185,-17.3643925694914],[139.3407868157363,-17.374548022680457],[139.41998839976793,-17.374548022680457],[139.44878897577945,-17.394858929058586],[139.43438868777372,-17.421940137562757],[139.45598911978237,-17.394858929058586],[139.47758955179103,-17.40162923118463],[139.53519070381407,-17.442251043940885],[139.5495909918198,-17.459176799256],[139.5495909918198,-17.469332252445056],[139.5927918558371,-17.482872856697142],[139.59999199983997,-17.506568914138285],[139.64319286385722,-17.537035273705484],[139.71519430388605,-17.553961029020584],[139.72239444788892,-17.54719072689454],[139.75119502390044,-17.564116482209656],[139.7583951679033,-17.57765708646174],[139.80879617592348,-17.57765708646174],[139.82319646392926,-17.5708867843357],[139.837596751935,-17.591197690713827],[139.83039660793213,-17.604738294965912],[139.84479689593786,-17.604738294965912],[139.84479689593786,-17.59458284177684],[139.93839876797534,-17.631819503470084],[139.9455989119782,-17.672441316226326],[140.00320006400125,-17.713063128982583],[140.09680193603867,-17.723218582171654],[140.19760395207902,-17.702907675793526],[140.21920438408762,-17.70967797791957],[140.38480769615387,-17.67921161835237],[140.44960899217983,-17.64197495665914],[140.46400928018556,-17.648745258785183],[140.47840956819135,-17.64536010772217],[140.5648112962259,-17.601353143902884],[140.59361187223743,-17.59796799283987],[140.7088141762835,-17.509954065201313],[140.73761475229503,-17.513339216264328],[140.76641532830655,-17.4761025545711],[140.83121662433246,-17.465947101382042],[140.83121662433246,-17.45579164819297],[140.8888177763555,-17.3813183248065],[140.89601792035836,-17.350851965239315],[140.90321806436123,-17.347466814176286],[140.89601792035836,-17.340696512050243],[140.90321806436123,-17.3170004546091],[140.89601792035836,-17.303459850357015],[140.91041820836415,-17.276378641852844],[140.91041820836415,-17.232371678033573],[140.92481849636988,-17.19852016740336],[140.93921878437567,-17.184979563151273],[140.9536190723814,-17.096965635512717],[140.96081921638427,-17.093580484449703],[140.94641892837853,-17.03941806744136],[140.96081921638427,-16.998796254685104],[140.97521950439005,-16.968329895117904],[141.01122022440444,-16.941248686613747],[141.0616212324246,-16.87016051429029],[141.08322166443327,-16.802457493029863],[141.09042180843613,-16.802457493029863],[141.12642252845052,-16.77876143558872],[141.2056241124822,-16.690747507950164],[141.220024400488,-16.65689599731995],[141.23442468849373,-16.589192976059536],[141.24882497649952,-16.558726616492336],[141.27042540850812,-16.558726616492336],[141.29922598451964,-16.49779389735795],[141.30642612852256,-16.457172084601694],[141.2848256965139,-16.42670572503451],[141.2848256965139,-16.40977996971941],[141.3208264165283,-16.34207694845898],[141.3496269925398,-16.22021151019021],[141.41442828856572,-16.122042129362598],[141.43602872057437,-16.074650014480298],[141.40722814456285,-16.023872748534984],[141.39282785655712,-15.952784576211528],[141.37122742454847,-15.9155479145183],[141.40002800055998,-15.908777612392257],[141.40722814456285,-15.871540950699028],[141.43602872057437,-15.658276433728687],[141.47922958459168,-15.499174333766689],[141.50083001660028,-15.47886342738856],[141.54403088061758,-15.353612838056776],[141.55123102462045,-15.350227686993748],[141.54403088061758,-15.333301931678648],[141.5728314566291,-15.296065269985405],[141.58003160063197,-15.23513255085102],[141.5728314566291,-15.204666191283835],[141.58003160063197,-15.211436493409877],[141.58723174463483,-15.201281040220806],[141.58003160063197,-15.197895889157792],[141.63043260865214,-15.160659227464564],[141.64483289665787,-15.12680771683435],[141.63043260865214,-15.103111659393193],[141.64483289665787,-15.076030450889021],[141.65923318466366,-15.055719544510893],[141.66643332866653,-15.02186803388068],[141.66643332866653,-15.00494227856558],[141.58723174463483,-14.855995631792638],[141.56563131262624,-14.740900495649925],[141.55123102462045,-14.591953848876983],[141.52243044860893,-14.487014165923327],[141.55123102462045,-14.375304180843628],[141.60163203264062,-14.2432832893858],[141.59443188863776,-14.155269361747244],[141.60163203264062,-14.101106944738902],[141.56563131262624,-14.050329678793588],[141.47922958459168,-13.95216029796596],[141.4648292965859,-13.921693938398775],[141.4648292965859,-13.864146370327418],[141.52243044860893,-13.573023378907592],[141.55123102462045,-13.505320357647165],[141.59443188863776,-13.457928242764865],[141.62323246464928,-13.376684617252351],[141.68083361667232,-13.30221129386588],[141.69523390467805,-13.271744934298695],[141.68803376067518,-13.237893423668481],[141.68083361667232,-13.217582517290353],[141.65923318466366,-13.204041913038267],[141.64483289665787,-13.170190402408053],[141.63043260865214,-13.160034949218996],[141.61603232064635,-13.092331927958568],[141.61603232064635,-13.041554662013255],[141.60163203264062,-13.021243755635126],[141.58723174463483,-13.017858604572098],[141.58003160063197,-12.99754769819397],[141.60163203264062,-12.953540734374698],[141.637632752655,-12.909533770555413],[141.637632752655,-12.919689223744484],[141.6520330406608,-12.916304072681456],[141.6736334726694,-12.892608015240313],[141.70963419268384,-12.879067410988227],[141.73843476869536,-12.851986202484056],[141.76003520070395,-12.818134691853842],[141.7960359207184,-12.730120764215286],[141.80323606472126,-12.679343498269972],[141.817636352727,-12.67257319614393],[141.82483649672992,-12.675958347206958],[141.817636352727,-12.6996544046481],[141.83203664073278,-12.686113800396015],[141.85363707274144,-12.686113800396015],[141.8608372167443,-12.692884102522058],[141.87523750475003,-12.67257319614393],[141.8608372167443,-12.665802894017887],[141.83923678473565,-12.669188045080915],[141.82483649672992,-12.648877138702787],[141.8608372167443,-12.638721685513715],[141.88963779275582,-12.618410779135587],[141.8968379367587,-12.594714721694444],[141.88243764875295,-12.584559268505373],[141.817636352727,-12.601485023820487],[141.81043620872413,-12.584559268505373],[141.7960359207184,-12.581174117442359],[141.76723534470688,-12.564248362127245],[141.76723534470688,-12.554092908938188],[141.76003520070395,-12.540552304686102],[141.70963419268384,-12.520241398307974],[141.7024340486809,-12.520241398307974],[141.69523390467805,-12.53378200256006],[141.69523390467805,-12.557478060001202],[141.6520330406608,-12.564248362127245],[141.64483289665787,-12.57778896637933],[141.62323246464928,-12.584559268505373],[141.60163203264062,-12.571018664253288],[141.59443188863776,-12.557478060001202],[141.6736334726694,-12.367909600472018],[141.7168343366867,-12.23588870901419],[141.73843476869536,-12.218962953699076],[141.81043620872413,-12.04970540054802],[141.85363707274144,-11.985387530350621],[141.88243764875295,-11.954921170783422],[141.91123822476447,-11.954921170783422],[141.8968379367587,-11.965076623972493],[141.88963779275582,-11.985387530350621],[141.91123822476447,-12.032779645232907],[141.9256385127702,-12.107252968619377],[141.9364387287745,-12.127563874997463],[141.9256385127702,-12.103867817556363],[141.93283865677307,-12.07001630692615],[141.95443908878173,-12.042935098421978],[141.99763995279903,-12.059860853737078],[142.01204024080477,-12.03954994735895],[141.99763995279903,-12.012468738854778],[141.9688393767875,-11.978617228224579],[141.940038800776,-11.97523207716155],[141.940038800776,-11.944765717594365],[141.9616392327846,-11.81951512826258],[141.97603952079038,-11.775508164443295],[142.0048400968019,-11.751812107002152],[142.01924038480763,-11.673953632552653],[142.02644052881055,-11.663798179363596],[142.0480409608192,-11.555473345346911],[142.09124182483646,-11.46407426664534],[142.09844196883932,-11.46407426664534],[142.09844196883932,-11.443763360267212],[142.12004240084798,-11.369290036880741],[142.12724254485084,-11.267735504990114],[142.1128422568451,-11.223728541170829],[142.12724254485084,-11.220343390107814],[142.13444268885377,-11.206802785855729],[142.1488429768595,-11.1390997645953],[142.15604312086236,-11.1221740092802],[142.1488429768595,-11.098477951839044],[142.15604312086236,-11.09509280077603],[142.14164283285663,-11.037545232704659],[142.12724254485084,-10.979997664633302],[142.13444268885377,-10.949531305066117],[142.1920438408768,-10.915679794435903],[142.22084441688833,-10.922450096561946],[142.24964499289985,-10.90890949230986],[142.28564571291423,-10.919064945498917],[142.31444628892575,-10.902139190183817],[142.31444628892575,-10.915679794435903],[142.3360467209344,-10.888598585931732],[142.35044700894014,-10.881828283805689],[142.36484729694592,-10.847976773175475],[142.39364787295744,-10.827665866797346],[142.42244844896896,-10.743037090221819],[142.42244844896896,-10.729496485969733],[142.4368487369747,-10.709185579591605],[142.45844916898335,-10.719341032780662],[142.5016500330006,-10.715955881717647],[142.53045060901212,-10.688874673213476],[142.53765075301504,-10.695644975339519],[142.5448508970179,-10.709185579591605],[142.55205104102077,-10.709185579591605],[142.55925118502364,-10.726111334906705],[142.56645132902656,-10.72272618384369],[142.57365147302943,-10.732881637032747],[142.5808516170323,-10.726111334906705],[142.5808516170323,-10.732881637032747],[142.60965219304381,-10.749807392347861],[142.59525190503808,-10.759962845536919],[142.60245204904095,-10.763347996599947],[142.5808516170323,-10.797199507230147],[142.56645132902656,-10.793814356167132],[142.55205104102077,-10.83105101786036],[142.5160503210064,-10.844591622112446],[142.50885017700352,-10.86151737742756],[142.5160503210064,-10.90890949230986],[142.5016500330006,-10.919064945498917],[142.5016500330006,-10.929220398687988],[142.48724974499487,-10.942761002940074],[142.49444988899774,-10.939375851877045],[142.5016500330006,-10.952916456129131],[142.480049600992,-10.979997664633302],[142.5016500330006,-10.966457060381217],[142.50885017700352,-10.939375851877045],[142.52325046500926,-10.935990700814031],[142.5448508970179,-10.90890949230986],[142.55925118502364,-10.912294643372874],[142.5448508970179,-10.902139190183817],[142.55925118502364,-10.875057981679646],[142.55925118502364,-10.87844313274266],[142.57365147302943,-10.87844313274266],[142.56645132902656,-10.871672830616617],[142.57365147302943,-10.868287679553603],[142.59525190503808,-10.888598585931732],[142.58805176103516,-10.875057981679646],[142.59525190503808,-10.875057981679646],[142.58805176103516,-10.868287679553603],[142.61685233704668,-10.891983736994746],[142.61685233704668,-10.915679794435903],[142.60965219304381,-10.932605549751003],[142.61685233704668,-10.942761002940074],[142.63125262505247,-10.946146154003088],[142.63845276905533,-10.935990700814031],[142.6456529130582,-10.939375851877045]]]}},{"type":"Feature","id":3,"properties":{"STATE_CODE":"4","STATE_NAME":"South Australia"},"geometry":{"type":"Polygon","coordinates":[[[140.98241964839292,-34.015950648492975],[140.98961979239579,-34.00918034636693],[140.97521950439005,-34.00918034636693],[140.98241964839292,-33.99902489317787],[140.9680193603872,-33.99563974211485],[140.96081921638427,-33.98209913786276],[140.96081921638427,-35.74914799275986],[140.97521950439005,-37.462034430648615],[140.9680193603872,-38.05443586667734],[140.8744174883497,-38.051050715614316],[140.83841676833532,-38.04089526242525],[140.8096161923238,-38.047665564551295],[140.78081561631228,-38.04428041348827],[140.77361547230942,-38.06120616880338],[140.71601432028638,-38.051050715614316],[140.6656133122662,-38.06120616880338],[140.64401288025755,-38.04089526242525],[140.62241244824895,-38.04089526242525],[140.60801216024316,-38.02735465817317],[140.59361187223743,-38.023969507110145],[140.57921158423164,-38.03073980923619],[140.5648112962259,-38.00704375179504],[140.51441028820574,-37.99011799647993],[140.49280985619708,-37.959651636912746],[140.4568091361827,-37.935955579471596],[140.39920798415966,-37.91902982415649],[140.3920078401568,-37.90210406884138],[140.377607552151,-37.89871891777836],[140.35600712014235,-37.84794165183304],[140.32720654413083,-37.81747529226585],[140.32000640012797,-37.79039408376168],[140.24800496009914,-37.68545440080802],[140.17600352007037,-37.6177513795476],[140.11120222404446,-37.57712956679134],[140.10400208004154,-37.56697411360228],[140.11840236804733,-37.5703592646653],[140.13280265605306,-37.556818660413214],[140.11840236804733,-37.52973745190904],[140.0464009280185,-37.47896018596372],[140.01760035200698,-37.4755750349007],[140.0104002080041,-37.49250079021581],[139.99599991999838,-37.485730488089764],[139.99599991999838,-37.4755750349007],[139.95999919998394,-37.44172352427049],[139.95279905598107,-37.44172352427049],[139.9455989119782,-37.42818292001841],[139.88799775995517,-37.37740565407309],[139.86639732794652,-37.33678384131683],[139.837596751935,-37.323243237064744],[139.7583951679033,-37.20137779879598],[139.7367947358947,-37.18106689241785],[139.74399487989757,-37.1573708349767],[139.77999559991196,-37.164141137102746],[139.78719574391482,-37.1573708349767],[139.79439588791774,-37.137059928598575],[139.79439588791774,-37.113363871157425],[139.76559531190622,-37.08289751159024],[139.74399487989757,-37.072742058401175],[139.74399487989757,-37.021964792455854],[139.67199343986874,-36.95764692225845],[139.67919358387167,-36.94072116694334],[139.70079401588026,-36.94072116694334],[139.72959459189178,-36.9170251095022],[139.78719574391482,-36.89332905206105],[139.84479689593786,-36.839166635052706],[139.86639732794652,-36.75453785847717],[139.85919718394365,-36.69360513934279],[139.85199703994078,-36.646213024460494],[139.77999559991196,-36.460029715994324],[139.657593151863,-36.22306914158283],[139.52079041580828,-36.04365613524271],[139.37678753575068,-35.89132433740675],[139.21118422368443,-35.7559182948859],[139.0527810556211,-35.650978611932246],[138.88717774355484,-35.55619438216765],[138.7647752955059,-35.52234287153743],[138.70717414348286,-35.512187418348375],[138.69277385547707,-35.52234287153743],[138.6855737114742,-35.53926862685254],[138.62797255945117,-35.54265377791556],[138.62797255945117,-35.55957953323067],[138.59917198343965,-35.579890439608796],[138.6063721274425,-35.59343104386088],[138.5631712634252,-35.60697164811297],[138.51997039940795,-35.6442083098062],[138.49116982339643,-35.63405285661714],[138.4335686713734,-35.63066770555412],[138.41196823936474,-35.64082315874318],[138.27516550331,-35.64082315874318],[138.23196463929276,-35.66113406512131],[138.18876377527545,-35.66451921618433],[138.15996319926393,-35.65774891405829],[138.09516190323802,-35.623897403428074],[138.09516190323802,-35.603586497049946],[138.1095621912438,-35.59343104386088],[138.12396247924954,-35.55619438216765],[138.16716334326685,-35.51895772047441],[138.19596391927837,-35.52234287153743],[138.2463649272985,-35.50203196515931],[138.29676593531866,-35.4681804545291],[138.33996679933597,-35.39370713114263],[138.44076881537626,-35.34970016732335],[138.44796895937912,-35.31923380775616],[138.44076881537626,-35.27184169287386],[138.4623692473849,-35.2616862396848],[138.46956939138778,-35.23799018224365],[138.46956939138778,-35.10935444184884],[138.49116982339643,-35.085658384407694],[138.51997039940795,-35.03149596739935],[138.5127702554051,-34.97056324826497],[138.47676953539064,-34.855468112122246],[138.49116982339643,-34.811461148302975],[138.47676953539064,-34.784379939798804],[138.4983699673993,-34.764069033420675],[138.5127702554051,-34.77083933554672],[138.5127702554051,-34.811461148302975],[138.53437068741368,-34.81484629936599],[138.53437068741368,-34.82161660149203],[138.54877097541947,-34.811461148302975],[138.5631712634252,-34.82500175255505],[138.54877097541947,-34.80807599723995],[138.55597111942234,-34.791150241924846],[138.5415708314166,-34.77422448660974],[138.5415708314166,-34.75391358023161],[138.52717054341082,-34.74375812704255],[138.53437068741368,-34.736987824916504],[138.49116982339643,-34.7200620696014],[138.47676953539064,-34.69975116322327],[138.4623692473849,-34.69636601216025],[138.45516910338205,-34.68282540790816],[138.4335686713734,-34.6726699547191],[138.44796895937912,-34.669284803656076],[138.4335686713734,-34.669284803656076],[138.4335686713734,-34.65235904834097],[138.44796895937912,-34.65235904834097],[138.42636852737053,-34.621892688773784],[138.41196823936474,-34.621892688773784],[138.4191683833676,-34.61512238664774],[138.41196823936474,-34.601581782395655],[138.36156723134457,-34.577885724954506],[138.34716694333883,-34.55757481857638],[138.34716694333883,-34.530493610072206],[138.26796535930714,-34.476331193063864],[138.2463649272985,-34.4018578696774],[138.2247644952899,-34.364621207984165],[138.23196463929276,-34.344310301606036],[138.2247644952899,-34.31045879097582],[138.19596391927837,-34.273222129282594],[138.1455629112582,-34.26645182715655],[138.16716334326685,-34.24614092077842],[138.16716334326685,-34.22244486333727],[138.1023620472409,-34.13781608676174],[138.0807616152323,-34.13443093569872],[138.04476089521785,-34.17505274845497],[138.03036060721212,-34.22244486333727],[138.01596031920633,-34.23260031652634],[138.0015600312006,-34.25629637396749],[138.02316046320925,-34.28337758247166],[138.00876017520346,-34.34769545266906],[137.91515830316604,-34.42893907818157],[137.90075801516025,-34.49325694837897],[137.88635772715452,-34.506797552631056],[137.87915758315165,-34.598196631332634],[137.90795815916317,-34.61512238664774],[137.87915758315165,-34.669284803656076],[137.87915758315165,-34.69636601216025],[137.87195743914873,-34.72344722066442],[137.86475729514586,-34.7674541844837],[137.857557151143,-34.77083933554672],[137.86475729514586,-34.77760963767276],[137.82875657513148,-34.811461148302975],[137.79995599911996,-34.879164169563396],[137.7927558551171,-34.90624537806757],[137.80715614312282,-34.91301568019361],[137.7927558551171,-34.923171133382674],[137.75675513510265,-34.99764445676914],[137.76395527910557,-35.041651420588416],[137.735154703094,-35.04503657165144],[137.72795455909113,-35.0551920248405],[137.74235484709692,-35.07550293121863],[137.74235484709692,-35.1025841397228],[137.75675513510265,-35.116124743974886],[137.6991539830796,-35.14320595247906],[137.67755355107096,-35.1669020099202],[137.6343526870537,-35.1669020099202],[137.555151103022,-35.116124743974886],[137.5263505270105,-35.112739592911865],[137.51195023900476,-35.11950989503791],[137.4615492309846,-35.09919898865978],[137.4255485109702,-35.09919898865978],[137.35354707094137,-35.13305049928999],[137.33914678293564,-35.1499762546051],[137.3463469269385,-35.160131707794164],[137.33194663893272,-35.163516858857186],[137.3463469269385,-35.163516858857186],[137.33194663893272,-35.1669020099202],[137.29594591891833,-35.1669020099202],[137.26714534290682,-35.160131707794164],[137.2383447668953,-35.163516858857186],[137.2023440468809,-35.19059806736135],[137.18794375887512,-35.20752382267646],[137.18794375887512,-35.227834729054585],[137.1735434708694,-35.23799018224365],[137.10874217484348,-35.24137533330667],[137.07994159883197,-35.227834729054585],[137.00074001480027,-35.224449577991564],[136.98633972679448,-35.23460503118063],[136.97913958279162,-35.248145635432714],[136.97193943878875,-35.251530786495735],[136.9647392947859,-35.26845654181084],[136.94313886277723,-35.26845654181084],[136.94313886277723,-35.28199714606293],[136.89993799875992,-35.28538229712595],[136.8855377107542,-35.298922901378035],[136.8711374227484,-35.28538229712595],[136.84953699073975,-35.28199714606293],[136.82073641472823,-35.24476048436969],[136.83513670273402,-35.24137533330667],[136.82793655873115,-35.23460503118063],[136.84953699073975,-35.227834729054585],[136.84233684673688,-35.19059806736135],[136.86393727874554,-35.19398321842437],[136.8855377107542,-35.18382776523531],[136.89993799875992,-35.15674655673114],[136.9143382867657,-35.15336140566812],[136.94313886277723,-35.12966534822697],[136.94313886277723,-35.10596929078582],[136.95753915078296,-35.08227323334467],[136.92873857477144,-35.02811081633633],[136.94313886277723,-35.02134051421029],[136.94313886277723,-35.01118506102122],[136.9647392947859,-35.00102960783216],[136.97913958279162,-34.94009688869778],[137.015140302806,-34.91978598231965],[137.015140302806,-34.89270477381548],[137.0943418868377,-34.91978598231965],[137.14474289485787,-34.91978598231965],[137.19514390287804,-34.899475075941524],[137.22394447888956,-34.902860227004545],[137.27434548690968,-34.89270477381548],[137.28874577491547,-34.899475075941524],[137.31034620692412,-34.926556284445695],[137.3463469269385,-34.92994143550872],[137.35354707094137,-34.94686719082382],[137.37514750295003,-34.953637492949866],[137.41834836696728,-34.94009688869778],[137.4471489429788,-34.90963052913059],[137.45434908698172,-34.88593447168944],[137.4615492309846,-34.80807599723995],[137.51195023900476,-34.61850753771076],[137.50475009500184,-34.58127087601753],[137.47594951899032,-34.51018270369408],[137.48314966299324,-34.483101495189906],[137.48314966299324,-34.439094531370635],[137.4615492309846,-34.42555392711855],[137.4471489429788,-34.435709380307614],[137.4255485109702,-34.47294604200084],[137.41834836696728,-34.459405437748764],[137.41834836696728,-34.44586483349668],[137.43994879897593,-34.42893907818157],[137.4471489429788,-34.39847271861438],[137.4615492309846,-34.4018578696774],[137.47594951899032,-34.391702416488336],[137.48314966299324,-34.344310301606036],[137.49754995099897,-34.31045879097582],[137.49754995099897,-34.225830014400294],[137.4471489429788,-34.13443093569872],[137.50475009500184,-34.13781608676174],[137.51915038300763,-34.127660633572674],[137.5263505270105,-34.10734972719455],[137.5695513910278,-34.043031856997146],[137.555151103022,-34.015950648492975],[137.5263505270105,-34.00579519530391],[137.54075081501628,-33.992254591051825],[137.555151103022,-33.988869439988804],[137.56235124702488,-33.9719436846737],[137.57675153503067,-33.968558533610675],[137.59835196703932,-33.93470702298046],[137.62715254305084,-33.92116641872838],[137.62715254305084,-33.89408521022421],[137.59835196703932,-33.877159454909105],[137.64155283105657,-33.829767340026805],[137.72795455909113,-33.76883462089242],[137.735154703094,-33.738368261325235],[137.75675513510265,-33.714672203884085],[137.79995599911996,-33.68420584431689],[137.83595671913434,-33.643584031560636],[137.857557151143,-33.63004342730855],[137.87915758315165,-33.596191916678336],[137.89355787115738,-33.58942161455229],[137.9223584471689,-33.58603646348927],[137.9223584471689,-33.596191916678336],[137.91515830316604,-33.61311767199344],[137.90075801516025,-33.61311767199344],[137.90795815916317,-33.596191916678336],[137.89355787115738,-33.62665827624553],[137.91515830316604,-33.62665827624553],[137.9367587351747,-33.579266161363236],[137.9367587351747,-33.552184952859065],[137.94395887917756,-33.555570103922086],[137.95115902318042,-33.57249585923719],[137.9655593111862,-33.575881010300215],[137.97995959919194,-33.55895525498511],[137.97275945518908,-33.53864434860698],[137.9655593111862,-33.552184952859065],[137.9367587351747,-33.548799801796044],[137.94395887917756,-33.51833344222885],[137.95115902318042,-33.51156314010281],[137.92955859117177,-33.49802253585072],[137.90795815916317,-33.433704665653316],[137.87195743914873,-33.39646800396009],[137.87195743914873,-33.362616493329874],[137.88635772715452,-33.35923134226685],[137.89355787115738,-33.35246104014081],[137.88635772715452,-33.35246104014081],[137.87915758315165,-33.32199468057362],[137.87195743914873,-33.315224378447574],[137.87915758315165,-33.32876498269966],[137.86475729514586,-33.318609529510596],[137.857557151143,-33.32199468057362],[137.87195743914873,-33.32876498269966],[137.85035700714013,-33.32537983163664],[137.8431568631372,-33.315224378447574],[137.8431568631372,-33.30506892525851],[137.8143562871257,-33.2881431699434],[137.8143562871257,-33.267832263565275],[137.82875657513148,-33.247521357187146],[137.8215564311286,-33.244136206124125],[137.83595671913434,-33.2068995444309],[137.85035700714013,-33.21028469549392],[137.85035700714013,-33.19674409124183],[137.90795815916317,-33.17304803380068],[137.9223584471689,-33.176433184863704],[137.9367587351747,-33.1595074295486],[137.9583591671833,-33.16627773167464],[137.9655593111862,-33.1595074295486],[137.95115902318042,-33.156122278485576],[137.9871597431948,-33.14258167423349],[138.0015600312006,-33.132426221044426],[138.00876017520346,-33.132426221044426],[138.0015600312006,-33.14258167423349],[138.01596031920633,-33.152737127422554],[138.00876017520346,-33.176433184863704],[138.02316046320925,-33.18320348698975],[138.03756075121498,-33.16966288273766],[138.01596031920633,-33.176433184863704],[138.01596031920633,-33.1595074295486],[138.03036060721212,-33.156122278485576],[138.02316046320925,-33.14935197635953],[138.04476089521785,-33.13581137210745],[138.05196103922077,-33.11550046572932],[138.03756075121498,-33.10195986147723],[138.04476089521785,-33.08503410616213],[138.01596031920633,-33.03425684021681],[137.95115902318042,-33.00717563171264],[137.9583591671833,-32.98009442320847],[137.91515830316604,-32.854843833876686],[137.90075801516025,-32.776985359427194],[137.91515830316604,-32.77021505730115],[137.91515830316604,-32.76005960411209],[137.9367587351747,-32.76682990623813],[137.94395887917756,-32.756674453049065],[137.88635772715452,-32.71605264029281],[137.83595671913434,-32.69574173391469],[137.857557151143,-32.688971431788644],[137.86475729514586,-32.665275374347495],[137.85035700714013,-32.641579316906345],[137.83595671913434,-32.63819416584332],[137.79995599911996,-32.60772780627613],[137.8215564311286,-32.58064659777196],[137.82875657513148,-32.590802050961024],[137.82875657513148,-32.594187202024045],[137.83595671913434,-32.587416899898],[137.82875657513148,-32.58403174883498],[137.83595671913434,-32.57387629564592],[137.8215564311286,-32.56033569139383],[137.78555571111417,-32.55018023820477],[137.7927558551171,-32.546795087141746],[137.7783555671113,-32.543409936078724],[137.78555571111417,-32.52986933182664],[137.77115542310844,-32.5230990297006],[137.77115542310844,-32.506173274385496],[137.75675513510265,-32.49263267013341],[137.77115542310844,-32.479092065881325],[137.7576022108677,-32.45678989417201],[137.75675513510265,-32.4587811595032],[137.76395527910557,-32.4757069148183],[137.74955499109979,-32.502788123322475],[137.76395527910557,-32.50955842544852],[137.74955499109979,-32.52986933182664],[137.76395527910557,-32.59757235308707],[137.74955499109979,-32.67204567647354],[137.75675513510265,-32.69574173391469],[137.74955499109979,-32.709282338166766],[137.74955499109979,-32.72282294241885],[137.7783555671113,-32.71266748922979],[137.80715614312282,-32.74990415092302],[137.7927558551171,-32.780370510490215],[137.79995599911996,-32.783755661553236],[137.79995599911996,-32.780370510490215],[137.80715614312282,-32.79729626580532],[137.80715614312282,-32.84468838068762],[137.79995599911996,-32.86838443812877],[137.7927558551171,-32.87176958919179],[137.79995599911996,-32.892080495569914],[137.7927558551171,-32.915776553011064],[137.75675513510265,-32.90900625088502],[137.74955499109979,-32.92254685513711],[137.78555571111417,-33.0004053295866],[137.75675513510265,-32.990249876397534],[137.75675513510265,-32.99702017852358],[137.72075441508827,-32.990249876397534],[137.7135542710854,-32.97332412108243],[137.69195383907675,-32.95978351683034],[137.66315326306523,-32.94962806364128],[137.64155283105657,-32.95639836576732],[137.61275225504505,-32.97332412108243],[137.59835196703932,-32.99702017852358],[137.59835196703932,-33.00717563171264],[137.6055521110422,-33.0004053295866],[137.59835196703932,-33.01056078277566],[137.59835196703932,-33.02071623596473],[137.58395167903353,-33.02071623596473],[137.59835196703932,-33.037641991279834],[137.555151103022,-33.057952897657955],[137.555151103022,-33.064723199784],[137.54075081501628,-33.081648955099105],[137.53355067101336,-33.09518955935119],[137.49754995099897,-33.108730163603276],[137.48314966299324,-33.12565591891838],[137.45434908698172,-33.13581137210745],[137.45434908698172,-33.129041069981405],[137.43994879897593,-33.152737127422554],[137.43274865497307,-33.23059560187204],[137.39674793495868,-33.28475801888038],[137.38954779095576,-33.28475801888038],[137.39674793495868,-33.291528321006425],[137.3823476469529,-33.291528321006425],[137.3823476469529,-33.29829862313247],[137.37514750295003,-33.34569073801477],[137.3823476469529,-33.37277194651894],[137.36074721494424,-33.41339375927519],[137.36074721494424,-33.44047496777936],[137.317546350927,-33.47094132734655],[137.3031460629212,-33.501407686913744],[137.29594591891833,-33.50817798903979],[137.2815456309126,-33.56572555711115],[137.26714534290682,-33.579266161363236],[137.25274505490108,-33.60973252093042],[137.21674433488664,-33.66050978687574],[137.18074361487226,-33.67405039112783],[137.16634332686652,-33.690976146442935],[137.12314246284922,-33.701131599632],[137.07274145482904,-33.69774644856898],[137.03674073481466,-33.70790190175804],[137.02234044680893,-33.718057354947106],[136.9935398707974,-33.72482765707315],[136.9503390067801,-33.75529401664034],[136.85673713474267,-33.79930098045961],[136.79913598271963,-33.802686131522634],[136.77753555071098,-33.829767340026805],[136.7271345426908,-33.83653764215285],[136.66953339066777,-33.877159454909105],[136.59033180663607,-33.900855512350255],[136.56873137462748,-33.924551569791404],[136.57593151863034,-33.944862476169526],[136.49672993459865,-33.992254591051825],[136.43192863857274,-34.012565497429954],[136.35992719854391,-34.07011306550132],[136.34552691053818,-34.10057942506851],[136.35992719854391,-34.12427548250965],[136.3311266225324,-34.1479715399508],[136.32392647852953,-34.181823050581016],[136.28072561451228,-34.22244486333727],[136.25912518250362,-34.26645182715655],[136.2303246064921,-34.29691818672374],[136.1871237424748,-34.33415484841697],[136.13672273445468,-34.340925150543015],[136.11512230244603,-34.35785090585812],[136.10072201444024,-34.38154696329927],[136.12952259045176,-34.40862817180344],[136.11512230244603,-34.40862817180344],[136.09352187043737,-34.42893907818157],[136.11512230244603,-34.42555392711855],[136.11512230244603,-34.459405437748764],[136.1223224464489,-34.4661757398748],[136.10792215844316,-34.479716344126885],[136.11512230244603,-34.48987179731595],[136.11512230244603,-34.51695300582012],[136.09352187043737,-34.52372330794616],[136.09352187043737,-34.54403421432429],[136.0863217264345,-34.53387876113523],[136.09352187043737,-34.52033815688314],[136.07192143842872,-34.506797552631056],[136.0863217264345,-34.49664209944199],[136.05752115042299,-34.479716344126885],[136.0215204304086,-34.483101495189906],[136.01432028640568,-34.50002725050501],[136.0215204304086,-34.51695300582012],[136.0071201424028,-34.506797552631056],[135.99271985439702,-34.51695300582012],[135.97111942238843,-34.503412401568035],[135.93511870237398,-34.527108459009185],[135.92791855837112,-34.53726391219825],[135.93511870237398,-34.54403421432429],[135.92071841436825,-34.550804516450334],[135.8991179823596,-34.59142632920659],[135.9135182703654,-34.61173723558472],[135.93511870237398,-34.6083520845217],[135.93511870237398,-34.64897389727795],[135.9135182703654,-34.63204814196285],[135.9135182703654,-34.621892688773784],[135.89191783835673,-34.61512238664774],[135.8631172623452,-34.63204814196285],[135.85591711834235,-34.665899652593055],[135.85591711834235,-34.716676918538376],[135.88471769435387,-34.72344722066442],[135.87031740634808,-34.74375812704255],[135.89191783835673,-34.74375812704255],[135.89191783835673,-34.75052842916859],[135.8631172623452,-34.77083933554672],[135.8631172623452,-34.75391358023161],[135.84871697433942,-34.75391358023161],[135.78391567831352,-34.80807599723995],[135.8343166863337,-34.81823145042901],[135.8631172623452,-34.80807599723995],[135.89191783835673,-34.80469084617693],[135.92791855837112,-34.7674541844837],[135.94951899037977,-34.764069033420675],[135.95671913438264,-34.75729873129463],[135.9639192783855,-34.784379939798804],[135.9783195663913,-34.784379939798804],[135.99271985439702,-34.77083933554672],[135.98551971039416,-34.75729873129463],[135.99271985439702,-34.75052842916859],[135.9783195663913,-34.73021752279046],[135.99271985439702,-34.72683237172744],[136.0071201424028,-34.736987824916504],[136.01432028640568,-34.75729873129463],[135.99991999839995,-34.787765090861825],[136.01432028640568,-34.79453539298787],[136.0071201424028,-34.79792054405089],[136.0071201424028,-34.80469084617693],[135.99271985439702,-34.828386903618075],[135.95671913438264,-34.8486978099962],[135.9639192783855,-34.875779018500374],[135.99271985439702,-34.92994143550872],[135.98551971039416,-34.93332658657174],[135.99271985439702,-34.9434820397608],[135.98551971039416,-34.95702264401289],[135.99991999839995,-34.96040779507591],[136.0071201424028,-34.98071870145404],[135.99991999839995,-34.98748900358008],[135.98551971039416,-34.98071870145404],[135.9783195663913,-34.994259305706116],[135.95671913438264,-34.990874154643095],[135.9639192783855,-35.00441475889518],[135.95671913438264,-35.0077999099582],[135.9423188463769,-35.00441475889518],[135.9423188463769,-34.98410385251706],[135.94951899037977,-34.98071870145404],[135.93511870237398,-34.97056324826497],[135.92791855837112,-34.94686719082382],[135.87031740634808,-34.91978598231965],[135.85591711834235,-34.926556284445695],[135.85591711834235,-34.88593447168944],[135.79111582231639,-34.86223841424829],[135.755115102302,-34.855468112122246],[135.71191423828475,-34.86562356531131],[135.70471409428183,-34.90624537806757],[135.6759135182703,-34.91301568019361],[135.6903138062761,-34.923171133382674],[135.68311366227323,-34.9434820397608],[135.66871337426744,-34.94686719082382],[135.6543130862617,-34.93671173763476],[135.61831236624727,-34.9434820397608],[135.6255125102502,-34.923171133382674],[135.61831236624727,-34.923171133382674],[135.6255125102502,-34.90624537806757],[135.60391207824154,-34.89270477381548],[135.60391207824154,-34.879164169563396],[135.53911078221563,-34.81484629936599],[135.49590991819832,-34.78099478873578],[135.49590991819832,-34.764069033420675],[135.47430948618967,-34.74375812704255],[135.38070761415224,-34.68621055897118],[135.35190703814072,-34.67944025684514],[135.3231064621292,-34.68621055897118],[135.3231064621292,-34.67944025684514],[135.33030660613207,-34.669284803656076],[135.34470689413786,-34.665899652593055],[135.34470689413786,-34.62866299089983],[135.3231064621292,-34.6083520845217],[135.29430588611768,-34.601581782395655],[135.28710574211482,-34.574500573891484],[135.25110502210043,-34.550804516450334],[135.2223044460889,-34.54403421432429],[135.20790415808312,-34.550804516450334],[135.20790415808312,-34.55757481857638],[135.17190343806874,-34.554189667513356],[135.15030300606008,-34.56773027176544],[135.14310286205722,-34.59142632920659],[135.10710214204278,-34.58804117814357],[135.12870257405143,-34.577885724954506],[135.12150243004857,-34.55757481857638],[135.1359027180543,-34.54403421432429],[135.12870257405143,-34.527108459009185],[135.14310286205722,-34.52033815688314],[135.1359027180543,-34.503412401568035],[135.15750315006295,-34.48987179731595],[135.17190343806874,-34.4661757398748],[135.18630372607447,-34.459405437748764],[135.1935038700774,-34.435709380307614],[135.20790415808312,-34.42893907818157],[135.215104302086,-34.43232422924459],[135.215104302086,-34.439094531370635],[135.215104302086,-34.483101495189906],[135.2223044460889,-34.50002725050501],[135.35190703814072,-34.52372330794616],[135.31590631812634,-34.52033815688314],[135.29430588611768,-34.550804516450334],[135.30870617412347,-34.56434512070242],[135.35190703814072,-34.58127087601753],[135.35190703814072,-34.60496693345868],[135.3591071821436,-34.621892688773784],[135.3879077581551,-34.621892688773784],[135.4023080461609,-34.63204814196285],[135.39595497792308,-34.63802193795641],[135.43830876617528,-34.63204814196285],[135.45270905418107,-34.625277839836805],[135.45270905418107,-34.61512238664774],[135.47430948618967,-34.621892688773784],[135.49590991819832,-34.61173723558472],[135.5103102062041,-34.621892688773784],[135.51751035020698,-34.61173723558472],[135.5103102062041,-34.59481148026961],[135.4815096301926,-34.598196631332634],[135.45990919818394,-34.58804117814357],[135.44550891017815,-34.601581782395655],[135.47430948618967,-34.61512238664774],[135.43110862217242,-34.60496693345868],[135.44550891017815,-34.57111542282846],[135.43830876617528,-34.54064906326127],[135.44550891017815,-34.53726391219825],[135.43110862217242,-34.527108459009185],[135.42390847816955,-34.54064906326127],[135.40950819016376,-34.53726391219825],[135.41670833416663,-34.52033815688314],[135.4023080461609,-34.506797552631056],[135.39510790215803,-34.52372330794616],[135.4023080461609,-34.53387876113523],[135.3879077581551,-34.53387876113523],[135.42390847816955,-34.54741936538731],[135.40950819016376,-34.554189667513356],[135.41670833416663,-34.58804117814357],[135.39510790215803,-34.59142632920659],[135.42390847816955,-34.601581782395655],[135.3879077581551,-34.59481148026961],[135.39510790215803,-34.554189667513356],[135.37350747014938,-34.5135678547571],[135.39510790215803,-34.49664209944199],[135.3879077581551,-34.44247968243366],[135.3591071821436,-34.41878362499251],[135.3663073261465,-34.38493211436229],[135.35190703814072,-34.368006359047186],[135.3591071821436,-34.364621207984165],[135.3591071821436,-34.344310301606036],[135.34470689413786,-34.26645182715655],[135.30150603012055,-34.18520820164404],[135.27990559811195,-34.17166759739195],[135.26550531010616,-34.178437899517995],[135.2583051661033,-34.154741842076845],[135.2439048780975,-34.151356691013824],[135.2439048780975,-34.14120123782476],[135.27990559811195,-34.12089033144663],[135.27270545410903,-34.09380912294247],[135.27990559811195,-34.07011306550132],[135.26550531010616,-34.03287640380808],[135.27270545410903,-34.019335799555996],[135.25110502210043,-33.98209913786276],[135.1935038700774,-33.92116641872838],[135.1791035820716,-33.877159454909105],[135.17190343806874,-33.87377430384608],[135.16470329406587,-33.877159454909105],[135.14310286205722,-33.853463397467955],[135.08550171003418,-33.802686131522634],[135.04230084601687,-33.75529401664034],[134.87669753395062,-33.6537394847497],[134.88389767795354,-33.643584031560636],[134.87669753395062,-33.63681372943459],[134.8622972459449,-33.643584031560636],[134.83349666993337,-33.62665827624553],[134.84069681393623,-33.619887974119486],[134.84069681393623,-33.592806765615315],[134.8622972459449,-33.54541465073302],[134.8478969579391,-33.43708981671634],[134.80469609392185,-33.32876498269966],[134.76149522990454,-33.30845407632153],[134.73989479789594,-33.27460256569132],[134.7182943658873,-33.26444711250225],[134.69669393387863,-33.26444711250225],[134.68949378987577,-33.25090650825017],[134.66069321386425,-33.23398075293506],[134.68949378987577,-33.23059560187204],[134.69669393387863,-33.22044014868298],[134.71109422188442,-33.227210450809025],[134.71109422188442,-33.23398075293506],[134.7182943658873,-33.23059560187204],[134.72549450989015,-33.22044014868298],[134.71109422188442,-33.21366984655694],[134.7182943658873,-33.2068995444309],[134.7182943658873,-33.19674409124183],[134.7038940778815,-33.17304803380068],[134.66789335786711,-33.1595074295486],[134.63189263785273,-33.16289258061162],[134.59589191783834,-33.13919652317047],[134.5598911978239,-33.16289258061162],[134.5742914858297,-33.18997378911579],[134.59589191783834,-33.19674409124183],[134.61029220584408,-33.18997378911579],[134.62469249384986,-33.19674409124183],[134.63189263785273,-33.21366984655694],[134.66069321386425,-33.223825299746004],[134.6390927818556,-33.223825299746004],[134.63189263785273,-33.244136206124125],[134.59589191783834,-33.203514393367875],[134.54549090981817,-33.18997378911579],[134.50949018980378,-33.16289258061162],[134.45188903778075,-33.14596682529651],[134.4158883177663,-33.14935197635953],[134.3942878857577,-33.16627773167464],[134.38708774175478,-33.176433184863704],[134.3654873097462,-33.176433184863704],[134.35828716574326,-33.12565591891838],[134.32228644572888,-33.09180440828817],[134.30788615772315,-33.08841925722515],[134.29348586971736,-33.07487865297306],[134.29348586971736,-33.06133804872098],[134.30068601372022,-33.0477974444689],[134.29348586971736,-33.041027142342855],[134.27908558171157,-33.041027142342855],[134.2862857257145,-33.02748653809077],[134.27908558171157,-33.02410138702775],[134.26468529370584,-33.03087168915379],[134.27908558171157,-33.037641991279834],[134.2718854377087,-33.041027142342855],[134.27908558171157,-33.05118259553192],[134.26468529370584,-33.06133804872098],[134.25748514970297,-33.07149350191004],[134.26468529370584,-33.08841925722515],[134.2862857257145,-33.10195986147723],[134.27908558171157,-33.108730163603276],[134.29348586971736,-33.11888561679234],[134.315086301726,-33.1121153146663],[134.32228644572888,-33.11888561679234],[134.315086301726,-33.12565591891838],[134.35828716574326,-33.14935197635953],[134.3510870217404,-33.156122278485576],[134.34388687773753,-33.16289258061162],[134.3510870217404,-33.18997378911579],[134.32948658973174,-33.200129242304854],[134.25748514970297,-33.152737127422554],[134.26468529370584,-33.13919652317047],[134.26468529370584,-33.09857471041421],[134.25028500570005,-33.08841925722515],[134.22868457369145,-33.04441229340588],[134.192683853677,-33.03425684021681],[134.1710834216684,-33.054567746594934],[134.1638832776655,-33.041027142342855],[134.13508270165397,-33.017331084901706],[134.1638832776655,-33.01056078277566],[134.192683853677,-33.013945933838684],[134.2070841416828,-32.993635027460556],[134.19988399767993,-32.96316866789336],[134.18548370967414,-32.942857761515235],[134.1638832776655,-32.92593200620013],[134.1422828456569,-32.92931715726315],[134.1422828456569,-32.942857761515235],[134.12068241364824,-32.93270230832617],[134.1278825576511,-32.92593200620013],[134.12068241364824,-32.915776553011064],[134.10628212564245,-32.91239140194804],[134.07748154963093,-32.92593200620013],[134.08468169363385,-32.919161704074085],[134.0630812616252,-32.90900625088502],[134.07028140562807,-32.90900625088502],[134.07748154963093,-32.89885079769596],[134.07028140562807,-32.88531019344387],[134.09908198163959,-32.87853989131783],[134.09908198163959,-32.86838443812877],[134.11348226964537,-32.86838443812877],[134.13508270165397,-32.8413032296246],[134.12068241364824,-32.783755661553236],[134.0630812616252,-32.72282294241885],[134.07748154963093,-32.709282338166766],[134.10628212564245,-32.72282294241885],[134.1710834216684,-32.71943779135583],[134.2070841416828,-32.72620809348187],[134.21428428568566,-32.729593244544894],[134.14948298965976,-32.72282294241885],[134.1638832776655,-32.73636354667094],[134.19988399767993,-32.74651899986],[134.192683853677,-32.77021505730115],[134.19988399767993,-32.7939111147423],[134.22148442968853,-32.79052596367928],[134.24308486169718,-32.74651899986],[134.25748514970297,-32.73636354667094],[134.29348586971736,-32.692356582851666],[134.2862857257145,-32.68558628072562],[134.29348586971736,-32.66189022328447],[134.27908558171157,-32.64834961903239],[134.27908558171157,-32.60772780627613],[134.26468529370584,-32.57387629564592],[134.21428428568566,-32.50955842544852],[134.1638832776655,-32.46893661269226],[134.12068241364824,-32.455396008440175],[134.09188183763672,-32.4587811595032],[134.10628212564245,-32.44862570631413],[134.07748154963093,-32.455396008440175],[134.07928158563166,-32.457934871737436],[134.0630812616252,-32.455396008440175],[134.08468169363385,-32.47232176375528],[134.03428068561368,-32.4587811595032],[133.9982799655993,-32.48586236800737],[133.99107982159637,-32.506173274385496],[133.955079101582,-32.49601782119643],[133.92627852557047,-32.49601782119643],[133.9046780935618,-32.50955842544852],[133.91187823756474,-32.51632872757456],[133.89747794955895,-32.5230990297006],[133.89027780555608,-32.5400247850157],[133.86147722954456,-32.53325448288966],[133.84707694153877,-32.543409936078724],[133.8542770855417,-32.51971387863758],[133.84707694153877,-32.502788123322475],[133.86147722954456,-32.482477216944346],[133.84707694153877,-32.46216631056622],[133.86867737354743,-32.42154449780996],[133.86867737354743,-32.39784844036881],[133.89747794955895,-32.40123359143183],[133.89027780555608,-32.40123359143183],[133.89027780555608,-32.408003893557876],[133.89027780555608,-32.4113890446209],[133.9046780935618,-32.41477419568392],[133.89027780555608,-32.42154449780996],[133.9190783815676,-32.428314799936004],[133.94787895757912,-32.4113890446209],[133.94787895757912,-32.38769298717975],[133.93347866957333,-32.380922685053704],[133.93347866957333,-32.360611778675576],[133.9046780935618,-32.316604814856305],[133.88307766155322,-32.30644936166724],[133.86867737354743,-32.27936815316307],[133.8398767975359,-32.25567209572192],[133.81827636552725,-32.24890179359588],[133.82547650953018,-32.242131491469834],[133.81827636552725,-32.23536118934379],[133.80387607752152,-32.23197603828077],[133.8110762215244,-32.242131491469834],[133.76787535750714,-32.26244239784796],[133.75347506950135,-32.23536118934379],[133.76067521350421,-32.22520573615473],[133.75347506950135,-32.2048948297766],[133.74627492549848,-32.20150967871358],[133.73907478149562,-32.20827998083962],[133.7318746374927,-32.198124527650556],[133.71747434948696,-32.194739376587535],[133.68147362947258,-32.20150967871358],[133.6958739174783,-32.154117563831285],[133.67427348546966,-32.14396211064222],[133.64547290945814,-32.150732412768264],[133.64547290945814,-32.14396211064222],[133.67427348546966,-32.13380665745316],[133.6670733414668,-32.103340297885964],[133.64547290945814,-32.09656999575992],[133.6310726214524,-32.09995514682294],[133.6310726214524,-32.08979969363388],[133.61667233344662,-32.08641454257086],[133.59507190143802,-32.08641454257086],[133.57347146942936,-32.11688090213805],[133.5878717574351,-32.1405769595792],[133.55907118142358,-32.15750271489431],[133.5518710374207,-32.17104331914639],[133.5230704614092,-32.154117563831285],[133.5230704614092,-32.13719180851618],[133.51587031740632,-32.13719180851618],[133.5230704614092,-32.127036355327114],[133.50147002940054,-32.1405769595792],[133.51587031740632,-32.14396211064222],[133.50867017340346,-32.154117563831285],[133.49426988539767,-32.150732412768264],[133.50147002940054,-32.130421506390135],[133.47986959739194,-32.127036355327114],[133.47986959739194,-32.11688090213805],[133.4870697413948,-32.11011060001201],[133.47266945338902,-32.09995514682294],[133.45106902138042,-32.11349575107503],[133.45106902138042,-32.13719180851618],[133.43666873337463,-32.12365120426409],[133.39346786935732,-32.1405769595792],[133.40066801336025,-32.15750271489431],[133.39346786935732,-32.16088786595733],[133.40066801336025,-32.16765816808337],[133.41506830136598,-32.17104331914639],[133.41506830136598,-32.17781362127243],[133.46546930938615,-32.17104331914639],[133.49426988539767,-32.194739376587535],[133.4870697413948,-32.2048948297766],[133.4870697413948,-32.194739376587535],[133.4438688773775,-32.17781362127243],[133.42226844536884,-32.18458392339847],[133.42226844536884,-32.198124527650556],[133.38626772535446,-32.20150967871358],[133.37186743734873,-32.18796907446149],[133.32146642932855,-32.18119877233545],[133.27826556531124,-32.18458392339847],[133.27826556531124,-32.194739376587535],[133.25666513330265,-32.21166513190264],[133.22786455729113,-32.19135422552451],[133.16306326126517,-32.17104331914639],[133.14866297325943,-32.174428470209406],[133.14866297325943,-32.194739376587535],[133.12706254125078,-32.20827998083962],[133.14146282925657,-32.174428470209406],[133.0910618212364,-32.127036355327114],[133.00466009320184,-32.083029391507836],[132.98305966119318,-32.106725448948986],[132.98305966119318,-32.083029391507836],[132.96145922918453,-32.06610363619273],[132.9038580771615,-32.035637276625536],[132.82465649312985,-31.9814748596172],[132.74545490909816,-31.95100850005001],[132.73105462109237,-31.95777880217605],[132.68785375707512,-31.95100850005001],[132.6590531810636,-31.95777880217605],[132.6590531810636,-31.947623348986987],[132.5942518850377,-31.9340827447349],[132.52945058901173,-31.9340827447349],[132.47904958099156,-31.947623348986987],[132.44304886097717,-31.971319406428137],[132.4358487169743,-32.00178576599532],[132.46464929298583,-32.011941219184386],[132.4718494369887,-32.02886697449949],[132.41424828496565,-31.9984006149323],[132.392647852957,-32.00178576599532],[132.38544770895413,-32.01532637024741],[132.37824756495127,-32.008556068121365],[132.34224684493688,-32.01532637024741],[132.33504670093396,-32.02886697449949],[132.28464569291384,-32.02209667237345],[132.27024540490805,-32.032252125562515],[132.19824396487928,-32.02886697449949],[132.17664353287063,-32.01871152131043],[132.16944338886776,-32.005170917058344],[132.1478429568591,-32.00178576599532],[132.11184223684472,-31.947623348986987],[132.07584151683028,-31.917156989419794],[131.75903518070356,-31.72081822776456],[131.44222884457685,-31.571871580991626],[131.24782495649907,-31.490627955479113],[131.14702294045878,-31.46354674697495],[131.12542250845013,-31.46354674697495],[131.08222164443288,-31.490627955479113],[131.06062121242422,-31.521094315046305],[131.02462049240984,-31.538020070361412],[130.8086161723234,-31.60572309162184],[130.73661473229458,-31.60572309162184],[130.5710114202284,-31.58541218524371],[130.4918098361967,-31.592182487369755],[130.27580551611027,-31.575256732054648],[130.15340306806132,-31.575256732054648],[130.11740234804694,-31.58541218524371],[129.9157983159663,-31.588797336306733],[129.84379687593747,-31.60910824268486],[129.52699053981075,-31.622648846936947],[129.05178103562065,-31.67342611288226],[129.00138002760053,-31.686966717134347],[129.00138002760053,-25.999912931258635],[140.9968199363987,-25.996527780195613],[141.00402008040157,-33.99902489317787],[141.00402008040157,-34.02272095061902],[140.98961979239579,-34.03287640380808],[140.98241964839292,-34.015950648492975]]]}},{"type":"Feature","id":4,"properties":{"STATE_CODE":"5","STATE_NAME":"Western Australia"},"geometry":{"type":"Polygon","coordinates":[[[114.55069101382026,-22.052826791775843],[114.55789115782312,-22.01897528114563],[114.57229144582891,-22.04267133858678],[114.56509130182599,-22.02574558327167],[114.57229144582891,-22.015590130082607],[114.57229144582891,-22.00204952583052],[114.58669173383464,-21.99527922370448],[114.58669173383464,-22.005434676893543],[114.60109202184043,-21.988508921578436],[114.6082921658433,-22.005434676893543],[114.6082921658433,-21.988508921578436],[114.61549230984616,-21.97496831732635],[114.61549230984616,-21.961427713074265],[114.62269245384903,-21.97496831732635],[114.61549230984616,-21.947887108822187],[114.63709274185481,-21.944501957759165],[114.62269245384903,-21.944501957759165],[114.62269245384903,-21.9343465045701],[114.63709274185481,-21.917420749254994],[114.64429288585768,-21.920805900318015],[114.64429288585768,-21.91065044712895],[114.65149302986055,-21.842947425868523],[114.6730934618692,-21.826021670553416],[114.68029360587208,-21.82940682161643],[114.70189403788072,-21.81248106630133],[114.72349446988937,-21.798940462049245],[114.78109562191241,-21.792170159923202],[114.86029720594411,-21.734622591851846],[114.86029720594411,-21.731237440788824],[114.90349806996136,-21.704156232284653],[114.91069821396422,-21.687230476969546],[114.93949878997574,-21.690615628032567],[114.97549950999019,-21.67030472165444],[114.98269965399305,-21.680460174843503],[115.0259005180103,-21.683845325906525],[115.01870037400744,-21.69400077909559],[115.0259005180103,-21.687230476969546],[115.04030080601609,-21.690615628032567],[115.04030080601609,-21.683845325906525],[115.05470109402182,-21.677075023780482],[115.11230224604486,-21.633068059961204],[115.13390267805352,-21.643223513150268],[115.16270325406504,-21.62629775783516],[115.17710354207082,-21.612757153583075],[115.19150383007656,-21.629682908898182],[115.19150383007656,-21.619527455709118],[115.21310426208521,-21.62629775783516],[115.18430368607369,-21.612757153583075],[115.21310426208521,-21.59921654933099],[115.22030440608808,-21.616142304646097],[115.22030440608808,-21.60260170039402],[115.23470469409386,-21.595831398267975],[115.22750455009094,-21.592446247204947],[115.24190483809673,-21.575520491889847],[115.2491049820996,-21.585675945078904],[115.24190483809673,-21.585675945078904],[115.24440923601077,-21.589208276622934],[115.29950599011977,-21.592446247204947],[115.32830656613129,-21.57890564295286],[115.32830656613129,-21.575520491889847],[115.37870757415146,-21.548439283385676],[115.40030800616012,-21.55520958551172],[115.40030800616012,-21.548439283385676],[115.41470829416585,-21.538283830196605],[115.41470829416585,-21.53489867913359],[115.37870757415146,-21.541668981259633],[115.40750815016298,-21.528128377007548],[115.41470829416585,-21.52474322594452],[115.4363087261745,-21.528128377007548],[115.45790915818316,-21.50781747062942],[115.45790915818316,-21.528128377007548],[115.44350887017737,-21.531513528070562],[115.45790915818316,-21.531513528070562],[115.46510930218602,-21.514587772755462],[115.47830956619127,-21.526999993319876],[115.47230944618889,-21.504432319566405],[115.49390987819754,-21.511202621692448],[115.49390987819754,-21.51797292381849],[115.50111002220041,-21.50781747062942],[115.50831016620327,-21.511202621692448],[115.50831016620327,-21.52474322594452],[115.52271045420906,-21.50781747062942],[115.49390987819754,-21.501047168503376],[115.49390987819754,-21.494276866377334],[115.49390987819754,-21.49089171531432],[115.49390987819754,-21.484121413188277],[115.50831016620327,-21.477351111062234],[115.52991059821193,-21.46042535574712],[115.50831016620327,-21.473965959999205],[115.50831016620327,-21.457040204684105],[115.5155103102062,-21.453655053621077],[115.5155103102062,-21.446884751495034],[115.55151103022058,-21.43334414724295],[115.55871117422345,-21.436729298305977],[115.55151103022058,-21.41303324086482],[115.5803116062321,-21.38595203236065],[115.58751175023497,-21.39610748554972],[115.5803116062321,-21.402877787675763],[115.58751175023497,-21.406262938738777],[115.59471189423783,-21.399492636612734],[115.59471189423783,-21.39272233448669],[115.60911218224362,-21.382566881297635],[115.60191203824076,-21.379181730234606],[115.59471189423783,-21.389337183423677],[115.58751175023497,-21.379181730234606],[115.60191203824076,-21.362255974919506],[115.61631232624649,-21.375796579171592],[115.61631232624649,-21.36564112598252],[115.60911218224362,-21.355485672793463],[115.62351247024935,-21.352100521730435],[115.63071261425227,-21.362255974919506],[115.63791275825514,-21.345330219604392],[115.63071261425227,-21.355485672793463],[115.61631232624649,-21.345330219604392],[115.63791275825514,-21.328404464289292],[115.65231304626087,-21.345330219604392],[115.65231304626087,-21.338559917478364],[115.6595131902638,-21.341945068541378],[115.65231304626087,-21.335174766415335],[115.66671333426666,-21.335174766415335],[115.645112902258,-21.33178961535232],[115.65231304626087,-21.314863860037207],[115.68111362227239,-21.318249011100235],[115.68111362227239,-21.311478708974192],[115.70271405428105,-21.281012349406993],[115.70271405428105,-21.297938104722107],[115.71711434228683,-21.27762719834398],[115.71711434228683,-21.287782651533036],[115.73871477429543,-21.28439750047002],[115.73871477429543,-21.27424204728095],[115.74591491829835,-21.27762719834398],[115.75311506230122,-21.25393114090282],[115.75311506230122,-21.28439750047002],[115.76031520630409,-21.270856896217936],[115.76751535030695,-21.28439750047002],[115.76031520630409,-21.267471745154907],[115.76751535030695,-21.267471745154907],[115.76751535030695,-21.25393114090282],[115.78191563831274,-21.25731629196585],[115.78191563831274,-21.287782651533036],[115.7891157823156,-21.264086594091893],[115.79631592631847,-21.264086594091893],[115.7891157823156,-21.250545989839807],[115.7891157823156,-21.24716083877678],[115.8035160703214,-21.24716083877678],[115.81791635832712,-21.264086594091893],[115.81071621432426,-21.250545989839807],[115.83231664633291,-21.250545989839807],[115.81791635832712,-21.24716083877678],[115.83231664633291,-21.240390536650736],[115.83231664633291,-21.22684993239865],[115.84671693433864,-21.22684993239865],[115.83231664633291,-21.206539026020522],[115.84671693433864,-21.192998421768436],[115.85391707834151,-21.196383572831465],[115.85391707834151,-21.176072666453337],[115.8683173663473,-21.155761760075208],[115.87551751035016,-21.16253206220125],[115.8683173663473,-21.152376609012194],[115.87551751035016,-21.13545085369708],[115.88991779835595,-21.13883600476011],[115.88271765435303,-21.121910249444994],[115.88991779835595,-21.11852509838198],[115.88991779835595,-21.111754796255937],[115.91871837436747,-21.077903285625723],[115.92591851837034,-21.077903285625723],[115.99071981439624,-21.04066662393248],[116.06992139842794,-21.016970566491338],[116.09872197443946,-21.000044811176224],[116.09152183043659,-21.02374086861738],[116.10592211844232,-21.037281472869466],[116.09872197443946,-21.02374086861738],[116.10592211844232,-21.000044811176224],[116.12752255045098,-20.99665966011321],[116.14912298245963,-21.01358541542831],[116.14192283845671,-20.99327450905018],[116.16352327046536,-20.96957845160904],[116.17792355847115,-20.97634875373508],[116.18512370247402,-20.96957845160904],[116.19232384647688,-20.90187543034861],[116.22832456649132,-20.88494967503351],[116.20672413448267,-20.888334826096525],[116.19232384647688,-20.888334826096525],[116.20672413448267,-20.834172409088183],[116.23552471049419,-20.861253617592354],[116.25712514250284,-20.85786846652934],[116.24272485449706,-20.864638768655382],[116.24992499849992,-20.864638768655382],[116.25712514250284,-20.868023919718397],[116.25712514250284,-20.881564523970482],[116.27152543050858,-20.868023919718397],[116.28592571851436,-20.878179372907468],[116.28592571851436,-20.881564523970482],[116.3003260065201,-20.878179372907468],[116.3003260065201,-20.87479422184444],[116.32912658253161,-20.868023919718397],[116.3435268705374,-20.83755756015121],[116.365127302546,-20.840942711214225],[116.40112802256044,-20.820631804836097],[116.40112802256044,-20.83078725802517],[116.43712874257483,-20.82740210696214],[116.45152903058056,-20.844327862277254],[116.45872917458348,-20.844327862277254],[116.45152903058056,-20.840942711214225],[116.4443288865777,-20.824016955899125],[116.45872917458348,-20.824016955899125],[116.46592931858635,-20.824016955899125],[116.46592931858635,-20.81386150271007],[116.48032960659208,-20.807091200584026],[116.487529750595,-20.81386150271007],[116.48032960659208,-20.803706049520997],[116.49472989459787,-20.800320898457983],[116.50193003860073,-20.807091200584026],[116.50193003860073,-20.796935747394954],[116.487529750595,-20.796935747394954],[116.51633032660652,-20.780009992079854],[116.53073061461225,-20.78339514314287],[116.53073061461225,-20.79016544526891],[116.53793075861512,-20.786780294205897],[116.51633032660652,-20.77323968995381],[116.52353047060939,-20.759699085701726],[116.53073061461225,-20.769854538890783],[116.53793075861512,-20.76646938782777],[116.53073061461225,-20.76646938782777],[116.52353047060939,-20.752928783575683],[116.5523310466209,-20.749543632512655],[116.5523310466209,-20.74615848144964],[116.58113162263243,-20.742773330386612],[116.55953119062377,-20.74615848144964],[116.58113162263243,-20.74615848144964],[116.58113162263243,-20.752928783575683],[116.58833176663529,-20.739388179323598],[116.59553191063816,-20.74615848144964],[116.60273205464108,-20.752928783575683],[116.58833176663529,-20.73600302826057],[116.60273205464108,-20.729232726134526],[116.62433248664968,-20.71569212188244],[116.61713234264681,-20.729232726134526],[116.62433248664968,-20.732617877197555],[116.6315326306526,-20.712306970819427],[116.63873277465547,-20.725847575071512],[116.6531330626612,-20.732617877197555],[116.6531330626612,-20.73600302826057],[116.66033320666412,-20.732617877197555],[116.63873277465547,-20.722462424008484],[116.66753335066699,-20.725847575071512],[116.68193363867272,-20.71569212188244],[116.68193363867272,-20.722462424008484],[116.68913378267564,-20.705536668693384],[116.66753335066699,-20.722462424008484],[116.6531330626612,-20.71907727294547],[116.65793315866316,-20.714563738194762],[116.66753335066699,-20.712306970819427],[116.65889317786355,-20.71366103124463],[116.66033320666412,-20.712306970819427],[116.65673313466266,-20.713999546350934],[116.64593291865833,-20.71569212188244],[116.64593291865833,-20.705536668693384],[116.66753335066699,-20.685225762315255],[116.6963339266785,-20.681840611252227],[116.68913378267564,-20.678455460189213],[116.72513450269003,-20.647989100622013],[116.72513450269003,-20.637833647432956],[116.73953479069576,-20.64121879849597],[116.76833536670728,-20.63444849636994],[116.74673493469868,-20.620907892117856],[116.76833536670728,-20.590441532550656],[116.78273565471306,-20.583671230424613],[116.78273565471306,-20.590441532550656],[116.7971359427188,-20.57690092829857],[116.7755355107102,-20.57690092829857],[116.78993579871593,-20.55997517298347],[116.81153623072458,-20.5498197197944],[116.81153623072458,-20.539664266605342],[116.80433608672172,-20.543049417668357],[116.81153623072458,-20.52950881341627],[116.86913738274762,-20.526123662353257],[116.81873637472745,-20.5802860793616],[116.82593651873032,-20.5972118346767],[116.81873637472745,-20.60736728786577],[116.81153623072458,-20.60736728786577],[116.81153623072458,-20.614137589991813],[116.7971359427188,-20.631063345306913],[116.80433608672172,-20.64121879849597],[116.78993579871593,-20.664914855937127],[116.78993579871593,-20.675070309126184],[116.78993579871593,-20.68861091337827],[116.7971359427188,-20.66830000700014],[116.7971359427188,-20.681840611252227],[116.82593651873032,-20.708921819756398],[116.89793795875914,-20.722462424008484],[116.92673853477066,-20.712306970819427],[116.95553911078218,-20.702151517630355],[116.94833896677932,-20.69876636656734],[116.95553911078218,-20.681840611252227],[116.96273925478505,-20.681840611252227],[116.97713954279084,-20.67168515806317],[116.9843396867937,-20.67168515806317],[116.97713954279084,-20.66830000700014],[116.99153983079657,-20.658144553811084],[117.03474069481388,-20.647989100622013],[117.02754055081095,-20.658144553811084],[117.03474069481388,-20.658144553811084],[117.04194083881674,-20.66830000700014],[117.0635412708254,-20.64121879849597],[117.08514170283405,-20.63444849636994],[117.09234184683692,-20.62429304318087],[117.10674213484265,-20.654759402748056],[117.1283425668513,-20.654759402748056],[117.13554271085417,-20.6276781942439],[117.17154343086861,-20.593826683613685],[117.18594371887434,-20.593826683613685],[117.17874357487148,-20.60736728786577],[117.17874357487148,-20.617522741054827],[117.1931438628772,-20.614137589991813],[117.20034400688013,-20.631063345306913],[117.1931438628772,-20.637833647432956],[117.17874357487148,-20.631063345306913],[117.17874357487148,-20.64121879849597],[117.15714314286282,-20.658144553811084],[117.17874357487148,-20.644603949559],[117.17874357487148,-20.664914855937127],[117.1931438628772,-20.67168515806317],[117.18594371887434,-20.664914855937127],[117.20034400688013,-20.664914855937127],[117.17154343086861,-20.702151517630355],[117.18594371887434,-20.691996064441298],[117.18594371887434,-20.695381215504312],[117.1931438628772,-20.681840611252227],[117.21474429488586,-20.705536668693384],[117.22914458289165,-20.705536668693384],[117.21474429488586,-20.69876636656734],[117.22194443888873,-20.695381215504312],[117.24354487089738,-20.702151517630355],[117.24354487089738,-20.705536668693384],[117.27954559091177,-20.722462424008484],[117.28674573491469,-20.71907727294547],[117.28674573491469,-20.73600302826057],[117.30114602292042,-20.725847575071512],[117.34434688693773,-20.73600302826057],[117.35874717494346,-20.742773330386612],[117.34434688693773,-20.759699085701726],[117.3371467429348,-20.759699085701726],[117.3371467429348,-20.76308423676474],[117.3515470309406,-20.76308423676474],[117.3515470309406,-20.756313934638698],[117.36594731894633,-20.74615848144964],[117.36594731894633,-20.73600302826057],[117.37314746294925,-20.732617877197555],[117.38034760695211,-20.749543632512655],[117.38034760695211,-20.759699085701726],[117.38034760695211,-20.78339514314287],[117.38754775095498,-20.759699085701726],[117.38754775095498,-20.752928783575683],[117.40194803896077,-20.759699085701726],[117.38754775095498,-20.74615848144964],[117.39474789495785,-20.729232726134526],[117.42354847096937,-20.732617877197555],[117.43794875897515,-20.74615848144964],[117.45954919098381,-20.756313934638698],[117.45954919098381,-20.752928783575683],[117.43794875897515,-20.739388179323598],[117.44514890297802,-20.729232726134526],[117.54595091901837,-20.708921819756398],[117.55315106302123,-20.708921819756398],[117.55315106302123,-20.705536668693384],[117.57475149502989,-20.695381215504312],[117.59635192703848,-20.702151517630355],[117.58195163903275,-20.695381215504312],[117.58915178303562,-20.68861091337827],[117.59635192703848,-20.695381215504312],[117.58915178303562,-20.678455460189213],[117.63235264705293,-20.664914855937127],[117.64675293505866,-20.6615297048741],[117.61795235904714,-20.678455460189213],[117.61795235904714,-20.68861091337827],[117.62515250305,-20.678455460189213],[117.63955279105579,-20.678455460189213],[117.63955279105579,-20.691996064441298],[117.64675293505866,-20.68861091337827],[117.64675293505866,-20.702151517630355],[117.62515250305,-20.708921819756398],[117.64675293505866,-20.712306970819427],[117.65395307906152,-20.705536668693384],[117.65395307906152,-20.68861091337827],[117.66835336706731,-20.67168515806317],[117.66115322306445,-20.685225762315255],[117.67555351107018,-20.69876636656734],[117.66835336706731,-20.678455460189213],[117.68275365507304,-20.664914855937127],[117.68995379907597,-20.66830000700014],[117.68995379907597,-20.678455460189213],[117.69571391427826,-20.686579822740462],[117.69715394307883,-20.685225762315255],[117.7043540870817,-20.695381215504312],[117.71155423108456,-20.681840611252227],[117.73315466309322,-20.678455460189213],[117.74035480709608,-20.685225762315255],[117.74035480709608,-20.678455460189213],[117.747554951099,-20.681840611252227],[117.747554951099,-20.675070309126184],[117.7691553831076,-20.664914855937127],[117.7691553831076,-20.675070309126184],[117.77635552711052,-20.67168515806317],[117.79075581511626,-20.678455460189213],[117.81235624712491,-20.675070309126184],[117.79795595911912,-20.675070309126184],[117.77635552711052,-20.664914855937127],[117.78355567111339,-20.654759402748056],[117.79075581511626,-20.654759402748056],[117.81235624712491,-20.631063345306913],[117.85555711114216,-20.60736728786577],[117.86275725514508,-20.60736728786577],[117.86275725514508,-20.5972118346767],[117.86995739914795,-20.5802860793616],[117.89875797515947,-20.583671230424613],[117.88435768715371,-20.57690092829858],[117.87715754315082,-20.5802860793616],[117.86995739914795,-20.570130626172528],[117.88435768715368,-20.553204870857428],[117.89875797515947,-20.553204870857428],[117.8915578311566,-20.556590021920442],[117.90595811916234,-20.553204870857428],[117.89875797515947,-20.563360324046485],[117.9131582631652,-20.566745475109514],[117.9131582631652,-20.57690092829857],[117.92035840716812,-20.566745475109517],[117.9131582631652,-20.563360324046485],[117.92755855117099,-20.55997517298347],[117.9131582631652,-20.556590021920442],[117.92035840716812,-20.543049417668357],[117.94195883917678,-20.546434568731385],[117.95635912718251,-20.546434568731385],[117.94195883917678,-20.536279115542314],[117.95635912718251,-20.515968209164186],[117.94915898317964,-20.519353360227214],[117.94915898317964,-20.51258305810117],[117.96355927118537,-20.50581275597513],[117.94915898317964,-20.509197907038143],[117.94195883917678,-20.52950881341627],[117.93475869517385,-20.526123662353257],[117.94195883917678,-20.51258305810117],[117.94195883917678,-20.478731547470957],[117.96355927118537,-20.492272151723043],[117.94915898317964,-20.478731547470957],[117.9923598471969,-20.471961245344914],[118.02116042320841,-20.45842064109283],[118.04996099921993,-20.4211839793996],[118.10036200724011,-20.39410277089543],[118.10756215124297,-20.400873073021472],[118.10756215124297,-20.387332468769387],[118.15796315926315,-20.356866109202187],[118.1795635912718,-20.33655520282406],[118.19396387927753,-20.33655520282406],[118.20116402328046,-20.360251260265215],[118.18676373527467,-20.34671065601313],[118.18676373527467,-20.356866109202187],[118.20116402328046,-20.370406713454273],[118.17236344726894,-20.370406713454273],[118.16516330326601,-20.383947317706358],[118.20836416728332,-20.377177015580315],[118.19396387927753,-20.404258224084487],[118.21556431128619,-20.3737918645173],[118.22276445528905,-20.370406713454273],[118.21556431128619,-20.370406713454273],[118.22996459929197,-20.36702156239126],[118.23716474329484,-20.370406713454273],[118.23716474329484,-20.3737918645173],[118.2443648872977,-20.370406713454273],[118.2587651753035,-20.377177015580315],[118.2587651753035,-20.360251260265215],[118.28036560731209,-20.353480958139173],[118.28036560731209,-20.36702156239126],[118.29411133677216,-20.350865159590466],[118.28756575131501,-20.350095807076144],[118.34516690333805,-20.329784900698016],[118.35236704734092,-20.356866109202187],[118.34516690333805,-20.360251260265215],[118.35956719134379,-20.360251260265215],[118.36676733534665,-20.3737918645173],[118.36676733534665,-20.350095807076144],[118.38116762335244,-20.370406713454273],[118.38116762335244,-20.350095807076144],[118.4027680553611,-20.350095807076144],[118.40996819936396,-20.356866109202187],[118.40996819936396,-20.350095807076144],[118.41716834336682,-20.339940353887087],[118.43876877537548,-20.339940353887087],[118.43156863137261,-20.3433255049501],[118.45316906338121,-20.34671065601313],[118.44596891937834,-20.33655520282406],[118.45316906338121,-20.33655520282406],[118.47476949538986,-20.350095807076144],[118.49636992739852,-20.3433255049501],[118.48196963939273,-20.329784900698016],[118.48916978339565,-20.326399749635],[118.49636992739852,-20.329784900698016],[118.48916978339565,-20.329784900698016],[118.48916978339565,-20.333170051761044],[118.51077021540425,-20.329784900698016],[118.50357007140138,-20.350095807076144],[118.51797035940717,-20.329784900698016],[118.50357007140138,-20.326399749635],[118.53957079141577,-20.312859145382916],[118.53957079141577,-20.31962944750896],[118.5323706474129,-20.323014598571973],[118.53957079141577,-20.329784900698016],[118.53957079141577,-20.323014598571973],[118.54677093541869,-20.309473994319887],[118.55397107942156,-20.312859145382916],[118.54677093541869,-20.306088843256873],[118.52517050341004,-20.306088843256873],[118.56117122342442,-20.295933390067802],[118.57557151143021,-20.302703692193845],[118.56117122342442,-20.309473994319887],[118.56837136742729,-20.31962944750896],[118.56837136742729,-20.326399749635],[118.56117122342442,-20.31624429644593],[118.56117122342442,-20.329784900698016],[118.55397107942156,-20.34671065601313],[118.55397107942156,-20.350095807076144],[118.57557151143021,-20.326399749635],[118.56837136742729,-20.34671065601313],[118.57557151143021,-20.33655520282406],[118.57557151143021,-20.356866109202187],[118.58277165543308,-20.33655520282406],[118.59717194343881,-20.353480958139173],[118.59717194343881,-20.3433255049501],[118.60437208744173,-20.350095807076144],[118.58997179943594,-20.33655520282406],[118.60437208744173,-20.329784900698016],[118.61877237544746,-20.3433255049501],[118.6115722314446,-20.333170051761044],[118.62597251945033,-20.333170051761044],[118.60437208744173,-20.323014598571973],[118.58997179943594,-20.329784900698016],[118.57557151143021,-20.31624429644593],[118.58997179943594,-20.309473994319887],[118.59717194343881,-20.285777936878745],[118.59717194343881,-20.309473994319887],[118.64037280745612,-20.29931854113083],[118.64037280745612,-20.312859145382916],[118.66917338346764,-20.326399749635],[118.65477309546185,-20.329784900698016],[118.6763735274705,-20.333170051761044],[118.6763735274705,-20.329784900698016],[118.69077381547629,-20.326399749635],[118.6763735274705,-20.326399749635],[118.69077381547629,-20.31624429644593],[118.76997539950793,-20.28239278581573],[118.7987759755195,-20.279007634752702],[118.80597611952237,-20.28916308794176],[118.80597611952237,-20.28239278581573],[118.8203764075281,-20.279007634752702],[118.8203764075281,-20.275622483689688],[118.84197683953676,-20.285777936878745],[118.82757655153102,-20.27223733262666],[118.83477669553389,-20.262081879437602],[118.84917698353962,-20.262081879437602],[118.82757655153102,-20.258696728374574],[118.84197683953676,-20.231615519870402],[118.84917698353962,-20.22484521774436],[118.87797755955114,-20.241770973059474],[118.86357727154541,-20.22484521774436],[118.8995779915598,-20.167297649673003],[118.95717914358283,-20.126675836916746],[118.99317986359722,-20.035276758215176],[119.06518130362605,-20.014965851837047],[119.09398187963757,-19.987884643332876],[119.0867817356347,-19.970958888017762],[119.10118202364043,-19.960803434828705],[119.14438288765774,-19.977729190143805],[119.15878317566347,-20.01158070077402],[119.15878317566347,-20.004810398647976],[119.16598331966634,-20.014965851837047],[119.20918418368365,-20.025121305026104],[119.20918418368365,-20.01835100290006],[119.17318346366926,-20.008195549711004],[119.17318346366926,-19.957418283765676],[119.21638432768651,-19.954033132702662],[119.23798475969517,-19.960803434828705],[119.23798475969517,-19.970958888017762],[119.24518490369803,-19.96418858589172],[119.31718634372686,-19.99126979439589],[119.3747874957499,-19.99126979439589],[119.38198763975277,-19.998040096521933],[119.3747874957499,-20.008195549711004],[119.41798835976715,-19.99465494545892],[119.4395887917758,-20.01835100290006],[119.46838936778732,-20.014965851837047],[119.46838936778732,-20.004810398647976],[119.51159023180458,-20.045432211404233],[119.56919138382762,-20.072513419908404],[119.56919138382762,-20.075898570971432],[119.56199123982475,-20.079283722034447],[119.56919138382762,-20.079283722034447],[119.65559311186223,-20.045432211404233],[119.66999339986796,-20.031891607152147],[119.67719354387083,-20.004810398647976],[119.69879397587948,-19.99465494545892],[119.70599411988235,-20.02173615396309],[119.69879397587948,-20.035276758215176],[119.70599411988235,-20.03866190927819],[119.70599411988235,-20.028506456089133],[119.71319426388527,-20.02173615396309],[119.727594551891,-20.025121305026104],[119.73479469589387,-20.014965851837047],[119.74199483989679,-20.01158070077402],[119.74199483989679,-20.004810398647976],[119.74919498389966,-20.004810398647976],[119.74199483989679,-19.984499492269848],[119.74919498389966,-19.984499492269848],[119.727594551891,-19.977729190143805],[119.75639512790252,-19.96418858589172],[119.75639512790252,-19.970958888017762],[119.76359527190539,-19.977729190143805],[119.77079541590831,-19.970958888017762],[119.76359527190539,-19.954033132702662],[119.79239584791691,-19.967573736954748],[119.78519570391404,-19.97434403908079],[119.86439728794574,-19.960803434828705],[119.86439728794574,-19.970958888017762],[119.88599771995439,-19.954033132702662],[119.97239944798895,-19.933722226324534],[120.0804016080321,-19.92695192419849],[120.08760175203503,-19.92695192419849],[120.0804016080321,-19.920181622072448],[120.13080261605228,-19.913411319946405],[120.19560391207818,-19.913411319946405],[120.62761255225104,-19.771234975299507],[120.98041960839214,-19.62228832852658],[121.11722234444687,-19.53765955195105],[121.2108242164843,-19.466571379627595],[121.33322666453324,-19.34132079029581],[121.41242824856494,-19.236381107342154],[121.51323026460528,-19.094204762695256],[121.52763055261101,-19.053582949939013],[121.52043040860815,-19.043427496749942],[121.5420308406168,-19.0197314393088],[121.5636312726254,-18.96895417336347],[121.55643112862253,-18.9418729648593],[121.57803156063119,-18.95202841804837],[121.59963199263984,-18.9418729648593],[121.57803156063119,-18.948643266985343],[121.59963199263984,-18.904636303166072],[121.59963199263984,-18.870784792535858],[121.62123242464844,-18.864014490409815],[121.62843256865136,-18.840318432968672],[121.6428328566571,-18.816622375527515],[121.65003300065996,-18.820007526590544],[121.65003300065996,-18.836933281905644],[121.65723314466288,-18.8132372244645],[121.6428328566571,-18.796311469149387],[121.65723314466288,-18.7658451095822],[121.63563271265423,-18.742149052141045],[121.62123242464844,-18.742149052141045],[121.62123242464844,-18.704912390447817],[121.62843256865136,-18.701527239384802],[121.62843256865136,-18.721838145762916],[121.63563271265423,-18.704912390447817],[121.6428328566571,-18.70829754151083],[121.65723314466288,-18.70829754151083],[121.66443328866575,-18.721838145762916],[121.67883357667148,-18.721838145762916],[121.67883357667148,-18.715067843636874],[121.70043400868013,-18.698142088321774],[121.71483429668592,-18.704912390447817],[121.73643472869452,-18.698142088321774],[121.74363487269744,-18.704912390447817],[121.75083501670031,-18.67444603088063],[121.76523530470604,-18.67444603088063],[121.78683573671469,-18.654135124502503],[121.78683573671469,-18.660905426628545],[121.79403588071756,-18.657520275565517],[121.78683573671469,-18.610128160683217],[121.79403588071756,-18.610128160683217],[121.72923458469165,-18.576276650053003],[121.76523530470604,-18.55258059261186],[121.79403588071756,-18.50518847772956],[121.80123602472048,-18.50857362879259],[121.78683573671469,-18.484877571351433],[121.81563631272621,-18.45102606072122],[121.83723674473487,-18.444255758595176],[121.8516370327406,-18.46118151391029],[121.87323746474925,-18.471336967099347],[121.90203804076077,-18.464566664973304],[121.94523890477808,-18.440870607532162],[121.98123962479247,-18.40363394583892],[122.01724034480685,-18.390093341586834],[122.06044120882416,-18.325775471389434],[122.08204164083276,-18.329160622452463],[122.13244264885293,-18.308849716074334],[122.16844336886732,-18.268227903318078],[122.16844336886732,-18.27499820544412],[122.17564351287024,-18.26484275225505],[122.17564351287024,-18.261457601192035],[122.1828436568731,-18.237761543750878],[122.19724394487884,-18.230991241624835],[122.20444408888176,-18.234376392687864],[122.19724394487884,-18.2377615437509],[122.19724394487884,-18.24453184587692],[122.1828436568731,-18.24791699693995],[122.19724394487884,-18.251302148002964],[122.21164423288462,-18.22760609056182],[122.20444408888176,-18.21745063737275],[122.21164423288462,-18.203910033120664],[122.31244624892497,-18.17344367355348],[122.37004740094801,-18.115896105482122],[122.38444768895374,-18.071889141662837],[122.37004740094801,-17.99403066721335],[122.37724754495088,-17.990645516150337],[122.34844696893936,-17.973719760835223],[122.33404668093357,-17.980490062961266],[122.30524610492205,-17.973719760835223],[122.24764495289901,-17.953408854457095],[122.21164423288462,-17.990645516150337],[122.20444408888176,-18.007571271465437],[122.17564351287024,-17.973719760835223],[122.19004380087597,-17.97033460977221],[122.20444408888176,-17.946638552331052],[122.21164423288462,-17.87216522894458],[122.19724394487884,-17.773995848116968],[122.19724394487884,-17.68598192047841],[122.19004380087597,-17.665671014100283],[122.1828436568731,-17.669056165163312],[122.17564351287024,-17.601353143902884],[122.14684293685872,-17.560731331146627],[122.14684293685872,-17.35423711630233],[122.16124322486445,-17.340696512050243],[122.17564351287024,-17.26283803760076],[122.19004380087597,-17.239141980159616],[122.20444408888176,-17.24591228228566],[122.21164423288462,-17.239141980159616],[122.21164423288462,-17.228986526970544],[122.20444408888176,-17.239141980159616],[122.20444408888176,-17.228986526970544],[122.22604452089035,-17.184979563151273],[122.23324466489328,-17.181594412088245],[122.22604452089035,-17.191749865277316],[122.22604452089035,-17.19852016740336],[122.23324466489328,-17.184979563151273],[122.24044480889614,-17.19513501634033],[122.24044480889614,-17.184979563151273],[122.24764495289901,-17.174824109962202],[122.24044480889614,-17.16805380783616],[122.25484509690193,-17.157898354647102],[122.2620452409048,-17.154513203584074],[122.24764495289901,-17.164668656773145],[122.25484509690193,-17.16805380783616],[122.25484509690193,-17.161283505710117],[122.27644552891053,-17.15112805252106],[122.27644552891053,-17.157898354647102],[122.28364567291345,-17.144357750395017],[122.31964639292784,-17.157898354647102],[122.31964639292784,-17.15112805252106],[122.29084581691632,-17.140972599331988],[122.31244624892497,-17.137587448268974],[122.31964639292784,-17.13081714614293],[122.31244624892497,-17.127431995079903],[122.29084581691632,-17.13081714614293],[122.29084581691632,-17.12066169295386],[122.26924538490766,-17.137587448268974],[122.25484509690193,-17.13081714614293],[122.25484509690193,-17.12066169295386],[122.29804596091918,-17.06649927594553],[122.34844696893936,-17.036032916378332],[122.37004740094801,-17.00895170787416],[122.36284725694509,-16.998796254685104],[122.4708494169883,-16.93786353555072],[122.46364927298544,-16.958174441928847],[122.44204884097678,-16.968329895117904],[122.44924898497965,-16.968329895117904],[122.44204884097678,-16.98187049936999],[122.42764855297105,-16.98187049936999],[122.44204884097678,-16.988640801496032],[122.4708494169883,-16.968329895117904],[122.46364927298544,-16.978485348306975],[122.4708494169883,-16.985255650433018],[122.4708494169883,-16.978485348306975],[122.47804956099117,-16.98187049936999],[122.47804956099117,-16.968329895117904],[122.48524970499409,-16.951404139802804],[122.47804956099117,-16.958174441928847],[122.48524970499409,-16.93786353555072],[122.47804956099117,-16.92093778023562],[122.47804956099117,-16.893856571731448],[122.49244984899696,-16.91755262917259],[122.50685013700269,-16.91755262917259],[122.49964999299982,-16.924322931298633],[122.52125042500847,-16.934478384487704],[122.50685013700269,-16.95478929086582],[122.52845056901134,-16.948018988739776],[122.55725114502286,-16.96155959299186],[122.57165143302865,-16.95478929086582],[122.58605172103438,-16.958174441928847],[122.59325186503725,-16.96494474405486],[122.59325186503725,-16.95478929086582],[122.60045200904017,-16.95478929086582],[122.58605172103438,-16.948018988739776],[122.57885157703151,-16.934478384487704],[122.57165143302865,-16.92770808236166],[122.57165143302865,-16.904012024920505],[122.55725114502286,-16.897241722794462],[122.55005100102,-16.863390212164248],[122.54285085701713,-16.860005061101234],[122.5356507130142,-16.836309003660077],[122.55005100102,-16.819383248344977],[122.55005100102,-16.829538701534034],[122.56445128902573,-16.829538701534034],[122.57165143302865,-16.836309003660077],[122.57165143302865,-16.82276839940799],[122.55005100102,-16.80584264409289],[122.57165143302865,-16.785531737714763],[122.57885157703151,-16.77876143558872],[122.57165143302865,-16.771991133462677],[122.57885157703151,-16.76183568027362],[122.60765215304303,-16.765220831336634],[122.62205244104877,-16.79568719090382],[122.63645272905455,-16.79907234196685],[122.6940538810776,-16.77876143558872],[122.70845416908332,-16.788916888777777],[122.73725474509484,-16.77876143558872],[122.7588551771035,-16.744909924958506],[122.76605532110636,-16.75168022708455],[122.74445488909777,-16.771991133462677],[122.7588551771035,-16.765220831336634],[122.76605532110636,-16.755065378147577],[122.77325546510929,-16.76183568027362],[122.77325546510929,-16.75168022708455],[122.78765575311502,-16.765220831336634],[122.78765575311502,-16.771991133462677],[122.79485589711788,-16.76183568027362],[122.78045560911215,-16.748295076021535],[122.8020560411208,-16.76183568027362],[122.8020560411208,-16.76860598239965],[122.80925618512367,-16.765220831336634],[122.80925618512367,-16.77537628452569],[122.81645632912654,-16.76860598239965],[122.84525690513806,-16.792302039840806],[122.83085661713233,-16.771991133462677],[122.8236564731294,-16.76860598239965],[122.83085661713233,-16.75845052921059],[122.8236564731294,-16.75845052921059],[122.83805676113519,-16.744909924958506],[122.80925618512367,-16.75168022708455],[122.78765575311502,-16.73475447176945],[122.77325546510929,-16.73475447176945],[122.77325546510929,-16.70428811220225],[122.78765575311502,-16.70428811220225],[122.78765575311502,-16.697517810076207],[122.77325546510929,-16.694132659013192],[122.76605532110636,-16.711058414328292],[122.74445488909777,-16.700902961139235],[122.74445488909777,-16.68397720582412],[122.77325546510929,-16.62981478881578],[122.78045560911215,-16.585807824996508],[122.77325546510929,-16.589192976059536],[122.80925618512367,-16.54518601224025],[122.81645632912654,-16.538415710114208],[122.79485589711788,-16.572267220744422],[122.80925618512367,-16.558726616492336],[122.83085661713233,-16.562111767555365],[122.81645632912654,-16.555341465429322],[122.84525690513806,-16.54518601224025],[122.85965719314385,-16.51810480373608],[122.88125762515244,-16.531645407988165],[122.85965719314385,-16.511334501610037],[122.85245704914092,-16.511334501610037],[122.85965719314385,-16.49779389735795],[122.86685733714671,-16.507949350547023],[122.88125762515244,-16.507949350547023],[122.9028580571611,-16.487638444168894],[122.9028580571611,-16.47409783991681],[122.89565791315823,-16.467327537790766],[122.89565791315823,-16.447016631412637],[122.9028580571611,-16.436861178223566],[122.91005820116396,-16.436861178223566],[122.9028580571611,-16.433476027160552],[122.92445848916975,-16.38946906334128],[122.95325906518127,-16.403009667593366],[122.98925978519566,-16.37931361015221],[123.03966079321583,-16.35900270377408],[123.01806036120718,-16.37931361015221],[123.03246064921296,-16.386083912278252],[123.03246064921296,-16.399624516530338],[123.01806036120718,-16.40639481865638],[123.02526050521004,-16.419935422908466],[123.03246064921296,-16.419935422908466],[123.03246064921296,-16.430090876097523],[123.03966079321583,-16.440246329286595],[123.07566151323022,-16.440246329286595],[123.0468609372187,-16.463942386727737],[123.0468609372187,-16.47409783991681],[123.03966079321583,-16.460557235664723],[123.02526050521004,-16.463942386727737],[123.01806036120718,-16.45040178247565],[122.98205964119279,-16.463942386727737],[122.98205964119279,-16.477482990979823],[122.99645992919852,-16.477482990979823],[122.99645992919852,-16.484253293105866],[122.967659353187,-16.514719652673065],[123.00366007320144,-16.521489954799108],[123.01086021720431,-16.52826025692515],[122.98925978519566,-16.531645407988165],[122.98205964119279,-16.551956314366294],[122.98205964119279,-16.558726616492336],[122.967659353187,-16.562111767555365],[122.95325906518127,-16.579037522870465],[122.96045920918414,-16.589192976059536],[122.98205964119279,-16.59257812712255],[122.98925978519566,-16.606118731374636],[122.99645992919852,-16.602733580311607],[122.98925978519566,-16.626429637752764],[122.99645992919852,-16.63997024200485],[123.02526050521004,-16.606118731374636],[123.02526050521004,-16.616274184563693],[123.03966079321583,-16.623044486689736],[123.03966079321583,-16.670436601572035],[123.05406108122156,-16.690747507950164],[123.07566151323022,-16.694132659013192],[123.08286165723308,-16.663666299445993],[123.08286165723308,-16.697517810076207],[123.09726194523887,-16.707673263265278],[123.12606252125039,-16.711058414328292],[123.14046280925618,-16.68736235688715],[123.14766295325904,-16.707673263265278],[123.13326266525326,-16.738139622832463],[123.11886237724752,-16.73136932070642],[123.10446208924174,-16.744909924958506],[123.10446208924174,-16.771991133462677],[123.10446208924174,-16.782146586651734],[123.11166223324466,-16.77876143558872],[123.11166223324466,-16.79568719090382],[123.11886237724752,-16.788916888777777],[123.13326266525326,-16.792302039840806],[123.15486309726191,-16.80584264409289],[123.16206324126478,-16.819383248344977],[123.16206324126478,-16.846464456849148],[123.17646352927056,-16.860005061101234],[123.16206324126478,-16.860005061101234],[123.15486309726191,-16.876930816416333],[123.14766295325904,-16.924322931298633],[123.1692633852677,-16.924322931298633],[123.2340646812936,-16.968329895117904],[123.26286525730512,-17.01233685893719],[123.27726554531085,-17.036032916378332],[123.29166583331664,-17.10712108870179],[123.34206684133682,-17.161283505710117],[123.38526770535407,-17.239141980159616],[123.39246784935693,-17.279763792915873],[123.39246784935693,-17.3170004546091],[123.40686813736272,-17.327155907798158],[123.42846856937138,-17.323770756735144],[123.4428688573771,-17.344081663113272],[123.4572691453829,-17.350851965239315],[123.48606972139441,-17.398244080121614],[123.51487029740593,-17.418554986499743],[123.51487029740593,-17.4287104396888],[123.51487029740593,-17.435480741814843],[123.5220704414088,-17.43209559075183],[123.5220704414088,-17.452406497129957],[123.53647072941453,-17.45579164819297],[123.53647072941453,-17.482872856697142],[123.54367087341745,-17.462561950319014],[123.54367087341745,-17.469332252445056],[123.54367087341745,-17.499798612012242],[123.56527130542605,-17.50318376307527],[123.57967159343184,-17.5234946694534],[123.57247144942897,-17.557346180083613],[123.57967159343184,-17.584427388587784],[123.59407188143757,-17.574271935398713],[123.5868717374347,-17.553961029020584],[123.59407188143757,-17.543805575831527],[123.59407188143757,-17.53026497157944],[123.6012720254405,-17.516724367327356],[123.57967159343184,-17.482872856697142],[123.57967159343184,-17.425325288625785],[123.56527130542605,-17.405014382247657],[123.57967159343184,-17.350851965239315],[123.59407188143757,-17.361007418428372],[123.6012720254405,-17.340696512050243],[123.62287245744909,-17.19852016740336],[123.64447288945775,-17.19513501634033],[123.64447288945775,-17.184979563151273],[123.60847216944336,-17.140972599331988],[123.59407188143757,-17.100350786575746],[123.5868717374347,-17.032647765315318],[123.6012720254405,-17.00895170787416],[123.64447288945775,-16.998796254685104],[123.65887317746353,-17.00895170787416],[123.65887317746353,-17.03941806744136],[123.68047360947213,-17.046188369567403],[123.68047360947213,-17.05972897381949],[123.68767375347505,-17.05972897381949],[123.70207404148078,-17.042803218504375],[123.73807476149517,-17.069884427008546],[123.75967519350382,-17.08681018232366],[123.77407548150961,-17.127431995079903],[123.78847576951534,-17.137587448268974],[123.78847576951534,-17.15112805252106],[123.83167663353265,-17.17820926102523],[123.83887677753552,-17.191749865277316],[123.85327706554125,-17.19513501634033],[123.86047720954417,-17.21544592271846],[123.88927778555569,-17.2222162248445],[123.91087821756429,-17.212060771655445],[123.91807836156721,-17.2052904695294],[123.88927778555569,-17.201905318466373],[123.88207764155277,-17.184979563151273],[123.83167663353265,-17.134202297205945],[123.83167663353265,-17.117276541890845],[123.79567591351821,-17.005566556811146],[123.81727634552686,-16.998796254685104],[123.80287605752113,-16.985255650433018],[123.82447648952973,-16.958174441928847],[123.89647792955856,-16.907397175983533],[123.90367807356142,-16.887086269605405],[123.91807836156721,-16.887086269605405],[123.92527850557008,-16.87016051429029],[123.9540790815816,-16.866775363227276],[123.96127922558446,-16.85323475897519],[123.94687893757873,-16.836309003660077],[123.9540790815816,-16.819383248344977],[123.93967879357581,-16.82276839940799],[123.93967879357581,-16.85323475897519],[123.91807836156721,-16.85323475897519],[123.90367807356142,-16.863390212164248],[123.89647792955856,-16.856619910038205],[123.88207764155277,-16.876930816416333],[123.79567591351821,-16.910782327046547],[123.75967519350382,-16.876930816416333],[123.75967519350382,-16.836309003660077],[123.71647432948657,-16.785531737714763],[123.70927418548365,-16.75168022708455],[123.68047360947213,-16.75168022708455],[123.61567231344623,-16.680592054761107],[123.6012720254405,-16.680592054761107],[123.5868717374347,-16.66705145050902],[123.57247144942897,-16.673821752635064],[123.55087101742032,-16.66028114838298],[123.5220704414088,-16.66705145050902],[123.50047000940015,-16.66028114838298],[123.5220704414088,-16.650125695193907],[123.50767015340301,-16.643355393067864],[123.57247144942897,-16.626429637752764],[123.55807116142319,-16.61288903350068],[123.57247144942897,-16.60950388243765],[123.56527130542605,-16.599348429248593],[123.56527130542605,-16.589192976059536],[123.57967159343184,-16.595963278185565],[123.5868717374347,-16.582422673933493],[123.6012720254405,-16.582422673933493],[123.5868717374347,-16.568882069681408],[123.62287245744909,-16.572267220744422],[123.61567231344623,-16.555341465429322],[123.5868717374347,-16.538415710114208],[123.57967159343184,-16.54857116330328],[123.52927058541167,-16.54518601224025],[123.5220704414088,-16.54857116330328],[123.53647072941453,-16.551956314366294],[123.54367087341745,-16.572267220744422],[123.51487029740593,-16.56549691861838],[123.51487029740593,-16.568882069681408],[123.51487029740593,-16.582422673933493],[123.51487029740593,-16.599348429248593],[123.49326986539728,-16.572267220744422],[123.50047000940015,-16.56549691861838],[123.49326986539728,-16.54518601224025],[123.46446928938576,-16.535030559051194],[123.4572691453829,-16.524875105862122],[123.47166943338863,-16.51810480373608],[123.42846856937138,-16.511334501610037],[123.42846856937138,-16.504564199483994],[123.4428688573771,-16.511334501610037],[123.49326986539728,-16.514719652673065],[123.49326986539728,-16.50117904842098],[123.50047000940015,-16.504564199483994],[123.49326986539728,-16.494408746294937],[123.47166943338863,-16.484253293105866],[123.47166943338863,-16.47409783991681],[123.46446928938576,-16.477482990979823],[123.47166943338863,-16.47071268885378],[123.54367087341745,-16.504564199483994],[123.59407188143757,-16.524875105862122],[123.5868717374347,-16.51810480373608],[123.64447288945775,-16.531645407988165],[123.63727274545488,-16.51810480373608],[123.60847216944336,-16.504564199483994],[123.5868717374347,-16.511334501610037],[123.57967159343184,-16.49779389735795],[123.6012720254405,-16.49102359523191],[123.62287245744909,-16.49102359523191],[123.63007260145201,-16.49779389735795],[123.6660733214664,-16.49102359523191],[123.65167303346061,-16.48086814204285],[123.65167303346061,-16.47409783991681],[123.62287245744909,-16.463942386727737],[123.6012720254405,-16.45040178247565],[123.56527130542605,-16.447016631412637],[123.54367087341745,-16.42670572503451],[123.50767015340301,-16.419935422908466],[123.50047000940015,-16.40977996971941],[123.50047000940015,-16.40639481865638],[123.57967159343184,-16.42670572503451],[123.55087101742032,-16.40977996971941],[123.56527130542605,-16.40639481865638],[123.53647072941453,-16.399624516530338],[123.56527130542605,-16.399624516530338],[123.55807116142319,-16.403009667593366],[123.57247144942897,-16.40977996971941],[123.57247144942897,-16.399624516530338],[123.6012720254405,-16.40639481865638],[123.60847216944336,-16.416550271845438],[123.59407188143757,-16.416550271845438],[123.60847216944336,-16.42670572503451],[123.62287245744909,-16.430090876097523],[123.63007260145201,-16.42332057397148],[123.6660733214664,-16.436861178223566],[123.67327346546926,-16.433476027160552],[123.67327346546926,-16.42670572503451],[123.68047360947213,-16.433476027160552],[123.69487389747792,-16.413165120782423],[123.68047360947213,-16.416550271845438],[123.68767375347505,-16.40639481865638],[123.64447288945775,-16.386083912278252],[123.63007260145201,-16.355617552711067],[123.65887317746353,-16.36238785483711],[123.65167303346061,-16.369158156963152],[123.6660733214664,-16.382698761215238],[123.67327346546926,-16.382698761215238],[123.6660733214664,-16.369158156963152],[123.68047360947213,-16.375928459089195],[123.71647432948657,-16.372543308026167],[123.70207404148078,-16.35900270377408],[123.70927418548365,-16.355617552711067],[123.70207404148078,-16.35223240164804],[123.69487389747792,-16.338691797395953],[123.68047360947213,-16.33530664633294],[123.65887317746353,-16.31499573995481],[123.63727274545488,-16.308225437828767],[123.63007260145201,-16.291299682513653],[123.60847216944336,-16.28791453145064],[123.62287245744909,-16.318380891017824],[123.59407188143757,-16.31161058889178],[123.6012720254405,-16.321766042080853],[123.55087101742032,-16.28452938038761],[123.55087101742032,-16.264218474009482],[123.56527130542605,-16.277759078261568],[123.57967159343184,-16.270988776135525],[123.5868717374347,-16.260833322946468],[123.6012720254405,-16.264218474009482],[123.57247144942897,-16.243907567631354],[123.61567231344623,-16.260833322946468],[123.6012720254405,-16.250677869757396],[123.60847216944336,-16.243907567631354],[123.59407188143757,-16.247292718694382],[123.57967159343184,-16.24052241656834],[123.6012720254405,-16.233752114442296],[123.5868717374347,-16.22359666125324],[123.57967159343184,-16.233752114442296],[123.56527130542605,-16.216826359127197],[123.6012720254405,-16.216826359127197],[123.57967159343184,-16.206670905938125],[123.56527130542605,-16.210056057001154],[123.57247144942897,-16.19313030168604],[123.55807116142319,-16.17620454637094],[123.57247144942897,-16.17281939530791],[123.57247144942897,-16.179589697433954],[123.5868717374347,-16.16604909318187],[123.61567231344623,-16.159278791055826],[123.63727274545488,-16.17620454637094],[123.62287245744909,-16.159278791055826],[123.65167303346061,-16.169434244244897],[123.65887317746353,-16.152508488929783],[123.67327346546926,-16.162663942118854],[123.6660733214664,-16.152508488929783],[123.68047360947213,-16.152508488929783],[123.68047360947213,-16.159278791055826],[123.69487389747792,-16.152508488929783],[123.69487389747792,-16.162663942118854],[123.68767375347505,-16.159278791055826],[123.69487389747792,-16.17281939530791],[123.70207404148078,-16.169434244244897],[123.70207404148078,-16.17281939530791],[123.71647432948657,-16.16604909318187],[123.70207404148078,-16.152508488929783],[123.70927418548365,-16.152508488929783],[123.72367447348944,-16.169434244244897],[123.71647432948657,-16.152508488929783],[123.7308746174923,-16.15589363999281],[123.70207404148078,-16.12881243148864],[123.72367447348944,-16.138967884677697],[123.73807476149517,-16.159278791055826],[123.74527490549809,-16.152508488929783],[123.74527490549809,-16.162663942118854],[123.75247504950096,-16.15589363999281],[123.77407548150961,-16.169434244244897],[123.78847576951534,-16.199900603812083],[123.80287605752113,-16.20328575487511],[123.79567591351821,-16.210056057001154],[123.810076201524,-16.206670905938125],[123.81727634552686,-16.22021151019021],[123.80287605752113,-16.216826359127197],[123.79567591351821,-16.22359666125324],[123.78847576951534,-16.210056057001154],[123.78847576951534,-16.22359666125324],[123.77407548150961,-16.216826359127197],[123.77407548150961,-16.230366963379282],[123.78847576951534,-16.233752114442296],[123.78847576951534,-16.226981812316254],[123.79567591351821,-16.24052241656834],[123.79567591351821,-16.264218474009482],[123.78847576951534,-16.264218474009482],[123.78127562551248,-16.243907567631354],[123.78127562551248,-16.260833322946468],[123.77407548150961,-16.250677869757396],[123.76687533750669,-16.260833322946468],[123.74527490549809,-16.254063020820425],[123.73807476149517,-16.264218474009482],[123.78127562551248,-16.28452938038761],[123.79567591351821,-16.301455135702724],[123.78127562551248,-16.301455135702724],[123.79567591351821,-16.31499573995481],[123.810076201524,-16.321766042080853],[123.80287605752113,-16.30484028676574],[123.82447648952973,-16.321766042080853],[123.84607692153838,-16.325151193143867],[123.83167663353265,-16.318380891017824],[123.84607692153838,-16.31499573995481],[123.86767735354704,-16.328536344206896],[123.85327706554125,-16.328536344206896],[123.86047720954417,-16.34207694845898],[123.86767735354704,-16.33530664633294],[123.86047720954417,-16.348847250585024],[123.86767735354704,-16.35223240164804],[123.86767735354704,-16.34207694845898],[123.8748774975499,-16.345462099521995],[123.88207764155277,-16.355617552711067],[123.86767735354704,-16.36238785483711],[123.88207764155277,-16.372543308026167],[123.8748774975499,-16.37931361015221],[123.85327706554125,-16.372543308026167],[123.83887677753552,-16.355617552711067],[123.85327706554125,-16.375928459089195],[123.83887677753552,-16.382698761215238],[123.85327706554125,-16.433476027160552],[123.86767735354704,-16.447016631412637],[123.86767735354704,-16.413165120782423],[123.88207764155277,-16.416550271845438],[123.88927778555569,-16.40977996971941],[123.89647792955856,-16.42332057397148],[123.88927778555569,-16.392854214404295],[123.89647792955856,-16.392854214404295],[123.89647792955856,-16.365773005900124],[123.88207764155277,-16.35223240164804],[123.91087821756429,-16.36238785483711],[123.88927778555569,-16.34207694845898],[123.91807836156721,-16.35223240164804],[123.88927778555569,-16.33530664633294],[123.88207764155277,-16.30484028676574],[123.89647792955856,-16.308225437828767],[123.90367807356142,-16.33530664633294],[123.93967879357581,-16.35900270377408],[123.97567951359025,-16.37931361015221],[123.98287965759312,-16.37931361015221],[123.99007980159598,-16.369158156963152],[123.97567951359025,-16.34207694845898],[123.9540790815816,-16.325151193143867],[123.94687893757873,-16.30484028676574],[123.93247864957294,-16.298069984639696],[123.96127922558446,-16.281144229324596],[123.9972799455989,-16.291299682513653],[123.9972799455989,-16.281144229324596],[123.96127922558446,-16.26760362507251],[123.96127922558446,-16.260833322946468],[123.9540790815816,-16.264218474009482],[123.94687893757873,-16.260833322946468],[123.96127922558446,-16.254063020820425],[123.9540790815816,-16.25744817188344],[123.94687893757873,-16.250677869757396],[123.9540790815816,-16.247292718694382],[123.93967879357581,-16.250677869757396],[123.92527850557008,-16.230366963379282],[123.91807836156721,-16.230366963379282],[123.91087821756429,-16.210056057001154],[123.93967879357581,-16.233752114442296],[123.97567951359025,-16.243907567631354],[123.96847936958739,-16.254063020820425],[123.98287965759312,-16.247292718694382],[123.9972799455989,-16.260833322946468],[124.00448008960177,-16.254063020820425],[123.9972799455989,-16.264218474009482],[124.01168023360464,-16.25744817188344],[124.01348026960535,-16.259987035180714],[124.02608052161042,-16.254063020820425],[124.04048080961616,-16.26760362507251],[124.04048080961616,-16.277759078261568],[124.05488109762194,-16.270988776135525],[124.07648152963054,-16.270988776135525],[124.10528210564206,-16.277759078261568],[124.12688253765072,-16.281144229324596],[124.12688253765072,-16.28791453145064],[124.17728354567089,-16.308225437828767],[124.17728354567089,-16.328536344206896],[124.19168383367662,-16.34207694845898],[124.18448368967375,-16.35223240164804],[124.19168383367662,-16.355617552711067],[124.19168383367662,-16.365773005900124],[124.19888397767954,-16.35900270377408],[124.19888397767954,-16.372543308026167],[124.20608412168241,-16.382698761215238],[124.19888397767954,-16.38946906334128],[124.20608412168241,-16.386083912278252],[124.21328426568527,-16.396239365467324],[124.19888397767954,-16.40639481865638],[124.21328426568527,-16.399624516530338],[124.22048440968814,-16.419935422908466],[124.25648512970258,-16.40977996971941],[124.26368527370545,-16.413165120782423],[124.26368527370545,-16.419935422908466],[124.2852857057141,-16.413165120782423],[124.29248584971697,-16.42332057397148],[124.29968599371983,-16.416550271845438],[124.31408628172562,-16.419935422908466],[124.32848656973135,-16.416550271845438],[124.32128642572849,-16.419935422908466],[124.33568671373422,-16.430090876097523],[124.32848656973135,-16.440246329286595],[124.31408628172562,-16.440246329286595],[124.32128642572849,-16.45040178247565],[124.3068861377227,-16.45378693353868],[124.32128642572849,-16.467327537790766],[124.33568671373422,-16.457172084601694],[124.34288685773714,-16.463942386727737],[124.35008700174001,-16.45378693353868],[124.36448728974574,-16.457172084601694],[124.36448728974574,-16.447016631412637],[124.37168743374866,-16.44363148034961],[124.39328786575726,-16.44363148034961],[124.39328786575726,-16.460557235664723],[124.40048800976018,-16.469020113322305],[124.40048800976018,-16.430090876097523],[124.3860877217544,-16.416550271845438],[124.34288685773714,-16.42332057397148],[124.33568671373422,-16.419935422908466],[124.34288685773714,-16.416550271845438],[124.35008700174001,-16.38946906334128],[124.36448728974574,-16.37931361015221],[124.3860877217544,-16.345462099521995],[124.40048800976018,-16.35223240164804],[124.40768815376305,-16.372543308026167],[124.4292885857717,-16.365773005900124],[124.4292885857717,-16.392854214404295],[124.4508890177803,-16.38946906334128],[124.4508890177803,-16.40977996971941],[124.4940898817976,-16.403009667593366],[124.4940898817976,-16.413165120782423],[124.50129002580047,-16.399624516530338],[124.51569031380626,-16.40977996971941],[124.60209204184082,-16.413165120782423],[124.74609492189842,-16.38946906334128],[124.83969679393584,-16.433476027160552],[124.91889837796754,-16.419935422908466],[124.91889837796754,-16.38946906334128],[124.90449808996175,-16.416550271845438],[124.88289765795315,-16.40977996971941],[124.87569751395023,-16.416550271845438],[124.83249664993298,-16.40977996971941],[124.81089621792432,-16.416550271845438],[124.78929578591567,-16.386083912278252],[124.72449448988976,-16.372543308026167],[124.7172943458869,-16.355617552711067],[124.69569391387824,-16.345462099521995],[124.67409348186959,-16.348847250585024],[124.5732914658293,-16.328536344206896],[124.50849016980334,-16.34207694845898],[124.47968959379182,-16.355617552711067],[124.47968959379182,-16.345462099521995],[124.46528930578609,-16.34207694845898],[124.45808916178322,-16.35223240164804],[124.42208844176878,-16.35900270377408],[124.41488829776591,-16.355617552711067],[124.40768815376305,-16.33530664633294],[124.39328786575726,-16.338691797395953],[124.40768815376305,-16.29468483357668],[124.40048800976018,-16.298069984639696],[124.3860877217544,-16.277759078261568],[124.40048800976018,-16.274373927198553],[124.40768815376305,-16.250677869757396],[124.40048800976018,-16.23713726550531],[124.37888757775153,-16.226981812316254],[124.37888757775153,-16.216826359127197],[124.40048800976018,-16.20328575487511],[124.3860877217544,-16.189745150623025],[124.40048800976018,-16.182974848496983],[124.40048800976018,-16.169434244244897],[124.4292885857717,-16.182974848496983],[124.43648872977457,-16.179589697433954],[124.4508890177803,-16.122042129362598],[124.44368887377743,-16.111886676173526],[124.4508890177803,-16.111886676173526],[124.44368887377743,-16.064494561291227],[124.4508890177803,-16.078035165543312],[124.46528930578609,-16.078035165543312],[124.46528930578609,-16.07126486341727],[124.47968959379182,-16.078035165543312],[124.47968959379182,-16.094960920858426],[124.45808916178322,-16.10173122298447],[124.48688973779474,-16.122042129362598],[124.51569031380626,-16.16604909318187],[124.51569031380626,-16.17281939530791],[124.50129002580047,-16.182974848496983],[124.50129002580047,-16.189745150623025],[124.51569031380626,-16.17620454637094],[124.50849016980334,-16.206670905938125],[124.51569031380626,-16.179589697433954],[124.52289045780913,-16.19313030168604],[124.52289045780913,-16.189745150623025],[124.53009060181199,-16.189745150623025],[124.52289045780913,-16.179589697433954],[124.53729074581486,-16.182974848496983],[124.53009060181199,-16.162663942118854],[124.54449088981778,-16.159278791055826],[124.55889117782351,-16.11865697829957],[124.60209204184082,-16.12881243148864],[124.64529290585807,-16.09834607192144],[124.63089261785234,-16.091575769795398],[124.62369247384942,-16.09834607192144],[124.61649232984655,-16.088190618732384],[124.60929218584369,-16.111886676173526],[124.5948918978379,-16.115271827236555],[124.58769175383503,-16.108501525110512],[124.58049160983217,-16.023872748534984],[124.5948918978379,-16.027257899598],[124.58049160983217,-16.000176691093827],[124.58769175383503,-15.996791540030813],[124.58769175383503,-15.973095482589656],[124.61649232984655,-15.983250935778727],[124.6380927618552,-15.983250935778727],[124.63089261785234,-16.000176691093827],[124.64529290585807,-15.99002123790477],[124.6380927618552,-15.979865784715699],[124.60209204184082,-15.969710331526642],[124.61649232984655,-15.962940029400599],[124.5948918978379,-15.966325180463613],[124.5948918978379,-15.94262912302247],[124.60929218584369,-15.946014274085485],[124.60929218584369,-15.925703367707357],[124.62369247384942,-15.922318216644342],[124.61649232984655,-15.912162763455271],[124.62369247384942,-15.905392461329228],[124.60209204184082,-15.898622159203185],[124.60929218584369,-15.891851857077143],[124.63089261785234,-15.881696403888085],[124.65249304986094,-15.854615195383914],[124.66689333786672,-15.861385497509957],[124.68129362587246,-15.888466706014128],[124.68849376987538,-15.881696403888085],[124.68129362587246,-15.878311252825071],[124.67409348186959,-15.861385497509957],[124.68849376987538,-15.858000346446943],[124.68129362587246,-15.847844893257871],[124.71009420188398,-15.841074591131829],[124.70289405788111,-15.813993382627658],[124.7388947778955,-15.8207636847537],[124.70289405788111,-15.783527023060472],[124.70289405788111,-15.769986418808386],[124.7172943458869,-15.769986418808386],[124.71009420188398,-15.763216116682344],[124.70289405788111,-15.766601267745358],[124.68849376987538,-15.766601267745358],[124.69569391387824,-15.769986418808386],[124.69569391387824,-15.783527023060472],[124.67409348186959,-15.783527023060472],[124.68129362587246,-15.769986418808386],[124.70289405788111,-15.739520059241187],[124.68849376987538,-15.74629036136723],[124.65969319386386,-15.780141871997444],[124.63089261785234,-15.790297325186515],[124.62369247384942,-15.786912174123486],[124.63089261785234,-15.797067627312558],[124.60929218584369,-15.810608231564643],[124.5732914658293,-15.861385497509957],[124.53009060181199,-15.956169727274556],[124.52289045780913,-15.973095482589656],[124.51569031380626,-15.969710331526642],[124.51569031380626,-15.979865784715699],[124.50129002580047,-15.996791540030813],[124.48688973779474,-15.986636086841742],[124.4940898817976,-15.976480633652685],[124.50129002580047,-15.976480633652685],[124.4940898817976,-15.95955487833757],[124.4940898817976,-15.94262912302247],[124.50849016980334,-15.946014274085485],[124.51569031380626,-15.935858820896428],[124.50849016980334,-15.929088518770385],[124.50129002580047,-15.935858820896428],[124.50129002580047,-15.929088518770385],[124.4940898817976,-15.935858820896428],[124.48688973779474,-15.918933065581314],[124.47968959379182,-15.94262912302247],[124.47968959379182,-15.898622159203185],[124.47248944978895,-15.8850815549511],[124.47968959379182,-15.891851857077143],[124.50129002580047,-15.888466706014128],[124.48688973779474,-15.888466706014128],[124.48688973779474,-15.8850815549511],[124.47248944978895,-15.874926101762043],[124.48688973779474,-15.868155799636],[124.47248944978895,-15.868155799636],[124.47968959379182,-15.864770648572986],[124.45808916178322,-15.854615195383914],[124.45808916178322,-15.817378533690686],[124.45808916178322,-15.810608231564643],[124.4508890177803,-15.830919137942772],[124.44368887377743,-15.827533986879743],[124.43648872977457,-15.871540950699028],[124.4292885857717,-15.868155799636],[124.42208844176878,-15.847844893257871],[124.41488829776591,-15.878311252825071],[124.40768815376305,-15.864770648572986],[124.40768815376305,-15.807223080501615],[124.3860877217544,-15.719209152863058],[124.39328786575726,-15.732749757115144],[124.40048800976018,-15.725979454989075],[124.40048800976018,-15.698898246484944],[124.39328786575726,-15.678587340106816],[124.3860877217544,-15.671817037980773],[124.37888757775153,-15.678587340106816],[124.37168743374866,-15.671817037980773],[124.37888757775153,-15.661661584791702],[124.3860877217544,-15.668431886917745],[124.39328786575726,-15.661661584791702],[124.40048800976018,-15.685357642232859],[124.41488829776591,-15.68197249116983],[124.41488829776591,-15.63796552735056],[124.42208844176878,-15.668431886917745],[124.4292885857717,-15.675202189043787],[124.4292885857717,-15.66504673585473],[124.44368887377743,-15.668431886917745],[124.44368887377743,-15.654891282665659],[124.45808916178322,-15.654891282665659],[124.43648872977457,-15.644735829476602],[124.43648872977457,-15.624424923098474],[124.4508890177803,-15.604114016720345],[124.4508890177803,-15.614269469909402],[124.45808916178322,-15.60749916778336],[124.4508890177803,-15.59057341246826],[124.4508890177803,-15.600728865657317],[124.43648872977457,-15.60749916778336],[124.4292885857717,-15.587188261405231],[124.41200824016477,-15.606145107358165],[124.4292885857717,-15.573647657153145],[124.42208844176878,-15.56010705290106],[124.4292885857717,-15.56010705290106],[124.41488829776591,-15.549951599712003],[124.42208844176878,-15.539796146522932],[124.43648872977457,-15.546566448648974],[124.44368887377743,-15.529640693333874],[124.45808916178322,-15.539796146522932],[124.46528930578609,-15.533025844396889],[124.46528930578609,-15.512714938018775],[124.47248944978895,-15.505944635892732],[124.47248944978895,-15.502559484829703],[124.48688973779474,-15.49578918270366],[124.4940898817976,-15.516100089081789],[124.50849016980334,-15.52625554227086],[124.50129002580047,-15.516100089081789],[124.50849016980334,-15.502559484829703],[124.50129002580047,-15.505944635892732],[124.4940898817976,-15.485633729514603],[124.46528930578609,-15.505944635892732],[124.45808916178322,-15.509329786955746],[124.45808916178322,-15.499174333766689],[124.44368887377743,-15.505944635892732],[124.47968959379182,-15.47886342738856],[124.50129002580047,-15.475478276325532],[124.50849016980334,-15.482248578451575],[124.50849016980334,-15.46870797419949],[124.51569031380626,-15.46870797419949],[124.52289045780913,-15.485633729514603],[124.53009060181199,-15.47886342738856],[124.53009060181199,-15.485633729514603],[124.55169103382065,-15.492404031640646],[124.55169103382065,-15.502559484829703],[124.58049160983217,-15.499174333766689],[124.58049160983217,-15.519485240144817],[124.5948918978379,-15.522870391207832],[124.60209204184082,-15.505944635892732],[124.61649232984655,-15.502559484829703],[124.62369247384942,-15.516100089081789],[124.61649232984655,-15.519485240144817],[124.63089261785234,-15.52625554227086],[124.63089261785234,-15.516100089081789],[124.62369247384942,-15.512714938018775],[124.6380927618552,-15.502559484829703],[124.62369247384942,-15.499174333766689],[124.62369247384942,-15.472093125262518],[124.61649232984655,-15.465322823136475],[124.63089261785234,-15.461937672073446],[124.63089261785234,-15.438241614632304],[124.64529290585807,-15.424701010380218],[124.65249304986094,-15.434856463569275],[124.64529290585807,-15.434856463569275],[124.64529290585807,-15.461937672073446],[124.66689333786672,-15.482248578451575],[124.67409348186959,-15.47886342738856],[124.67409348186959,-15.499174333766689],[124.68129362587246,-15.47886342738856],[124.68849376987538,-15.482248578451575],[124.68129362587246,-15.472093125262518],[124.68849376987538,-15.46870797419949],[124.68849376987538,-15.455167369947404],[124.67409348186959,-15.461937672073446],[124.67409348186959,-15.45178221888439],[124.66689333786672,-15.428086161443233],[124.68849376987538,-15.414545557191147],[124.68129362587246,-15.411160406128133],[124.67409348186959,-15.401004952939061],[124.72449448988976,-15.377308895497919],[124.72449448988976,-15.363768291245833],[124.74609492189842,-15.360383140182805],[124.72449448988976,-15.360383140182805],[124.72449448988976,-15.353612838056776],[124.70289405788111,-15.360383140182805],[124.70289405788111,-15.343457384867705],[124.68849376987538,-15.35699798911979],[124.66689333786672,-15.360383140182805],[124.65969319386386,-15.353612838056776],[124.65969319386386,-15.346842535930733],[124.67409348186959,-15.346842535930733],[124.65969319386386,-15.336687082741662],[124.65969319386386,-15.326531629552605],[124.66689333786672,-15.333301931678648],[124.67409348186959,-15.323146478489576],[124.68849376987538,-15.333301931678648],[124.71009420188398,-15.319761327426562],[124.69569391387824,-15.30960587423749],[124.69569391387824,-15.296065269985405],[124.66689333786672,-15.296065269985405],[124.68129362587246,-15.289294967859362],[124.67409348186959,-15.279139514670305],[124.68129362587246,-15.268984061481234],[124.67409348186959,-15.268984061481234],[124.67409348186959,-15.255443457229148],[124.68129362587246,-15.255443457229148],[124.68129362587246,-15.26559891041822],[124.70289405788111,-15.279139514670305],[124.70289405788111,-15.252058306166134],[124.76769535390702,-15.302835572111448],[124.76049520990415,-15.326531629552605],[124.7388947778955,-15.343457384867705],[124.75329506590128,-15.353612838056776],[124.76049520990415,-15.333301931678648],[124.7820956419128,-15.31299102530052],[124.7820956419128,-15.296065269985405],[124.81089621792432,-15.30960587423749],[124.81809636192719,-15.323146478489576],[124.83249664993298,-15.326531629552605],[124.83969679393584,-15.323146478489576],[124.82529650593011,-15.31299102530052],[124.84689693793871,-15.299450421048434],[124.84175397793666,-15.31154024627352],[124.83969679393584,-15.31299102530052],[124.84113682273642,-15.31299102530052],[124.83969679393584,-15.316376176363534],[124.84689693793871,-15.32991678061562],[124.84689693793871,-15.336687082741662],[124.83969679393584,-15.34007223380469],[124.84689693793871,-15.353612838056776],[124.8612972259445,-15.350227686993748],[124.8612972259445,-15.360383140182805],[124.87569751395023,-15.343457384867705],[124.89009780195602,-15.35699798911979],[124.90449808996175,-15.360383140182805],[124.91169823396467,-15.37392374443489],[124.93329866597327,-15.37392374443489],[124.94049880997619,-15.390849499750004],[124.9260985219704,-15.387464348686976],[124.9260985219704,-15.394234650813019],[124.94769895397906,-15.394234650813019],[124.94049880997619,-15.384079197623961],[124.94769895397906,-15.384079197623961],[124.96929938598771,-15.42131585931719],[124.97649952999058,-15.411160406128133],[124.97649952999058,-15.42131585931719],[125.0053001060021,-15.441626765695318],[125.0053001060021,-15.448397067821361],[124.98369967399344,-15.46870797419949],[124.95489909798192,-15.475478276325532],[124.95489909798192,-15.47886342738856],[124.95489909798192,-15.489018880577618],[124.96209924198479,-15.47886342738856],[124.98369967399344,-15.475478276325532],[124.96209924198479,-15.489018880577618],[124.97649952999058,-15.492404031640646],[124.98369967399344,-15.482248578451575],[124.98369967399344,-15.485633729514603],[124.99809996199923,-15.475478276325532],[124.99809996199923,-15.49578918270366],[125.0053001060021,-15.475478276325532],[125.01250025000496,-15.472093125262518],[125.01250025000496,-15.47886342738856],[125.01970039400783,-15.472093125262518],[125.02690053801075,-15.485633729514603],[125.01970039400783,-15.505944635892732],[125.01250025000496,-15.519485240144817],[125.0053001060021,-15.516100089081789],[125.01250025000496,-15.522870391207832],[125.0053001060021,-15.529640693333874],[125.01250025000496,-15.529640693333874],[125.01970039400783,-15.522870391207832],[125.02690053801075,-15.52625554227086],[125.01970039400783,-15.516100089081789],[125.02690053801075,-15.512714938018775],[125.03410068201362,-15.516100089081789],[125.03410068201362,-15.505944635892732],[125.04130082601648,-15.499174333766689],[125.04130082601648,-15.512714938018775],[125.04850097001935,-15.49578918270366],[125.05570111402227,-15.499174333766689],[125.04130082601648,-15.485633729514603],[125.04850097001935,-15.472093125262518],[125.06290125802514,-15.461937672073446],[125.09170183403666,-15.461937672073446],[125.12050241004818,-15.485633729514603],[125.12050241004818,-15.492404031640646],[125.1349026980539,-15.49578918270366],[125.14210284205683,-15.509329786955746],[125.17810356207121,-15.533025844396889],[125.19970399407987,-15.54318129758596],[125.22850457009139,-15.573647657153145],[125.29186583731669,-15.60343698650773],[125.2789055781115,-15.587188261405231],[125.28610572211443,-15.583803110342217],[125.27170543410864,-15.587188261405231],[125.25730514610291,-15.580417959279188],[125.22850457009139,-15.553336750775017],[125.22850457009139,-15.539796146522932],[125.2141042820856,-15.553336750775017],[125.18530370607408,-15.522870391207832],[125.1493029860597,-15.49578918270366],[125.14210284205683,-15.482248578451575],[125.09890197803952,-15.461937672073446],[125.08450169003379,-15.445011916758347],[125.08450169003379,-15.441626765695318],[125.070101402028,-15.441626765695318],[125.08450169003379,-15.411160406128133],[125.08450169003379,-15.377308895497919],[125.09170183403666,-15.370538593371876],[125.09170183403666,-15.353612838056776],[125.11330226604531,-15.34007223380469],[125.1349026980539,-15.34007223380469],[125.14210284205683,-15.333301931678648],[125.1493029860597,-15.333301931678648],[125.14210284205683,-15.32991678061562],[125.14210284205683,-15.326531629552605],[125.15650313006256,-15.323146478489576],[125.16370327406543,-15.319761327426562],[125.15650313006256,-15.319761327426562],[125.16370327406543,-15.316376176363534],[125.16370327406543,-15.30960587423749],[125.15650313006256,-15.316376176363534],[125.15650313006256,-15.306220723174476],[125.1493029860597,-15.323146478489576],[125.14210284205683,-15.316376176363534],[125.12770255405104,-15.326531629552605],[125.12050241004818,-15.32991678061562],[125.09170183403666,-15.336687082741662],[125.09890197803952,-15.319761327426562],[125.11330226604531,-15.319761327426562],[125.11330226604531,-15.31299102530052],[125.09890197803952,-15.31299102530052],[125.11330226604531,-15.302835572111448],[125.09890197803952,-15.302835572111448],[125.11330226604531,-15.29268011892239],[125.09890197803952,-15.299450421048434],[125.09890197803952,-15.289294967859362],[125.10610212204239,-15.262213759355191],[125.09890197803952,-15.285909816796348],[125.09800196003916,-15.283370953499077],[125.09170183403666,-15.289294967859362],[125.08450169003379,-15.28252466573332],[125.08450169003379,-15.289294967859362],[125.07730154603087,-15.289294967859362],[125.09170183403666,-15.29268011892239],[125.08450169003379,-15.31299102530052],[125.06290125802514,-15.316376176363534],[125.05570111402227,-15.302835572111448],[125.04130082601648,-15.302835572111448],[125.03410068201362,-15.296065269985405],[125.04850097001935,-15.28252466573332],[125.03410068201362,-15.289294967859362],[125.03410068201362,-15.275754363607277],[125.02690053801075,-15.299450421048434],[124.98369967399344,-15.319761327426562],[124.97649952999058,-15.32991678061562],[124.91889837796754,-15.35699798911979],[124.89729794595888,-15.34007223380469],[124.89729794595888,-15.333301931678648],[124.90449808996175,-15.336687082741662],[124.90449808996175,-15.32991678061562],[124.90449808996175,-15.316376176363534],[124.89009780195602,-15.326531629552605],[124.88289765795315,-15.316376176363534],[124.89729794595888,-15.306220723174476],[124.88289765795315,-15.30960587423749],[124.87569751395023,-15.302835572111448],[124.89729794595888,-15.272369212544262],[124.90449808996175,-15.268984061481234],[124.90449808996175,-15.255443457229148],[124.91169823396467,-15.255443457229148],[124.91169823396467,-15.272369212544262],[124.9260985219704,-15.268984061481234],[124.91889837796754,-15.255443457229148],[124.93329866597327,-15.248673155103106],[124.91889837796754,-15.245288004040091],[124.93329866597327,-15.231747399788006],[124.9260985219704,-15.228362248724977],[124.95489909798192,-15.224977097661963],[124.96929938598771,-15.211436493409877],[124.97649952999058,-15.221591946598934],[124.96929938598771,-15.228362248724977],[124.98369967399344,-15.224977097661963],[125.0053001060021,-15.241902852977063],[125.0053001060021,-15.224977097661963],[125.01970039400783,-15.214821644472892],[125.01970039400783,-15.21820679553592],[125.02690053801075,-15.197895889157792],[125.04850097001935,-15.18774043596872],[125.04130082601648,-15.177584982779663],[125.06290125802514,-15.180970133842678],[125.05570111402227,-15.164044378527578],[125.04850097001935,-15.167429529590606],[125.04850097001935,-15.157274076401535],[125.01970039400783,-15.17081468065362],[125.01970039400783,-15.157274076401535],[125.01250025000496,-15.15388892533852],[125.0053001060021,-15.164044378527578],[125.01250025000496,-15.174199831716649],[124.99089981799631,-15.197895889157792],[124.98369967399344,-15.191125587031749],[124.99809996199923,-15.160659227464564],[124.98369967399344,-15.177584982779663],[124.98369967399344,-15.167429529590606],[124.97649952999058,-15.177584982779663],[124.97649952999058,-15.167429529590606],[124.96929938598771,-15.164044378527578],[124.96929938598771,-15.184355284905706],[124.96209924198479,-15.194510738094763],[124.96929938598771,-15.208051342346849],[124.94049880997619,-15.197895889157792],[124.93329866597327,-15.18774043596872],[124.94049880997619,-15.204666191283835],[124.93329866597327,-15.208051342346849],[124.94049880997619,-15.214821644472892],[124.9260985219704,-15.224977097661963],[124.91889837796754,-15.214821644472892],[124.91889837796754,-15.228362248724977],[124.90449808996175,-15.241902852977063],[124.91169823396467,-15.238517701914049],[124.90449808996175,-15.245288004040091],[124.87569751395023,-15.262213759355191],[124.89009780195602,-15.231747399788006],[124.86849736994736,-15.245288004040091],[124.86849736994736,-15.221591946598934],[124.88289765795315,-15.208051342346849],[124.86849736994736,-15.204666191283835],[124.8612972259445,-15.194510738094763],[124.89729794595888,-15.174199831716649],[124.85409708194163,-15.184355284905706],[124.8612972259445,-15.167429529590606],[124.84689693793871,-15.177584982779663],[124.84689693793871,-15.174199831716649],[124.83969679393584,-15.184355284905706],[124.84689693793871,-15.164044378527578],[124.83249664993298,-15.157274076401535],[124.86849736994736,-15.14373347214945],[124.86849736994736,-15.12680771683435],[124.87569751395023,-15.130192867897364],[124.89009780195602,-15.113267112582264],[124.90449808996175,-15.116652263645278],[124.91169823396467,-15.106496810456221],[124.91889837796754,-15.116652263645278],[124.9260985219704,-15.109881961519235],[124.94049880997619,-15.12680771683435],[124.95489909798192,-15.113267112582264],[124.94769895397906,-15.123422565771321],[124.96209924198479,-15.120037414708307],[124.97649952999058,-15.136963170023407],[124.98369967399344,-15.12680771683435],[124.98369967399344,-15.133578018960392],[124.99089981799631,-15.113267112582264],[124.99809996199923,-15.123422565771321],[124.99809996199923,-15.106496810456221],[125.0053001060021,-15.103111659393193],[125.01250025000496,-15.092956206204136],[125.02690053801075,-15.113267112582264],[125.04850097001935,-15.076030450889021],[125.02690053801075,-15.065874997699964],[125.03410068201362,-15.052334393447879],[125.01970039400783,-15.045564091321836],[125.02690053801075,-15.03202348706975],[125.01250025000496,-15.035408638132765],[125.02690053801075,-15.02186803388068],[125.01970039400783,-15.008327429628594],[125.02690053801075,-14.991401674313494],[125.01250025000496,-14.984631372187451],[125.02690053801075,-14.984631372187451],[125.03410068201362,-14.994786825376522],[125.04130082601648,-14.984631372187451],[125.05570111402227,-14.998171976439536],[125.05570111402227,-14.98801652325048],[125.07730154603087,-14.974475918998394],[125.07730154603087,-14.984631372187451],[125.09170183403666,-14.98801652325048],[125.05570111402227,-15.028638336006722],[125.070101402028,-15.042178940258808],[125.08450169003379,-15.042178940258808],[125.070101402028,-15.065874997699964],[125.09890197803952,-15.065874997699964],[125.09890197803952,-15.055719544510893],[125.10610212204239,-15.03202348706975],[125.12770255405104,-15.042178940258808],[125.1349026980539,-15.059104695573922],[125.12770255405104,-15.059104695573922],[125.12050241004818,-15.092956206204136],[125.1349026980539,-15.103111659393193],[125.14210284205683,-15.133578018960392],[125.16370327406543,-15.150503774275492],[125.17090341806835,-15.130192867897364],[125.22130442608847,-15.120037414708307],[125.2141042820856,-15.116652263645278],[125.22130442608847,-15.113267112582264],[125.22130442608847,-15.106496810456221],[125.22850457009139,-15.113267112582264],[125.22850457009139,-15.103111659393193],[125.24290485809712,-15.103111659393193],[125.26450529010577,-15.099726508330178],[125.26450529010577,-15.113267112582264],[125.27170543410864,-15.113267112582264],[125.2789055781115,-15.09634135726715],[125.2933058661173,-15.099726508330178],[125.2789055781115,-15.14373347214945],[125.30770615412303,-15.14373347214945],[125.30770615412303,-15.150503774275492],[125.32210644212881,-15.15388892533852],[125.33650673013454,-15.164044378527578],[125.32930658613168,-15.147118623212478],[125.34370687413747,-15.14373347214945],[125.36530730614606,-15.157274076401535],[125.37970759415185,-15.14373347214945],[125.40850817016337,-15.157274076401535],[125.44450889017776,-15.147118623212478],[125.48050961019214,-15.15388892533852],[125.48050961019214,-15.14373347214945],[125.47330946618928,-15.150503774275492],[125.45170903418062,-15.136963170023407],[125.48050961019214,-15.140348321086435],[125.48050961019214,-15.133578018960392],[125.39410788215758,-15.130192867897364],[125.37250745014899,-15.116652263645278],[125.37970759415185,-15.113267112582264],[125.3581071621432,-15.109881961519235],[125.37970759415185,-15.109881961519235],[125.37250745014899,-15.103111659393193],[125.4013080261605,-15.086185904078093],[125.4013080261605,-15.062489846636936],[125.37250745014899,-15.072645299826007],[125.36530730614606,-15.062489846636936],[125.37250745014899,-15.052334393447879],[125.38690773815472,-15.055719544510893],[125.4013080261605,-15.042178940258808],[125.40850817016337,-15.04894924238485],[125.43010860217203,-15.025253184943708],[125.45890917818355,-15.015097731754636],[125.45890917818355,-15.001557127502565],[125.47330946618928,-15.00494227856558],[125.48050961019214,-14.998171976439536],[125.47330946618928,-15.001557127502565],[125.47330946618928,-14.991401674313494],[125.45170903418062,-15.001557127502565],[125.45170903418062,-15.008327429628594],[125.44450889017776,-14.998171976439536],[125.44450889017776,-15.015097731754636],[125.4229084581691,-15.02186803388068],[125.40850817016337,-14.998171976439536],[125.40850817016337,-15.025253184943708],[125.38690773815472,-15.03202348706975],[125.36530730614606,-14.991401674313494],[125.36530730614606,-15.00494227856558],[125.35090701814033,-15.008327429628594],[125.34370687413747,-15.001557127502565],[125.33650673013454,-15.001557127502565],[125.33650673013454,-14.98801652325048],[125.32210644212881,-15.00494227856558],[125.30050601012016,-14.994786825376522],[125.30050601012016,-15.00494227856558],[125.2933058661173,-14.994786825376522],[125.28610572211443,-14.998171976439536],[125.2789055781115,-14.977861070061408],[125.2933058661173,-14.977861070061408],[125.30770615412303,-14.960935314746308],[125.28610572211443,-14.964320465809323],[125.27170543410864,-14.960935314746308],[125.26450529010577,-14.974475918998394],[125.25730514610291,-14.977861070061408],[125.25010500209999,-14.964320465809323],[125.26450529010577,-14.947394710494223],[125.25730514610291,-14.944009559431194],[125.24290485809712,-14.944009559431194],[125.23570471409425,-14.964320465809323],[125.22850457009139,-14.960935314746308],[125.22850457009139,-14.967705616872351],[125.22130442608847,-14.964320465809323],[125.22130442608847,-14.971090767935365],[125.2141042820856,-14.971090767935365],[125.20690413808273,-14.947394710494223],[125.2141042820856,-14.950779861557237],[125.2141042820856,-14.944009559431194],[125.22130442608847,-14.947394710494223],[125.22130442608847,-14.930468955179109],[125.22850457009139,-14.923698653053066],[125.23570471409425,-14.930468955179109],[125.22850457009139,-14.920313501990051],[125.23570471409425,-14.923698653053066],[125.24290485809712,-14.913543199864009],[125.25730514610291,-14.927083804116094],[125.25730514610291,-14.900002595611923],[125.27170543410864,-14.933854106242137],[125.28610572211443,-14.927083804116094],[125.2933058661173,-14.937239257305151],[125.30770615412303,-14.920313501990051],[125.2933058661173,-14.903387746674937],[125.30050601012016,-14.896617444548895],[125.30770615412303,-14.91015804880098],[125.30770615412303,-14.889847142422852],[125.31490629812595,-14.900002595611923],[125.32210644212881,-14.896617444548895],[125.31490629812595,-14.886461991359837],[125.33650673013454,-14.879691689233795],[125.30770615412303,-14.883076840296809],[125.30770615412303,-14.869536236044723],[125.2933058661173,-14.876306538170766],[125.28610572211443,-14.852610480729624],[125.27170543410864,-14.869536236044723],[125.27170543410864,-14.852610480729624],[125.26450529010577,-14.86615108498171],[125.25730514610291,-14.852610480729624],[125.25010500209999,-14.872921387107752],[125.23570471409425,-14.86615108498171],[125.25010500209999,-14.83568472541451],[125.24290485809712,-14.832299574351495],[125.22850457009139,-14.855995631792638],[125.22130442608847,-14.849225329666595],[125.22130442608847,-14.86615108498171],[125.20690413808273,-14.86615108498171],[125.20690413808273,-14.842455027540552],[125.19970399407987,-14.842455027540552],[125.19970399407987,-14.832299574351495],[125.18530370607408,-14.83568472541451],[125.18530370607408,-14.825529272225452],[125.19250385007695,-14.828914423288467],[125.19250385007695,-14.805218365847324],[125.20690413808273,-14.791677761595238],[125.19970399407987,-14.784907459469196],[125.19250385007695,-14.791677761595238],[125.19250385007695,-14.781522308406181],[125.19250385007695,-14.774752006280139],[125.16370327406543,-14.791677761595238],[125.17090341806835,-14.778137157343153],[125.15650313006256,-14.767981704154096],[125.1493029860597,-14.774752006280139],[125.14210284205683,-14.747670797775967],[125.1493029860597,-14.751055948838982],[125.15650313006256,-14.730745042460853],[125.19250385007695,-14.747670797775967],[125.18530370607408,-14.737515344586896],[125.19250385007695,-14.737515344586896],[125.18530370607408,-14.727359891397839],[125.17810356207121,-14.710434136082725],[125.19970399407987,-14.70704898501971],[125.19970399407987,-14.69689353183064],[125.2141042820856,-14.720589589271796],[125.2141042820856,-14.70704898501971],[125.2141042820856,-14.693508380767625],[125.2141042820856,-14.669812323326468],[125.22130442608847,-14.666427172263454],[125.22130442608847,-14.676582625452511],[125.23570471409425,-14.659656870137411],[125.24290485809712,-14.683352927578554],[125.24290485809712,-14.676582625452511],[125.26450529010577,-14.693508380767625],[125.27170543410864,-14.690123229704596],[125.25730514610291,-14.669812323326468],[125.26450529010577,-14.669812323326468],[125.25730514610291,-14.656271719074383],[125.27170543410864,-14.656271719074383],[125.27170543410864,-14.659656870137411],[125.2789055781115,-14.652886568011368],[125.30770615412303,-14.649501416948354],[125.28610572211443,-14.622420208444183],[125.2789055781115,-14.639345963759283],[125.25730514610291,-14.629190510570226],[125.25010500209999,-14.612264755255111],[125.25730514610291,-14.61564990631814],[125.25730514610291,-14.598724151003026],[125.26450529010577,-14.588568697813969],[125.27170543410864,-14.595338999940012],[125.27710554211079,-14.582644683453683],[125.2789055781115,-14.581798395687926],[125.27794555891113,-14.58067001200025],[125.2789055781115,-14.578413244624898],[125.30050601012016,-14.578413244624898],[125.30050601012016,-14.55810233824677],[125.32930658613168,-14.58518354675094],[125.32930658613168,-14.55810233824677],[125.33650673013454,-14.554717187183755],[125.35090701814033,-14.564872640372812],[125.35090701814033,-14.544561733994684],[125.34370687413747,-14.53779143186864],[125.34370687413747,-14.52086567655354],[125.36530730614606,-14.507325072301455],[125.3581071621432,-14.551332036120726],[125.37250745014899,-14.564872640372812],[125.3581071621432,-14.58518354675094],[125.37250745014899,-14.58518354675094],[125.37250745014899,-14.575028093561883],[125.38690773815472,-14.56825779143584],[125.39410788215758,-14.575028093561883],[125.39410788215758,-14.564872640372812],[125.4013080261605,-14.571642942498855],[125.4013080261605,-14.547946885057712],[125.40850817016337,-14.544561733994684],[125.40850817016337,-14.56825779143584],[125.41570831416624,-14.564872640372812],[125.41570831416624,-14.578413244624898],[125.4229084581691,-14.58518354675094],[125.41570831416624,-14.602109302066054],[125.43010860217203,-14.602109302066054],[125.43730874617489,-14.612264755255111],[125.43010860217203,-14.629190510570226],[125.43010860217203,-14.642731114822311],[125.45170903418062,-14.622420208444183],[125.43730874617489,-14.595338999940012],[125.46610932218641,-14.605494453129069],[125.45170903418062,-14.578413244624898],[125.46610932218641,-14.575028093561883],[125.47330946618928,-14.564872640372812],[125.48050961019214,-14.56825779143584],[125.46610932218641,-14.55810233824677],[125.46610932218641,-14.534406280805626],[125.48050961019214,-14.531021129742598],[125.49490989819793,-14.561487489309798],[125.49490989819793,-14.531021129742598],[125.48770975419507,-14.52086567655354],[125.51651033020659,-14.514095374427498],[125.5183103662073,-14.51071022336447],[125.53091061821232,-14.51071022336447],[125.53091061821232,-14.52086567655354],[125.53811076221518,-14.51071022336447],[125.55971119422384,-14.514095374427498],[125.55971119422384,-14.531021129742598],[125.5453109062181,-14.534406280805626],[125.5453109062181,-14.547946885057712],[125.53091061821232,-14.544561733994684],[125.53811076221518,-14.564872640372812],[125.55251105022097,-14.55810233824677],[125.55971119422384,-14.564872640372812],[125.5669113382267,-14.55810233824677],[125.60291205824115,-14.561487489309798],[125.57411148222963,-14.547946885057712],[125.58131162623249,-14.527635978679584],[125.59571191423822,-14.53779143186864],[125.60291205824115,-14.517480525490512],[125.61011220224401,-14.51071022336447],[125.60291205824115,-14.497169619112384],[125.58851177023536,-14.507325072301455],[125.59571191423822,-14.497169619112384],[125.58851177023536,-14.49378446804937],[125.60291205824115,-14.49378446804937],[125.59571191423822,-14.459932957419156],[125.60291205824115,-14.459932957419156],[125.60291205824115,-14.432851748914985],[125.62451249024974,-14.412540842536856],[125.61731234624688,-14.395615087221756],[125.62451249024974,-14.385459634032685],[125.61011220224401,-14.388844785095714],[125.61011220224401,-14.375304180843628],[125.58851177023536,-14.368533878717585],[125.58851177023536,-14.358378425528514],[125.60291205824115,-14.344837821276428],[125.58131162623249,-14.321141763835286],[125.58131162623249,-14.304216008520171],[125.59571191423822,-14.273749648952986],[125.58131162623249,-14.2602090447009],[125.57411148222963,-14.2602090447009],[125.59571191423822,-14.2432832893858],[125.61011220224401,-14.263594195763929],[125.60291205824115,-14.2432832893858],[125.59571191423822,-14.236512987259758],[125.61011220224401,-14.2432832893858],[125.63171263425266,-14.23312783619673],[125.63171263425266,-14.239898138322772],[125.62451249024974,-14.2432832893858],[125.63891277825553,-14.246668440448815],[125.63891277825553,-14.266979346826943],[125.6461129222584,-14.2602090447009],[125.6461129222584,-14.2432832893858],[125.65331306626126,-14.266979346826943],[125.66771335426705,-14.263594195763929],[125.66771335426705,-14.287290253205072],[125.69651393027857,-14.294060555331114],[125.70371407428144,-14.304216008520171],[125.71811436228722,-14.287290253205072],[125.71811436228722,-14.277134800016015],[125.73251465029296,-14.280519951079029],[125.71811436228722,-14.297445706394143],[125.72531450629009,-14.310986310646214],[125.71091421828436,-14.314371461709243],[125.71091421828436,-14.327912065961328],[125.69651393027857,-14.3245269148983],[125.70371407428144,-14.334682368087371],[125.72531450629009,-14.3245269148983],[125.71811436228722,-14.334682368087371],[125.72531450629009,-14.341452670213414],[125.70371407428144,-14.341452670213414],[125.69651393027857,-14.348222972339457],[125.69651393027857,-14.344837821276428],[125.66771335426705,-14.331297217024343],[125.66051321026418,-14.334682368087371],[125.67491349826992,-14.344837821276428],[125.66771335426705,-14.358378425528514],[125.67491349826992,-14.351608123402471],[125.67491349826992,-14.358378425528514],[125.66771335426705,-14.368533878717585],[125.68211364227284,-14.3719190297806],[125.68211364227284,-14.378689331906642],[125.66771335426705,-14.378689331906642],[125.66771335426705,-14.385459634032685],[125.66051321026418,-14.378689331906642],[125.65331306626126,-14.385459634032685],[125.66771335426705,-14.419311144662899],[125.66051321026418,-14.426081446788942],[125.66051321026418,-14.443007202104056],[125.67491349826992,-14.453162655293113],[125.67491349826992,-14.470088410608227],[125.68211364227284,-14.470088410608227],[125.6893137862757,-14.500554770175413],[125.67491349826992,-14.524250827616555],[125.67491349826992,-14.55810233824677],[125.65331306626126,-14.602109302066054],[125.6461129222584,-14.649501416948354],[125.66771335426705,-14.608879604192097],[125.71091421828436,-14.487014165923327],[125.73251465029296,-14.476858712734256],[125.74691493829874,-14.483629014860298],[125.7685153703074,-14.473473561671241],[125.77571551431026,-14.480243863797284],[125.78291565831313,-14.466703259545199],[125.79731594631892,-14.466703259545199],[125.79731594631892,-14.44639235316707],[125.80451609032178,-14.443007202104056],[125.81891637832751,-14.453162655293113],[125.80451609032178,-14.480243863797284],[125.85491709834196,-14.456547806356141],[125.86211724234482,-14.473473561671241],[125.82611652233044,-14.480243863797284],[125.81891637832751,-14.497169619112384],[125.84771695433903,-14.534406280805626],[125.82611652233044,-14.54117658293167],[125.84771695433903,-14.564872640372812],[125.8333166663333,-14.56825779143584],[125.8333166663333,-14.58518354675094],[125.84771695433903,-14.591953848876983],[125.85491709834196,-14.612264755255111],[125.87651753035055,-14.605494453129069],[125.88371767435348,-14.622420208444183],[125.89811796235921,-14.622420208444183],[125.912518250365,-14.663042021200425],[125.91971839436786,-14.639345963759283],[125.92691853837073,-14.646116265885325],[125.91971839436786,-14.649501416948354],[125.9341186823736,-14.646116265885325],[125.92691853837073,-14.639345963759283],[125.9341186823736,-14.642731114822311],[125.92691853837073,-14.63257566163324],[125.9341186823736,-14.608879604192097],[125.91971839436786,-14.581798395687926],[125.90531810636207,-14.575028093561883],[125.90531810636207,-14.564872640372812],[125.91971839436786,-14.551332036120726],[125.91971839436786,-14.53779143186864],[125.9341186823736,-14.531021129742598],[125.94851897037938,-14.53779143186864],[125.94851897037938,-14.524250827616555],[125.95571911438225,-14.531021129742598],[125.96291925838511,-14.52086567655354],[125.97011940238804,-14.544561733994684],[125.98451969039377,-14.54117658293167],[125.99891997839956,-14.554717187183755],[126.01332026640529,-14.534406280805626],[126.00612012240242,-14.524250827616555],[126.01332026640529,-14.52086567655354],[126.04212084241681,-14.53779143186864],[126.04932098641967,-14.531021129742598],[126.04212084241681,-14.507325072301455],[126.0565211304226,-14.503939921238427],[126.04212084241681,-14.49378446804937],[126.04932098641967,-14.473473561671241],[126.03492069841394,-14.470088410608227],[126.02772055441108,-14.456547806356141],[126.02052041040815,-14.412540842536856],[125.98451969039377,-14.419311144662899],[125.9773195463909,-14.392229936158728],[125.99171983439663,-14.402385389347799],[125.99891997839956,-14.395615087221756],[126.00612012240242,-14.39900023828477],[126.01332026640529,-14.388844785095714],[126.02052041040815,-14.378689331906642],[126.02772055441108,-14.38207448296967],[126.04932098641967,-14.358378425528514],[126.07092141842833,-14.361763576591542],[126.07812156243119,-14.351608123402471],[126.08532170643412,-14.358378425528514],[126.08532170643412,-14.351608123402471],[126.08532170643412,-14.341452670213414],[126.07092141842833,-14.344837821276428],[126.07092141842833,-14.3245269148983],[126.08532170643412,-14.331297217024343],[126.09252185043698,-14.3245269148983],[126.07812156243119,-14.321141763835286],[126.08532170643412,-14.304216008520171],[126.07092141842833,-14.297445706394143],[126.0565211304226,-14.253438742574858],[126.07812156243119,-14.23312783619673],[126.09972199443985,-14.239898138322772],[126.09252185043698,-14.2432832893858],[126.13572271445423,-14.23312783619673],[126.14292285845715,-14.219587231944644],[126.13572271445423,-14.202661476629544],[126.15012300246002,-14.209431778755587],[126.15732314646289,-14.175580268125373],[126.14292285845715,-14.158654512810259],[126.17172343446867,-14.145113908558173],[126.15012300246002,-14.141728757495159],[126.15012300246002,-14.124803002180045],[126.13572271445423,-14.118032700054016],[126.12852257045137,-14.097721793675888],[126.10692213844271,-14.07741088729776],[126.08532170643412,-14.087566340486816],[126.06372127442546,-14.07402573623473],[126.03492069841394,-14.09433664261286],[126.00612012240242,-14.070640585171716],[125.99171983439663,-14.067255434108688],[125.99171983439663,-14.050329678793588],[125.9773195463909,-14.040174225604517],[125.98451969039377,-14.016478168163374],[125.97011940238804,-13.99955241284826],[125.98451969039377,-13.989396959659203],[125.98451969039377,-14.006322714974303],[126.01332026640529,-14.026633621352431],[126.00612012240242,-14.040174225604517],[126.01332026640529,-14.063870283045674],[126.02772055441108,-14.033403923478474],[126.02772055441108,-14.016478168163374],[126.04212084241681,-14.026633621352431],[126.03492069841394,-14.036789074541502],[126.0565211304226,-14.026633621352431],[126.04212084241681,-14.002937563911289],[126.02052041040815,-13.996167261785246],[126.03492069841394,-13.989396959659203],[126.04212084241681,-13.992782110722217],[126.03492069841394,-13.98262665753316],[126.06372127442546,-13.989396959659203],[126.07812156243119,-14.040174225604517],[126.08532170643412,-14.033403923478474],[126.09972199443985,-14.040174225604517],[126.08532170643412,-14.019863319226388],[126.09252185043698,-14.013093017100346],[126.09252185043698,-14.006322714974303],[126.09972199443985,-13.99955241284826],[126.08532170643412,-13.986011808596174],[126.10692213844271,-13.975856355407117],[126.09972199443985,-13.972471204344089],[126.08532170643412,-13.98262665753316],[126.08532170643412,-13.969086053281075],[126.04932098641967,-13.955545449028989],[126.04932098641967,-13.948775146902946],[126.03492069841394,-13.942004844776903],[126.02772055441108,-13.931849391587846],[126.02052041040815,-13.938619693713889],[126.01332026640529,-13.925079089461804],[126.04212084241681,-13.921693938398775],[126.04932098641967,-13.942004844776903],[126.06372127442546,-13.942004844776903],[126.06372127442546,-13.928464240524818],[126.09252185043698,-13.894612729894604],[126.09972199443985,-13.901383032020647],[126.08532170643412,-13.921693938398775],[126.10692213844271,-13.91830878733576],[126.08532170643412,-13.945389995839932],[126.10692213844271,-13.925079089461804],[126.13572271445423,-13.945389995839932],[126.13572271445423,-13.91830878733576],[126.15732314646289,-13.914923636272732],[126.15012300246002,-13.925079089461804],[126.16452329046575,-13.925079089461804],[126.15012300246002,-13.948775146902946],[126.13572271445423,-13.948775146902946],[126.12852257045137,-13.965700902218046],[126.14292285845715,-13.958930600092003],[126.15732314646289,-13.969086053281075],[126.12852257045137,-13.986011808596174],[126.13572271445423,-13.989396959659203],[126.12852257045137,-13.99955241284826],[126.10692213844271,-14.013093017100346],[126.10692213844271,-14.026633621352431],[126.12852257045137,-14.026633621352431],[126.11412228244563,-14.019863319226388],[126.1861237224744,-13.969086053281075],[126.21492429848593,-13.969086053281075],[126.22212444248879,-13.989396959659203],[126.19332386647727,-13.979241506470132],[126.15732314646289,-13.996167261785246],[126.14292285845715,-14.016478168163374],[126.15732314646289,-14.019863319226388],[126.17172343446867,-14.009707866037331],[126.1861237224744,-14.016478168163374],[126.2005240104802,-13.99955241284826],[126.2005240104802,-14.013093017100346],[126.22212444248879,-14.016478168163374],[126.22212444248879,-14.026633621352431],[126.21492429848593,-14.043559376667545],[126.15732314646289,-14.05709998091963],[126.15012300246002,-14.067255434108688],[126.15012300246002,-14.080796038360774],[126.15732314646289,-14.067255434108688],[126.19332386647727,-14.067255434108688],[126.17172343446867,-14.080796038360774],[126.16452329046575,-14.097721793675888],[126.16452329046575,-14.114647548990988],[126.17892357847154,-14.090951491549845],[126.21492429848593,-14.07741088729776],[126.20772415448306,-14.090951491549845],[126.22212444248879,-14.111262397927973],[126.21492429848593,-14.114647548990988],[126.21492429848593,-14.12141785111703],[126.17892357847154,-14.131573304306087],[126.1861237224744,-14.141728757495159],[126.20772415448306,-14.134958455369116],[126.1861237224744,-14.165424814936301],[126.19332386647727,-14.182350570251415],[126.20772415448306,-14.175580268125373],[126.20772415448306,-14.18573572131443],[126.24372487449745,-14.175580268125373],[126.23652473049458,-14.18573572131443],[126.25092501850031,-14.18573572131443],[126.23652473049458,-14.199276325566515],[126.25092501850031,-14.209431778755587],[126.23652473049458,-14.202661476629544],[126.21492429848593,-14.236512987259758],[126.22932458649171,-14.236512987259758],[126.24372487449745,-14.222972383007672],[126.25092501850031,-14.239898138322772],[126.27252545050897,-14.219587231944644],[126.27252545050897,-14.236512987259758],[126.27972559451183,-14.21620208088163],[126.30132602652048,-14.23312783619673],[126.31572631452627,-14.202661476629544],[126.31572631452627,-14.199276325566515],[126.32292645852914,-14.206046627692558],[126.33732674653487,-14.192506023440473],[126.35892717854352,-14.189120872377458],[126.35172703454066,-14.178965419188387],[126.32292645852914,-14.158654512810259],[126.32292645852914,-14.141728757495159],[126.30852617052335,-14.155269361747244],[126.30132602652048,-14.13834360643213],[126.29412588251762,-14.13834360643213],[126.31572631452627,-14.118032700054016],[126.31572631452627,-14.097721793675888],[126.3445268905378,-14.097721793675888],[126.3445268905378,-14.060485131982645],[126.33732674653487,-14.050329678793588],[126.37332746654931,-14.043559376667545],[126.39492789855791,-14.050329678793588],[126.38772775455504,-14.036789074541502],[126.39492789855791,-14.016478168163374],[126.42372847456943,-14.013093017100346],[126.43812876257522,-13.98262665753316],[126.44532890657808,-14.002937563911289],[126.45252905058095,-14.006322714974303],[126.48852977059539,-13.996167261785246],[126.49572991459826,-13.975856355407117],[126.49572991459826,-13.958930600092003],[126.51013020260399,-13.965700902218046],[126.53893077861551,-13.93523454265086],[126.5533310666213,-13.95216029796596],[126.56773135462709,-13.945389995839932],[126.56773135462709,-13.955545449028989],[126.53893077861551,-13.965700902218046],[126.51013020260399,-14.009707866037331],[126.48852977059539,-14.009707866037331],[126.48852977059539,-14.03001877241546],[126.49572991459826,-14.04694452773056],[126.48132962659247,-14.04694452773056],[126.45252905058095,-14.084181189423802],[126.45252905058095,-14.10449209580193],[126.48132962659247,-14.111262397927973],[126.48132962659247,-14.097721793675888],[126.49572991459826,-14.097721793675888],[126.51013020260399,-14.087566340486816],[126.51733034660691,-14.07402573623473],[126.52453049060978,-14.080796038360774],[126.52453049060978,-14.090951491549845],[126.50293005860112,-14.101106944738902],[126.49572991459826,-14.131573304306087],[126.51733034660691,-14.148499059621201],[126.51733034660691,-14.158654512810259],[126.53893077861551,-14.148499059621201],[126.5533310666213,-14.151884210684216],[126.56773135462709,-14.13834360643213],[126.57493149862995,-14.155269361747244],[126.56053121062416,-14.16880996599933],[126.56773135462709,-14.195891174503501],[126.56773135462709,-14.212816929818601],[126.56773135462709,-14.21620208088163],[126.57493149862995,-14.229742685133715],[126.60373207464147,-14.236512987259758],[126.61093221864434,-14.199276325566515],[126.60373207464147,-14.178965419188387],[126.63253265065299,-14.192506023440473],[126.65413308266164,-14.172195117062344],[126.64693293865872,-14.13834360643213],[126.66133322666451,-14.114647548990988],[126.64693293865872,-14.07741088729776],[126.66133322666451,-14.07741088729776],[126.68293365867316,-14.10449209580193],[126.69013380267603,-14.090951491549845],[126.68293365867316,-14.131573304306087],[126.6973339466789,-14.134958455369116],[126.71893437868755,-14.12141785111703],[126.71893437868755,-14.10449209580193],[126.71173423468468,-14.101106944738902],[126.71893437868755,-14.090951491549845],[126.73333466669328,-14.090951491549845],[126.7405348106962,-14.070640585171716],[126.72613452269042,-14.063870283045674],[126.7621352427048,-14.050329678793588],[126.74773495469907,-14.03001877241546],[126.75493509870194,-14.016478168163374],[126.75493509870194,-14.009707866037331],[126.7405348106962,-14.013093017100346],[126.72613452269042,-14.03001877241546],[126.70453409068176,-14.019863319226388],[126.6973339466789,-13.99955241284826],[126.70453409068176,-13.972471204344089],[126.72613452269042,-13.996167261785246],[126.75493509870194,-13.992782110722217],[126.74773495469907,-13.972471204344089],[126.76933538670772,-13.975856355407117],[126.76933538670772,-13.98262665753316],[126.78373567471345,-13.969086053281075],[126.79813596271924,-13.972471204344089],[126.79093581871632,-13.975856355407117],[126.79093581871632,-13.98262665753316],[126.79813596271924,-13.975856355407117],[126.80533610672211,-13.986011808596174],[126.79093581871632,-13.989396959659203],[126.79813596271924,-13.992782110722217],[126.81253625072497,-13.98262665753316],[126.81253625072497,-13.99955241284826],[126.81973639472784,-13.98262665753316],[126.8413368267365,-13.972471204344089],[126.87733754675088,-13.98262665753316],[126.8845376907538,-13.99955241284826],[126.9061381227624,-13.986011808596174],[126.86293725874515,-13.945389995839932],[126.8413368267365,-13.938619693713889],[126.8413368267365,-13.928464240524818],[126.80533610672211,-13.931849391587846],[126.81253625072497,-13.91830878733576],[126.79813596271924,-13.884457276705547],[126.76933538670772,-13.86076121926439],[126.75493509870194,-13.826909708634176],[126.7621352427048,-13.806598802256048],[126.7405348106962,-13.793058198003962],[126.76933538670772,-13.776132442688862],[126.75493509870194,-13.78628789587792],[126.76933538670772,-13.78628789587792],[126.7621352427048,-13.793058198003962],[126.77653553071059,-13.782902744814905],[126.79093581871632,-13.789673046940948],[126.79093581871632,-13.776132442688862],[126.81973639472784,-13.76936214056282],[126.81973639472784,-13.782902744814905],[126.83413668273363,-13.78628789587792],[126.82693653873076,-13.809983953319076],[126.8413368267365,-13.816754255445119],[126.84853697073936,-13.79644334906699],[126.87013740274801,-13.799828500130005],[126.84853697073936,-13.776132442688862],[126.84853697073936,-13.759206687373762],[126.87013740274801,-13.762591838436776],[126.87013740274801,-13.75243638524772],[126.8845376907538,-13.74905123418469],[126.89893797875953,-13.759206687373762],[126.89893797875953,-13.765976989499805],[126.92053841076819,-13.76936214056282],[126.92053841076819,-13.776132442688862],[126.94213884277684,-13.765976989499805],[126.91333826676532,-13.742280932058648],[126.95653913078257,-13.74905123418469],[126.96373927478544,-13.742280932058648],[126.97093941878836,-13.75243638524772],[126.9853397067941,-13.755821536310734],[126.97813956279123,-13.762591838436776],[126.9853397067941,-13.78628789587792],[126.99973999479988,-13.789673046940948],[126.99973999479988,-13.793058198003962],[127.01414028280561,-13.79644334906699],[127.01414028280561,-13.78628789587792],[127.0285405708114,-13.803213651193033],[127.01414028280561,-13.803213651193033],[127.00694013880275,-13.823524557571162],[127.0285405708114,-13.816754255445119],[127.0285405708114,-13.826909708634176],[127.03574071481427,-13.833680010760219],[127.05014100282,-13.806598802256048],[127.05734114682292,-13.826909708634176],[127.04294085881713,-13.833680010760219],[127.04294085881713,-13.847220615012304],[127.05734114682292,-13.847220615012304],[127.07174143482865,-13.837065161823247],[127.07894157883152,-13.840450312886261],[127.07894157883152,-13.853990917138347],[127.06454129082579,-13.864146370327418],[127.07894157883152,-13.870916672453461],[127.05734114682292,-13.90815333414669],[127.07174143482865,-13.894612729894604],[127.10054201084017,-13.884457276705547],[127.10054201084017,-13.904768183083675],[127.10774215484304,-13.914923636272732],[127.10054201084017,-13.914923636272732],[127.0933418668373,-13.928464240524818],[127.10774215484304,-13.925079089461804],[127.11494229884596,-13.93523454265086],[127.10774215484304,-13.945389995839932],[127.12214244284883,-13.948775146902946],[127.11494229884596,-13.962315751155032],[127.11494229884596,-13.969086053281075],[127.12934258685169,-13.965700902218046],[127.14374287485748,-13.98262665753316],[127.14374287485748,-13.965700902218046],[127.15094301886035,-13.965700902218046],[127.15094301886035,-13.955545449028989],[127.15814316286321,-13.93523454265086],[127.17974359487187,-13.925079089461804],[127.16534330686608,-13.91830878733576],[127.172543450869,-13.911538485209718],[127.1941438828776,-13.904768183083675],[127.1941438828776,-13.921693938398775],[127.18694373887473,-13.938619693713889],[127.18694373887473,-13.955545449028989],[127.1941438828776,-13.958930600092003],[127.20134402688052,-13.945389995839932],[127.20854417088339,-13.972471204344089],[127.21574431488625,-13.965700902218046],[127.20854417088339,-13.955545449028989],[127.20854417088339,-13.945389995839932],[127.23014460289204,-13.942004844776903],[127.2373447468949,-13.90815333414669],[127.24454489089777,-13.901383032020647],[127.25174503490064,-13.90815333414669],[127.26614532290643,-13.901383032020647],[127.28054561091216,-13.91830878733576],[127.27334546690929,-13.938619693713889],[127.28774575491508,-13.93523454265086],[127.3165463309266,-13.962315751155032],[127.33094661893233,-13.962315751155032],[127.34534690693812,-13.955545449028989],[127.34534690693812,-13.938619693713889],[127.33094661893233,-13.93523454265086],[127.32374647492946,-13.914923636272732],[127.34534690693812,-13.90815333414669],[127.35974719494385,-13.90815333414669],[127.35974719494385,-13.91830878733576],[127.37414748294964,-13.928464240524818],[127.37414748294964,-13.938619693713889],[127.39574791495824,-13.938619693713889],[127.41014820296402,-13.962315751155032],[127.43174863497268,-13.942004844776903],[127.42454849096981,-13.965700902218046],[127.44614892297841,-13.972471204344089],[127.43894877897554,-13.979241506470132],[127.45334906698133,-13.979241506470132],[127.45334906698133,-13.989396959659203],[127.46774935498706,-13.99955241284826],[127.44614892297841,-14.023248470289417],[127.4605492109842,-14.036789074541502],[127.45334906698133,-14.05709998091963],[127.47494949898993,-14.063870283045674],[127.48214964299285,-14.084181189423802],[127.49654993099858,-14.060485131982645],[127.50375007500145,-14.07402573623473],[127.51815036300724,-14.07402573623473],[127.51095021900437,-14.067255434108688],[127.5253505070101,-14.070640585171716],[127.51095021900437,-14.087566340486816],[127.51815036300724,-14.09433664261286],[127.51815036300724,-14.084181189423802],[127.53975079501589,-14.087566340486816],[127.5253505070101,-14.12141785111703],[127.54695093901876,-14.101106944738902],[127.54695093901876,-14.111262397927973],[127.55415108302162,-14.10449209580193],[127.59015180303601,-14.145113908558173],[127.61895237904753,-14.145113908558173],[127.62615252305045,-14.162039663873287],[127.64775295505905,-14.16880996599933],[127.63335266705332,-14.178965419188387],[127.6693533870677,-14.189120872377458],[127.66215324306484,-14.209431778755587],[127.67655353107057,-14.212816929818601],[127.6693533870677,-14.222972383007672],[127.68375367507349,-14.212816929818601],[127.69095381907636,-14.23312783619673],[127.69095381907636,-14.2432832893858],[127.68375367507349,-14.236512987259758],[127.68375367507349,-14.2432832893858],[127.71255425108501,-14.253438742574858],[127.71975439508788,-14.277134800016015],[127.74135482709653,-14.280519951079029],[127.7341546830936,-14.287290253205072],[127.76295525910513,-14.304216008520171],[127.77735554711091,-14.334682368087371],[127.77735554711091,-14.344837821276428],[127.76295525910513,-14.351608123402471],[127.76295525910513,-14.368533878717585],[127.78455569111378,-14.351608123402471],[127.79175583511665,-14.388844785095714],[127.79895597911957,-14.392229936158728],[127.80615612312243,-14.38207448296967],[127.8133562671253,-14.402385389347799],[127.82055641112817,-14.395615087221756],[127.82775655513109,-14.402385389347799],[127.82055641112817,-14.439622051041027],[127.83495669913395,-14.453162655293113],[127.84935698713969,-14.483629014860298],[127.8781575631512,-14.470088410608227],[127.88535770715413,-14.483629014860298],[127.89975799515986,-14.503939921238427],[127.92855857117138,-14.503939921238427],[127.95015900318003,-14.524250827616555],[127.95015900318003,-14.531021129742598],[127.93575871517425,-14.531021129742598],[127.94295885917717,-14.544561733994684],[127.92855857117138,-14.55810233824677],[127.95015900318003,-14.571642942498855],[127.95015900318003,-14.58518354675094],[127.96455929118576,-14.591953848876983],[127.98615972319442,-14.578413244624898],[127.99335986719728,-14.554717187183755],[128.0005600112002,-14.571642942498855],[128.02936058721173,-14.578413244624898],[128.07256145122898,-14.619035057381154],[128.07256145122898,-14.649501416948354],[128.08696173923477,-14.646116265885325],[128.08696173923477,-14.639345963759283],[128.1013620272405,-14.656271719074383],[128.13016260325202,-14.663042021200425],[128.13736274725488,-14.676582625452511],[128.13016260325202,-14.686738078641582],[128.15176303526067,-14.686738078641582],[128.15896317926354,-14.70704898501971],[128.18776375527506,-14.713819287145753],[128.20216404328085,-14.70704898501971],[128.22376447528944,-14.720589589271796],[128.21656433128658,-14.734130193523882],[128.22376447528944,-14.740900495649925],[128.21656433128658,-14.75444109990201],[128.20216404328085,-14.737515344586896],[128.1805636112722,-14.744285646712939],[128.17336346726933,-14.791677761595238],[128.19496389927792,-14.828914423288467],[128.19496389927792,-14.839069876477538],[128.15176303526067,-14.842455027540552],[128.1157623152463,-14.86276593391868],[128.12296245924915,-14.869536236044723],[128.13736274725488,-14.869536236044723],[128.10856217124336,-14.947394710494223],[128.1157623152463,-14.994786825376522],[128.1013620272405,-15.011712580691622],[128.1013620272405,-15.038793789195793],[128.09416188323763,-15.045564091321836],[128.1013620272405,-15.065874997699964],[128.09416188323763,-15.069260148762979],[128.07256145122898,-15.103111659393193],[128.08696173923477,-15.15388892533852],[128.1013620272405,-15.167429529590606],[128.09416188323763,-15.214821644472892],[128.07976159523184,-15.231747399788006],[128.08696173923477,-15.238517701914049],[128.07976159523184,-15.258828608292177],[128.09416188323763,-15.28252466573332],[128.0653613072261,-15.302835572111448],[128.04376087521746,-15.289294967859362],[128.04376087521746,-15.29268011892239],[128.0653613072261,-15.31299102530052],[128.0653613072261,-15.336687082741662],[128.08696173923477,-15.367153442308847],[128.08696173923477,-15.390849499750004],[128.07976159523184,-15.434856463569275],[128.05096101922032,-15.47886342738856],[128.0221604432088,-15.49578918270366],[127.99335986719728,-15.512714938018775],[128.0005600112002,-15.519485240144817],[128.01496029920594,-15.502559484829703],[128.0653613072261,-15.492404031640646],[128.09416188323763,-15.46870797419949],[128.1157623152463,-15.428086161443233],[128.12296245924915,-15.37392374443489],[128.13016260325202,-15.29268011892239],[128.1157623152463,-15.258828608292177],[128.1013620272405,-15.248673155103106],[128.1157623152463,-15.23513255085102],[128.10856217124336,-15.208051342346849],[128.13016260325202,-15.184355284905706],[128.18776375527506,-15.228362248724977],[128.25976519530388,-15.306220723174476],[128.25256505130096,-15.316376176363534],[128.28136562731254,-15.346842535930733],[128.28136562731254,-15.390849499750004],[128.29576591531827,-15.431471312506261],[128.29576591531827,-15.458552521010432],[128.31016620332406,-15.414545557191147],[128.29576591531827,-15.401004952939061],[128.29576591531827,-15.363768291245833],[128.30296605932114,-15.319761327426562],[128.28136562731254,-15.279139514670305],[128.23816476329523,-15.248673155103106],[128.22376447528944,-15.204666191283835],[128.22376447528944,-15.130192867897364],[128.19496389927792,-15.092956206204136],[128.23096461929237,-15.001557127502565],[128.26696533930675,-14.981246221124437],[128.2885657713154,-14.974475918998394],[128.31016620332406,-14.994786825376522],[128.3245664913298,-15.035408638132765],[128.33176663533266,-15.035408638132765],[128.31736634732692,-14.994786825376522],[128.29576591531827,-14.967705616872351],[128.29576591531827,-14.937239257305151],[128.31736634732692,-14.927083804116094],[128.3245664913298,-14.933854106242137],[128.3245664913298,-14.974475918998394],[128.36056721134418,-15.065874997699964],[128.37496749934996,-15.062489846636936],[128.36056721134418,-15.042178940258808],[128.36056721134418,-14.991401674313494],[128.38216764335283,-15.001557127502565],[128.41096821936435,-15.03202348706975],[128.3893677873557,-14.998171976439536],[128.34616692333844,-14.967705616872351],[128.36056721134418,-14.886461991359837],[128.3677673553471,-14.889847142422852],[128.40376807536148,-14.937239257305151],[128.41816836336722,-14.950779861557237],[128.432568651373,-14.981246221124437],[128.44696893937873,-15.001557127502565],[128.45416908338166,-14.994786825376522],[128.43976879537587,-14.974475918998394],[128.41816836336722,-14.927083804116094],[128.41816836336722,-14.903387746674937],[128.40376807536148,-14.879691689233795],[128.41816836336722,-14.883076840296809],[128.47576951539025,-14.95755016368328],[128.50457009140177,-14.977861070061408],[128.5117702354047,-15.015097731754636],[128.51897037940756,-15.015097731754636],[128.50457009140177,-14.974475918998394],[128.4685693713874,-14.930468955179109],[128.47576951539025,-14.91015804880098],[128.4685693713874,-14.889847142422852],[128.42536850737014,-14.842455027540552],[128.39656793135862,-14.822144121162438],[128.38216764335283,-14.822144121162438],[128.39656793135862,-14.805218365847324],[128.41816836336722,-14.795062912658267],[128.43976879537587,-14.811988667973367],[128.4685693713874,-14.798448063721281],[128.47576951539025,-14.784907459469196],[128.48296965939318,-14.791677761595238],[128.50457009140177,-14.781522308406181],[128.5333706674133,-14.788292610532224],[128.52617052341043,-14.781522308406181],[128.54777095541908,-14.767981704154096],[128.55497109942195,-14.781522308406181],[128.59097181943633,-14.798448063721281],[128.58377167543347,-14.808603516910352],[128.59817196343926,-14.80183321478431],[128.62697253945078,-14.805218365847324],[128.62697253945078,-14.798448063721281],[128.60537210744212,-14.788292610532224],[128.612572251445,-14.788292610532224],[128.6773735474709,-14.795062912658267],[128.7205744114882,-14.815373819036395],[128.7205744114882,-14.825529272225452],[128.73497469949393,-14.839069876477538],[128.77817556351124,-14.839069876477538],[128.77097541950837,-14.852610480729624],[128.77817556351124,-14.84584017860358],[128.7853757075141,-14.859380782855666],[128.79257585151697,-14.852610480729624],[128.79257585151697,-14.859380782855666],[128.80697613952276,-14.855995631792638],[128.8213764275285,-14.86615108498171],[128.8285765715314,-14.855995631792638],[128.8285765715314,-14.86276593391868],[128.83577671553428,-14.859380782855666],[128.90777815556305,-14.855995631792638],[128.91497829956597,-14.859380782855666],[128.91497829956597,-14.86276593391868],[128.9293785875717,-14.872921387107752],[128.95097901958036,-14.872921387107752],[128.9653793075861,-14.883076840296809],[128.972579451589,-14.876306538170766],[129.00138002760053,-14.879691689233795],[129.00138002760053,-31.686966717134347],[128.89337786755732,-31.71743307670154],[128.7061741234824,-31.808832155403117],[128.6413728274565,-31.849453968159366],[128.55497109942195,-31.876535176663538],[128.4973699473989,-31.91038668729375],[128.31736634732692,-31.97808970855418],[128.0221604432088,-32.07287393831877],[127.70535410708209,-32.13719180851618],[127.58295165903314,-32.174428470209406],[127.54695093901876,-32.19135422552451],[127.51815036300724,-32.21505028296566],[127.45334906698133,-32.221820585091706],[127.32374647492946,-32.25567209572192],[127.21574431488625,-32.27598300210005],[127.08614172283444,-32.27936815316307],[126.95653913078257,-32.29629390847818],[126.76933538670772,-32.292908757415155],[126.73333466669328,-32.30644936166724],[126.67573351467024,-32.30983451273026],[126.42372847456943,-32.28275330422609],[126.2005240104802,-32.23197603828077],[126.15732314646289,-32.23874634040681],[126.07812156243119,-32.27598300210005],[126.03492069841394,-32.269212699974005],[125.94851897037938,-32.289523606352134],[125.80451609032178,-32.36738208080162],[125.53091061821232,-32.55018023820477],[125.48770975419507,-32.56033569139383],[125.43730874617489,-32.58403174883498],[125.31490629812595,-32.60772780627613],[125.22850457009139,-32.641579316906345],[125.09890197803952,-32.71605264029281],[125.02690053801075,-32.729593244544894],[124.99089981799631,-32.76344475517511],[124.9260985219704,-32.7939111147423],[124.89729794595888,-32.831147776435536],[124.81089621792432,-32.87176958919179],[124.7388947778955,-32.89885079769596],[124.39328786575726,-32.94962806364128],[124.3068861377227,-32.98009442320847],[124.2420848416968,-33.017331084901706],[124.15568311366223,-33.09518955935119],[124.0980819616392,-33.176433184863704],[124.07648152963054,-33.25090650825017],[123.9972799455989,-33.42693436352727],[123.97567951359025,-33.55895525498511],[123.93247864957294,-33.575881010300215],[123.93247864957294,-33.58603646348927],[123.8748774975499,-33.59957706774136],[123.86767735354704,-33.619887974119486],[123.8748774975499,-33.63342857837157],[123.810076201524,-33.663894937938764],[123.77407548150961,-33.69774644856898],[123.75967519350382,-33.72144250601013],[123.74527490549809,-33.7654494698294],[123.75247504950096,-33.782375225144506],[123.76687533750669,-33.79591582939659],[123.74527490549809,-33.80945643364868],[123.70927418548365,-33.81622673577472],[123.69487389747792,-33.83315249108983],[123.65887317746353,-33.84669309534191],[123.63727274545488,-33.877159454909105],[123.57247144942897,-33.88731490809817],[123.55807116142319,-33.9076258144763],[123.55087101742032,-33.927936720854426],[123.53647072941453,-33.941477325106504],[123.51487029740593,-33.941477325106504],[123.50767015340301,-33.92116641872838],[123.47166943338863,-33.9076258144763],[123.41406828136559,-33.89408521022421],[123.37086741734834,-33.89747036128723],[123.32766655333103,-33.91778126766536],[123.32766655333103,-33.93470702298046],[123.29886597731951,-33.95501792935859],[123.30606612132237,-33.96178823148463],[123.28446568931378,-33.97871398679974],[123.27726554531085,-33.97532883573672],[123.24846496929933,-33.99902489317787],[123.22686453729074,-33.988869439988804],[123.21246424928495,-34.00241004424089],[123.16206324126478,-34.015950648492975],[123.15486309726191,-34.00918034636693],[123.16206324126478,-34.00918034636693],[123.1692633852677,-33.988869439988804],[123.14766295325904,-33.97532883573672],[123.16206324126478,-33.968558533610675],[123.16206324126478,-33.944862476169526],[123.13326266525326,-33.91778126766536],[123.14046280925618,-33.91101096553932],[123.13326266525326,-33.904240663413276],[123.08286165723308,-33.87038915278306],[123.02526050521004,-33.85684854853098],[123.00366007320144,-33.87038915278306],[123.00366007320144,-33.88392975703515],[122.98205964119279,-33.88731490809817],[122.97485949718993,-33.900855512350255],[122.967659353187,-33.89070005916119],[122.93165863317262,-33.88731490809817],[122.83085661713233,-33.91101096553932],[122.80925618512367,-33.89070005916119],[122.77325546510929,-33.877159454909105],[122.75165503310063,-33.880544605972126],[122.74445488909777,-33.89747036128723],[122.67245344906894,-33.88731490809817],[122.65085301706029,-33.89070005916119],[122.65085301706029,-33.89747036128723],[122.62205244104877,-33.89408521022421],[122.60045200904017,-33.900855512350255],[122.60045200904017,-33.91439611660234],[122.59325186503725,-33.91101096553932],[122.57885157703151,-33.91778126766536],[122.58605172103438,-33.93132187191745],[122.60045200904017,-33.93809217404348],[122.57885157703151,-33.944862476169526],[122.57885157703151,-33.95501792935859],[122.58605172103438,-33.95840308042161],[122.57165143302865,-33.96178823148463],[122.57165143302865,-33.94824762723255],[122.55725114502286,-33.944862476169526],[122.55725114502286,-33.93809217404348],[122.5356507130142,-33.93470702298046],[122.50685013700269,-33.95501792935859],[122.49964999299982,-33.93809217404348],[122.49244984899696,-33.93809217404348],[122.44204884097678,-33.91778126766536],[122.36284725694509,-33.91439611660234],[122.34844696893936,-33.92116641872838],[122.35564711294222,-33.93470702298046],[122.3268465369307,-33.927936720854426],[122.27644552891053,-33.95840308042161],[122.26924538490766,-33.968558533610675],[122.28364567291345,-33.988869439988804],[122.27644552891053,-34.00241004424089],[122.2620452409048,-33.99563974211485],[122.24764495289901,-34.00579519530391],[122.24044480889614,-33.99563974211485],[122.22604452089035,-33.988869439988804],[122.21164423288462,-34.00918034636693],[122.21164423288462,-34.00241004424089],[122.19724394487884,-33.99902489317787],[122.19724394487884,-34.00918034636693],[122.19004380087597,-34.00918034636693],[122.19004380087597,-34.015950648492975],[122.16844336886732,-34.012565497429954],[122.16844336886732,-34.00241004424089],[122.15404308086158,-34.012565497429954],[122.1396427928558,-34.00579519530391],[122.11084221684428,-34.015950648492975],[122.11084221684428,-33.99902489317787],[122.09644192883854,-34.00241004424089],[122.09644192883854,-33.992254591051825],[122.11084221684428,-33.992254591051825],[122.1180423608472,-33.97871398679974],[122.08204164083276,-33.904240663413276],[122.03164063281264,-33.84330794427889],[122.00284005680112,-33.829767340026805],[121.98843976879533,-33.829767340026805],[121.98123962479247,-33.83992279321587],[121.95963919278381,-33.83315249108983],[121.91643832876656,-33.83992279321587],[121.8948378967579,-33.86361885065702],[121.90203804076077,-33.87377430384608],[121.90923818476364,-33.86700400172004],[121.90203804076077,-33.880544605972126],[121.87323746474925,-33.877159454909105],[121.86603732074639,-33.880544605972126],[121.86603732074639,-33.89070005916119],[121.830036600732,-33.88731490809817],[121.78683573671469,-33.9076258144763],[121.75803516070317,-33.88731490809817],[121.76523530470604,-33.88731490809817],[121.69323386467727,-33.860233699594],[121.67883357667148,-33.86361885065702],[121.67163343266861,-33.87377430384608],[121.6428328566571,-33.89747036128723],[121.65003300065996,-33.88731490809817],[121.62843256865136,-33.87038915278306],[121.54923098461967,-33.826382188963784],[121.53483069661388,-33.826382188963784],[121.50603012060236,-33.83992279321587],[121.47002940058798,-33.82299703790076],[121.46282925658511,-33.829767340026805],[121.43402868057359,-33.81961188683774],[121.42682853657072,-33.829767340026805],[121.36202724054476,-33.81622673577472],[121.34762695253903,-33.81961188683774],[121.34762695253903,-33.829767340026805],[121.32602652053038,-33.82299703790076],[121.29722594451886,-33.826382188963784],[121.29722594451886,-33.83992279321587],[121.2756255125102,-33.84330794427889],[121.26842536850734,-33.850078246404934],[121.19642392847851,-33.84330794427889],[121.17482349646991,-33.877159454909105],[121.17482349646991,-33.86700400172004],[121.10282205644108,-33.850078246404934],[121.08122162443243,-33.850078246404934],[121.08122162443243,-33.86361885065702],[121.01642032840653,-33.860233699594],[121.00922018440366,-33.87377430384608],[120.93721874437483,-33.86361885065702],[120.91561831236623,-33.87038915278306],[120.90841816836331,-33.860233699594],[120.86521730434606,-33.85684854853098],[120.8436168723374,-33.86700400172004],[120.83641672833454,-33.87377430384608],[120.81481629632589,-33.88731490809817],[120.81481629632589,-33.89408521022421],[120.7788155763115,-33.88731490809817],[120.7140142802856,-33.89408521022421],[120.67081341626829,-33.88392975703515],[120.64201284025677,-33.89070005916119],[120.5916118322366,-33.88731490809817],[120.55561111222221,-33.904240663413276],[120.56281125622507,-33.92116641872838],[120.55561111222221,-33.927936720854426],[120.51961039220782,-33.93470702298046],[120.49800996019917,-33.95163277829557],[120.46920938418765,-33.95840308042161],[120.46920938418765,-33.965173382547654],[120.447608952179,-33.965173382547654],[120.43320866417326,-33.9719436846737],[120.31800636012719,-33.941477325106504],[120.23160463209263,-33.93132187191745],[120.17400348006959,-33.93470702298046],[120.12360247204941,-33.95501792935859],[120.04440088801772,-33.924551569791404],[120.00840016800333,-33.93809217404348],[119.99399987999755,-33.93470702298046],[119.98679973599468,-33.95501792935859],[119.96519930398603,-33.95501792935859],[119.94359887197743,-33.97871398679974],[119.92199843996877,-33.968558533610675],[119.84999699993995,-33.968558533610675],[119.81399627992556,-33.98209913786276],[119.78519570391404,-34.00579519530391],[119.78519570391404,-34.02610610168204],[119.74919498389966,-34.039646705934125],[119.73479469589387,-34.05995761231225],[119.71319426388527,-34.063342763375275],[119.68439368787375,-34.08026851869038],[119.64839296785931,-34.087038820816424],[119.63399267985358,-34.10057942506851],[119.64119282385644,-34.11412002932059],[119.59799195983913,-34.13443093569872],[119.57639152783054,-34.16151214420289],[119.59079181583627,-34.17166759739195],[119.53319066381323,-34.22244486333727],[119.50439008780171,-34.28676273353467],[119.48278965579306,-34.27999243140864],[119.45398907978154,-34.290147884597694],[119.46118922378446,-34.29691818672374],[119.46838936778732,-34.290147884597694],[119.48998979979598,-34.29691818672374],[119.50439008780171,-34.290147884597694],[119.49718994379884,-34.33076969735395],[119.50439008780171,-34.35785090585812],[119.52599051981036,-34.364621207984165],[119.5403908078161,-34.38154696329927],[119.56919138382762,-34.37816181223625],[119.57639152783054,-34.388317265425314],[119.54759095181902,-34.388317265425314],[119.50439008780171,-34.412013322866464],[119.47558951179019,-34.4018578696774],[119.48998979979598,-34.391702416488336],[119.48278965579306,-34.37477666117323],[119.45398907978154,-34.37816181223625],[119.4395887917758,-34.368006359047186],[119.41798835976715,-34.37477666117323],[119.3963879277585,-34.388317265425314],[119.41078821576428,-34.39508756755136],[119.38918778375563,-34.41878362499251],[119.40358807176142,-34.42555392711855],[119.3963879277585,-34.439094531370635],[119.40358807176142,-34.45263513562272],[119.41798835976715,-34.459405437748764],[119.38918778375563,-34.459405437748764],[119.38198763975277,-34.48648664625293],[119.35318706374125,-34.476331193063864],[119.36758735174698,-34.46279058881178],[119.34598691973838,-34.44586483349668],[119.28838576771534,-34.45263513562272],[119.27398547970955,-34.46956089093782],[119.28118562371242,-34.476331193063864],[119.27398547970955,-34.48987179731595],[119.28838576771534,-34.49325694837897],[119.28838576771534,-34.5135678547571],[119.27398547970955,-34.51695300582012],[119.28118562371242,-34.52372330794616],[119.26678533570669,-34.51695300582012],[119.25958519170382,-34.52033815688314],[119.2523850477009,-34.53387876113523],[119.22358447168938,-34.530493610072206],[119.23798475969517,-34.51695300582012],[119.21638432768651,-34.49664209944199],[119.18038360767213,-34.48648664625293],[119.17318346366926,-34.49325694837897],[119.1515830316606,-34.49325694837897],[119.11558231164622,-34.46956089093782],[119.07238144762891,-34.459405437748764],[119.05798115962318,-34.46279058881178],[118.9643792875857,-34.45263513562272],[118.91397827956558,-34.46279058881178],[118.8995779915598,-34.476331193063864],[118.91397827956558,-34.48648664625293],[118.90677813556266,-34.49664209944199],[118.91397827956558,-34.503412401568035],[118.85637712754254,-34.50002725050501],[118.81317626352524,-34.51018270369408],[118.7555751115022,-34.54403421432429],[118.74117482349641,-34.574500573891484],[118.74837496749933,-34.59481148026961],[118.78437568751372,-34.6083520845217],[118.7555751115022,-34.621892688773784],[118.74837496749933,-34.63881844408888],[118.71957439148781,-34.65574419940399],[118.69797395947916,-34.65574419940399],[118.66917338346764,-34.669284803656076],[118.64757295145898,-34.689595710034205],[118.61877237544746,-34.68621055897118],[118.58277165543308,-34.70652146534931],[118.56117122342442,-34.70313631428629],[118.51797035940717,-34.716676918538376],[118.43876877537548,-34.760683882357654],[118.4027680553611,-34.82500175255505],[118.39556791135817,-34.875779018500374],[118.42436848736969,-34.88254932062642],[118.42436848736969,-34.899475075941524],[118.4027680553611,-34.90624537806757],[118.4027680553611,-34.91640083125663],[118.3883677673553,-34.91640083125663],[118.3883677673553,-34.90624537806757],[118.38116762335244,-34.902860227004545],[118.33796675933513,-34.902860227004545],[118.33076661533227,-34.899475075941524],[118.33076661533227,-34.89270477381548],[118.3235664713294,-34.902860227004545],[118.30196603932075,-34.902860227004545],[118.30196603932075,-34.91301568019361],[118.2587651753035,-34.90963052913059],[118.25156503130057,-34.91640083125663],[118.22276445528905,-34.91978598231965],[118.20836416728332,-34.93332658657174],[118.20836416728332,-34.9434820397608],[118.17236344726894,-34.94009688869778],[118.17236344726894,-34.96717809720195],[118.1795635912718,-34.973948399327995],[118.19396387927753,-34.96717809720195],[118.20836416728332,-34.977333550391016],[118.21556431128619,-34.98748900358008],[118.20116402328046,-35.00441475889518],[118.20836416728332,-35.0077999099582],[118.19396387927753,-35.02472566527331],[118.18676373527467,-35.02472566527331],[118.19396387927753,-35.014570212084244],[118.1795635912718,-35.014570212084244],[118.16516330326601,-34.994259305706116],[118.10756215124297,-34.98748900358008],[118.07156143122859,-34.994259305706116],[118.0355607112142,-35.02134051421029],[118.00676013520268,-35.02134051421029],[117.99955999119982,-35.01118506102122],[117.96355927118537,-35.014570212084244],[117.94915898317964,-35.00102960783216],[117.97795955919116,-34.990874154643095],[117.9707594151883,-34.96040779507591],[117.97795955919116,-34.953637492949866],[117.94915898317964,-34.9434820397608],[117.94915898317964,-34.98071870145404],[117.94195883917678,-34.98748900358008],[117.94915898317964,-34.99764445676914],[117.92035840716812,-35.017955363147266],[117.92035840716812,-35.03488111846237],[117.86275725514508,-35.02811081633633],[117.8483569671393,-35.04503657165144],[117.85555711114216,-35.0551920248405],[117.86995739914795,-35.05857717590352],[117.88435768715368,-35.07888808228165],[117.90595811916234,-35.085658384407694],[117.92755855117099,-35.07211778015561],[117.92755855117099,-35.061962326966544],[117.9131582631652,-35.0551920248405],[117.92035840716812,-35.041651420588416],[117.92035840716812,-35.05180687377748],[117.94195883917678,-35.05857717590352],[117.93475869517385,-35.07550293121863],[117.94195883917678,-35.09242868653374],[117.97795955919116,-35.09581383759676],[117.99955999119982,-35.089043535470715],[118.02116042320841,-35.10935444184884],[118.00676013520268,-35.09919898865978],[117.97795955919116,-35.09919898865978],[117.9707594151883,-35.1025841397228],[117.9707594151883,-35.116124743974886],[117.94915898317964,-35.12966534822697],[117.94195883917678,-35.116124743974886],[117.92755855117099,-35.12289504610093],[117.90595811916234,-35.116124743974886],[117.89875797515947,-35.12289504610093],[117.88435768715368,-35.10935444184884],[117.86275725514508,-35.10935444184884],[117.84115682313643,-35.085658384407694],[117.76195523910474,-35.0551920248405],[117.71155423108456,-35.04503657165144],[117.69715394307883,-35.05180687377748],[117.68275365507304,-35.04503657165144],[117.64675293505866,-35.061962326966544],[117.65395307906152,-35.08227323334467],[117.63955279105579,-35.089043535470715],[117.62515250305,-35.112739592911865],[117.63955279105579,-35.12628019716395],[117.63955279105579,-35.13305049928999],[117.63235264705293,-35.12628019716395],[117.61075221504427,-35.13305049928999],[117.6035520710414,-35.116124743974886],[117.54595091901837,-35.08227323334467],[117.51715034300685,-35.07550293121863],[117.50995019900392,-35.08227323334467],[117.48834976699533,-35.089043535470715],[117.4811496229924,-35.07211778015561],[117.39474789495785,-35.03149596739935],[117.36594731894633,-35.017955363147266],[117.33133124200941,-35.02121031609248],[117.3371467429348,-35.03488111846237],[117.32274645492907,-35.04503657165144],[117.2723454469089,-35.02134051421029],[117.25074501490025,-35.02811081633633],[117.1931438628772,-35.017955363147266],[117.16434328686569,-35.02811081633633],[117.16434328686569,-35.04503657165144],[117.15714314286282,-35.04842172271446],[117.14994299885996,-35.061962326966544],[117.09954199083978,-35.03149596739935],[117.07074141482826,-35.03149596739935],[117.07074141482826,-35.038266269525394],[117.0635412708254,-35.02811081633633],[117.03474069481388,-35.02472566527331],[117.02034040680809,-35.03488111846237],[116.95553911078218,-35.017955363147266],[116.93393867877353,-35.03488111846237],[116.9195383907678,-35.065347478029565],[116.88353767075336,-35.04842172271446],[116.86913738274762,-35.04842172271446],[116.86193723874476,-35.0551920248405],[116.84753695073897,-35.04842172271446],[116.84753695073897,-35.041651420588416],[116.82593651873032,-35.041651420588416],[116.81153623072458,-35.02472566527331],[116.76833536670728,-35.014570212084244],[116.73953479069576,-35.02134051421029],[116.73953479069576,-35.03149596739935],[116.74673493469868,-35.038266269525394],[116.72513450269003,-35.041651420588416],[116.71073421468424,-35.02811081633633],[116.66033320666412,-35.05180687377748],[116.64593291865833,-35.04842172271446],[116.6315326306526,-35.061962326966544],[116.6315326306526,-35.04503657165144],[116.60993219864395,-35.03488111846237],[116.57393147862956,-35.03149596739935],[116.57393147862956,-35.02472566527331],[116.53073061461225,-35.00441475889518],[116.51633032660652,-35.00102960783216],[116.50193003860073,-35.014570212084244],[116.48032960659208,-35.014570212084244],[116.46592931858635,-34.994259305706116],[116.37952759055179,-34.950252341886845],[116.37232744654892,-34.93332658657174],[116.28592571851436,-34.899475075941524],[116.26432528650571,-34.879164169563396],[116.19232384647688,-34.86223841424829],[116.13472269445384,-34.84531265893318],[116.09872197443946,-34.8486978099962],[116.02672053441063,-34.83515720574412],[116.00512010240203,-34.84192750787016],[115.99791995839911,-34.831772054681096],[116.00512010240203,-34.811461148302975],[115.96191923838472,-34.760683882357654],[115.96191923838472,-34.74375812704255],[115.94751895037899,-34.7200620696014],[115.74591491829835,-34.53726391219825],[115.66671333426666,-34.479716344126885],[115.5803116062321,-34.42216877605553],[115.55871117422345,-34.415398473929486],[115.54431088621772,-34.42216877605553],[115.54431088621772,-34.415398473929486],[115.52271045420906,-34.39847271861438],[115.47950959019175,-34.38154696329927],[115.41470829416585,-34.340925150543015],[115.34270685413702,-34.317229093101865],[115.26350527010538,-34.3070736399128],[115.1699033980679,-34.32061424416489],[115.16270325406504,-34.30030333778676],[115.16270325406504,-34.32399939522791],[115.1699033980679,-34.32399939522791],[115.1699033980679,-34.35785090585812],[115.15550311006217,-34.368006359047186],[115.14110282205638,-34.368006359047186],[115.13390267805352,-34.37477666117323],[115.13390267805352,-34.364621207984165],[115.12670253405065,-34.3544657547951],[115.11950239004778,-34.340925150543015],[115.04750095001896,-34.276607280345615],[115.03310066201323,-34.26983697821957],[115.03310066201323,-34.25968152503051],[115.0259005180103,-34.252911222904466],[115.03310066201323,-34.23598546758936],[115.0259005180103,-34.22244486333727],[115.04030080601609,-34.19874880589612],[115.01870037400744,-34.13781608676174],[114.98989979799592,-34.09719427400549],[115.0043000860017,-34.08026851869038],[114.99709994199878,-34.07011306550132],[115.0043000860017,-34.015950648492975],[114.98269965399305,-33.96178823148463],[114.98989979799592,-33.95501792935859],[114.98989979799592,-33.93132187191745],[114.97549950999019,-33.86361885065702],[114.98989979799592,-33.86361885065702],[114.99709994199878,-33.850078246404934],[114.99709994199878,-33.79253067833357],[114.97549950999019,-33.69774644856898],[114.98989979799592,-33.69774644856898],[114.99709994199878,-33.67066524006481],[115.01870037400744,-33.65712463581272],[115.0259005180103,-33.63342857837157],[115.0043000860017,-33.56234040604813],[115.01150023000457,-33.555570103922086],[115.0043000860017,-33.53187404648094],[115.05470109402182,-33.54541465073302],[115.06190123802475,-33.55895525498511],[115.09070181403627,-33.56911070817417],[115.105102102042,-33.58603646348927],[115.105102102042,-33.6063473698674],[115.12670253405065,-33.62327312518251],[115.20590411808234,-33.65035433368668],[115.29950599011977,-33.6537394847497],[115.36430728614567,-33.640198880497614],[115.42910858217164,-33.60973252093042],[115.57311146222924,-33.454015572031444],[115.60191203824076,-33.410008608212166],[115.63791275825514,-33.30845407632153],[115.645112902258,-33.30168377419549],[115.63791275825514,-33.31183922738455],[115.645112902258,-33.30506892525851],[115.63791275825514,-33.318609529510596],[115.66671333426666,-33.32199468057362],[115.6595131902638,-33.318609529510596],[115.66671333426666,-33.30845407632153],[115.68111362227239,-33.27460256569132],[115.68831376627531,-33.108730163603276],[115.67391347826953,-33.0004053295866],[115.63071261425227,-32.83453292749856],[115.60911218224362,-32.665275374347495],[115.63071261425227,-32.60095750415009],[115.67391347826953,-32.56372084245685],[115.70271405428105,-32.51971387863758],[115.70991419828391,-32.51971387863758],[115.7243144862897,-32.51971387863758],[115.73871477429543,-32.502788123322475],[115.75311506230122,-32.43847025312507],[115.74591491829835,-32.404618742494854],[115.70991419828391,-32.37076723186464],[115.73871477429543,-32.3639969297386],[115.74591491829835,-32.33353057017141],[115.73151463029257,-32.30983451273026],[115.70271405428105,-32.30644936166724],[115.70271405428105,-32.28275330422609],[115.68831376627531,-32.265827548910984],[115.70991419828391,-32.27598300210005],[115.73871477429543,-32.269212699974005],[115.75311506230122,-32.24890179359588],[115.75311506230122,-32.22520573615473],[115.77471549430987,-32.194739376587535],[115.76751535030695,-32.1405769595792],[115.73871477429543,-32.13380665745316],[115.75311506230122,-32.130421506390135],[115.76031520630409,-32.11011060001201],[115.74591491829835,-32.06610363619273],[115.74591491829835,-32.06271848512971],[115.73871477429543,-32.06271848512971],[115.73871477429543,-32.055948183003665],[115.73151463029257,-32.055948183003665],[115.76031520630409,-32.03902242768856],[115.7243144862897,-32.05256303194064],[115.75311506230122,-32.02209667237345],[115.75311506230122,-31.849453968159366],[115.74591491829835,-31.829143061781238],[115.73151463029257,-31.822372759655195],[115.7243144862897,-31.805447004340095],[115.73151463029257,-31.76482519158384],[115.68831376627531,-31.653115206504133],[115.63791275825514,-31.565101278865583],[115.5803116062321,-31.497398257605155],[115.5371107422148,-31.409384329966606],[115.44350887017737,-31.27736343850878],[115.40030800616012,-31.17919405768116],[115.38590771815433,-31.121646489609795],[115.32830656613129,-31.026862259845203],[115.32830656613129,-31.009936504530096],[115.3139062781255,-30.97269984283686],[115.22030440608808,-30.83390864925299],[115.20590411808234,-30.823753196063926],[115.19150383007656,-30.823753196063926],[115.18430368607369,-30.772975930118605],[115.105102102042,-30.60033322590452],[115.105102102042,-30.590177772715457],[115.09070181403627,-30.5800223195264],[115.09790195803913,-30.549555959959207],[115.07630152603048,-30.519089600392014],[115.05470109402182,-30.50893414720295],[115.06910138202761,-30.478467787635758],[115.04750095001896,-30.424305370627415],[115.04030080601609,-30.336291442988866],[115.01870037400744,-30.315980536610738],[115.04750095001896,-30.292284479169588],[115.04030080601609,-30.27535872385448],[115.0259005180103,-30.238122062161246],[114.99709994199878,-30.23135176003521],[114.99709994199878,-30.224581457909167],[114.98989979799592,-30.18395964515291],[114.99709994199878,-30.18395964515291],[115.0043000860017,-30.16026358771176],[115.0043000860017,-30.13318237920759],[114.98269965399305,-30.079019962199247],[114.9610992219844,-30.072249660073204],[114.96829936598726,-30.055323904758104],[114.95389907798153,-30.04855360263206],[114.96829936598726,-30.007931789875805],[114.9610992219844,-29.97408027924559],[114.97549950999019,-29.9436139196784],[114.98269965399305,-29.909762409048184],[114.98269965399305,-29.845444538850785],[114.96829936598726,-29.80820787715755],[114.9610992219844,-29.770971215464314],[114.9610992219844,-29.682957287825765],[114.97549950999019,-29.557706698493973],[114.99709994199878,-29.513699734674702],[114.99709994199878,-29.493388828296574],[114.95389907798153,-29.398604598531975],[114.95389907798153,-29.351212483649682],[114.92509850197001,-29.313975821956447],[114.91789835796715,-29.27673916026321],[114.92509850197001,-29.26996885813717],[114.91789835796715,-29.256428253885083],[114.87469749394984,-29.117637060301213],[114.83149662993259,-29.066859794355892],[114.63709274185481,-28.8772913348267],[114.62269245384903,-28.843439824196487],[114.62989259785195,-28.8298992199444],[114.61549230984616,-28.796047709314195],[114.57949158983178,-28.78589225612513],[114.58669173383464,-28.772351651873045],[114.6082921658433,-28.775736802936066],[114.61549230984616,-28.76219619868398],[114.61549230984616,-28.718189234864703],[114.6082921658433,-28.68772287529751],[114.61549230984616,-28.66402681785636],[114.5938918778375,-28.613249551911046],[114.53629072581447,-28.494769264705297],[114.45708914178277,-28.41014048812977],[114.4642892857857,-28.40675533706675],[114.44988899777991,-28.41014048812977],[114.43548870977418,-28.393214732814663],[114.40668813376266,-28.3356671647433],[114.3418868377367,-28.267964143482878],[114.3202864057281,-28.234112632852664],[114.2410848216964,-28.186720517970365],[114.1978839576791,-28.12578779883598],[114.1762835256705,-28.1122471945839],[114.14748294965898,-27.973456001000024],[114.10428208564167,-27.85159056273126],[114.12588251765033,-27.77373208828177],[114.15468309366184,-27.73311027552552],[114.15468309366184,-27.70941421808437],[114.16908338166758,-27.70941421808437],[114.18348366967336,-27.678947858517176],[114.16908338166758,-27.675562707454155],[114.16908338166758,-27.68910331170624],[114.16188323766471,-27.706029067021348],[114.10428208564167,-27.50292000324007],[113.96747934958694,-27.232107918198373],[113.78027560551209,-26.927444322526455],[113.58587171743432,-26.670172841736843],[113.29786595731912,-26.39936075669514],[113.30506610132198,-26.385820152443053],[113.29066581331625,-26.365509246064924],[113.29786595731912,-26.34181318862378],[113.27626552531046,-26.294421073741482],[113.23306466129321,-26.233488354607097],[113.15386307726152,-26.15224472909459],[113.16106322126438,-26.142089275905526],[113.19706394127877,-26.17255563547272],[113.26186523730473,-26.19286654185084],[113.2690653813076,-26.24025865673314],[113.28346566931333,-26.21994775035501],[113.27626552531046,-26.182711088661783],[113.28346566931333,-26.17255563547272],[113.29066581331625,-26.12516352059042],[113.29066581331625,-26.084541707834163],[113.28346566931333,-26.07777140570812],[113.29066581331625,-26.047305046140927],[113.28346566931333,-26.040534744014884],[113.29786595731912,-26.016838686573735],[113.31946638932777,-26.12516352059042],[113.32666653333064,-26.206407146102926],[113.31946638932777,-26.24025865673314],[113.3338666773335,-26.31134682905659],[113.32666653333064,-26.318117131182632],[113.3338666773335,-26.328272584371696],[113.32666653333064,-26.33842803756076],[113.34106682133637,-26.348583490749824],[113.35546710934216,-26.331657735434717],[113.36266725334502,-26.355353792875867],[113.35546710934216,-26.372279548190967],[113.36986739734789,-26.38243500138003],[113.36986739734789,-26.39936075669514],[113.37706754135081,-26.39936075669514],[113.38426768535368,-26.385820152443053],[113.38426768535368,-26.362124095001903],[113.36986739734789,-26.35873894393889],[113.35546710934216,-26.301191375867525],[113.3338666773335,-26.301191375867525],[113.35546710934216,-26.277495318426375],[113.35546710934216,-26.247028958859183],[113.36986739734789,-26.23687350567012],[113.36266725334502,-26.209792297165947],[113.37706754135081,-26.206407146102926],[113.38426768535368,-26.21317744822897],[113.37706754135081,-26.165785333346676],[113.37706754135081,-26.118393218464377],[113.38426768535368,-26.111622916338334],[113.36986739734789,-26.098082312086248],[113.37706754135081,-26.07777140570812],[113.35546710934216,-26.064230801456034],[113.36986739734789,-26.05407534826697],[113.35546710934216,-26.03376444188884],[113.36266725334502,-26.016838686573735],[113.38426768535368,-26.060845650393013],[113.38426768535368,-26.091312009960205],[113.39866797335941,-26.10485261421229],[113.39866797335941,-26.115008067401355],[113.42746854937093,-26.138704124842505],[113.42746854937093,-26.162400182283655],[113.43466869337385,-26.169170484409698],[113.44186883737672,-26.162400182283655],[113.44906898137958,-26.21317744822897],[113.45626912538245,-26.223332901418033],[113.46346926938537,-26.253799260985225],[113.4778695573911,-26.270725016300332],[113.48506970139397,-26.321502282245653],[113.49946998939976,-26.33504288649774],[113.48506970139397,-26.355353792875867],[113.50667013340262,-26.365509246064924],[113.49946998939976,-26.39936075669514],[113.49946998939976,-26.37904985031701],[113.48506970139397,-26.38243500138003],[113.49946998939976,-26.419671663073267],[113.48506970139397,-26.42982711626233],[113.4778695573911,-26.47721923114463],[113.48506970139397,-26.483989533270673],[113.50667013340262,-26.470448929018588],[113.50667013340262,-26.409516209884202],[113.52827056541128,-26.362124095001903],[113.51387027740549,-26.33504288649774],[113.51387027740549,-26.321502282245653],[113.50667013340262,-26.324887433308675],[113.49226984539689,-26.31134682905659],[113.51387027740549,-26.301191375867525],[113.52107042140841,-26.284265620552418],[113.51387027740549,-26.277495318426375],[113.52827056541128,-26.284265620552418],[113.53547070941414,-26.280880469489396],[113.54267085341701,-26.301191375867525],[113.54267085341701,-26.324887433308675],[113.5570711414228,-26.351968641812846],[113.54987099741993,-26.38243500138003],[113.56427128542566,-26.433212267325352],[113.56427128542566,-26.460293475829523],[113.54987099741993,-26.470448929018588],[113.56427128542566,-26.494144986459737],[113.57867157343145,-26.494144986459737],[113.57867157343145,-26.5043004396488],[113.5570711414228,-26.548307403468073],[113.5570711414228,-26.575388611972244],[113.57147142942853,-26.578773763035265],[113.58587171743432,-26.599084669413394],[113.59307186143718,-26.602469820476415],[113.60027200544005,-26.61262527366548],[113.60747214944297,-26.605854971539436],[113.58587171743432,-26.585544065161308],[113.58587171743432,-26.561848007720158],[113.60027200544005,-26.54492225240505],[113.59307186143718,-26.511070741774844],[113.60747214944297,-26.514455892837866],[113.61467229344584,-26.490759835396716],[113.62907258145162,-26.463678626892545],[113.63627272545449,-26.5043004396488],[113.62907258145162,-26.54153710134203],[113.63627272545449,-26.56523315878318],[113.62907258145162,-26.572003460909222],[113.64347286945736,-26.619395575791522],[113.65067301346022,-26.595699518350372],[113.66507330146601,-26.595699518350372],[113.65787315746314,-26.6160104247285],[113.66507330146601,-26.629551028980586],[113.65787315746314,-26.653247086421736],[113.66507330146601,-26.673557992799864],[113.67947358947174,-26.66001738854778],[113.70827416548326,-26.6634025396108],[113.68667373347466,-26.649861935358715],[113.7010740214804,-26.63970648216965],[113.7010740214804,-26.632936180043608],[113.69387387747753,-26.64309163323267],[113.68667373347466,-26.63632133110663],[113.69387387747753,-26.619395575791522],[113.68667373347466,-26.602469820476415],[113.69387387747753,-26.61262527366548],[113.71547430948618,-26.605854971539436],[113.73707474149478,-26.6160104247285],[113.7658753175063,-26.58892921622433],[113.78747574951495,-26.605854971539436],[113.80907618152361,-26.61262527366548],[113.81627632552647,-26.602469820476415],[113.80907618152361,-26.575388611972244],[113.83067661353226,-26.551692554531094],[113.86667733354665,-26.53815195027901],[113.88107762155238,-26.507685590711823],[113.8882777655553,-26.45013802264046],[113.86667733354665,-26.392590454569095],[113.8882777655553,-26.372279548190967],[113.88107762155238,-26.33504288649774],[113.83787675753513,-26.280880469489396],[113.79467589351782,-26.253799260985225],[113.68667373347466,-26.21656259929199],[113.68667373347466,-26.186096239724797],[113.66507330146601,-26.165785333346676],[113.63627272545449,-26.121778369527398],[113.61467229344584,-26.108237765275312],[113.6218724374487,-26.10146746314927],[113.57867157343145,-26.098082312086248],[113.57147142942853,-26.087926858897184],[113.58587171743432,-26.071001103582077],[113.57867157343145,-26.071001103582077],[113.56427128542566,-26.043919895077906],[113.57867157343145,-26.013453535510713],[113.5570711414228,-25.999912931258635],[113.5570711414228,-25.945750514250292],[113.52107042140841,-25.91866930574612],[113.52827056541128,-25.884817795115907],[113.51387027740549,-25.850966284485693],[113.46346926938537,-25.810344471729444],[113.4778695573911,-25.783263263225273],[113.47066941338824,-25.77649296109923],[113.47066941338824,-25.786648414288294],[113.4130682613652,-25.72571569515391],[113.4130682613652,-25.685093882397652],[113.43466869337385,-25.624161163263274],[113.44906898137958,-25.61062055901119],[113.47066941338824,-25.559843293065867],[113.49226984539689,-25.546302688813782],[113.49946998939976,-25.512451178183568],[113.51387027740549,-25.502295724994504],[113.52827056541128,-25.607235407948167],[113.53547070941414,-25.624161163263274],[113.5570711414228,-25.634316616452338],[113.57147142942853,-25.63770176751536],[113.57867157343145,-25.620776012200253],[113.59307186143718,-25.685093882397652],[113.60747214944297,-25.715560241964845],[113.62907258145162,-25.73248599727995],[113.65787315746314,-25.74941175259506],[113.69387387747753,-25.790033565351315],[113.72267445348905,-25.793418716414337],[113.72267445348905,-25.8678920398008],[113.75867517350343,-25.878047492989865],[113.75867517350343,-25.905128701494036],[113.72987459749191,-25.949135665313314],[113.72987459749191,-26.003298082321656],[113.73707474149478,-25.999912931258635],[113.73707474149478,-26.013453535510713],[113.7010740214804,-26.043919895077906],[113.70827416548326,-26.060845650393013],[113.7010740214804,-26.094697161023227],[113.70827416548326,-26.111622916338334],[113.70827416548326,-26.12516352059042],[113.7010740214804,-26.098082312086248],[113.7010740214804,-26.131933822716462],[113.72987459749191,-26.186096239724797],[113.72267445348905,-26.19625169291386],[113.72987459749191,-26.206407146102926],[113.7442748854977,-26.206407146102926],[113.75147502950057,-26.19625169291386],[113.75147502950057,-26.186096239724797],[113.75867517350343,-26.21317744822897],[113.77307546150922,-26.21656259929199],[113.78747574951495,-26.206407146102926],[113.81627632552647,-26.17932593759876],[113.83787675753513,-26.138704124842505],[113.88107762155238,-26.060845650393013],[113.88107762155238,-26.067615952519056],[113.8882777655553,-26.03037929082582],[113.86667733354665,-25.955905967439357],[113.87387747754951,-25.945750514250292],[113.8882777655553,-25.959291118502378],[113.9098781975639,-25.959291118502378],[113.91707834156682,-25.982987175943528],[113.90267805356103,-25.999912931258635],[113.89547790955817,-26.03376444188884],[113.9098781975639,-26.05407534826697],[113.90267805356103,-26.087926858897184],[113.9098781975639,-26.121778369527398],[113.92427848556969,-26.131933822716462],[113.93867877357542,-26.12854867165344],[113.94587891757834,-26.142089275905526],[113.93147862957255,-26.203021995039904],[113.96027920558407,-26.24364380779616],[113.9530790615812,-26.26733986523731],[113.96747934958694,-26.294421073741482],[113.97467949358986,-26.34181318862378],[114.0538810776215,-26.419671663073267],[114.08268165363302,-26.45352317370348],[114.07548150963015,-26.45013802264046],[114.07548150963015,-26.45352317370348],[114.07548150963015,-26.460293475829523],[114.07548150963015,-26.467063777955566],[114.08988179763594,-26.467063777955566],[114.0970819416388,-26.460293475829523],[114.08988179763594,-26.456908324766502],[114.15468309366184,-26.409516209884202],[114.16908338166758,-26.389205303506074],[114.21228424568488,-26.372279548190967],[114.21948438968775,-26.35873894393889],[114.21948438968775,-26.34181318862378],[114.2410848216964,-26.31134682905659],[114.23388467769354,-26.301191375867525],[114.2410848216964,-26.284265620552418],[114.20508410168202,-26.24364380779616],[114.20508410168202,-26.223332901418033],[114.19068381367623,-26.203021995039904],[114.19068381367623,-26.17932593759876],[114.19068381367623,-26.169170484409698],[114.21228424568488,-26.159015031220633],[114.21948438968775,-26.138704124842505],[114.22668453369062,-26.165785333346676],[114.2410848216964,-26.165785333346676],[114.25548510970214,-26.145474426968548],[114.23388467769354,-26.118393218464377],[114.2410848216964,-26.0743862546451],[114.21228424568488,-26.03037929082582],[114.1978839576791,-25.982987175943528],[114.21948438968775,-25.969446571691442],[114.22668453369062,-25.972831722754464],[114.22668453369062,-25.98637232700655],[114.24828496569927,-25.993142629132592],[114.26268525370506,-25.982987175943528],[114.25548510970214,-25.982987175943528],[114.25548510970214,-25.972831722754464],[114.24828496569927,-25.93559506106123],[114.26988539770792,-25.88820294617893],[114.23388467769354,-25.874662341926843],[114.22668453369062,-25.861121737674758],[114.20508410168202,-25.854351435548715],[114.1978839576791,-25.834040529170586],[114.16908338166758,-25.810344471729444],[114.1762835256705,-25.813729622792465],[114.16908338166758,-25.806959320666422],[114.13308266165319,-25.77649296109923],[114.13308266165319,-25.77310781003621],[114.14748294965898,-25.77987811216225],[114.11868237364746,-25.7561820547211],[114.11148222964454,-25.742641450469016],[114.11868237364746,-25.735871148342973],[114.11148222964454,-25.72571569515391],[114.11868237364746,-25.72910084621693],[114.08988179763594,-25.695249335586716],[114.0322806456129,-25.661397824956502],[114.04668093361863,-25.668168127082545],[114.01788035760711,-25.624161163263274],[114.01788035760711,-25.630931465389317],[114.00348006960138,-25.61739086113723],[114.01788035760711,-25.620776012200253],[113.98907978159559,-25.59030965263306],[113.98187963759273,-25.559843293065867],[113.98907978159559,-25.576769048380974],[113.98907978159559,-25.56322844412889],[113.9530790615812,-25.49214027180544],[113.93147862957255,-25.47521451649034],[113.93867877357542,-25.47182936542732],[113.94587891757834,-25.47859966755336],[113.94587891757834,-25.458288761175233],[113.90267805356103,-25.410896646292933],[113.91707834156682,-25.414281797355954],[113.9098781975639,-25.40751149522991],[113.91707834156682,-25.40074119310387],[113.8882777655553,-25.373659984599698],[113.89547790955817,-25.35673422928459],[113.8882777655553,-25.336423322906462],[113.85947718954378,-25.29241635908719],[113.86667733354665,-25.299186661213234],[113.86667733354665,-25.28903120802417],[113.87387747754951,-25.28903120802417],[113.845076901538,-25.26533515058302],[113.845076901538,-25.258564848456977],[113.83787675753513,-25.21794303570072],[113.81627632552647,-25.173936071881442],[113.80187603752074,-25.157010316566335],[113.73707474149478,-25.12654395699915],[113.71547430948618,-25.102847899558],[113.66507330146601,-25.021604274045487],[113.66507330146601,-24.95728640384808],[113.67947358947174,-24.933590346406937],[113.69387387747753,-24.930205195343916],[113.67947358947174,-24.923434893217873],[113.66507330146601,-24.896353684713702],[113.65067301346022,-24.906509137902766],[113.65067301346022,-24.896353684713702],[113.65787315746314,-24.882813080461617],[113.64347286945736,-24.879427929398595],[113.66507330146601,-24.862502174083488],[113.70827416548326,-24.852346720894424],[113.67947358947174,-24.848961569831403],[113.64347286945736,-24.86588732514651],[113.61467229344584,-24.859117023020467],[113.61467229344584,-24.84557641876838],[113.6218724374487,-24.832035814516296],[113.6218724374487,-24.848961569831403],[113.63627272545449,-24.79818430388608],[113.6218724374487,-24.747407037940768],[113.49226984539689,-24.574764333726684],[113.42746854937093,-24.51721676565532],[113.42026840536806,-24.49013555715115],[113.40586811736233,-24.483365255025106],[113.39866797335941,-24.412277082701664],[113.40586811736233,-24.30395224868498],[113.39146782935654,-24.222708623172473],[113.40586811736233,-24.222708623172473],[113.44186883737672,-24.182086810416216],[113.44186883737672,-24.138079846596938],[113.42026840536806,-24.090687731714638],[113.42746854937093,-24.080532278525574],[113.42026840536806,-24.043295616832346],[113.42746854937093,-24.03314016364328],[113.44906898137958,-24.03314016364328],[113.45626912538245,-24.012829257265153],[113.47066941338824,-23.965437142382854],[113.46346926938537,-23.924815329626597],[113.47066941338824,-23.897734121122426],[113.51387027740549,-23.846956855177112],[113.52107042140841,-23.79617958923179],[113.53547070941414,-23.775868682853663],[113.56427128542566,-23.752172625412513],[113.59307186143718,-23.698010208404177],[113.59307186143718,-23.664158697773964],[113.61467229344584,-23.647232942458857],[113.61467229344584,-23.63030718714375],[113.63627272545449,-23.620151733954685],[113.65067301346022,-23.599840827576557],[113.7010740214804,-23.576144770135407],[113.72267445348905,-23.545678410568215],[113.75147502950057,-23.528752655253115],[113.78027560551209,-23.477975389307794],[113.78027560551209,-23.41704267017341],[113.78027560551209,-23.379806008480173],[113.78747574951495,-23.366265404228095],[113.79467589351782,-23.295177231904646],[113.77307546150922,-23.217318757455153],[113.77307546150922,-23.193622700014004],[113.7658753175063,-23.176696944698904],[113.77307546150922,-23.129304829816604],[113.75867517350343,-23.12253452769056],[113.78747574951495,-23.105608772375454],[113.80907618152361,-23.081912714934305],[113.83067661353226,-23.031135448988984],[113.83067661353226,-22.993898787295755],[113.81627632552647,-22.97697303198065],[113.82347646952934,-22.95666212560252],[113.81627632552647,-22.9058848596572],[113.80187603752074,-22.88557395327907],[113.79467589351782,-22.841566989459793],[113.75867517350343,-22.756938212884265],[113.70827416548326,-22.716316400128008],[113.67947358947174,-22.72308670225405],[113.67227344546887,-22.716316400128008],[113.68667373347466,-22.665539134182687],[113.66507330146601,-22.62830247248946],[113.67227344546887,-22.597836112922266],[113.65067301346022,-22.577525206544138],[113.66507330146601,-22.550443998039967],[113.69387387747753,-22.540288544850902],[113.71547430948618,-22.516592487409753],[113.70827416548326,-22.496281581031624],[113.72267445348905,-22.496281581031624],[113.73707474149478,-22.47258552359048],[113.75147502950057,-22.408267653393075],[113.7658753175063,-22.384571595951925],[113.78027560551209,-22.377801293825883],[113.82347646952934,-22.30671312150244],[113.86667733354665,-22.150996172603456],[113.93147862957255,-21.9986643747675],[113.93147862957255,-21.97158316626333],[113.96747934958694,-21.937731655633122],[113.99627992559846,-21.876798936498737],[114.02508050160998,-21.849717727994566],[114.07548150963015,-21.826021670553416],[114.07548150963015,-21.815866217364352],[114.11148222964454,-21.802325613112266],[114.13308266165319,-21.805710764175288],[114.16188323766471,-21.78539985779716],[114.19068381367623,-21.815866217364352],[114.14748294965898,-21.866643483309673],[114.14028280565606,-21.95804256201125],[114.08268165363302,-22.154381323666477],[114.08268165363302,-22.191617985359713],[114.13308266165319,-22.262706157683162],[114.12588251765033,-22.27963191299827],[114.12588251765033,-22.313483423628476],[114.11868237364746,-22.313483423628476],[114.11868237364746,-22.330409178943583],[114.14748294965898,-22.299942819376398],[114.1762835256705,-22.30671312150244],[114.1762835256705,-22.354105236384733],[114.13308266165319,-22.39472704914099],[114.14028280565606,-22.39811220020401],[114.13308266165319,-22.401497351267032],[114.14748294965898,-22.39811220020401],[114.14028280565606,-22.408267653393075],[114.12588251765033,-22.408267653393075],[114.11868237364746,-22.415037955519118],[114.12588251765033,-22.44211916402329],[114.11868237364746,-22.47258552359048],[114.14028280565606,-22.496281581031624],[114.13308266165319,-22.499666732094646],[114.14748294965898,-22.50643703422069],[114.14028280565606,-22.53690339378788],[114.14748294965898,-22.516592487409753],[114.16188323766471,-22.53351824272486],[114.16188323766471,-22.523362789535796],[114.19068381367623,-22.519977638472774],[114.21948438968775,-22.496281581031624],[114.21948438968775,-22.486126127842567],[114.23388467769354,-22.47258552359048],[114.22668453369062,-22.459044919338396],[114.2410848216964,-22.459044919338396],[114.28428568571366,-22.435348861897246],[114.3202864057281,-22.44211916402329],[114.3202864057281,-22.503051883157667],[114.32748654973096,-22.479355825716524],[114.32748654973096,-22.48951127890558],[114.3418868377367,-22.492896429968603],[114.3418868377367,-22.48951127890558],[114.35628712574248,-22.499666732094646],[114.35628712574248,-22.503051883157667],[114.36348726974535,-22.492896429968603],[114.37068741374821,-22.499666732094646],[114.37788755775114,-22.499666732094646],[114.36348726974535,-22.48951127890558],[114.385087701754,-22.48951127890558],[114.37068741374821,-22.482740976779546],[114.385087701754,-22.486126127842567],[114.37788755775114,-22.475970674653503],[114.385087701754,-22.46581522146444],[114.40668813376266,-22.46920037252746],[114.39228784575687,-22.462430070401417],[114.37788755775114,-22.44211916402329],[114.39228784575687,-22.44550431508631],[114.39228784575687,-22.438734012960268],[114.40668813376266,-22.438734012960268],[114.385087701754,-22.435348861897246],[114.385087701754,-22.425193408708182],[114.40668813376266,-22.428578559771204],[114.39228784575687,-22.42180825764516],[114.39228784575687,-22.401497351267032],[114.39228784575687,-22.391341898077968],[114.42108842176839,-22.39472704914099],[114.39948798975973,-22.384571595951925],[114.39948798975973,-22.360875538510776],[114.40668813376266,-22.360875538510776],[114.40668813376266,-22.35072008532171],[114.42108842176839,-22.35072008532171],[114.44268885377704,-22.36764584063682],[114.44268885377704,-22.364260689573797],[114.43548870977418,-22.357490387447754],[114.44988899777991,-22.364260689573797],[114.42828856577125,-22.35072008532171],[114.44268885377704,-22.34394978319567],[114.42108842176839,-22.34733493425869],[114.40668813376266,-22.330409178943583],[114.41388827776552,-22.316868574691497],[114.42828856577125,-22.32025372575452],[114.41388827776552,-22.31009827256546],[114.42108842176839,-22.299942819376398],[114.4410272820841,-22.303067574203805],[114.4642892857857,-22.330409178943583],[114.44988899777991,-22.299942819376398],[114.4642892857857,-22.293172517250355],[114.43548870977418,-22.289787366187333],[114.42828856577125,-22.276246761935248],[114.44268885377704,-22.266091308746184],[114.4642892857857,-22.272861610872226],[114.44988899777991,-22.25932100662014],[114.47148942978856,-22.266091308746184],[114.44988899777991,-22.252550704494098],[114.44268885377704,-22.242395251305034],[114.45708914178277,-22.245780402368055],[114.47868957379143,-22.252550704494098],[114.44988899777991,-22.23562494917899],[114.44988899777991,-22.20854374067482],[114.47148942978856,-22.218699193863884],[114.4642892857857,-22.2051585896118],[114.47868957379143,-22.2051585896118],[114.4858897177943,-22.218699193863884],[114.50029000580008,-22.222084344926905],[114.47148942978856,-22.191617985359713],[114.47868957379143,-22.18823283429669],[114.45708914178277,-22.16453677685554],[114.45708914178277,-22.16115162579252],[114.4858897177943,-22.1577664747295],[114.49308986179722,-22.171307078981584],[114.50029000580008,-22.16453677685554],[114.50749014980295,-22.18484768323367],[114.50029000580008,-22.150996172603456],[114.50749014980295,-22.1577664747295],[114.50749014980295,-22.154381323666477],[114.51469029380587,-22.1577664747295],[114.50029000580008,-22.130685266225335],[114.52189043780874,-22.123914964099292],[114.5290905818116,-22.140840719414392],[114.51469029380587,-22.106989208784185],[114.5290905818116,-22.100218906658142],[114.52189043780874,-22.0934486045321],[114.53629072581447,-22.079908000280014],[114.52189043780874,-22.083293151343035],[114.51469029380587,-22.06636739602793],[114.53526213381406,-22.061531465937907],[114.53629072581447,-22.062982244964907],[114.53629072581447,-22.061289669433407],[114.54349086981739,-22.059597093901886],[114.55069101382026,-22.06636739602793],[114.55069101382026,-22.056211942838864],[114.55069101382026,-22.052826791775843]]]}},{"type":"Feature","id":5,"properties":{"STATE_CODE":"6","STATE_NAME":"Tasmania"},"geometry":{"type":"MultiPolygon","coordinates":[[[[146.980139602792,-43.1592436697134],[146.95853917078335,-43.155858518650376],[146.9513390267805,-43.16262882077642],[146.96573931478628,-43.1592436697134],[146.97293945878914,-43.16939912290246],[146.96573931478628,-43.18971002928059],[146.97293945878914,-43.203250633532676],[146.9945398907978,-43.2066357845957],[146.98733974679487,-43.21679123778476],[147.00174003480066,-43.21340608672174],[147.03774075481505,-43.24387244628893],[147.06654133082657,-43.250642748414975],[147.06654133082657,-43.264183352667054],[147.0953419068381,-43.28110910798216],[147.10254205084095,-43.291264561171225],[147.08094161883236,-43.291264561171225],[147.06654133082657,-43.33188637392748],[147.0449408988179,-43.31157546754935],[147.00894017880353,-43.314960618612375],[147.00174003480066,-43.32173092073842],[147.00174003480066,-43.3352715249905],[146.980139602792,-43.32850122286446],[146.980139602792,-43.338656676053525],[146.98733974679487,-43.33188637392748],[147.00894017880353,-43.342041827116546],[147.0161403228064,-43.3352715249905],[147.03054061081218,-43.34881212924259],[147.0593411868237,-43.35219728030561],[147.0449408988179,-43.37927848880978],[147.0161403228064,-43.40297454625093],[147.02334046680932,-43.409744848376974],[147.00894017880353,-43.42328545262906],[147.02334046680932,-43.436826056881145],[147.0161403228064,-43.44359635900718],[147.00174003480066,-43.433440905818124],[146.98733974679487,-43.44021120794416],[146.97293945878914,-43.433440905818124],[146.9513390267805,-43.4469815100702],[146.94413888277762,-43.433440905818124],[146.92253845076897,-43.41651515050302],[146.92253845076897,-43.436826056881145],[146.9153383067661,-43.4469815100702],[146.94413888277762,-43.44021120794416],[146.94413888277762,-43.4469815100702],[146.93693873877476,-43.4469815100702],[146.9513390267805,-43.453751812196245],[146.95853917078335,-43.4469815100702],[146.980139602792,-43.453751812196245],[146.9945398907978,-43.46052211432229],[147.00174003480066,-43.480833020700416],[146.980139602792,-43.48760332282646],[146.980139602792,-43.4943736249525],[146.9513390267805,-43.51129938026761],[146.9513390267805,-43.53161028664574],[146.92253845076897,-43.53838058877178],[146.92253845076897,-43.53161028664574],[146.9153383067661,-43.54515089089782],[146.9009380187603,-43.53838058877178],[146.90813816276324,-43.53161028664574],[146.9009380187603,-43.51806968239365],[146.90813816276324,-43.51468453133063],[146.9009380187603,-43.51468453133063],[146.88653773075458,-43.551921193023865],[146.87933758675172,-43.55869149514991],[146.89373787475745,-43.551921193023865],[146.9009380187603,-43.56207664621293],[146.88653773075458,-43.56546179727595],[146.89373787475745,-43.57900240152804],[146.9153383067661,-43.56884694833897],[146.92253845076897,-43.58238755259106],[146.92253845076897,-43.599313307906165],[146.8721374427488,-43.62300936534731],[146.8721374427488,-43.639935120662415],[146.84333686673727,-43.63316481853637],[146.82893657873154,-43.643320271725436],[146.8361367227344,-43.62977966747335],[146.82893657873154,-43.616239063221265],[146.78573571471424,-43.599313307906165],[146.77853557071137,-43.60946876109523],[146.76413528270564,-43.616239063221265],[146.74253485069698,-43.60946876109523],[146.72093441868833,-43.63316481853637],[146.71373427468546,-43.62639451641033],[146.7065341306826,-43.63316481853637],[146.68493369867394,-43.595928156843144],[146.67053341066816,-43.595928156843144],[146.6633332666653,-43.60608361003221],[146.65613312266242,-43.595928156843144],[146.65613312266242,-43.57900240152804],[146.64173283465664,-43.58577270365408],[146.64173283465664,-43.57900240152804],[146.62013240264804,-43.56207664621293],[146.60573211464225,-43.56884694833897],[146.61293225864512,-43.55869149514991],[146.59853197063939,-43.56207664621293],[146.60573211464225,-43.548536041960844],[146.57693153863073,-43.524839984519694],[146.57693153863073,-43.48421817176344],[146.562531250625,-43.46390726538531],[146.5481309626192,-43.47406271857437],[146.5481309626192,-43.49098847388948],[146.55533110662208,-43.49775877601552],[146.5481309626192,-43.51129938026761],[146.59853197063939,-43.54515089089782],[146.54093081861635,-43.524839984519694],[146.53373067461348,-43.53161028664574],[146.51213024260483,-43.524839984519694],[146.4833296665933,-43.54515089089782],[146.47612952259044,-43.53499543770876],[146.46892937858752,-43.5417657398348],[146.4545290905818,-43.53499543770876],[146.4041280825616,-43.53838058877178],[146.38972779455588,-43.53161028664574],[146.3753275065501,-43.53499543770876],[146.36812736254723,-43.51806968239365],[146.36812736254723,-43.52145483345667],[146.34652693053857,-43.51129938026761],[146.32492649852992,-43.52145483345667],[146.31772635452705,-43.53499543770876],[146.28892577851553,-43.54515089089782],[146.27452549050975,-43.528225135582716],[146.26732534650688,-43.528225135582716],[146.27452549050975,-43.49775877601552],[146.2169243384867,-43.48421817176344],[146.20972419448384,-43.49098847388948],[146.22412448248963,-43.49098847388948],[146.20972419448384,-43.50791422920459],[146.20972419448384,-43.53499543770876],[146.1953239064781,-43.53838058877178],[146.18092361847232,-43.51129938026761],[146.15932318646367,-43.51806968239365],[146.15932318646367,-43.501143927078544],[146.14492289845793,-43.501143927078544],[146.14492289845793,-43.504529078141566],[146.14492289845793,-43.528225135582716],[146.13772275445507,-43.51806968239365],[146.13052261045215,-43.524839984519694],[146.10892217844355,-43.524839984519694],[146.10892217844355,-43.55869149514991],[146.09452189043776,-43.55530634408689],[146.0873217464349,-43.5417657398348],[146.08012160243203,-43.5417657398348],[146.0729214584291,-43.55530634408689],[146.0441208824176,-43.551921193023865],[146.02972059441186,-43.572232099401994],[146.0441208824176,-43.50791422920459],[146.02972059441186,-43.48760332282646],[146.02972059441186,-43.46390726538531],[146.0081201624032,-43.46390726538531],[146.01532030640607,-43.453751812196245],[146.00092001840034,-43.436826056881145],[146.00092001840034,-43.40635969731395],[145.97211944238882,-43.40297454625093],[145.97931958639168,-43.39620424412489],[145.96491929838595,-43.3826636398728],[145.95051901038016,-43.3826636398728],[145.93611872237443,-43.389433941998846],[145.92171843436864,-43.3826636398728],[145.9289185783715,-43.37927848880978],[145.9289185783715,-43.36912303562072],[145.9433188663773,-43.37250818668374],[145.95051901038016,-43.35896758243165],[145.97211944238882,-43.36912303562072],[145.97931958639168,-43.362352733494674],[145.97211944238882,-43.35896758243165],[145.97931958639168,-43.35558243136863],[145.99371987439747,-43.37250818668374],[145.98651973039455,-43.389433941998846],[145.99371987439747,-43.39281909306187],[146.00092001840034,-43.365737884557696],[145.99371987439747,-43.365737884557696],[145.98651973039455,-43.34881212924259],[145.97211944238882,-43.34881212924259],[145.98651973039455,-43.32850122286446],[146.0081201624032,-43.338656676053525],[146.00092001840034,-43.34542697817957],[146.06572131442624,-43.35219728030561],[146.08012160243203,-43.35896758243165],[146.0729214584291,-43.365737884557696],[146.08012160243203,-43.37250818668374],[146.09452189043776,-43.365737884557696],[146.05852117042338,-43.34542697817957],[146.0873217464349,-43.34881212924259],[146.0873217464349,-43.342041827116546],[146.09452189043776,-43.35219728030561],[146.10172203444063,-43.34542697817957],[146.1065221304426,-43.3471195537111],[146.09452189043776,-43.338656676053525],[146.0873217464349,-43.32511607180144],[146.0873217464349,-43.338656676053525],[146.0729214584291,-43.32850122286446],[146.0729214584291,-43.30819031648633],[146.05852117042338,-43.30142001436029],[146.06572131442624,-43.29803486329727],[146.0513210264205,-43.30142001436029],[146.05852117042338,-43.30819031648633],[146.0513210264205,-43.32173092073842],[146.05852117042338,-43.33188637392748],[146.03692073841472,-43.33188637392748],[146.02972059441186,-43.342041827116546],[146.00092001840034,-43.3352715249905],[145.99371987439747,-43.33188637392748],[146.0081201624032,-43.32173092073842],[145.98651973039455,-43.32173092073842],[145.98651973039455,-43.30480516542331],[145.96491929838595,-43.30142001436029],[145.95771915438303,-43.291264561171225],[145.96491929838595,-43.28449425904518],[145.95051901038016,-43.28110910798216],[145.97211944238882,-43.27433880585612],[145.96491929838595,-43.264183352667054],[145.96491929838595,-43.247257597351954],[145.97931958639168,-43.23371699309987],[145.97211944238882,-43.226946690973826],[145.9433188663773,-43.23033184203685],[145.9289185783715,-43.21340608672174],[145.91451829036578,-43.21002093565872],[145.91451829036578,-43.21679123778476],[145.92171843436864,-43.223561539910804],[145.9289185783715,-43.24387244628893],[145.9073181463629,-43.247257597351954],[145.90011800236,-43.264183352667054],[145.92171843436864,-43.267568503730075],[145.92171843436864,-43.291264561171225],[145.9289185783715,-43.30142001436029],[145.90011800236,-43.30142001436029],[145.89291785835712,-43.314960618612375],[145.8785175703514,-43.31157546754935],[145.87131742634847,-43.32173092073842],[145.84971699433987,-43.30819031648633],[145.84251685033695,-43.314960618612375],[145.84251685033695,-43.30480516542331],[145.85691713834274,-43.30142001436029],[145.84971699433987,-43.291264561171225],[145.84251685033695,-43.294649712234246],[145.81371627432543,-43.27772395691914],[145.82091641832835,-43.250642748414975],[145.80651613032256,-43.247257597351954],[145.80651613032256,-43.23710214416289],[145.81371627432543,-43.23371699309987],[145.7993159863197,-43.22017638884778],[145.80651613032256,-43.21002093565872],[145.79211584231683,-43.199865482469654],[145.79211584231683,-43.19309518034361],[145.7849156983139,-43.18971002928059],[145.77051541030818,-43.18632487821757],[145.7633152663053,-43.19309518034361],[145.7561151223024,-43.16601397183944],[145.7345146902938,-43.13893276333527],[145.720114402288,-43.13554761227225],[145.72731454629087,-43.12200700802016],[145.7345146902938,-43.11523670589412],[145.71291425828514,-43.1118515548311],[145.71291425828514,-43.105081252705055],[145.70571411428227,-43.11862185695714],[145.69131382627648,-43.11862185695714],[145.68411368227362,-43.101696101642034],[145.67691353827075,-43.105081252705055],[145.66251325026496,-43.09492579951599],[145.67691353827075,-43.09154064845297],[145.66971339426783,-43.08138519526391],[145.67691353827075,-43.07122974207485],[145.69131382627648,-43.06784459101183],[145.68411368227362,-43.06784459101183],[145.68411368227362,-43.05091883569672],[145.66251325026496,-43.04414853357068],[145.64811296225923,-43.0475336846337],[145.6409128182563,-43.03399308038161],[145.6409128182563,-43.02383762719255],[145.6121122422448,-43.01029702294046],[145.60491209824193,-42.99675641868838],[145.60491209824193,-42.989986116562335],[145.59771195423906,-42.989986116562335],[145.5905118102362,-42.97306036124723],[145.56171123422467,-42.96967521018421],[145.4969099381987,-42.989986116562335],[145.50411008220163,-42.97644551231025],[145.4969099381987,-42.97306036124723],[145.4969099381987,-42.962904908058164],[145.48970979419585,-42.95613460593212],[145.50411008220163,-42.94936430380608],[145.48970979419585,-42.94597915274306],[145.48970979419585,-42.92905339742795],[145.48250965019298,-42.93243854849097],[145.48970979419585,-42.91212764211284],[145.47530950619006,-42.915512793175864],[145.45370907418146,-42.898587037860764],[145.43930878617567,-42.874890980419615],[145.44650893017854,-42.86812067829357],[145.43930878617567,-42.854580074041486],[145.41770835416702,-42.83765431872638],[145.42490849816994,-42.827498865537315],[145.41770835416702,-42.81395826128523],[145.42490849816994,-42.81395826128523],[145.41050821016415,-42.78349190171804],[145.41770835416702,-42.780106750655015],[145.38170763415263,-42.76995129746595],[145.38170763415263,-42.74964039108782],[145.3889077781555,-42.74287008896178],[145.3889077781555,-42.73609978683574],[145.39610792215842,-42.73609978683574],[145.39610792215842,-42.72255918258366],[145.38170763415263,-42.7293294847097],[145.37450749014977,-42.69547797407949],[145.3673073461469,-42.688707671953445],[145.3673073461469,-42.65485616132323],[145.33850677013538,-42.65147101026021],[145.33130662613246,-42.65824131238625],[145.33130662613246,-42.64470070813417],[145.33850677013538,-42.63116010388208],[145.30970619412386,-42.62100465069302],[145.2881057621152,-42.62100465069302],[145.2881057621152,-42.63116010388208],[145.26650533010655,-42.62100465069302],[145.26650533010655,-42.614234348566974],[145.28090561811234,-42.614234348566974],[145.30250605012094,-42.60069374431489],[145.29530590611807,-42.593923442188846],[145.30250605012094,-42.5871531400628],[145.30250605012094,-42.57699768687374],[145.30250605012094,-42.570227384747696],[145.28090561811234,-42.56345708262165],[145.28090561811234,-42.553301629432596],[145.26650533010655,-42.529605571991446],[145.25210504210082,-42.5228352698654],[145.2593051861037,-42.502524363487275],[145.23770475409503,-42.47205800392008],[145.25210504210082,-42.44836194647893],[145.23770475409503,-42.41789558691174],[145.2449048980979,-42.407740133722676],[145.23770475409503,-42.404354982659655],[145.23770475409503,-42.39419952947059],[145.2233044660893,-42.38742922734455],[145.2233044660893,-42.367118320966426],[145.21610432208638,-42.367118320966426],[145.2233044660893,-42.35696286777736],[145.19450389007778,-42.32649650821017],[145.19450389007778,-42.312955903958084],[145.21610432208638,-42.299415299706],[145.21610432208638,-42.27910439332787],[145.20890417808351,-42.25540833588672],[145.18730374607486,-42.241867731634635],[145.18730374607486,-42.20801622100442],[145.17290345806913,-42.21140137206744],[145.16570331406626,-42.197860767815364],[145.19450389007778,-42.197860767815364],[145.20170403408065,-42.20801622100442],[145.20890417808351,-42.20801622100442],[145.20890417808351,-42.201245918878385],[145.2233044660893,-42.22832712738255],[145.2233044660893,-42.241867731634635],[145.23770475409503,-42.245252882697656],[145.23770475409503,-42.26217863801276],[145.2593051861037,-42.268948940138806],[145.25210504210082,-42.289259846516934],[145.2881057621152,-42.28248954439089],[145.29530590611807,-42.29603014864298],[145.30250605012094,-42.29603014864298],[145.31690633812673,-42.28587469545391],[145.30970619412386,-42.31972620608413],[145.33130662613246,-42.32988165927319],[145.33850677013538,-42.34342226352528],[145.33850677013538,-42.336651961399234],[145.3529070581411,-42.34342226352528],[145.39610792215842,-42.37388862309247],[145.41770835416702,-42.37050347202945],[145.45370907418146,-42.404354982659655],[145.44650893017854,-42.43820649328987],[145.46090921818433,-42.458517399668],[145.46090921818433,-42.499139212424254],[145.47530950619006,-42.526220420928425],[145.48250965019298,-42.526220420928425],[145.47530950619006,-42.502524363487275],[145.48250965019298,-42.475443154983104],[145.47530950619006,-42.47205800392008],[145.46090921818433,-42.44159164435289],[145.45370907418146,-42.44159164435289],[145.46090921818433,-42.43482134222685],[145.48970979419585,-42.42128073797476],[145.5113102262045,-42.43482134222685],[145.53291065821315,-42.404354982659655],[145.53291065821315,-42.38742922734455],[145.5473109462189,-42.38742922734455],[145.54011080221602,-42.37050347202945],[145.55451109022175,-42.35696286777736],[145.5473109462189,-42.35357771671434],[145.53291065821315,-42.37388862309247],[145.5113102262045,-42.37388862309247],[145.50411008220163,-42.363733169903405],[145.51851037020737,-42.367118320966426],[145.52571051421023,-42.360348018840384],[145.51851037020737,-42.340037112462255],[145.4969099381987,-42.33326681033621],[145.48970979419585,-42.336651961399234],[145.4969099381987,-42.34342226352528],[145.48250965019298,-42.3468074145883],[145.48970979419585,-42.35357771671434],[145.48250965019298,-42.35696286777736],[145.48970979419585,-42.35696286777736],[145.48250965019298,-42.363733169903405],[145.47530950619006,-42.35019256565132],[145.4681093621872,-42.3468074145883],[145.46090921818433,-42.32311135714715],[145.4321086421728,-42.312955903958084],[145.42490849816994,-42.289259846516934],[145.39610792215842,-42.27910439332787],[145.37450749014977,-42.2520231848237],[145.3673073461469,-42.2520231848237],[145.36010720214398,-42.23509742950859],[145.37450749014977,-42.22494197631953],[145.3673073461469,-42.21140137206744],[145.37450749014977,-42.201245918878385],[145.34570691413825,-42.20801622100442],[145.3529070581411,-42.19447561675234],[145.37450749014977,-42.19447561675234],[145.3529070581411,-42.19109046568932],[145.36010720214398,-42.177549861437235],[145.34570691413825,-42.16739440824817],[145.33130662613246,-42.174164710374214],[145.3241064821296,-42.16062410612213],[145.33130662613246,-42.150468652933064],[145.3241064821296,-42.15723895505911],[145.30970619412386,-42.150468652933064],[145.30250605012094,-42.153853803996086],[145.31690633812673,-42.15723895505911],[145.31690633812673,-42.177549861437235],[145.29530590611807,-42.177549861437235],[145.26650533010655,-42.201245918878385],[145.2881057621152,-42.21140137206744],[145.2881057621152,-42.22832712738255],[145.26650533010655,-42.23171227844557],[145.25210504210082,-42.221556825256506],[145.2233044660893,-42.218171674193485],[145.25210504210082,-42.19109046568932],[145.2593051861037,-42.16739440824817],[145.26650533010655,-42.11323199123983],[145.25210504210082,-42.0455289699794],[145.25210504210082,-42.059069574231486],[145.18730374607486,-41.94735958915179],[145.20170403408065,-41.95751504234085],[145.19450389007778,-41.94735958915179],[145.17290345806913,-41.92704868277366],[145.12250245004896,-41.89996747426949],[145.10810216204322,-41.87627141682834],[145.07210144202878,-41.85596051045021],[145.07210144202878,-41.83564960407209],[145.05770115402305,-41.825494150883024],[145.02890057801153,-41.81195354663094],[145.0361007220144,-41.805183244504896],[145.00730014600288,-41.79164264025281],[145.00730014600288,-41.76794658281166],[144.99289985799714,-41.76117628068562],[145.000100002,-41.754405978559575],[144.97849956999136,-41.74086537430749],[144.98569971399422,-41.73409507218145],[144.97849956999136,-41.73748022324447],[144.9568991379827,-41.71716931686634],[144.9352987059741,-41.72393961899238],[144.92809856197118,-41.72055446792936],[144.91369827396545,-41.69008810836217],[144.92809856197118,-41.67316235304707],[144.92809856197118,-41.666392050921026],[145.00730014600288,-41.618999936038726],[145.05050101002018,-41.62577023816477],[145.0361007220144,-41.615614784975705],[145.00730014600288,-41.615614784975705],[144.9712994259885,-41.62915538922779],[144.92089841796832,-41.666392050921026],[144.90649812996259,-41.65623659773196],[144.90649812996259,-41.642695993479876],[144.89929798595966,-41.639310842416855],[144.90649812996259,-41.62915538922779],[144.88489769795393,-41.58176327434549],[144.83449668993376,-41.50728995095902],[144.84169683393662,-41.503904799896],[144.82009640192803,-41.500519648832984],[144.8128962579251,-41.476823591391835],[144.7912958259165,-41.46328298713975],[144.78409568191358,-41.44635723182464],[144.7480949618992,-41.42266117438349],[144.7912958259165,-41.39557996587932],[144.78409568191358,-41.39557996587932],[144.78409568191358,-41.36849875737515],[144.77689553791072,-41.36849875737515],[144.762495249905,-41.34141754887098],[144.76969539390785,-41.34141754887098],[144.74089481789633,-41.32449179355588],[144.73369467389347,-41.317721491429836],[144.74089481789633,-41.31095118930379],[144.71929438588768,-41.30079573611473],[144.71929438588768,-41.28386998079962],[144.7120942418848,-41.2804848297366],[144.71929438588768,-41.27709967867358],[144.70489409788195,-41.25340362123243],[144.6832936658733,-41.23647786591732],[144.69049380987616,-41.2330927148543],[144.6832936658733,-41.22293726166524],[144.69769395387902,-41.19924120422409],[144.67609352187043,-41.15861939146783],[144.6832936658733,-41.131538182963666],[144.6688933778675,-41.13830848508971],[144.66169323386464,-41.1213827297746],[144.67609352187043,-41.11799757871158],[144.67609352187043,-41.080760917018345],[144.66169323386464,-41.057064859577196],[144.6832936658733,-41.05029455745115],[144.66169323386464,-41.053679708514174],[144.64009280185599,-41.04690940638813],[144.6040920818416,-41.009672744694896],[144.62569251385025,-41.006287593631875],[144.63289265785312,-40.99274698937979],[144.63289265785312,-40.95212517662354],[144.61129222584447,-40.9453548744975],[144.61129222584447,-40.93519942130843],[144.65449308986177,-40.914888514930304],[144.6472929458589,-40.90134791067822],[144.6832936658733,-40.90811821280426],[144.70489409788195,-40.87765185323707],[144.70489409788195,-40.867496400048005],[144.69769395387902,-40.86072609792196],[144.7120942418848,-40.85734094685894],[144.7120942418848,-40.83703004048081],[144.69769395387902,-40.80994883197664],[144.70489409788195,-40.79302307666154],[144.69769395387902,-40.78286762347248],[144.70489409788195,-40.776097321346434],[144.7120942418848,-40.76255671709435],[144.70489409788195,-40.752401263905284],[144.69049380987616,-40.755786414968306],[144.67609352187043,-40.71854975327507],[144.69769395387902,-40.68808339370788],[144.6832936658733,-40.681313091581835],[144.6832936658733,-40.67115763839277],[144.72649452989054,-40.64069127882558],[144.7480949618992,-40.68808339370788],[144.74089481789633,-40.681313091581835],[144.73369467389347,-40.6914685447709],[144.76969539390785,-40.705009149022985],[144.762495249905,-40.74224581071622],[144.77689553791072,-40.728705206464134],[144.77689553791072,-40.71177945114903],[144.78409568191358,-40.708394300086006],[144.80569611392224,-40.71516460221205],[144.8128962579251,-40.728705206464134],[144.83449668993376,-40.71854975327507],[144.84169683393662,-40.74224581071622],[144.84889697793955,-40.7388606596532],[144.90649812996259,-40.752401263905284],[144.92089841796832,-40.76255671709435],[144.92809856197118,-40.75917156603133],[144.97849956999136,-40.74224581071622],[145.000100002,-40.76255671709435],[145.000100002,-40.776097321346434],[145.00730014600288,-40.76594186815737],[145.01450029000574,-40.76594186815737],[145.00730014600288,-40.779482472409455],[145.02170043400866,-40.76932701922039],[145.01450029000574,-40.779482472409455],[145.02170043400866,-40.779482472409455],[145.02170043400866,-40.78963792559852],[145.0361007220144,-40.7862527745355],[145.0361007220144,-40.779482472409455],[145.04330086601726,-40.78286762347246],[145.04330086601726,-40.78286762347248],[145.0433008660174,-40.782867623472534],[145.05050101002018,-40.7862527745355],[145.07210144202878,-40.80994883197664],[145.06490129802592,-40.820104285165705],[145.0793015860317,-40.80994883197664],[145.09370187403744,-40.81333398303966],[145.08650173003457,-40.823489436228726],[145.1009020180403,-40.82687458729175],[145.09370187403744,-40.816719134102684],[145.10810216204322,-40.81333398303966],[145.10810216204322,-40.83025973835477],[145.1153023060461,-40.83025973835477],[145.12250245004896,-40.83703004048081],[145.12970259405182,-40.820104285165705],[145.16570331406626,-40.82687458729175],[145.16570331406626,-40.820104285165705],[145.13690273805474,-40.8031785298506],[145.1153023060461,-40.79979337878758],[145.10810216204322,-40.79302307666154],[145.18730374607486,-40.8031785298506],[145.2593051861037,-40.78963792559852],[145.21610432208638,-40.80994883197664],[145.2449048980979,-40.81333398303966],[145.2593051861037,-40.80656368091362],[145.26650533010655,-40.75917156603133],[145.26650533010655,-40.74563096177924],[145.25210504210082,-40.728705206464134],[145.25210504210082,-40.71516460221205],[145.2593051861037,-40.71177945114903],[145.27370547410942,-40.73547550859018],[145.29530590611807,-40.7388606596532],[145.29530590611807,-40.755786414968306],[145.30970619412386,-40.76255671709435],[145.2881057621152,-40.76594186815737],[145.27370547410942,-40.79979337878758],[145.26650533010655,-40.79640822772456],[145.26650533010655,-40.80994883197664],[145.2881057621152,-40.820104285165705],[145.28090561811234,-40.83025973835477],[145.29530590611807,-40.82687458729175],[145.28090561811234,-40.79302307666154],[145.30970619412386,-40.83364488941779],[145.30970619412386,-40.843800342606855],[145.3241064821296,-40.8505706447329],[145.31690633812673,-40.83703004048081],[145.34570691413825,-40.8505706447329],[145.3889077781555,-40.8505706447329],[145.39610792215842,-40.86411124898498],[145.4033080661613,-40.85395579579592],[145.44650893017854,-40.870881551111026],[145.44650893017854,-40.87426670217405],[145.48250965019298,-40.867496400048005],[145.50411008220163,-40.8505706447329],[145.5113102262045,-40.85395579579592],[145.52571051421023,-40.88780730642613],[145.54011080221602,-40.891192457489154],[145.5473109462189,-40.90811821280426],[145.56171123422467,-40.918273665993325],[145.58331166623327,-40.914888514930304],[145.59771195423906,-40.92504396811937],[145.6193123862477,-40.92504396811937],[145.6193123862477,-40.93181427024541],[145.6553131062621,-40.941969723434475],[145.72731454629087,-40.9453548744975],[145.7345146902938,-40.95551032768656],[145.72731454629087,-40.969050931938646],[145.74171483429666,-40.985976687253746],[145.69851397027935,-40.97582123406468],[145.77051541030818,-40.99613214044281],[145.7993159863197,-41.02659850001],[145.83531670633408,-41.04013910426209],[145.82811656233122,-41.05029455745115],[145.84251685033695,-41.04013910426209],[145.8785175703514,-41.03675395319907],[145.8785175703514,-41.04352425532511],[145.92171843436864,-41.05029455745115],[145.9073181463629,-41.05029455745115],[145.9073181463629,-41.057064859577196],[145.92171843436864,-41.06722031276626],[145.95771915438303,-41.06383516170324],[145.98651973039455,-41.0739906148923],[146.0441208824176,-41.101071823396474],[146.06572131442624,-41.101071823396474],[146.08012160243203,-41.11461242764856],[146.11612232244642,-41.11799757871158],[146.13052261045215,-41.13492333402669],[146.1665233304666,-41.14507878721575],[146.1881237624752,-41.15523424040481],[146.24572491449823,-41.15861939146783],[146.24572491449823,-41.17554514678294],[146.25292505850115,-41.17554514678294],[146.25292505850115,-41.15184908934179],[146.28892577851553,-41.16200454253085],[146.33212664253278,-41.15523424040481],[146.31772635452705,-41.18231544890898],[146.3393267865357,-41.15861939146783],[146.35372707454144,-41.15861939146783],[146.36812736254723,-41.16538969359387],[146.36812736254723,-41.168774844656895],[146.39692793855875,-41.172159995719916],[146.46172923458465,-41.15861939146783],[146.5193303866077,-41.13492333402669],[146.53373067461348,-41.11799757871158],[146.5481309626192,-41.128153031900645],[146.54093081861635,-41.15523424040481],[146.562531250625,-41.168774844656895],[146.5481309626192,-41.168774844656895],[146.54093081861635,-41.17893029784596],[146.55533110662208,-41.172159995719916],[146.56973139462787,-41.17893029784596],[146.56973139462787,-41.18908575103502],[146.562531250625,-41.195856053161066],[146.57693153863073,-41.219552110602216],[146.562531250625,-41.239863016980344],[146.56973139462787,-41.239863016980344],[146.562531250625,-41.25001847016941],[146.57693153863073,-41.239863016980344],[146.56973139462787,-41.2330927148543],[146.5841316826336,-41.22293726166524],[146.5841316826336,-41.216166959539194],[146.59853197063939,-41.219552110602216],[146.59853197063939,-41.216166959539194],[146.60573211464225,-41.21278180847617],[146.59133182663652,-41.21278180847617],[146.59853197063939,-41.20939665741315],[146.57693153863073,-41.19924120422409],[146.5841316826336,-41.192470902098044],[146.57693153863073,-41.185700599972],[146.5841316826336,-41.168774844656895],[146.60573211464225,-41.168774844656895],[146.59853197063939,-41.16538969359387],[146.61293225864512,-41.15861939146783],[146.59853197063939,-41.15184908934179],[146.56973139462787,-41.16538969359387],[146.562531250625,-41.14507878721575],[146.59133182663652,-41.14507878721575],[146.63453269065377,-41.124767880837624],[146.64893297865956,-41.11122727658554],[146.64173283465664,-41.09768667233345],[146.64893297865956,-41.09430152127043],[146.67773355467108,-41.101071823396474],[146.71373427468546,-41.0739906148923],[146.7065341306826,-41.06383516170324],[146.74253485069698,-41.08414606808137],[146.7713354267085,-41.077375765955324],[146.80013600272002,-41.10784212552252],[146.78573571471424,-41.11122727658554],[146.8073361467229,-41.11122727658554],[146.81453629072575,-41.11122727658554],[146.8073361467229,-41.07060546382928],[146.78573571471424,-41.053679708514174],[146.81453629072575,-41.06045001064022],[146.8361367227344,-41.04013910426209],[146.8721374427488,-41.01982819788396],[146.89373787475745,-41.029983651073024],[146.95853917078335,-41.02659850001],[146.94413888277762,-41.02659850001],[146.9945398907978,-40.985976687253746],[147.02334046680932,-40.9792063851277],[147.03054061081218,-40.98936183831677],[147.0593411868237,-40.98936183831677],[147.07374147482943,-40.99951729150583],[147.11694233884674,-40.99613214044281],[147.160143202864,-41.01305789575792],[147.160143202864,-41.006287593631875],[147.17454349086978,-41.009672744694896],[147.19614392287843,-40.99951729150583],[147.2033440668813,-40.99951729150583],[147.22494449888995,-40.98936183831677],[147.2465449308986,-40.95212517662354],[147.282545650913,-40.941969723434475],[147.282545650913,-40.95212517662354],[147.30414608292165,-40.95889547874958],[147.3473469469389,-40.938584572371454],[147.3617472349447,-40.97582123406468],[147.35454709094176,-40.982591536190725],[147.36894737894755,-40.97582123406468],[147.38334766695328,-40.9792063851277],[147.40014800296,-41.00290244256885],[147.44094881897632,-41.00290244256885],[147.4913498269965,-40.9792063851277],[147.52735054701088,-40.95212517662354],[147.5705514110282,-40.8979627596152],[147.58495169903392,-40.894577608552176],[147.57775155503106,-40.891192457489154],[147.59215184303685,-40.870881551111026],[147.58495169903392,-40.86411124898498],[147.5993519870397,-40.85734094685894],[147.59215184303685,-40.8505706447329],[147.62815256305123,-40.843800342606855],[147.67135342706848,-40.820104285165705],[147.70735414708292,-40.86072609792196],[147.75775515510304,-40.85734094685894],[147.75055501110018,-40.87426670217405],[147.75775515510304,-40.86411124898498],[147.7793555871117,-40.88103700430009],[147.822556451129,-40.88780730642613],[147.88015760315204,-40.867496400048005],[147.87295745914912,-40.88442215536311],[147.90175803516064,-40.87765185323707],[147.91615832316643,-40.867496400048005],[147.8873577471549,-40.87765185323707],[147.8873577471549,-40.86411124898498],[147.93055861117216,-40.816719134102684],[147.94495889917795,-40.78963792559852],[147.94495889917795,-40.776097321346434],[147.9521590431808,-40.776097321346434],[147.95935918718368,-40.76594186815737],[147.95935918718368,-40.755786414968306],[147.94495889917795,-40.752401263905284],[147.93775875517508,-40.7388606596532],[147.95935918718368,-40.74563096177924],[147.97375947518947,-40.7388606596532],[148.00976019520385,-40.74224581071622],[148.01696033920672,-40.752401263905284],[148.0313606272125,-40.752401263905284],[148.03856077121537,-40.76255671709435],[148.06016120322403,-40.77271217028341],[148.08176163523268,-40.76932701922039],[148.13936278725572,-40.83025973835477],[148.1753635072701,-40.83025973835477],[148.1753635072701,-40.820104285165705],[148.19696393927876,-40.84041519154383],[148.22576451529028,-40.847185493669876],[148.2185643712874,-40.86072609792196],[148.22576451529028,-40.87765185323707],[148.26176523530467,-40.891192457489154],[148.2545650913018,-40.90473306174124],[148.26896537930753,-40.90134791067822],[148.27616552331045,-40.92165881705635],[148.30496609932197,-40.941969723434475],[148.30496609932197,-40.95889547874958],[148.29776595531905,-40.95551032768656],[148.32656653133057,-40.98936183831677],[148.34816696333922,-40.99274698937979],[148.3337666753335,-40.99951729150583],[148.30496609932197,-41.029983651073024],[148.29776595531905,-41.06045001064022],[148.28336566731332,-41.04690940638813],[148.29056581131618,-41.029983651073024],[148.24736494729893,-41.05029455745115],[148.28336566731332,-41.053679708514174],[148.29776595531905,-41.06383516170324],[148.26896537930753,-41.124767880837624],[148.26896537930753,-41.15184908934179],[148.27616552331045,-41.15184908934179],[148.28336566731332,-41.168774844656895],[148.26933461746154,-41.18031907776927],[148.27616552331045,-41.20601150635013],[148.28336566731332,-41.20939665741315],[148.27616552331045,-41.22970756379128],[148.29056581131618,-41.23647786591732],[148.30496609932197,-41.25001847016941],[148.31216624332484,-41.24663331910639],[148.3193663873277,-41.25340362123243],[148.32656653133057,-41.25001847016941],[148.34096681933636,-41.26017392335847],[148.3337666753335,-41.27709967867358],[148.34096681933636,-41.2804848297366],[148.3553671073421,-41.27371452761056],[148.362567251345,-41.2804848297366],[148.32656653133057,-41.30756603824077],[148.29776595531905,-41.36511360631213],[148.29776595531905,-41.37188390843817],[148.26896537930753,-41.46328298713975],[148.26896537930753,-41.503904799896],[148.26176523530467,-41.476823591391835],[148.26176523530467,-41.49036419564392],[148.26896537930753,-41.50728995095902],[148.27616552331045,-41.503904799896],[148.29056581131618,-41.55806721690434],[148.29776595531905,-41.55806721690434],[148.3193663873277,-41.57499297221945],[148.3193663873277,-41.62238508710175],[148.29056581131618,-41.65962174879498],[148.29056581131618,-41.683317806236126],[148.29776595531905,-41.69347325942519],[148.28336566731332,-41.72055446792936],[148.30496609932197,-41.74763567643353],[148.28336566731332,-41.757791129622596],[148.26176523530467,-41.80856839556792],[148.26896537930753,-41.849190208324174],[148.29056581131618,-41.866115963639274],[148.31216624332484,-41.87288626576532],[148.30496609932197,-41.889812021080424],[148.3193663873277,-41.90335262533251],[148.32656653133057,-41.916893229584595],[148.30496609932197,-41.93720413596272],[148.31216624332484,-41.96090019340387],[148.29776595531905,-41.964285344466894],[148.29056581131618,-41.981211099782],[148.28336566731332,-42.03875866785336],[148.29776595531905,-42.055684423168465],[148.31216624332484,-42.055684423168465],[148.32656653133057,-42.09630623592472],[148.3337666753335,-42.106461689113786],[148.34096681933636,-42.103076538050765],[148.34816696333922,-42.12000229336587],[148.3337666753335,-42.126772595491914],[148.34096681933636,-42.13354289761796],[148.3193663873277,-42.13354289761796],[148.32656653133057,-42.150468652933064],[148.29776595531905,-42.16739440824817],[148.30496609932197,-42.174164710374214],[148.31216624332484,-42.17077955931119],[148.34816696333922,-42.18432016356328],[148.3553671073421,-42.18093501250026],[148.34096681933636,-42.21140137206744],[148.34816696333922,-42.22494197631953],[148.32656653133057,-42.22832712738255],[148.3193663873277,-42.265563789075784],[148.30496609932197,-42.265563789075784],[148.31216624332484,-42.27571924226485],[148.29056581131618,-42.28248954439089],[148.29056581131618,-42.25879348694974],[148.26176523530467,-42.25540833588672],[148.2545650913018,-42.241867731634635],[148.2545650913018,-42.23171227844557],[148.26896537930753,-42.22832712738255],[148.29056581131618,-42.19109046568932],[148.27616552331045,-42.174164710374214],[148.26176523530467,-42.16400925718515],[148.26896537930753,-42.14708350187004],[148.29776595531905,-42.140313199744],[148.29776595531905,-42.126772595491914],[148.28336566731332,-42.126772595491914],[148.26896537930753,-42.10984684017681],[148.24736494729893,-42.11661714230285],[148.240164803296,-42.09969138698774],[148.240164803296,-42.08953593379868],[148.2113642272845,-42.07599532954659],[148.2113642272845,-42.07261017848357],[148.22576451529028,-42.07599532954659],[148.2185643712874,-42.06922502742055],[148.19696393927876,-42.06583987635753],[148.1897637952759,-42.079380480609615],[148.15376307526145,-42.07261017848357],[148.16096321926437,-42.059069574231486],[148.1753635072701,-42.055684423168465],[148.1753635072701,-42.04214381891638],[148.2113642272845,-42.03537351679034],[148.240164803296,-42.00152200616013],[148.240164803296,-41.987981401908044],[148.2113642272845,-41.98459625084502],[148.2185643712874,-42.00152200616013],[148.19696393927876,-42.02183291253826],[148.1753635072701,-42.00829230828617],[148.16816336326724,-41.99813685509711],[148.16096321926437,-41.99813685509711],[148.1465629312586,-42.01844776147524],[148.1465629312586,-42.03537351679034],[148.15376307526145,-42.03537351679034],[148.16096321926437,-42.03875866785336],[148.16096321926437,-42.04891412104242],[148.16816336326724,-42.052299272105444],[148.15376307526145,-42.06245472529451],[148.13216264325285,-42.06245472529451],[148.11776235524707,-42.07261017848357],[148.12496249924993,-42.07261017848357],[148.0961619232384,-42.079380480609615],[148.0961619232384,-42.082765631672636],[148.15376307526145,-42.07599532954659],[148.16816336326724,-42.08615078273566],[148.2113642272845,-42.08615078273566],[148.23296465929315,-42.09630623592472],[148.12496249924993,-42.0929210848617],[148.04576091521824,-42.12000229336587],[148.0673613472269,-42.11323199123983],[148.08176163523268,-42.126772595491914],[148.07456149122982,-42.153853803996086],[148.08176163523268,-42.16739440824817],[148.01696033920672,-42.23848258057161],[148.00976019520385,-42.24863803376068],[148.0313606272125,-42.26217863801276],[148.01696033920672,-42.268948940138806],[148.01696033920672,-42.28587469545391],[148.002560051201,-42.30957075289506],[147.98095961919233,-42.30618560183204],[147.97375947518947,-42.33326681033621],[147.98095961919233,-42.32649650821017],[147.9881597631952,-42.32649650821017],[147.99535990719812,-42.312955903958084],[148.01696033920672,-42.316341055021105],[148.01696033920672,-42.32649650821017],[148.02416048320964,-42.35019256565132],[148.00976019520385,-42.363733169903405],[148.00976019520385,-42.37388862309247],[147.9881597631952,-42.38742922734455],[147.98095961919233,-42.404354982659655],[147.99535990719812,-42.43482134222685],[147.97375947518947,-42.44159164435289],[148.00976019520385,-42.44159164435289],[148.00976019520385,-42.46190255073102],[148.002560051201,-42.46867285285706],[147.9881597631952,-42.499139212424254],[147.99535990719812,-42.48898375923519],[147.99535990719812,-42.502524363487275],[148.00976019520385,-42.50929466561332],[147.99535990719812,-42.51945011880238],[147.99535990719812,-42.526220420928425],[147.98095961919233,-42.51606496773936],[147.9665593311866,-42.51945011880238],[147.9521590431808,-42.553301629432596],[147.93055861117216,-42.549916478369575],[147.9233584671693,-42.53976102518051],[147.93055861117216,-42.529605571991446],[147.91615832316643,-42.51606496773936],[147.9233584671693,-42.49575406136123],[147.91615832316643,-42.50929466561332],[147.90175803516064,-42.5059095145503],[147.90895817916356,-42.51606496773936],[147.89455789115777,-42.5228352698654],[147.91615832316643,-42.529605571991446],[147.91615832316643,-42.549916478369575],[147.8873577471549,-42.54653132730655],[147.87295745914912,-42.553301629432596],[147.88015760315204,-42.553301629432596],[147.88015760315204,-42.566842233684675],[147.90175803516064,-42.566842233684675],[147.91615832316643,-42.590538291125824],[147.94495889917795,-42.60746404644093],[147.93055861117216,-42.63116010388208],[147.95935918718368,-42.65147101026021],[147.93055861117216,-42.64470070813417],[147.93775875517508,-42.65485616132323],[147.95935918718368,-42.65485616132323],[147.9521590431808,-42.661626463449274],[147.9665593311866,-42.66839676557532],[147.95935918718368,-42.67855221876438],[147.93775875517508,-42.70224827620553],[147.93775875517508,-42.712403729394595],[147.94495889917795,-42.70901857833157],[147.94495889917795,-42.712403729394595],[147.94495889917795,-42.7293294847097],[147.90175803516064,-42.74287008896178],[147.88015760315204,-42.76995129746595],[147.87295745914912,-42.81734341234825],[147.8873577471549,-42.84442462085242],[147.87295745914912,-42.83765431872638],[147.86575731514625,-42.81395826128523],[147.8585571711434,-42.84780977191544],[147.8441568831376,-42.84442462085242],[147.8441568831376,-42.86135037616753],[147.83695673913473,-42.86135037616753],[147.8441568831376,-42.874890980419615],[147.82975659513187,-42.86473552723055],[147.82975659513187,-42.88166128254566],[147.79375587511748,-42.89181673573472],[147.79375587511748,-42.901972188923786],[147.77215544310883,-42.898587037860764],[147.76495529910596,-42.90535733998681],[147.7433548670973,-42.89520188679774],[147.72895457909152,-42.898587037860764],[147.72175443508866,-42.88504643360868],[147.67135342706848,-42.901972188923786],[147.67135342706848,-42.89181673573472],[147.65695313906275,-42.88504643360868],[147.64975299505988,-42.89181673573472],[147.64255285105696,-42.878276131482636],[147.65695313906275,-42.88166128254566],[147.68575371507427,-42.86473552723055],[147.70015400308,-42.87150582935659],[147.68575371507427,-42.86135037616753],[147.64975299505988,-42.878276131482636],[147.60655213104258,-42.86812067829357],[147.60655213104258,-42.854580074041486],[147.62095241904836,-42.84442462085242],[147.5993519870397,-42.81395826128523],[147.60655213104258,-42.79703250597012],[147.59215184303685,-42.780106750655015],[147.58495169903392,-42.776721599591994],[147.59215184303685,-42.78349190171804],[147.59215184303685,-42.800417657033144],[147.56335126702533,-42.7936473549071],[147.56335126702533,-42.78687705278106],[147.5561511230224,-42.79703250597012],[147.54895097901954,-42.78687705278106],[147.5345506910138,-42.78349190171804],[147.54175083501667,-42.76995129746595],[147.52735054701088,-42.78349190171804],[147.54175083501667,-42.800417657033144],[147.5345506910138,-42.803802808096165],[147.52735054701088,-42.803802808096165],[147.52015040300802,-42.78687705278106],[147.51295025900515,-42.78349190171804],[147.48414968299363,-42.803802808096165],[147.4553491069821,-42.780106750655015],[147.460149202984,-42.776721599591994],[147.44814896297925,-42.776721599591994],[147.44814896297925,-42.78349190171804],[147.43374867497346,-42.77333644852897],[147.43374867497346,-42.78687705278106],[147.46254925098498,-42.81057311022221],[147.48414968299363,-42.80718795915919],[147.4913498269965,-42.81395826128523],[147.47694953899077,-42.81395826128523],[147.46974939498784,-42.82072856341127],[147.48414968299363,-42.827498865537315],[147.4913498269965,-42.827498865537315],[147.51295025900515,-42.81057311022221],[147.52015040300802,-42.827498865537315],[147.57775155503106,-42.824113714474294],[147.61375227504544,-42.84442462085242],[147.56335126702533,-42.83765431872638],[147.52735054701088,-42.84780977191544],[147.5057501150023,-42.86473552723055],[147.51295025900515,-42.874890980419615],[147.49854997099936,-42.91212764211284],[147.52735054701088,-42.93243854849097],[147.54175083501667,-42.95951975699514],[147.5561511230224,-42.98660096549931],[147.52015040300802,-42.993371267625356],[147.52735054701088,-43.00691187187744],[147.52015040300802,-43.02045247612953],[147.44094881897632,-43.037378231444634],[147.41934838696773,-43.05091883569672],[147.40494809896194,-43.0475336846337],[147.40494809896194,-43.037378231444634],[147.4121482429648,-43.02045247612953],[147.39774795495907,-43.00691187187744],[147.40494809896194,-42.98321581443629],[147.3905478109562,-42.97644551231025],[147.4121482429648,-42.962904908058164],[147.40494809896194,-42.97644551231025],[147.41934838696773,-42.98321581443629],[147.41934838696773,-43.00352672081442],[147.4265485309706,-43.02722277825557],[147.4553491069821,-43.03399308038161],[147.46974939498784,-43.02722277825557],[147.47694953899077,-43.017067325066506],[147.46974939498784,-43.0001415697514],[147.47694953899077,-42.98321581443629],[147.46254925098498,-42.96967521018421],[147.44814896297925,-42.97983066337327],[147.44814896297925,-42.962904908058164],[147.46254925098498,-42.92228309530191],[147.47694953899077,-42.918897944238886],[147.4913498269965,-42.92566824636493],[147.48414968299363,-42.91212764211284],[147.47694953899077,-42.90535733998681],[147.43374867497346,-42.90874249104983],[147.41934838696773,-42.939208850617014],[147.4121482429648,-42.939208850617014],[147.4121482429648,-42.918897944238886],[147.41934838696773,-42.90874249104983],[147.40494809896194,-42.88504643360868],[147.36894737894755,-42.88166128254566],[147.36894737894755,-42.87150582935659],[147.35454709094176,-42.874890980419615],[147.3473469469389,-42.86135037616753],[147.3617472349447,-42.84780977191544],[147.3473469469389,-42.854580074041486],[147.34014680293603,-42.84442462085242],[147.3473469469389,-42.83426916766336],[147.33294665893317,-42.8410394697894],[147.33294665893317,-42.83426916766336],[147.31854637092738,-42.824113714474294],[147.31854637092738,-42.81734341234825],[147.282545650913,-42.800417657033144],[147.28974579491586,-42.79026220384408],[147.282545650913,-42.776721599591994],[147.2681453629072,-42.780106750655015],[147.26094521890434,-42.76656614640293],[147.2681453629072,-42.756410693213866],[147.25374507490147,-42.74964039108782],[147.25374507490147,-42.756410693213866],[147.19614392287843,-42.72594433364668],[147.18174363487265,-42.73271463577272],[147.18174363487265,-42.73948493789876],[147.1889437788755,-42.73948493789876],[147.15294305886113,-42.753025542150844],[147.19614392287843,-42.73948493789876],[147.23214464289282,-42.753025542150844],[147.25374507490147,-42.76656614640293],[147.25374507490147,-42.78687705278106],[147.282545650913,-42.79026220384408],[147.26094521890434,-42.79026220384408],[147.2681453629072,-42.79703250597012],[147.25374507490147,-42.80718795915919],[147.26094521890434,-42.81057311022221],[147.25374507490147,-42.81395826128523],[147.27534550691013,-42.827498865537315],[147.29694593891873,-42.81734341234825],[147.30414608292165,-42.824113714474294],[147.29694593891873,-42.830884016600336],[147.30414608292165,-42.83426916766336],[147.30414608292165,-42.827498865537315],[147.31854637092738,-42.830884016600336],[147.3113462269245,-42.84780977191544],[147.32574651493024,-42.84442462085242],[147.31854637092738,-42.854580074041486],[147.34014680293603,-42.86473552723055],[147.34014680293603,-42.878276131482636],[147.33294665893317,-42.88504643360868],[147.34014680293603,-42.8884315846717],[147.33294665893317,-42.898587037860764],[147.3617472349447,-42.915512793175864],[147.35454709094176,-42.9527494548691],[147.3473469469389,-42.95613460593212],[147.34014680293603,-42.97306036124723],[147.32574651493024,-42.97644551231025],[147.33294665893317,-42.97644551231025],[147.32574651493024,-43.00691187187744],[147.3473469469389,-43.05091883569672],[147.3113462269245,-43.061074288885784],[147.282545650913,-43.00691187187744],[147.2681453629072,-43.02383762719255],[147.282545650913,-43.02722277825557],[147.25374507490147,-43.07461489313787],[147.282545650913,-43.07461489313787],[147.30414608292165,-43.08815549738995],[147.282545650913,-43.1118515548311],[147.26094521890434,-43.105081252705055],[147.2681453629072,-43.11523670589412],[147.2681453629072,-43.12200700802016],[147.2465449308986,-43.12200700802016],[147.26094521890434,-43.13216246120923],[147.25374507490147,-43.13216246120923],[147.25374507490147,-43.13893276333527],[147.23934478689569,-43.14908821652433],[147.2465449308986,-43.152473367587355],[147.23934478689569,-43.155858518650376],[147.2465449308986,-43.16601397183944],[147.23934478689569,-43.18293972715455],[147.25374507490147,-43.18971002928059],[147.26094521890434,-43.223561539910804],[147.23934478689569,-43.25741305054102],[147.23934478689569,-43.267568503730075],[147.2177443548871,-43.28110910798216],[147.1889437788755,-43.27772395691914],[147.16734334686691,-43.28449425904518],[147.14574291485826,-43.2709536547931],[147.1385427708554,-43.254027899478],[147.14304286085718,-43.24979646064922],[147.1241424828496,-43.24387244628893],[147.0953419068381,-43.250642748414975],[147.10254205084095,-43.24387244628893],[147.08814176283522,-43.24387244628893],[147.10254205084095,-43.23710214416289],[147.08814176283522,-43.22017638884778],[147.11694233884674,-43.21002093565872],[147.10254205084095,-43.2066357845957],[147.10254205084095,-43.199865482469654],[147.0953419068381,-43.18971002928059],[147.10974219484388,-43.18632487821757],[147.0953419068381,-43.18293972715455],[147.0953419068381,-43.17278427396548],[147.08094161883236,-43.16262882077642],[147.08814176283522,-43.19309518034361],[147.07374147482943,-43.203250633532676],[147.08094161883236,-43.2066357845957],[147.06654133082657,-43.21679123778476],[147.0593411868237,-43.223561539910804],[147.03054061081218,-43.21002093565872],[147.00894017880353,-43.18971002928059],[146.98733974679487,-43.18971002928059],[146.980139602792,-43.176169425028505],[146.9945398907978,-43.17278427396548],[146.9945398907978,-43.14570306546131],[147.0161403228064,-43.1118515548311],[147.00894017880353,-43.11523670589412],[147.0161403228064,-43.101696101642034],[147.00174003480066,-43.12200700802016],[147.00174003480066,-43.106435313130284],[146.9945398907978,-43.11862185695714],[146.9945398907978,-43.128777310146205],[146.97293945878914,-43.13893276333527],[146.980139602792,-43.1592436697134]]],[[[144.0640812816256,-40.06183044704895],[144.04968099361986,-40.06860074917499],[144.04968099361986,-40.07537105130103],[144.0280805616112,-40.095681957679155],[143.99207984159682,-40.099067108742176],[143.97047940958817,-40.11599286405728],[143.9632792655853,-40.10922256193124],[143.9488789775795,-40.11260771299426],[143.920078401568,-40.13291861937239],[143.92727854557086,-40.146459223624475],[143.92727854557086,-40.15661467681354],[143.91287825756513,-40.143074072561454],[143.89847796955934,-40.13968892149843],[143.90567811356226,-40.12953346830937],[143.90567811356226,-40.122763166183326],[143.87687753755074,-40.11599286405728],[143.86967739354782,-40.082141353427076],[143.8552771055421,-40.06183044704895],[143.87687753755074,-40.06183044704895],[143.89127782555647,-40.055060144922905],[143.8840776815536,-40.027978936418734],[143.89127782555647,-40.01105318110363],[143.8840776815536,-39.99751257685154],[143.89127782555647,-39.99412742578852],[143.87687753755074,-39.96704621728435],[143.8408768175363,-39.936579857717156],[143.84807696153922,-39.92642440452809],[143.83367667353343,-39.916268951339035],[143.8408768175363,-39.91288380027601],[143.83367667353343,-39.90272834708695],[143.84807696153922,-39.895958044960906],[143.8408768175363,-39.88580259177184],[143.84807696153922,-39.868876836456735],[143.86247724954495,-39.85533623220465],[143.8552771055421,-39.85195108114163],[143.86967739354782,-39.83502532582652],[143.86247724954495,-39.81471441944839],[143.86247724954495,-39.79101836200724],[143.84807696153922,-39.770707455629115],[143.8552771055421,-39.73685594499891],[143.8408768175363,-39.71654503862078],[143.89127782555647,-39.69961928330567],[143.920078401568,-39.66915292373848],[143.93447868957378,-39.63868656417129],[143.92727854557086,-39.59467960035201],[143.93447868957378,-39.59467960035201],[143.9488789775795,-39.581138996099924],[143.9848796975939,-39.60144990247805],[144.00648012960255,-39.59806475141503],[144.01368027360542,-39.608220204604095],[144.04968099361986,-39.6251459599192],[144.1072821456429,-39.66915292373848],[144.10008200163998,-39.75378170031401],[144.11448228964576,-39.818099570511414],[144.0928818576371,-39.79101836200724],[144.1072821456429,-39.821484721574436],[144.12168243364863,-39.818099570511414],[144.11448228964576,-39.797788664133286],[144.1288825776515,-39.821484721574436],[144.1072821456429,-39.865491685393714],[144.1072821456429,-39.892572893897885],[144.11448228964576,-39.91288380027601],[144.13608272165442,-39.92303925346507],[144.13608272165442,-39.933194706654135],[144.1288825776515,-39.99412742578852],[144.11448228964576,-40.007668030040605],[144.11448228964576,-40.01782348322967],[144.10008200163998,-40.027978936418734],[144.1072821456429,-40.04490469173384],[144.0928818576371,-40.05167499385988],[144.07128142562846,-40.05167499385988],[144.0640812816256,-40.06860074917499],[144.0640812816256,-40.06183044704895]]],[[[147.0953419068381,-43.4300557547551],[147.0953419068381,-43.413129999439995],[147.1241424828496,-43.41651515050302],[147.160143202864,-43.46390726538531],[147.18174363487265,-43.457136963259266],[147.17454349086978,-43.45036666113322],[147.18174363487265,-43.44359635900718],[147.17454349086978,-43.436826056881145],[147.1889437788755,-43.4300557547551],[147.18174363487265,-43.41651515050302],[147.17454349086978,-43.42328545262906],[147.17454349086978,-43.409744848376974],[147.16734334686691,-43.409744848376974],[147.1889437788755,-43.386048790935824],[147.18325945466273,-43.3593239141225],[147.19614392287843,-43.362352733494674],[147.19614392287843,-43.37927848880978],[147.21054421088417,-43.3826636398728],[147.22494449888995,-43.36912303562072],[147.2177443548871,-43.362352733494674],[147.23214464289282,-43.365737884557696],[147.22494449888995,-43.338656676053525],[147.23934478689569,-43.32850122286446],[147.2465449308986,-43.30480516542331],[147.2681453629072,-43.294649712234246],[147.2681453629072,-43.27772395691914],[147.282545650913,-43.267568503730075],[147.28974579491586,-43.24048729522591],[147.30414608292165,-43.264183352667054],[147.29694593891873,-43.27433880585612],[147.30414608292165,-43.29803486329727],[147.31854637092738,-43.294649712234246],[147.35454709094176,-43.25741305054102],[147.3473469469389,-43.23710214416289],[147.35454709094176,-43.23033184203685],[147.34014680293603,-43.22017638884778],[147.3617472349447,-43.21002093565872],[147.37614752295042,-43.21340608672174],[147.38334766695328,-43.2066357845957],[147.38334766695328,-43.18632487821757],[147.37614752295042,-43.176169425028505],[147.3617472349447,-43.176169425028505],[147.35454709094176,-43.18632487821757],[147.33294665893317,-43.18632487821757],[147.34014680293603,-43.16939912290246],[147.29694593891873,-43.179554576091526],[147.30414608292165,-43.16939912290246],[147.27534550691013,-43.16601397183944],[147.29694593891873,-43.155858518650376],[147.282545650913,-43.14570306546131],[147.3113462269245,-43.13554761227225],[147.32574651493024,-43.152473367587355],[147.34014680293603,-43.13554761227225],[147.35454709094176,-43.13216246120923],[147.35454709094176,-43.14231791439829],[147.3617472349447,-43.11523670589412],[147.35454709094176,-43.128777310146205],[147.34014680293603,-43.11862185695714],[147.32574651493024,-43.13216246120923],[147.32574651493024,-43.125392159083184],[147.33294665893317,-43.11523670589412],[147.30414608292165,-43.11523670589412],[147.31854637092738,-43.10846640376808],[147.32574651493024,-43.08815549738995],[147.32574651493024,-43.084770346326934],[147.34014680293603,-43.08138519526391],[147.35454709094176,-43.064459439948806],[147.36894737894755,-43.07122974207485],[147.3617472349447,-43.08815549738995],[147.3905478109562,-43.101696101642034],[147.3905478109562,-43.12200700802016],[147.39774795495907,-43.128777310146205],[147.3905478109562,-43.16262882077642],[147.4121482429648,-43.16939912290246],[147.4121482429648,-43.199865482469654],[147.4265485309706,-43.2066357845957],[147.43374867497346,-43.23033184203685],[147.43374867497346,-43.250642748414975],[147.41934838696773,-43.254027899478],[147.41934838696773,-43.24048729522591],[147.38334766695328,-43.250642748414975],[147.3473469469389,-43.27433880585612],[147.32574651493024,-43.30480516542331],[147.31854637092738,-43.34542697817957],[147.34014680293603,-43.365737884557696],[147.33294665893317,-43.36912303562072],[147.3473469469389,-43.36912303562072],[147.36894737894755,-43.34881212924259],[147.38334766695328,-43.37250818668374],[147.37614752295042,-43.389433941998846],[147.3617472349447,-43.39281909306187],[147.34014680293603,-43.42328545262906],[147.3473469469389,-43.4300557547551],[147.3473469469389,-43.436826056881145],[147.33294665893317,-43.44021120794416],[147.31854637092738,-43.47067756751135],[147.32574651493024,-43.501143927078544],[147.29694593891873,-43.51468453133063],[147.28974579491586,-43.504529078141566],[147.27534550691013,-43.501143927078544],[147.26094521890434,-43.48760332282646],[147.2465449308986,-43.4943736249525],[147.23934478689569,-43.46729241644833],[147.25374507490147,-43.457136963259266],[147.2465449308986,-43.44021120794416],[147.2033440668813,-43.436826056881145],[147.2033440668813,-43.453751812196245],[147.18174363487265,-43.47067756751135],[147.1889437788755,-43.480833020700416],[147.18174363487265,-43.48760332282646],[147.160143202864,-43.48421817176344],[147.14574291485826,-43.49775877601552],[147.1385427708554,-43.4943736249525],[147.1385427708554,-43.457136963259266],[147.0953419068381,-43.4300557547551]],[[147.23934478689569,-43.41990030156604],[147.22494449888995,-43.413129999439995],[147.2033440668813,-43.41990030156604],[147.2033440668813,-43.4300557547551],[147.22494449888995,-43.433440905818124],[147.23934478689569,-43.42667060369208],[147.23934478689569,-43.41990030156604]]],[[[147.8873577471549,-43.13893276333527],[147.8873577471549,-43.12200700802016],[147.86575731514625,-43.128777310146205],[147.86575731514625,-43.10846640376808],[147.85135702714052,-43.11862185695714],[147.8585571711434,-43.125392159083184],[147.85135702714052,-43.125392159083184],[147.86575731514625,-43.13893276333527],[147.8585571711434,-43.13554761227225],[147.8585571711434,-43.14231791439829],[147.8441568831376,-43.155858518650376],[147.8585571711434,-43.16601397183944],[147.87295745914912,-43.152473367587355],[147.87295745914912,-43.16262882077642],[147.85135702714052,-43.179554576091526],[147.87295745914912,-43.19309518034361],[147.86575731514625,-43.19648033140663],[147.87295745914912,-43.2066357845957],[147.8585571711434,-43.2066357845957],[147.8441568831376,-43.18632487821757],[147.80095601912035,-43.21679123778476],[147.80095601912035,-43.24387244628893],[147.78655573111456,-43.23710214416289],[147.7793555871117,-43.21340608672174],[147.75055501110018,-43.21002093565872],[147.7433548670973,-43.19648033140663],[147.7145542910858,-43.19309518034361],[147.7145542910858,-43.179554576091526],[147.70015400308,-43.176169425028505],[147.69295385907714,-43.16601397183944],[147.70015400308,-43.1592436697134],[147.70015400308,-43.14570306546131],[147.68575371507427,-43.13893276333527],[147.70015400308,-43.12200700802016],[147.72895457909152,-43.125392159083184],[147.73615472309444,-43.1118515548311],[147.7145542910858,-43.105081252705055],[147.72895457909152,-43.101696101642034],[147.75055501110018,-43.1118515548311],[147.7433548670973,-43.09492579951599],[147.68575371507427,-43.101696101642034],[147.67135342706848,-43.08815549738995],[147.64975299505988,-43.08815549738995],[147.64255285105696,-43.07461489313787],[147.62815256305123,-43.07461489313787],[147.62095241904836,-43.05091883569672],[147.62815256305123,-43.040763382507656],[147.62095241904836,-43.00691187187744],[147.64255285105696,-42.993371267625356],[147.66415328306562,-43.0001415697514],[147.6785535710714,-42.993371267625356],[147.68575371507427,-42.97306036124723],[147.67135342706848,-42.962904908058164],[147.6785535710714,-42.95613460593212],[147.66415328306562,-42.942594001680035],[147.6785535710714,-42.93582369955399],[147.70015400308,-42.942594001680035],[147.70735414708292,-42.95613460593212],[147.72895457909152,-42.94936430380608],[147.72895457909152,-42.95613460593212],[147.72895457909152,-42.962904908058164],[147.73615472309444,-42.96967521018421],[147.70735414708292,-43.00352672081442],[147.72895457909152,-43.017067325066506],[147.72175443508866,-43.02722277825557],[147.7433548670973,-43.013682174003485],[147.75055501110018,-43.04414853357068],[147.75775515510304,-43.04414853357068],[147.76495529910596,-43.03399308038161],[147.77215544310883,-43.05430398675974],[147.80815616312321,-43.0475336846337],[147.81535630712608,-43.061074288885784],[147.82975659513187,-43.05430398675974],[147.8441568831376,-43.061074288885784],[147.8441568831376,-43.05091883569672],[147.83695673913473,-43.040763382507656],[147.8441568831376,-43.03060792931859],[147.8585571711434,-43.05768913782276],[147.87295745914912,-43.02383762719255],[147.9233584671693,-43.017067325066506],[147.8441568831376,-43.013682174003485],[147.85135702714052,-43.00691187187744],[147.83695673913473,-43.00352672081442],[147.83695673913473,-42.989986116562335],[147.8585571711434,-42.98321581443629],[147.83695673913473,-42.97983066337327],[147.82975659513187,-42.96967521018421],[147.822556451129,-42.97644551231025],[147.80815616312321,-42.962904908058164],[147.82975659513187,-42.966290059121185],[147.85135702714052,-42.95951975699514],[147.85135702714052,-42.9527494548691],[147.85135702714052,-42.94597915274306],[147.86575731514625,-42.94597915274306],[147.8585571711434,-42.93582369955399],[147.83695673913473,-42.94936430380608],[147.82975659513187,-42.94597915274306],[147.82975659513187,-42.93582369955399],[147.81535630712608,-42.939208850617014],[147.80815616312321,-42.92566824636493],[147.822556451129,-42.92228309530191],[147.822556451129,-42.90874249104983],[147.80095601912035,-42.89181673573472],[147.8441568831376,-42.8884315846717],[147.87295745914912,-42.89520188679774],[147.87295745914912,-42.8884315846717],[147.89455789115777,-42.89520188679774],[147.90895817916356,-42.90874249104983],[147.90175803516064,-42.898587037860764],[147.90175803516064,-42.88166128254566],[147.8585571711434,-42.874890980419615],[147.8873577471549,-42.86135037616753],[147.88015760315204,-42.854580074041486],[147.89455789115777,-42.8410394697894],[147.9233584671693,-42.84442462085242],[147.9233584671693,-42.86135037616753],[147.93775875517508,-42.878276131482636],[147.97375947518947,-42.86473552723055],[147.97375947518947,-42.874890980419615],[147.95935918718368,-42.88166128254566],[147.98095961919233,-42.89181673573472],[147.99535990719812,-42.915512793175864],[147.98095961919233,-42.942594001680035],[148.002560051201,-42.962904908058164],[147.98095961919233,-42.97983066337327],[147.95935918718368,-42.98321581443629],[147.9521590431808,-43.0001415697514],[147.93055861117216,-43.01029702294046],[147.9233584671693,-43.02045247612953],[147.93775875517508,-43.03399308038161],[147.9521590431808,-43.03399308038161],[147.9521590431808,-43.05091883569672],[147.94495889917795,-43.05768913782276],[147.9521590431808,-43.064459439948806],[147.97375947518947,-43.101696101642034],[147.98095961919233,-43.10846640376808],[147.98095961919233,-43.12200700802016],[147.9521590431808,-43.125392159083184],[147.95935918718368,-43.13216246120923],[147.9521590431808,-43.13554761227225],[147.9665593311866,-43.14231791439829],[147.97375947518947,-43.13554761227225],[148.002560051201,-43.13893276333527],[147.98095961919233,-43.155858518650376],[147.9665593311866,-43.19309518034361],[148.00976019520385,-43.22017638884778],[148.002560051201,-43.226946690973826],[147.9521590431808,-43.21679123778476],[147.94495889917795,-43.19309518034361],[147.93055861117216,-43.199865482469654],[147.91615832316643,-43.18971002928059],[147.89455789115777,-43.18971002928059],[147.89455789115777,-43.155858518650376],[147.8873577471549,-43.14231791439829],[147.89455789115777,-43.13893276333527],[147.8873577471549,-43.13893276333527]]],[[[148.3337666753335,-40.48158917886358],[148.3337666753335,-40.46466342354847],[148.31216624332484,-40.427426761855244],[148.29056581131618,-40.43419706398129],[148.27616552331045,-40.427426761855244],[148.27616552331045,-40.43758221504431],[148.22576451529028,-40.46466342354847],[148.19696393927876,-40.43419706398129],[148.16096321926437,-40.45112281929639],[148.13936278725572,-40.447737668233366],[148.15376307526145,-40.45450797035941],[148.13936278725572,-40.46127827248545],[148.13936278725572,-40.45112281929639],[148.12496249924993,-40.44096736610733],[148.08896177923555,-40.45789312142243],[148.04576091521824,-40.447737668233366],[148.03856077121537,-40.44096736610733],[148.04576091521824,-40.43419706398129],[148.02416048320964,-40.430811912918266],[148.0313606272125,-40.42404161079222],[148.01696033920672,-40.41388615760316],[147.9881597631952,-40.4206564597292],[147.9881597631952,-40.407115855477116],[147.98095961919233,-40.403730704414095],[147.99535990719812,-40.39357525122503],[147.9881597631952,-40.38680494909899],[148.002560051201,-40.37664949590992],[148.04576091521824,-40.356338589531795],[148.06016120322403,-40.359723740594816],[148.08176163523268,-40.33941283421669],[148.08896177923555,-40.34618313634273],[148.1465629312586,-40.33602768315367],[148.1465629312586,-40.34279798527971],[148.16816336326724,-40.34956828740575],[148.18256365127297,-40.34618313634273],[148.1897637952759,-40.356338589531795],[148.20416408328163,-40.34279798527971],[148.2113642272845,-40.31910192783856],[148.22576451529028,-40.32248707890158],[148.23296465929315,-40.329257381027624],[148.240164803296,-40.3258722299646],[148.26896537930753,-40.33941283421669],[148.28336566731332,-40.31910192783856],[148.29776595531905,-40.32248707890158],[148.3193663873277,-40.31233162571252],[148.3337666753335,-40.29879102146043],[148.32656653133057,-40.29202071933439],[148.362567251345,-40.32248707890158],[148.36976739534788,-40.34279798527971],[148.3985679713594,-40.356338589531795],[148.41296825936513,-40.3732643448469],[148.40576811536226,-40.37664949590992],[148.42736854737092,-40.36987919378388],[148.44896897937957,-40.37664949590992],[148.44896897937957,-40.407115855477116],[148.45616912338244,-40.41050100654014],[148.4633692673853,-40.427426761855244],[148.48496969939396,-40.43419706398129],[148.47056941138817,-40.44435251717035],[148.43456869137378,-40.44096736610733],[148.42736854737092,-40.46466342354847],[148.41296825936513,-40.46127827248545],[148.3985679713594,-40.471433725674515],[148.3985679713594,-40.48835948098962],[148.37696753935074,-40.47820402780056],[148.34816696333922,-40.491744632052644],[148.3337666753335,-40.48158917886358]]],[[[148.0961619232384,-40.2615543597672],[148.08896177923555,-40.268324661893246],[148.06016120322403,-40.24801375551512],[148.04576091521824,-40.24801375551512],[148.03856077121537,-40.23108800020001],[148.02416048320964,-40.22431769807397],[148.02416048320964,-40.21077709382188],[148.03856077121537,-40.2141622448849],[148.03856077121537,-40.20400679169584],[148.01696033920672,-40.170155281065625],[148.01696033920672,-40.13630377043541],[148.00976019520385,-40.10583741086822],[147.97375947518947,-40.0855265044901],[147.9665593311866,-40.07537105130103],[147.9521590431808,-40.082141353427076],[147.9521590431808,-40.06183044704895],[147.93055861117216,-40.03474923854478],[147.91615832316643,-40.031364087481755],[147.89455789115777,-40.0381343896078],[147.87295745914912,-40.02120863429269],[147.8585571711434,-40.02459378535571],[147.86575731514625,-40.01105318110363],[147.88015760315204,-40.01105318110363],[147.8873577471549,-40.00089772791456],[147.89455789115777,-39.99751257685154],[147.90895817916356,-39.97720167047341],[147.90175803516064,-39.9433501598432],[147.88015760315204,-39.90611349814997],[147.85135702714052,-39.89934319602393],[147.80095601912035,-39.916268951339035],[147.79375587511748,-39.90272834708695],[147.75775515510304,-39.889187742834864],[147.75055501110018,-39.87226198751976],[147.77215544310883,-39.865491685393714],[147.7793555871117,-39.84856593007861],[147.79375587511748,-39.85195108114163],[147.80095601912035,-39.83502532582652],[147.8441568831376,-39.83841047688954],[147.85135702714052,-39.821484721574436],[147.8441568831376,-39.80794411732235],[147.87295745914912,-39.78763321094422],[147.86575731514625,-39.774092606692136],[147.85135702714052,-39.750396549250986],[147.86575731514625,-39.747011398187965],[147.8873577471549,-39.76055200244005],[147.91615832316643,-39.74362624712494],[147.94495889917795,-39.7199301896838],[147.9665593311866,-39.726700491809844],[147.96110237994228,-39.73183166815801],[148.12496249924993,-39.895958044960906],[148.1105622112442,-39.895958044960906],[148.12496249924993,-39.89934319602393],[148.18256365127297,-39.94673531090622],[148.16816336326724,-39.9433501598432],[148.1753635072701,-39.95350561303226],[148.20416408328163,-39.94673531090622],[148.26176523530467,-39.96704621728435],[148.29056581131618,-39.96366106622133],[148.27616552331045,-40.007668030040605],[148.28336566731332,-40.06860074917499],[148.26896537930753,-40.09229680661614],[148.240164803296,-40.1024522598052],[148.22576451529028,-40.119378015120304],[148.23296465929315,-40.12614831724635],[148.27616552331045,-40.11599286405728],[148.28336566731332,-40.082141353427076],[148.29056581131618,-40.082141353427076],[148.31216624332484,-40.17354043212865],[148.3337666753335,-40.20739194275886],[148.28336566731332,-40.23108800020001],[148.26896537930753,-40.23108800020001],[148.26896537930753,-40.217547395947925],[148.26176523530467,-40.21077709382188],[148.2113642272845,-40.21077709382188],[148.1897637952759,-40.217547395947925],[148.18256365127297,-40.25139890657814],[148.12496249924993,-40.27509496401928],[148.0961619232384,-40.2615543597672]],[[147.9665593311866,-39.774092606692136],[147.9665593311866,-39.76055200244005],[147.9881597631952,-39.78086290881818],[147.95935918718368,-39.74362624712494],[147.9665593311866,-39.774092606692136]]]]}},{"type":"Feature","id":6,"properties":{"STATE_CODE":"7","STATE_NAME":"Northern Territory"},"geometry":{"type":"Polygon","coordinates":[[[130.67901358027154,-12.743661368467372],[130.68621372427447,-12.750431670593414],[130.69341386827733,-12.7470465195304],[130.68621372427447,-12.743661368467372],[130.70781415628306,-12.7165801599632],[130.73661473229458,-12.709809857837172],[130.70781415628306,-12.709809857837172],[130.69341386827733,-12.719965311026229],[130.67901358027154,-12.713195008900186],[130.7006140122802,-12.689498951459043],[130.67181343626868,-12.706424706774143],[130.6646132922658,-12.6996544046481],[130.67181343626868,-12.692884102522058],[130.6358127162543,-12.686113800396015],[130.6358127162543,-12.682728649333],[130.61421228424564,-12.669188045080915],[130.61421228424564,-12.675958347206958],[130.5998119962399,-12.669188045080915],[130.58541170823412,-12.686113800396015],[130.5710114202284,-12.652262289765801],[130.54221084421687,-12.635336534450701],[130.54941098821973,-12.615025628072573],[130.5566111322226,-12.62518108126163],[130.58541170823412,-12.621795930198616],[130.58541170823412,-12.628566232324658],[130.60701214024277,-12.604870174883501],[130.6214124282485,-12.615025628072573],[130.62861257225143,-12.611640477009544],[130.64301286025716,-12.62518108126163],[130.62861257225143,-12.60825532594653],[130.6214124282485,-12.611640477009544],[130.61421228424564,-12.601485023820487],[130.59261185223698,-12.591329570631416],[130.60701214024277,-12.57778896637933],[130.58541170823412,-12.581174117442359],[130.5710114202284,-12.598099872757459],[130.56381127622547,-12.581174117442359],[130.58541170823412,-12.51347109618193],[130.58541170823412,-12.499930491929845],[130.60701214024277,-12.499930491929845],[130.60701214024277,-12.48638988767776],[130.57821156423125,-12.462693830236617],[130.58541170823412,-12.452538377047546],[130.6214124282485,-12.449153225984531],[130.61421228424564,-12.432227470669417],[130.58541170823412,-12.425457168543375],[130.57821156423125,-12.405146262165246],[130.61421228424564,-12.39160565791316],[130.6214124282485,-12.381450204724104],[130.6214124282485,-12.388220506850146],[130.65741314826295,-12.394990808976189],[130.68621372427447,-12.415301715354317],[130.70781415628306,-12.415301715354317],[130.715014300286,-12.42207201748036],[130.75101502030037,-12.425457168543375],[130.7654153083061,-12.43899777279546],[130.75821516430324,-12.483004736614745],[130.7798155963119,-12.476234434488703],[130.77261545230903,-12.493160189803802],[130.7798155963119,-12.510085945118917],[130.77261545230903,-12.527011700434016],[130.77261545230903,-12.543937455749116],[130.75101502030037,-12.581174117442359],[130.72941458829172,-12.581174117442359],[130.72941458829172,-12.584559268505373],[130.75101502030037,-12.584559268505373],[130.7798155963119,-12.557478060001202],[130.7798155963119,-12.574403815316316],[130.7654153083061,-12.601485023820487],[130.77261545230903,-12.615025628072573],[130.7798155963119,-12.598099872757459],[130.7798155963119,-12.618410779135587],[130.78701574031476,-12.601485023820487],[130.78701574031476,-12.587944419568402],[130.79421588431762,-12.57778896637933],[130.78701574031476,-12.547322606812145],[130.8086161723234,-12.540552304686102],[130.8086161723234,-12.564248362127245],[130.81581631632628,-12.581174117442359],[130.82301646032914,-12.581174117442359],[130.81581631632628,-12.557478060001202],[130.8446168923378,-12.554092908938188],[130.86621732434645,-12.601485023820487],[130.85901718034359,-12.615025628072573],[130.8446168923378,-12.615025628072573],[130.85901718034359,-12.621795930198616],[130.86621732434645,-12.611640477009544],[130.87341746834932,-12.628566232324658],[130.86621732434645,-12.659032591891844],[130.88061761235224,-12.631951383387673],[130.8878177563551,-12.648877138702787],[130.90221804436084,-12.65564744082883],[130.90221804436084,-12.662417742954872],[130.90941818836376,-12.65564744082883],[130.8878177563551,-12.642106836576744],[130.88061761235224,-12.604870174883501],[130.93101862037236,-12.611640477009544],[130.94541890837814,-12.638721685513715],[130.952619052381,-12.635336534450701],[130.9670193403868,-12.628566232324658],[130.95981919638388,-12.631951383387673],[130.94541890837814,-12.60825532594653],[130.952619052381,-12.598099872757459],[130.94541890837814,-12.604870174883501],[130.9238184763695,-12.581174117442359],[130.8878177563551,-12.574403815316316],[130.88061761235224,-12.554092908938188],[130.89501790035797,-12.56086321106423],[130.90221804436084,-12.557478060001202],[130.88061761235224,-12.547322606812145],[130.87341746834932,-12.527011700434016],[130.85901718034359,-12.527011700434016],[130.85901718034359,-12.506700794055888],[130.86621732434645,-12.506700794055888],[130.88061761235224,-12.520241398307974],[130.90221804436084,-12.51347109618193],[130.89501790035797,-12.530396851497045],[130.90941818836376,-12.51685624724496],[130.9238184763695,-12.510085945118917],[130.93101862037236,-12.520241398307974],[130.9238184763695,-12.537167153623088],[130.93821876437528,-12.540552304686102],[130.93101862037236,-12.53378200256006],[130.94541890837814,-12.540552304686102],[130.93821876437528,-12.554092908938188],[130.952619052381,-12.540552304686102],[130.952619052381,-12.530396851497045],[130.94541890837814,-12.520241398307974],[130.94541890837814,-12.496545340866831],[130.93821876437528,-12.503315642992874],[130.93101862037236,-12.48638988767776],[130.94541890837814,-12.46946413236266],[130.89501790035797,-12.48638988767776],[130.89501790035797,-12.472849283425674],[130.91661833236662,-12.459308679173589],[130.8878177563551,-12.466078981299631],[130.8878177563551,-12.462693830236617],[130.88061761235224,-12.462693830236617],[130.85901718034359,-12.452538377047546],[130.86621732434645,-12.43899777279546],[130.85181703634072,-12.43899777279546],[130.85181703634072,-12.466078981299631],[130.8446168923378,-12.472849283425674],[130.83021660433207,-12.459308679173589],[130.82301646032914,-12.462693830236617],[130.81581631632628,-12.452538377047546],[130.83021660433207,-12.449153225984531],[130.83741674833493,-12.425457168543375],[130.83021660433207,-12.411916564291289],[130.82301646032914,-12.415301715354317],[130.81581631632628,-12.408531413228275],[130.8446168923378,-12.408531413228275],[130.85181703634072,-12.39160565791316],[130.8446168923378,-12.378065053661075],[130.85901718034359,-12.37467990259806],[130.89501790035797,-12.33067293877879],[130.9238184763695,-12.344213543030875],[130.94541890837814,-12.340828391967847],[130.94541890837814,-12.35775414728296],[130.952619052381,-12.34759869409389],[130.98141962839253,-12.340828391967847],[131.00302006040118,-12.350983845156918],[131.01022020440405,-12.367909600472018],[131.01022020440405,-12.35775414728296],[131.0318206364127,-12.361139298345975],[131.05342106842136,-12.34759869409389],[131.0318206364127,-12.34759869409389],[131.0318206364127,-12.327287787715761],[131.06062121242422,-12.33067293877879],[131.02462049240984,-12.317132334526704],[131.0318206364127,-12.306976881337633],[131.01742034840692,-12.327287787715761],[131.01022020440405,-12.323902636652747],[131.0318206364127,-12.232503557951162],[131.02462049240984,-12.215577802636062],[131.00302006040118,-12.20880750051002],[130.99581991639832,-12.185111443068877],[130.99581991639832,-12.168185687753763],[131.0318206364127,-12.147874781375634],[131.04622092441844,-12.141104479249591],[131.05342106842136,-12.158030234564706],[131.0678213564271,-12.168185687753763],[131.08942178843574,-12.154645083501677],[131.1110222204444,-12.154645083501677],[131.1110222204444,-12.174955989879805],[131.12542250845013,-12.181726292005848],[131.14702294045878,-12.181726292005848],[131.15422308446165,-12.168185687753763],[131.16862337246744,-12.171570838816791],[131.1758235164703,-12.191881745194905],[131.21902438048755,-12.22573325582512],[131.20462409248182,-12.239273860077205],[131.2118242364847,-12.239273860077205],[131.24782495649907,-12.218962953699076],[131.23342466849334,-12.215577802636062],[131.22622452449048,-12.20880750051002],[131.255025100502,-12.16141538562772],[131.24782495649907,-12.134334177123549],[131.2766255325106,-12.100482666493335],[131.26942538850773,-12.076786609052192],[131.29822596451925,-12.042935098421978],[131.3054261085221,-12.053090551611035],[131.29822596451925,-12.07001630692615],[131.3198263965279,-12.090327213304278],[131.31262625252504,-12.11402327074542],[131.3198263965279,-12.124178723934492],[131.31262625252504,-12.130949026060534],[131.3198263965279,-12.147874781375634],[131.31262625252504,-12.164800536690748],[131.3198263965279,-12.191881745194905],[131.37742754855094,-12.256199615392319],[131.42782855657111,-12.276510521770447],[131.47102942058837,-12.28328082389649],[131.55023100462006,-12.279895672833462],[131.67983359667187,-12.28328082389649],[131.77343546870935,-12.269740219644405],[131.88143762875256,-12.215577802636062],[131.90303806076116,-12.22573325582512],[131.91743834876695,-12.256199615392319],[131.9390387807756,-12.273125370707419],[132.06864137282741,-12.303591730274618],[132.07584151683028,-12.290051126022533],[132.1478429568591,-12.246044162203248],[132.16944338886776,-12.212192651573034],[132.2270445408908,-12.195266896257934],[132.24144482889653,-12.168185687753763],[132.2630452609052,-12.174955989879805],[132.2630452609052,-12.202037198383977],[132.27744554891092,-12.22573325582512],[132.3566471329426,-12.198652047320948],[132.392647852957,-12.23588870901419],[132.41424828496565,-12.222348104762105],[132.41424828496565,-12.195266896257934],[132.44304886097717,-12.147874781375634],[132.515050301006,-12.124178723934492],[132.55825116502325,-12.09709751543032],[132.55825116502325,-12.08694206224125],[132.5798515970319,-12.103867817556363],[132.63025260505208,-12.08694206224125],[132.6158523170463,-12.015853889917807],[132.63745274905494,-11.941380566531336],[132.63745274905494,-11.90075875377508],[132.65185303706073,-11.890603300586022],[132.6446528930578,-11.873677545270908],[132.6446528930578,-11.856751789955808],[132.63745274905494,-11.822900279325594],[132.6158523170463,-11.805974524010495],[132.5942518850377,-11.805974524010495],[132.5798515970319,-11.785663617632366],[132.5942518850377,-11.768737862317252],[132.6230524610492,-11.758582409128195],[132.65185303706073,-11.721345747434953],[132.65185303706073,-11.684109085741724],[132.6446528930578,-11.680723934678696],[132.63025260505208,-11.721345747434953],[132.5942518850377,-11.731501200624024],[132.5366507330146,-11.717960596371938],[132.52225044500886,-11.687494236804739],[132.5006500130002,-11.680723934678696],[132.50785015700308,-11.636716970859425],[132.55825116502325,-11.636716970859425],[132.57265145302904,-11.653642726174539],[132.6158523170463,-11.653642726174539],[132.60865217304342,-11.640102121922453],[132.5942518850377,-11.640102121922453],[132.55105102102038,-11.609635762355254],[132.5366507330146,-11.579169402788068],[132.55105102102038,-11.57578425172504],[132.55105102102038,-11.555473345346911],[132.52225044500886,-11.545317892157854],[132.52945058901173,-11.521621834716697],[132.515050301006,-11.521621834716697],[132.5006500130002,-11.508081230464612],[132.49344986899735,-11.481000021960455],[132.47904958099156,-11.484385173023469],[132.45744914898296,-11.457303964519298],[132.39984799695992,-11.453918813456283],[132.3566471329426,-11.440378209204198],[132.29904598091957,-11.46407426664534],[132.24144482889653,-11.453918813456283],[132.212644252885,-11.470844568771383],[132.19104382087636,-11.491155475149512],[132.16944338886776,-11.491155475149512],[132.14064281285624,-11.521621834716697],[132.1190423808476,-11.514851532590654],[132.11184223684472,-11.518236683653683],[132.1190423808476,-11.525006985779726],[132.11184223684472,-11.538547590031811],[132.1046420928418,-11.52839213684274],[132.06864137282741,-11.525006985779726],[132.05424108482168,-11.497925777275555],[132.03264065281303,-11.481000021960455],[132.03264065281303,-11.457303964519298],[132.05424108482168,-11.460689115582326],[132.06144122882455,-11.433607907078155],[132.0398407968159,-11.42006730282607],[131.99663993279864,-11.430222756015127],[131.98943978879572,-11.423452453889084],[131.98943978879572,-11.403141547510955],[131.9606392127842,-11.409911849636998],[131.9390387807756,-11.399756396447941],[131.9390387807756,-11.392986094321898],[131.9606392127842,-11.379445490069813],[131.98223964479286,-11.382830641132827],[131.98943978879572,-11.37267518794377],[131.96783935678712,-11.369290036880741],[131.96783935678712,-11.359134583691684],[131.97503950079,-11.362519734754699],[131.97503950079,-11.352364281565642],[131.96783935678712,-11.34220882837657],[131.95343906878134,-11.34220882837657],[131.95343906878134,-11.352364281565642],[131.9390387807756,-11.352364281565642],[131.92463849276982,-11.359134583691684],[131.93183863677268,-11.365904885817727],[131.91743834876695,-11.359134583691684],[131.94623892477847,-11.318512770935428],[131.93183863677268,-11.3151276198724],[131.93183863677268,-11.32528307306147],[131.91743834876695,-11.32528307306147],[131.8598371967439,-11.291431562431256],[131.84543690873812,-11.311742468809385],[131.82383647672953,-11.318512770935428],[131.77343546870935,-11.32528307306147],[131.76623532470649,-11.3151276198724],[131.75903518070356,-11.2982018645573],[131.77343546870935,-11.301587015620328],[131.77343546870935,-11.311742468809385],[131.78063561271222,-11.291431562431256],[131.80223604472087,-11.294816713494285],[131.80943618872374,-11.284661260305214],[131.795035900718,-11.267735504990114],[131.8166363327266,-11.267735504990114],[131.83823676473526,-11.288046411368242],[131.85263705274104,-11.27789095817917],[131.84543690873812,-11.254194900738028],[131.83823676473526,-11.247424598611985],[131.8166363327266,-11.210187936918743],[131.82383647672953,-11.206802785855729],[131.83823676473526,-11.227113692233857],[131.8598371967439,-11.210187936918743],[131.8598371967439,-11.220343390107814],[131.86703734074678,-11.220343390107814],[131.88143762875256,-11.2338839943599],[131.88863777275543,-11.206802785855729],[131.87423748474964,-11.193262181603643],[131.88143762875256,-11.183106728414572],[131.91023820476408,-11.206802785855729],[131.90303806076116,-11.216958239044786],[131.92463849276982,-11.2338839943599],[131.93183863677268,-11.260965202864071],[131.94623892477847,-11.250809749675],[131.94623892477847,-11.244039447548957],[131.9606392127842,-11.254194900738028],[131.9606392127842,-11.230498843296871],[131.97503950079,-11.2338839943599],[131.98943978879572,-11.216958239044786],[131.9606392127842,-11.176336426288529],[131.96783935678712,-11.169566124162486],[131.98223964479286,-11.179721577351557],[131.99663993279864,-11.176336426288529],[131.98943978879572,-11.169566124162486],[131.98943978879572,-11.152640368847386],[131.96783935678712,-11.135714613532272],[131.98943978879572,-11.125559160343215],[132.01104022080438,-11.128944311406244],[132.03264065281303,-11.179721577351557],[132.0398407968159,-11.193262181603643],[132.04704094081876,-11.189877030540615],[132.04704094081876,-11.200032483729686],[132.05424108482168,-11.2034176347927],[132.05424108482168,-11.189877030540615],[132.06864137282741,-11.176336426288529],[132.07584151683028,-11.179721577351557],[132.06864137282741,-11.193262181603643],[132.0830416608332,-11.193262181603643],[132.07584151683028,-11.210187936918743],[132.0830416608332,-11.230498843296871],[132.09744194883893,-11.230498843296871],[132.11184223684472,-11.210187936918743],[132.11184223684472,-11.2338839943599],[132.09744194883893,-11.260965202864071],[132.09744194883893,-11.274505807116157],[132.11184223684472,-11.267735504990114],[132.1190423808476,-11.274505807116157],[132.09744194883893,-11.301587015620328],[132.1046420928418,-11.3151276198724],[132.09744194883893,-11.328668224124485],[132.11184223684472,-11.328668224124485],[132.12624252485045,-11.348979130502613],[132.12624252485045,-11.311742468809385],[132.13344266885332,-11.294816713494285],[132.14064281285624,-11.3151276198724],[132.15504310086197,-11.321897921998442],[132.1478429568591,-11.355749432628656],[132.15504310086197,-11.359134583691684],[132.15504310086197,-11.376060339006784],[132.1478429568591,-11.382830641132827],[132.15504310086197,-11.382830641132827],[132.15504310086197,-11.392986094321898],[132.16944338886776,-11.406526698573984],[132.16224324486484,-11.413297000700027],[132.16944338886776,-11.42006730282607],[132.1838436768735,-11.416682151763041],[132.17664353287063,-11.396371245384913],[132.19824396487928,-11.416682151763041],[132.20544410888215,-11.413297000700027],[132.20544410888215,-11.399756396447941],[132.19824396487928,-11.396371245384913],[132.19824396487928,-11.382830641132827],[132.19104382087636,-11.379445490069813],[132.1838436768735,-11.365904885817727],[132.19104382087636,-11.352364281565642],[132.21984439688788,-11.369290036880741],[132.23424468489367,-11.362519734754699],[132.23424468489367,-11.338823677313556],[132.2270445408908,-11.321897921998442],[132.19824396487928,-11.301587015620328],[132.16944338886776,-11.321897921998442],[132.19824396487928,-11.2812761092422],[132.19104382087636,-11.247424598611985],[132.17664353287063,-11.240654296485943],[132.19104382087636,-11.240654296485943],[132.19824396487928,-11.227113692233857],[132.19824396487928,-11.237269145422914],[132.20544410888215,-11.227113692233857],[132.19104382087636,-11.206802785855729],[132.16224324486484,-11.183106728414572],[132.16224324486484,-11.159410670973429],[132.14064281285624,-11.152640368847386],[132.14064281285624,-11.132329462469258],[132.13344266885332,-11.1221740092802],[132.1838436768735,-11.128944311406244],[132.19824396487928,-11.166180973099472],[132.212644252885,-11.183106728414572],[132.2270445408908,-11.179721577351557],[132.23424468489367,-11.196647332666657],[132.24144482889653,-11.196647332666657],[132.24144482889653,-11.216958239044786],[132.2486449728994,-11.220343390107814],[132.2630452609052,-11.264350353927085],[132.28464569291384,-11.27789095817917],[132.28464569291384,-11.2338839943599],[132.2630452609052,-11.213573087981771],[132.27744554891092,-11.200032483729686],[132.2630452609052,-11.176336426288529],[132.28464569291384,-11.166180973099472],[132.30624612492244,-11.172951275225515],[132.32064641292823,-11.166180973099472],[132.32064641292823,-11.1560255199104],[132.34224684493688,-11.1390997645953],[132.33504670093396,-11.115403707154158],[132.34224684493688,-11.118788858217172],[132.34224684493688,-11.132329462469258],[132.3566471329426,-11.149255217784358],[132.36384727694548,-11.193262181603643],[132.38544770895413,-11.206802785855729],[132.3710474209484,-11.294816713494285],[132.38544770895413,-11.288046411368242],[132.38544770895413,-11.2982018645573],[132.39984799695992,-11.2982018645573],[132.4070481409628,-11.264350353927085],[132.41424828496565,-11.271120656053128],[132.42144842896852,-11.260965202864071],[132.41424828496565,-11.237269145422914],[132.42144842896852,-11.227113692233857],[132.4358487169743,-11.210187936918743],[132.45024900498004,-11.216958239044786],[132.47904958099156,-11.257580051801042],[132.50785015700308,-11.271120656053128],[132.50785015700308,-11.284661260305214],[132.5006500130002,-11.2812761092422],[132.48624972499448,-11.2982018645573],[132.50785015700308,-11.291431562431256],[132.50785015700308,-11.311742468809385],[132.515050301006,-11.318512770935428],[132.5006500130002,-11.318512770935428],[132.5006500130002,-11.328668224124485],[132.515050301006,-11.332053375187513],[132.52159588646316,-11.344363015416679],[132.52945058901173,-11.338823677313556],[132.54385087701752,-11.34220882837657],[132.55825116502325,-11.369290036880741],[132.58705174103477,-11.392986094321898],[132.6230524610492,-11.409911849636998],[132.63745274905494,-11.43699305814117],[132.63745274905494,-11.477614870897426],[132.66625332506646,-11.514851532590654],[132.69505390107798,-11.514851532590654],[132.71665433308664,-11.521621834716697],[132.73105462109237,-11.518236683653683],[132.74545490909816,-11.494540626212526],[132.78145562911254,-11.470844568771383],[132.78145562911254,-11.44714851133024],[132.81025620512406,-11.43699305814117],[132.82465649312985,-11.42006730282607],[132.82465649312985,-11.403141547510955],[132.83905678113558,-11.396371245384913],[132.85345706914137,-11.392986094321898],[132.86065721314424,-11.42006730282607],[132.87505750114997,-11.416682151763041],[132.8822576451529,-11.430222756015127],[132.89665793315862,-11.426837604952112],[132.9110582211644,-11.386215792195856],[132.8822576451529,-11.348979130502613],[132.8678573571471,-11.338823677313556],[132.87505750114997,-11.328668224124485],[132.89665793315862,-11.338823677313556],[132.91825836516728,-11.332053375187513],[132.932658653173,-11.362519734754699],[132.9470589411788,-11.369290036880741],[132.96865937318745,-11.416682151763041],[133.00466009320184,-11.433607907078155],[133.0478609572191,-11.501310928338569],[133.0766615332306,-11.521621834716697],[133.06946138922774,-11.548703043220868],[133.0910618212364,-11.592710007040154],[133.10546210924213,-11.63333181979641],[133.14866297325943,-11.701034841056824],[133.19186383727668,-11.728116049560995],[133.27826556531124,-11.74165665381308],[133.24946498929972,-11.731501200624024],[133.28546570931417,-11.717960596371938],[133.29266585331703,-11.704419992119853],[133.3430668613372,-11.694264538930781],[133.35746714934294,-11.717960596371938],[133.3430668613372,-11.728116049560995],[133.32146642932855,-11.717960596371938],[133.30706614132276,-11.738271502750067],[133.30706614132276,-11.758582409128195],[133.32146642932855,-11.768737862317252],[133.35026700534007,-11.765352711254238],[133.35746714934294,-11.775508164443295],[133.37186743734873,-11.775508164443295],[133.3790675813516,-11.768737862317252],[133.37186743734873,-11.758582409128195],[133.38626772535446,-11.751812107002152],[133.40066801336025,-11.731501200624024],[133.41506830136598,-11.738271502750067],[133.4078681573631,-11.748426955939124],[133.41506830136598,-11.758582409128195],[133.40066801336025,-11.758582409128195],[133.40066801336025,-11.768737862317252],[133.4078681573631,-11.778893315506323],[133.45106902138042,-11.778893315506323],[133.45106902138042,-11.78904876869538],[133.45826916538329,-11.802589372947466],[133.47986959739194,-11.782278466569338],[133.50147002940054,-11.782278466569338],[133.53027060541206,-11.76196756019121],[133.53747074941498,-11.768737862317252],[133.53027060541206,-11.792433919758409],[133.53027060541206,-11.812744826136537],[133.5518710374207,-11.826285430388623],[133.5662713254265,-11.805974524010495],[133.60227204544088,-11.809359675073509],[133.60947218944375,-11.816129977199552],[133.59507190143802,-11.833055732514666],[133.60947218944375,-11.843211185703723],[133.65987319746392,-11.81951512826258],[133.65267305346106,-11.809359675073509],[133.68147362947258,-11.78904876869538],[133.68867377347544,-11.792433919758409],[133.6670733414668,-11.778893315506323],[133.6670733414668,-11.775508164443295],[133.68867377347544,-11.782278466569338],[133.73907478149562,-11.782278466569338],[133.77507550151,-11.76196756019121],[133.78227564551287,-11.731501200624024],[133.79667593351866,-11.728116049560995],[133.8110762215244,-11.734886351687038],[133.79667593351866,-11.724730898497981],[133.8110762215244,-11.731501200624024],[133.8398767975359,-11.724730898497981],[133.84707694153877,-11.74504180487611],[133.86867737354743,-11.755197258065166],[133.89747794955895,-11.755197258065166],[133.9190783815676,-11.74165665381308],[133.92627852557047,-11.765352711254238],[133.94067881357626,-11.768737862317252],[133.9190783815676,-11.77212301338028],[133.9046780935618,-11.805974524010495],[133.89027780555608,-11.812744826136537],[133.86867737354743,-11.805974524010495],[133.84707694153877,-11.812744826136537],[133.82547650953018,-11.83644088357768],[133.83267665353304,-11.863522092081851],[133.83267665353304,-11.860136941018823],[133.8398767975359,-11.880447847396951],[133.86147722954456,-11.877062696333937],[133.8758775175503,-11.904143904838108],[133.86867737354743,-11.90075875377508],[133.8758775175503,-11.91091420696415],[133.89747794955895,-11.914299358027165],[133.91187823756474,-11.907529055901122],[133.9046780935618,-11.92783996227925],[133.9190783815676,-11.917684509090194],[133.93347866957333,-11.921069660153208],[133.9838796775935,-11.893988451649037],[134.00548010960216,-11.863522092081851],[134.03428068561368,-11.85336663889278],[134.0630812616252,-11.870292394207894],[134.0630812616252,-11.890603300586022],[134.07748154963093,-11.897373602712065],[134.07028140562807,-11.914299358027165],[134.07028140562807,-11.934610264405293],[134.0630812616252,-11.934610264405293],[134.07748154963093,-11.941380566531336],[134.07748154963093,-11.931225113342279],[134.09908198163959,-11.924454811216236],[134.10628212564245,-11.914299358027165],[134.1278825576511,-11.897373602712065],[134.13508270165397,-11.921069660153208],[134.17828356567128,-11.95830632184645],[134.1710834216684,-11.971846926098536],[134.14948298965976,-11.965076623972493],[134.14948298965976,-11.988772681413636],[134.1710834216684,-12.002313285665721],[134.17828356567128,-11.995542983539679],[134.17828356567128,-12.015853889917807],[134.192683853677,-12.029394494169892],[134.1638832776655,-12.100482666493335],[134.16548330966614,-12.103491689660466],[134.1638832776655,-12.107252968619377],[134.1710834216684,-12.11402327074542],[134.18548370967414,-12.103867817556363],[134.192683853677,-12.073401457989164],[134.22868457369145,-12.036164796295935],[134.25028500570005,-12.032779645232907],[134.24308486169718,-11.985387530350621],[134.2862857257145,-11.985387530350621],[134.30788615772315,-12.009083587791764],[134.3510870217404,-12.03954994735895],[134.4158883177663,-12.063246004800106],[134.47348946978934,-12.06663115586312],[134.4590891817836,-12.07001630692615],[134.48068961379226,-12.076786609052192],[134.495089901798,-12.07001630692615],[134.48788975779513,-12.076786609052192],[134.6030920618412,-12.04970540054802],[134.65349306986138,-12.015853889917807],[134.68949378987577,-11.961691472909465],[134.7038940778815,-11.968461775035507],[134.73989479789594,-11.95830632184645],[134.7470949418988,-11.948150868657379],[134.76869537390746,-11.95830632184645],[134.76149522990454,-11.995542983539679],[134.7830956619132,-12.002313285665721],[134.79749594991898,-12.046320249484992],[134.83349666993337,-12.056475702674064],[134.84069681393623,-12.063246004800106],[134.84069681393623,-12.110638119682406],[134.85509710194202,-12.130949026060534],[134.88389767795354,-12.134334177123549],[134.90549810996214,-12.154645083501677],[134.93429868597366,-12.141104479249591],[134.9702994059881,-12.158030234564706],[135.0063001260025,-12.212192651573034],[135.05670113402266,-12.262969917518362],[135.12150243004857,-12.23588870901419],[135.1359027180543,-12.242659011140233],[135.14310286205722,-12.23588870901419],[135.15750315006295,-12.249429313266276],[135.16470329406587,-12.266355068581376],[135.215104302086,-12.296821428148576],[135.2223044460889,-12.290051126022533],[135.20790415808312,-12.273125370707419],[135.18630372607447,-12.25281446432929],[135.1791035820716,-12.239273860077205],[135.15750315006295,-12.232503557951162],[135.16470329406587,-12.22573325582512],[135.1935038700774,-12.22573325582512],[135.20790415808312,-12.23588870901419],[135.26550531010616,-12.22573325582512],[135.27990559811195,-12.25281446432929],[135.31590631812634,-12.259584766455333],[135.34470689413786,-12.246044162203248],[135.35190703814072,-12.232503557951162],[135.30870617412347,-12.242659011140233],[135.27990559811195,-12.222348104762105],[135.27270545410903,-12.202037198383977],[135.2583051661033,-12.20880750051002],[135.2223044460889,-12.188496594131891],[135.26550531010616,-12.178341140942834],[135.28710574211482,-12.164800536690748],[135.30150603012055,-12.16141538562772],[135.31590631812634,-12.14448963031262],[135.30150603012055,-12.134334177123549],[135.30870617412347,-12.124178723934492],[135.35190703814072,-12.107252968619377],[135.3663073261465,-12.083556911178235],[135.3879077581551,-12.093712364367292],[135.39510790215803,-12.083556911178235],[135.42390847816955,-12.083556911178235],[135.4023080461609,-12.100482666493335],[135.41670833416663,-12.11402327074542],[135.45270905418107,-12.11402327074542],[135.5103102062041,-12.08694206224125],[135.51751035020698,-12.059860853737078],[135.53911078221563,-12.063246004800106],[135.5463109262185,-12.08694206224125],[135.56791135822715,-12.100482666493335],[135.60391207824154,-12.076786609052192],[135.63991279825592,-12.053090551611035],[135.6471129422588,-12.059860853737078],[135.6471129422588,-12.053090551611035],[135.6543130862617,-12.03954994735895],[135.68311366227323,-12.036164796295935],[135.72631452629048,-12.009083587791764],[135.755115102302,-12.009083587791764],[135.80551611032217,-11.982002379287593],[135.88471769435387,-11.965076623972493],[135.90631812636246,-11.951536019720407],[135.9135182703654,-11.95830632184645],[135.87751755035094,-11.985387530350621],[135.87031740634808,-11.97523207716155],[135.8343166863337,-11.985387530350621],[135.82711654233083,-11.995542983539679],[135.8343166863337,-12.002313285665721],[135.7695153903078,-12.042935098421978],[135.755115102302,-12.080171760115206],[135.73351467029335,-12.090327213304278],[135.69751395027896,-12.127563874997506],[135.66151323026457,-12.151259932438663],[135.6471129422588,-12.168185687753763],[135.6543130862617,-12.202037198383977],[135.6759135182703,-12.242659011140233],[135.71191423828475,-12.262969917518362],[135.71911438228761,-12.279895672833462],[135.71191423828475,-12.313747183463676],[135.73351467029335,-12.293436277085547],[135.74791495829913,-12.262969917518362],[135.76231524630487,-12.25281446432929],[135.77671553431065,-12.259584766455333],[135.77671553431065,-12.22573325582512],[135.7983159663193,-12.212192651573034],[135.80551611032217,-12.198652047320948],[135.81271625432504,-12.202037198383977],[135.82711654233083,-12.185111443068877],[135.82711654233083,-12.191881745194905],[135.84151683033656,-12.181726292005848],[135.84871697433942,-12.185111443068877],[135.85591711834235,-12.168185687753763],[135.8631172623452,-12.174955989879805],[135.8631172623452,-12.158030234564706],[135.88471769435387,-12.151259932438663],[135.88471769435387,-12.178341140942834],[135.89191783835673,-12.185111443068877],[135.9135182703654,-12.151259932438663],[135.92071841436825,-12.147874781375634],[135.92791855837112,-12.16141538562772],[135.93511870237398,-12.14448963031262],[135.94951899037977,-12.151259932438663],[135.95671913438264,-12.151259932438663],[135.95671913438264,-12.137719328186577],[135.97111942238843,-12.137719328186577],[135.99991999839995,-12.117408421808449],[135.99991999839995,-12.103867817556363],[136.0071201424028,-12.100482666493335],[135.99991999839995,-12.093712364367292],[136.0071201424028,-12.083556911178235],[136.02872057441147,-12.076786609052192],[136.03592071841433,-12.06663115586312],[136.0431208624172,-12.063246004800106],[136.01432028640568,-12.124178723934492],[135.98551971039416,-12.151259932438663],[135.97111942238843,-12.185111443068877],[135.95671913438264,-12.181726292005848],[135.95671913438264,-12.195266896257934],[135.9423188463769,-12.198652047320948],[135.92791855837112,-12.222348104762105],[135.93511870237398,-12.23588870901419],[135.95671913438264,-12.249429313266276],[135.9639192783855,-12.269740219644405],[135.94951899037977,-12.279895672833462],[135.99991999839995,-12.269740219644405],[136.0071201424028,-12.242659011140233],[136.0215204304086,-12.246044162203248],[136.01432028640568,-12.232503557951162],[136.02872057441147,-12.239273860077205],[136.05032100642012,-12.232503557951162],[136.06472129442585,-12.239273860077205],[136.05752115042299,-12.269740219644405],[136.03592071841433,-12.269740219644405],[136.02872057441147,-12.293436277085547],[136.0071201424028,-12.290051126022533],[136.0071201424028,-12.303591730274618],[136.01432028640568,-12.303591730274618],[136.0215204304086,-12.320517485589718],[136.0071201424028,-12.33067293877879],[135.99271985439702,-12.361139298345975],[135.9783195663913,-12.367909600472018],[135.97111942238843,-12.388220506850146],[135.9783195663913,-12.394990808976189],[135.99271985439702,-12.398375960039203],[136.01432028640568,-12.398375960039203],[135.99271985439702,-12.442382923858489],[136.0071201424028,-12.452538377047546],[135.98551971039416,-12.462693830236617],[136.01432028640568,-12.455923528110574],[136.01432028640568,-12.48638988767776],[136.0215204304086,-12.48638988767776],[136.03592071841433,-12.472849283425674],[136.05032100642012,-12.479619585551717],[136.0431208624172,-12.455923528110574],[136.06472129442585,-12.428842319606403],[136.07912158243164,-12.435612621732446],[136.07192143842872,-12.449153225984531],[136.0863217264345,-12.455923528110574],[136.10792215844316,-12.452538377047546],[136.10792215844316,-12.43899777279546],[136.1223224464489,-12.452538377047546],[136.1511230224604,-12.435612621732446],[136.15832316646328,-12.445768074921503],[136.15832316646328,-12.462693830236617],[136.1655233104662,-12.462693830236617],[136.2303246064921,-12.466078981299631],[136.25192503850076,-12.445768074921503],[136.25912518250362,-12.455923528110574],[136.25192503850076,-12.442382923858489],[136.2663253265065,-12.442382923858489],[136.31672633452666,-12.381450204724104],[136.30232604652088,-12.37467990259806],[136.30232604652088,-12.367909600472018],[136.3311266225324,-12.327287787715761],[136.32392647852953,-12.306976881337633],[136.34552691053818,-12.30020657921159],[136.35272705454105,-12.276510521770447],[136.36712734254684,-12.279895672833462],[136.34552691053818,-12.266355068581376],[136.35992719854391,-12.256199615392319],[136.35992719854391,-12.229118406888148],[136.35272705454105,-12.212192651573034],[136.34552691053818,-12.205422349446991],[136.34552691053818,-12.198652047320948],[136.3311266225324,-12.202037198383977],[136.33832676653532,-12.195266896257934],[136.31672633452666,-12.212192651573034],[136.28792575851514,-12.205422349446991],[136.2303246064921,-12.212192651573034],[136.21592431848632,-12.188496594131891],[136.2303246064921,-12.181726292005848],[136.20872417448345,-12.185111443068877],[136.1871237424748,-12.195266896257934],[136.17272345446906,-12.191881745194905],[136.1655233104662,-12.178341140942834],[136.17272345446906,-12.168185687753763],[136.1655233104662,-12.16141538562772],[136.17992359847193,-12.158030234564706],[136.19432388647772,-12.16141538562772],[136.21592431848632,-12.151259932438663],[136.21592431848632,-12.130949026060534],[136.2303246064921,-12.130949026060534],[136.2303246064921,-12.117408421808449],[136.24472489449784,-12.110638119682406],[136.2663253265065,-12.06663115586312],[136.32392647852953,-12.046320249484992],[136.3311266225324,-12.059860853737078],[136.33832676653532,-12.059860853737078],[136.34552691053818,-12.042935098421978],[136.34552691053818,-12.032779645232907],[136.35272705454105,-12.029394494169892],[136.35992719854391,-12.02262419204385],[136.36712734254684,-12.026009343106864],[136.36712734254684,-12.012468738854778],[136.38152763055257,-12.019239040980821],[136.38872777455543,-12.012468738854778],[136.38152763055257,-11.998928134602707],[136.41752835056695,-11.95830632184645],[136.42472849456988,-11.95830632184645],[136.43192863857274,-11.971846926098536],[136.44632892657847,-11.954921170783422],[136.44632892657847,-11.941380566531336],[136.48952979059578,-11.951536019720407],[136.51113022260444,-11.934610264405293],[136.52553051061017,-11.937995415468322],[136.53273065461303,-11.914299358027165],[136.54713094261882,-11.924454811216236],[136.56153123062455,-11.917684509090194],[136.57593151863034,-11.90075875377508],[136.5543310866217,-11.887218149522994],[136.56153123062455,-11.877062696333937],[136.56873137462748,-11.893988451649037],[136.5831316626332,-11.904143904838108],[136.5831316626332,-11.914299358027165],[136.53273065461303,-11.948150868657379],[136.47512950259,-11.961691472909465],[136.47512950259,-11.995542983539679],[136.4535290705814,-11.978617228224579],[136.44632892657847,-11.988772681413636],[136.4535290705814,-11.998928134602707],[136.4535290705814,-12.00569843672875],[136.46792935858713,-11.998928134602707],[136.47512950259,-12.019239040980821],[136.48952979059578,-12.02262419204385],[136.48952979059578,-12.026009343106864],[136.49672993459865,-12.029394494169892],[136.49672993459865,-12.009083587791764],[136.5039300786015,-12.002313285665721],[136.5039300786015,-11.998928134602707],[136.51113022260444,-11.988772681413636],[136.53273065461303,-11.992157832476664],[136.56153123062455,-12.080171760115206],[136.5831316626332,-12.090327213304278],[136.59033180663607,-12.083556911178235],[136.59033180663607,-12.093712364367292],[136.5831316626332,-12.107252968619377],[136.59033180663607,-12.124178723934492],[136.57593151863034,-12.14448963031262],[136.597531950639,-12.202037198383977],[136.6479329586591,-12.23588870901419],[136.6479329586591,-12.269740219644405],[136.67673353467063,-12.286665974959504],[136.66953339066777,-12.276510521770447],[136.69113382267642,-12.276510521770447],[136.70553411068215,-12.290051126022533],[136.71993439868794,-12.266355068581376],[136.7271345426908,-12.276510521770447],[136.7415348306966,-12.273125370707419],[136.7631352627052,-12.23588870901419],[136.74873497469946,-12.232503557951162],[136.74873497469946,-12.215577802636062],[136.71993439868794,-12.229118406888148],[136.7271345426908,-12.212192651573034],[136.6983339666793,-12.191881745194905],[136.67673353467063,-12.205422349446991],[136.68393367867355,-12.185111443068877],[136.71273425468507,-12.188496594131891],[136.7271345426908,-12.181726292005848],[136.7271345426908,-12.171570838816791],[136.78473569471385,-12.158030234564706],[136.7919358387167,-12.185111443068877],[136.82073641472823,-12.212192651573034],[136.84953699073975,-12.20880750051002],[136.8711374227484,-12.218962953699076],[136.8855377107542,-12.242659011140233],[136.90713814276285,-12.246044162203248],[136.89993799875992,-12.279895672833462],[136.9143382867657,-12.28328082389649],[136.9143382867657,-12.276510521770447],[136.92873857477144,-12.28328082389649],[136.93593871877437,-12.323902636652747],[136.93593871877437,-12.334058089841804],[136.92153843076858,-12.344213543030875],[136.94313886277723,-12.35775414728296],[136.9647392947859,-12.350983845156918],[136.9647392947859,-12.340828391967847],[136.97913958279162,-12.344213543030875],[136.9647392947859,-12.36452444940899],[136.9647392947859,-12.37467990259806],[136.94313886277723,-12.371294751535032],[136.89993799875992,-12.39160565791316],[136.89273785475706,-12.415301715354317],[136.86393727874554,-12.432227470669417],[136.8063361267225,-12.506700794055888],[136.77753555071098,-12.523626549371002],[136.7703354067081,-12.554092908938188],[136.7631352627052,-12.527011700434016],[136.77753555071098,-12.496545340866831],[136.79913598271963,-12.493160189803802],[136.7919358387167,-12.449153225984531],[136.77753555071098,-12.445768074921503],[136.75593511870233,-12.466078981299631],[136.73433468669367,-12.479619585551717],[136.71993439868794,-12.459308679173589],[136.71993439868794,-12.46946413236266],[136.7271345426908,-12.479619585551717],[136.71993439868794,-12.493160189803802],[136.7415348306966,-12.51685624724496],[136.7271345426908,-12.530396851497045],[136.73433468669367,-12.537167153623088],[136.74873497469946,-12.53378200256006],[136.73433468669367,-12.564248362127245],[136.7271345426908,-12.554092908938188],[136.71993439868794,-12.554092908938188],[136.71273425468507,-12.567633513190273],[136.6983339666793,-12.567633513190273],[136.71273425468507,-12.571018664253288],[136.7271345426908,-12.564248362127245],[136.73433468669367,-12.571018664253288],[136.74873497469946,-12.55070775787516],[136.7631352627052,-12.57778896637933],[136.73433468669367,-12.57778896637933],[136.69113382267642,-12.631951383387673],[136.67673353467063,-12.669188045080915],[136.68393367867355,-12.686113800396015],[136.6983339666793,-12.703039555711129],[136.69113382267642,-12.709809857837172],[136.67673353467063,-12.703039555711129],[136.65513310266203,-12.709809857837172],[136.6191323826476,-12.689498951459043],[136.63353267065338,-12.6996544046481],[136.61193223864473,-12.713195008900186],[136.597531950639,-12.740276217404357],[136.6191323826476,-12.757201972719457],[136.62633252665051,-12.774127728034571],[136.61193223864473,-12.814749540790828],[136.6191323826476,-12.83844559823197],[136.59033180663607,-12.82151984291687],[136.5831316626332,-12.804594087601757],[136.5831316626332,-12.777512879097586],[136.60473209464186,-12.791053483349671],[136.5831316626332,-12.767357425908529],[136.56873137462748,-12.7639722748455],[136.54713094261882,-12.740276217404357],[136.53273065461303,-12.7470465195304],[136.52553051061017,-12.757201972719457],[136.53273065461303,-12.801208936538742],[136.53993079861596,-12.807979238664785],[136.5183303666073,-12.807979238664785],[136.48232964659292,-12.767357425908529],[136.46792935858713,-12.780898030160614],[136.46072921458426,-12.770742576971543],[136.46792935858713,-12.7944386344127],[136.48952979059578,-12.801208936538742],[136.47512950259,-12.841830749295],[136.5039300786015,-12.851986202484056],[136.5183303666073,-12.875682259925213],[136.53993079861596,-12.882452562051256],[136.5543310866217,-12.875682259925213],[136.53993079861596,-12.895993166303327],[136.54713094261882,-12.916304072681456],[136.5543310866217,-12.919689223744484],[136.56153123062455,-12.912918921618441],[136.597531950639,-12.929844676933541],[136.62633252665051,-12.953540734374698],[136.64073281465625,-12.95015558331167],[136.6479329586591,-12.990777396067926],[136.66953339066777,-13.004318000320012],[136.65513310266203,-13.014473453509083],[136.62633252665051,-13.017858604572098],[136.63353267065338,-13.000932849256998],[136.62633252665051,-12.994162547130955],[136.62633252665051,-12.973851640752827],[136.6191323826476,-12.967081338626784],[136.597531950639,-12.973851640752827],[136.597531950639,-12.990777396067926],[136.5831316626332,-13.000932849256998],[136.5831316626332,-13.017858604572098],[136.56153123062455,-13.017858604572098],[136.56873137462748,-12.99754769819397],[136.5543310866217,-12.987392245004912],[136.56153123062455,-12.98062194287887],[136.56153123062455,-12.963696187563755],[136.53993079861596,-12.970466489689798],[136.53993079861596,-12.98062194287887],[136.53273065461303,-12.98062194287887],[136.53273065461303,-12.990777396067926],[136.5183303666073,-12.977236791815841],[136.48952979059578,-12.990777396067926],[136.47512950259,-12.977236791815841],[136.4535290705814,-12.977236791815841],[136.4535290705814,-12.990777396067926],[136.47512950259,-12.99754769819397],[136.48232964659292,-13.00770315138304],[136.48232964659292,-12.99754769819397],[136.5039300786015,-12.99754769819397],[136.51113022260444,-13.014473453509083],[136.53273065461303,-13.017858604572098],[136.53273065461303,-13.051710115202312],[136.56873137462748,-13.058480417328354],[136.53993079861596,-13.109257683273668],[136.53273065461303,-13.153264647092954],[136.51113022260444,-13.139724042840868],[136.49672993459865,-13.139724042840868],[136.5039300786015,-13.143109193903882],[136.48232964659292,-13.170190402408053],[136.48232964659292,-13.183731006660139],[136.47512950259,-13.200656761975253],[136.47512950259,-13.234508272605467],[136.46792935858713,-13.248048876857538],[136.4535290705814,-13.254819178983581],[136.44632892657847,-13.248048876857538],[136.4535290705814,-13.224352819416396],[136.4391287825756,-13.217582517290353],[136.4391287825756,-13.231123121542439],[136.40312806256122,-13.244663725794524],[136.35992719854391,-13.308981595991924],[136.34552691053818,-13.325907351307038],[136.3311266225324,-13.325907351307038],[136.3311266225324,-13.312366747054952],[136.31672633452666,-13.298826142802866],[136.33832676653532,-13.27513008536171],[136.3311266225324,-13.251434027920567],[136.35272705454105,-13.244663725794524],[136.36712734254684,-13.251434027920567],[136.38872777455543,-13.227737970479424],[136.38152763055257,-13.204041913038267],[136.36712734254684,-13.197271610912225],[136.36712734254684,-13.166805251345039],[136.35272705454105,-13.14649434496691],[136.3743274865497,-13.139724042840868],[136.35272705454105,-13.116027985399711],[136.36712734254684,-13.109257683273668],[136.35992719854391,-13.092331927958568],[136.3743274865497,-13.07202102158044],[136.36712734254684,-13.05509526626534],[136.33832676653532,-13.044939813076269],[136.3311266225324,-13.034784359887212],[136.3311266225324,-13.048324964139297],[136.3095261905238,-13.07202102158044],[136.3095261905238,-13.092331927958568],[136.28792575851514,-13.109257683273668],[136.3095261905238,-13.109257683273668],[136.32392647852953,-13.11941313646274],[136.3095261905238,-13.143109193903882],[136.31672633452666,-13.160034949218996],[136.28072561451228,-13.166805251345039],[136.28072561451228,-13.153264647092954],[136.28792575851514,-13.14649434496691],[136.27352547050936,-13.160034949218996],[136.25912518250362,-13.153264647092954],[136.25912518250362,-13.132953740714825],[136.25192503850076,-13.122798287525754],[136.24472489449784,-13.14649434496691],[136.21592431848632,-13.139724042840868],[136.22312446248924,-13.14649434496691],[136.21592431848632,-13.153264647092954],[136.2303246064921,-13.156649798155968],[136.23752475049497,-13.170190402408053],[136.24472489449784,-13.173575553471082],[136.23752475049497,-13.187116157723167],[136.24472489449784,-13.21081221516431],[136.23752475049497,-13.204041913038267],[136.21592431848632,-13.204041913038267],[136.21592431848632,-13.234508272605467],[136.20152403048058,-13.248048876857538],[136.1871237424748,-13.244663725794524],[136.17272345446906,-13.234508272605467],[136.1655233104662,-13.24127857473151],[136.15832316646328,-13.251434027920567],[136.1871237424748,-13.27513008536171],[136.17992359847193,-13.281900387487752],[136.15832316646328,-13.264974632172652],[136.1511230224604,-13.217582517290353],[136.13672273445468,-13.207427064101296],[136.1511230224604,-13.183731006660139],[136.1511230224604,-13.14649434496691],[136.14392287845754,-13.11941313646274],[136.10072201444024,-13.160034949218996],[136.10792215844316,-13.173575553471082],[136.07912158243164,-13.21081221516431],[136.0863217264345,-13.231123121542439],[136.06472129442585,-13.227737970479424],[136.05032100642012,-13.234508272605467],[136.05032100642012,-13.248048876857538],[136.06472129442585,-13.261589481109624],[136.05032100642012,-13.308981595991924],[136.03592071841433,-13.298826142802866],[136.0431208624172,-13.288670689613795],[136.02872057441147,-13.244663725794524],[136.01432028640568,-13.214197366227339],[135.99991999839995,-13.214197366227339],[135.9783195663913,-13.220967668353381],[135.9639192783855,-13.295440991739838],[135.94951899037977,-13.254819178983581],[135.92071841436825,-13.268359783235667],[135.90631812636246,-13.28528553855078],[135.9135182703654,-13.295440991739838],[135.88471769435387,-13.32252220024401],[135.87751755035094,-13.363144013000266],[135.90631812636246,-13.38006976831538],[135.92071841436825,-13.376684617252351],[135.92791855837112,-13.39699552363048],[135.92071841436825,-13.403765825756523],[135.92791855837112,-13.417306430008608],[135.9639192783855,-13.410536127882565],[135.97111942238843,-13.403765825756523],[135.9639192783855,-13.44438763851278],[135.94951899037977,-13.447772789575794],[135.9423188463769,-13.434232185323708],[135.92791855837112,-13.441002487449751],[135.93511870237398,-13.457928242764865],[135.92791855837112,-13.468083695953922],[135.92071841436825,-13.46131339382788],[135.89191783835673,-13.424076732134651],[135.87031740634808,-13.427461883197665],[135.8631172623452,-13.441002487449751],[135.8631172623452,-13.478239149142993],[135.85591711834235,-13.51886096189925],[135.8631172623452,-13.532401566151336],[135.87031740634808,-13.562867925718521],[135.84151683033656,-13.56625307678155],[135.8343166863337,-13.589949134222692],[135.84151683033656,-13.613645191663835],[135.8631172623452,-13.623800644852906],[135.87031740634808,-13.65765215548312],[135.87751755035094,-13.667807608672177],[135.90631812636246,-13.65765215548312],[135.92071841436825,-13.67457791079822],[135.89191783835673,-13.688118515050306],[135.87751755035094,-13.701659119302391],[135.87751755035094,-13.711814572491463],[135.9135182703654,-13.745666083121677],[135.95671913438264,-13.742280932058648],[135.9783195663913,-13.732125478869591],[135.98551971039416,-13.708429421428434],[136.0071201424028,-13.708429421428434],[136.01432028640568,-13.688118515050306],[136.03592071841433,-13.681348212924263],[136.02872057441147,-13.650881853357077],[136.0431208624172,-13.65765215548312],[136.05032100642012,-13.644111551231035],[136.0863217264345,-13.654267004420092],[136.07912158243164,-13.671192759735206],[136.07192143842872,-13.671192759735206],[136.05752115042299,-13.681348212924263],[136.05752115042299,-13.694888817176349],[136.03592071841433,-13.715199723554477],[136.03592071841433,-13.745666083121677],[136.01432028640568,-13.762591838436776],[136.0071201424028,-13.793058198003962],[136.01432028640568,-13.826909708634176],[135.99271985439702,-13.857376068201376],[135.98551971039416,-13.894612729894604],[135.97111942238843,-13.914923636272732],[135.95671913438264,-13.948775146902946],[135.9423188463769,-13.95216029796596],[135.90631812636246,-13.989396959659203],[135.9135182703654,-14.043559376667545],[135.90631812636246,-14.07402573623473],[135.89191783835673,-14.09433664261286],[135.89191783835673,-14.107877246864945],[135.87751755035094,-14.165424814936301],[135.90631812636246,-14.189120872377458],[135.8991179823596,-14.192506023440473],[135.89191783835673,-14.182350570251415],[135.88471769435387,-14.182350570251415],[135.81271625432504,-14.229742685133715],[135.79111582231639,-14.23312783619673],[135.79111582231639,-14.226357534070686],[135.7695153903078,-14.2602090447009],[135.73351467029335,-14.280519951079029],[135.70471409428183,-14.270364497889972],[135.73351467029335,-14.297445706394143],[135.66871337426744,-14.39900023828477],[135.66871337426744,-14.422696295725927],[135.6543130862617,-14.419311144662899],[135.63271265425306,-14.419311144662899],[135.6255125102502,-14.426081446788942],[135.61831236624727,-14.422696295725927],[135.58951179023575,-14.483629014860298],[135.58951179023575,-14.503939921238427],[135.56791135822715,-14.514095374427498],[135.56791135822715,-14.53779143186864],[135.55351107022136,-14.53779143186864],[135.53911078221563,-14.561487489309798],[135.51751035020698,-14.625805359507197],[135.52471049420984,-14.639345963759283],[135.53911078221563,-14.642731114822311],[135.53911078221563,-14.652886568011368],[135.51751035020698,-14.652886568011368],[135.49590991819832,-14.676582625452511],[135.4815096301926,-14.666427172263454],[135.4671093421868,-14.676582625452511],[135.43830876617528,-14.693508380767625],[135.41670833416663,-14.734130193523882],[135.4023080461609,-14.737515344586896],[135.39510790215803,-14.720589589271796],[135.38070761415224,-14.727359891397839],[135.39510790215803,-14.77136685521711],[135.39510790215803,-14.808603516910352],[135.40950819016376,-14.849225329666595],[135.40950819016376,-14.872921387107752],[135.41670833416663,-14.869536236044723],[135.43110862217242,-14.89323229348588],[135.43110862217242,-14.91015804880098],[135.45270905418107,-14.947394710494223],[135.4815096301926,-14.974475918998394],[135.58231164623288,-15.045564091321836],[135.6111122222444,-15.052334393447879],[135.63991279825592,-15.045564091321836],[135.6543130862617,-15.052334393447879],[135.66871337426744,-15.072645299826007],[135.70471409428183,-15.086185904078093],[135.72631452629048,-15.116652263645278],[135.74791495829913,-15.116652263645278],[135.8631172623452,-15.184355284905706],[135.92791855837112,-15.248673155103106],[135.9783195663913,-15.285909816796348],[136.05032100642012,-15.316376176363534],[136.07192143842872,-15.34007223380469],[136.12952259045176,-15.363768291245833],[136.1655233104662,-15.390849499750004],[136.20872417448345,-15.394234650813019],[136.20872417448345,-15.401004952939061],[136.23752475049497,-15.414545557191147],[136.24472489449784,-15.448397067821361],[136.2663253265065,-15.49578918270366],[136.27352547050936,-15.536410995459917],[136.28792575851514,-15.573647657153145],[136.31672633452666,-15.59057341246826],[136.31672633452666,-15.624424923098474],[136.32392647852953,-15.600728865657317],[136.33832676653532,-15.614269469909402],[136.4103282065641,-15.627810074161488],[136.46792935858713,-15.66504673585473],[136.53273065461303,-15.732749757115144],[136.54713094261882,-15.72936460605213],[136.53993079861596,-15.739520059241187],[136.56153123062455,-15.742905210304215],[136.5543310866217,-15.749675512430258],[136.56873137462748,-15.742905210304215],[136.56153123062455,-15.725979454989101],[136.5831316626332,-15.725979454989101],[136.6191323826476,-15.705668548610987],[136.64073281465625,-15.671817037980773],[136.6623332466649,-15.678587340106816],[136.66953339066777,-15.66504673585473],[136.67673353467063,-15.668431886917745],[136.68393367867355,-15.685357642232859],[136.6983339666793,-15.68197249116983],[136.70553411068215,-15.695513095421916],[136.7271345426908,-15.695513095421916],[136.68393367867355,-15.77675672093443],[136.64073281465625,-15.769986418808386],[136.6479329586591,-15.780141871997444],[136.65513310266203,-15.780141871997444],[136.6479329586591,-15.790297325186515],[136.66953339066777,-15.79368247624953],[136.67673353467063,-15.8038379294386],[136.67673353467063,-15.813993382627658],[136.71273425468507,-15.858000346446943],[136.71273425468507,-15.878311252825071],[136.69113382267642,-15.902007310266214],[136.70553411068215,-15.9324736698334],[136.7271345426908,-15.9324736698334],[136.7703354067081,-15.888466706014128],[136.7703354067081,-15.905392461329228],[136.7631352627052,-15.9155479145183],[136.78473569471385,-15.902007310266214],[136.79913598271963,-15.912162763455271],[136.79913598271963,-15.905392461329228],[136.82073641472823,-15.898622159203185],[136.83513670273402,-15.908777612392257],[136.85673713474267,-15.908777612392257],[136.84953699073975,-15.9155479145183],[136.86393727874554,-15.912162763455271],[136.8711374227484,-15.922318216644342],[136.8855377107542,-15.922318216644342],[136.8855377107542,-15.9324736698334],[136.89273785475706,-15.925703367707357],[136.90713814276285,-15.929088518770385],[136.90713814276285,-15.935858820896428],[136.94221576739224,-15.932560468578606],[136.92153843076858,-15.9155479145183],[136.9143382867657,-15.898622159203185],[136.93593871877437,-15.881696403888085],[136.97193943878875,-15.874926101762043],[136.9647392947859,-15.861385497509957],[136.97913958279162,-15.8512300443209],[136.98633972679448,-15.874926101762043],[137.00074001480027,-15.881696403888085],[137.00074001480027,-15.874926101762043],[137.00704014080281,-15.877888108942205],[137.05114102282045,-15.922318216644342],[137.08714174283483,-15.94262912302247],[137.1591431828636,-15.969710331526642],[137.2023440468809,-16.000176691093827],[137.25274505490108,-16.013717295345913],[137.31034620692412,-16.084805467669355],[137.29594591891833,-16.08142031660634],[137.35354707094137,-16.115271827236555],[137.38954779095576,-16.125427280425612],[137.4111482229644,-16.14573818680374],[137.4255485109702,-16.138967884677697],[137.49754995099897,-16.169434244244897],[137.555151103022,-16.17281939530791],[137.53355067101336,-16.162663942118854],[137.57675153503067,-16.17620454637094],[137.67755355107096,-16.22359666125324],[137.72795455909113,-16.233752114442296],[137.74235484709692,-16.260833322946468],[137.77115542310844,-16.28452938038761],[137.7927558551171,-16.325151193143867],[137.86475729514586,-16.42332057397148],[138.0015600312006,-16.54518601224025],[138.0015600312006,-25.996527780195613],[129.00138002760053,-25.999912931258635],[129.00138002760053,-14.879691689233795],[129.03018060361205,-14.886461991359837],[129.04458089161778,-14.906772897737966],[129.05898117962357,-14.906772897737966],[129.05178103562065,-14.896617444548895],[129.06618132362644,-14.889847142422852],[129.10218204364082,-14.913543199864009],[129.1093821876437,-14.933854106242137],[129.1093821876437,-14.98801652325048],[129.12378247564948,-14.954165012620265],[129.13098261965234,-14.947394710494223],[129.15978319566386,-14.967705616872351],[129.18858377167538,-14.98801652325048],[129.16698333966679,-15.052334393447879],[129.18138362767252,-15.076030450889021],[129.17418348366965,-15.089571055141107],[129.1957839156783,-15.103111659393193],[129.20298405968117,-15.123422565771321],[129.17418348366965,-15.147118623212478],[129.17418348366965,-15.167429529590606],[129.15978319566386,-15.184355284905706],[129.15978319566386,-15.197895889157792],[129.17418348366965,-15.194510738094763],[129.18138362767252,-15.184355284905706],[129.18858377167538,-15.18774043596872],[129.18858377167538,-15.174199831716649],[129.20298405968117,-15.147118623212478],[129.1957839156783,-15.160659227464564],[129.2317846356927,-15.177584982779663],[129.2173843476869,-15.15388892533852],[129.23898477969556,-15.130192867897364],[129.2317846356927,-15.109881961519235],[129.24618492369842,-15.092956206204136],[129.23898477969556,-15.069260148762979],[129.25338506770134,-15.055719544510893],[129.25338506770134,-15.035408638132765],[129.2605852117042,-15.038793789195793],[129.25338506770134,-15.062489846636936],[129.2605852117042,-15.042178940258808],[129.27498549970989,-15.028638336006763],[129.26778535570708,-15.03202348706975],[129.2317846356927,-15.008327429628594],[129.23898477969556,-14.98801652325048],[129.2317846356927,-14.923698653053066],[129.23898477969556,-14.91015804880098],[129.22458449168982,-14.855995631792638],[129.2317846356927,-14.839069876477538],[129.24618492369842,-14.842455027540552],[129.23898477969556,-14.852610480729624],[129.24618492369842,-14.84584017860358],[129.2605852117042,-14.849225329666595],[129.2605852117042,-14.86615108498171],[129.31818636372725,-14.859380782855666],[129.33258665173298,-14.872921387107752],[129.34698693973877,-14.872921387107752],[129.36858737174742,-14.903387746674937],[129.39018780375602,-14.91015804880098],[129.41178823576467,-14.923698653053066],[129.41178823576467,-14.916928350927023],[129.43338866777333,-14.920313501990051],[129.4837896757935,-14.94062440836818],[129.5197903958079,-15.00494227856558],[129.52699053981075,-15.028638336006722],[129.55579111582227,-15.04894924238485],[129.60619212384245,-15.106496810456221],[129.59899197983958,-15.130192867897364],[129.56299125982514,-15.15388892533852],[129.55579111582227,-15.17081468065362],[129.56299125982514,-15.180970133842678],[129.57739154783093,-15.157274076401535],[129.6133922678453,-15.15388892533852],[129.6277925558511,-15.136963170023407],[129.65659313186262,-15.140348321086435],[129.67099341986835,-15.147118623212478],[129.68539370787414,-15.14373347214945],[129.68539370787414,-15.130192867897364],[129.6493929878597,-15.099726508330178],[129.64219284385683,-15.072645299826007],[129.64219284385683,-15.042178940258808],[129.6637932758655,-15.028638336006722],[129.65659313186262,-15.02186803388068],[129.63499269985397,-15.03202348706975],[129.62059241184818,-14.998171976439536],[129.62059241184818,-14.954165012620265],[129.60619212384245,-14.947394710494223],[129.59899197983958,-14.95755016368328],[129.59899197983958,-14.971090767935365],[129.59179183583666,-14.967705616872351],[129.5485909718194,-14.879691689233795],[129.53419068381362,-14.869536236044723],[129.52699053981075,-14.842455027540552],[129.49818996379923,-14.80183321478431],[129.49818996379923,-14.791677761595238],[129.53419068381362,-14.805218365847324],[129.57019140382806,-14.849225329666595],[129.59179183583666,-14.889847142422852],[129.62059241184818,-14.876306538170766],[129.5845916918338,-14.839069876477538],[129.57739154783093,-14.805218365847324],[129.57739154783093,-14.798448063721281],[129.63499269985397,-14.842455027540552],[129.6493929878597,-14.83568472541451],[129.68539370787414,-14.849225329666595],[129.74299485989718,-14.852610480729624],[129.76459529190578,-14.842455027540552],[129.7717954359087,-14.849225329666595],[129.80059601192022,-14.859380782855666],[129.85099701994034,-14.842455027540552],[129.85099701994034,-14.825529272225452],[129.87979759595186,-14.81875897009941],[129.88699773995478,-14.815373819036395],[129.87979759595186,-14.805218365847324],[129.86539730794613,-14.811988667973367],[129.86539730794613,-14.80183321478431],[129.87979759595186,-14.798448063721281],[129.9013980279605,-14.774752006280139],[129.86539730794613,-14.774752006280139],[129.8365967319346,-14.811988667973367],[129.81499629992595,-14.822144121162438],[129.80059601192022,-14.81875897009941],[129.7717954359087,-14.828914423288467],[129.7573951479029,-14.822144121162438],[129.75019500390005,-14.808603516910352],[129.77899557991157,-14.795062912658267],[129.7933958679173,-14.767981704154096],[129.80059601192022,-14.767981704154096],[129.7933958679173,-14.757826250965024],[129.77899557991157,-14.77136685521711],[129.7717954359087,-14.781522308406181],[129.7573951479029,-14.781522308406181],[129.73579471589426,-14.795062912658267],[129.67099341986835,-14.764596553091067],[129.6637932758655,-14.747670797775967],[129.6637932758655,-14.727359891397839],[129.64219284385683,-14.713819287145753],[129.62059241184818,-14.67996777651554],[129.59899197983958,-14.673197474389497],[129.59179183583666,-14.659656870137411],[129.57739154783093,-14.639345963759283],[129.5845916918338,-14.61564990631814],[129.692593851877,-14.612264755255111],[129.72139442788853,-14.581798395687926],[129.7573951479029,-14.56825779143584],[129.7717954359087,-14.547946885057712],[129.7717954359087,-14.53779143186864],[129.67099341986835,-14.581798395687926],[129.57019140382806,-14.561487489309798],[129.55579111582227,-14.551332036120726],[129.52699053981075,-14.551332036120726],[129.49098981979637,-14.503939921238427],[129.5197903958079,-14.466703259545199],[129.5053901078021,-14.473473561671241],[129.50395007900153,-14.472119501246036],[129.4837896757935,-14.500554770175413],[129.46938938778771,-14.459932957419156],[129.47658953179058,-14.490399316986341],[129.45498909978198,-14.503939921238427],[129.44778895577906,-14.500554770175413],[129.44778895577906,-14.483629014860298],[129.42618852377046,-14.466703259545199],[129.41898837976754,-14.449777504230099],[129.39738794775894,-14.415925993599885],[129.39738794775894,-14.426081446788942],[129.3757875157503,-14.419311144662899],[129.35418708374164,-14.422696295725927],[129.3613872277445,-14.38207448296967],[129.3757875157503,-14.3549932744655],[129.36858737174742,-14.338067519150385],[129.39018780375602,-14.317756612772257],[129.41178823576467,-14.287290253205072],[129.41898837976754,-14.2906754042681],[129.41898837976754,-14.277134800016015],[129.41178823576467,-14.280519951079029],[129.41178823576467,-14.236512987259758],[129.43338866777333,-14.226357534070686],[129.45498909978198,-14.192506023440473],[129.46218924378485,-14.192506023440473],[129.49818996379923,-14.128188153243073],[129.5053901078021,-14.131573304306087],[129.51259025180502,-14.128188153243073],[129.49818996379923,-14.118032700054016],[129.5053901078021,-14.10449209580193],[129.49818996379923,-14.07741088729776],[129.4837896757935,-14.07741088729776],[129.47658953179058,-14.04694452773056],[129.49098981979637,-14.04694452773056],[129.51259025180502,-14.07402573623473],[129.52699053981075,-14.053714829856602],[129.53419068381362,-14.05709998091963],[129.53419068381362,-14.080796038360774],[129.54139082781654,-14.090951491549845],[129.52699053981075,-14.131573304306087],[129.54139082781654,-14.145113908558173],[129.55579111582227,-14.141728757495159],[129.55579111582227,-14.111262397927973],[129.57019140382806,-14.084181189423802],[129.59179183583666,-14.090951491549845],[129.60619212384245,-14.070640585171716],[129.6133922678453,-14.053714829856602],[129.59179183583666,-14.033403923478474],[129.59899197983958,-14.009707866037331],[129.60619212384245,-14.036789074541502],[129.64219284385683,-14.04694452773056],[129.72139442788853,-14.013093017100346],[129.74299485989718,-13.975856355407117],[129.75019500390005,-13.95216029796596],[129.74299485989718,-13.945389995839932],[129.75019500390005,-13.91830878733576],[129.73579471589426,-13.897997880957632],[129.71419428388566,-13.894612729894604],[129.71419428388566,-13.877686974579504],[129.72139442788853,-13.847220615012304],[129.74299485989718,-13.826909708634176],[129.77899557991157,-13.789673046940948],[129.7933958679173,-13.789673046940948],[129.78619572391443,-13.76936214056282],[129.7933958679173,-13.667807608672177],[129.8365967319346,-13.562867925718521],[129.82939658793174,-13.51886096189925],[129.81499629992595,-13.501935206584136],[129.82939658793174,-13.512090659773207],[129.872597451949,-13.498550055521122],[129.88699773995478,-13.501935206584136],[129.872597451949,-13.491779753395079],[129.872597451949,-13.478239149142993],[129.89419788395764,-13.441002487449751],[129.9013980279605,-13.498550055521122],[129.90859817196338,-13.515475810836222],[129.95899917998355,-13.53578671721435],[130.00940018800372,-13.532401566151336],[130.0598011960239,-13.498550055521122],[130.06700134002676,-13.505320357647165],[130.10300206004115,-13.457928242764865],[130.1246024920498,-13.464698544890908],[130.1390027800556,-13.457928242764865],[130.18220364407284,-13.407150976819551],[130.19660393207863,-13.373299466189337],[130.21100422008436,-13.366529164063294],[130.23260465209302,-13.339447955559123],[130.27580551611027,-13.336062804496095],[130.2830056601132,-13.30559644492891],[130.23980479609588,-13.281900387487752],[130.22540450809015,-13.248048876857538],[130.1606032120642,-13.176960704534096],[130.13180263605267,-13.176960704534096],[130.11740234804694,-13.16342010028201],[130.11740234804694,-13.132953740714825],[130.13180263605267,-13.105872532210654],[130.11740234804694,-13.078791323706483],[130.1390027800556,-13.000932849256998],[130.1246024920498,-12.973851640752827],[130.1390027800556,-12.93322982799657],[130.1606032120642,-12.929844676933541],[130.17500350006998,-12.909533770555413],[130.19660393207863,-12.909533770555413],[130.1894037880757,-12.926459525870527],[130.21100422008436,-12.946770432248655],[130.24700494009875,-12.946770432248655],[130.34060681213623,-12.889222864177299],[130.3334066681333,-12.882452562051256],[130.35500710014196,-12.807979238664785],[130.35500710014196,-12.7944386344127],[130.35500710014196,-12.733505915278315],[130.3478069561391,-12.7165801599632],[130.35500710014196,-12.669188045080915],[130.36940738814775,-12.682728649333],[130.37660753215062,-12.679343498269972],[130.40540810816213,-12.703039555711129],[130.40540810816213,-12.686113800396015],[130.39820796415927,-12.679343498269972],[130.39100782015635,-12.662417742954872],[130.412608252165,-12.65564744082883],[130.412608252165,-12.665802894017887],[130.4270085401708,-12.65564744082883],[130.41980839616787,-12.645491987639758],[130.44140882817652,-12.635336534450701],[130.44140882817652,-12.645491987639758],[130.46300926018517,-12.638721685513715],[130.4918098361967,-12.665802894017887],[130.51341026820535,-12.669188045080915],[130.5206104122082,-12.692884102522058],[130.49900998019956,-12.7165801599632],[130.50621012420243,-12.7165801599632],[130.5206104122082,-12.730120764215286],[130.5206104122082,-12.726735613152272],[130.52781055621108,-12.726735613152272],[130.52781055621108,-12.723350462089243],[130.51341026820535,-12.723350462089243],[130.51341026820535,-12.709809857837172],[130.5206104122082,-12.703039555711129],[130.53501070021395,-12.719965311026229],[130.5566111322226,-12.703039555711129],[130.5566111322226,-12.719965311026229],[130.56381127622547,-12.706424706774143],[130.58541170823412,-12.719965311026229],[130.5710114202284,-12.743661368467372],[130.58541170823412,-12.736891066341329],[130.59261185223698,-12.740276217404357],[130.58541170823412,-12.733505915278315],[130.59261185223698,-12.7165801599632],[130.60701214024277,-12.719965311026229],[130.5998119962399,-12.730120764215286],[130.60701214024277,-12.733505915278315],[130.60701214024277,-12.723350462089243],[130.62861257225143,-12.726735613152272],[130.6214124282485,-12.770742576971543],[130.64301286025716,-12.743661368467372],[130.6358127162543,-12.726735613152272],[130.61421228424564,-12.713195008900186],[130.6214124282485,-12.706424706774143],[130.62861257225143,-12.7165801599632],[130.65741314826295,-12.713195008900186],[130.68621372427447,-12.726735613152272],[130.69341386827733,-12.733505915278315],[130.67901358027154,-12.743661368467372]]]}},{"type":"Feature","id":7,"properties":{"STATE_CODE":"8","STATE_NAME":"Australian Capital Territory"},"geometry":{"type":"Polygon","coordinates":[[[149.33458669173382,-35.33954471413429],[149.25538510770212,-35.32938926094523],[149.20498409968195,-35.34631501626033],[149.1473829476589,-35.414018037520755],[149.14018280365605,-35.43094379283586],[149.15458309166178,-35.437714094961905],[149.13298265965318,-35.45463985027701],[149.15458309166178,-35.50541711622233],[149.13298265965318,-35.552809231104625],[149.14018280365605,-35.59343104386088],[149.082581651633,-35.579890439608796],[149.07538150763014,-35.58666074173484],[149.08978179563587,-35.64082315874318],[149.09698193963874,-35.647593460869224],[149.09698193963874,-35.67805982043642],[149.11138222764453,-35.69498557575152],[149.08978179563587,-35.766073748074966],[149.10418208364166,-35.8033104097682],[149.09698193963874,-35.82362131614633],[149.09698193963874,-35.84731737358748],[149.06098121962435,-35.874398582091644],[149.04658093161862,-35.92179069697394],[149.01058021160418,-35.89809463953279],[148.96017920358406,-35.89470948846977],[148.9097781955639,-35.85408767571352],[148.9097781955639,-35.83039161827237],[148.88817776355523,-35.810080711894244],[148.8953779075581,-35.79315495657914],[148.8953779075581,-35.77284405020101],[148.90257805156097,-35.75930344594892],[148.8953779075581,-35.75253314382288],[148.88817776355523,-35.718681633192666],[148.88097761955237,-35.715296482129645],[148.87377747554945,-35.72206678425569],[148.8568057075427,-35.751324161300374],[148.83777675553506,-35.742377690633816],[148.82337646752933,-35.72206678425569],[148.7945758915178,-35.70514102894058],[148.80177603552067,-35.66790436724735],[148.7657753155063,-35.647593460869224],[148.78017560351202,-35.627282554491096],[148.7657753155063,-35.603586497049946],[148.7873757475149,-35.58666074173484],[148.77297545950915,-35.56973498641973],[148.78017560351202,-35.55957953323067],[148.7657753155063,-35.54265377791556],[148.77297545950915,-35.529113173663475],[148.7657753155063,-35.49526166303327],[148.77297545950915,-35.485106209844204],[148.7657753155063,-35.464795303466076],[148.7873757475149,-35.42755864177284],[148.7873757475149,-35.40724773539471],[148.7945758915178,-35.40724773539471],[148.7945758915178,-35.39370713114263],[148.80897617952354,-35.38355167795356],[148.7945758915178,-35.33954471413429],[148.80897617952354,-35.3090783545671],[149.1185823716474,-35.12289504610093],[149.14018280365605,-35.12966534822697],[149.14018280365605,-35.136435650353015],[149.1473829476589,-35.139820801416036],[149.1473829476589,-35.14320595247906],[149.1617832356647,-35.14320595247906],[149.16898337966757,-35.160131707794164],[149.19058381167622,-35.1669020099202],[149.1833836676733,-35.177057463109264],[149.19778395567909,-35.18382776523531],[149.19058381167622,-35.204138671613435],[149.20498409968195,-35.21090897373948],[149.20498409968195,-35.23121988011761],[149.21218424368482,-35.22106442692854],[149.24098481969634,-35.22106442692854],[149.24818496369926,-35.227834729054585],[149.23378467569347,-35.24137533330667],[149.26978539570786,-35.25830108862178],[149.26978539570786,-35.275226843936885],[149.31298625972516,-35.275226843936885],[149.32018640372803,-35.28538229712595],[149.34178683573668,-35.28538229712595],[149.36338726774534,-35.3090783545671],[149.39218784375686,-35.302308052441056],[149.39938798775972,-35.31923380775616],[149.34898697973955,-35.34970016732335],[149.33458669173382,-35.33954471413429]],[[149.12578251565026,-35.28538229712595],[149.1185823716474,-35.29215259925199],[149.11138222764453,-35.28538229712595],[149.11138222764453,-35.28199714606293],[149.10418208364166,-35.28538229712595],[149.10418208364166,-35.29553775031501],[149.09698193963874,-35.28538229712595],[149.08978179563587,-35.28538229712595],[149.082581651633,-35.29553775031501],[149.06818136362722,-35.298922901378035],[149.082581651633,-35.302308052441056],[149.09698193963874,-35.28876744818897],[149.10418208364166,-35.302308052441056],[149.12578251565026,-35.29553775031501],[149.1473829476589,-35.3090783545671],[149.15458309166178,-35.30569320350408],[149.13298265965318,-35.28876744818897],[149.12578251565026,-35.28538229712595]]]}}]}