{"type":"FeatureCollection","features":[{"type":"Feature","properties":{"name":"Acre","cartodb_id":1,"created_at":"2015-02-09T16:46:01Z","updated_at":"2015-02-09T16:46:01Z","id":1,"sigla":"AC","regiao_id":"3","codigo_ibg":"12"},"geometry":{"type":"Polygon","coordinates":[[[-73.80507610152205,-7.110769999599995],[-73.61067221344427,-7.20216907830158],[-72.86905738114764,-7.52714358035162],[-72.66025320506411,-7.625312961179233],[-72.17064341286827,-7.723482342006847],[-72.00504010080203,-7.774259607952175],[-70.93941878837578,-8.017990484489701],[-70.37060741214826,-8.139855922758457],[-69.43458869177385,-8.64085828008561],[-69.17538350767016,-8.766108869417394],[-68.78657573151465,-8.972603084261692],[-68.1889637792756,-9.233259716114333],[-67.32494649892999,-9.5954708798576],[-66.80653613072263,-9.815505698953984],[-66.61933238664774,-9.893364173403484],[-66.62653253065062,-9.937371137222755],[-66.76333526670534,-9.99830385635714],[-66.99373987479751,-10.20141292013841],[-67.00814016280327,-10.255575337146752],[-67.16654333086663,-10.336818962659265],[-67.32494649892999,-10.32327835840718],[-67.41134822696455,-10.428218041360836],[-67.57695153903079,-10.502691364747307],[-67.70655413108264,-10.709185579591605],[-67.864957299146,-10.641482558331177],[-68.00176003520072,-10.64825286045722],[-68.10256205124104,-10.712570730654619],[-68.27536550731016,-10.99015311782236],[-68.49856997139945,-11.057856139082787],[-68.54177083541673,-11.108633405028115],[-68.71457429148585,-11.142484915658315],[-68.79377587551753,-10.99015311782236],[-68.9089781795636,-11.01723432632653],[-69.22578451569032,-10.942761002940074],[-69.54259085181705,-10.935990700814031],[-69.74419488389769,-10.97322736250726],[-69.77299545990921,-10.932605549751003],[-69.93859877197545,-10.922450096561946],[-70.19780395607913,-11.054470988019773],[-70.40660813216266,-11.04770068589373],[-70.52901058021162,-10.935990700814031],[-70.62261245224906,-11.00030857101143],[-70.62261245224906,-9.822276001080027],[-70.52901058021162,-9.713951167063357],[-70.59381187623754,-9.6259372394248],[-70.51461029220586,-9.497301499029987],[-70.56501130022602,-9.426213326706545],[-70.65141302826058,-9.510842103282073],[-70.7522150443009,-9.558234218164372],[-70.99701994039881,-9.798579943638885],[-71.14822296445931,-9.862897813836284],[-71.21302426048523,-9.96783749678994],[-71.37862757255147,-10.001689007420154],[-72.17784355687115,-9.99830385635714],[-72.14904298085963,-9.798579943638885],[-72.25704514090283,-9.751187828756585],[-72.25704514090283,-9.612396635172715],[-72.35064701294027,-9.493916347966973],[-72.48744974899499,-9.48714604584093],[-72.71785435708715,-9.409287571391431],[-73.207464149283,-9.41267272245446],[-73.08506170123404,-9.240030018240375],[-73.00586011720236,-9.212948809736204],[-72.94105882117644,-9.101238824656505],[-72.9914598291966,-8.921825818316378],[-73.03466069321388,-8.904900063001264],[-73.11386227724556,-8.725487056661137],[-73.21466429328588,-8.68486524390488],[-73.29386587731756,-8.613777071581438],[-73.2794655893118,-8.474985877997568],[-73.39466789335788,-8.461445273745483],[-73.40906818136364,-8.410668007800169],[-73.53867077341548,-8.339579835476712],[-73.53867077341548,-8.261721361027227],[-73.59627192543851,-8.207558944018885],[-73.59627192543851,-8.095848958939186],[-73.64667293345867,-8.004449880237615],[-73.74747494949901,-7.957057765355316],[-73.68267365347309,-7.774259607952175],[-73.82667653353069,-7.716712039880804],[-73.97067941358829,-7.5677653931078765],[-73.927478549571,-7.476366314406292],[-73.927478549571,-7.351115725074507],[-73.72587451749037,-7.334189969759407],[-73.71147422948461,-7.236020588931794],[-73.80507610152205,-7.110769999599995]]]}},{"type":"Feature","properties":{"name":"Alagoas","cartodb_id":2,"created_at":"2015-02-09T16:46:01Z","updated_at":"2015-02-09T16:46:01Z","id":2,"sigla":"AL","regiao_id":"4","codigo_ibg":"27"},"geometry":{"type":"Polygon","coordinates":[[[-36.393127862557265,-10.499306213684278],[-36.42912858257168,-10.424832890297822],[-36.56593131862638,-10.41467743710875],[-36.56593131862638,-10.326663509470194],[-36.64513290265808,-10.252190186083723],[-36.717134342686876,-10.265730790335809],[-36.83953679073582,-10.20141292013841],[-36.947538950779034,-10.08970293505871],[-36.9547390947819,-10.018614762735268],[-37.14914298285967,-9.900134475529512],[-37.228344566891366,-9.900134475529512],[-37.285945718914405,-9.82904630320607],[-37.415548310966244,-9.761343281945642],[-37.58115162303247,-9.73426207344147],[-37.71075421508431,-9.629322390487815],[-37.789955799116,-9.619166937298758],[-37.89075781515632,-9.541308462849273],[-38.0059601192024,-9.514227254345101],[-38.0779615592312,-9.43975393095863],[-38.20036400728017,-9.419443024580502],[-38.23636472729456,-9.328043945878932],[-38.09236184723696,-9.172326996979947],[-37.97715954319088,-9.148630939538805],[-37.840356807136146,-8.979373386387735],[-37.825956519130386,-8.90151491193825],[-37.76115522310448,-8.857507948118965],[-37.6459529190584,-9.016610048080977],[-37.53795075901519,-8.959062480009607],[-37.314746294925925,-9.094468522530462],[-37.242744854897126,-9.185867601232033],[-37.05554111082222,-9.280651830996632],[-36.94033880677614,-9.38220636288726],[-36.918738374767514,-9.297577586311732],[-36.69553391067822,-9.27388152887059],[-36.63073261465232,-9.328043945878932],[-36.436328726574544,-9.212948809736204],[-36.32832656653136,-9.199408205484119],[-36.12672253445069,-8.955677328946592],[-35.86031720634415,-8.857507948118965],[-35.74511490229807,-8.915055516190336],[-35.54351087021743,-8.820271286425736],[-35.15470309406189,-8.911670365127307],[-35.241104822096446,-9.047076407648163],[-35.30590611812238,-9.192637903358076],[-35.48590971819439,-9.368665758635188],[-35.49310986219726,-9.416057873517474],[-35.65151303026062,-9.56838967135343],[-35.87471749434991,-9.81212054789097],[-36.04752095041903,-10.076162330806625],[-36.08352167043341,-10.08970293505871],[-36.27072541450832,-10.272501092461852],[-36.393127862557265,-10.499306213684278]]]}},{"type":"Feature","properties":{"name":"Amazonas","cartodb_id":3,"created_at":"2015-02-09T16:46:01Z","updated_at":"2015-02-09T16:46:01Z","id":3,"sigla":"AM","regiao_id":"3","codigo_ibg":"13"},"geometry":{"type":"Polygon","coordinates":[[[-58.89357787155744,0.26547416672332247],[-58.89357787155744,-0.022263673633489134],[-58.86477729554592,-0.07642609064181727],[-58.8719774395488,-0.3438530246205005],[-58.7279745594912,-0.4352521033220711],[-58.70637412748256,-0.6789829798596116],[-58.432768655373124,-0.8820920436408812],[-58.418368367367364,-1.0107277840356943],[-58.324766495329925,-1.1427486754935217],[-58.252765055301126,-1.1325932223044504],[-58.159163183263686,-1.2273774520690495],[-58.04396087921759,-1.102126862737265],[-57.964759295185914,-1.207066545690921],[-58.00076001520031,-1.3289319839596914],[-57.799155983119675,-1.4846489328586614],[-57.712754255085116,-1.5049598392367898],[-57.705554111082236,-1.5760480115602462],[-57.6119522390448,-1.582818313686289],[-57.52555051101024,-1.6539064860097312],[-57.34554691093824,-1.7148392051441164],[-57.15834316686335,-1.728379809396202],[-57.10074201484031,-1.7757719242785015],[-57.03594071881439,-1.9111779667993432],[-56.85593711874239,-2.0161176497529993],[-56.71913438268767,-2.0499691603832133],[-56.76953539070783,-2.141368239084798],[-56.67593351867039,-2.2124564114082403],[-56.60393207864159,-2.2056861092821975],[-56.52473049460991,-2.1379830880217696],[-56.4167283345667,-2.175219749714998],[-56.18632372647454,-2.0431988582571705],[-56.09992199843998,-2.046584009320199],[-56.22232444648894,-2.1955306560931263],[-56.38792775855518,-2.2767742816056398],[-56.46712934258687,-2.4223357773155527],[-56.40232804656094,-2.4561872879457667],[-56.76953539070783,-3.2415423345667023],[-57.02154043080863,-3.796707108902183],[-57.54715094301888,-4.920577261825244],[-57.863957279145595,-5.600992625492523],[-58.259965199304006,-6.467591297625958],[-58.425568511370244,-6.6165379443989],[-58.483169663393284,-6.782410346486941],[-58.432768655373124,-6.9076609358187255],[-58.324766495329925,-6.999060014520296],[-58.180763615272326,-7.178473020860423],[-58.13756275125503,-7.351115725074507],[-58.209564191283846,-7.459440559091192],[-58.202364047280966,-7.621927810116205],[-58.281565631312645,-7.7471783994480035],[-58.382367647352964,-7.838577478149574],[-58.375167503350085,-7.906280499410002],[-58.288765775315525,-8.075538052561058],[-58.324766495329925,-8.170322282325657],[-58.317566351327045,-8.329424382287655],[-58.418368367367364,-8.491911633312668],[-58.389567791355844,-8.603621618392381],[-58.439968799376004,-8.701790999219995],[-58.396767935358724,-8.77964947366948],[-58.49756995139904,-8.803345531110637],[-59.12398247964961,-8.803345531110637],[-59.70719414388289,-8.799960380047608],[-60.405608112162255,-8.796575228984594],[-61.1832236644733,-8.796575228984594],[-61.5792315846317,-8.799960380047608],[-61.62243244864899,-8.728872207724166],[-61.71603432068643,-8.688250394967909],[-61.77363547270947,-8.749183114102294],[-61.84563691273827,-8.745797963039266],[-61.86003720074403,-8.85412279705595],[-61.98963979279587,-8.87104855237105],[-62.04004080081603,-8.796575228984594],[-62.12644252885059,-8.799960380047608],[-62.19124382487651,-8.590081014140296],[-62.33524670493411,-8.610391920518424],[-62.35684713694275,-8.397127403548083],[-62.65205304106084,-8.238025303586085],[-62.68805376107524,-8.099234110002214],[-62.86805736114724,-7.973983520670416],[-63.501670033400686,-7.977368671733444],[-63.616872337446765,-7.970598369607401],[-63.624072481449645,-8.041686541930844],[-63.724874497489964,-8.248180756775142],[-63.78967579351588,-8.33280953335067],[-63.86887737754756,-8.288802569531398],[-63.93367867357348,-8.326039231224627],[-63.91927838556772,-8.559614654573096],[-64.0344806896138,-8.691635546030923],[-64.12088241764836,-8.71533160347208],[-64.15688313766276,-8.833811890677822],[-64.142482849657,-8.945521875757521],[-64.30808616172325,-8.996299141702849],[-64.32248644972901,-8.928596120442421],[-64.61049220984421,-9.016610048080977],[-64.68969379387589,-8.989528839576806],[-64.86969739394789,-9.013224897017949],[-64.94169883397669,-9.148630939538805],[-64.93449868997381,-9.256955773555475],[-65.0857017140343,-9.426213326706545],[-65.18650373007462,-9.416057873517474],[-65.20810416208326,-9.277266679933604],[-65.28730574611494,-9.27049637780756],[-65.39530790615814,-9.338199399067989],[-65.50331006620134,-9.470220290525816],[-65.5897117942359,-9.41267272245446],[-65.67611352227046,-9.449909384147688],[-65.72651453029061,-9.558234218164372],[-65.82731654633093,-9.531153009660201],[-66.00012000240007,-9.402517269265388],[-66.28812576251526,-9.436368779895602],[-66.35292705854118,-9.416057873517474],[-66.38892777855558,-9.500686650093016],[-66.51853037060742,-9.636092692613857],[-66.61213224264486,-9.663173901118029],[-66.80653613072263,-9.815505698953984],[-67.32494649892999,-9.5954708798576],[-68.1889637792756,-9.233259716114333],[-68.78657573151465,-8.972603084261692],[-69.17538350767016,-8.766108869417394],[-69.43458869177385,-8.64085828008561],[-70.37060741214826,-8.139855922758457],[-70.93941878837578,-8.017990484489701],[-72.00504010080203,-7.774259607952175],[-72.17064341286827,-7.723482342006847],[-72.66025320506411,-7.625312961179233],[-72.86905738114764,-7.52714358035162],[-73.61067221344427,-7.20216907830158],[-73.80507610152205,-7.110769999599995],[-73.72587451749037,-7.022756071961453],[-73.75467509350189,-6.931356993259868],[-73.64667293345867,-6.762099440108813],[-73.5314706294126,-6.684240965659328],[-73.25786515730316,-6.5860715848317],[-73.1354627092542,-6.498057657193158],[-73.16426328526572,-6.274637687033746],[-73.25066501330028,-6.142616795575918],[-73.23626472529452,-6.030906810496219],[-73.19306386127724,-6.000440450929034],[-73.14986299725996,-5.8616492573451495],[-72.99865997319948,-5.716087761635237],[-72.9554591091822,-5.577296568051366],[-72.9554591091822,-5.462201431908653],[-72.86905738114764,-5.299714180883626],[-72.8834576691534,-5.16430813836277],[-72.73225464509291,-5.062753606472143],[-72.65305306106123,-5.062753606472143],[-72.58825176503531,-4.984895132022643],[-72.47304946098923,-4.944273319266401],[-72.38664773295467,-4.873185146942944],[-72.37224744494891,-4.805482125682516],[-72.21384427688555,-4.768245463989288],[-71.96903938078763,-4.605758212964275],[-71.92583851677034,-4.54482549382989],[-71.74583491669834,-4.473737321506434],[-71.60183203664074,-4.534670040640819],[-71.53703074061482,-4.466967019380391],[-71.38582771655435,-4.429730357687163],[-71.32102642052843,-4.443270961939248],[-71.20582411648235,-4.399263998119977],[-70.94661893237866,-4.378953091741849],[-70.75941518830378,-4.158918272645465],[-70.69461389227786,-4.199540085401722],[-70.52181043620874,-4.141992517330351],[-70.37780755615114,-4.141992517330351],[-70.2842056841137,-4.233391596031936],[-70.25540510810218,-4.318020372607464],[-70.11140222804457,-4.28416886197725],[-70.03220064401289,-4.355257034300692],[-69.95299905998121,-4.28416886197725],[-69.81619632392649,-3.590212894057885],[-69.69379387587753,-2.9199529835796767],[-69.60739214784297,-2.3918694177483673],[-69.53539070781417,-2.0161176497529993],[-69.43458869177385,-1.3966350052201193],[-69.39858797175945,-1.3695537967159481],[-69.42738854777097,-1.2104516967539496],[-69.39858797175945,-1.112282315926322],[-69.46338926778537,-0.966720820216409],[-69.5281905638113,-0.922713856397138],[-69.62179243584873,-0.733145396867954],[-69.56419128382569,-0.6383611671033549],[-69.64339286785737,-0.48264421820437065],[-69.91699833996681,-0.3370827224944577],[-70.05380107602153,-0.19152122678454475],[-70.03940078801577,0.5599823092061769],[-69.80179603592073,0.5802932155843052],[-69.67939358787177,0.6716922942858758],[-69.63619272385449,0.6378407836556619],[-69.47058941178825,0.7360101644832753],[-69.35538710774217,0.6141447262145192],[-69.24018480369608,0.6039892730254479],[-69.17538350767016,0.654766538970776],[-69.18258365167304,0.7258547112942182],[-69.13218264365288,0.8781865091301739],[-69.18978379567592,0.922193472949445],[-69.21138422768456,1.0203628537770584],[-69.31938638772776,1.094836177163529],[-69.68659373187465,1.0779104218484292],[-69.70819416388329,1.1253025367307288],[-69.84499689993801,1.084680723974472],[-69.84499689993801,1.7210891238224661],[-69.63619272385449,1.738014879137566],[-69.54979099581993,1.7921772961459084],[-69.3841876837537,1.7312445770115232],[-69.00258005160104,1.7346297280745517],[-68.1529630592612,1.7312445770115232],[-68.26816536330728,1.8463397131542507],[-68.23936478729576,1.934353640792807],[-68.13856277125544,1.9851309067381209],[-68.09536190723816,1.9106575833516501],[-67.9729594591892,1.8327991089021651],[-67.90815816316328,1.856495166343322],[-67.77855557111144,2.0325230216204204],[-67.62735254705095,2.0223675684313633],[-67.54095081901639,2.157773610952205],[-67.38974779495591,2.2457875385907613],[-67.33934678693575,2.2051657258345045],[-67.33934678693575,2.09684089181782],[-67.28894577891559,1.890346676973536],[-67.14494289885799,1.839569411028208],[-67.09454189083783,1.7346297280745517],[-67.07294145882919,1.4435067366547258],[-67.08734174683495,1.1659243494869855],[-66.8569371387428,1.230242219684385],[-66.31692633852678,0.7563210708614037],[-66.21612432248646,0.7834022793655748],[-66.15852317046343,0.7461656176723466],[-66.07212144242887,0.8070983368067317],[-65.96411928238567,0.8206389410588173],[-65.92811856237127,0.8917271133822595],[-65.74091481829637,1.0000519473989442],[-65.61131222624454,1.0135925516510298],[-65.53931078621574,0.9763558899577873],[-65.50331006620134,0.8477201495629743],[-65.5897117942359,0.7224695602311897],[-65.5537110742215,0.6581516900337903],[-65.45290905818118,0.6852328985379614],[-65.39530790615814,0.7495507687353609],[-65.4097081941639,0.8172537899957888],[-65.32330646612934,0.9289637750754878],[-65.17930358607174,0.922193472949445],[-65.15050301006022,1.1151470835416575],[-65.10010200204006,1.1557688962979142],[-65.02090041800837,1.1151470835416575],[-64.96329926598533,1.1896204069281282],[-64.87689753795077,1.230242219684385],[-64.81209624192485,1.3148709962599128],[-64.76169523390469,1.230242219684385],[-64.58889177783557,1.3385670537010697],[-64.55289105782117,1.4164255281505547],[-64.43768875377509,1.470587945158897],[-64.39448788975781,1.4333512834656545],[-64.21448428968581,1.5078246068521253],[-64.12808256165124,1.5789127791755675],[-64.06328126562532,1.677082160003195],[-64.06328126562532,1.9309684897297785],[-63.96967939358788,1.9885160578011494],[-63.782475649513,1.9817457556751066],[-63.595271905438125,2.1205369492589767],[-63.501670033400686,2.113766647132934],[-63.39366787335749,2.147618157763148],[-63.37206744134885,2.2119360279605473],[-63.28566571331427,2.1543884598891907],[-63.141662833256675,2.1713142152042906],[-63.120062401248035,2.09684089181782],[-63.026460529210595,2.0155972663053205],[-62.82485649712996,2.012212115242292],[-62.702454049081,1.9411239429188498],[-62.73125462509252,1.8192585046500795],[-62.72405448108964,1.7143188216964234],[-62.80325606512132,1.5890682323646388],[-62.63765275305508,1.436736434528683],[-62.52965059301188,1.0880658750374863],[-62.443248864977306,0.9763558899577873],[-62.4864497289946,0.854490451689017],[-62.457649152983066,0.7867874304286033],[-62.53685073701476,0.6953883517270185],[-62.52965059301188,0.4990495900717917],[-62.443248864977306,0.38056930286604995],[-62.46484929698596,0.27562961991239376],[-62.42164843296867,0.1436087284545522],[-62.32084641692835,-0.022263673633489134],[-62.32084641692835,-0.10350729914598844],[-62.24164483289667,-0.17459547146944487],[-62.25604512090243,-0.27953515442310106],[-62.19844396887939,-0.39124513950280004],[-62.30644612892259,-0.5131105777715703],[-62.30644612892259,-0.6620572245444976],[-62.50805016100324,-0.7128344904898256],[-62.47924958499172,-0.7940781160023249],[-62.39284785695715,-0.8211593245064961],[-62.34244684893699,-0.9024029500190096],[-62.22724454489091,-0.9734911223424518],[-62.01844036880739,-1.1427486754935217],[-61.89603792075843,-1.3966350052201193],[-61.79523590471811,-1.3797092499050052],[-61.60083201664034,-1.4474122711654331],[-61.60803216064323,-1.308621077581563],[-61.5432308646173,-1.0716605031700794],[-61.58643172863458,-0.9836465755315231],[-61.53603072061442,-0.7568414543090967],[-61.42802856057122,-0.6349760160403264],[-61.22642452849058,-0.5605026926538699],[-61.2192243844877,-0.49956997351948473],[-61.089621792435864,-0.49956997351948473],[-61.046420928418584,-0.5469620884017843],[-60.916818336366745,-0.5537323905278271],[-60.916818336366745,-0.6112799585991837],[-60.794415888317786,-0.69929388623774],[-60.73681473629473,-0.8583959861997386],[-60.528010560211214,-0.8753217415148384],[-60.477609552191055,-0.7703820585611822],[-60.420008400168015,-0.7737672096241965],[-60.304806096121936,-0.7094493394267971],[-60.312006240124816,-0.6417463181663692],[-60.398407968159376,-0.5469620884017843],[-60.340806816136336,-0.4386372543850996],[-60.27600552011042,-0.20167667997361605],[-60.21840436808738,-0.13397365871318812],[-60.20400408008162,-0.03241912682254622],[-60.1392027840557,0.02851359231183892],[-60.11760235204706,0.1334532752654951],[-60.06000120002402,0.16391963483268057],[-60.03840076801538,0.26547416672332247],[-58.89357787155744,0.26547416672332247]]]}},{"type":"Feature","properties":{"name":"Amapá","cartodb_id":4,"created_at":"2015-02-09T16:46:01Z","updated_at":"2015-02-09T16:46:01Z","id":4,"sigla":"AP","regiao_id":"3","codigo_ibg":"16"},"geometry":{"type":"Polygon","coordinates":[[[-54.8686973739475,2.4353559981199453],[-54.74629492589854,2.4725926598131878],[-54.681493629872605,2.4455114513090166],[-54.688693773875485,2.360882674733489],[-54.602292045840926,2.337186617292332],[-54.42948858977181,2.208550876897533],[-54.19188383767677,2.1780845173303334],[-53.93987879757597,2.242402387527747],[-53.88227764555293,2.3168757109142035],[-53.7454749094982,2.3134905598511892],[-53.53667073341468,2.259328142842847],[-53.457469149383,2.262713293905861],[-53.36386727734556,2.320260861977232],[-53.227064541290844,2.262713293905861],[-53.219864397287964,2.1950102726454475],[-53.104662093241885,2.215321179023576],[-52.98225964519291,2.157773610952205],[-52.88865777315547,2.208550876897533],[-52.83825676513531,2.286409351347018],[-52.730254605092114,2.330416315166289],[-52.550251005020115,2.5233699257585016],[-52.550251005020115,2.648620515090286],[-52.39904798095964,2.9262029022580407],[-52.33424668493372,3.0717643979679536],[-52.33424668493372,3.1733189298585813],[-52.19024380487612,3.3019546702533944],[-51.92383847676956,3.7826461212024185],[-51.80143602872059,3.880815502030032],[-51.75823516470331,3.9891403360467166],[-51.64303286065723,4.043302753055045],[-51.592631852637055,4.192249399827986],[-51.55663113262267,4.415669369987384],[-51.51343026860539,4.4359802763655125],[-51.33342666853338,4.287033629592585],[-51.20382407648154,4.114390925378501],[-51.17502350047002,3.9451333722274313],[-51.0742214844297,3.890970955219089],[-51.08862177243546,3.6810915893117766],[-51.0742214844297,3.5761519063581204],[-51.08862177243546,3.3899685978919507],[-51.023820476409554,3.2240961958039094],[-51.038220764415314,3.136082268165353],[-50.980619612392275,2.936358355447098],[-50.90141802836058,2.794182010800199],[-50.81501630032602,2.509829321506416],[-50.76461529230585,2.459052055561102],[-50.72141442828857,2.2390172364647185],[-50.68541370827418,2.1442330067001194],[-50.51981039620793,2.208550876897533],[-50.44780895617913,2.2017805747714903],[-50.34700694013881,2.0765299854396915],[-50.23900478009563,1.8023327493349797],[-50.16700334006683,1.8158733535870653],[-50.030200604012094,1.77186638976778],[-49.92219844396888,1.7041633685073663],[-49.8789975799516,1.4976691536630682],[-49.90779815596312,1.30810069413387],[-49.89339786795736,1.186235255865114],[-49.943798875977535,1.1117619324786432],[-49.943798875977535,0.9831261920838301],[-50.001400028000575,0.9188083218864307],[-50.09500190003803,0.7021586538530613],[-50.34700694013881,0.6683071432228473],[-50.455009100182025,0.570137762395234],[-50.57741154823097,0.26885931778635097],[-50.74301486029722,0.13006812420248082],[-50.923018460369235,0.07590570719413847],[-51.067021340426834,-0.07642609064181727],[-51.2182243644873,-0.11704790339807403],[-51.35502710054203,-0.3167718161163293],[-51.45582911658235,-0.5131105777715703],[-51.57103142062843,-0.6214354117882408],[-51.68623372467451,-0.7974632670653534],[-51.68623372467451,-1.034423841476837],[-51.80863617272348,-1.1562892797456072],[-51.88783775675515,-1.1664447329346643],[-51.99583991679836,-1.129208071241436],[-52.053441068821385,-1.2341477541950923],[-52.118242364847305,-1.1495189776195645],[-52.33424668493372,-1.1156674669893505],[-52.413448268965396,-1.0242683882877799],[-52.442248844976916,-0.9362544606492236],[-52.39904798095964,-0.888862345766924],[-52.521450429008596,-0.7906929649393106],[-52.499849996999956,-0.6925235841116972],[-52.535850717014355,-0.5740432969059412],[-52.629452589051795,-0.5943542032840696],[-52.694253885077714,-0.49618482245645623],[-52.687053741074834,-0.30323121186424373],[-52.83825676513531,-0.18475092465850196],[-52.93185863717275,-0.1441291119022452],[-52.97505950119003,0.025128441248810418],[-53.090261805236125,0.19438599439988025],[-53.090261805236125,0.2587038645972797],[-53.176663533270684,0.38056930286604995],[-53.140662813256284,0.6953883517270185],[-53.191063821276444,0.7698616751134892],[-53.41426828536572,0.9289637750754878],[-53.457469149383,1.1388431409828144],[-53.43586871737436,1.2336273707473993],[-53.52227044540892,1.2607085792515704],[-53.65907318146364,1.402884923898469],[-53.82467649352988,1.3893443196463835],[-53.99747994959901,1.504439455789111],[-54.08388167763357,1.504439455789111],[-54.14148282965661,1.6398454983099526],[-54.22068441368829,1.6567712536250667],[-54.37908758175165,1.7650960876417372],[-54.49428988579773,1.7481703323266373],[-54.602292045840926,1.7854069940198656],[-54.74629492589854,1.7752515408308085],[-54.73909478189566,1.839569411028208],[-54.80389607792158,2.0257527194943776],[-54.80389607792158,2.1442330067001194],[-54.7606952139043,2.2017805747714903],[-54.80389607792158,2.3405717683553604],[-54.8686973739475,2.4353559981199453]]]}},{"type":"Feature","properties":{"name":"Bahia","cartodb_id":5,"created_at":"2015-02-09T16:46:01Z","updated_at":"2015-02-09T16:46:01Z","id":5,"sigla":"BA","regiao_id":"4","codigo_ibg":"29"},"geometry":{"type":"Polygon","coordinates":[[[-38.0059601192024,-9.514227254345101],[-38.04196083921681,-9.602241181983644],[-38.04196083921681,-9.713951167063357],[-37.97715954319088,-9.82904630320607],[-37.96275925518512,-9.971222647852969],[-37.83315666313328,-10.001689007420154],[-37.77555551111024,-10.133709898877981],[-37.73955479109583,-10.330048660533222],[-37.8619572391448,-10.424832890297822],[-37.81875637512752,-10.485765609432192],[-37.81155623112463,-10.69225982427649],[-38.02036040720816,-10.763347996599947],[-38.04916098321968,-10.709185579591605],[-38.21476429528593,-10.709185579591605],[-38.24356487129745,-10.800584658293175],[-38.22916458329169,-10.915679794435903],[-38.10676213524272,-11.013849175263516],[-38.07076141522833,-11.152640368847386],[-37.97715954319088,-11.2034176347927],[-38.0059601192024,-11.288046411368242],[-37.96995939918801,-11.382830641132827],[-37.81155623112463,-11.514851532590654],[-37.72515450309007,-11.552088194283897],[-37.63155263105264,-11.518236683653683],[-37.51635032700656,-11.548703043220868],[-37.343546870937445,-11.443763360267212],[-37.51635032700656,-11.74165665381308],[-37.62435248704975,-11.995542983539679],[-37.73955479109583,-12.188496594131891],[-37.91955839116784,-12.435612621732446],[-38.04916098321968,-12.635336534450701],[-38.337166743334876,-12.943385281185627],[-38.481169623392475,-13.014473453509083],[-38.581971639432794,-13.000932849256998],[-38.71157423148463,-13.058480417328354],[-38.76197523950481,-13.11941313646274],[-38.934778695573925,-13.217582517290353],[-38.97077941558834,-13.339447955559123],[-38.891577831556646,-13.430847034260694],[-38.934778695573925,-13.525631264025293],[-38.891577831556646,-13.65765215548312],[-38.963579271585445,-13.671192759735206],[-38.99957999159986,-13.742280932058648],[-38.92757855157106,-13.901383032020647],[-38.992379847596965,-14.18573572131443],[-38.9851797035941,-14.3076011595832],[-39.064381287625764,-14.625805359507197],[-39.064381287625764,-14.751055948838982],[-39.02838056761138,-14.784907459469196],[-38.99957999159986,-14.971090767935365],[-38.99957999159986,-15.228362248724977],[-38.94197883957682,-15.52625554227086],[-38.92757855157106,-15.702283397547959],[-38.85557711154226,-15.861385497509957],[-38.95637912758258,-16.09834607192144],[-38.949178983579685,-16.15589363999281],[-39.021180423608484,-16.26760362507251],[-39.006780135602725,-16.375928459089195],[-39.049980999620004,-16.40639481865638],[-39.107582151643044,-16.711058414328292],[-39.14358287165746,-16.755065378147577],[-39.11478229564594,-16.893856571731448],[-39.21558431168626,-17.16805380783616],[-39.22278445568912,-17.296689548230972],[-39.18678373567474,-17.61489374815497],[-39.13638272765456,-17.682596769415397],[-39.2659853197064,-17.86539492681854],[-39.445988919778415,-17.943253401268038],[-39.61159223184464,-18.186984277805564],[-39.66919338386771,-18.34947152883059],[-39.66919338386771,-18.332545773515477],[-40.22360447208945,-17.980490062961266],[-40.26680533610673,-17.929712797015952],[-40.18040360807217,-17.85523947362948],[-40.22360447208945,-17.73337403536071],[-40.32440648812977,-17.638589805596126],[-40.39640792815857,-17.62504920134404],[-40.482809656193126,-17.486258007760156],[-40.59801196023923,-17.39147377799557],[-40.54761095221906,-17.283148943978887],[-40.57641152823058,-17.14774290145803],[-40.54761095221906,-16.985255650433018],[-40.482809656193126,-16.876930816416333],[-40.28120562411249,-16.90062687385749],[-40.32440648812977,-16.802457493029863],[-40.27400548010962,-16.572267220744422],[-40.1732034640693,-16.524875105862122],[-40.02200044000881,-16.35223240164804],[-39.957199143982905,-16.321766042080853],[-39.885197703954105,-16.19313030168604],[-39.86359727194545,-16.094960920858426],[-40.06520130402609,-15.925703367707357],[-40.16600332006641,-15.895237008140171],[-40.23800476009521,-15.8038379294386],[-40.3892077841557,-15.8207636847537],[-40.4612092241845,-15.753060663493272],[-40.51881037620754,-15.797067627312558],[-40.70601412028242,-15.66504673585473],[-40.87881757635154,-15.695513095421916],[-40.965219304386096,-15.648120980539616],[-41.00122002440051,-15.712438850737016],[-41.138022760455215,-15.766601267745358],[-41.33242664853299,-15.742905210304215],[-41.35402708054161,-15.502559484829703],[-41.8004360087202,-15.099726508330178],[-41.930038600772036,-15.174199831716649],[-42.074041480829635,-15.174199831716649],[-42.16764335286706,-15.09634135726715],[-42.26124522490451,-15.123422565771321],[-42.441248824976526,-15.059104695573922],[-42.599651993039885,-14.923698653053066],[-42.628452569051404,-14.944009559431194],[-42.79405588111763,-14.839069876477538],[-42.97405948118964,-14.69689353183064],[-43.23326466529332,-14.656271719074383],[-43.31246624932501,-14.669812323326468],[-43.51407028140565,-14.795062912658267],[-43.881277625552514,-14.656271719074383],[-43.87407748154965,-14.52086567655354],[-43.80207604152085,-14.338067519150385],[-43.823676473529474,-14.314371461709243],[-44.075681513630286,-14.283905102142057],[-44.21248424968502,-14.236512987259758],[-44.56529130582612,-14.338067519150385],[-44.702094041880855,-14.44639235316707],[-44.817296345926934,-14.503939921238427],[-44.846096921938454,-14.581798395687926],[-45.040500810016226,-14.67996777651554],[-45.098101962039266,-14.751055948838982],[-45.20610412208245,-14.744285646712939],[-45.314106282125664,-14.852610480729624],[-45.48690973819478,-14.960935314746308],[-45.54451089021782,-14.937239257305151],[-45.67411348226966,-15.07941560195205],[-45.8757175143503,-15.157274076401535],[-46.04852097041942,-15.130192867897364],[-45.97651953039062,-15.038793789195793],[-45.96931938638775,-14.947394710494223],[-46.03412068241366,-14.872921387107752],[-45.98371967439351,-14.619035057381154],[-46.01252025040503,-14.476858712734256],[-45.91171823436471,-14.375304180843628],[-46.12052241044822,-14.158654512810259],[-46.25732514650295,-14.10449209580193],[-46.206924138482776,-14.013093017100346],[-46.264525290505816,-13.942004844776903],[-46.221324426488536,-13.76936214056282],[-46.25732514650295,-13.694888817176349],[-46.1637232744655,-13.589949134222692],[-46.235724714494296,-13.562867925718521],[-46.21412428248567,-13.400380674693508],[-46.04852097041942,-13.312366747054952],[-46.06292125842518,-13.261589481109624],[-46.278925578511576,-13.346218257685166],[-46.32932658653175,-13.248048876857538],[-46.27172543450871,-13.014473453509083],[-46.12772255445111,-12.960311036500741],[-46.11332226644535,-12.916304072681456],[-46.264525290505816,-12.93322982799657],[-46.293325866517335,-12.631951383387673],[-46.25732514650295,-12.547322606812145],[-46.14932298645974,-12.51347109618193],[-46.250125002500056,-12.435612621732446],[-46.37252745054903,-12.290051126022533],[-46.35812716254327,-12.22573325582512],[-46.394127882557655,-12.026009343106864],[-46.322126442528855,-11.95830632184645],[-46.37252745054903,-11.866907243144865],[-46.34372687453751,-11.751812107002152],[-46.235724714494296,-11.565628798535982],[-46.408528170563415,-11.541932741094826],[-46.52373047460949,-11.474229719834412],[-46.54533090661815,-11.379445490069813],[-46.61733234664695,-11.301587015620328],[-46.47332946658935,-11.189877030540615],[-46.38692773855479,-10.986767966759345],[-46.28612572251447,-10.905524341246831],[-46.17092341846839,-10.621171651953048],[-46.06292125842518,-10.604245896637934],[-46.02692053841079,-10.543313177503563],[-45.89011780235606,-10.448528947738964],[-45.825316506330154,-10.363900171163436],[-45.738914778295594,-10.343589264785308],[-45.695713914278315,-10.262345639272795],[-45.724514490289835,-10.15402080525611],[-45.60211204224086,-10.10662869037381],[-45.52291045820917,-10.282656545650923],[-45.42930858617174,-10.360515020100408],[-45.39330786615733,-10.445143796675936],[-45.4437088741775,-10.50607651581032],[-45.43650873017461,-10.61778650089002],[-45.357307146142944,-10.732881637032747],[-45.24930498609973,-10.817510413608275],[-45.069301386027746,-10.841206471049432],[-44.93249864997301,-10.929220398687988],[-44.81009620192404,-10.871672830616617],[-44.788495769915414,-10.807354960419218],[-44.57969159383188,-10.627941954079091],[-44.52209044180884,-10.64825286045722],[-44.320486409728204,-10.55346863069262],[-44.262885257705165,-10.624556803016063],[-44.15488309766198,-10.644867709394191],[-44.075681513630286,-10.580549839196792],[-44.02528050561014,-10.475610156243135],[-43.91727834556693,-10.424832890297822],[-43.794875897517954,-10.208183222264452],[-43.75887517750357,-10.07277717974361],[-43.694073881477635,-10.076162330806625],[-43.665273305466116,-9.988148403168069],[-43.708474169483395,-9.906904777655555],[-43.650873017460356,-9.839201756395141],[-43.78767575351509,-9.761343281945642],[-43.852477049540994,-9.548078764975301],[-43.78767575351509,-9.45667968627373],[-43.68687373747477,-9.416057873517474],[-43.57167143342869,-9.31788849268986],[-43.46366927338548,-9.260340924618504],[-43.28366567331349,-9.419443024580502],[-43.19006380127604,-9.419443024580502],[-43.11806236124724,-9.372050909698203],[-42.95965919318388,-9.42959847776956],[-42.95245904918099,-9.510842103282073],[-42.82285645712915,-9.619166937298758],[-42.69325386507731,-9.544693613912287],[-42.62125242504851,-9.541308462849273],[-42.44844896897939,-9.460064837336759],[-42.35484709694197,-9.34835485225706],[-42.24684493689875,-9.287422133122675],[-42.102842056841155,-9.280651830996632],[-41.973239464789316,-9.246800320366418],[-41.83643672873458,-9.24341516930339],[-41.8004360087202,-9.148630939538805],[-41.735634712694264,-9.094468522530462],[-41.721234424688504,-9.013224897017949],[-41.54123082461652,-8.959062480009607],[-41.512430248605,-8.877818854497093],[-41.36122722454451,-8.708561301346037],[-41.26762535250705,-8.73225735878718],[-41.11642232844659,-8.705176150283009],[-41.10202204044083,-8.783034624732508],[-41.03002060041203,-8.833811890677822],[-40.92201844036882,-8.833811890677822],[-40.85001700034002,-8.952292177883564],[-40.8212164243285,-9.080927918278377],[-40.67001340026803,-9.158786392727862],[-40.6772135442709,-9.260340924618504],[-40.74201484029683,-9.331429096941946],[-40.74201484029683,-9.443139082021645],[-40.61961239224786,-9.483760894777902],[-40.36760735214705,-9.378821211824246],[-40.31000620012401,-9.27049637780756],[-40.27400548010962,-9.080927918278377],[-40.13000260005202,-9.108009126782548],[-39.957199143982905,-9.047076407648163],[-39.870797415948346,-8.931981271505435],[-39.89239784795697,-8.82704158855178],[-39.69079381587633,-8.796575228984594],[-39.69079381587633,-8.661169186463738],[-39.604392087841774,-8.654398884337695],[-39.38118762375248,-8.532533446068925],[-39.28038560771216,-8.566384956699139],[-39.24438488769778,-8.681480092841866],[-39.035580711614244,-8.735642509850209],[-38.977979559591205,-8.793190077921565],[-38.79797595951922,-8.793190077921565],[-38.70437408748177,-8.860893099181993],[-38.639572791455834,-8.986143688513778],[-38.567571351427034,-8.830426739614808],[-38.466769335386715,-8.864278250245007],[-38.50277005540113,-8.979373386387735],[-38.409168183363676,-9.036920954459092],[-38.322766455329116,-8.989528839576806],[-38.31556631132625,-9.141860637412762],[-38.23636472729456,-9.328043945878932],[-38.20036400728017,-9.419443024580502],[-38.0779615592312,-9.43975393095863],[-38.0059601192024,-9.514227254345101]]]}},{"type":"Feature","properties":{"name":"Ceará","cartodb_id":6,"created_at":"2015-02-09T16:46:01Z","updated_at":"2015-02-09T16:46:01Z","id":6,"sigla":"CE","regiao_id":"4","codigo_ibg":"23"},"geometry":{"type":"Polygon","coordinates":[[[-37.24994499889999,-4.832563334186688],[-37.63875277505551,-4.927347563951287],[-37.67475349506992,-5.0458278511570285],[-37.73235464709296,-5.079679361787242],[-37.78275565511311,-5.218470555371113],[-37.78275565511311,-5.296329029820612],[-37.84755695113904,-5.340335993639883],[-37.89075781515632,-5.479127187223753],[-37.99155983119664,-5.556985661673238],[-38.08516170323409,-5.6720807978159655],[-38.04916098321968,-5.7397838190763935],[-38.12116242324848,-5.831182897777964],[-38.12116242324848,-5.888730465849321],[-38.25076501530032,-6.003825601992048],[-38.30116602332049,-6.085069227504562],[-38.41636832736657,-6.0579880190003905],[-38.581971639432794,-6.3152594997900025],[-38.567571351427034,-6.355881312546259],[-38.524370487409755,-6.406658578491573],[-38.610772215444314,-6.5115982614452435],[-38.67557351147025,-6.697781569911413],[-38.65397307946159,-6.758714289045784],[-38.68277365547311,-6.867039123062469],[-38.76197523950481,-6.91104608688174],[-38.73317466349329,-7.012600618772382],[-38.65397307946159,-7.090459093221867],[-38.67557351147025,-7.168317567671366],[-38.53157063141265,-7.2935681570031505],[-38.581971639432794,-7.435744501650035],[-38.71157423148463,-7.584691148422976],[-38.71157423148463,-7.621927810116205],[-38.82677653553074,-7.720097190943832],[-38.94197883957682,-7.7573338526370605],[-38.9851797035941,-7.845347780275617],[-39.049980999620004,-7.818266571771446],[-39.14358287165746,-7.716712039880804],[-39.2659853197064,-7.662549622872461],[-39.316386327726576,-7.540684184603705],[-39.4819896397928,-7.445899954839106],[-39.66199323986481,-7.31049391231825],[-39.913998279965625,-7.337575120822422],[-39.96439928798577,-7.38835238676775],[-40.2452049040981,-7.432359350587021],[-40.3172063441269,-7.374811782515664],[-40.54761095221906,-7.391737537830764],[-40.511610232204674,-7.307108761255236],[-40.49000980019602,-7.117540301726038],[-40.42520850417009,-7.03291152515051],[-40.43960879217585,-6.806106403928084],[-40.47560951219026,-6.735018231604641],[-40.71321426428531,-6.674085512470256],[-40.74201484029683,-6.565760678453572],[-40.79241584831698,-6.518368563571286],[-40.80681613632274,-6.3931179742394875],[-40.77801556031122,-6.342340708294174],[-40.85001700034002,-6.223860421088432],[-40.87161743234867,-5.973359242424863],[-40.90761815236306,-5.848108653093078],[-40.92921858437171,-5.661925344626908],[-40.90041800836019,-5.614533229744609],[-40.92201844036882,-5.181233893677884],[-41.080421608432175,-5.089834814976314],[-41.123622472449455,-5.0085911894638],[-41.224424488489774,-4.927347563951287],[-41.23162463249267,-4.619298817216347],[-41.15962319246387,-4.382338242804863],[-41.11642232844659,-4.331560976859549],[-41.14522290445811,-4.125066762015251],[-41.11642232844659,-4.037052834376695],[-41.253225064501294,-4.037052834376695],[-41.224424488489774,-3.9151873961079247],[-41.26762535250705,-3.8610249790995965],[-41.253225064501294,-3.701922879137598],[-41.32522650453009,-3.6883822748855124],[-41.3684273685474,-3.573287138742785],[-41.32522650453009,-3.5360504770495567],[-41.34682693653875,-3.4141850387807864],[-41.42602852057044,-3.366792923898487],[-41.32522650453009,-3.180609615432317],[-41.253225064501294,-3.0892105367307465],[-41.253225064501294,-3.0045817601552187],[-41.32522650453009,-2.9199529835796767],[-41.26042520850419,-2.8827163218864484],[-41.08762175243507,-2.896256926138534],[-40.950819016380336,-2.872560868697377],[-40.569211384227714,-2.8387093580671774],[-40.497209944198886,-2.784546941058835],[-39.985999719994425,-2.8420945091301917],[-39.71239424788499,-3.00119660909219],[-39.61879237584753,-3.024892666533347],[-39.388387767755376,-3.1839947664953456],[-39.25158503170064,-3.221231428188574],[-39.17238344766898,-3.322785960079216],[-39.07158143162866,-3.400644434528701],[-38.992379847596965,-3.3972592834656723],[-38.920378407568165,-3.4920435132302714],[-38.81237624752498,-3.5428207791755995],[-38.66837336746735,-3.674841670633427],[-38.452369047380955,-3.7323892387047835],[-38.34436688733777,-3.9050319429188676],[-38.27236544730897,-3.9456537556751243],[-38.11396227924561,-4.152147970519422],[-37.883557671153426,-4.3586421853637205],[-37.77555551111024,-4.4026491491829916],[-37.73235464709296,-4.497433378947591],[-37.59555191103823,-4.6260691193423895],[-37.5019500390008,-4.6260691193423895],[-37.32194643892879,-4.70054244272886],[-37.24994499889999,-4.832563334186688]]]}},{"type":"Feature","properties":{"name":"Espírito Santo","cartodb_id":8,"created_at":"2015-02-09T16:46:01Z","updated_at":"2015-02-09T16:46:01Z","id":8,"sigla":"ES","regiao_id":"2","codigo_ibg":"32"},"geometry":{"type":"Polygon","coordinates":[[[-40.95801916038323,-21.30132325578512],[-41.094821896437935,-21.216694479209593],[-41.18842376847539,-21.240390536650736],[-41.490829816596346,-21.17945781751635],[-41.562831256625145,-21.18284296857938],[-41.706834136682744,-21.104984494129894],[-41.721234424688504,-20.87479422184444],[-41.76443528870578,-20.800320898457983],[-41.872437448749,-20.76646938782777],[-41.8004360087202,-20.4211839793996],[-41.85803716074324,-20.36363641132823],[-41.75723514470292,-20.20791946242926],[-41.41162823256468,-20.20453431136623],[-41.31082621652433,-20.01158070077402],[-41.31082621652433,-19.94726283057662],[-41.181223624472494,-19.889715262505263],[-41.18842376847539,-19.757694371047435],[-41.15962319246387,-19.662910141282836],[-41.037220744414896,-19.568125911518237],[-40.94361887237747,-19.459801077501552],[-40.92921858437171,-19.381942603052067],[-40.95801916038323,-19.12805627332547],[-41.051621032420655,-19.067123554191085],[-41.051621032420655,-18.9723393244265],[-41.109222184443695,-18.836933281905644],[-40.91481829636595,-18.816622375527515],[-40.94361887237747,-18.687986635132717],[-41.051621032420655,-18.62705391599833],[-41.022820456409136,-18.45779636284726],[-41.17402348046963,-18.444255758595176],[-41.15962319246387,-18.308849716074334],[-41.094821896437935,-18.193754579931607],[-40.98681973639475,-18.170058522490464],[-40.90041800836019,-18.112510954419093],[-40.77081541630835,-18.10574065229305],[-40.90041800836019,-17.98726036508731],[-40.80681613632274,-17.953408854457095],[-40.68441368827379,-18.01095642252845],[-40.526010520210434,-17.89247613532271],[-40.33160663213266,-17.926327645952924],[-40.22360447208945,-17.980490062961266],[-39.66919338386771,-18.332545773515477],[-39.66919338386771,-18.34947152883059],[-39.72679453589075,-18.491647873477476],[-39.74839496789937,-18.698142088321774],[-39.74839496789937,-18.884325396787943],[-39.69079381587633,-19.34470594135884],[-39.80599611992241,-19.645984385967722],[-39.913998279965625,-19.68660619872398],[-40.058001160023224,-19.818627090181806],[-40.13720274405489,-19.940492528450577],[-40.19480389607793,-20.214689764555303],[-40.28840576811538,-20.275622483689688],[-40.28120562411249,-20.353480958139173],[-40.43240864817298,-20.637833647432956],[-40.497209944198886,-20.6615297048741],[-40.61961239224786,-20.83078725802517],[-40.74201484029683,-20.847713013340268],[-40.80681613632274,-20.942497243104867],[-40.85001700034002,-21.11852509838198],[-40.95801916038323,-21.243775687713764],[-40.95801916038323,-21.30132325578512]]]}},{"type":"Feature","properties":{"name":"Goiás","cartodb_id":9,"created_at":"2015-02-09T16:46:01Z","updated_at":"2015-02-09T16:46:01Z","id":9,"sigla":"GO","regiao_id":"5","codigo_ibg":"52"},"geometry":{"type":"Polygon","coordinates":[[[-52.94625892517851,-16.85323475897519],[-52.83105662113243,-16.771991133462677],[-52.715854317086354,-16.63997024200485],[-52.730254605092114,-16.585807824996508],[-52.622252445048915,-16.531645407988165],[-52.600652013040275,-16.463942386727737],[-52.672653453069074,-16.413165120782423],[-52.687053741074834,-16.31499573995481],[-52.543050861017235,-16.22359666125324],[-52.514250285005716,-16.135582733614683],[-52.32704654093084,-16.067879712354255],[-52.25504510090204,-15.891851857077143],[-52.010240204804106,-15.8850815549511],[-51.945438908778186,-15.810608231564643],[-51.88063761275228,-15.827533986879743],[-51.80143602872059,-15.709053699674001],[-51.70063401268027,-15.49578918270366],[-51.68623372467451,-15.299450421048434],[-51.650233004660095,-15.180970133842678],[-51.535030700614016,-15.069260148762979],[-51.42702854057083,-15.008327429628594],[-51.23982479649595,-15.035408638132765],[-51.08862177243546,-14.916928350927023],[-51.03102062041242,-14.67996777651554],[-50.95901918038362,-14.527635978679584],[-50.995019900398034,-14.419311144662899],[-50.97341946838938,-14.2906754042681],[-50.894217884357715,-14.128188153243073],[-50.82941658833178,-14.07402573623473],[-50.87261745234906,-13.732125478869591],[-50.80061601232026,-13.691503666113334],[-50.76461529230585,-13.529016415088307],[-50.66381327626553,-13.441002487449751],[-50.66381327626553,-13.376684617252351],[-50.584611692233864,-13.248048876857538],[-50.59181183623673,-13.109257683273668],[-50.527010540210824,-12.977236791815841],[-50.512610252205064,-12.8587565046101],[-50.46220924418489,-12.692884102522058],[-50.368607372147466,-12.547322606812145],[-50.21020420408411,-12.435612621732446],[-50.30380607612153,-12.82151984291687],[-50.18140362807259,-12.895993166303327],[-49.93659873197464,-12.956925885437713],[-49.36778735574714,-13.271744934298695],[-49.35338706774138,-13.143109193903882],[-49.2381847636953,-12.882452562051256],[-49.11578231564633,-12.791053483349671],[-49.079781595631914,-12.90276346842937],[-48.97177943558873,-12.956925885437713],[-48.87097741954841,-12.804594087601757],[-48.74857497149944,-12.916304072681456],[-48.71977439548792,-13.000932849256998],[-48.65497309946201,-13.004318000320012],[-48.57577151543032,-13.126183438588782],[-48.47496949939,-13.143109193903882],[-48.46056921138424,-13.278515236424738],[-48.38856777135544,-13.268359783235667],[-48.17256345126904,-13.14649434496691],[-48.15096301926039,-13.30559644492891],[-48.07896157923159,-13.281900387487752],[-47.826956539130805,-13.312366747054952],[-47.67575351507031,-13.447772789575794],[-47.64695293905879,-13.11941313646274],[-47.56055121102423,-13.122798287525754],[-47.430948618972394,-13.268359783235667],[-47.2797455949119,-13.264974632172652],[-47.229344586891756,-13.19388645984921],[-47.09254185083702,-13.173575553471082],[-46.854937098742,-13.05509526626534],[-46.746934938698786,-12.967081338626784],[-46.451729034580694,-12.970466489689798],[-46.422928458569174,-12.862141655673128],[-46.365327306546135,-12.865526806736142],[-46.365327306546135,-12.990777396067926],[-46.192523850477016,-12.956925885437713],[-46.11332226644535,-12.916304072681456],[-46.12772255445111,-12.960311036500741],[-46.27172543450871,-13.014473453509083],[-46.32932658653175,-13.248048876857538],[-46.278925578511576,-13.346218257685166],[-46.06292125842518,-13.261589481109624],[-46.04852097041942,-13.312366747054952],[-46.21412428248567,-13.400380674693508],[-46.235724714494296,-13.562867925718521],[-46.1637232744655,-13.589949134222692],[-46.25732514650295,-13.694888817176349],[-46.221324426488536,-13.76936214056282],[-46.264525290505816,-13.942004844776903],[-46.206924138482776,-14.013093017100346],[-46.25732514650295,-14.10449209580193],[-46.12052241044822,-14.158654512810259],[-45.91171823436471,-14.375304180843628],[-46.01252025040503,-14.476858712734256],[-45.98371967439351,-14.619035057381154],[-46.03412068241366,-14.872921387107752],[-46.17812356247126,-14.947394710494223],[-46.307726154523095,-14.91015804880098],[-46.322126442528855,-14.815373819036395],[-46.50213004260087,-14.703663833956682],[-46.5669313386268,-14.784907459469196],[-46.52373047460949,-14.849225329666595],[-46.54533090661815,-14.933854106242137],[-46.50213004260087,-15.052334393447879],[-46.62453249064984,-15.089571055141107],[-46.854937098742,-15.008327429628594],[-46.94133882677656,-15.228362248724977],[-46.833336666733345,-15.323146478489576],[-46.91253825076504,-15.414545557191147],[-46.948538970779424,-15.56010705290106],[-46.854937098742,-15.621039772035445],[-46.81173623472472,-15.786912174123486],[-46.82613652273048,-15.8850815549511],[-47.16454329086582,-15.966325180463613],[-47.30854617092342,-16.03402820172404],[-47.373347466949355,-15.993406388967784],[-47.36614732294646,-15.827533986879743],[-47.315746314926315,-15.756445814556301],[-47.32294645892918,-15.587188261405231],[-47.416548330966634,-15.499174333766689],[-48.19416388327767,-15.499174333766689],[-48.20856417128343,-15.756445814556301],[-48.28776575531512,-15.841074591131829],[-48.25176503530071,-15.935858820896428],[-48.280565611312255,-16.050953957039155],[-47.30854617092342,-16.050953957039155],[-47.3517470349407,-16.15589363999281],[-47.32294645892918,-16.230366963379282],[-47.45254905098105,-16.463942386727737],[-47.445348906978154,-16.541800861177236],[-47.258145162903276,-16.653510846256935],[-47.200544010880236,-16.893856571731448],[-47.12854257085144,-17.00895170787416],[-47.26534530690614,-17.096965635512717],[-47.40934818696377,-17.24591228228566],[-47.42374847496953,-17.323770756735144],[-47.53175063501271,-17.388088626932543],[-47.50295005900119,-17.516724367327356],[-47.330146602932075,-17.5234946694534],[-47.26534530690614,-17.608123446028927],[-47.36614732294646,-17.818002811936253],[-47.358947178943595,-17.89586128638574],[-47.2797455949119,-18.05834853741075],[-47.358947178943595,-18.085429745914922],[-47.70455409108183,-18.379937888397777],[-47.80535610712215,-18.400248794775905],[-47.956559131182644,-18.49841817560352],[-48.05736114722296,-18.41378939902799],[-48.114962299246,-18.427330003280076],[-48.22296445928919,-18.346086377767563],[-48.51817036340728,-18.36639728414569],[-48.64777295545912,-18.34270122670455],[-48.834976699533996,-18.346086377767563],[-48.91417828356569,-18.305464565011306],[-49.04378087561753,-18.376552737334748],[-49.20938418768378,-18.423944852217048],[-49.24538490769817,-18.522114233044675],[-49.418188363767285,-18.63720936918739],[-49.54059081181626,-18.528884535170704],[-49.77099541990842,-18.613513311746246],[-49.929398587971775,-18.623668764935303],[-50.030200604012094,-18.59997270749416],[-50.08060161203227,-18.671060879817603],[-50.16700334006683,-18.66429057769156],[-50.325406508130186,-18.71168269257386],[-50.37580751615033,-18.8132372244645],[-50.512610252205064,-18.95202841804837],[-50.49100982019641,-19.012961137182756],[-50.584611692233864,-19.13821172651454],[-50.67101342026842,-19.134826575451513],[-50.81501630032602,-19.290543524350497],[-50.87261745234906,-19.429334717934367],[-50.937418748374995,-19.466571379627595],[-51.08862177243546,-19.307469279665597],[-51.25422508450171,-19.26684746690934],[-51.41982839656794,-19.165292935018712],[-51.55663113262267,-19.1314414243885],[-51.65743314866299,-19.13821172651454],[-51.87343746874939,-19.0366571946239],[-51.92383847676956,-18.975724475489514],[-52.082241644832905,-18.95202841804837],[-52.18304366087324,-18.847088735094715],[-52.33424668493372,-18.826777828716587],[-52.449448988979796,-18.69137178619573],[-52.75185503710075,-18.69137178619573],[-52.91025820516411,-18.640594520250417],[-52.96785935718715,-18.549195441548832],[-52.79505590111803,-18.41378939902799],[-52.79505590111803,-18.315620018200377],[-52.94625892517851,-18.29530911182225],[-53.097461949239005,-18.315620018200377],[-53.140662813256284,-18.071889141662837],[-53.068661373227485,-18.038037631032623],[-53.133462669253404,-17.916172192763867],[-53.133462669253404,-17.834928567251353],[-53.2414648292966,-17.702907675793526],[-53.2414648292966,-17.4930283098862],[-53.198263965279324,-17.3813183248065],[-53.219864397287964,-17.327155907798158],[-53.155063101262044,-17.171438958899188],[-53.061461229224605,-17.07665472913459],[-53.032660653213085,-16.904012024920505],[-52.95345906918139,-16.860005061101234],[-52.94625892517851,-16.85323475897519]]]}},{"type":"Feature","properties":{"name":"Maranhão","cartodb_id":10,"created_at":"2015-02-09T16:46:01Z","updated_at":"2015-02-09T16:46:01Z","id":10,"sigla":"MA","regiao_id":"4","codigo_ibg":"21"},"geometry":{"type":"Polygon","coordinates":[[[-41.81483629672596,-2.74053997723955],[-41.8652373047461,-2.8759460197604056],[-41.8004360087202,-2.9436490410208336],[-41.82203644072882,-3.024892666533347],[-41.92283845676914,-3.1061362920458464],[-42.0092401848037,-3.2449274856297166],[-42.117242344846915,-3.2618532409448306],[-42.1532430648613,-3.387103830276615],[-42.29724594491893,-3.4514217004740146],[-42.43404868097363,-3.454806851537043],[-42.53485069701395,-3.498813815356314],[-42.67885357707155,-3.674841670633427],[-42.671653433068684,-3.78993680677614],[-42.73645472909459,-3.925342849296996],[-42.82285645712915,-3.993045870557424],[-42.87325746514932,-4.108141006700137],[-42.98125962519251,-4.2130806896538076],[-42.98125962519251,-4.287554013040264],[-42.85165703314067,-4.477122472569462],[-42.86605732114643,-4.568521551271033],[-42.95245904918099,-4.70054244272886],[-42.95245904918099,-4.791941521430445],[-42.85165703314067,-4.937503017140358],[-42.8444568891378,-5.0559833043461],[-42.79405588111763,-5.181233893677884],[-42.83005660113204,-5.232011159623198],[-42.82285645712915,-5.347106295765926],[-42.9164583291666,-5.3978835617112395],[-43.03166063321268,-5.590837172303452],[-43.096461929238615,-5.614533229744609],[-43.07486149722996,-5.729628365887322],[-43.07486149722996,-6.054602867937362],[-42.97405948118964,-6.173083155143118],[-42.8444568891378,-6.2814079891597885],[-42.88045760915219,-6.416814031680644],[-42.86605732114643,-6.484517052941072],[-42.9164583291666,-6.670700361407242],[-43.02446048920979,-6.762099440108813],[-43.154063081261654,-6.782410346486941],[-43.24766495329908,-6.765484591171827],[-43.45646912938261,-6.84672821668434],[-43.636472729454596,-6.7180924762895415],[-43.794875897517954,-6.7011667209744274],[-43.93167863357269,-6.77225489329787],[-43.96047920958421,-6.741788533730684],[-44.176483529670605,-6.89412033156664],[-44.262885257705165,-6.999060014520296],[-44.306086121722444,-7.117540301726038],[-44.378087561751244,-7.117540301726038],[-44.56529130582612,-7.225865135742723],[-44.687693753875095,-7.395122688893792],[-44.817296345926934,-7.3612711782635785],[-44.92529850597015,-7.469596012280249],[-45.04770095401909,-7.510217825036506],[-45.155703114062305,-7.513602976099534],[-45.213304266085345,-7.564380242044848],[-45.32130642612853,-7.574535695233919],[-45.43650873017461,-7.676090227124547],[-45.53731074621493,-7.862273535590717],[-45.5877117542351,-8.173707433388671],[-45.6597131942639,-8.248180756775142],[-45.738914778295594,-8.50206708650174],[-45.796515930318634,-8.583310712014253],[-45.839716794335914,-8.71533160347208],[-45.94051881037623,-8.783034624732508],[-45.98371967439351,-8.96583278213565],[-45.93331866637334,-9.04030610552212],[-45.89731794635895,-9.185867601232033],[-45.89731794635895,-9.328043945878932],[-45.81811636232726,-9.38220636288726],[-45.782115642312874,-9.480375743714887],[-45.839716794335914,-9.561619369227387],[-45.825316506330154,-9.791809641512842],[-45.86851737034743,-9.869668115962327],[-45.839716794335914,-9.940756288285769],[-45.8757175143503,-10.110013841436839],[-45.9477189543791,-10.194642618012367],[-45.9477189543791,-10.258960488209766],[-46.0197203944079,-10.18448716482331],[-46.1637232744655,-10.21156837332748],[-46.206924138482776,-10.170946560571224],[-46.365327306546135,-10.167561409508195],[-46.480529610592214,-9.988148403168069],[-46.47332946658935,-9.87643841808837],[-46.509330186603734,-9.798579943638885],[-46.6389327786556,-9.741032375567514],[-46.58133162663256,-9.585315426668544],[-46.53813076261528,-9.558234218164372],[-46.65333306666136,-9.405902420328417],[-46.76853537070744,-9.402517269265388],[-46.818936378727585,-9.209563658673176],[-46.9269385387708,-9.084313069341391],[-47.0709414188284,-9.064002162963263],[-46.919738394767904,-8.85412279705595],[-46.88373767475352,-8.68486524390488],[-46.919738394767904,-8.634087977959567],[-46.81173623472472,-8.471600726934554],[-46.7829356587132,-8.380201648232969],[-46.63173263465271,-8.319268929098584],[-46.54533090661815,-8.319268929098584],[-46.48772975459511,-8.200788641892842],[-46.51653033060663,-8.166937131262628],[-46.47332946658935,-8.011220182363658],[-46.60293205864119,-7.896125046220931],[-46.7109342186844,-7.909665650473016],[-47.04214084281688,-8.051841995119915],[-47.12134242684854,-7.923206254725102],[-47.243744874897516,-7.814881420708417],[-47.32294645892918,-7.655779320746419],[-47.39494789895801,-7.571150544170891],[-47.48134962699257,-7.52714358035162],[-47.53895077901561,-7.266486948498979],[-47.654153083061686,-7.2935681570031505],[-47.74775495509911,-7.20216907830158],[-47.66135322706455,-7.151391812356252],[-47.54615092301847,-7.01598576983541],[-47.50295005900119,-6.8975054826296684],[-47.53175063501271,-6.8298024613692405],[-47.38054761095222,-6.240786176403532],[-47.430948618972394,-6.118920738134776],[-47.430948618972394,-5.868419559471192],[-47.49574991499833,-5.729628365887322],[-47.48134962699257,-5.563755963799281],[-47.55335106702137,-5.465586582971667],[-47.61815236304727,-5.458816280845625],[-47.740554811096246,-5.38095780639614],[-47.826956539130805,-5.387728108522182],[-47.870157403148085,-5.272632972379455],[-48.00696013920279,-5.235396310686227],[-48.06456129122583,-5.272632972379455],[-48.17976359527191,-5.259092368127369],[-48.366967339346814,-5.167693289425799],[-48.51817036340728,-5.191389346866941],[-48.60457209144184,-5.336950842576854],[-48.6909738194764,-5.309869634072697],[-48.75577511550233,-5.35049144682894],[-47.812556251125045,-4.615913666153332],[-47.682953659073206,-4.60914336402729],[-47.58215164303289,-4.521129436388733],[-47.38054761095222,-4.243547049220993],[-47.315746314926315,-4.047208287565766],[-47.17894357887158,-3.95919435992721],[-47.08534170683416,-3.8542546769735537],[-47.03494069881398,-3.6714565195703983],[-47.03494069881398,-3.5597465344906993],[-46.948538970779424,-3.478502908978186],[-46.934138682773664,-3.376948377087558],[-46.854937098742,-3.3397117153943157],[-46.68213364267288,-3.092595687793761],[-46.64613292265847,-2.9842708537770903],[-46.66773335466712,-2.8759460197604056],[-46.61013220264408,-2.828553904878106],[-46.674933498669986,-2.7100736176723643],[-46.62453249064984,-2.645755747474965],[-46.509330186603734,-2.6017487836556796],[-46.437328746574934,-2.510349704954109],[-46.43012860257207,-2.297085187983768],[-46.278925578511576,-2.151523692273855],[-46.221324426488536,-1.9145631178623717],[-46.21412428248567,-1.7249946583331734],[-46.14932298645974,-1.660676788135774],[-46.1637232744655,-1.4948043860477327],[-46.10612212244246,-1.3323171350227057],[-46.1637232744655,-1.2781547180143633],[-46.10612212244246,-1.2002962435648783],[-45.98371967439351,-1.0479644457289226],[-45.93331866637334,-1.1901407903758212],[-45.724514490289835,-1.2002962435648783],[-45.695713914278315,-1.3695537967159481],[-45.61651233024662,-1.2781547180143633],[-45.41490829816598,-1.352628041400834],[-45.29250585011701,-1.3729389477789624],[-45.314106282125664,-1.4406419690393903],[-45.29250585011701,-1.592973766875346],[-45.10530210604213,-1.4271013647873048],[-45.040500810016226,-1.4914192349847042],[-44.90369807396149,-1.548966803056075],[-44.846096921938454,-1.616669824316503],[-44.73809476189524,-1.6539064860097312],[-44.716494329886615,-1.7825422264045443],[-44.62289245784916,-1.8231640391607868],[-44.56529130582612,-1.8028531327826585],[-44.48608972179446,-1.9450294774295571],[-44.50049000980022,-2.141368239084798],[-44.44288885777718,-2.158293994399898],[-44.35648712974262,-2.3173960943618965],[-44.41408828176566,-2.4121803241264956],[-44.3276865537311,-2.500194251765052],[-44.21248424968502,-2.4731130432608808],[-44.06848136962742,-2.405410022000453],[-43.92447848956979,-2.510349704954109],[-43.85967719354389,-2.3884842666853388],[-43.61487229744597,-2.219226713534283],[-43.564471289425796,-2.2463079220384543],[-43.49966999339989,-2.3681733603072104],[-43.37726754535092,-2.3241663964879393],[-43.182863657273174,-2.371558511370239],[-42.79405588111763,-2.561126970899423],[-42.70765415308307,-2.5577418198364086],[-42.585251705034125,-2.6694518049161076],[-42.36924738494773,-2.7100736176723643],[-42.203644072881474,-2.6863775602312074],[-41.81483629672596,-2.74053997723955]]]}},{"type":"Feature","properties":{"name":"Minas Gerais","cartodb_id":11,"created_at":"2015-02-09T16:46:01Z","updated_at":"2015-02-09T16:46:01Z","id":11,"sigla":"MG","regiao_id":"2","codigo_ibg":"31"},"geometry":{"type":"Polygon","coordinates":[[[-40.22360447208945,-17.980490062961266],[-40.33160663213266,-17.926327645952924],[-40.526010520210434,-17.89247613532271],[-40.68441368827379,-18.01095642252845],[-40.80681613632274,-17.953408854457095],[-40.90041800836019,-17.98726036508731],[-40.77081541630835,-18.10574065229305],[-40.90041800836019,-18.112510954419093],[-40.98681973639475,-18.170058522490464],[-41.094821896437935,-18.193754579931607],[-41.15962319246387,-18.308849716074334],[-41.17402348046963,-18.444255758595176],[-41.022820456409136,-18.45779636284726],[-41.051621032420655,-18.62705391599833],[-40.94361887237747,-18.687986635132717],[-40.91481829636595,-18.816622375527515],[-41.109222184443695,-18.836933281905644],[-41.051621032420655,-18.9723393244265],[-41.051621032420655,-19.067123554191085],[-40.95801916038323,-19.12805627332547],[-40.92921858437171,-19.381942603052067],[-40.94361887237747,-19.459801077501552],[-41.037220744414896,-19.568125911518237],[-41.15962319246387,-19.662910141282836],[-41.18842376847539,-19.757694371047435],[-41.181223624472494,-19.889715262505263],[-41.31082621652433,-19.94726283057662],[-41.31082621652433,-20.01158070077402],[-41.41162823256468,-20.20453431136623],[-41.75723514470292,-20.20791946242926],[-41.85803716074324,-20.36363641132823],[-41.8004360087202,-20.4211839793996],[-41.872437448749,-20.76646938782777],[-41.96603932078642,-20.915416034600696],[-42.09564191283826,-20.935726940978824],[-42.0812416248325,-21.02374086861738],[-42.189243784875714,-21.14560630688615],[-42.23964479289589,-21.402877787675763],[-42.36924738494773,-21.619527455709118],[-42.26844536890741,-21.714311685473717],[-42.35484709694197,-21.74139289397789],[-42.76525530510611,-21.920805900318015],[-42.88045760915219,-21.95804256201125],[-43.03886077721555,-22.0460564896498],[-43.35566711334229,-22.008819827956565],[-43.46366927338548,-22.07313769815397],[-43.60047200944021,-22.059597093901886],[-43.74447488949781,-22.0934486045321],[-43.780475609512195,-22.06636739602793],[-44.00368007360149,-22.16115162579252],[-44.06848136962742,-22.16115162579252],[-44.262885257705165,-22.269476459809205],[-44.45728914578294,-22.25593585555712],[-44.52929058581174,-22.330409178943583],[-44.81009620192404,-22.404882502330054],[-44.89649792995863,-22.452274617212353],[-45.14850297005941,-22.50643703422069],[-45.270905418108384,-22.614761868237373],[-45.53731074621493,-22.65199852993061],[-45.681313626272555,-22.6350727746155],[-45.71731434628694,-22.780634270325415],[-45.767715354307114,-22.844952140522814],[-45.91171823436471,-22.81787093201865],[-46.00532010640214,-22.888959104342092],[-46.15652313046263,-22.865263046900942],[-46.350927018540375,-22.902499708594178],[-46.37252745054903,-22.7467827596952],[-46.43012860257207,-22.574140055481116],[-46.63173263465271,-22.435348861897246],[-46.7109342186844,-22.262706157683162],[-46.60293205864119,-22.134070417288356],[-46.65333306666136,-22.090063453469078],[-46.64613292265847,-21.88018408756176],[-46.689333786675746,-21.83617712374248],[-46.51653033060663,-21.612757153583075],[-46.51653033060663,-21.446884751495034],[-46.60293205864119,-21.44349960043202],[-46.69653393067864,-21.389337183423677],[-46.833336666733345,-21.36564112598252],[-46.890937818756385,-21.41641839192785],[-47.01334026680536,-21.42318869405389],[-46.9989399787996,-21.34871537066742],[-47.0709414188284,-21.213309328146565],[-47.12134242684854,-21.186228119642394],[-47.15014300286006,-20.96957845160904],[-47.23654473089462,-20.88494967503351],[-47.16454329086582,-20.702151517630355],[-47.09254185083702,-20.658144553811084],[-47.1429428588572,-20.5328939644793],[-47.29414588291766,-20.448265187903772],[-47.301346026920555,-20.34671065601313],[-47.229344586891756,-20.218074915618317],[-47.26534530690614,-20.15714219648393],[-47.43814876297529,-20.04881736246726],[-47.46694933898681,-19.96418858589172],[-47.58215164303289,-19.99465494545892],[-47.63255265105303,-20.04881736246726],[-47.711754235084726,-19.977729190143805],[-47.855757115142325,-19.99126979439589],[-48.07176143522872,-20.146986743294875],[-48.114962299246,-20.143601592231846],[-48.22296445928919,-20.028506456089133],[-48.31656633132664,-20.11313523266466],[-48.58297165943321,-20.13006098797976],[-48.85657713154265,-20.18083825392509],[-48.88537770755417,-20.268852181563645],[-48.863777275545516,-20.397487921958444],[-48.97177943558873,-20.39410277089543],[-48.964579291585835,-20.28239278581573],[-48.993379867597355,-20.163912498609974],[-49.065381307626154,-20.153757045420917],[-49.13018260365209,-20.279007634752702],[-49.25978519570393,-20.258696728374574],[-49.35338706774138,-19.987884643332876],[-49.43978879577594,-19.981114341206833],[-49.5261905238105,-19.91002616888339],[-49.78539570791418,-19.923566773135477],[-49.857397147942976,-19.94726283057662],[-50.044600892017854,-19.916796471009434],[-50.102202044040894,-19.876174658253177],[-50.354207084141706,-19.86263405400109],[-50.469409388187785,-19.77800527742555],[-50.57741154823097,-19.815241939118792],[-50.65661313226266,-19.90325586675735],[-50.7862157243145,-19.937107377387548],[-50.966219324386515,-20.035276758215176],[-51.0022200444009,-20.08605402416049],[-51.0022200444009,-19.920181622072448],[-51.04542090841818,-19.737383464669307],[-50.937418748374995,-19.466571379627595],[-50.87261745234906,-19.429334717934367],[-50.81501630032602,-19.290543524350497],[-50.67101342026842,-19.134826575451513],[-50.584611692233864,-19.13821172651454],[-50.49100982019641,-19.012961137182756],[-50.512610252205064,-18.95202841804837],[-50.37580751615033,-18.8132372244645],[-50.325406508130186,-18.71168269257386],[-50.16700334006683,-18.66429057769156],[-50.08060161203227,-18.671060879817603],[-50.030200604012094,-18.59997270749416],[-49.929398587971775,-18.623668764935303],[-49.77099541990842,-18.613513311746246],[-49.54059081181626,-18.528884535170704],[-49.418188363767285,-18.63720936918739],[-49.24538490769817,-18.522114233044675],[-49.20938418768378,-18.423944852217048],[-49.04378087561753,-18.376552737334748],[-48.91417828356569,-18.305464565011306],[-48.834976699533996,-18.346086377767563],[-48.64777295545912,-18.34270122670455],[-48.51817036340728,-18.36639728414569],[-48.22296445928919,-18.346086377767563],[-48.114962299246,-18.427330003280076],[-48.05736114722296,-18.41378939902799],[-47.956559131182644,-18.49841817560352],[-47.80535610712215,-18.400248794775905],[-47.70455409108183,-18.379937888397777],[-47.358947178943595,-18.085429745914922],[-47.2797455949119,-18.05834853741075],[-47.358947178943595,-17.89586128638574],[-47.36614732294646,-17.818002811936253],[-47.26534530690614,-17.608123446028927],[-47.330146602932075,-17.5234946694534],[-47.50295005900119,-17.516724367327356],[-47.53175063501271,-17.388088626932543],[-47.42374847496953,-17.323770756735144],[-47.40934818696377,-17.24591228228566],[-47.26534530690614,-17.096965635512717],[-47.12854257085144,-17.00895170787416],[-47.200544010880236,-16.893856571731448],[-47.258145162903276,-16.653510846256935],[-47.445348906978154,-16.541800861177236],[-47.45254905098105,-16.463942386727737],[-47.32294645892918,-16.230366963379282],[-47.3517470349407,-16.15589363999281],[-47.30854617092342,-16.050953957039155],[-47.30854617092342,-16.03402820172404],[-47.16454329086582,-15.966325180463613],[-46.82613652273048,-15.8850815549511],[-46.81173623472472,-15.786912174123486],[-46.854937098742,-15.621039772035445],[-46.948538970779424,-15.56010705290106],[-46.91253825076504,-15.414545557191147],[-46.833336666733345,-15.323146478489576],[-46.94133882677656,-15.228362248724977],[-46.854937098742,-15.008327429628594],[-46.62453249064984,-15.089571055141107],[-46.50213004260087,-15.052334393447879],[-46.54533090661815,-14.933854106242137],[-46.52373047460949,-14.849225329666595],[-46.5669313386268,-14.784907459469196],[-46.50213004260087,-14.703663833956682],[-46.322126442528855,-14.815373819036395],[-46.307726154523095,-14.91015804880098],[-46.17812356247126,-14.947394710494223],[-46.03412068241366,-14.872921387107752],[-45.96931938638775,-14.947394710494223],[-45.97651953039062,-15.038793789195793],[-46.04852097041942,-15.130192867897364],[-45.8757175143503,-15.157274076401535],[-45.67411348226966,-15.07941560195205],[-45.54451089021782,-14.937239257305151],[-45.48690973819478,-14.960935314746308],[-45.314106282125664,-14.852610480729624],[-45.20610412208245,-14.744285646712939],[-45.098101962039266,-14.751055948838982],[-45.040500810016226,-14.67996777651554],[-44.846096921938454,-14.581798395687926],[-44.817296345926934,-14.503939921238427],[-44.702094041880855,-14.44639235316707],[-44.56529130582612,-14.338067519150385],[-44.21248424968502,-14.236512987259758],[-44.075681513630286,-14.283905102142057],[-43.823676473529474,-14.314371461709243],[-43.80207604152085,-14.338067519150385],[-43.87407748154965,-14.52086567655354],[-43.881277625552514,-14.656271719074383],[-43.51407028140565,-14.795062912658267],[-43.31246624932501,-14.669812323326468],[-43.23326466529332,-14.656271719074383],[-42.97405948118964,-14.69689353183064],[-42.79405588111763,-14.839069876477538],[-42.628452569051404,-14.944009559431194],[-42.599651993039885,-14.923698653053066],[-42.441248824976526,-15.059104695573922],[-42.26124522490451,-15.123422565771321],[-42.16764335286706,-15.09634135726715],[-42.074041480829635,-15.174199831716649],[-41.930038600772036,-15.174199831716649],[-41.8004360087202,-15.099726508330178],[-41.35402708054161,-15.502559484829703],[-41.33242664853299,-15.742905210304215],[-41.138022760455215,-15.766601267745358],[-41.00122002440051,-15.712438850737016],[-40.965219304386096,-15.648120980539616],[-40.87881757635154,-15.695513095421916],[-40.70601412028242,-15.66504673585473],[-40.51881037620754,-15.797067627312558],[-40.4612092241845,-15.753060663493272],[-40.3892077841557,-15.8207636847537],[-40.23800476009521,-15.8038379294386],[-40.16600332006641,-15.895237008140171],[-40.06520130402609,-15.925703367707357],[-39.86359727194545,-16.094960920858426],[-39.885197703954105,-16.19313030168604],[-39.957199143982905,-16.321766042080853],[-40.02200044000881,-16.35223240164804],[-40.1732034640693,-16.524875105862122],[-40.27400548010962,-16.572267220744422],[-40.32440648812977,-16.802457493029863],[-40.28120562411249,-16.90062687385749],[-40.482809656193126,-16.876930816416333],[-40.54761095221906,-16.985255650433018],[-40.57641152823058,-17.14774290145803],[-40.54761095221906,-17.283148943978887],[-40.59801196023923,-17.39147377799557],[-40.482809656193126,-17.486258007760156],[-40.39640792815857,-17.62504920134404],[-40.32440648812977,-17.638589805596126],[-40.22360447208945,-17.73337403536071],[-40.18040360807217,-17.85523947362948],[-40.26680533610673,-17.929712797015952],[-40.22360447208945,-17.980490062961266]]]}},{"type":"Feature","properties":{"name":"Mato Grosso do Sul","cartodb_id":12,"created_at":"2015-02-09T16:46:01Z","updated_at":"2015-02-09T16:46:01Z","id":12,"sigla":"MS","regiao_id":"5","codigo_ibg":"50"},"geometry":{"type":"Polygon","coordinates":[[[-53.068661373227485,-18.038037631032623],[-53.140662813256284,-18.071889141662837],[-53.097461949239005,-18.315620018200377],[-52.94625892517851,-18.29530911182225],[-52.79505590111803,-18.315620018200377],[-52.79505590111803,-18.41378939902799],[-52.96785935718715,-18.549195441548832],[-52.91025820516411,-18.640594520250417],[-52.75185503710075,-18.69137178619573],[-52.449448988979796,-18.69137178619573],[-52.33424668493372,-18.826777828716587],[-52.18304366087324,-18.847088735094715],[-52.082241644832905,-18.95202841804837],[-51.92383847676956,-18.975724475489514],[-51.87343746874939,-19.0366571946239],[-51.65743314866299,-19.13821172651454],[-51.55663113262267,-19.1314414243885],[-51.41982839656794,-19.165292935018712],[-51.25422508450171,-19.26684746690934],[-51.08862177243546,-19.307469279665597],[-50.937418748374995,-19.466571379627595],[-51.04542090841818,-19.737383464669307],[-51.0022200444009,-19.920181622072448],[-51.0022200444009,-20.08605402416049],[-51.067021340426834,-20.248541275185516],[-51.12462249244987,-20.292548239004788],[-51.29742594851899,-20.326399749635],[-51.578231564631295,-20.62429304318087],[-51.62863257265147,-20.725847575071512],[-51.62863257265147,-20.945882394167896],[-51.71503430068603,-20.96957845160904],[-51.78703574071483,-21.101599343066866],[-51.86623732474652,-21.128680551571037],[-51.86623732474652,-21.352100521730435],[-51.959839196783946,-21.494276866377334],[-52.067841356827145,-21.504432319566405],[-52.103842076841545,-21.558594736574733],[-52.046240924818505,-21.660149268465375],[-52.19024380487612,-21.846332576931545],[-52.31984639692796,-21.97158316626333],[-52.3414468289366,-22.062982244964907],[-52.485449708994196,-22.20854374067482],[-52.694253885077714,-22.313483423628476],[-52.85265705314107,-22.438734012960268],[-52.996659933198686,-22.492896429968603],[-53.104662093241885,-22.621532170363416],[-53.198263965279324,-22.729857004380094],[-53.36386727734556,-22.780634270325415],[-53.53667073341468,-22.88218880221605],[-53.63027260545212,-22.997283938358777],[-53.637472749455,-23.125919678753583],[-53.76707534150684,-23.36965055529111],[-53.93267865357309,-23.44412387867758],[-54.00468009360189,-23.511826899938008],[-54.07668153363069,-23.762328078601577],[-54.07668153363069,-23.88757866793337],[-54.12708254165085,-23.98236289769796],[-54.28548570971421,-24.070376825336517],[-54.41508830176605,-23.95866684025681],[-54.43668873377469,-23.90450442324847],[-54.580691613832286,-23.84357170411409],[-54.688693773875485,-23.826645948798983],[-54.9046980939619,-23.90788957431149],[-54.93349866997342,-23.962051991319832],[-55.063101262025256,-23.989133199824003],[-55.336706734134694,-23.992518350887025],[-55.43030860617213,-23.941741084941704],[-55.47350947018941,-23.647232942458857],[-55.53831076621533,-23.593070525450514],[-55.55271105422109,-23.322258440408817],[-55.52391047820957,-23.193622700014004],[-55.595911918238386,-23.11914937662754],[-55.660713214264305,-22.88218880221605],[-55.617512350247026,-22.76709366607333],[-55.624712494249906,-22.62830247248946],[-55.747114942298865,-22.503051883157667],[-55.732714654293105,-22.425193408708182],[-55.847916958339184,-22.28301706406129],[-56.20792415848318,-22.276246761935248],[-56.36632732654654,-22.171307078981584],[-56.38792775855518,-22.076522849216992],[-56.51753035060703,-22.106989208784185],[-56.56793135862719,-22.20854374067482],[-56.64713294265887,-22.25593585555712],[-56.74073481469631,-22.239010100242012],[-56.84153683073663,-22.30332797043942],[-56.88473769475391,-22.245780402368055],[-57.10794215884319,-22.225469495989927],[-57.237544750895026,-22.249165553431077],[-57.40314806296128,-22.198388287485756],[-57.5759515190304,-22.174692230044606],[-57.6119522390448,-22.0934486045321],[-57.748754975099516,-22.13745556835137],[-57.921558431168634,-22.12052981303627],[-57.979159583191674,-22.090063453469078],[-57.914358287165754,-21.873413785435716],[-57.878357567151355,-21.687230476969546],[-57.935958719174394,-21.64999381527631],[-57.964759295185914,-21.55182443444869],[-57.907158143162874,-21.399492636612734],[-57.849556991139835,-21.318249011100235],[-57.863957279145595,-21.037281472869466],[-57.820756415128315,-20.96957845160904],[-57.921558431168634,-20.888334826096525],[-57.856757135142715,-20.82740210696214],[-57.943158863177274,-20.749543632512655],[-57.878357567151355,-20.712306970819427],[-58.01516030320607,-20.614137589991813],[-57.993559871197434,-20.434724583651686],[-58.06556131122623,-20.39410277089543],[-58.08716174323487,-20.262081879437602],[-58.166363327266566,-20.228230368807388],[-58.08716174323487,-20.106364930538618],[-57.856757135142715,-19.970958888017762],[-58.13036260725215,-19.757694371047435],[-57.784755695113915,-19.033272043560885],[-57.705554111082236,-19.029886892497856],[-57.763155263105276,-18.89786600104003],[-57.55435108702176,-18.241146694813906],[-57.59755195103904,-18.044807933158665],[-57.719954399087996,-17.82815826512531],[-57.705554111082236,-17.729988884297697],[-57.763155263105276,-17.66228586303727],[-57.748754975099516,-17.564116482209656],[-57.683953679073596,-17.71644828004561],[-57.61915238304768,-17.73675918642374],[-57.51115022300448,-17.862009775755524],[-57.230344606892146,-17.790921603432082],[-57.11514230284607,-17.78076615024301],[-56.98553971079423,-17.65890071197424],[-56.97833956679135,-17.581042237524755],[-56.87753755075103,-17.533650122642456],[-56.82713654273087,-17.39147377799557],[-56.73353467069343,-17.310230152483058],[-56.64713294265887,-17.340696512050243],[-56.50313006260127,-17.30684500142003],[-56.44552891057823,-17.330541058861186],[-56.28712574251486,-17.2696083397268],[-56.11432228644574,-17.16805380783616],[-56.01352027040542,-17.239141980159616],[-55.88391767835358,-17.266223188663787],[-55.783115662313264,-17.330541058861186],[-55.639112782255665,-17.350851965239315],[-55.51671033420669,-17.482872856697142],[-55.300706014120294,-17.5404204247685],[-55.171103422068455,-17.635204654533098],[-55.163903278065575,-17.638589805596126],[-54.86149722994462,-17.62504920134404],[-54.73909478189566,-17.516724367327356],[-54.587891757835166,-17.4761025545711],[-54.50149002980061,-17.479487705634114],[-54.37908758175165,-17.5708867843357],[-54.38628772575453,-17.631819503470084],[-54.27108542170845,-17.652130409848198],[-54.17748354967101,-17.601353143902884],[-54.08388167763357,-17.618278899217998],[-54.04068081361629,-17.486258007760156],[-53.94707894157885,-17.45579164819297],[-53.83187663753276,-17.35423711630233],[-53.817476349527,-17.293304397167958],[-53.68067361347228,-17.2526825844117],[-53.70227404548092,-17.66228586303727],[-53.79587591751836,-17.669056165163312],[-53.88947778955581,-17.746914639612797],[-53.95427908558173,-17.882320682133653],[-53.77427548550972,-18.000800969339394],[-53.65907318146364,-17.97710491189825],[-53.48626972539452,-18.04142278209565],[-53.4214684293686,-17.983875214024295],[-53.29906598131964,-17.99403066721335],[-53.176663533270684,-18.04142278209565],[-53.068661373227485,-18.038037631032623]]]}},{"type":"Feature","properties":{"name":"Mato Grosso","cartodb_id":13,"created_at":"2015-02-09T16:46:01Z","updated_at":"2015-02-09T16:46:01Z","id":13,"sigla":"MT","regiao_id":"5","codigo_ibg":"51"},"geometry":{"type":"Polygon","coordinates":[[[-55.171103422068455,-17.635204654533098],[-55.300706014120294,-17.5404204247685],[-55.51671033420669,-17.482872856697142],[-55.639112782255665,-17.350851965239315],[-55.783115662313264,-17.330541058861186],[-55.88391767835358,-17.266223188663787],[-56.01352027040542,-17.239141980159616],[-56.11432228644574,-17.16805380783616],[-56.28712574251486,-17.2696083397268],[-56.44552891057823,-17.330541058861186],[-56.50313006260127,-17.30684500142003],[-56.64713294265887,-17.340696512050243],[-56.73353467069343,-17.310230152483058],[-56.82713654273087,-17.39147377799557],[-56.87753755075103,-17.533650122642456],[-56.97833956679135,-17.581042237524755],[-56.98553971079423,-17.65890071197424],[-57.11514230284607,-17.78076615024301],[-57.230344606892146,-17.790921603432082],[-57.51115022300448,-17.862009775755524],[-57.61915238304768,-17.73675918642374],[-57.683953679073596,-17.71644828004561],[-57.748754975099516,-17.564116482209656],[-57.885557711154235,-17.449021346066928],[-57.993559871197434,-17.513339216264328],[-58.05836116722335,-17.452406497129957],[-58.259965199304006,-17.344081663113272],[-58.432768655373124,-17.08681018232366],[-58.461569231384644,-16.96494474405489],[-58.468769375387524,-16.697517810076207],[-58.418368367367364,-16.572267220744422],[-58.331966639332805,-16.49102359523191],[-58.353567071341445,-16.44363148034961],[-58.303166063321285,-16.308225437828767],[-58.389567791355844,-16.260833322946468],[-58.432768655373124,-16.321766042080853],[-59.46958939178785,-16.277759078261568],[-60.16800336006722,-16.264218474009482],[-60.24000480009602,-15.472093125262518],[-60.564011280225614,-15.109881961519235],[-60.2472049440989,-15.09634135726715],[-60.26880537610754,-14.619035057381154],[-60.398407968159376,-14.436236899978013],[-60.456009120182415,-14.304216008520171],[-60.484809696193935,-14.134958455369116],[-60.384007680153616,-13.992782110722217],[-60.448808976179535,-13.938619693713889],[-60.477609552191055,-13.803213651193033],[-60.70801416028321,-13.691503666113334],[-60.62881257625153,-13.569638227844564],[-60.384007680153616,-13.454543091701836],[-60.369607392147856,-13.319137049180995],[-60.26880537610754,-13.143109193903882],[-60.2832056641133,-13.078791323706483],[-60.08160163203266,-12.889222864177299],[-60.08880177603554,-12.740276217404357],[-60.02400048000962,-12.557478060001202],[-59.843996879937606,-12.425457168543375],[-59.79359587191745,-12.344213543030875],[-59.8871977439549,-12.246044162203248],[-59.90159803196066,-12.11402327074542],[-59.98079961599234,-12.029394494169892],[-60.00960019200386,-11.893988451649037],[-60.09600192003842,-11.860136941018823],[-60.11040220804418,-11.596095158103168],[-59.97359947198946,-11.440378209204198],[-59.9231984639693,-11.348979130502613],[-60.01680033600674,-11.128944311406244],[-60.18960379207586,-11.115403707154158],[-60.319206384127696,-11.06462644120883],[-60.391207824156496,-11.091707649713001],[-60.456009120182415,-10.99015311782236],[-61.003220064401305,-10.993538268885388],[-61.52883057661154,-10.979997664633302],[-61.52163043260866,-10.844591622112446],[-61.47842956859138,-10.783658902978061],[-61.47842956859138,-10.485765609432192],[-61.46402928058562,-10.41467743710875],[-61.5792315846317,-10.245419883957695],[-61.58643172863458,-10.059236575491525],[-61.52883057661154,-9.988148403168069],[-61.5072301446029,-9.85951266277327],[-61.5432308646173,-9.788424490449813],[-61.47842956859138,-9.639477843676886],[-61.5072301446029,-9.541308462849273],[-61.5792315846317,-9.460064837336759],[-61.55043100862018,-9.385591513950288],[-61.62963259265187,-9.284036982059646],[-61.52163043260866,-9.17909729910599],[-61.55763115262306,-9.091083371467434],[-61.4712294245885,-8.91844066725335],[-61.5792315846317,-8.799960380047608],[-61.1832236644733,-8.796575228984594],[-60.405608112162255,-8.796575228984594],[-59.70719414388289,-8.799960380047608],[-59.12398247964961,-8.803345531110637],[-58.49756995139904,-8.803345531110637],[-58.396767935358724,-8.77964947366948],[-58.439968799376004,-8.701790999219995],[-58.389567791355844,-8.603621618392381],[-58.418368367367364,-8.491911633312668],[-58.317566351327045,-8.329424382287655],[-58.324766495329925,-8.170322282325657],[-58.288765775315525,-8.075538052561058],[-58.375167503350085,-7.906280499410002],[-58.382367647352964,-7.838577478149574],[-58.281565631312645,-7.7471783994480035],[-58.202364047280966,-7.621927810116205],[-58.209564191283846,-7.459440559091192],[-58.13756275125503,-7.351115725074507],[-58.05836116722335,-7.398507839956807],[-57.899957999159994,-7.676090227124547],[-57.835156703134075,-7.872428988779788],[-57.835156703134075,-7.9536726142923015],[-57.719954399087996,-8.1466262248845],[-57.64075281505632,-8.214329246144928],[-57.683953679073596,-8.434364065241311],[-57.59035180703616,-8.708561301346037],[-57.45354907098144,-8.786419775795522],[-57.41754835096704,-8.857507948118965],[-57.287945758915185,-8.915055516190336],[-57.208744174883506,-8.915055516190336],[-57.03594071881439,-9.097853673593477],[-57.05754115082303,-9.182482450169019],[-56.99273985479711,-9.233259716114333],[-56.81993639872799,-9.246800320366418],[-56.76233524670495,-9.405902420328417],[-56.66873337466751,-9.368665758635188],[-55.790315806316144,-9.43975393095863],[-54.99829996599934,-9.50407180115603],[-54.10548210964221,-9.571774822416458],[-53.133462669253404,-9.6428629947399],[-52.622252445048915,-9.683484807496157],[-51.95263905278108,-9.727491771315428],[-50.84381687633754,-9.801965094701899],[-50.22460449208987,-9.839201756395141],[-50.311006220124426,-10.04569597123944],[-50.39020780415609,-10.133709898877981],[-50.383007660153226,-10.221723826516538],[-50.47660953219065,-10.404521983919693],[-50.53421068421369,-10.604245896637934],[-50.60621212424249,-10.661793464709305],[-50.570211404228104,-10.753192543410876],[-50.63501270025401,-10.935990700814031],[-50.60621212424249,-11.068011592271858],[-50.65661313226266,-11.128944311406244],[-50.65661313226266,-11.247424598611985],[-50.69981399627994,-11.304972166683342],[-50.74301486029722,-11.538547590031811],[-50.66381327626553,-11.58593970491411],[-50.66381327626553,-11.670568481489639],[-50.72141442828857,-11.731501200624024],[-50.68541370827418,-11.863522092081851],[-50.6422128442569,-11.90075875377508],[-50.68541370827418,-11.995542983539679],[-50.66381327626553,-12.063246004800106],[-50.67821356427129,-12.218962953699076],[-50.62061241224825,-12.452538377047546],[-50.70701414028281,-12.611640477009544],[-50.62061241224825,-12.733505915278315],[-50.62781255625114,-12.801208936538742],[-50.512610252205064,-12.8587565046101],[-50.527010540210824,-12.977236791815841],[-50.59181183623673,-13.109257683273668],[-50.584611692233864,-13.248048876857538],[-50.66381327626553,-13.376684617252351],[-50.66381327626553,-13.441002487449751],[-50.76461529230585,-13.529016415088307],[-50.80061601232026,-13.691503666113334],[-50.87261745234906,-13.732125478869591],[-50.82941658833178,-14.07402573623473],[-50.894217884357715,-14.128188153243073],[-50.97341946838938,-14.2906754042681],[-50.995019900398034,-14.419311144662899],[-50.95901918038362,-14.527635978679584],[-51.03102062041242,-14.67996777651554],[-51.08862177243546,-14.916928350927023],[-51.23982479649595,-15.035408638132765],[-51.42702854057083,-15.008327429628594],[-51.535030700614016,-15.069260148762979],[-51.650233004660095,-15.180970133842678],[-51.68623372467451,-15.299450421048434],[-51.70063401268027,-15.49578918270366],[-51.80143602872059,-15.709053699674001],[-51.88063761275228,-15.827533986879743],[-51.945438908778186,-15.810608231564643],[-52.010240204804106,-15.8850815549511],[-52.25504510090204,-15.891851857077143],[-52.32704654093084,-16.067879712354255],[-52.514250285005716,-16.135582733614683],[-52.543050861017235,-16.22359666125324],[-52.687053741074834,-16.31499573995481],[-52.672653453069074,-16.413165120782423],[-52.600652013040275,-16.463942386727737],[-52.622252445048915,-16.531645407988165],[-52.730254605092114,-16.585807824996508],[-52.715854317086354,-16.63997024200485],[-52.83105662113243,-16.771991133462677],[-52.94625892517851,-16.85323475897519],[-52.95345906918139,-16.860005061101234],[-53.032660653213085,-16.904012024920505],[-53.061461229224605,-17.07665472913459],[-53.155063101262044,-17.171438958899188],[-53.219864397287964,-17.327155907798158],[-53.198263965279324,-17.3813183248065],[-53.2414648292966,-17.4930283098862],[-53.2414648292966,-17.702907675793526],[-53.133462669253404,-17.834928567251353],[-53.133462669253404,-17.916172192763867],[-53.068661373227485,-18.038037631032623],[-53.176663533270684,-18.04142278209565],[-53.29906598131964,-17.99403066721335],[-53.4214684293686,-17.983875214024295],[-53.48626972539452,-18.04142278209565],[-53.65907318146364,-17.97710491189825],[-53.77427548550972,-18.000800969339394],[-53.95427908558173,-17.882320682133653],[-53.88947778955581,-17.746914639612797],[-53.79587591751836,-17.669056165163312],[-53.70227404548092,-17.66228586303727],[-53.68067361347228,-17.2526825844117],[-53.817476349527,-17.293304397167958],[-53.83187663753276,-17.35423711630233],[-53.94707894157885,-17.45579164819297],[-54.04068081361629,-17.486258007760156],[-54.08388167763357,-17.618278899217998],[-54.17748354967101,-17.601353143902884],[-54.27108542170845,-17.652130409848198],[-54.38628772575453,-17.631819503470084],[-54.37908758175165,-17.5708867843357],[-54.50149002980061,-17.479487705634114],[-54.587891757835166,-17.4761025545711],[-54.73909478189566,-17.516724367327356],[-54.86149722994462,-17.62504920134404],[-55.163903278065575,-17.638589805596126],[-55.171103422068455,-17.635204654533098]]]}},{"type":"Feature","properties":{"name":"Pará","cartodb_id":14,"created_at":"2015-02-09T16:46:01Z","updated_at":"2015-02-09T16:46:01Z","id":14,"sigla":"PA","regiao_id":"3","codigo_ibg":"15"},"geometry":{"type":"Polygon","coordinates":[[[-46.10612212244246,-1.2002962435648783],[-46.1637232744655,-1.2781547180143633],[-46.10612212244246,-1.3323171350227057],[-46.1637232744655,-1.4948043860477327],[-46.14932298645974,-1.660676788135774],[-46.21412428248567,-1.7249946583331734],[-46.221324426488536,-1.9145631178623717],[-46.278925578511576,-2.151523692273855],[-46.43012860257207,-2.297085187983768],[-46.437328746574934,-2.510349704954109],[-46.509330186603734,-2.6017487836556796],[-46.62453249064984,-2.645755747474965],[-46.674933498669986,-2.7100736176723643],[-46.61013220264408,-2.828553904878106],[-46.66773335466712,-2.8759460197604056],[-46.64613292265847,-2.9842708537770903],[-46.68213364267288,-3.092595687793761],[-46.854937098742,-3.3397117153943157],[-46.934138682773664,-3.376948377087558],[-46.948538970779424,-3.478502908978186],[-47.03494069881398,-3.5597465344906993],[-47.03494069881398,-3.6714565195703983],[-47.08534170683416,-3.8542546769735537],[-47.17894357887158,-3.95919435992721],[-47.315746314926315,-4.047208287565766],[-47.38054761095222,-4.243547049220993],[-47.58215164303289,-4.521129436388733],[-47.682953659073206,-4.60914336402729],[-47.812556251125045,-4.615913666153332],[-48.75577511550233,-5.35049144682894],[-48.59737194743897,-5.421579619152396],[-48.381367627352574,-5.394498410648225],[-48.280565611312255,-5.540059906358138],[-48.12936258725176,-5.617918380807623],[-48.17256345126904,-5.709317459509194],[-48.27336546730936,-5.726243214824308],[-48.30216604332088,-5.78040563183265],[-48.23016460329208,-5.9462780339206915],[-48.323766475329535,-5.98351469561392],[-48.280565611312255,-6.081684076441533],[-48.438968779375614,-6.193394061521246],[-48.41736834736696,-6.298333744474903],[-48.61177223544473,-6.454050693373873],[-48.66217324346488,-6.558990376327529],[-48.65497309946201,-6.650389455029114],[-48.81337626752537,-6.751943986919741],[-49.01498029960601,-6.782410346486941],[-49.21658433168665,-6.938127295385911],[-49.18058361167226,-7.2157096825536655],[-49.23098461969241,-7.330804818696379],[-49.374987499750006,-7.49667722078442],[-49.3821876437529,-7.5677653931078765],[-49.32458649172986,-7.68286052925059],[-49.15898317966361,-7.7911853632672745],[-49.15898317966361,-7.899510197283959],[-49.21658433168665,-8.1940183397668],[-49.28138562771258,-8.380201648232969],[-49.346186923738486,-8.417438309926212],[-49.39658793175866,-8.559614654573096],[-49.4541890837817,-8.613777071581438],[-49.562191243824884,-8.799960380047608],[-49.68459369187386,-8.857507948118965],[-49.842996859937216,-9.026765501270035],[-49.90779815596312,-9.172326996979947],[-50.05180103602075,-9.311118190563818],[-50.102202044040894,-9.473605441588845],[-50.087801756035134,-9.544693613912287],[-50.22460449208987,-9.839201756395141],[-50.84381687633754,-9.801965094701899],[-51.95263905278108,-9.727491771315428],[-52.622252445048915,-9.683484807496157],[-53.133462669253404,-9.6428629947399],[-54.10548210964221,-9.571774822416458],[-54.99829996599934,-9.50407180115603],[-55.790315806316144,-9.43975393095863],[-56.66873337466751,-9.368665758635188],[-56.76233524670495,-9.405902420328417],[-56.81993639872799,-9.246800320366418],[-56.99273985479711,-9.233259716114333],[-57.05754115082303,-9.182482450169019],[-57.03594071881439,-9.097853673593477],[-57.208744174883506,-8.915055516190336],[-57.287945758915185,-8.915055516190336],[-57.41754835096704,-8.857507948118965],[-57.45354907098144,-8.786419775795522],[-57.59035180703616,-8.708561301346037],[-57.683953679073596,-8.434364065241311],[-57.64075281505632,-8.214329246144928],[-57.719954399087996,-8.1466262248845],[-57.835156703134075,-7.9536726142923015],[-57.835156703134075,-7.872428988779788],[-57.899957999159994,-7.676090227124547],[-58.05836116722335,-7.398507839956807],[-58.13756275125503,-7.351115725074507],[-58.180763615272326,-7.178473020860423],[-58.324766495329925,-6.999060014520296],[-58.432768655373124,-6.9076609358187255],[-58.483169663393284,-6.782410346486941],[-58.425568511370244,-6.6165379443989],[-58.259965199304006,-6.467591297625958],[-57.863957279145595,-5.600992625492523],[-57.54715094301888,-4.920577261825244],[-57.02154043080863,-3.796707108902183],[-56.76953539070783,-3.2415423345667023],[-56.40232804656094,-2.4561872879457667],[-56.46712934258687,-2.4223357773155527],[-56.38792775855518,-2.2767742816056398],[-56.22232444648894,-2.1955306560931263],[-56.09992199843998,-2.046584009320199],[-56.18632372647454,-2.0431988582571705],[-56.4167283345667,-2.175219749714998],[-56.52473049460991,-2.1379830880217696],[-56.60393207864159,-2.2056861092821975],[-56.67593351867039,-2.2124564114082403],[-56.76953539070783,-2.141368239084798],[-56.71913438268767,-2.0499691603832133],[-56.85593711874239,-2.0161176497529993],[-57.03594071881439,-1.9111779667993432],[-57.10074201484031,-1.7757719242785015],[-57.15834316686335,-1.728379809396202],[-57.34554691093824,-1.7148392051441164],[-57.52555051101024,-1.6539064860097312],[-57.6119522390448,-1.582818313686289],[-57.705554111082236,-1.5760480115602462],[-57.712754255085116,-1.5049598392367898],[-57.799155983119675,-1.4846489328586614],[-58.00076001520031,-1.3289319839596914],[-57.964759295185914,-1.207066545690921],[-58.04396087921759,-1.102126862737265],[-58.159163183263686,-1.2273774520690495],[-58.252765055301126,-1.1325932223044504],[-58.324766495329925,-1.1427486754935217],[-58.418368367367364,-1.0107277840356943],[-58.432768655373124,-0.8820920436408812],[-58.70637412748256,-0.6789829798596116],[-58.7279745594912,-0.4352521033220711],[-58.8719774395488,-0.3438530246205005],[-58.86477729554592,-0.07642609064181727],[-58.89357787155744,-0.022263673633489134],[-58.89357787155744,0.26547416672332247],[-58.89357787155744,1.2268570686213565],[-58.8359767195344,1.186235255865114],[-58.72077441548832,1.2268570686213565],[-58.70637412748256,1.2945600898817844],[-58.5119702394048,1.274249183503656],[-58.461569231384644,1.3656482622052408],[-58.50477009540192,1.4638176430328542],[-58.382367647352964,1.470587945158897],[-58.360767215344325,1.5619870238604676],[-58.159163183263686,1.5619870238604676],[-58.15196303926079,1.5112097579151538],[-58.00796015920319,1.504439455789111],[-57.979159583191674,1.6330751961839098],[-57.705554111082236,1.7312445770115232],[-57.6479529590592,1.683852462129238],[-57.53275065501312,1.7041633685073663],[-57.45354907098144,1.805717900397994],[-57.4319486389728,1.9072724322886359],[-57.34554691093824,1.9817457556751066],[-57.237544750895026,1.9445090939818641],[-57.08634172683455,2.0257527194943776],[-56.99993999879999,1.9072724322886359],[-56.92073841476831,1.9309684897297785],[-56.79113582271647,1.8632654684693648],[-56.71913438268767,1.9241981876037357],[-56.61833236664735,1.9478942450448926],[-56.58233164663295,1.9072724322886359],[-56.48872977459551,1.951279396107907],[-56.33752675053502,1.934353640792807],[-56.25112502250046,1.8801912237844647],[-56.15032300646014,1.890346676973536],[-55.99911998239966,1.8327991089021651],[-55.90551811036222,1.9038872812256074],[-55.89831796635934,2.029137870557406],[-55.96311926238526,2.090070589691777],[-56.04232084641694,2.2288617832756614],[-56.12152243044862,2.2796390492209753],[-56.03512070241406,2.3778084300485887],[-55.99191983839678,2.516599623632459],[-55.92711854237086,2.533525378947573],[-55.747114942298865,2.4116599406788026],[-55.50231004620093,2.442126300245988],[-55.38710774215485,2.4184302428048454],[-55.322306446128934,2.516599623632459],[-55.235904718094375,2.5030590193803732],[-55.171103422068455,2.560606587451744],[-55.099101982039656,2.52675507682153],[-54.95509910198206,2.5843026448928867],[-54.8686973739475,2.4353559981199453],[-54.80389607792158,2.3405717683553604],[-54.7606952139043,2.2017805747714903],[-54.80389607792158,2.1442330067001194],[-54.80389607792158,2.0257527194943776],[-54.73909478189566,1.839569411028208],[-54.74629492589854,1.7752515408308085],[-54.602292045840926,1.7854069940198656],[-54.49428988579773,1.7481703323266373],[-54.37908758175165,1.7650960876417372],[-54.22068441368829,1.6567712536250667],[-54.14148282965661,1.6398454983099526],[-54.08388167763357,1.504439455789111],[-53.99747994959901,1.504439455789111],[-53.82467649352988,1.3893443196463835],[-53.65907318146364,1.402884923898469],[-53.52227044540892,1.2607085792515704],[-53.43586871737436,1.2336273707473993],[-53.457469149383,1.1388431409828144],[-53.41426828536572,0.9289637750754878],[-53.191063821276444,0.7698616751134892],[-53.140662813256284,0.6953883517270185],[-53.176663533270684,0.38056930286604995],[-53.090261805236125,0.2587038645972797],[-53.090261805236125,0.19438599439988025],[-52.97505950119003,0.025128441248810418],[-52.93185863717275,-0.1441291119022452],[-52.83825676513531,-0.18475092465850196],[-52.687053741074834,-0.30323121186424373],[-52.694253885077714,-0.49618482245645623],[-52.629452589051795,-0.5943542032840696],[-52.535850717014355,-0.5740432969059412],[-52.499849996999956,-0.6925235841116972],[-52.521450429008596,-0.7906929649393106],[-52.39904798095964,-0.888862345766924],[-52.442248844976916,-0.9362544606492236],[-52.413448268965396,-1.0242683882877799],[-52.33424668493372,-1.1156674669893505],[-52.118242364847305,-1.1495189776195645],[-52.053441068821385,-1.2341477541950923],[-51.99583991679836,-1.129208071241436],[-51.88783775675515,-1.1664447329346643],[-51.80863617272348,-1.1562892797456072],[-51.68623372467451,-1.034423841476837],[-51.68623372467451,-0.7974632670653534],[-51.57103142062843,-0.6214354117882408],[-51.45582911658235,-0.5131105777715703],[-51.35502710054203,-0.3167718161163293],[-51.2182243644873,-0.11704790339807403],[-51.067021340426834,-0.07642609064181727],[-50.923018460369235,0.07590570719413847],[-50.74301486029722,0.13006812420248082],[-50.57741154823097,0.26885931778635097],[-50.455009100182025,0.570137762395234],[-50.34700694013881,0.6683071432228473],[-50.09500190003803,0.7021586538530613],[-50.03740074801499,0.5735229134582625],[-50.059001180023614,0.3399474901097932],[-49.900598011960255,0.312866281605622],[-49.67739354787096,0.36702869861396437],[-49.61259225184506,0.312866281605622],[-49.475789515790325,0.07929085825715276],[-49.36778735574714,0.0014323838076677475],[-49.007780155603115,-0.1610548672173593],[-48.91417828356569,-0.2321430395408015],[-48.79177583551672,-0.21860243528871592],[-48.70537410748216,-0.2558390969819442],[-48.60457209144184,-0.228757888477773],[-48.4029680593612,-0.262609399107987],[-48.38856777135544,-0.36416393099862887],[-48.47496949939,-0.49956997351948473],[-47.99975999519992,-0.6654423756075261],[-47.841356827136565,-0.614665109662198],[-47.783755675113525,-0.5638878437168842],[-47.64695293905879,-0.5841987500950125],[-47.63255265105303,-0.6755978287965831],[-47.474149482989674,-0.5977393543470981],[-47.40934818696377,-0.6586720734814833],[-47.32294645892918,-0.5943542032840696],[-47.200544010880236,-0.6654423756075261],[-47.09254185083702,-0.6688275266705404],[-47.04214084281688,-0.7297602458049255],[-46.95573911478232,-0.7128344904898256],[-46.948538970779424,-0.8211593245064961],[-46.833336666733345,-0.8482405330106673],[-46.689333786675746,-0.8177741734434818],[-46.64613292265847,-0.9057881010820381],[-46.480529610592214,-0.9260990074601523],[-46.466129322586454,-1.0276535393507942],[-46.38692773855479,-0.9870317265945374],[-46.322126442528855,-1.0208832372247514],[-46.206924138482776,-0.9294841585231808],[-46.07012140242807,-1.1088971648633077],[-46.10612212244246,-1.2002962435648783]]]}},{"type":"Feature","properties":{"name":"Paraíba","cartodb_id":15,"created_at":"2015-02-09T16:46:01Z","updated_at":"2015-02-09T16:46:01Z","id":15,"sigla":"PB","regiao_id":"4","codigo_ibg":"25"},"geometry":{"type":"Polygon","coordinates":[[[-34.96749934998701,-6.484517052941072],[-34.96749934998701,-6.602997340146814],[-34.93149862997262,-6.687626116722342],[-34.9026980539611,-6.8636539719994545],[-34.85229704594093,-6.900890633692683],[-34.87389747794958,-6.9855194102682105],[-34.801896037920784,-7.20216907830158],[-34.79469589391789,-7.3714266314526355],[-34.830696613932304,-7.547454486729748],[-34.96029920598414,-7.537299033540677],[-34.98909978199566,-7.459440559091192],[-35.06830136602733,-7.401892991019835],[-35.241104822096446,-7.374811782515664],[-35.4067081341627,-7.459440559091192],[-35.50031000620015,-7.456055408028163],[-35.53631072621454,-7.581305997359962],[-35.51471029420591,-7.642238716494333],[-35.65151303026062,-7.696401133502675],[-35.87471749434991,-7.750563550511018],[-35.997119942398854,-7.811496269645403],[-36.06912138242765,-7.781029910078217],[-36.421928438568784,-7.814881420708417],[-36.479529590591824,-7.923206254725102],[-36.54433088661776,-7.899510197283959],[-36.63073261465232,-7.987524124922501],[-36.63073261465232,-8.102619261065229],[-36.990739814796314,-8.302343173783484],[-37.08434168683377,-8.254951058901185],[-37.156343126862566,-8.126315318506386],[-37.156343126862566,-7.997679578111573],[-37.29314586291727,-7.963828067481359],[-37.228344566891366,-7.80472596751936],[-37.14194283885681,-7.743793248384975],[-37.199543990879846,-7.632083263305276],[-37.12034240684815,-7.537299033540677],[-36.98353967079342,-7.4831366165323345],[-37.01954039080783,-7.391737537830764],[-37.16354327086543,-7.337575120822422],[-37.23554471089423,-7.273257250625022],[-37.329146582931685,-7.290183005940122],[-37.386747734954724,-7.35788602720055],[-37.49474989499791,-7.368041480389621],[-37.53075061501232,-7.4729811633432774],[-37.70355407108144,-7.5508396377927625],[-37.75395507910159,-7.61854265905319],[-37.854757095141906,-7.652394169683404],[-37.96995939918801,-7.777644759015189],[-38.04196083921681,-7.7471783994480035],[-38.0779615592312,-7.831807176023531],[-38.16436328726576,-7.781029910078217],[-38.28676573531473,-7.828422024960503],[-38.322766455329116,-7.696401133502675],[-38.596371927438554,-7.753948701574046],[-38.71157423148463,-7.621927810116205],[-38.71157423148463,-7.584691148422976],[-38.581971639432794,-7.435744501650035],[-38.53157063141265,-7.2935681570031505],[-38.67557351147025,-7.168317567671366],[-38.65397307946159,-7.090459093221867],[-38.73317466349329,-7.012600618772382],[-38.76197523950481,-6.91104608688174],[-38.68277365547311,-6.867039123062469],[-38.65397307946159,-6.758714289045784],[-38.67557351147025,-6.697781569911413],[-38.610772215444314,-6.5115982614452435],[-38.524370487409755,-6.406658578491573],[-38.567571351427034,-6.355881312546259],[-38.53157063141265,-6.342340708294174],[-38.25796515930321,-6.481131901878044],[-38.11396227924561,-6.5217537146343005],[-38.04916098321968,-6.440510089121787],[-37.941158823176494,-6.423584333806687],[-37.840356807136146,-6.362651614672302],[-37.77555551111024,-6.230630723214475],[-37.6459529190584,-6.190008910458218],[-37.228344566891366,-6.027521659433191],[-37.170743414868326,-6.081684076441533],[-37.19234384687695,-6.183238608332175],[-37.37954759095183,-6.342340708294174],[-37.39394787895759,-6.514983412508258],[-37.46594931898639,-6.531909167823372],[-37.48754975099504,-6.711322174163499],[-37.314746294925925,-6.687626116722342],[-37.257145142902885,-6.809491554991112],[-37.19234384687695,-6.826417310306212],[-37.00514010280207,-6.70793702310047],[-36.9547390947819,-6.775640044360898],[-36.832336646732955,-6.731633080541613],[-36.731534630692636,-6.836572763495283],[-36.76753535070702,-6.934742144322897],[-36.60913218264366,-6.938127295385911],[-36.50833016660334,-6.819647008180169],[-36.54433088661776,-6.694396418848385],[-36.51553031060624,-6.592841886957743],[-36.529930598612,-6.491287355067115],[-36.50113002260048,-6.359266463609288],[-36.42912858257168,-6.362651614672302],[-36.393127862557265,-6.294948593411874],[-36.277925558511185,-6.30848919766396],[-36.249124982499666,-6.437124938058773],[-36.06192123842479,-6.4100437295546016],[-36.00432008640175,-6.481131901878044],[-35.766715334306696,-6.481131901878044],[-35.65871317426351,-6.4438952401848155],[-35.5507110142203,-6.491287355067115],[-35.39950799015983,-6.491287355067115],[-35.327506550131005,-6.545449772075457],[-35.16910338206765,-6.558990376327529],[-34.96749934998701,-6.484517052941072]]]}},{"type":"Feature","properties":{"name":"Pernambuco","cartodb_id":16,"created_at":"2015-02-09T16:46:01Z","updated_at":"2015-02-09T16:46:01Z","id":16,"sigla":"PE","regiao_id":"4","codigo_ibg":"26"},"geometry":{"type":"Polygon","coordinates":[[[-35.15470309406189,-8.911670365127307],[-35.54351087021743,-8.820271286425736],[-35.74511490229807,-8.915055516190336],[-35.86031720634415,-8.857507948118965],[-36.12672253445069,-8.955677328946592],[-36.32832656653136,-9.199408205484119],[-36.436328726574544,-9.212948809736204],[-36.63073261465232,-9.328043945878932],[-36.69553391067822,-9.27388152887059],[-36.918738374767514,-9.297577586311732],[-36.94033880677614,-9.38220636288726],[-37.05554111082222,-9.280651830996632],[-37.242744854897126,-9.185867601232033],[-37.314746294925925,-9.094468522530462],[-37.53795075901519,-8.959062480009607],[-37.6459529190584,-9.016610048080977],[-37.76115522310448,-8.857507948118965],[-37.825956519130386,-8.90151491193825],[-37.840356807136146,-8.979373386387735],[-37.97715954319088,-9.148630939538805],[-38.09236184723696,-9.172326996979947],[-38.23636472729456,-9.328043945878932],[-38.31556631132625,-9.141860637412762],[-38.322766455329116,-8.989528839576806],[-38.409168183363676,-9.036920954459092],[-38.50277005540113,-8.979373386387735],[-38.466769335386715,-8.864278250245007],[-38.567571351427034,-8.830426739614808],[-38.639572791455834,-8.986143688513778],[-38.70437408748177,-8.860893099181993],[-38.79797595951922,-8.793190077921565],[-38.977979559591205,-8.793190077921565],[-39.035580711614244,-8.735642509850209],[-39.24438488769778,-8.681480092841866],[-39.28038560771216,-8.566384956699139],[-39.38118762375248,-8.532533446068925],[-39.604392087841774,-8.654398884337695],[-39.69079381587633,-8.661169186463738],[-39.69079381587633,-8.796575228984594],[-39.89239784795697,-8.82704158855178],[-39.870797415948346,-8.931981271505435],[-39.957199143982905,-9.047076407648163],[-40.13000260005202,-9.108009126782548],[-40.27400548010962,-9.080927918278377],[-40.31000620012401,-9.27049637780756],[-40.36760735214705,-9.378821211824246],[-40.61961239224786,-9.483760894777902],[-40.74201484029683,-9.443139082021645],[-40.74201484029683,-9.331429096941946],[-40.6772135442709,-9.260340924618504],[-40.67001340026803,-9.158786392727862],[-40.8212164243285,-9.080927918278377],[-40.85001700034002,-8.952292177883564],[-40.92201844036882,-8.833811890677822],[-41.03002060041203,-8.833811890677822],[-41.10202204044083,-8.783034624732508],[-41.11642232844659,-8.705176150283009],[-41.26762535250705,-8.73225735878718],[-41.36122722454451,-8.708561301346037],[-41.20282405648115,-8.634087977959567],[-40.979619592391856,-8.397127403548083],[-40.8212164243285,-8.36327589291787],[-40.78521570431411,-8.254951058901185],[-40.70601412028242,-8.224484699333999],[-40.6052121042421,-8.102619261065229],[-40.540410808216194,-7.963828067481359],[-40.540410808216194,-7.835192327086546],[-40.65561311226227,-7.781029910078217],[-40.6772135442709,-7.723482342006847],[-40.64121282425651,-7.608387205864133],[-40.70601412028242,-7.459440559091192],[-40.54761095221906,-7.391737537830764],[-40.3172063441269,-7.374811782515664],[-40.2452049040981,-7.432359350587021],[-39.96439928798577,-7.38835238676775],[-39.913998279965625,-7.337575120822422],[-39.66199323986481,-7.31049391231825],[-39.4819896397928,-7.445899954839106],[-39.316386327726576,-7.540684184603705],[-39.2659853197064,-7.662549622872461],[-39.14358287165746,-7.716712039880804],[-39.049980999620004,-7.818266571771446],[-38.9851797035941,-7.845347780275617],[-38.94197883957682,-7.7573338526370605],[-38.82677653553074,-7.720097190943832],[-38.71157423148463,-7.621927810116205],[-38.596371927438554,-7.753948701574046],[-38.322766455329116,-7.696401133502675],[-38.28676573531473,-7.828422024960503],[-38.16436328726576,-7.781029910078217],[-38.0779615592312,-7.831807176023531],[-38.04196083921681,-7.7471783994480035],[-37.96995939918801,-7.777644759015189],[-37.854757095141906,-7.652394169683404],[-37.75395507910159,-7.61854265905319],[-37.70355407108144,-7.5508396377927625],[-37.53075061501232,-7.4729811633432774],[-37.49474989499791,-7.368041480389621],[-37.386747734954724,-7.35788602720055],[-37.329146582931685,-7.290183005940122],[-37.23554471089423,-7.273257250625022],[-37.16354327086543,-7.337575120822422],[-37.01954039080783,-7.391737537830764],[-36.98353967079342,-7.4831366165323345],[-37.12034240684815,-7.537299033540677],[-37.199543990879846,-7.632083263305276],[-37.14194283885681,-7.743793248384975],[-37.228344566891366,-7.80472596751936],[-37.29314586291727,-7.963828067481359],[-37.156343126862566,-7.997679578111573],[-37.156343126862566,-8.126315318506386],[-37.08434168683377,-8.254951058901185],[-36.990739814796314,-8.302343173783484],[-36.63073261465232,-8.102619261065229],[-36.63073261465232,-7.987524124922501],[-36.54433088661776,-7.899510197283959],[-36.479529590591824,-7.923206254725102],[-36.421928438568784,-7.814881420708417],[-36.06912138242765,-7.781029910078217],[-35.997119942398854,-7.811496269645403],[-35.87471749434991,-7.750563550511018],[-35.65151303026062,-7.696401133502675],[-35.51471029420591,-7.642238716494333],[-35.53631072621454,-7.581305997359962],[-35.50031000620015,-7.456055408028163],[-35.4067081341627,-7.459440559091192],[-35.241104822096446,-7.374811782515664],[-35.06830136602733,-7.401892991019835],[-34.98909978199566,-7.459440559091192],[-34.96029920598414,-7.537299033540677],[-34.830696613932304,-7.547454486729748],[-34.845096901938064,-7.835192327086546],[-34.816296325926544,-7.916435952599059],[-34.91709834196686,-8.166937131262628],[-34.93869877397549,-8.34296498653974],[-35.08270165403309,-8.678094941778838],[-35.08270165403309,-8.745797963039266],[-35.15470309406189,-8.911670365127307]]]}},{"type":"Feature","properties":{"name":"Piauí","cartodb_id":17,"created_at":"2015-02-09T16:46:01Z","updated_at":"2015-02-09T16:46:01Z","id":17,"sigla":"PI","regiao_id":"4","codigo_ibg":"22"},"geometry":{"type":"Polygon","coordinates":[[[-40.54761095221906,-7.391737537830764],[-40.70601412028242,-7.459440559091192],[-40.64121282425651,-7.608387205864133],[-40.6772135442709,-7.723482342006847],[-40.65561311226227,-7.781029910078217],[-40.540410808216194,-7.835192327086546],[-40.540410808216194,-7.963828067481359],[-40.6052121042421,-8.102619261065229],[-40.70601412028242,-8.224484699333999],[-40.78521570431411,-8.254951058901185],[-40.8212164243285,-8.36327589291787],[-40.979619592391856,-8.397127403548083],[-41.20282405648115,-8.634087977959567],[-41.36122722454451,-8.708561301346037],[-41.512430248605,-8.877818854497093],[-41.54123082461652,-8.959062480009607],[-41.721234424688504,-9.013224897017949],[-41.735634712694264,-9.094468522530462],[-41.8004360087202,-9.148630939538805],[-41.83643672873458,-9.24341516930339],[-41.973239464789316,-9.246800320366418],[-42.102842056841155,-9.280651830996632],[-42.24684493689875,-9.287422133122675],[-42.35484709694197,-9.34835485225706],[-42.44844896897939,-9.460064837336759],[-42.62125242504851,-9.541308462849273],[-42.69325386507731,-9.544693613912287],[-42.82285645712915,-9.619166937298758],[-42.95245904918099,-9.510842103282073],[-42.95965919318388,-9.42959847776956],[-43.11806236124724,-9.372050909698203],[-43.19006380127604,-9.419443024580502],[-43.28366567331349,-9.419443024580502],[-43.46366927338548,-9.260340924618504],[-43.57167143342869,-9.31788849268986],[-43.68687373747477,-9.416057873517474],[-43.78767575351509,-9.45667968627373],[-43.852477049540994,-9.548078764975301],[-43.78767575351509,-9.761343281945642],[-43.650873017460356,-9.839201756395141],[-43.708474169483395,-9.906904777655555],[-43.665273305466116,-9.988148403168069],[-43.694073881477635,-10.076162330806625],[-43.75887517750357,-10.07277717974361],[-43.794875897517954,-10.208183222264452],[-43.91727834556693,-10.424832890297822],[-44.02528050561014,-10.475610156243135],[-44.075681513630286,-10.580549839196792],[-44.15488309766198,-10.644867709394191],[-44.262885257705165,-10.624556803016063],[-44.320486409728204,-10.55346863069262],[-44.52209044180884,-10.64825286045722],[-44.57969159383188,-10.627941954079091],[-44.788495769915414,-10.807354960419218],[-44.81009620192404,-10.871672830616617],[-44.93249864997301,-10.929220398687988],[-45.069301386027746,-10.841206471049432],[-45.24930498609973,-10.817510413608275],[-45.357307146142944,-10.732881637032747],[-45.43650873017461,-10.61778650089002],[-45.4437088741775,-10.50607651581032],[-45.39330786615733,-10.445143796675936],[-45.42930858617174,-10.360515020100408],[-45.52291045820917,-10.282656545650923],[-45.60211204224086,-10.10662869037381],[-45.724514490289835,-10.15402080525611],[-45.796515930318634,-10.265730790335809],[-45.9477189543791,-10.258960488209766],[-45.9477189543791,-10.194642618012367],[-45.8757175143503,-10.110013841436839],[-45.839716794335914,-9.940756288285769],[-45.86851737034743,-9.869668115962327],[-45.825316506330154,-9.791809641512842],[-45.839716794335914,-9.561619369227387],[-45.782115642312874,-9.480375743714887],[-45.81811636232726,-9.38220636288726],[-45.89731794635895,-9.328043945878932],[-45.89731794635895,-9.185867601232033],[-45.93331866637334,-9.04030610552212],[-45.98371967439351,-8.96583278213565],[-45.94051881037623,-8.783034624732508],[-45.839716794335914,-8.71533160347208],[-45.796515930318634,-8.583310712014253],[-45.738914778295594,-8.50206708650174],[-45.6597131942639,-8.248180756775142],[-45.5877117542351,-8.173707433388671],[-45.53731074621493,-7.862273535590717],[-45.43650873017461,-7.676090227124547],[-45.32130642612853,-7.574535695233919],[-45.213304266085345,-7.564380242044848],[-45.155703114062305,-7.513602976099534],[-45.04770095401909,-7.510217825036506],[-44.92529850597015,-7.469596012280249],[-44.817296345926934,-7.3612711782635785],[-44.687693753875095,-7.395122688893792],[-44.56529130582612,-7.225865135742723],[-44.378087561751244,-7.117540301726038],[-44.306086121722444,-7.117540301726038],[-44.262885257705165,-6.999060014520296],[-44.176483529670605,-6.89412033156664],[-43.96047920958421,-6.741788533730684],[-43.93167863357269,-6.77225489329787],[-43.794875897517954,-6.7011667209744274],[-43.636472729454596,-6.7180924762895415],[-43.45646912938261,-6.84672821668434],[-43.24766495329908,-6.765484591171827],[-43.154063081261654,-6.782410346486941],[-43.02446048920979,-6.762099440108813],[-42.9164583291666,-6.670700361407242],[-42.86605732114643,-6.484517052941072],[-42.88045760915219,-6.416814031680644],[-42.8444568891378,-6.2814079891597885],[-42.97405948118964,-6.173083155143118],[-43.07486149722996,-6.054602867937362],[-43.07486149722996,-5.729628365887322],[-43.096461929238615,-5.614533229744609],[-43.03166063321268,-5.590837172303452],[-42.9164583291666,-5.3978835617112395],[-42.82285645712915,-5.347106295765926],[-42.83005660113204,-5.232011159623198],[-42.79405588111763,-5.181233893677884],[-42.8444568891378,-5.0559833043461],[-42.85165703314067,-4.937503017140358],[-42.95245904918099,-4.791941521430445],[-42.95245904918099,-4.70054244272886],[-42.86605732114643,-4.568521551271033],[-42.85165703314067,-4.477122472569462],[-42.98125962519251,-4.287554013040264],[-42.98125962519251,-4.2130806896538076],[-42.87325746514932,-4.108141006700137],[-42.82285645712915,-3.993045870557424],[-42.73645472909459,-3.925342849296996],[-42.671653433068684,-3.78993680677614],[-42.67885357707155,-3.674841670633427],[-42.53485069701395,-3.498813815356314],[-42.43404868097363,-3.454806851537043],[-42.29724594491893,-3.4514217004740146],[-42.1532430648613,-3.387103830276615],[-42.117242344846915,-3.2618532409448306],[-42.0092401848037,-3.2449274856297166],[-41.92283845676914,-3.1061362920458464],[-41.82203644072882,-3.024892666533347],[-41.8004360087202,-2.9436490410208336],[-41.8652373047461,-2.8759460197604056],[-41.81483629672596,-2.74053997723955],[-41.591631832636665,-2.906412379327591],[-41.32522650453009,-2.9199529835796767],[-41.253225064501294,-3.0045817601552187],[-41.253225064501294,-3.0892105367307465],[-41.32522650453009,-3.180609615432317],[-41.42602852057044,-3.366792923898487],[-41.34682693653875,-3.4141850387807864],[-41.32522650453009,-3.5360504770495567],[-41.3684273685474,-3.573287138742785],[-41.32522650453009,-3.6883822748855124],[-41.253225064501294,-3.701922879137598],[-41.26762535250705,-3.8610249790995965],[-41.224424488489774,-3.9151873961079247],[-41.253225064501294,-4.037052834376695],[-41.11642232844659,-4.037052834376695],[-41.14522290445811,-4.125066762015251],[-41.11642232844659,-4.331560976859549],[-41.15962319246387,-4.382338242804863],[-41.23162463249267,-4.619298817216347],[-41.224424488489774,-4.927347563951287],[-41.123622472449455,-5.0085911894638],[-41.080421608432175,-5.089834814976314],[-40.92201844036882,-5.181233893677884],[-40.90041800836019,-5.614533229744609],[-40.92921858437171,-5.661925344626908],[-40.90761815236306,-5.848108653093078],[-40.87161743234867,-5.973359242424863],[-40.85001700034002,-6.223860421088432],[-40.77801556031122,-6.342340708294174],[-40.80681613632274,-6.3931179742394875],[-40.79241584831698,-6.518368563571286],[-40.74201484029683,-6.565760678453572],[-40.71321426428531,-6.674085512470256],[-40.47560951219026,-6.735018231604641],[-40.43960879217585,-6.806106403928084],[-40.42520850417009,-7.03291152515051],[-40.49000980019602,-7.117540301726038],[-40.511610232204674,-7.307108761255236],[-40.54761095221906,-7.391737537830764]]]}},{"type":"Feature","properties":{"name":"Paraná","cartodb_id":18,"created_at":"2015-02-09T16:46:01Z","updated_at":"2015-02-09T16:46:01Z","id":18,"sigla":"PR","regiao_id":"1","codigo_ibg":"41"},"geometry":{"type":"Polygon","coordinates":[[[-48.10056201124024,-25.30934211440229],[-48.31656633132664,-25.576769048380974],[-48.438968779375614,-25.654627522830467],[-48.56137122742456,-25.857736586611736],[-48.59737194743897,-25.976216873817485],[-48.95737914758297,-25.979602024880506],[-49.05818116362329,-26.020223837636756],[-49.17338346766937,-25.999912931258635],[-49.26698533970682,-26.07777140570812],[-49.518990379807605,-26.226718052481054],[-49.590991819836404,-26.230103203544076],[-49.86459729194584,-26.03376444188884],[-50.00860017200347,-26.0269941397628],[-50.18140362807259,-26.07777140570812],[-50.25340506810139,-26.03037929082582],[-50.368607372147466,-26.08115655677114],[-50.46220924418489,-26.0269941397628],[-50.59181183623673,-26.020223837636756],[-50.70701414028281,-26.18948139078782],[-50.84381687633754,-26.26733986523731],[-50.94461889237786,-26.280880469489396],[-51.0022200444009,-26.230103203544076],[-51.21102422048443,-26.297806224804503],[-51.2902258045161,-26.39936075669514],[-51.27582551651034,-26.49753013752276],[-51.2182243644873,-26.5686183098462],[-51.28302566051323,-26.653247086421736],[-51.4342286845737,-26.68709859705195],[-51.52783055661115,-26.59231436728735],[-51.90223804476091,-26.578773763035265],[-52.017440348806986,-26.548307403468073],[-52.15424308486172,-26.470448929018588],[-52.521450429008596,-26.40274590775816],[-52.615052301046035,-26.409516209884202],[-52.679853597071954,-26.351968641812846],[-52.98225964519291,-26.348583490749824],[-53.090261805236125,-26.389205303506074],[-53.234264685293724,-26.31134682905659],[-53.277465549311,-26.247028958859183],[-53.39266785335708,-26.250414109922204],[-53.457469149383,-26.294421073741482],[-53.64467289345788,-26.253799260985225],[-53.65187303746076,-26.19286654185084],[-53.73827476549532,-26.118393218464377],[-53.73107462149244,-26.043919895077906],[-53.83907678153564,-25.955905967439357],[-53.82467649352988,-25.793418716414337],[-53.86067721354429,-25.65801267389348],[-54.19188383767677,-25.532762084561696],[-54.47988959779197,-25.624161163263274],[-54.595091901838046,-25.59030965263306],[-54.616692333846686,-25.45151845904919],[-54.48708974179485,-25.275490603772084],[-54.42948858977181,-25.160395467629357],[-54.45828916578333,-25.03175972723455],[-54.40068801376029,-24.808339757075146],[-54.32148642972861,-24.65939311030221],[-54.32148642972861,-24.456284046520935],[-54.25668513370269,-24.364884967819364],[-54.32148642972861,-24.249789831676637],[-54.34308686173725,-24.127924393407874],[-54.28548570971421,-24.070376825336517],[-54.12708254165085,-23.98236289769796],[-54.07668153363069,-23.88757866793337],[-54.07668153363069,-23.762328078601577],[-54.00468009360189,-23.511826899938008],[-53.93267865357309,-23.44412387867758],[-53.76707534150684,-23.36965055529111],[-53.637472749455,-23.125919678753583],[-53.63027260545212,-22.997283938358777],[-53.53667073341468,-22.88218880221605],[-53.36386727734556,-22.780634270325415],[-53.198263965279324,-22.729857004380094],[-53.104662093241885,-22.621532170363416],[-52.97505950119003,-22.570754904418095],[-52.701454029080594,-22.62830247248946],[-52.579051581031635,-22.567369753355074],[-52.3054461089222,-22.6350727746155],[-52.1614432288646,-22.60460641504831],[-52.125442508850185,-22.519977638472774],[-51.93823876477532,-22.567369753355074],[-51.87343746874939,-22.62830247248946],[-51.77263545270907,-22.614761868237373],[-51.72223444468892,-22.662153983119673],[-51.55663113262267,-22.69600549374988],[-51.448628972579456,-22.65199852993061],[-51.26142522850458,-22.66892428524571],[-51.15342306846139,-22.753553061821243],[-50.94461889237786,-22.804330327766564],[-50.88701774035482,-22.7941748745775],[-50.79341586831737,-22.9058848596572],[-50.57741154823097,-22.902499708594178],[-50.50541010820217,-22.946506672413456],[-50.27500550011001,-22.92958091709835],[-50.18140362807259,-22.9532769745395],[-49.986999739994815,-22.895729406468135],[-49.972599451989055,-22.96004727666554],[-49.67739354787096,-23.176696944698904],[-49.576591531830644,-23.413657519110387],[-49.62699253985082,-23.521982353127072],[-49.619792395847924,-23.613381431828643],[-49.547790955819124,-23.70478051053022],[-49.576591531830644,-23.89434897005941],[-49.518990379807605,-23.918045027500554],[-49.4541890837817,-24.05345107002141],[-49.33898677973562,-24.138079846596938],[-49.33898677973562,-24.202397716794344],[-49.25258505170106,-24.4021216295126],[-49.317386347726966,-24.615386146482933],[-49.27418548370969,-24.693244620932425],[-49.18778375567513,-24.672933714554297],[-48.950179003580075,-24.67631886561732],[-48.82777655553113,-24.65600795923919],[-48.74137482749657,-24.693244620932425],[-48.59017180343608,-24.67631886561732],[-48.51817036340728,-24.767717944318896],[-48.56857137142745,-24.84557641876838],[-48.58297165943321,-25.05207063361268],[-48.410168203364094,-24.98098246128923],[-48.31656633132664,-25.045300331486636],[-48.25176503530071,-24.97759731022621],[-48.10056201124024,-25.30934211440229]]]}},{"type":"Feature","properties":{"name":"Rio de Janeiro","cartodb_id":19,"created_at":"2015-02-09T16:46:01Z","updated_at":"2015-02-09T16:46:01Z","id":19,"sigla":"RJ","regiao_id":"2","codigo_ibg":"33"},"geometry":{"type":"Polygon","coordinates":[[[-44.72369447388948,-23.366265404228095],[-44.85329706594135,-23.247785117022346],[-44.788495769915414,-22.98374333410669],[-44.70929418588372,-22.92958091709835],[-44.50769015380308,-22.851722442648857],[-44.4644892897858,-22.88557395327907],[-44.27008540170806,-22.831411536270735],[-44.176483529670605,-22.706160946938944],[-44.234084681693645,-22.60799156611133],[-44.38528770575414,-22.574140055481116],[-44.51489029780598,-22.62830247248946],[-44.644492889857815,-22.601221263985288],[-44.752495049901,-22.415037955519118],[-44.81009620192404,-22.404882502330054],[-44.52929058581174,-22.330409178943583],[-44.45728914578294,-22.25593585555712],[-44.262885257705165,-22.269476459809205],[-44.06848136962742,-22.16115162579252],[-44.00368007360149,-22.16115162579252],[-43.780475609512195,-22.06636739602793],[-43.74447488949781,-22.0934486045321],[-43.60047200944021,-22.059597093901886],[-43.46366927338548,-22.07313769815397],[-43.35566711334229,-22.008819827956565],[-43.03886077721555,-22.0460564896498],[-42.88045760915219,-21.95804256201125],[-42.76525530510611,-21.920805900318015],[-42.35484709694197,-21.74139289397789],[-42.26844536890741,-21.714311685473717],[-42.36924738494773,-21.619527455709118],[-42.23964479289589,-21.402877787675763],[-42.189243784875714,-21.14560630688615],[-42.0812416248325,-21.02374086861738],[-42.09564191283826,-20.935726940978824],[-41.96603932078642,-20.915416034600696],[-41.872437448749,-20.76646938782777],[-41.76443528870578,-20.800320898457983],[-41.721234424688504,-20.87479422184444],[-41.706834136682744,-21.104984494129894],[-41.562831256625145,-21.18284296857938],[-41.490829816596346,-21.17945781751635],[-41.18842376847539,-21.240390536650736],[-41.094821896437935,-21.216694479209593],[-40.95801916038323,-21.30132325578512],[-40.965219304386096,-21.362255974919506],[-41.066021320426415,-21.48750656425129],[-41.01562031240627,-21.62629775783516],[-41.022820456409136,-21.74477804504091],[-40.979619592391856,-21.90388014500291],[-40.994019880397616,-22.012204979019586],[-41.23162463249267,-22.144225870477413],[-41.48362967259348,-22.21192889173784],[-41.68523370467412,-22.296557668313376],[-41.77163543270868,-22.364260689573797],[-41.99483989679794,-22.597836112922266],[-41.987639752795076,-22.716316400128008],[-41.90843816876338,-22.777249119262393],[-42.030840616812355,-22.899114557531156],[-42.030840616812355,-22.970202729854606],[-42.33324666493331,-22.93635121922439],[-42.599651993039885,-22.93296606816137],[-42.69325386507731,-22.95666212560252],[-43.04606092121844,-22.973587880917627],[-43.11806236124724,-22.946506672413456],[-43.096461929238615,-22.828026385207714],[-43.02446048920979,-22.74339760863218],[-43.110862217244375,-22.685850040560815],[-43.24046480929621,-22.740012457569158],[-43.29086581731636,-22.800945176703543],[-43.16126322526452,-22.902499708594178],[-43.168463369267414,-22.963432427728563],[-43.28366567331349,-23.017594844736898],[-43.593271865437316,-23.027750297925962],[-43.80207604152085,-22.912655161783242],[-43.97487949758997,-22.92958091709835],[-44.118882377647566,-23.027750297925962],[-44.234084681693645,-23.054831506430133],[-44.44288885777718,-23.00743939154784],[-44.57969159383188,-23.054831506430133],[-44.673293465869335,-23.054831506430133],[-44.69489389787796,-23.153000887257754],[-44.62289245784916,-23.25794057021141],[-44.5364907298146,-23.30194753403069],[-44.72369447388948,-23.366265404228095]]]}},{"type":"Feature","properties":{"name":"Rio Grande do Norte","cartodb_id":20,"created_at":"2015-02-09T16:46:01Z","updated_at":"2015-02-09T16:46:01Z","id":20,"sigla":"RN","regiao_id":"4","codigo_ibg":"24"},"geometry":{"type":"Polygon","coordinates":[[[-38.567571351427034,-6.355881312546259],[-38.581971639432794,-6.3152594997900025],[-38.41636832736657,-6.0579880190003905],[-38.30116602332049,-6.085069227504562],[-38.25076501530032,-6.003825601992048],[-38.12116242324848,-5.888730465849321],[-38.12116242324848,-5.831182897777964],[-38.04916098321968,-5.7397838190763935],[-38.08516170323409,-5.6720807978159655],[-37.99155983119664,-5.556985661673238],[-37.89075781515632,-5.479127187223753],[-37.84755695113904,-5.340335993639883],[-37.78275565511311,-5.296329029820612],[-37.78275565511311,-5.218470555371113],[-37.73235464709296,-5.079679361787242],[-37.67475349506992,-5.0458278511570285],[-37.63875277505551,-4.927347563951287],[-37.24994499889999,-4.832563334186688],[-37.16354327086543,-4.930732715014315],[-36.8827376547531,-4.947658470329415],[-36.79633592671854,-5.039057549030986],[-36.688333766675356,-5.093219966039328],[-36.50833016660334,-5.062753606472143],[-36.37152743054864,-5.089834814976314],[-36.14832296645935,-5.0966051171023565],[-35.94671893437871,-5.042442700094014],[-35.48590971819439,-5.1575378362367275],[-35.38510770215407,-5.255707217064355],[-35.226704534090686,-5.577296568051366],[-35.1907038140763,-5.699162006320137],[-35.15470309406189,-5.942892882857663],[-35.10430208604174,-6.007210753055077],[-35.09710194203885,-6.179853457269161],[-35.03950079001581,-6.227245572151446],[-35.03230064601294,-6.342340708294174],[-34.96749934998701,-6.484517052941072],[-35.16910338206765,-6.558990376327529],[-35.327506550131005,-6.545449772075457],[-35.39950799015983,-6.491287355067115],[-35.5507110142203,-6.491287355067115],[-35.65871317426351,-6.4438952401848155],[-35.766715334306696,-6.481131901878044],[-36.00432008640175,-6.481131901878044],[-36.06192123842479,-6.4100437295546016],[-36.249124982499666,-6.437124938058773],[-36.277925558511185,-6.30848919766396],[-36.393127862557265,-6.294948593411874],[-36.42912858257168,-6.362651614672302],[-36.50113002260048,-6.359266463609288],[-36.529930598612,-6.491287355067115],[-36.51553031060624,-6.592841886957743],[-36.54433088661776,-6.694396418848385],[-36.50833016660334,-6.819647008180169],[-36.60913218264366,-6.938127295385911],[-36.76753535070702,-6.934742144322897],[-36.731534630692636,-6.836572763495283],[-36.832336646732955,-6.731633080541613],[-36.9547390947819,-6.775640044360898],[-37.00514010280207,-6.70793702310047],[-37.19234384687695,-6.826417310306212],[-37.257145142902885,-6.809491554991112],[-37.314746294925925,-6.687626116722342],[-37.48754975099504,-6.711322174163499],[-37.46594931898639,-6.531909167823372],[-37.39394787895759,-6.514983412508258],[-37.37954759095183,-6.342340708294174],[-37.19234384687695,-6.183238608332175],[-37.170743414868326,-6.081684076441533],[-37.228344566891366,-6.027521659433191],[-37.6459529190584,-6.190008910458218],[-37.77555551111024,-6.230630723214475],[-37.840356807136146,-6.362651614672302],[-37.941158823176494,-6.423584333806687],[-38.04916098321968,-6.440510089121787],[-38.11396227924561,-6.5217537146343005],[-38.25796515930321,-6.481131901878044],[-38.53157063141265,-6.342340708294174],[-38.567571351427034,-6.355881312546259]]]}},{"type":"Feature","properties":{"name":"Rondônia","cartodb_id":21,"created_at":"2015-02-09T16:46:01Z","updated_at":"2015-02-09T16:46:01Z","id":21,"sigla":"RO","regiao_id":"3","codigo_ibg":"11"},"geometry":{"type":"Polygon","coordinates":[[[-66.61933238664774,-9.893364173403484],[-66.80653613072263,-9.815505698953984],[-66.61213224264486,-9.663173901118029],[-66.51853037060742,-9.636092692613857],[-66.38892777855558,-9.500686650093016],[-66.35292705854118,-9.416057873517474],[-66.28812576251526,-9.436368779895602],[-66.00012000240007,-9.402517269265388],[-65.82731654633093,-9.531153009660201],[-65.72651453029061,-9.558234218164372],[-65.67611352227046,-9.449909384147688],[-65.5897117942359,-9.41267272245446],[-65.50331006620134,-9.470220290525816],[-65.39530790615814,-9.338199399067989],[-65.28730574611494,-9.27049637780756],[-65.20810416208326,-9.277266679933604],[-65.18650373007462,-9.416057873517474],[-65.0857017140343,-9.426213326706545],[-64.93449868997381,-9.256955773555475],[-64.94169883397669,-9.148630939538805],[-64.86969739394789,-9.013224897017949],[-64.68969379387589,-8.989528839576806],[-64.61049220984421,-9.016610048080977],[-64.32248644972901,-8.928596120442421],[-64.30808616172325,-8.996299141702849],[-64.142482849657,-8.945521875757521],[-64.15688313766276,-8.833811890677822],[-64.12088241764836,-8.71533160347208],[-64.0344806896138,-8.691635546030923],[-63.91927838556772,-8.559614654573096],[-63.93367867357348,-8.326039231224627],[-63.86887737754756,-8.288802569531398],[-63.78967579351588,-8.33280953335067],[-63.724874497489964,-8.248180756775142],[-63.624072481449645,-8.041686541930844],[-63.616872337446765,-7.970598369607401],[-63.501670033400686,-7.977368671733444],[-62.86805736114724,-7.973983520670416],[-62.68805376107524,-8.099234110002214],[-62.65205304106084,-8.238025303586085],[-62.35684713694275,-8.397127403548083],[-62.33524670493411,-8.610391920518424],[-62.19124382487651,-8.590081014140296],[-62.12644252885059,-8.799960380047608],[-62.04004080081603,-8.796575228984594],[-61.98963979279587,-8.87104855237105],[-61.86003720074403,-8.85412279705595],[-61.84563691273827,-8.745797963039266],[-61.77363547270947,-8.749183114102294],[-61.71603432068643,-8.688250394967909],[-61.62243244864899,-8.728872207724166],[-61.5792315846317,-8.799960380047608],[-61.4712294245885,-8.91844066725335],[-61.55763115262306,-9.091083371467434],[-61.52163043260866,-9.17909729910599],[-61.62963259265187,-9.284036982059646],[-61.55043100862018,-9.385591513950288],[-61.5792315846317,-9.460064837336759],[-61.5072301446029,-9.541308462849273],[-61.47842956859138,-9.639477843676886],[-61.5432308646173,-9.788424490449813],[-61.5072301446029,-9.85951266277327],[-61.52883057661154,-9.988148403168069],[-61.58643172863458,-10.059236575491525],[-61.5792315846317,-10.245419883957695],[-61.46402928058562,-10.41467743710875],[-61.47842956859138,-10.485765609432192],[-61.47842956859138,-10.783658902978061],[-61.52163043260866,-10.844591622112446],[-61.52883057661154,-10.979997664633302],[-61.003220064401305,-10.993538268885388],[-60.456009120182415,-10.99015311782236],[-60.391207824156496,-11.091707649713001],[-60.319206384127696,-11.06462644120883],[-60.18960379207586,-11.115403707154158],[-60.01680033600674,-11.128944311406244],[-59.9231984639693,-11.348979130502613],[-59.97359947198946,-11.440378209204198],[-60.11040220804418,-11.596095158103168],[-60.09600192003842,-11.860136941018823],[-60.00960019200386,-11.893988451649037],[-59.98079961599234,-12.029394494169892],[-59.90159803196066,-12.11402327074542],[-59.8871977439549,-12.246044162203248],[-59.79359587191745,-12.344213543030875],[-59.843996879937606,-12.425457168543375],[-60.02400048000962,-12.557478060001202],[-60.08880177603554,-12.740276217404357],[-60.08160163203266,-12.889222864177299],[-60.2832056641133,-13.078791323706483],[-60.26880537610754,-13.143109193903882],[-60.369607392147856,-13.319137049180995],[-60.384007680153616,-13.454543091701836],[-60.62881257625153,-13.569638227844564],[-60.70801416028321,-13.691503666113334],[-60.880817616352346,-13.617030342726864],[-60.931218624372505,-13.539171868277379],[-61.003220064401305,-13.545942170403421],[-61.089621792435864,-13.491779753395079],[-61.14002280045602,-13.525631264025293],[-61.24802496049922,-13.495164904458093],[-61.4712294245885,-13.556097623592478],[-61.58643172863458,-13.498550055521122],[-61.79523590471811,-13.53578671721435],[-61.86723734474691,-13.529016415088307],[-61.88163763275267,-13.451157940638822],[-62.11204224084483,-13.261589481109624],[-62.11924238484771,-13.153264647092954],[-62.39284785695715,-13.132953740714825],[-62.46484929698596,-13.07202102158044],[-62.54405088101764,-13.07202102158044],[-62.64485289705796,-12.990777396067926],[-62.73125462509252,-13.014473453509083],[-62.87525750515012,-12.906148619492399],[-62.918458369167396,-12.841830749295],[-63.012060241204836,-12.835060447168956],[-63.069661393227875,-12.682728649333],[-63.148862977259554,-12.635336534450701],[-63.29286585731715,-12.682728649333],[-63.508870177403566,-12.56086321106423],[-63.552071041420845,-12.506700794055888],[-63.739274785495724,-12.43899777279546],[-63.95527910558212,-12.530396851497045],[-63.99127982559652,-12.503315642992874],[-64.22888457769157,-12.455923528110574],[-64.39448788975781,-12.449153225984531],[-64.50249004980101,-12.36452444940899],[-64.55289105782117,-12.239273860077205],[-64.71129422588453,-12.174955989879805],[-64.69689393787877,-12.103867817556363],[-64.80489609792197,-12.08694206224125],[-64.84809696193925,-12.009083587791764],[-65.03530070601413,-11.992157832476664],[-65.01370027400549,-11.893988451649037],[-65.09290185803718,-11.704419992119853],[-65.21530430608614,-11.65025757511151],[-65.22250445008902,-11.514851532590654],[-65.30890617812358,-11.494540626212526],[-65.35930718614374,-11.250809749675],[-65.35930718614374,-11.135714613532272],[-65.28730574611494,-11.091707649713001],[-65.25130502610054,-10.983382815696316],[-65.27290545810918,-10.871672830616617],[-65.34490689813798,-10.776888600852033],[-65.34490689813798,-10.671948917898362],[-65.41690833816678,-10.624556803016063],[-65.38810776215526,-10.363900171163436],[-65.31610632212646,-10.29281199883998],[-65.28730574611494,-10.208183222264452],[-65.33050661013222,-10.052466273365482],[-65.32330646612934,-9.906904777655555],[-65.28730574611494,-9.869668115962327],[-65.35930718614374,-9.710566016000328],[-65.4457089141783,-9.697025411748243],[-65.50331006620134,-9.785039339386799],[-65.6257125142503,-9.835816605332113],[-65.68331366627334,-9.747802677693556],[-65.97131942638855,-9.798579943638885],[-66.15132302646055,-9.785039339386799],[-66.36012720254406,-9.866282964899312],[-66.61933238664774,-9.893364173403484]]]}},{"type":"Feature","properties":{"name":"Roraima","cartodb_id":22,"created_at":"2015-02-09T16:46:01Z","updated_at":"2015-02-09T16:46:01Z","id":22,"sigla":"RR","regiao_id":"3","codigo_ibg":"14"},"geometry":{"type":"Polygon","coordinates":[[[-58.89357787155744,0.26547416672332247],[-60.03840076801538,0.26547416672332247],[-60.06000120002402,0.16391963483268057],[-60.11760235204706,0.1334532752654951],[-60.1392027840557,0.02851359231183892],[-60.20400408008162,-0.03241912682254622],[-60.21840436808738,-0.13397365871318812],[-60.27600552011042,-0.20167667997361605],[-60.340806816136336,-0.4386372543850996],[-60.398407968159376,-0.5469620884017843],[-60.312006240124816,-0.6417463181663692],[-60.304806096121936,-0.7094493394267971],[-60.420008400168015,-0.7737672096241965],[-60.477609552191055,-0.7703820585611822],[-60.528010560211214,-0.8753217415148384],[-60.73681473629473,-0.8583959861997386],[-60.794415888317786,-0.69929388623774],[-60.916818336366745,-0.6112799585991837],[-60.916818336366745,-0.5537323905278271],[-61.046420928418584,-0.5469620884017843],[-61.089621792435864,-0.49956997351948473],[-61.2192243844877,-0.49956997351948473],[-61.22642452849058,-0.5605026926538699],[-61.42802856057122,-0.6349760160403264],[-61.53603072061442,-0.7568414543090967],[-61.58643172863458,-0.9836465755315231],[-61.5432308646173,-1.0716605031700794],[-61.60803216064323,-1.308621077581563],[-61.60083201664034,-1.4474122711654331],[-61.79523590471811,-1.3797092499050052],[-61.89603792075843,-1.3966350052201193],[-62.01844036880739,-1.1427486754935217],[-62.22724454489091,-0.9734911223424518],[-62.34244684893699,-0.9024029500190096],[-62.39284785695715,-0.8211593245064961],[-62.47924958499172,-0.7940781160023249],[-62.50805016100324,-0.7128344904898256],[-62.30644612892259,-0.6620572245444976],[-62.30644612892259,-0.5131105777715703],[-62.19844396887939,-0.39124513950280004],[-62.25604512090243,-0.27953515442310106],[-62.24164483289667,-0.17459547146944487],[-62.32084641692835,-0.10350729914598844],[-62.32084641692835,-0.022263673633489134],[-62.42164843296867,0.1436087284545522],[-62.46484929698596,0.27562961991239376],[-62.443248864977306,0.38056930286604995],[-62.52965059301188,0.4990495900717917],[-62.53685073701476,0.6953883517270185],[-62.457649152983066,0.7867874304286033],[-62.4864497289946,0.854490451689017],[-62.443248864977306,0.9763558899577873],[-62.52965059301188,1.0880658750374863],[-62.63765275305508,1.436736434528683],[-62.80325606512132,1.5890682323646388],[-62.72405448108964,1.7143188216964234],[-62.73125462509252,1.8192585046500795],[-62.702454049081,1.9411239429188498],[-62.82485649712996,2.012212115242292],[-63.026460529210595,2.0155972663053205],[-63.120062401248035,2.09684089181782],[-63.141662833256675,2.1713142152042906],[-63.28566571331427,2.1543884598891907],[-63.37206744134885,2.2119360279605473],[-63.422468449369006,2.3778084300485887],[-63.465669313386286,2.4353559981199453],[-63.645672913458284,2.3845787321746315],[-63.8184763695274,2.4015044874897455],[-64.02008040160804,2.4692075087501593],[-64.04168083361668,2.577532342766844],[-63.98407968159364,2.648620515090286],[-64.01288025760516,2.8212632193043703],[-64.23608472169445,3.1123862107242104],[-64.20728414568293,3.1733189298585813],[-64.2576851537031,3.410279504270079],[-64.1856837136743,3.5016785829716497],[-64.1856837136743,3.565996453169049],[-64.35848716974341,3.745409459509176],[-64.48808976179525,3.7894164233284613],[-64.58169163383269,3.9282076169123314],[-64.67529350587013,4.0060660913618165],[-64.73289465789317,4.121161227504544],[-64.81209624192485,4.175323644512886],[-64.78329566591333,4.287033629592585],[-64.69689393787877,4.253182118962371],[-64.59609192183845,4.114390925378501],[-64.50249004980101,4.111005774315473],[-64.28648572971461,4.144857284945687],[-64.1064821296426,4.08730971687433],[-64.0344806896138,3.9349779190383742],[-63.95527910558212,3.8875858041560747],[-63.84007680153604,3.94851852329046],[-63.696073921478444,3.914667012660246],[-63.674473489469804,4.0162215445508735],[-63.508870177403566,3.846963991399818],[-63.415268305366126,3.9011264084081603],[-63.429668593371886,3.975599731794631],[-63.206464129282594,3.951903674353474],[-63.213664273285474,3.8198827828956468],[-63.120062401248035,3.806342178643561],[-63.076861537230755,3.694632193563862],[-62.961659233184676,3.6100034169883344],[-62.83205664113284,3.735254006320119],[-62.73125462509252,3.6980173446268765],[-62.75285505710116,3.850349142462832],[-62.78885577711556,3.8943561062821175],[-62.74565491309828,4.036532450929002],[-62.54405088101764,4.046687904118073],[-62.55125102502052,4.107620623252458],[-62.436048720974426,4.182093946638929],[-62.34964699293987,4.165168191323815],[-62.14804296085923,4.080539414748287],[-62.06164123282467,4.155012738134758],[-61.81683633672675,4.171938493449858],[-61.76643532870659,4.249796967899343],[-61.58643172863458,4.2430266657733],[-61.5072301446029,4.314114838096756],[-61.51443028860578,4.405513916798327],[-61.44962899257986,4.439365427428541],[-61.34882697653954,4.419054521050413],[-61.19042380847618,4.5206090529410545],[-61.1472229444589,4.490142693373855],[-60.952819056381145,4.554460563571254],[-60.902418048360985,4.716947814596281],[-60.74401488029763,4.757569627352538],[-60.585611712234254,4.936982633692665],[-60.64321286425729,5.055462920898407],[-60.67921358427169,5.231490776175519],[-60.571211424228494,5.197639265545305],[-60.319206384127696,5.2077947187343625],[-60.2112042240845,5.272112588931762],[-60.00960019200386,5.085929280465592],[-59.98799975999522,4.987759899637979],[-60.0312006240125,4.696636908218153],[-60.07440148802978,4.608622980579597],[-60.16080321606434,4.564616016760326],[-60.16080321606434,4.50368329762594],[-59.96639932798658,4.50368329762594],[-59.78639572791457,4.449520880617598],[-59.67839356787137,4.378432708294156],[-59.72879457589153,4.283648478529557],[-59.72159443188865,4.175323644512886],[-59.62079241584833,4.117776076441515],[-59.57759155183105,3.8334233871477323],[-59.67119342386849,3.772490668013347],[-59.66399327986561,3.7081727978159478],[-59.75759515190305,3.633699474429477],[-59.851197023940486,3.6032331148622916],[-59.807996159923206,3.3527319361987082],[-59.90879817596354,3.210555591551824],[-59.95199903998082,3.068379246904925],[-59.98799975999522,2.8584998809976128],[-59.98799975999522,2.6824720257205],[-59.89439788795778,2.482748113002245],[-59.89439788795778,2.360882674733489],[-59.72159443188865,2.2762538981579468],[-59.72159443188865,2.09684089181782],[-59.75039500790017,1.856495166343322],[-59.64959299185985,1.8429545620912364],[-59.68559371187425,1.7549406344526801],[-59.54159083181665,1.7210891238224661],[-59.43358867177345,1.5687573259865104],[-59.33278665573313,1.5179800600411966],[-59.25358507170145,1.3893443196463835],[-59.06638132762657,1.3284116005119984],[-58.92237844756896,1.3148709962599128],[-58.89357787155744,1.2268570686213565],[-58.89357787155744,0.26547416672332247]]]}},{"type":"Feature","properties":{"name":"Rio Grande do Sul","cartodb_id":23,"created_at":"2015-02-09T16:46:01Z","updated_at":"2015-02-09T16:46:01Z","id":23,"sigla":"RS","regiao_id":"1","codigo_ibg":"43"},"geometry":{"type":"Polygon","coordinates":[[[-53.83187663753276,-27.167790048000967],[-53.7454749094982,-27.191486105442117],[-53.5294705894118,-27.194871256505138],[-53.3854677093542,-27.096701875677518],[-53.183863677273564,-27.188100954379095],[-53.068661373227485,-27.157634594811903],[-52.75905518110363,-27.215182162883266],[-52.708654173083474,-27.272729730954623],[-52.478249564991316,-27.235493069261395],[-52.377447548951,-27.303196090521816],[-52.29824596491932,-27.259189126702537],[-52.22624452489052,-27.326892147962965],[-52.118242364847305,-27.303196090521816],[-51.988639772795466,-27.40813577347548],[-51.85903718074363,-27.4758387947359],[-51.70063401268027,-27.47922394579892],[-51.621432428648575,-27.54692696705935],[-51.477429548590976,-27.5706230245005],[-51.41982839656794,-27.655251801076027],[-51.31902638052762,-27.675562707454155],[-51.27582551651034,-27.750036030840626],[-51.18942378847578,-27.77711723934479],[-50.923018460369235,-27.980226303126067],[-50.865417308346196,-28.135943252025044],[-50.79341586831737,-28.139328403088065],[-50.75021500430009,-28.24765323710475],[-50.66381327626553,-28.33905231580632],[-50.527010540210824,-28.427066243444877],[-50.20300406008121,-28.443991998759984],[-50.03740074801499,-28.47784350939019],[-49.929398587971775,-28.450762300886026],[-49.814196283925696,-28.47784350939019],[-49.69179383587672,-28.62340500510011],[-49.814196283925696,-28.640330760415218],[-49.842996859937216,-28.704648630612617],[-49.93659873197464,-28.728344688053767],[-49.96539930798616,-28.82651406888138],[-49.943798875977535,-29.033008283725678],[-49.96539930798616,-29.19888068581372],[-49.71339426788538,-29.32413127514551],[-49.93659873197464,-29.6254097197544],[-50.14540290805817,-30.035012998379976],[-50.30380607612153,-30.451386579131587],[-50.36140722814457,-30.549555959959207],[-50.77181543630874,-31.108105885357716],[-50.937418748374995,-31.2807485895718],[-51.17502350047002,-31.473702200164006],[-51.2182243644873,-31.538020070361412],[-51.45582911658235,-31.71743307670154],[-51.82303646072924,-31.913771838356773],[-52.060641212824265,-32.127036355327114],[-52.010240204804106,-31.95777880217605],[-52.096641932838665,-31.83591336390728],[-52.003040060801226,-31.81898760859218],[-51.9094381887638,-31.869764874537495],[-51.79423588471772,-31.78852124902499],[-51.664633292665854,-31.77159549370988],[-51.448628972579456,-31.538020070361412],[-51.3622272445449,-31.527864617172348],[-51.21102422048443,-31.426310085281713],[-51.16062321246426,-31.29428919382388],[-51.18222364447291,-31.125031640672816],[-50.980619612392275,-31.040402864097288],[-50.908618172363475,-30.90499682157644],[-50.75021500430009,-30.816982893937883],[-50.69981399627994,-30.732354117362355],[-50.67821356427129,-30.607103528030564],[-50.69981399627994,-30.424305370627415],[-50.570211404228104,-30.471697485509715],[-50.541410828216584,-30.25166266641333],[-50.80061601232026,-30.336291442988866],[-50.908618172363475,-30.32275083873678],[-50.95901918038362,-30.41414991743835],[-51.038220764415314,-30.387068708934187],[-51.03102062041242,-30.27535872385448],[-51.18222364447291,-30.23473691109823],[-51.26142522850458,-30.119641774955504],[-51.23262465249306,-30.04178330050602],[-51.30462609252186,-30.007931789875805],[-51.32622652453051,-30.214426004720103],[-51.27582551651034,-30.309210234484695],[-51.17502350047002,-30.383683557871166],[-51.24702494049882,-30.441231125942522],[-51.30462609252186,-30.634184736534735],[-51.39102782055642,-30.661265945038906],[-51.38382767655355,-30.86098985775716],[-51.49902998059963,-30.915152274765504],[-51.448628972579456,-31.09118013004261],[-51.62863257265147,-31.148727698113966],[-51.62863257265147,-31.267207985319715],[-51.78703574071483,-31.273978287445757],[-51.92383847676956,-31.311214949138986],[-51.99583991679836,-31.412769481029628],[-52.010240204804106,-31.622648846936947],[-52.22624452489052,-31.74789943626873],[-52.21904438088764,-31.873150025600516],[-52.111042220844425,-31.944238197923966],[-52.067841356827145,-32.04240757875158],[-52.096641932838665,-32.16088786595733],[-52.2334446688934,-32.25567209572192],[-52.377447548951,-32.49940297225945],[-52.449448988979796,-32.74990415092302],[-52.514250285005716,-32.90223594875898],[-52.651053021060434,-33.14935197635953],[-52.78785575711515,-33.29829862313247],[-53.147862957259164,-33.58265131242625],[-53.37826756535132,-33.7485237145143],[-53.5294705894118,-33.687590995379914],[-53.51507030140604,-33.54541465073302],[-53.457469149383,-33.53864434860698],[-53.42866857337148,-33.42016406140123],[-53.47186943738876,-33.26444711250225],[-53.32066641332828,-33.08841925722515],[-53.26306526130524,-33.108730163603276],[-53.155063101262044,-32.95639836576732],[-53.162263245264924,-32.85822898493971],[-53.003860077201566,-32.7939111147423],[-52.89585791715835,-32.892080495569914],[-52.76625532510651,-32.88192504238085],[-52.607852157043155,-32.62126841052822],[-52.586251725034515,-32.52648418076362],[-52.694253885077714,-32.30983451273026],[-52.658253165063314,-32.2048948297766],[-52.75905518110363,-32.194739376587535],[-52.81665633312667,-32.32676026804537],[-52.80225604512091,-32.452010857377154],[-52.98225964519291,-32.50955842544852],[-52.996659933198686,-32.59757235308707],[-53.183863677273564,-32.644964467969366],[-53.42866857337148,-32.56372084245685],[-53.46466929338588,-32.482477216944346],[-53.58707174143484,-32.44862570631413],[-53.7454749094982,-32.079644240444814],[-53.80307606152124,-32.06948878725575],[-53.96867937358749,-31.917156989419794],[-54.08388167763357,-31.9340827447349],[-54.45108902178045,-31.653115206504133],[-54.47268945378909,-31.571871580991626],[-54.587891757835166,-31.456776444848906],[-54.8326966539331,-31.4398506895338],[-54.9406988139763,-31.382303121462435],[-55.00550011000222,-31.267207985319715],[-55.070301406028136,-31.331525855517114],[-55.235904718094375,-31.260437683193672],[-55.351107022140454,-31.037017713034267],[-55.43750875017501,-31.003166202404053],[-55.55991119822397,-30.85421955563112],[-55.639112782255665,-30.847449253505076],[-55.675113502270065,-30.955774087521753],[-55.86951739034782,-31.07086922366448],[-56.00632012640254,-31.081024676853545],[-55.99191983839678,-30.847449253505076],[-56.17192343846878,-30.654495642912863],[-56.38792775855518,-30.495393542950865],[-56.59673193463871,-30.29566963023261],[-56.64713294265887,-30.20765570259406],[-56.81993639872799,-30.095945717514354],[-57.08634172683455,-30.099330868577375],[-57.215944318886386,-30.288899328106567],[-57.56875137502752,-30.25166266641333],[-57.6119522390448,-30.190729947278953],[-57.5039500790016,-30.139952681333632],[-57.3239464789296,-29.967309977119548],[-57.33114662293248,-29.882681200544013],[-57.230344606892146,-29.777741517590357],[-57.10794215884319,-29.75743061121223],[-56.96393927878559,-29.638950324006487],[-56.90633812676255,-29.534010641052824],[-56.81273625472511,-29.48323337510751],[-56.75513510270207,-29.368138238964782],[-56.65433308666175,-29.27673916026321],[-56.57513150263007,-29.11425190923819],[-56.4167283345667,-29.073630096481935],[-56.38792775855518,-28.951764658213172],[-56.29432588651774,-28.890831939078787],[-56.29432588651774,-28.799432860377216],[-56.18632372647454,-28.772351651873045],[-56.06392127842558,-28.633560458289175],[-55.99911998239966,-28.59970894765896],[-55.99191983839678,-28.49815441576832],[-55.8767175343507,-28.471073207264155],[-55.862317246344944,-28.355978071121427],[-55.689513790275825,-28.38982958175164],[-55.667913358267185,-28.33905231580632],[-55.775915518310384,-28.24426808604173],[-55.45190903818077,-28.098706590331815],[-55.322306446128934,-27.92606388611773],[-55.199903998079975,-27.858360864857303],[-55.03430068601374,-27.82450935422709],[-54.93349866997342,-27.77373208828177],[-54.9046980939619,-27.63832604576092],[-54.81829636592734,-27.533386362807263],[-54.674293485869725,-27.5706230245005],[-54.43668873377469,-27.465683341546836],[-54.45828916578333,-27.421676377727557],[-54.21348426968541,-27.38443971603433],[-54.19188383767677,-27.306581241584837],[-54.08388167763357,-27.299810939458794],[-54.01188023760477,-27.194871256505138],[-53.83187663753276,-27.167790048000967]]]}},{"type":"Feature","properties":{"name":"Santa Catarina","cartodb_id":24,"created_at":"2015-02-09T16:46:01Z","updated_at":"2015-02-09T16:46:01Z","id":24,"sigla":"SC","regiao_id":"1","codigo_ibg":"42"},"geometry":{"type":"Polygon","coordinates":[[[-48.59737194743897,-25.976216873817485],[-48.59737194743897,-26.12516352059042],[-48.52537050741017,-26.169170484409698],[-48.52537050741017,-26.26733986523731],[-48.68377367547353,-26.63970648216965],[-48.67657353147064,-26.75141646724935],[-48.6189723794476,-26.82588979063582],[-48.63337266745336,-26.981606739534797],[-48.57577151543032,-27.03915430760616],[-48.56857137142745,-27.15424944374888],[-48.6189723794476,-27.2693445798916],[-48.52537050741017,-27.343817903278072],[-48.56857137142745,-27.4284466798536],[-48.64057281145625,-27.45552788835777],[-48.57577151543032,-27.89559752655054],[-48.62617252345049,-27.949759943558874],[-48.60457209144184,-28.051314475449516],[-48.81337626752537,-28.586168343406875],[-49.15178303566074,-28.779121953999088],[-49.28858577171545,-28.880676485889722],[-49.504590091801845,-29.080400398607978],[-49.71339426788538,-29.32413127514551],[-49.96539930798616,-29.19888068581372],[-49.943798875977535,-29.033008283725678],[-49.96539930798616,-28.82651406888138],[-49.93659873197464,-28.728344688053767],[-49.842996859937216,-28.704648630612617],[-49.814196283925696,-28.640330760415218],[-49.69179383587672,-28.62340500510011],[-49.814196283925696,-28.47784350939019],[-49.929398587971775,-28.450762300886026],[-50.03740074801499,-28.47784350939019],[-50.20300406008121,-28.443991998759984],[-50.527010540210824,-28.427066243444877],[-50.66381327626553,-28.33905231580632],[-50.75021500430009,-28.24765323710475],[-50.79341586831737,-28.139328403088065],[-50.865417308346196,-28.135943252025044],[-50.923018460369235,-27.980226303126067],[-51.18942378847578,-27.77711723934479],[-51.27582551651034,-27.750036030840626],[-51.31902638052762,-27.675562707454155],[-51.41982839656794,-27.655251801076027],[-51.477429548590976,-27.5706230245005],[-51.621432428648575,-27.54692696705935],[-51.70063401268027,-27.47922394579892],[-51.85903718074363,-27.4758387947359],[-51.988639772795466,-27.40813577347548],[-52.118242364847305,-27.303196090521816],[-52.22624452489052,-27.326892147962965],[-52.29824596491932,-27.259189126702537],[-52.377447548951,-27.303196090521816],[-52.478249564991316,-27.235493069261395],[-52.708654173083474,-27.272729730954623],[-52.75905518110363,-27.215182162883266],[-53.068661373227485,-27.157634594811903],[-53.183863677273564,-27.188100954379095],[-53.3854677093542,-27.096701875677518],[-53.5294705894118,-27.194871256505138],[-53.7454749094982,-27.191486105442117],[-53.83187663753276,-27.167790048000967],[-53.71667433348668,-26.99176219272386],[-53.65907318146364,-26.859741301266034],[-53.7454749094982,-26.741261014060285],[-53.70227404548092,-26.372279548190967],[-53.64467289345788,-26.253799260985225],[-53.457469149383,-26.294421073741482],[-53.39266785335708,-26.250414109922204],[-53.277465549311,-26.247028958859183],[-53.234264685293724,-26.31134682905659],[-53.090261805236125,-26.389205303506074],[-52.98225964519291,-26.348583490749824],[-52.679853597071954,-26.351968641812846],[-52.615052301046035,-26.409516209884202],[-52.521450429008596,-26.40274590775816],[-52.15424308486172,-26.470448929018588],[-52.017440348806986,-26.548307403468073],[-51.90223804476091,-26.578773763035265],[-51.52783055661115,-26.59231436728735],[-51.4342286845737,-26.68709859705195],[-51.28302566051323,-26.653247086421736],[-51.2182243644873,-26.5686183098462],[-51.27582551651034,-26.49753013752276],[-51.2902258045161,-26.39936075669514],[-51.21102422048443,-26.297806224804503],[-51.0022200444009,-26.230103203544076],[-50.94461889237786,-26.280880469489396],[-50.84381687633754,-26.26733986523731],[-50.70701414028281,-26.18948139078782],[-50.59181183623673,-26.020223837636756],[-50.46220924418489,-26.0269941397628],[-50.368607372147466,-26.08115655677114],[-50.25340506810139,-26.03037929082582],[-50.18140362807259,-26.07777140570812],[-50.00860017200347,-26.0269941397628],[-49.86459729194584,-26.03376444188884],[-49.590991819836404,-26.230103203544076],[-49.518990379807605,-26.226718052481054],[-49.26698533970682,-26.07777140570812],[-49.17338346766937,-25.999912931258635],[-49.05818116362329,-26.020223837636756],[-48.95737914758297,-25.979602024880506],[-48.59737194743897,-25.976216873817485]]]}},{"type":"Feature","properties":{"name":"Sergipe","cartodb_id":25,"created_at":"2015-02-09T16:46:01Z","updated_at":"2015-02-09T16:46:01Z","id":25,"sigla":"SE","regiao_id":"4","codigo_ibg":"28"},"geometry":{"type":"Polygon","coordinates":[[[-37.343546870937445,-11.443763360267212],[-37.51635032700656,-11.548703043220868],[-37.63155263105264,-11.518236683653683],[-37.72515450309007,-11.552088194283897],[-37.81155623112463,-11.514851532590654],[-37.96995939918801,-11.382830641132827],[-38.0059601192024,-11.288046411368242],[-37.97715954319088,-11.2034176347927],[-38.07076141522833,-11.152640368847386],[-38.10676213524272,-11.013849175263516],[-38.22916458329169,-10.915679794435903],[-38.24356487129745,-10.800584658293175],[-38.21476429528593,-10.709185579591605],[-38.04916098321968,-10.709185579591605],[-38.02036040720816,-10.763347996599947],[-37.81155623112463,-10.69225982427649],[-37.81875637512752,-10.485765609432192],[-37.8619572391448,-10.424832890297822],[-37.73955479109583,-10.330048660533222],[-37.77555551111024,-10.133709898877981],[-37.83315666313328,-10.001689007420154],[-37.96275925518512,-9.971222647852969],[-37.97715954319088,-9.82904630320607],[-38.04196083921681,-9.713951167063357],[-38.04196083921681,-9.602241181983644],[-38.0059601192024,-9.514227254345101],[-37.89075781515632,-9.541308462849273],[-37.789955799116,-9.619166937298758],[-37.71075421508431,-9.629322390487815],[-37.58115162303247,-9.73426207344147],[-37.415548310966244,-9.761343281945642],[-37.285945718914405,-9.82904630320607],[-37.228344566891366,-9.900134475529512],[-37.14914298285967,-9.900134475529512],[-36.9547390947819,-10.018614762735268],[-36.947538950779034,-10.08970293505871],[-36.83953679073582,-10.20141292013841],[-36.717134342686876,-10.265730790335809],[-36.64513290265808,-10.252190186083723],[-36.56593131862638,-10.326663509470194],[-36.56593131862638,-10.41467743710875],[-36.42912858257168,-10.424832890297822],[-36.393127862557265,-10.499306213684278],[-36.62353247064942,-10.587320141322834],[-36.8107362147243,-10.702415277465562],[-36.99793995879918,-10.905524341246831],[-37.156343126862566,-11.1560255199104],[-37.285945718914405,-11.328668224124485],[-37.343546870937445,-11.443763360267212]]]}},{"type":"Feature","properties":{"name":"São Paulo","cartodb_id":26,"created_at":"2015-02-09T16:46:01Z","updated_at":"2015-02-09T16:46:01Z","id":26,"sigla":"SP","regiao_id":"2","codigo_ibg":"35"},"geometry":{"type":"Polygon","coordinates":[[[-53.104662093241885,-22.621532170363416],[-52.996659933198686,-22.492896429968603],[-52.85265705314107,-22.438734012960268],[-52.694253885077714,-22.313483423628476],[-52.485449708994196,-22.20854374067482],[-52.3414468289366,-22.062982244964907],[-52.31984639692796,-21.97158316626333],[-52.19024380487612,-21.846332576931545],[-52.046240924818505,-21.660149268465375],[-52.103842076841545,-21.558594736574733],[-52.067841356827145,-21.504432319566405],[-51.959839196783946,-21.494276866377334],[-51.86623732474652,-21.352100521730435],[-51.86623732474652,-21.128680551571037],[-51.78703574071483,-21.101599343066866],[-51.71503430068603,-20.96957845160904],[-51.62863257265147,-20.945882394167896],[-51.62863257265147,-20.725847575071512],[-51.578231564631295,-20.62429304318087],[-51.29742594851899,-20.326399749635],[-51.12462249244987,-20.292548239004788],[-51.067021340426834,-20.248541275185516],[-51.0022200444009,-20.08605402416049],[-50.966219324386515,-20.035276758215176],[-50.7862157243145,-19.937107377387548],[-50.65661313226266,-19.90325586675735],[-50.57741154823097,-19.815241939118792],[-50.469409388187785,-19.77800527742555],[-50.354207084141706,-19.86263405400109],[-50.102202044040894,-19.876174658253177],[-50.044600892017854,-19.916796471009434],[-49.857397147942976,-19.94726283057662],[-49.78539570791418,-19.923566773135477],[-49.5261905238105,-19.91002616888339],[-49.43978879577594,-19.981114341206833],[-49.35338706774138,-19.987884643332876],[-49.25978519570393,-20.258696728374574],[-49.13018260365209,-20.279007634752702],[-49.065381307626154,-20.153757045420917],[-48.993379867597355,-20.163912498609974],[-48.964579291585835,-20.28239278581573],[-48.97177943558873,-20.39410277089543],[-48.863777275545516,-20.397487921958444],[-48.88537770755417,-20.268852181563645],[-48.85657713154265,-20.18083825392509],[-48.58297165943321,-20.13006098797976],[-48.31656633132664,-20.11313523266466],[-48.22296445928919,-20.028506456089133],[-48.114962299246,-20.143601592231846],[-48.07176143522872,-20.146986743294875],[-47.855757115142325,-19.99126979439589],[-47.711754235084726,-19.977729190143805],[-47.63255265105303,-20.04881736246726],[-47.58215164303289,-19.99465494545892],[-47.46694933898681,-19.96418858589172],[-47.43814876297529,-20.04881736246726],[-47.26534530690614,-20.15714219648393],[-47.229344586891756,-20.218074915618317],[-47.301346026920555,-20.34671065601313],[-47.29414588291766,-20.448265187903772],[-47.1429428588572,-20.5328939644793],[-47.09254185083702,-20.658144553811084],[-47.16454329086582,-20.702151517630355],[-47.23654473089462,-20.88494967503351],[-47.15014300286006,-20.96957845160904],[-47.12134242684854,-21.186228119642394],[-47.0709414188284,-21.213309328146565],[-46.9989399787996,-21.34871537066742],[-47.01334026680536,-21.42318869405389],[-46.890937818756385,-21.41641839192785],[-46.833336666733345,-21.36564112598252],[-46.69653393067864,-21.389337183423677],[-46.60293205864119,-21.44349960043202],[-46.51653033060663,-21.446884751495034],[-46.51653033060663,-21.612757153583075],[-46.689333786675746,-21.83617712374248],[-46.64613292265847,-21.88018408756176],[-46.65333306666136,-22.090063453469078],[-46.60293205864119,-22.134070417288356],[-46.7109342186844,-22.262706157683162],[-46.63173263465271,-22.435348861897246],[-46.43012860257207,-22.574140055481116],[-46.37252745054903,-22.7467827596952],[-46.350927018540375,-22.902499708594178],[-46.15652313046263,-22.865263046900942],[-46.00532010640214,-22.888959104342092],[-45.91171823436471,-22.81787093201865],[-45.767715354307114,-22.844952140522814],[-45.71731434628694,-22.780634270325415],[-45.681313626272555,-22.6350727746155],[-45.53731074621493,-22.65199852993061],[-45.270905418108384,-22.614761868237373],[-45.14850297005941,-22.50643703422069],[-44.89649792995863,-22.452274617212353],[-44.81009620192404,-22.404882502330054],[-44.752495049901,-22.415037955519118],[-44.644492889857815,-22.601221263985288],[-44.51489029780598,-22.62830247248946],[-44.38528770575414,-22.574140055481116],[-44.234084681693645,-22.60799156611133],[-44.176483529670605,-22.706160946938944],[-44.27008540170806,-22.831411536270735],[-44.4644892897858,-22.88557395327907],[-44.50769015380308,-22.851722442648857],[-44.70929418588372,-22.92958091709835],[-44.788495769915414,-22.98374333410669],[-44.85329706594135,-23.247785117022346],[-44.72369447388948,-23.366265404228095],[-44.82449648992983,-23.386576310606216],[-44.88929778595573,-23.335799044660902],[-45.06210124202485,-23.42042782123643],[-45.10530210604213,-23.521982353127072],[-45.213304266085345,-23.525367504190093],[-45.42930858617174,-23.650618093521878],[-45.40050801016022,-23.806335042420855],[-45.50131002620054,-23.84018655305107],[-45.55171103422069,-23.79617958923179],[-45.89011780235606,-23.762328078601577],[-46.12052241044822,-23.833416250925026],[-46.1637232744655,-23.945126236004725],[-46.264525290505816,-24.012829257265153],[-46.38692773855479,-23.968822293445875],[-46.494929898597974,-24.039910465769324],[-46.82613652273048,-24.205782867857366],[-47.006140122802464,-24.33441860825217],[-47.006140122802464,-24.412277082701664],[-47.08534170683416,-24.44612859333187],[-47.243744874897516,-24.571379182663662],[-47.61815236304727,-24.79141400176004],[-47.812556251125045,-24.947130950659023],[-47.90615812316247,-25.05207063361268],[-47.92055841116823,-25.160395467629357],[-48.10056201124024,-25.30934211440229],[-48.25176503530071,-24.97759731022621],[-48.31656633132664,-25.045300331486636],[-48.410168203364094,-24.98098246128923],[-48.58297165943321,-25.05207063361268],[-48.56857137142745,-24.84557641876838],[-48.51817036340728,-24.767717944318896],[-48.59017180343608,-24.67631886561732],[-48.74137482749657,-24.693244620932425],[-48.82777655553113,-24.65600795923919],[-48.950179003580075,-24.67631886561732],[-49.18778375567513,-24.672933714554297],[-49.27418548370969,-24.693244620932425],[-49.317386347726966,-24.615386146482933],[-49.25258505170106,-24.4021216295126],[-49.33898677973562,-24.202397716794344],[-49.33898677973562,-24.138079846596938],[-49.4541890837817,-24.05345107002141],[-49.518990379807605,-23.918045027500554],[-49.576591531830644,-23.89434897005941],[-49.547790955819124,-23.70478051053022],[-49.619792395847924,-23.613381431828643],[-49.62699253985082,-23.521982353127072],[-49.576591531830644,-23.413657519110387],[-49.67739354787096,-23.176696944698904],[-49.972599451989055,-22.96004727666554],[-49.986999739994815,-22.895729406468135],[-50.18140362807259,-22.9532769745395],[-50.27500550011001,-22.92958091709835],[-50.50541010820217,-22.946506672413456],[-50.57741154823097,-22.902499708594178],[-50.79341586831737,-22.9058848596572],[-50.88701774035482,-22.7941748745775],[-50.94461889237786,-22.804330327766564],[-51.15342306846139,-22.753553061821243],[-51.26142522850458,-22.66892428524571],[-51.448628972579456,-22.65199852993061],[-51.55663113262267,-22.69600549374988],[-51.72223444468892,-22.662153983119673],[-51.77263545270907,-22.614761868237373],[-51.87343746874939,-22.62830247248946],[-51.93823876477532,-22.567369753355074],[-52.125442508850185,-22.519977638472774],[-52.1614432288646,-22.60460641504831],[-52.3054461089222,-22.6350727746155],[-52.579051581031635,-22.567369753355074],[-52.701454029080594,-22.62830247248946],[-52.97505950119003,-22.570754904418095],[-53.104662093241885,-22.621532170363416]]]}},{"type":"Feature","properties":{"name":"Tocantins","cartodb_id":27,"created_at":"2015-02-09T16:46:01Z","updated_at":"2015-02-09T16:46:01Z","id":27,"sigla":"TO","regiao_id":"3","codigo_ibg":"17"},"geometry":{"type":"Polygon","coordinates":[[[-45.9477189543791,-10.258960488209766],[-45.796515930318634,-10.265730790335809],[-45.724514490289835,-10.15402080525611],[-45.695713914278315,-10.262345639272795],[-45.738914778295594,-10.343589264785308],[-45.825316506330154,-10.363900171163436],[-45.89011780235606,-10.448528947738964],[-46.02692053841079,-10.543313177503563],[-46.06292125842518,-10.604245896637934],[-46.17092341846839,-10.621171651953048],[-46.28612572251447,-10.905524341246831],[-46.38692773855479,-10.986767966759345],[-46.47332946658935,-11.189877030540615],[-46.61733234664695,-11.301587015620328],[-46.54533090661815,-11.379445490069813],[-46.52373047460949,-11.474229719834412],[-46.408528170563415,-11.541932741094826],[-46.235724714494296,-11.565628798535982],[-46.34372687453751,-11.751812107002152],[-46.37252745054903,-11.866907243144865],[-46.322126442528855,-11.95830632184645],[-46.394127882557655,-12.026009343106864],[-46.35812716254327,-12.22573325582512],[-46.37252745054903,-12.290051126022533],[-46.250125002500056,-12.435612621732446],[-46.14932298645974,-12.51347109618193],[-46.25732514650295,-12.547322606812145],[-46.293325866517335,-12.631951383387673],[-46.264525290505816,-12.93322982799657],[-46.11332226644535,-12.916304072681456],[-46.192523850477016,-12.956925885437713],[-46.365327306546135,-12.990777396067926],[-46.365327306546135,-12.865526806736142],[-46.422928458569174,-12.862141655673128],[-46.451729034580694,-12.970466489689798],[-46.746934938698786,-12.967081338626784],[-46.854937098742,-13.05509526626534],[-47.09254185083702,-13.173575553471082],[-47.229344586891756,-13.19388645984921],[-47.2797455949119,-13.264974632172652],[-47.430948618972394,-13.268359783235667],[-47.56055121102423,-13.122798287525754],[-47.64695293905879,-13.11941313646274],[-47.67575351507031,-13.447772789575794],[-47.826956539130805,-13.312366747054952],[-48.07896157923159,-13.281900387487752],[-48.15096301926039,-13.30559644492891],[-48.17256345126904,-13.14649434496691],[-48.38856777135544,-13.268359783235667],[-48.46056921138424,-13.278515236424738],[-48.47496949939,-13.143109193903882],[-48.57577151543032,-13.126183438588782],[-48.65497309946201,-13.004318000320012],[-48.71977439548792,-13.000932849256998],[-48.74857497149944,-12.916304072681456],[-48.87097741954841,-12.804594087601757],[-48.97177943558873,-12.956925885437713],[-49.079781595631914,-12.90276346842937],[-49.11578231564633,-12.791053483349671],[-49.2381847636953,-12.882452562051256],[-49.35338706774138,-13.143109193903882],[-49.36778735574714,-13.271744934298695],[-49.93659873197464,-12.956925885437713],[-50.18140362807259,-12.895993166303327],[-50.30380607612153,-12.82151984291687],[-50.21020420408411,-12.435612621732446],[-50.368607372147466,-12.547322606812145],[-50.46220924418489,-12.692884102522058],[-50.512610252205064,-12.8587565046101],[-50.62781255625114,-12.801208936538742],[-50.62061241224825,-12.733505915278315],[-50.70701414028281,-12.611640477009544],[-50.62061241224825,-12.452538377047546],[-50.67821356427129,-12.218962953699076],[-50.66381327626553,-12.063246004800106],[-50.68541370827418,-11.995542983539679],[-50.6422128442569,-11.90075875377508],[-50.68541370827418,-11.863522092081851],[-50.72141442828857,-11.731501200624024],[-50.66381327626553,-11.670568481489639],[-50.66381327626553,-11.58593970491411],[-50.74301486029722,-11.538547590031811],[-50.69981399627994,-11.304972166683342],[-50.65661313226266,-11.247424598611985],[-50.65661313226266,-11.128944311406244],[-50.60621212424249,-11.068011592271858],[-50.63501270025401,-10.935990700814031],[-50.570211404228104,-10.753192543410876],[-50.60621212424249,-10.661793464709305],[-50.53421068421369,-10.604245896637934],[-50.47660953219065,-10.404521983919693],[-50.383007660153226,-10.221723826516538],[-50.39020780415609,-10.133709898877981],[-50.311006220124426,-10.04569597123944],[-50.22460449208987,-9.839201756395141],[-50.087801756035134,-9.544693613912287],[-50.102202044040894,-9.473605441588845],[-50.05180103602075,-9.311118190563818],[-49.90779815596312,-9.172326996979947],[-49.842996859937216,-9.026765501270035],[-49.68459369187386,-8.857507948118965],[-49.562191243824884,-8.799960380047608],[-49.4541890837817,-8.613777071581438],[-49.39658793175866,-8.559614654573096],[-49.346186923738486,-8.417438309926212],[-49.28138562771258,-8.380201648232969],[-49.21658433168665,-8.1940183397668],[-49.15898317966361,-7.899510197283959],[-49.15898317966361,-7.7911853632672745],[-49.32458649172986,-7.68286052925059],[-49.3821876437529,-7.5677653931078765],[-49.374987499750006,-7.49667722078442],[-49.23098461969241,-7.330804818696379],[-49.18058361167226,-7.2157096825536655],[-49.21658433168665,-6.938127295385911],[-49.01498029960601,-6.782410346486941],[-48.81337626752537,-6.751943986919741],[-48.65497309946201,-6.650389455029114],[-48.66217324346488,-6.558990376327529],[-48.61177223544473,-6.454050693373873],[-48.41736834736696,-6.298333744474903],[-48.438968779375614,-6.193394061521246],[-48.280565611312255,-6.081684076441533],[-48.323766475329535,-5.98351469561392],[-48.23016460329208,-5.9462780339206915],[-48.30216604332088,-5.78040563183265],[-48.27336546730936,-5.726243214824308],[-48.17256345126904,-5.709317459509194],[-48.12936258725176,-5.617918380807623],[-48.280565611312255,-5.540059906358138],[-48.381367627352574,-5.394498410648225],[-48.59737194743897,-5.421579619152396],[-48.75577511550233,-5.35049144682894],[-48.6909738194764,-5.309869634072697],[-48.60457209144184,-5.336950842576854],[-48.51817036340728,-5.191389346866941],[-48.366967339346814,-5.167693289425799],[-48.17976359527191,-5.259092368127369],[-48.06456129122583,-5.272632972379455],[-48.00696013920279,-5.235396310686227],[-47.870157403148085,-5.272632972379455],[-47.826956539130805,-5.387728108522182],[-47.740554811096246,-5.38095780639614],[-47.61815236304727,-5.458816280845625],[-47.55335106702137,-5.465586582971667],[-47.48134962699257,-5.563755963799281],[-47.49574991499833,-5.729628365887322],[-47.430948618972394,-5.868419559471192],[-47.430948618972394,-6.118920738134776],[-47.38054761095222,-6.240786176403532],[-47.53175063501271,-6.8298024613692405],[-47.50295005900119,-6.8975054826296684],[-47.54615092301847,-7.01598576983541],[-47.66135322706455,-7.151391812356252],[-47.74775495509911,-7.20216907830158],[-47.654153083061686,-7.2935681570031505],[-47.53895077901561,-7.266486948498979],[-47.48134962699257,-7.52714358035162],[-47.39494789895801,-7.571150544170891],[-47.32294645892918,-7.655779320746419],[-47.243744874897516,-7.814881420708417],[-47.12134242684854,-7.923206254725102],[-47.04214084281688,-8.051841995119915],[-46.7109342186844,-7.909665650473016],[-46.60293205864119,-7.896125046220931],[-46.47332946658935,-8.011220182363658],[-46.51653033060663,-8.166937131262628],[-46.48772975459511,-8.200788641892842],[-46.54533090661815,-8.319268929098584],[-46.63173263465271,-8.319268929098584],[-46.7829356587132,-8.380201648232969],[-46.81173623472472,-8.471600726934554],[-46.919738394767904,-8.634087977959567],[-46.88373767475352,-8.68486524390488],[-46.919738394767904,-8.85412279705595],[-47.0709414188284,-9.064002162963263],[-46.9269385387708,-9.084313069341391],[-46.818936378727585,-9.209563658673176],[-46.76853537070744,-9.402517269265388],[-46.65333306666136,-9.405902420328417],[-46.53813076261528,-9.558234218164372],[-46.58133162663256,-9.585315426668544],[-46.6389327786556,-9.741032375567514],[-46.509330186603734,-9.798579943638885],[-46.47332946658935,-9.87643841808837],[-46.480529610592214,-9.988148403168069],[-46.365327306546135,-10.167561409508195],[-46.206924138482776,-10.170946560571224],[-46.1637232744655,-10.21156837332748],[-46.0197203944079,-10.18448716482331],[-45.9477189543791,-10.258960488209766]]]}},{"type":"Feature","properties":{"name":"Distrito Federal","cartodb_id":7,"created_at":"2015-02-09T16:46:01Z","updated_at":"2015-02-09T16:46:01Z","id":7,"sigla":"DF","regiao_id":"5","codigo_ibg":"53"},"geometry":{"type":"Polygon","coordinates":[[[-47.30854617092342,-16.03402820172404],[-47.30854617092342,-16.050953957039155],[-48.280565611312255,-16.050953957039155],[-48.25176503530071,-15.935858820896428],[-48.28776575531512,-15.841074591131829],[-48.20856417128343,-15.756445814556301],[-48.19416388327767,-15.499174333766689],[-47.416548330966634,-15.499174333766689],[-47.32294645892918,-15.587188261405231],[-47.315746314926315,-15.756445814556301],[-47.36614732294646,-15.827533986879743],[-47.373347466949355,-15.993406388967784],[-47.30854617092342,-16.03402820172404]]]}}]}
