{"type":"FeatureCollection","features":[{"type":"Feature","properties":{"name":"Quebec","cartodb_id":1,"created_at":"2014-10-16T13:22:00Z","updated_at":"2014-10-16T13:22:00Z"},"geometry":{"type":"Polygon","coordinates":[[[-57.10074201484031,51.41172157791155],[-57.208744174883506,51.415106728974564],[-57.244744894897906,51.503120656613106],[-57.60475209504192,51.42864733322665],[-57.58315166303328,51.46588399491989],[-57.676753535070716,51.42864733322665],[-57.683953679073596,51.476039448108935],[-57.748754975099516,51.47265429704592],[-57.763155263105276,51.40156612472248],[-57.799155983119675,51.432032484289664],[-58.02236044720895,51.310167046020894],[-58.223964479289606,51.27293038432768],[-58.259965199304006,51.286470988579765],[-58.252765055301126,51.33386310346205],[-58.281565631312645,51.337248254525065],[-58.295965919318405,51.26954523326464],[-58.432768655373124,51.310167046020894],[-58.57677153543072,51.24584917582351],[-58.62717254345088,51.276315535390694],[-58.619972399448,51.23230857157142],[-58.67037340746816,51.25600462901255],[-58.67757355147104,51.23569372263444],[-58.59117182343648,51.18491645668911],[-58.619972399448,51.154450097121924],[-58.8359767195344,51.08336192479848],[-58.82877657553152,51.042740112042225],[-58.89357787155744,50.9919628460969],[-58.91517830356608,50.998733148222954],[-58.90077801556032,51.052895565231296],[-59.00158003160064,51.01565890353805],[-58.95117902358048,50.9919628460969],[-58.95837916758336,50.920874673773454],[-58.93677873557472,50.88363801208021],[-58.97277945558912,50.85655680357604],[-58.95117902358048,50.8294755950719],[-59.03038060761217,50.775313178063556],[-59.0159803196064,50.748231969559384],[-59.08798175963521,50.775313178063556],[-59.09518190363809,50.81932014188283],[-59.05198103962081,50.870097407828126],[-59.10238204764097,50.8802528610172],[-59.11678233564673,50.80239438656773],[-59.19598391967841,50.731306214244256],[-59.25358507170145,50.75838742274843],[-59.26798535970721,50.71099530786614],[-59.34718694373889,50.66360319298386],[-59.42638852777057,50.660218041920814],[-59.40478809576193,50.63313683341664],[-59.45518910378209,50.6229813802276],[-59.58479169583393,50.47741988451767],[-59.815196303926086,50.4334129206984],[-59.879997599952006,50.372480201564],[-59.851197023940486,50.32508808668172],[-59.815196303926086,50.348784144122874],[-59.836796735934726,50.31831778455566],[-59.94479889597794,50.253999914358275],[-60.11760235204706,50.23368900798013],[-60.13200264005282,50.20322264841295],[-60.13200264005282,50.23030385691712],[-60.1752035040701,50.23030385691712],[-60.14640292805858,50.287851424988474],[-60.24000480009602,50.23368900798013],[-60.26880537610754,50.237074159043175],[-60.24000480009602,50.26754051861036],[-60.27600552011042,50.287851424988474],[-60.290405808116176,50.2438444611692],[-60.362407248144976,50.25061476329526],[-60.355207104142096,50.22353355479109],[-60.448808976179535,50.2607702164843],[-60.585611712234254,50.209992950539004],[-60.621612432248654,50.24722961223222],[-60.66481329626593,50.22014840372805],[-60.75121502430051,50.23368900798013],[-60.787215744314906,50.19983749734993],[-60.837616752335066,50.22014840372805],[-60.794415888317786,50.2607702164843],[-60.931218624372505,50.193067195223875],[-61.024820496409944,50.226918705854104],[-61.111222224444504,50.18629689309785],[-61.15442308846178,50.20322264841295],[-61.16162323246466,50.176141439908776],[-61.29842596851938,50.19983749734993],[-61.72323446468931,50.09151266333325],[-61.78083561671235,50.10843841864835],[-61.59363187263746,50.15583053353066],[-61.5792315846317,50.18629689309785],[-61.78803576071523,50.132134476089504],[-61.85283705674115,50.21337810160202],[-62.21284425688515,50.23368900798013],[-62.40004800096003,50.29462172711453],[-62.443248864977306,50.25738506542129],[-62.7384547690954,50.281081122862446],[-62.70965419308388,50.314932633492646],[-62.80325606512132,50.287851424988474],[-62.961659233184676,50.28446627392546],[-62.997659953199076,50.31154748242963],[-63.163263265265314,50.29123657605152],[-63.156063121262434,50.253999914358275],[-63.35766715334309,50.24045931010619],[-63.39366787335749,50.21337810160202],[-63.487269745394926,50.2607702164843],[-63.595271905438125,50.25061476329526],[-63.81127622552452,50.31154748242963],[-64.16408328166564,50.2607702164843],[-64.45208904178085,50.31831778455566],[-64.86969739394789,50.26754051861036],[-64.91289825796517,50.29123657605152],[-65.18650373007462,50.287851424988474],[-65.25850517010342,50.31831778455566],[-65.71211424228485,50.25738506542129],[-65.94971899437991,50.287851424988474],[-66.0577211544231,50.21676325266503],[-66.0937218744375,50.2438444611692],[-66.08652173043463,50.193067195223875],[-66.2377247544951,50.22014840372805],[-66.36732734654694,50.193067195223875],[-66.43932878657574,50.26754051861036],[-66.54013080261606,50.20660779947596],[-66.5257305146103,50.16937113778275],[-66.42492849856998,50.165985986719704],[-66.46092921858438,50.132134476089504],[-66.64093281865638,50.18291174203483],[-66.61933238664774,50.149060231404604],[-66.7417348346967,50.04073539738792],[-66.95773915478311,49.97303237612749],[-66.96493929878599,49.915484808056135],[-67.03694073881479,49.820700578291536],[-67.07294145882919,49.84778178679571],[-67.15214304286087,49.80715997403945],[-67.18094361887239,49.74622725490508],[-67.16654333086663,49.67852423364465],[-67.19534390687815,49.65144302514048],[-67.23854477089543,49.59051030600611],[-67.23134462689255,49.46864486773734],[-67.38254765095303,49.32308337202741],[-67.56975139502791,49.32985367415347],[-67.80735614712296,49.27230610608211],[-67.95855917118344,49.29600216352324],[-68.1169623392468,49.27230610608211],[-68.1529630592612,49.20121793375867],[-68.2969659393188,49.19444763163261],[-68.1889637792756,49.16398127206543],[-68.1889637792756,49.1132040061201],[-68.32576651533032,49.099663401868014],[-68.404968099362,49.05565643804874],[-68.4409688193764,49.05904158911176],[-68.3689673793476,49.13351491249824],[-68.4409688193764,49.1910624805696],[-68.404968099362,49.12335945930917],[-68.60657213144265,49.04211583379666],[-68.64257285145705,48.95748705722113],[-68.6929738594772,48.94056130190603],[-68.64257285145705,48.91686524446487],[-68.78657573151465,48.9067097912758],[-68.95937918758376,48.815310712574245],[-68.96657933158664,48.78145920194402],[-69.06018120362408,48.76791859769193],[-69.13938278765576,48.59527589347786],[-69.2329846596932,48.58512044028879],[-69.29058581171624,48.45648469989399],[-69.43458869177385,48.30753805312105],[-69.57859157183145,48.23983503186062],[-69.68659373187465,48.138280499969994],[-69.80899617992361,48.155206255285094],[-69.96019920398409,48.27030139142781],[-70.15460309206185,48.27368654249082],[-70.37060741214826,48.37524107438148],[-70.68741374827498,48.382011376507506],[-70.75941518830378,48.432788642452834],[-70.98261965239305,48.46325500202002],[-71.06902138042761,48.43955894457886],[-70.9682193643873,48.44632924670492],[-70.7882157643153,48.39555198075959],[-70.88901778035562,48.35831531906638],[-70.86741734834698,48.31769350631012],[-70.76661533230666,48.35154501694032],[-70.4642092841857,48.34815986587731],[-70.26980539610794,48.29738259993198],[-70.18340366807337,48.23983503186062],[-69.93859877197545,48.22290927654552],[-69.85939718794377,48.14505080209602],[-69.72979459589193,48.10781414040278],[-69.92419848396969,47.77268418516368],[-70.14020280405609,47.65758904902097],[-70.20500410008201,47.57634542350846],[-70.22660453209066,47.49510179799594],[-70.5002100042001,47.43416907886157],[-70.5722114442289,47.27506697889956],[-70.72341446828938,47.10242427468549],[-70.97541950839017,47.00425489385785],[-71.19862397247947,46.85192309602189],[-71.29942598851979,46.743598262005236],[-71.14102282045643,46.84515279389586],[-71.0042200844017,46.84853794495888],[-70.54341086821738,47.00086974279483],[-70.34180683613674,47.15320154063079],[-70.19780395607913,47.3123036405928],[-70.04660093201865,47.39016211504227],[-70.01780035600713,47.488331495869915],[-69.89539790795817,47.54249391287823],[-69.54259085181705,47.83361690429808],[-69.55699113982281,47.86746841492828],[-69.44898897977961,47.97917840000798],[-69.3409868197364,48.01302991063821],[-68.82257645152905,48.36508562119241],[-68.7289745794916,48.37185592331846],[-68.54177083541673,48.449714397767934],[-68.45536910738215,48.53095802328045],[-68.05936118722376,48.69006012324246],[-67.9729594591892,48.69683042536849],[-67.55535110702215,48.8559325253305],[-67.06574131482631,48.9676425104102],[-66.64093281865638,49.11997430824616],[-66.22332446648934,49.20121793375867],[-65.71931438628773,49.22829914226284],[-65.5897117942359,49.26215065289304],[-64.94169883397669,49.214758538010756],[-64.58889177783557,49.1132040061201],[-64.23608472169445,48.910094942338816],[-64.15688313766276,48.75776314450286],[-64.30088601772037,48.82546616576329],[-64.56009120182405,48.87962858277163],[-64.47368947378949,48.832236467889345],[-64.53849076981541,48.822081014700274],[-64.40168803376069,48.815310712574245],[-64.37288745774917,48.788229504070074],[-64.43048860977221,48.77468889981799],[-64.33688673773477,48.754377993439846],[-64.15688313766276,48.62235710198203],[-64.27208544170885,48.605431346666904],[-64.27928558571173,48.554654080721605],[-64.1856837136743,48.52080257009138],[-64.30808616172325,48.46325500202002],[-64.31528630572613,48.41924803820075],[-64.71849436988741,48.338004412688235],[-64.69689393787877,48.310923204184064],[-64.76889537790757,48.19582806804135],[-64.96329926598533,48.18567261485228],[-64.94889897797957,48.14166565103301],[-65.27290545810918,48.01302991063821],[-65.45290905818118,47.999489306386124],[-65.50331006620134,48.050266572331424],[-65.81291625832517,48.11796959359185],[-65.89211784235685,48.172132010600194],[-65.89211784235685,48.21952412548248],[-66.07932158643175,48.09765868721374],[-66.29532590651814,48.11458444252884],[-66.26652533050662,48.094273536150695],[-66.29532590651814,48.06380717658351],[-66.46812936258726,48.11796959359185],[-66.54013080261606,48.05703687445748],[-66.84253685073703,47.99610415532308],[-66.94333886677735,47.96225264469288],[-66.95053901078023,47.89793477449547],[-67.04414088281767,47.931786285125696],[-67.18814376287527,47.88439417024338],[-67.32494649892999,47.89793477449547],[-67.36094721894439,47.84038720642411],[-67.6057521150423,47.93517143618871],[-67.61295225904519,47.99610415532308],[-68.1169623392468,48.00287445744914],[-68.1169623392468,47.92501598299964],[-68.37616752335047,47.92501598299964],[-68.37616752335047,47.654203897957956],[-68.38336766735335,47.55941966819336],[-68.57777155543113,47.4240136256725],[-69.03858077161544,47.298763036340716],[-69.04578091561832,47.42062847460949],[-69.2329846596932,47.454479985239686],[-69.98899977999561,46.69282099605991],[-70.01780035600713,46.57095555779114],[-70.04660093201865,46.42539406208124],[-70.19060381207625,46.333994983379654],[-70.2842056841137,46.19181863873277],[-70.22660453209066,46.13765622172443],[-70.30580611612234,46.066568049400985],[-70.27700554011082,46.0530274451489],[-70.31300626012522,45.96839866857334],[-70.2482049640993,45.944702611132215],[-70.25540510810218,45.8973104962499],[-70.41380827616554,45.788985662233216],[-70.39940798815978,45.72128264097282],[-70.55061101222026,45.66034992183842],[-70.72341446828938,45.511403275065476],[-70.63701274025482,45.39292298785975],[-70.79541590831818,45.42677449848995],[-70.83141662833258,45.389537836796706],[-70.80981619632394,45.355686326166506],[-70.84581691633834,45.27782785171701],[-70.87461749234986,45.22705058577171],[-70.96101922038442,45.338760570851406],[-71.09062181243627,45.30152390915816],[-71.15542310846219,45.23720603896075],[-71.29942598851979,45.294753607032135],[-71.38582771655435,45.233820887897735],[-71.45062901258026,45.23720603896075],[-71.4002280045601,45.20335452833055],[-71.42902858057163,45.11534060069201],[-71.50103002060042,45.061178183683666],[-71.5082301646033,45.01378606880135],[-71.9042380847617,45.00701576667532],[-72.54505090101803,45.00701576667532],[-73.18586371727436,45.00701576667532],[-73.34426688533772,45.00701576667532],[-74.02108042160845,44.99009001136022],[-74.73389467789357,44.99347516242324],[-74.5034900698014,45.07133363687271],[-74.4314886297726,45.14919211132221],[-74.3234864697294,45.199969377267536],[-74.48188963779276,45.31506451341025],[-74.3954879097582,45.56556569207382],[-74.64749294985901,45.63665386439726],[-74.87789755795117,45.6400390154603],[-75.45390907818158,45.52494387931756],[-75.84991699833998,45.372612081481606],[-76.07312146242926,45.51478842612852],[-76.18112362247246,45.52155872825455],[-76.33952679053583,45.45724085805713],[-76.60593211864239,45.55202508782173],[-76.66353327066543,45.589261749514975],[-76.71393427868558,45.711127187783745],[-76.78593571871438,45.761904453729045],[-76.80753615072302,45.8634589856197],[-76.90833816676334,45.89054019412387],[-76.9227384547691,45.805911417548344],[-77.00194003880078,45.788985662233216],[-77.20354407088143,45.87699958987179],[-77.27554551091023,45.93793230900616],[-77.31874637492751,46.02594623664473],[-77.55635112702255,46.15119682597651],[-77.67875357507151,46.18504833660671],[-78.70117402348048,46.33738013444267],[-78.75877517550352,46.40169800464008],[-78.95317906358129,46.51002283865677],[-79.15478309566193,46.811301283265635],[-79.3059861197224,46.93993702366046],[-79.44278885577712,47.10919457681152],[-79.44278885577712,47.26491152571049],[-79.57959159183184,47.4409393809876],[-79.51479029580592,47.566189970319385],[-79.5219904398088,48.605431346666904],[-79.5219904398088,48.76453344662892],[-79.53639072781456,50.9581113354667],[-79.35638712774256,50.77869832912657],[-79.34918698373968,50.731306214244256],[-79.32758655173105,50.75838742274843],[-79.38518770375408,50.83624589719793],[-79.42118842376848,50.8802528610172],[-79.53639072781456,50.981807392907854],[-79.53639072781456,51.191686758815166],[-79.54359087181744,51.459113692793835],[-79.50759015180304,51.469269145982906],[-79.55079101582032,51.553897922558434],[-79.35638712774256,51.65545245444906],[-79.24118482369649,51.63514154807095],[-79.28438568771377,51.564053375747505],[-79.27718554371089,51.53020186511728],[-79.1259825196504,51.536972167243334],[-79.02518050361009,51.476039448108935],[-78.93877877557553,51.286470988579765],[-78.95317906358129,51.215382816256295],[-78.84517690353809,51.164605550310995],[-78.91717834356689,51.23230857157142],[-78.90277805556113,51.30678189495788],[-78.82357647152944,51.35078885877715],[-78.88837776755537,51.398180973659464],[-78.7659753195064,51.486194901298006],[-78.68677373547472,51.48280975023499],[-78.82357647152944,51.51327610980218],[-78.8019760395208,51.61144549062979],[-78.94597891957841,51.658837605512105],[-78.93877877557553,51.69607426720532],[-79.03238064761297,51.77731789271783],[-78.83797675953521,51.841635762915246],[-78.89557791155825,51.93980514374286],[-78.74437488749776,51.97365665437306],[-78.6939738794776,52.00750816500329],[-78.70117402348048,52.05490027988557],[-78.63637272745456,52.058285430948615],[-78.65077301546032,52.08536663945276],[-78.57877157543152,52.11244784795693],[-78.53557071141424,52.18015086921736],[-78.55717114342288,52.2343132862257],[-78.4059681193624,52.23769843728874],[-78.44916898337968,52.27154994791894],[-78.55717114342288,52.27154994791894],[-78.49956999139984,52.359563875557484],[-78.54277085541712,52.43742235000698],[-78.50677013540272,52.46111840744814],[-78.56437128742576,52.48481446488927],[-78.54277085541712,52.51528082445648],[-78.7659753195064,52.56605809040178],[-78.6939738794776,52.596524449968996],[-78.729974599492,52.613450205284096],[-78.72277445548912,52.647301715914296],[-78.78037560751216,52.65407201804035],[-78.75157503150064,52.69469383079661],[-78.82357647152944,52.70484928398565],[-78.77317546350928,52.708234435048695],[-78.78037560751216,52.735315643552866],[-78.85237704754097,52.76578200312005],[-78.72277445548912,52.786092909498166],[-78.729974599492,52.82332957119141],[-78.78037560751216,52.81655926906535],[-78.68677373547472,52.880877139262765],[-78.85957719154385,52.87749198819975],[-78.90277805556113,52.92149895201902],[-78.86677733554673,52.96212076477528],[-78.78757575151504,52.96889106690131],[-78.82357647152944,52.97904652009038],[-78.84517690353809,53.012898030720606],[-78.98197963959281,53.02305348390965],[-78.91717834356689,53.05351984347686],[-78.97477949558993,53.07044559879196],[-78.91717834356689,53.16522982855656],[-78.94597891957841,53.18215558387166],[-78.90277805556113,53.19231103706073],[-78.92437848756977,53.219392245564904],[-78.88837776755537,53.22616254769093],[-78.91717834356689,53.246473454069076],[-78.89557791155825,53.26678436044719],[-78.95317906358129,53.28371011576229],[-78.93877877557553,53.37849434552689],[-78.98917978359569,53.4428122157243],[-79.06118122362449,53.43942706466129],[-79.05398107962161,53.45635281997639],[-79.11158223164465,53.50374493485867],[-79.01078021560433,53.530826143362845],[-79.03958079161585,53.50713008592169],[-79.00358007160145,53.49020433060659],[-78.96037920758417,53.513900388047745],[-79.03238064761297,53.56129250293003],[-78.91717834356689,53.56129250293003],[-78.98197963959281,53.61545491993837],[-79.06118122362449,53.59852916462327],[-79.00358007160145,53.64253612844254],[-79.04678093561873,53.6662321858837],[-79.01078021560433,53.6831579411988],[-79.15478309566193,53.70346884757694],[-79.03958079161585,53.730550056081114],[-79.06838136762737,53.764401566711314],[-79.03958079161585,53.784712473089456],[-79.06838136762737,53.801638228404556],[-79.01798035960721,53.82194913478267],[-79.04678093561873,53.835489739034756],[-78.90277805556113,53.81517883265664],[-79.06118122362449,53.8558006454129],[-79.06118122362449,53.8896521560431],[-79.10438208764177,53.90996306242124],[-78.99637992759857,53.913348213484255],[-79.13318266365329,53.957355177303526],[-79.03238064761297,53.947199724114455],[-79.09718194363889,53.96412547942958],[-79.04678093561873,53.974280932618626],[-79.09718194363889,53.97766608368167],[-79.00358007160145,54.0013621411228],[-78.96757935158705,53.99797699005978],[-78.97477949558993,54.0182878964379],[-79.07558151163025,54.03859880281604],[-79.1259825196504,54.08260576663531],[-79.28438568771377,54.08260576663531],[-79.17638352767057,54.085990917698325],[-79.16918338366769,54.11645727726554],[-79.11878237564753,54.10291667301345],[-79.13318266365329,54.12661273045458],[-79.09718194363889,54.129997881517625],[-79.14038280765617,54.14353848576971],[-79.04678093561873,54.18416029852597],[-79.20518410368209,54.15369393895875],[-79.3779875597512,54.19431575171501],[-79.28438568771377,54.24847816872335],[-79.39958799175984,54.26201877297544],[-79.43558871177424,54.27555937722752],[-79.42118842376848,54.302640585731695],[-79.46438928778576,54.302640585731695],[-79.47158943178864,54.363573304866094],[-79.50759015180304,54.37034360699212],[-79.44998899978,54.41773572187441],[-79.50039000780016,54.42112087293745],[-79.4859897197944,54.458357534630665],[-79.55079101582032,54.50574964951298],[-79.5219904398088,54.52267540482808],[-79.60119202384048,54.55652691545828],[-79.5219904398088,54.58699327502549],[-79.57959159183184,54.61068933246662],[-79.629992599852,54.57006751971036],[-79.5939918798376,54.63777054097079],[-79.67319346386928,54.624229936718706],[-79.6659933198664,54.668236900538005],[-79.75959519190386,54.658081447348934],[-79.63719274385488,54.69870326010519],[-79.629992599852,54.73932507286145],[-79.61559231184624,54.712243864357276],[-79.24118482369649,54.813798396247904],[-78.97477949558993,54.84426475581509],[-78.85957719154385,54.9085826260125],[-78.3339666793336,55.040603517470345],[-77.75795515910319,55.28771954507087],[-77.65715314306287,55.368963170583385],[-77.2179443588872,55.595768291805825],[-77.08834176683534,55.70409312582251],[-77.1819436388728,55.690552521570424],[-76.84353687073742,55.92751309598191],[-76.80033600672014,55.99183096617929],[-76.65633312666255,56.05953398743972],[-76.62033240664815,56.184784576771506],[-76.54113082261647,56.29649456185123],[-76.51953039060783,56.40481939586789],[-76.50513010260207,56.8042672213044],[-76.55553111062223,57.034457493589855],[-76.5267305346107,57.1055456659133],[-76.65633312666255,57.40005380839614],[-76.8147362947259,57.623473778555564],[-76.80753615072302,57.667480742374835],[-77.1459429188584,58.022921603992074],[-77.48434968699375,58.16509794863896],[-77.44114882297647,58.188794006080116],[-77.60675213504271,58.2700376315926],[-78.009960199204,58.378362465609285],[-78.009960199204,58.412213976239514],[-78.07476149522992,58.45283578899577],[-78.1179623592472,58.44606548686971],[-78.26916538330768,58.5205388102562],[-78.39876797535952,58.622093342146826],[-78.42756855137104,58.605167586831726],[-78.32676653533072,58.5374645655713],[-78.38436768735376,58.54084971663431],[-78.47076941538832,58.611937888957755],[-78.57157143142864,58.61532304002077],[-78.54997099942,58.65933000384007],[-78.57157143142864,58.672870608092154],[-78.47076941538832,58.70333696765934],[-78.54997099942,58.76765483785675],[-78.49236984739696,58.777810291045796],[-78.48516970339408,58.82181725486507],[-78.54997099942,58.90983118250364],[-78.52837056741136,58.94029754207082],[-78.57157143142864,58.96060844844894],[-78.44916898337968,58.90983118250364],[-78.43476869537392,58.95383814632291],[-78.36276725534512,58.95722329738592],[-78.36276725534512,58.91321633356665],[-78.34116682333648,58.91321633356665],[-78.24756495129904,58.99107480801615],[-78.31956639132784,58.984304505890094],[-78.26916538330768,59.01815601652032],[-78.28356567131344,59.04862237608751],[-78.20436408728176,59.05200752715052],[-78.21876437528752,59.106169944158864],[-78.17556351127024,59.08585903778075],[-78.12516250325008,59.10955509522188],[-78.1539630792616,59.15356205904115],[-78.08916178323568,59.15694721010419],[-78.09636192723856,59.21449477817555],[-77.82995659913199,59.28219779943598],[-77.88755775115503,59.30927900794015],[-77.77955559111183,59.322819612192234],[-77.76515530310607,59.35328597175942],[-77.80115602312047,59.37021172707452],[-77.68595371907439,59.393907784515676],[-77.77955559111183,59.427759295145876],[-77.90915818316367,59.41421869089379],[-77.85155703114063,59.444685050461004],[-77.86595731914639,59.49884746746932],[-77.72195443908879,59.539469280225575],[-77.71475429508591,59.62071290573809],[-77.80115602312047,59.67487532274643],[-77.74355487109743,59.69180107806153],[-77.77235544710895,59.70872683337666],[-77.67155343106863,59.67487532274643],[-77.57075141502831,59.69518622912457],[-77.46994939898799,59.634253509990174],[-77.45554911098223,59.58009109298183],[-77.31154623092463,59.566550488729746],[-77.44114882297647,59.600401999359974],[-77.45554911098223,59.66471986955736],[-77.54195083901679,59.688415926998516],[-77.49154983099663,59.71211198443967],[-77.53475069501391,59.756118948258944],[-77.46994939898799,59.74257834400686],[-77.4339486789736,59.783200156763115],[-77.29714594291887,59.79335560995219],[-77.3619472389448,59.8915249907798],[-77.42674853497071,59.91522104822096],[-77.29714594291887,59.96599831416626],[-77.3259465189304,59.98969437160741],[-77.23954479089583,59.99307952267043],[-77.31154623092463,60.01339042904857],[-77.20354407088143,60.043856788615756],[-77.18914378287568,60.08447860137201],[-77.05954119082382,60.06416769499387],[-76.9587391747835,60.10140435668711],[-76.85793715874318,60.10140435668711],[-76.78593571871438,60.06755284605691],[-76.83633672673454,60.1149449609392],[-76.75713514270286,60.15895192475847],[-76.9227384547691,60.111559809876184],[-77.20354407088143,60.15218162263244],[-77.10274205484112,60.10817465881317],[-77.26114522290447,60.11833011200221],[-77.23234464689295,60.05401224180483],[-77.31874637492751,60.03031618436367],[-77.35474709494191,60.060782543930856],[-77.4339486789736,60.0370864864897],[-77.62835256705135,60.06416769499387],[-77.55635112702255,60.12510041412827],[-77.40514810296207,60.1318707162543],[-77.54915098301967,60.19618858645171],[-77.46994939898799,60.21311434176681],[-77.57075141502831,60.260506456649125],[-77.54195083901679,60.28420251409025],[-77.62115242304847,60.267276758775154],[-77.59955199103983,60.33159462897257],[-77.74355487109743,60.39252734810694],[-77.74355487109743,60.422993707674124],[-77.57795155903119,60.50085218212362],[-77.55635112702255,60.54147399487988],[-77.41234824696495,60.544859145942894],[-77.54915098301967,60.571940354447065],[-77.67155343106863,60.54824429700591],[-77.83715674313487,60.63964337570749],[-77.60675213504271,60.75812366291325],[-77.74355487109743,60.76489396503928],[-77.51315026300527,60.83598213736272],[-77.88755775115503,60.75135336078719],[-77.85875717514351,60.79197517354345],[-77.96675933518672,60.79197517354345],[-77.89475789515791,60.82921183523669],[-78.189963799276,60.788590022480435],[-78.16116322326448,60.866448496929934],[-77.94515890317807,61.005239690513804],[-77.80835616712335,61.05263180539609],[-77.78675573511471,61.1508011862237],[-77.69315386307727,61.20157845216903],[-77.75075501510031,61.2286596606732],[-77.72195443908879,61.265896322366416],[-77.79395587911759,61.455464781895614],[-77.70035400708015,61.42499842232843],[-77.67875357507151,61.46223508402167],[-77.56355127102543,61.4690053861477],[-77.54915098301967,61.4859311414628],[-77.67155343106863,61.51978265209303],[-77.62115242304847,61.560404464849285],[-77.47714954299087,61.54009355847114],[-77.62835256705135,61.5807153712274],[-77.59235184703695,61.604411428668556],[-77.70755415108303,61.604411428668556],[-77.78675573511471,61.699195658433155],[-77.90195803916079,61.68565505418107],[-78.00276005520112,61.733047169063354],[-78.00276005520112,61.78043928394567],[-78.0819616392328,61.865068060521196],[-78.0819616392328,61.949696837096724],[-78.13956279125584,62.010629556231095],[-78.16116322326448,62.16973165619311],[-78.1539630792616,62.27805649020979],[-78.02436048720976,62.393151626352505],[-77.70035400708015,62.471010100802005],[-77.48434968699375,62.58949038800773],[-77.41954839096783,62.58949038800773],[-77.37634752695055,62.55225372631452],[-77.04514090281806,62.51840221568429],[-76.95153903078062,62.53532797099939],[-76.14512290245806,62.37961102210042],[-76.0947218944379,62.33898920934416],[-75.9507190143803,62.349144662533234],[-75.64831296625934,62.29159709446188],[-75.5907118142363,62.26451588595771],[-75.83551671033422,62.18665741150821],[-75.89311786235726,62.159576203004036],[-75.82831656633134,62.159576203004036],[-75.48990979819598,62.29498224552489],[-75.32430648612973,62.31190800083999],[-75.15150303006061,62.28482679233582],[-75.15150303006061,62.227279224264464],[-75.06510130202605,62.26790103702072],[-74.92829856597133,62.24759013064261],[-74.7626952539051,62.14603559875195],[-74.55389107782158,62.105413785995694],[-74.74829496589933,62.19004256257122],[-74.7266945338907,62.244204979579564],[-74.40988819776396,62.25097528170562],[-74.28028560571212,62.32206345402906],[-73.9994799895998,62.359300115722306],[-73.86987739754797,62.45746949654992],[-73.67547350947021,62.48116555399105],[-73.56027120542412,62.376225871037406],[-73.387467749355,62.36945556891135],[-73.21466429328588,62.31190800083999],[-73.207464149283,62.26113073489469],[-73.0634612692254,62.18327226044519],[-72.90505810116204,62.142650447688936],[-72.94105882117644,62.11895439024778],[-72.78265565311307,62.105413785995694],[-72.8114562291246,62.13926529662592],[-72.73945478909579,62.142650447688936],[-72.62425248504971,62.115569239184765],[-72.61705234104683,62.09187318174361],[-72.66025320506411,62.05802167111341],[-72.59545190903819,62.04786621792434],[-72.61705234104683,62.03432561367225],[-72.60265205304107,61.97000774347484],[-72.68185363707275,61.949696837096724],[-72.68185363707275,61.898919571151396],[-72.79705594111884,61.83460170095401],[-72.66745334906699,61.87860866477328],[-72.66745334906699,61.848142305206096],[-72.59545190903819,61.8041353413868],[-72.63865277305547,61.90230472221444],[-72.59545190903819,61.94292653497067],[-72.20664413288267,61.86168290945818],[-72.127442548851,61.80075019032378],[-72.19944398887979,61.79059473713471],[-72.22824456489131,61.74997292437848],[-72.14904298085963,61.7533580754415],[-72.06264125282507,61.7364323201264],[-71.99063981279627,61.675499600992],[-72.08424168483371,61.5976411265425],[-72.23544470889419,61.61795203292064],[-72.30024600492011,61.56717476697531],[-72.21384427688555,61.5976411265425],[-72.08424168483371,61.58410052229044],[-71.9834396687934,61.60102627760554],[-71.93303866077322,61.66195899673991],[-71.95463909278187,61.70596596055918],[-71.67383347666954,61.6585738456769],[-71.57303146062922,61.604411428668556],[-71.55143102862058,61.560404464849285],[-71.85383707674154,61.5299381052821],[-71.78903578071562,61.52316780315604],[-71.7962359247185,61.49270144358886],[-71.74583491669834,61.465620235084685],[-71.88983779675594,61.43176872445446],[-71.58743174863498,61.40807266701333],[-71.6882337646753,61.36745085425707],[-71.82503650073002,61.3742211563831],[-71.78903578071562,61.357295401068],[-71.81783635672714,61.34713994787893],[-71.66663333266666,61.326829041500815],[-71.7242344846897,61.28620722874456],[-71.60183203664074,61.25574086917737],[-71.63063261265226,61.204963603232045],[-71.57303146062922,61.215119056421116],[-71.5802316046321,61.15418633728672],[-71.51543030860618,61.160956639412774],[-71.52983059661194,61.215119056421116],[-71.4722294445889,61.221889358547145],[-71.37142742854859,61.1169496755935],[-71.3642272845457,61.14741603516069],[-71.21302426048523,61.1677269415388],[-71.19142382847659,61.1169496755935],[-71.17702354047083,61.14064573303463],[-71.01142022840457,61.12033482665652],[-70.92501850037002,61.10340907134142],[-70.93941878837578,61.0729427117742],[-70.81701634032682,61.06278725858516],[-70.76661533230666,61.049246654333075],[-70.78101562031242,61.07971301390026],[-70.7522150443009,61.083098164963275],[-70.65861317226346,61.049246654333075],[-70.6802136042721,61.022165445828904],[-70.55061101222026,61.00862484157682],[-70.56501130022602,61.04247635220702],[-70.52901058021162,61.05940210752212],[-70.4282085641713,61.022165445828904],[-70.44260885217706,61.05263180539609],[-70.40660813216266,61.0560169564591],[-70.41380827616554,61.08648331602629],[-70.34900698013962,61.06278725858516],[-70.32740654813098,61.093253618152346],[-70.2482049640993,61.066172409648175],[-70.14740294805897,61.083098164963275],[-70.10420208404169,61.05940210752212],[-70.16180323606473,61.01539514370285],[-70.09700194003881,61.00862484157682],[-70.11140222804457,60.98492878413566],[-70.08260165203305,60.954462424568476],[-70.08980179603593,60.89691485649712],[-70.14740294805897,60.87998910118202],[-70.06820136402729,60.87660395011898],[-70.06100122002441,60.84275243948878],[-69.92419848396969,60.80890092885855],[-69.85219704394089,60.84613759055179],[-69.93139862797257,60.849522741614805],[-69.75859517190345,60.91722576287523],[-69.73699473989481,60.87998910118202],[-69.65779315586313,60.87660395011898],[-69.64339286785737,60.90368515862315],[-69.68659373187465,60.961232726694504],[-69.65779315586313,61.05263180539609],[-69.60019200384009,61.083098164963275],[-69.51379027580553,61.06955756071119],[-69.42738854777097,60.92399606500129],[-69.36258725174505,60.90707030968616],[-69.39138782775657,60.87321879905596],[-69.36978739574793,60.81228607992159],[-69.71539430788617,60.683650339526764],[-69.68659373187465,60.64302852677051],[-69.69379387587753,60.599021562951236],[-69.65779315586313,60.57532550551008],[-69.82339646792937,60.52454823956478],[-69.75139502790057,60.460230369367366],[-69.77299545990921,60.416223405548095],[-69.72979459589193,60.406067952359024],[-69.72259445188905,60.36544613960277],[-69.76579531590633,60.311283722594425],[-69.60739214784297,60.233425248144954],[-69.65059301186025,60.182647982199626],[-69.59299185983721,60.17926283113661],[-69.62179243584873,60.06755284605691],[-69.71539430788617,60.04047163755274],[-69.84499689993801,60.06416769499387],[-69.83779675593513,60.02354588223761],[-69.77299545990921,60.0032349758595],[-69.79459589191785,59.98969437160741],[-70.33460669213386,60.026931033300656],[-70.31300626012522,60.00662012692251],[-70.55781115622314,59.99307952267043],[-71.03302066041321,60.060782543930856],[-70.56501130022602,59.9693834652293],[-70.22660453209066,59.9863092205444],[-70.06100122002441,59.94568740778814],[-69.72979459589193,59.96261316310324],[-69.71539430788617,59.92537650141],[-69.75859517190345,59.90168044396887],[-69.56419128382569,59.86782893333864],[-69.61459229184585,59.783200156763115],[-69.54259085181705,59.762889250385],[-69.65059301186025,59.69857138018759],[-69.52099041980841,59.654564416368316],[-69.57139142782857,59.5902465461709],[-69.67939358787177,59.56316533766673],[-69.75139502790057,59.50900292065839],[-69.75859517190345,59.48192171215422],[-69.70099401988041,59.48192171215422],[-69.64339286785737,59.41760384195683],[-69.66499329986601,59.38713748238962],[-69.62899257985161,59.37359687813753],[-69.75859517190345,59.31943446112919],[-69.62899257985161,59.29912355475108],[-69.41298825976521,59.35667112282243],[-69.36258725174505,59.339745367507334],[-69.36978739574793,59.305893856877105],[-69.24738494769896,59.322819612192234],[-69.2689853797076,59.28219779943598],[-69.2329846596932,59.238190835616706],[-69.29058581171624,59.20772447604949],[-69.36978739574793,59.24157598667972],[-69.37698753975081,59.19079872073439],[-69.4201884037681,59.19079872073439],[-69.4201884037681,59.22465023136462],[-69.47058941178825,59.21449477817555],[-69.54259085181705,59.167102663293235],[-69.53539070781417,59.10955509522188],[-69.49938998779977,59.106169944158864],[-69.46338926778537,59.12986600160002],[-69.3409868197364,59.09262933990678],[-69.44178883577673,59.02154116758334],[-69.50659013180265,59.06893328246562],[-69.4561891237825,58.89290542718854],[-69.52099041980841,58.88613512506248],[-69.54979099581993,58.80827665061298],[-69.67219344386889,58.79135089529788],[-69.71539430788617,58.86582421868437],[-69.67219344386889,58.89290542718854],[-69.67219344386889,58.93014208888175],[-69.71539430788617,58.91998663569271],[-69.70819416388329,58.97414905270102],[-69.75859517190345,58.99107480801615],[-69.78739574791497,58.967378750574994],[-69.86659733194665,59.05200752715052],[-69.85939718794377,58.984304505890094],[-69.89539790795817,58.95722329738592],[-69.80899617992361,58.933527239944794],[-69.79459589191785,58.828587556991124],[-69.89539790795817,58.872594520810395],[-69.90259805196105,58.828587556991124],[-70.2482049640993,58.77103998891977],[-70.03940078801577,58.733803327226525],[-69.91699833996681,58.77442513998278],[-69.92419848396969,58.69318151447027],[-69.80179603592073,58.70333696765934],[-69.87379747594953,58.64240424852494],[-69.81619632392649,58.588241831516626],[-69.70099401988041,58.69656666553328],[-69.64339286785737,58.69656666553328],[-69.60739214784297,58.75411423360467],[-69.50659013180265,58.77442513998278],[-69.34818696373928,58.872594520810395],[-69.13218264365288,58.90306088037758],[-68.88737774755496,58.87597967187341],[-68.764975299506,58.91998663569271],[-68.39056781135623,58.811661801676024],[-68.35456709134183,58.77442513998278],[-68.38336766735335,58.69656666553328],[-68.32576651533032,58.6661003059661],[-68.34736694733895,58.60178243576868],[-68.27536550731016,58.59162698257964],[-68.28976579531592,58.52392396131921],[-68.19616392327848,58.54084971663431],[-68.22496449929,58.39867337198743],[-68.31856637132744,58.24295642308843],[-68.34736694733895,58.127861286945716],[-68.46976939538791,58.0466176614332],[-68.96657933158664,57.95860373379466],[-69.20418408368168,57.867204655093076],[-69.36978739574793,57.76565012320245],[-68.95217904358088,57.93829282741652],[-68.404968099362,58.039847359307174],[-68.31136622732456,58.10416522950456],[-68.30416608332168,58.195564308206144],[-68.23216464329288,58.256497027340515],[-68.16736334726696,58.41559912730253],[-68.17456349126984,58.490072450688984],[-68.12416248324968,58.52730911238223],[-68.02336046720936,58.51376850813014],[-68.00176003520072,58.57470122726454],[-67.95855917118344,58.55777547194941],[-67.95855917118344,58.51038335706713],[-67.89375787515752,58.500227903878056],[-67.92255845116904,58.40205852305044],[-67.85775715514312,58.3140445954119],[-67.89375787515752,58.2531118762775],[-68.09536190723816,58.13801674013479],[-68.13136262725256,58.073698869937374],[-68.0089601792036,58.13124643800873],[-67.95135902718056,58.212490063521244],[-67.864957299146,58.23280096989939],[-67.80015600312008,58.29711884009677],[-67.8289565791316,58.330970350727],[-67.78575571511432,58.46299124218481],[-67.73535470709416,58.46299124218481],[-67.67055341106824,58.42913973155461],[-67.70655413108264,58.38174761667233],[-67.69215384307688,58.35466640816816],[-67.73535470709416,58.327585199663986],[-67.72815456309128,58.283578235844686],[-67.64175283505672,58.24972672521449],[-67.70655413108264,58.161712797575944],[-67.67055341106824,58.07031371887436],[-67.73535470709416,57.96537403592069],[-67.70655413108264,57.92475222316443],[-67.70655413108264,57.98229979123582],[-67.63455269105384,58.04323251037019],[-67.65615312306248,58.12109098481969],[-67.48334966699335,58.27342278265564],[-67.37534750695015,58.27680793371866],[-67.16654333086663,58.378362465609285],[-67.08734174683495,58.351281257105114],[-67.05854117082343,58.38851791879836],[-67.08014160283207,58.41898427836554],[-67.00814016280327,58.4257545804916],[-66.94333886677735,58.50361305494107],[-66.87853757075143,58.47991699749994],[-66.90013800276007,58.44606548686971],[-66.84973699473991,58.4257545804916],[-66.80653613072263,58.49345760175203],[-66.61933238664774,58.48668729962597],[-66.6697333946679,58.53069426344524],[-66.61933238664774,58.54762001876037],[-66.61933238664774,58.605167586831726],[-66.58333166663334,58.6322487953359],[-66.5977319546391,58.672870608092154],[-66.5617312346247,58.672870608092154],[-66.55453109062182,58.71010726978537],[-66.46092921858438,58.72026272297444],[-66.4897297945959,58.75411423360467],[-66.46812936258726,58.81843210380205],[-66.35292705854118,58.84212816124321],[-66.10812216244327,58.72026272297444],[-66.07212144242887,58.649174550651],[-66.00012000240007,58.655944852777026],[-65.9857197143943,58.622093342146826],[-65.93531870637415,58.605167586831726],[-66.0217204344087,58.49684275281504],[-65.99291985839719,58.40544367411346],[-66.08652173043463,58.3648218613572],[-66.06492129842599,58.32081489753793],[-66.04332086641735,58.36820701242024],[-65.96411928238567,58.39190306986137],[-65.92091841836839,58.44606548686971],[-65.97851957039143,58.483302148562956],[-65.90651813036261,58.53069426344524],[-65.88491769835397,58.58147152939057],[-65.82731654633093,58.5713160762015],[-65.93531870637415,58.64240424852494],[-65.94971899437991,58.6830260612812],[-66.02892057841159,58.689796363407254],[-66.04332086641735,58.75749938466768],[-66.10092201844039,58.77442513998278],[-66.0217204344087,58.862439067621324],[-65.97131942638855,58.82520240592811],[-65.79851597031941,58.84889846336924],[-65.99291985839719,58.899675729314566],[-65.84891697833957,58.94706784419685],[-65.8777175543511,59.011385714394265],[-65.67611352227046,58.92675693781874],[-65.67611352227046,58.96399359951198],[-65.79131582631653,59.00461541226824],[-65.74091481829637,59.01815601652032],[-65.77691553831077,59.028311469709365],[-65.6617132342647,59.04523722502449],[-65.50331006620134,58.984304505890094],[-65.58251165023302,59.04862237608751],[-65.31610632212646,59.04185207396145],[-65.54651093021862,59.10278479309585],[-65.64011280225606,59.06893328246562],[-65.71211424228485,59.14679175691512],[-65.68331366627334,59.19418387179741],[-65.74091481829637,59.211109627112535],[-65.74091481829637,59.26527204412088],[-65.67611352227046,59.261886893057834],[-65.5897117942359,59.18741356967138],[-65.61131222624454,59.25173143986879],[-65.48890977819558,59.255116590931806],[-65.56811136222726,59.30250870581409],[-65.56811136222726,59.376982029200576],[-65.35930718614374,59.27881264837296],[-65.4457089141783,59.349900820696405],[-65.43130862617254,59.40406323770475],[-65.38090761815238,59.400678086641705],[-65.49610992219846,59.43452959727193],[-65.46730934618694,59.444685050461004],[-65.53931078621574,59.488692014280275],[-65.18650373007462,59.45822565471309],[-65.12890257805158,59.40744838876776],[-64.98489969799397,59.376982029200576],[-65.22250445008902,59.488692014280275],[-65.4097081941639,59.50900292065839],[-65.54651093021862,59.73580804188083],[-65.46730934618694,59.75950409932196],[-65.49610992219846,59.78997045888917],[-65.3737074741495,59.7967407610152],[-65.38090761815238,59.82382196951937],[-65.33050661013222,59.84751802696053],[-65.15050301006022,59.7798150057001],[-64.98489969799397,59.762889250385],[-65.20810416208326,59.83397742270844],[-65.2297045940919,59.88475468865374],[-65.13610272205446,59.86782893333864],[-65.20810416208326,59.91860619928397],[-65.15050301006022,59.921991350346985],[-65.13610272205446,59.95245770991417],[-65.06410128202566,59.93553195459907],[-65.1217024340487,59.97276861629231],[-65.06410128202566,59.97615376735533],[-65.12890257805158,60.01000527798553],[-65.1217024340487,60.043856788615756],[-65.07130142602854,60.033701335426684],[-65.02810056201125,60.06755284605691],[-65.06410128202566,60.0980192056241],[-64.99209984199685,60.11833011200221],[-64.99209984199685,60.148796471569426],[-64.94169883397669,60.189418284325654],[-64.87689753795077,60.20634403964078],[-64.95609912198245,60.25712130558608],[-64.86249724994501,60.29774311834234],[-64.83369667393349,60.36206098853975],[-64.63929278585573,60.34513523322465],[-64.53129062581253,60.30112826940538],[-64.85529710594213,60.260506456649125],[-64.85529710594213,60.22326979495588],[-64.76889537790757,60.1758776800736],[-64.63929278585573,60.17926283113661],[-64.59609192183845,60.111559809876184],[-64.73289465789317,60.10478950775013],[-64.70409408188165,60.06416769499387],[-64.79769595391909,60.04047163755274],[-64.90569811396229,60.04724193967877],[-64.84809696193925,59.96261316310324],[-64.65369307386149,59.92876165247304],[-64.66089321786437,59.88475468865374],[-64.76889537790757,59.88136953759073],[-64.74729494589893,59.844132875897486],[-64.81209624192485,59.82043681845636],[-64.77609552191045,59.69857138018759],[-64.82649652993061,59.532698978099546],[-64.70409408188165,59.444685050461004],[-64.43048860977221,59.52931382703653],[-64.33688673773477,59.495462316406304],[-64.50249004980101,59.43452959727193],[-64.48808976179525,59.39729293557869],[-64.53849076981541,59.37359687813753],[-64.50249004980101,59.339745367507334],[-64.53849076981541,59.28558295049899],[-64.50969019380389,59.24834628880575],[-64.53129062581253,59.19756902286045],[-64.49528990579813,59.16033236116721],[-64.49528990579813,59.10278479309585],[-64.36568731374629,59.072318433528665],[-64.2936858737175,59.01815601652032],[-64.41608832176645,58.98091935482708],[-64.65369307386149,59.028311469709365],[-64.71849436988741,59.06893328246562],[-64.82649652993061,59.03169662077241],[-64.86249724994501,58.99107480801615],[-64.84089681793637,58.95722329738592],[-64.87689753795077,58.92675693781874],[-64.81209624192485,58.90983118250364],[-64.71849436988741,58.94368269313384],[-64.56729134582693,58.88613512506248],[-64.30088601772037,58.882749973999466],[-64.2576851537031,58.84889846336924],[-64.2576851537031,58.777810291045796],[-64.15688313766276,58.743958780415596],[-63.9984799695994,58.81843210380205],[-63.84007680153604,58.828587556991124],[-63.76807536150724,58.872594520810395],[-63.588071761435245,58.845513312306224],[-63.480069601392046,58.74734393147861],[-63.573671473429485,58.716877571911425],[-64.04888097761956,58.67625575915517],[-64.09928198563972,58.60855273789474],[-64.08488169763396,58.5543903208864],[-64.02008040160804,58.5205388102562],[-63.8904778095562,58.56454577407547],[-63.8184763695274,58.46976154431087],[-64.15688313766276,58.3478961060421],[-64.21448428968581,58.2361861209624],[-64.39448788975781,58.18202370395406],[-64.43048860977221,58.08723947418946],[-64.20728414568293,58.03307705718112],[-64.21448428968581,57.978914640172775],[-64.05608112162244,57.76903527426546],[-64.02008040160804,57.77242042532848],[-64.00568011360228,57.81304223808473],[-63.9264785295706,57.796116482769634],[-63.8904778095562,57.73179861257222],[-63.82567651353028,57.69117679981599],[-63.76807536150724,57.73179861257222],[-63.703274065481324,57.66409559131182],[-63.652873057461164,57.73179861257222],[-63.595271905438125,57.73518376363526],[-63.609672193443885,57.66409559131182],[-63.724874497489964,57.60316287217742],[-63.76807536150724,57.572696512610236],[-63.76087521750436,57.48129743390865],[-63.710474209484204,57.372972599891966],[-63.84007680153604,57.32558048500968],[-63.87607752155044,57.24433685949717],[-63.8544770895418,57.19355959355184],[-63.81127622552452,57.278188370127396],[-63.739274785495724,57.234181406308096],[-63.78967579351588,57.1664783850477],[-63.78967579351588,57.112315968039354],[-63.87607752155044,57.06492385315704],[-63.86167723354468,56.9938356808336],[-63.91927838556772,56.929517810636185],[-63.86887737754756,56.878740544690885],[-64.00568011360228,56.851659336186714],[-63.99127982559652,56.7873414659893],[-64.08488169763396,56.767030559611186],[-64.12808256165124,56.7094829915398],[-63.94807896157924,56.55038089157782],[-63.94087881757636,56.479292719254374],[-63.86887737754756,56.43867090649812],[-63.97687953759076,56.411589697993946],[-64.17128342566852,56.428515453309046],[-64.11368227364548,56.391278791615804],[-64.1064821296426,56.33034607248143],[-64.13528270565412,56.30326486397726],[-64.08488169763396,56.25925790015799],[-63.97687953759076,56.25925790015799],[-63.87607752155044,56.218636087401734],[-64.01288025760516,56.16108851933038],[-64.02008040160804,56.07645974275485],[-63.84727694553892,56.12046670657412],[-63.88327766555332,56.07645974275485],[-63.78967579351588,56.03922308106161],[-63.444068881377646,56.02229732574651],[-63.696073921478444,55.941053700233994],[-63.717674353487084,55.85981007472148],[-63.487269745394926,55.69732282369645],[-63.451269025380526,55.59915344286884],[-63.30006600132003,55.52468011948238],[-63.141662833256675,55.5280652705454],[-63.177663553271074,55.41974043652871],[-63.098461969239395,55.34865226420527],[-63.177663553271074,55.29787499825994],[-63.516070321406445,55.18277986211723],[-63.566471329426605,55.06091442384846],[-63.436868737374766,54.97290049620992],[-63.667273345466924,54.61068933246662],[-63.97687953759076,54.62761508778175],[-64.32248644972901,54.75286567711353],[-64.40168803376069,54.75286567711353],[-64.55289105782117,54.719014166483305],[-64.81209624192485,54.74948052605049],[-65.1217024340487,54.69531810904218],[-65.4457089141783,54.746095374987476],[-65.69051381027622,54.712243864357276],[-65.83451669033381,54.830724151563004],[-65.85611712234245,54.9085826260125],[-65.95691913838279,54.92889353239062],[-66.03612072241447,54.9085826260125],[-66.2377247544951,54.99321140258803],[-66.57613152263046,55.25048288337766],[-66.68413368267366,55.25386803444067],[-66.69133382667654,55.30126014932296],[-66.77773555471111,55.3384968110162],[-66.84253685073703,55.324956206764114],[-66.69133382667654,55.20309076849534],[-66.7417348346967,55.17600955999117],[-66.76333526670534,55.10492138766773],[-66.66253325066502,54.979670798335945],[-66.73453469069382,54.94920443876876],[-66.67693353867078,54.89504202176042],[-66.60493209864198,54.79010233880675],[-66.71293425868518,54.78333203668072],[-66.69853397067942,54.74271022392446],[-66.7417348346967,54.73255477073539],[-66.95053901078023,54.80025779199582],[-67.02974059481191,54.89842717282343],[-67.29614592291847,55.00675200684012],[-67.27454549090983,55.067684725974516],[-67.42574851497031,55.07106987703753],[-67.45454909098183,55.0202926110922],[-67.36094721894439,54.8747311153823],[-67.26014520290407,54.823953849436975],[-67.31054621092423,54.78333203668072],[-67.18814376287527,54.719014166483305],[-67.21694433888679,54.668236900538005],[-67.03694073881479,54.62084478565569],[-67.21694433888679,54.607304181403606],[-67.30334606692135,54.50574964951298],[-67.49054981099623,54.58360812396245],[-67.59855197103943,54.56668236864735],[-67.63455269105384,54.47866844100881],[-67.58415168303367,54.41773572187441],[-67.59855197103943,54.36695845592911],[-67.49774995499911,54.312796038920766],[-67.53375067501351,54.24847816872335],[-67.48334966699335,54.23493756447127],[-67.63455269105384,54.174004845336896],[-67.77855557111144,54.0622948602572],[-67.73535470709416,54.0013621411228],[-67.6057521150423,53.92688881773634],[-67.59135182703655,53.8558006454129],[-67.43294865897319,53.7779421709634],[-67.49054981099623,53.60529946674933],[-67.14494289885799,53.540981596551916],[-67.13054261085223,53.46312312210242],[-67.06574131482631,53.42927161147222],[-67.06574131482631,53.385264647652946],[-66.98653973079463,53.402190402968046],[-66.90733814676295,53.341257683833646],[-66.99373987479751,53.19569618812375],[-66.95053901078023,53.11106741154822],[-66.97933958679175,53.02643863497269],[-67.08014160283207,52.94858016052319],[-67.05854117082343,52.80640381587631],[-67.09454189083783,52.72854534142681],[-67.06574131482631,52.698078981859624],[-66.8929378587572,52.67438292441847],[-66.87133742674855,52.74885624780495],[-66.81373627472551,52.664227471229395],[-66.6697333946679,52.725160190363795],[-66.64813296265926,52.94519500946018],[-66.5257305146103,52.941809858397164],[-66.47532950659014,53.03320893709872],[-66.3457269145383,52.975661369027364],[-66.26652533050662,52.87749198819975],[-66.3817276345527,52.836870175443494],[-66.33132662653254,52.735315643552866],[-66.43212864257286,52.70484928398565],[-66.43212864257286,52.61006505422105],[-66.37452749054982,52.54236203296065],[-66.44652893057862,52.53220657977158],[-66.36012720254406,52.4069559904398],[-66.46092921858438,52.36633417768354],[-66.4897297945959,52.3121717606752],[-66.43932878657574,52.2004617755955],[-66.33852677053542,52.136143905398086],[-66.30252605052102,52.22415783303666],[-66.31692633852678,52.28847570323404],[-66.2737254745095,52.3121717606752],[-66.17292345846919,52.220772681973614],[-66.06492129842599,52.2173875309106],[-66.06492129842599,52.119218150082986],[-65.91371827436551,52.05151512882256],[-65.79851597031941,52.04135967563349],[-65.79851597031941,52.09552209264183],[-65.75531510630213,52.11244784795693],[-65.56811136222726,52.048129977759544],[-65.53931078621574,52.122603301146],[-65.45290905818118,52.20723207772153],[-65.10730214604294,52.169995416028314],[-64.85529710594213,52.02104876925537],[-64.84809696193925,51.92964969055379],[-64.58889177783557,51.82809515866316],[-64.59609192183845,51.797628799095975],[-64.71849436988741,51.74685153315065],[-64.70409408188165,51.692689116142304],[-64.60329206584133,51.641911850196976],[-64.58169163383269,51.55728307362145],[-64.44488889777797,51.66899305870115],[-64.26488529770597,51.74008123102459],[-64.35848716974341,51.85179121610432],[-64.31528630572613,51.90256848204962],[-64.32968659373189,51.96688635224703],[-64.27208544170885,52.00412301394027],[-64.2936858737175,52.04474482669653],[-64.2576851537031,52.12937360327206],[-64.11368227364548,52.153069660713186],[-64.12808256165124,52.28170540110801],[-64.08488169763396,52.37310447980957],[-64.20728414568293,52.54913233508668],[-64.1784835696714,52.61006505422105],[-64.20008400168005,52.67099777335545],[-64.15688313766276,52.73870079461588],[-64.20008400168005,52.78947806056118],[-64.17128342566852,52.85041077969558],[-64.07768155363108,52.880877139262765],[-63.962479249585,52.86733653501068],[-63.98407968159364,52.93503955627111],[-63.91927838556772,52.975661369027364],[-63.9264785295706,53.07721590091799],[-63.696073921478444,53.114452562611234],[-63.631272625452524,53.09414165623312],[-63.624072481449645,53.04336439028779],[-63.544870897417965,52.97227621796435],[-63.595271905438125,52.769167154183066],[-63.422468449369006,52.708234435048695],[-63.37926758535173,52.65068686697731],[-63.84007680153604,52.61683535634711],[-63.96967939358788,52.569443241464825],[-64.08488169763396,52.47127386063718],[-64.02728054561092,52.43403719894397],[-63.97687953759076,52.4577332563851],[-63.93367867357348,52.41711144362887],[-63.9264785295706,52.38325993299864],[-64.01288025760516,52.386645084061655],[-63.98407968159364,52.36294902662053],[-63.94087881757636,52.264779645792885],[-63.652873057461164,52.125988452209015],[-63.638472769455404,52.04135967563349],[-63.82567651353028,52.0718260352007],[-63.75367507350148,52.00073786287723],[-57.36714734294688,52.00073786287723],[-57.10074201484031,52.00073786287723],[-57.10074201484031,51.41172157791155]]]}},{"type":"Feature","properties":{"name":"Newfoundland and Labrador","cartodb_id":5,"created_at":"2014-10-16T13:22:00Z","updated_at":"2014-10-16T13:22:00Z"},"geometry":{"type":"MultiPolygon","coordinates":[[[[-64.53129062581253,60.30112826940538],[-64.38728774575493,60.23681039920797],[-64.61049220984421,60.29097281621631],[-64.76169523390469,60.23004009708191],[-64.55289105782117,60.26389160771214],[-64.46648932978661,60.2266549460189],[-64.56009120182405,60.172492529010555],[-64.40888817776357,60.21988464389287],[-64.42328846576933,60.1928034353887],[-64.38008760175205,60.15895192475847],[-64.48808976179525,60.1149449609392],[-64.46648932978661,60.081093450309],[-64.62489249784997,60.07093799711993],[-64.82649652993061,59.9863092205444],[-64.60329206584133,60.050627090741784],[-64.45928918578373,60.060782543930856],[-64.37288745774917,60.12510041412827],[-64.37288745774917,60.07432314818294],[-64.41608832176645,60.06416769499387],[-64.37288745774917,60.043856788615756],[-64.38728774575493,60.01339042904857],[-64.58889177783557,60.0032349758595],[-64.39448788975781,59.97276861629231],[-64.39448788975781,59.938917105662085],[-64.50249004980101,59.8915249907798],[-64.36568731374629,59.921991350346985],[-64.32968659373189,59.982924069481385],[-64.2216844336887,59.99646467373347],[-64.32248644972901,60.016775580111585],[-64.31528630572613,60.050627090741784],[-64.17128342566852,60.026931033300656],[-64.14968299365988,59.9863092205444],[-64.2936858737175,59.94907255885116],[-64.1856837136743,59.91860619928397],[-64.2576851537031,59.87121408440166],[-64.12808256165124,59.894910141842814],[-64.1784835696714,59.78658530782613],[-64.26488529770597,59.78997045888917],[-64.2576851537031,59.756118948258944],[-64.16408328166564,59.6850307759355],[-63.95527910558212,59.688415926998516],[-63.96967939358788,59.65794956743133],[-63.9264785295706,59.654564416368316],[-64.04888097761956,59.634253509990174],[-64.12088241764836,59.51915837384746],[-64.04168083361668,59.55300988447766],[-63.9984799695994,59.627483207864145],[-63.86167723354468,59.600401999359974],[-63.97687953759076,59.505617769595375],[-63.86887737754756,59.566550488729746],[-63.724874497489964,59.5123880717214],[-63.79687593751876,59.41760384195683],[-63.9984799695994,59.41421869089379],[-64.06328126562532,59.383752331326605],[-63.76087521750436,59.38713748238962],[-63.75367507350148,59.35667112282243],[-63.710474209484204,59.366826576011505],[-63.80407608152164,59.24157598667972],[-63.739274785495724,59.255116590931806],[-63.652873057461164,59.36344142494849],[-63.544870897417965,59.34651566963336],[-63.537670753415085,59.26527204412088],[-63.638472769455404,59.21787992923856],[-63.602472049441005,59.211109627112535],[-63.37926758535173,59.28219779943598],[-63.451269025380526,59.24157598667972],[-63.429668593371886,59.22465023136462],[-63.465669313386286,59.19418387179741],[-63.37926758535173,59.21449477817555],[-63.36486729734597,59.18741356967138],[-63.422468449369006,59.12648085053698],[-63.552071041420845,59.08585903778075],[-63.76807536150724,59.04862237608751],[-63.93367867357348,59.08247388671771],[-64.04888097761956,59.01815601652032],[-63.89767795355908,59.055392678213536],[-63.91207824156484,59.001230261205194],[-63.86887737754756,58.95383814632291],[-63.86887737754756,59.03169662077241],[-63.530470609412205,59.03169662077241],[-63.37206744134885,59.10278479309585],[-63.127262545250915,59.055392678213536],[-63.177663553271074,59.028311469709365],[-63.33606672133445,59.02492631864635],[-63.228064561291234,59.001230261205194],[-63.30726614532291,58.94368269313384],[-63.170463409268194,58.98091935482708],[-63.170463409268194,58.95383814632291],[-63.228064561291234,58.94029754207082],[-63.163263265265314,58.92675693781874],[-63.32166643332867,58.855668765495295],[-63.156063121262434,58.872594520810395],[-63.184863697273954,58.83197270805414],[-63.163263265265314,58.82181725486507],[-63.069661393227875,58.90306088037758],[-62.997659953199076,58.88613512506248],[-63.055261105222115,58.85905391655831],[-62.925658513170276,58.82181725486507],[-62.90405808116164,58.79135089529788],[-62.918458369167396,58.743958780415596],[-63.040860817216355,58.706722118722354],[-62.86805736114724,58.71010726978537],[-62.8464569291386,58.65933000384007],[-62.918458369167396,58.6322487953359],[-62.918458369167396,58.60178243576868],[-63.170463409268194,58.50361305494107],[-63.436868737374766,58.517153659193156],[-63.523270465409325,58.46976154431087],[-63.38646772935461,58.48668729962597],[-63.34326686533733,58.456220940058785],[-63.588071761435245,58.300503991159815],[-63.26406528130563,58.46299124218481],[-63.091261825236515,58.4596060911218],[-63.148862977259554,58.37497731454627],[-63.048060961219235,58.44945063793273],[-63.012060241204836,58.4257545804916],[-62.80325606512132,58.49345760175203],[-62.7744554891098,58.44945063793273],[-62.74565491309828,58.49345760175203],[-62.58725174503492,58.500227903878056],[-62.5584511690234,58.4765318464369],[-62.65205304106084,58.4088288251765],[-62.62325246504932,58.378362465609285],[-62.62325246504932,58.30388914222283],[-62.86085721714436,58.26326732946657],[-62.90405808116164,58.20910491245823],[-62.83205664113284,58.2531118762775],[-62.65925318506372,58.2700376315926],[-62.5944518890378,58.24972672521449],[-62.58005160103204,58.21587521458429],[-62.65925318506372,58.17186825076499],[-63.076861537230755,58.15155734438687],[-63.012060241204836,58.13463158907177],[-63.026460529210595,58.117705833756645],[-63.213664273285474,58.06354341674833],[-63.134462689253795,58.056773114622274],[-63.156063121262434,58.02630675505509],[-63.34326686533733,57.978914640172775],[-63.127262545250915,57.99922554655092],[-63.091261825236515,58.06354341674833],[-62.83925678513572,58.144787042260816],[-62.8464569291386,58.117705833756645],[-62.70965419308388,58.1414018911978],[-62.65205304106084,58.117705833756645],[-62.57285145702916,58.16509794863896],[-62.55125102502052,58.12109098481969],[-62.522450449009,58.16509794863896],[-62.450449008980186,58.17525340182803],[-62.52965059301188,58.09400977631552],[-62.50805016100324,58.056773114622274],[-62.46484929698596,58.100780078441545],[-62.37124742494851,58.110935531630616],[-62.428848576971546,58.08046917206343],[-62.38564771295427,58.073698869937374],[-62.38564771295427,58.04323251037019],[-62.33524670493411,58.066928567811345],[-62.30644612892259,58.0296919061181],[-62.38564771295427,57.99245524442486],[-62.52965059301188,58.005995848676946],[-62.67365347306948,57.93152252529049],[-62.457649152983066,57.96875918698373],[-62.42164843296867,57.95860373379466],[-62.40724814496291,57.867204655093076],[-62.34244684893699,57.97552948910976],[-62.33524670493411,57.90782646784933],[-62.27764555291107,57.951833431668604],[-62.20564411288227,57.90782646784933],[-62.12644252885059,57.96875918698373],[-62.06164123282467,57.89767101466026],[-62.14084281685635,57.83673829552589],[-62.11924238484771,57.79950163383265],[-61.99683993679875,57.77242042532848],[-61.94643892877859,57.71487285725712],[-61.96803936078723,57.68779164875295],[-61.89603792075843,57.67086589343785],[-61.88163763275267,57.63701438280765],[-62.05444108882179,57.589622267925336],[-62.13364267285347,57.528689548790965],[-62.27044540890819,57.53207469985398],[-62.33524670493411,57.45760137646752],[-62.54405088101764,57.50160834028679],[-62.36404728094563,57.42036471477428],[-62.16964339286787,57.46437167859355],[-61.88883777675555,57.41359441264822],[-61.80243604872099,57.35943199563991],[-61.91763835276707,57.36620229776594],[-61.86723734474691,57.339121089261766],[-61.86723734474691,57.284958672253424],[-62.01844036880739,57.24433685949717],[-61.89603792075843,57.21048534886697],[-61.85283705674115,57.1664783850477],[-61.77363547270947,57.19355959355184],[-61.78083561671235,57.14955262973257],[-61.63683273665475,57.234181406308096],[-61.62243244864899,57.21387049992998],[-61.69443388867779,57.15293778079561],[-61.44242884857698,57.14955262973257],[-61.35602712054242,57.0886199105982],[-61.37762755255106,57.051383248904955],[-61.34882697653954,57.024302040400784],[-61.37042740854818,56.99722083189661],[-61.34882697653954,56.94982871701433],[-61.37762755255106,56.98368022764453],[-61.48562971259426,56.98029507658151],[-61.63683273665475,56.88551084681691],[-61.65843316866339,56.81103752343046],[-61.90323806476131,56.79411176811536],[-61.88883777675555,56.69932753835076],[-61.84563691273827,56.756875106422115],[-61.70163403268067,56.72979389791794],[-61.73763475269507,56.695942387287715],[-61.82403648072963,56.70609784047679],[-61.65843316866339,56.64855027240543],[-61.68723374467491,56.618083912838244],[-61.92483849676995,56.645165121342416],[-61.89603792075843,56.68240178303563],[-61.98963979279587,56.6587057255945],[-62.50085001700036,56.78057116386327],[-62.27764555291107,56.82796327874556],[-62.04724094481891,56.83134842980857],[-62.54405088101764,56.83811873193463],[-62.58725174503492,56.79411176811536],[-62.50085001700036,56.76364540854814],[-61.91763835276707,56.62146906390126],[-62.22724454489091,56.60792845964917],[-61.94643892877859,56.57746210008199],[-61.71603432068643,56.57069179795593],[-61.65843316866339,56.53345513626272],[-61.66563331266627,56.506373927758546],[-61.77363547270947,56.4860630213804],[-62.04724094481891,56.506373927758546],[-62.08324166483331,56.48267787031739],[-61.94643892877859,56.462366963939274],[-62.14084281685635,56.445441208624146],[-61.98243964879299,56.41497484905696],[-61.93203864077283,56.43867090649812],[-61.78803576071523,56.391278791615804],[-61.84563691273827,56.38112333842676],[-61.77363547270947,56.33711637460746],[-61.58643172863458,56.28633910866216],[-61.80963619272387,56.306650015040276],[-61.65843316866339,56.26602820228402],[-61.78083561671235,56.255872749094976],[-61.83123662473251,56.26602820228402],[-61.75203504070083,56.27618365547309],[-61.88163763275267,56.29987971291425],[-62.07604152083043,56.28633910866216],[-61.91763835276707,56.21186578527568],[-61.65843316866339,56.22540638952776],[-61.55763115262306,56.19494002996058],[-61.34882697653954,56.22202123846475],[-61.3272265445309,56.17801427464548],[-61.41362827256546,56.123851857637135],[-61.34162683253666,56.140777612952235],[-61.33442668853378,56.10015580019598],[-61.44962899257986,56.05614883637671],[-61.24082481649634,56.04260823212462],[-61.50003000060002,56.00537157043138],[-61.39202784055682,55.99860126830535],[-61.37762755255106,55.97829036192721],[-61.40642812856258,55.97152005980118],[-61.46402928058562,55.995216117242336],[-61.41362827256546,55.96136460661211],[-61.11842236844738,55.96474975767512],[-61.075221504430104,55.92751309598191],[-61.082421648432984,55.89366158535168],[-61.20482409648194,55.88350613216264],[-61.104022080441624,55.846269470469394],[-60.75841516830339,55.84965462153241],[-60.72961459229185,55.80226250665012],[-60.808816176323546,55.75487039176781],[-60.945618912378265,55.751485240704795],[-60.967219344386905,55.74471493857877],[-60.938418768375385,55.72778918326364],[-60.75841516830339,55.72778918326364],[-60.65041300826017,55.82257341302824],[-60.600012000240014,55.81580311090221],[-60.621612432248654,55.78195160027198],[-60.592811856237134,55.70409312582251],[-60.66481329626593,55.66685646412927],[-60.62881257625153,55.629619802436025],[-60.67921358427169,55.56530193223864],[-60.600012000240014,55.62623465137301],[-60.506410128202575,55.80226250665012],[-60.362407248144976,55.76164069389387],[-60.340806816136336,55.785336751334995],[-60.340806816136336,55.74810008964178],[-60.384007680153616,55.72101888113761],[-60.369607392147856,55.67701191731834],[-60.492009840196815,55.656701010940196],[-60.528010560211214,55.595768291805825],[-60.463209264185295,55.63300495349904],[-60.391207824156496,55.602538593931854],[-60.448808976179535,55.500984062041226],[-60.340806816136336,55.578842536490725],[-60.319206384127696,55.57545738542768],[-60.340806816136336,55.534835572671426],[-60.304806096121936,55.52468011948238],[-60.456009120182415,55.44343649396987],[-60.434408688173775,55.3994295301506],[-60.477609552191055,55.34865226420527],[-60.333606672133456,55.48744345778914],[-60.304806096121936,55.48744345778914],[-60.355207104142096,55.429895889717784],[-60.2832056641133,55.43666619184381],[-60.26880537610754,55.500984062041226],[-60.20400408008162,55.47728800460007],[-60.19680393607874,55.42312558759173],[-60.355207104142096,55.396044379087556],[-60.398407968159376,55.291104696133914],[-60.463209264185295,55.29448984719693],[-60.535210704214094,55.20309076849534],[-60.614412288245774,55.16585410680213],[-60.556811136222734,55.18277986211723],[-60.513610272205455,55.206475919558386],[-60.470409408188175,55.23694227912557],[-60.427208544170895,55.21663137274743],[-60.398407968159376,55.25386803444067],[-60.348006960139216,55.25048288337766],[-60.463209264185295,55.18955016424326],[-60.520810416208334,55.11169168979379],[-60.67201344026881,55.04398866853336],[-60.68641372827457,54.996596553651045],[-60.484809696193935,55.10492138766773],[-60.448808976179535,55.15569865361306],[-60.384007680153616,55.148928351487],[-60.16080321606434,55.28433439400786],[-60.1392027840557,55.27756409188183],[-60.19680393607874,55.1929353153063],[-60.02400048000962,55.26740863869276],[-60.18960379207586,55.0981510855417],[-60.21840436808738,55.10492138766773],[-60.290405808116176,55.05414412172243],[-60.290405808116176,55.0202926110922],[-60.09600192003842,55.135387747234915],[-60.01680033600674,55.23355712806256],[-59.91599831996642,55.23355712806256],[-59.91599831996642,55.26402348762974],[-59.77919558391169,55.32834135782713],[-59.75759515190305,55.27756409188183],[-59.71439428788577,55.27079378975577],[-59.75039500790017,55.22001652381047],[-59.73599471989441,55.196320466369315],[-59.865597311946246,55.15569865361306],[-59.9591991839837,55.16246895573909],[-59.96639932798658,55.11169168979379],[-59.9231984639693,55.13877289829796],[-59.80079601592033,55.108306538730744],[-59.72879457589153,55.14554320042399],[-59.64239284785697,55.1320025961719],[-59.53439068781377,55.169239257865144],[-59.50559011180225,55.213246221684415],[-59.49838996779937,55.14215804936097],[-59.42638852777057,55.13877289829796],[-59.51999039980801,55.05414412172243],[-59.73599471989441,54.96613019408386],[-59.71439428788577,54.945819287705746],[-59.843996879937606,54.87811626644532],[-59.858397167943366,54.84426475581509],[-59.822396447928966,54.84764990687813],[-59.829596591931846,54.823953849436975],[-59.94479889597794,54.74948052605049],[-59.79359587191745,54.78671718774373],[-59.807996159923206,54.83749445368906],[-59.75759515190305,54.89504202176042],[-59.60639212784257,54.95597474089479],[-59.43358867177345,55.067684725974516],[-59.40478809576193,55.02706291321826],[-59.28958579171585,55.18955016424326],[-59.21758435168705,55.21663137274743],[-59.21758435168705,55.16585410680213],[-59.15998319966401,55.23694227912557],[-59.12398247964961,55.206475919558386],[-59.13838276765537,55.15569865361306],[-59.25358507170145,55.101536236604716],[-59.38318766375329,54.97290049620992],[-59.25358507170145,55.0372183664073],[-59.23198463969281,55.08122533022657],[-59.18158363167265,55.0981510855417],[-59.14558291165825,55.067684725974516],[-59.12398247964961,55.12523229404587],[-59.08798175963521,55.084610481289616],[-59.06638132762657,55.14554320042399],[-59.02318046360929,55.15569865361306],[-58.99437988759776,55.118461991919816],[-58.95837916758336,55.135387747234915],[-58.95837916758336,55.101536236604716],[-59.04478089561793,54.996596553651045],[-58.98717974359488,55.0202926110922],[-58.89357787155744,54.952589589831774],[-59.0159803196064,54.88827171963439],[-58.88637772755456,54.91535292813853],[-58.91517830356608,54.85103505794115],[-58.77837556751136,54.85103505794115],[-58.75677513550272,54.796872640932804],[-58.7279745594912,54.84426475581509],[-58.6919738394768,54.84764990687813],[-58.68477369547392,54.81718354731092],[-58.51917038340768,54.80364294305883],[-58.56237124742496,54.76640628136562],[-58.447168943378884,54.77317658349165],[-58.403968079361604,54.73932507286145],[-58.389567791355844,54.78671718774373],[-58.195163903278086,54.796872640932804],[-58.173563471269446,54.746095374987476],[-58.00076001520031,54.71562901542029],[-57.856757135142715,54.735939921798405],[-57.66235324706496,54.62761508778175],[-57.54715094301888,54.66146659841195],[-57.45354907098144,54.65131114522288],[-57.41754835096704,54.58699327502549],[-57.34554691093824,54.580222972899435],[-57.4319486389728,54.54975661333225],[-57.37434748694976,54.54298631120622],[-57.38874777495552,54.502364498449964],[-57.705554111082236,54.468512987819736],[-57.42474849496992,54.45497238356765],[-57.52555051101024,54.451587232504636],[-57.52555051101024,54.41773572187441],[-57.66235324706496,54.37711390911815],[-58.14476289525791,54.36695845592911],[-58.259965199304006,54.30941088785775],[-58.09436188723775,54.32633664317285],[-58.245564911298246,54.28909998147961],[-58.231164623292486,54.25524847084941],[-58.447168943378884,54.23832271553428],[-58.7279745594912,54.146923636832724],[-58.91517830356608,54.14015333470667],[-59.37598751975041,54.04536910494207],[-59.57759155183105,54.04875425600511],[-59.51279025580513,53.99459183899677],[-59.27518550371009,54.02167304750094],[-58.68477369547392,54.12322757939157],[-58.382367647352964,54.23155241340825],[-58.61277225544512,54.041983953879054],[-59.03758075161505,54.02844334962697],[-58.92237844756896,54.01151759431187],[-59.00878017560352,53.95397002624051],[-59.11678233564673,53.947199724114455],[-59.46238924778497,53.83210458797174],[-59.822396447928966,53.84226004116081],[-59.879997599952006,53.82533428584571],[-59.80079601592033,53.80502337946757],[-59.829596591931846,53.78809762415247],[-60.13200264005282,53.7779421709634],[-60.01680033600674,53.70346884757694],[-60.09600192003842,53.6831579411988],[-60.11760235204706,53.61206976887536],[-60.0672013440269,53.56129250293003],[-60.13200264005282,53.52744099229983],[-60.391207824156496,53.6662321858837],[-60.808816176323546,53.77117186883737],[-60.873617472349466,53.83210458797174],[-60.859217184343706,53.791482775215485],[-60.931218624372505,53.72716490501807],[-60.916818336366745,53.71023914970297],[-60.808816176323546,53.72377975395506],[-60.535210704214094,53.679772790135786],[-60.27600552011042,53.557907351867016],[-60.04560091201826,53.4935894816696],[-60.03840076801538,53.43942706466129],[-60.1392027840557,53.452967668913374],[-60.333606672133456,53.38864979871596],[-60.362407248144976,53.35141313702272],[-60.405608112162255,53.3649537412748],[-60.398407968159376,53.3311022306446],[-60.1752035040701,53.34464283489669],[-60.398407968159376,53.26678436044719],[-60.26160523210466,53.270169511510204],[-60.16800336006722,53.31079132426646],[-60.11040220804418,53.270169511510204],[-60.08880177603554,53.30063587107742],[-60.14640292805858,53.32771707958156],[-60.02400048000962,53.35479828808573],[-59.90879817596354,53.45635281997639],[-59.872797455949126,53.4428122157243],[-59.872797455949126,53.48343402848056],[-59.78639572791457,53.4766637263545],[-59.89439788795778,53.52744099229983],[-59.60639212784257,53.530826143362845],[-59.36878737574753,53.6493064305686],[-59.30398607972161,53.686543092261815],[-59.28238564771297,53.662847034820686],[-59.21038420768417,53.68992824332486],[-59.07358147162945,53.6831579411988],[-59.06638132762657,53.71700945182903],[-59.03038060761217,53.71023914970297],[-59.00878017560352,53.747475811396214],[-59.06638132762657,53.7948679262785],[-58.87917758355168,53.8896521560431],[-58.84317686353728,53.94381457305144],[-58.13036260725215,54.096146370887396],[-57.791955839116795,54.069065162383225],[-57.849556991139835,54.09953152195041],[-58.159163183263686,54.13676818364365],[-58.331966639332805,54.08937606876137],[-58.418368367367364,54.14015333470667],[-58.382367647352964,54.190930600651996],[-58.173563471269446,54.23832271553428],[-57.66235324706496,54.20108605384107],[-57.60475209504192,54.18416029852597],[-57.6119522390448,54.16046424108481],[-57.42474849496992,54.18416029852597],[-57.38154763095264,54.15030878789574],[-57.3959479189584,54.129997881517625],[-57.359947198944,54.13338303258064],[-57.37434748694976,54.10630182407647],[-57.295145902918065,54.00474729218584],[-57.14394287885759,53.93365911986237],[-57.215944318886386,53.930273968799355],[-57.223144462889266,53.8896521560431],[-57.07914158283167,53.82194913478267],[-57.13674273485471,53.82533428584571],[-57.10074201484031,53.801638228404556],[-57.15834316686335,53.757631264585285],[-57.12234244684895,53.74070550927016],[-57.54715094301888,53.591758862497244],[-57.44634892697856,53.618840071001415],[-57.44634892697856,53.591758862497244],[-57.37434748694976,53.608684617812344],[-57.31674633492672,53.57821825824516],[-57.34554691093824,53.54436674761493],[-57.30234604692096,53.53421129442586],[-57.30954619092384,53.496974632732645],[-57.37434748694976,53.42927161147222],[-57.287945758915185,53.43265676253523],[-57.287945758915185,53.4766637263545],[-57.13674273485471,53.547751898677944],[-57.15834316686335,53.56467765399307],[-57.13674273485471,53.608684617812344],[-57.07914158283167,53.62899552419046],[-57.01434028680575,53.71023914970297],[-56.70473409468191,53.75086096245923],[-56.59673193463871,53.71023914970297],[-56.61833236664735,53.7610164156483],[-56.46712934258687,53.781327322026414],[-56.42392847856958,53.71700945182903],[-56.72633452669055,53.67300248800973],[-56.48152963059263,53.62222522206443],[-56.33032660653214,53.62899552419046],[-56.26552531050622,53.60191431568629],[-56.33752675053502,53.60191431568629],[-56.32312646252926,53.58498856037119],[-56.02792055841118,53.574833107182116],[-55.97751955039102,53.540981596551916],[-56.00632012640254,53.50035978379566],[-56.06392127842558,53.540981596551916],[-56.26552531050622,53.540981596551916],[-56.02792055841118,53.4597379710394],[-56.03512070241406,53.43265676253523],[-55.96311926238526,53.408960705094074],[-56.03512070241406,53.36833889233782],[-55.9127182543651,53.39542010084199],[-55.855117102342064,53.3649537412748],[-55.88391767835358,53.34464283489669],[-55.804716094321904,53.341257683833646],[-55.9127182543651,53.30402102214043],[-55.811916238324784,53.29048041788835],[-55.862317246344944,53.246473454069076],[-55.747114942298865,53.24985860513209],[-55.790315806316144,53.19908133918676],[-55.840716814336304,53.20585164131282],[-55.761515230304624,53.17877043280865],[-55.754315086301744,53.13476346898938],[-55.833516670333424,53.097526807296134],[-55.94151883037662,53.11106741154822],[-55.8767175343507,53.080601051981034],[-55.9127182543651,53.029823786035706],[-56.1647232944659,53.029823786035706],[-56.08552171043422,53.01628318178362],[-56.13592271845438,52.98243167115339],[-56.11432228644574,52.96550591583829],[-56.04232084641694,53.00612772859455],[-55.89111782235646,52.96889106690131],[-55.9127182543651,52.94858016052319],[-55.833516670333424,52.92149895201902],[-55.804716094321904,52.84025532650651],[-55.9847196943939,52.80640381587631],[-55.91991839836798,52.78947806056118],[-55.99911998239966,52.77255230524608],[-56.15752315046302,52.819944420128394],[-56.15752315046302,52.79286321162422],[-56.0567211344227,52.76239685205704],[-55.96311926238526,52.67776807548148],[-55.768715374307504,52.664227471229395],[-55.739914798295985,52.64391656485128],[-55.797515950319024,52.59313929890595],[-55.93431868637374,52.64053141378827],[-56.12152243044862,52.65068686697731],[-55.97751955039102,52.620220507410124],[-56.04952099041982,52.57621354359085],[-55.99191983839678,52.56605809040178],[-55.99911998239966,52.54913233508668],[-56.0927218544371,52.57282839252784],[-56.2367247344947,52.54236203296065],[-56.49592991859839,52.59313929890595],[-56.24392487849758,52.52882142870857],[-56.10712214244286,52.54913233508668],[-55.97031940638814,52.5017402202044],[-55.754315086301744,52.49496991807834],[-55.732714654293105,52.46788870957417],[-55.768715374307504,52.447577803196054],[-55.646312926258545,52.43742235000698],[-55.639112782255665,52.36294902662053],[-55.797515950319024,52.38325993299864],[-55.783115662313264,52.33248266705331],[-56.19352387047742,52.43742235000698],[-55.826316526330544,52.32232721386427],[-55.847916958339184,52.29863115642311],[-55.711114222284465,52.291860854297056],[-55.790315806316144,52.23769843728874],[-55.718314366287345,52.25123904154083],[-55.617512350247026,52.214002379847585],[-55.775915518310384,52.21061722878457],[-55.689513790275825,52.18015086921736],[-55.711114222284465,52.1395290564611],[-55.689513790275825,52.102292394767886],[-55.790315806316144,52.08536663945276],[-55.761515230304624,52.048129977759544],[-55.840716814336304,52.00412301394027],[-55.95591911838238,52.01766361819236],[-55.89111782235646,51.963501201184016],[-55.9127182543651,51.9330348416168],[-56.11432228644574,51.86194666929336],[-56.20792415848318,51.79085849696992],[-56.43112862257246,51.74685153315065],[-56.49592991859839,51.68930396507929],[-56.68313366267327,51.641911850196976],[-56.69753395067903,51.58436428212562],[-56.80553611072223,51.52681671405426],[-56.81273625472511,51.49296520342406],[-56.85593711874239,51.469269145982906],[-56.93513870277407,51.49296520342406],[-56.94233884677695,51.42864733322665],[-57.10074201484031,51.41172157791155],[-57.10074201484031,52.00073786287723],[-57.36714734294688,52.00073786287723],[-63.75367507350148,52.00073786287723],[-63.82567651353028,52.0718260352007],[-63.638472769455404,52.04135967563349],[-63.652873057461164,52.125988452209015],[-63.94087881757636,52.264779645792885],[-63.98407968159364,52.36294902662053],[-64.01288025760516,52.386645084061655],[-63.9264785295706,52.38325993299864],[-63.93367867357348,52.41711144362887],[-63.97687953759076,52.4577332563851],[-64.02728054561092,52.43403719894397],[-64.08488169763396,52.47127386063718],[-63.96967939358788,52.569443241464825],[-63.84007680153604,52.61683535634711],[-63.37926758535173,52.65068686697731],[-63.422468449369006,52.708234435048695],[-63.595271905438125,52.769167154183066],[-63.544870897417965,52.97227621796435],[-63.624072481449645,53.04336439028779],[-63.631272625452524,53.09414165623312],[-63.696073921478444,53.114452562611234],[-63.9264785295706,53.07721590091799],[-63.91927838556772,52.975661369027364],[-63.98407968159364,52.93503955627111],[-63.962479249585,52.86733653501068],[-64.07768155363108,52.880877139262765],[-64.17128342566852,52.85041077969558],[-64.20008400168005,52.78947806056118],[-64.15688313766276,52.73870079461588],[-64.20008400168005,52.67099777335545],[-64.1784835696714,52.61006505422105],[-64.20728414568293,52.54913233508668],[-64.08488169763396,52.37310447980957],[-64.12808256165124,52.28170540110801],[-64.11368227364548,52.153069660713186],[-64.2576851537031,52.12937360327206],[-64.2936858737175,52.04474482669653],[-64.27208544170885,52.00412301394027],[-64.32968659373189,51.96688635224703],[-64.31528630572613,51.90256848204962],[-64.35848716974341,51.85179121610432],[-64.26488529770597,51.74008123102459],[-64.44488889777797,51.66899305870115],[-64.58169163383269,51.55728307362145],[-64.60329206584133,51.641911850196976],[-64.70409408188165,51.692689116142304],[-64.71849436988741,51.74685153315065],[-64.59609192183845,51.797628799095975],[-64.58889177783557,51.82809515866316],[-64.84809696193925,51.92964969055379],[-64.85529710594213,52.02104876925537],[-65.10730214604294,52.169995416028314],[-65.45290905818118,52.20723207772153],[-65.53931078621574,52.122603301146],[-65.56811136222726,52.048129977759544],[-65.75531510630213,52.11244784795693],[-65.79851597031941,52.09552209264183],[-65.79851597031941,52.04135967563349],[-65.91371827436551,52.05151512882256],[-66.06492129842599,52.119218150082986],[-66.06492129842599,52.2173875309106],[-66.17292345846919,52.220772681973614],[-66.2737254745095,52.3121717606752],[-66.31692633852678,52.28847570323404],[-66.30252605052102,52.22415783303666],[-66.33852677053542,52.136143905398086],[-66.43932878657574,52.2004617755955],[-66.4897297945959,52.3121717606752],[-66.46092921858438,52.36633417768354],[-66.36012720254406,52.4069559904398],[-66.44652893057862,52.53220657977158],[-66.37452749054982,52.54236203296065],[-66.43212864257286,52.61006505422105],[-66.43212864257286,52.70484928398565],[-66.33132662653254,52.735315643552866],[-66.3817276345527,52.836870175443494],[-66.26652533050662,52.87749198819975],[-66.3457269145383,52.975661369027364],[-66.47532950659014,53.03320893709872],[-66.5257305146103,52.941809858397164],[-66.64813296265926,52.94519500946018],[-66.6697333946679,52.725160190363795],[-66.81373627472551,52.664227471229395],[-66.87133742674855,52.74885624780495],[-66.8929378587572,52.67438292441847],[-67.06574131482631,52.698078981859624],[-67.09454189083783,52.72854534142681],[-67.05854117082343,52.80640381587631],[-67.08014160283207,52.94858016052319],[-66.97933958679175,53.02643863497269],[-66.95053901078023,53.11106741154822],[-66.99373987479751,53.19569618812375],[-66.90733814676295,53.341257683833646],[-66.98653973079463,53.402190402968046],[-67.06574131482631,53.385264647652946],[-67.06574131482631,53.42927161147222],[-67.13054261085223,53.46312312210242],[-67.14494289885799,53.540981596551916],[-67.49054981099623,53.60529946674933],[-67.43294865897319,53.7779421709634],[-67.59135182703655,53.8558006454129],[-67.6057521150423,53.92688881773634],[-67.73535470709416,54.0013621411228],[-67.77855557111144,54.0622948602572],[-67.63455269105384,54.174004845336896],[-67.48334966699335,54.23493756447127],[-67.53375067501351,54.24847816872335],[-67.49774995499911,54.312796038920766],[-67.59855197103943,54.36695845592911],[-67.58415168303367,54.41773572187441],[-67.63455269105384,54.47866844100881],[-67.59855197103943,54.56668236864735],[-67.49054981099623,54.58360812396245],[-67.30334606692135,54.50574964951298],[-67.21694433888679,54.607304181403606],[-67.03694073881479,54.62084478565569],[-67.21694433888679,54.668236900538005],[-67.18814376287527,54.719014166483305],[-67.31054621092423,54.78333203668072],[-67.26014520290407,54.823953849436975],[-67.36094721894439,54.8747311153823],[-67.45454909098183,55.0202926110922],[-67.42574851497031,55.07106987703753],[-67.27454549090983,55.067684725974516],[-67.29614592291847,55.00675200684012],[-67.02974059481191,54.89842717282343],[-66.95053901078023,54.80025779199582],[-66.7417348346967,54.73255477073539],[-66.69853397067942,54.74271022392446],[-66.71293425868518,54.78333203668072],[-66.60493209864198,54.79010233880675],[-66.67693353867078,54.89504202176042],[-66.73453469069382,54.94920443876876],[-66.66253325066502,54.979670798335945],[-66.76333526670534,55.10492138766773],[-66.7417348346967,55.17600955999117],[-66.69133382667654,55.20309076849534],[-66.84253685073703,55.324956206764114],[-66.77773555471111,55.3384968110162],[-66.69133382667654,55.30126014932296],[-66.68413368267366,55.25386803444067],[-66.57613152263046,55.25048288337766],[-66.2377247544951,54.99321140258803],[-66.03612072241447,54.9085826260125],[-65.95691913838279,54.92889353239062],[-65.85611712234245,54.9085826260125],[-65.83451669033381,54.830724151563004],[-65.69051381027622,54.712243864357276],[-65.4457089141783,54.746095374987476],[-65.1217024340487,54.69531810904218],[-64.81209624192485,54.74948052605049],[-64.55289105782117,54.719014166483305],[-64.40168803376069,54.75286567711353],[-64.32248644972901,54.75286567711353],[-63.97687953759076,54.62761508778175],[-63.667273345466924,54.61068933246662],[-63.436868737374766,54.97290049620992],[-63.566471329426605,55.06091442384846],[-63.516070321406445,55.18277986211723],[-63.177663553271074,55.29787499825994],[-63.098461969239395,55.34865226420527],[-63.177663553271074,55.41974043652871],[-63.141662833256675,55.5280652705454],[-63.30006600132003,55.52468011948238],[-63.451269025380526,55.59915344286884],[-63.487269745394926,55.69732282369645],[-63.717674353487084,55.85981007472148],[-63.696073921478444,55.941053700233994],[-63.444068881377646,56.02229732574651],[-63.78967579351588,56.03922308106161],[-63.88327766555332,56.07645974275485],[-63.84727694553892,56.12046670657412],[-64.02008040160804,56.07645974275485],[-64.01288025760516,56.16108851933038],[-63.87607752155044,56.218636087401734],[-63.97687953759076,56.25925790015799],[-64.08488169763396,56.25925790015799],[-64.13528270565412,56.30326486397726],[-64.1064821296426,56.33034607248143],[-64.11368227364548,56.391278791615804],[-64.17128342566852,56.428515453309046],[-63.97687953759076,56.411589697993946],[-63.86887737754756,56.43867090649812],[-63.94087881757636,56.479292719254374],[-63.94807896157924,56.55038089157782],[-64.12808256165124,56.7094829915398],[-64.08488169763396,56.767030559611186],[-63.99127982559652,56.7873414659893],[-64.00568011360228,56.851659336186714],[-63.86887737754756,56.878740544690885],[-63.91927838556772,56.929517810636185],[-63.86167723354468,56.9938356808336],[-63.87607752155044,57.06492385315704],[-63.78967579351588,57.112315968039354],[-63.78967579351588,57.1664783850477],[-63.739274785495724,57.234181406308096],[-63.81127622552452,57.278188370127396],[-63.8544770895418,57.19355959355184],[-63.87607752155044,57.24433685949717],[-63.84007680153604,57.32558048500968],[-63.710474209484204,57.372972599891966],[-63.76087521750436,57.48129743390865],[-63.76807536150724,57.572696512610236],[-63.724874497489964,57.60316287217742],[-63.609672193443885,57.66409559131182],[-63.595271905438125,57.73518376363526],[-63.652873057461164,57.73179861257222],[-63.703274065481324,57.66409559131182],[-63.76807536150724,57.73179861257222],[-63.82567651353028,57.69117679981599],[-63.8904778095562,57.73179861257222],[-63.9264785295706,57.796116482769634],[-64.00568011360228,57.81304223808473],[-64.02008040160804,57.77242042532848],[-64.05608112162244,57.76903527426546],[-64.21448428968581,57.978914640172775],[-64.20728414568293,58.03307705718112],[-64.43048860977221,58.08723947418946],[-64.39448788975781,58.18202370395406],[-64.21448428968581,58.2361861209624],[-64.15688313766276,58.3478961060421],[-63.8184763695274,58.46976154431087],[-63.8904778095562,58.56454577407547],[-64.02008040160804,58.5205388102562],[-64.08488169763396,58.5543903208864],[-64.09928198563972,58.60855273789474],[-64.04888097761956,58.67625575915517],[-63.573671473429485,58.716877571911425],[-63.480069601392046,58.74734393147861],[-63.588071761435245,58.845513312306224],[-63.76807536150724,58.872594520810395],[-63.84007680153604,58.828587556991124],[-63.9984799695994,58.81843210380205],[-64.15688313766276,58.743958780415596],[-64.2576851537031,58.777810291045796],[-64.2576851537031,58.84889846336924],[-64.30088601772037,58.882749973999466],[-64.56729134582693,58.88613512506248],[-64.71849436988741,58.94368269313384],[-64.81209624192485,58.90983118250364],[-64.87689753795077,58.92675693781874],[-64.84089681793637,58.95722329738592],[-64.86249724994501,58.99107480801615],[-64.82649652993061,59.03169662077241],[-64.71849436988741,59.06893328246562],[-64.65369307386149,59.028311469709365],[-64.41608832176645,58.98091935482708],[-64.2936858737175,59.01815601652032],[-64.36568731374629,59.072318433528665],[-64.49528990579813,59.10278479309585],[-64.49528990579813,59.16033236116721],[-64.53129062581253,59.19756902286045],[-64.50969019380389,59.24834628880575],[-64.53849076981541,59.28558295049899],[-64.50249004980101,59.339745367507334],[-64.53849076981541,59.37359687813753],[-64.48808976179525,59.39729293557869],[-64.50249004980101,59.43452959727193],[-64.33688673773477,59.495462316406304],[-64.43048860977221,59.52931382703653],[-64.70409408188165,59.444685050461004],[-64.82649652993061,59.532698978099546],[-64.77609552191045,59.69857138018759],[-64.81209624192485,59.82043681845636],[-64.74729494589893,59.844132875897486],[-64.76889537790757,59.88136953759073],[-64.66089321786437,59.88475468865374],[-64.65369307386149,59.92876165247304],[-64.84809696193925,59.96261316310324],[-64.90569811396229,60.04724193967877],[-64.79769595391909,60.04047163755274],[-64.70409408188165,60.06416769499387],[-64.73289465789317,60.10478950775013],[-64.59609192183845,60.111559809876184],[-64.63929278585573,60.17926283113661],[-64.76889537790757,60.1758776800736],[-64.85529710594213,60.22326979495588],[-64.85529710594213,60.260506456649125],[-64.53129062581253,60.30112826940538]]],[[[-55.8767175343507,50.8633271057021],[-55.90551811036222,50.8971786163323],[-56.09992199843998,50.71776560999217],[-56.0927218544371,50.75838742274843],[-56.11432228644574,50.74484681849634],[-56.13592271845438,50.77192802700051],[-56.10712214244286,50.8971786163323],[-56.15752315046302,50.887023163143255],[-56.15752315046302,50.690684401488],[-56.09992199843998,50.68052894829896],[-56.10712214244286,50.653447739794785],[-56.20792415848318,50.59590017172343],[-56.24392487849758,50.52481199939996],[-56.32312646252926,50.52481199939996],[-56.25832516650334,50.50111594195883],[-56.40232804656094,50.375865352627045],[-56.50313006260127,50.382635654753074],[-56.42392847856958,50.35216929518589],[-56.45992919858399,50.270925669673375],[-56.56793135862719,50.159215684593676],[-56.66873337466751,50.12874932502649],[-56.63273265465311,50.10166811652232],[-56.74073481469631,50.02380964207282],[-56.77673553471071,49.93241056337126],[-56.71913438268767,49.94933631868636],[-56.76233524670495,49.837626333606664],[-56.90633812676255,49.74622725490508],[-56.78393567871359,49.725916348526965],[-56.85593711874239,49.54650334218684],[-56.73353467069343,49.66836878045558],[-56.47432948658975,49.89178875061501],[-56.4167283345667,49.84101148466968],[-56.43112862257246,49.89178875061501],[-56.36632732654654,49.898559052741035],[-56.38792775855518,49.942566016560306],[-56.33032660653214,50.02380964207282],[-56.15032300646014,50.149060231404604],[-56.11432228644574,50.15244538246762],[-56.06392127842558,50.07120175695513],[-56.18632372647454,49.92225511018219],[-56.00632012640254,50.03057994419888],[-56.02792055841118,49.96964722506448],[-55.97751955039102,49.98995813144262],[-55.96311926238526,50.03396509526189],[-55.90551811036222,50.03396509526189],[-55.747114942298865,49.92225511018219],[-55.667913358267185,49.97303237612749],[-55.595911918238386,49.96287692293845],[-55.49510990219805,50.00688388675772],[-55.45910918218365,49.95610662081239],[-55.49510990219805,49.91886995911918],[-55.89111782235646,49.759767859157165],[-56.00632012640254,49.749612405968094],[-56.00632012640254,49.715760895337894],[-56.15752315046302,49.62436181663631],[-56.17192343846878,49.58035485281704],[-56.04232084641694,49.66836878045558],[-55.89111782235646,49.715760895337894],[-55.95591911838238,49.67175393151862],[-55.833516670333424,49.68529453577071],[-55.94151883037662,49.604050910258195],[-55.8767175343507,49.58374000388005],[-55.93431868637374,49.52957758687171],[-56.07832156643134,49.48557062305244],[-56.1287225744515,49.42463790391807],[-55.826316526330544,49.52280728474568],[-55.718314366287345,49.47541516986337],[-55.783115662313264,49.44156365923317],[-55.675113502270065,49.465259716674325],[-55.696713934278705,49.42802305498108],[-55.667913358267185,49.3806309400988],[-55.52391047820957,49.48557062305244],[-55.56711134222685,49.41786760179201],[-55.56711134222685,49.36370518478367],[-55.48790975819517,49.47203001880035],[-55.372707454149094,49.50249637836754],[-55.351107022140454,49.48557062305244],[-55.43030860617213,49.421252752855054],[-55.315106302126054,49.45171911242224],[-55.44470889417789,49.353549731594626],[-55.39430788615773,49.37386063797274],[-55.372707454149094,49.32985367415347],[-55.329506590131814,49.40771214860297],[-55.322306446128934,49.3806309400988],[-55.293505870117414,49.40094184647691],[-55.300706014120294,49.360320033720654],[-55.336706734134694,49.35693488265764],[-55.307906158123174,49.31292791883837],[-55.300706014120294,49.35016458053158],[-55.235904718094375,49.39417154435088],[-55.307906158123174,49.52957758687171],[-55.228704574091495,49.53973304006078],[-55.192703854077095,49.499111227304525],[-55.192703854077095,49.53973304006078],[-55.135102702054056,49.53973304006078],[-55.127902558051176,49.465259716674325],[-55.228704574091495,49.34677942946857],[-55.221504430088615,49.26215065289304],[-55.365507310146214,49.16398127206543],[-55.322306446128934,49.15044066781334],[-55.336706734134694,49.12335945930917],[-55.307906158123174,49.099663401868014],[-55.37990759815197,49.04211583379666],[-55.185503710074215,49.11997430824616],[-55.271905438108774,49.099663401868014],[-55.279105582111654,49.16059612100241],[-55.250305006100135,49.18429217844354],[-55.286305726114534,49.187677329506585],[-55.055901118022376,49.2858467103342],[-55.077501550031016,49.35693488265764],[-55.03430068601374,49.32308337202741],[-55.00550011000222,49.34000912734254],[-54.99109982199646,49.2858467103342],[-55.041500830016616,49.2249139911998],[-54.98389967799358,49.25876550183003],[-54.96229924598494,49.29938731458628],[-54.91189823796478,49.27569125714513],[-54.8686973739475,49.29261701246023],[-54.86149722994462,49.33323882521648],[-54.89029780595614,49.353549731594626],[-54.84709694193886,49.41109729966598],[-54.82549650993022,49.26892095501907],[-54.77509550191006,49.29938731458628],[-54.76789535790718,49.353549731594626],[-54.73909478189566,49.3196982209644],[-54.54469089381789,49.526192435808696],[-54.44388887777757,49.543118191123796],[-54.53029060581213,49.44494881029618],[-54.42948858977181,49.47203001880035],[-54.48708974179485,49.370475486909726],[-54.45108902178045,49.33323882521648],[-54.48708974179485,49.25876550183003],[-54.40068801376029,49.326468523090455],[-54.40788815776317,49.37386063797274],[-54.35748714974301,49.42802305498108],[-54.24948498969981,49.3975566954139],[-54.22068441368829,49.41786760179201],[-54.22788455769117,49.360320033720654],[-54.20628412568253,49.404326997539926],[-54.16308326166525,49.377245789035754],[-54.14148282965661,49.4483339613592],[-54.04068081361629,49.482185471989425],[-53.99027980559613,49.45848941454827],[-54.03348066961341,49.42802305498108],[-53.92547850957021,49.45171911242224],[-53.457469149383,49.25199519970397],[-53.55827116542332,49.12335945930917],[-53.62307246144924,49.116589157183114],[-53.57987159743196,49.092893099741985],[-53.59427188543772,49.03534553167063],[-53.83187663753276,49.031960380607586],[-53.72387447748956,49.00826432316646],[-53.88947778955581,48.98118311466229],[-53.81027620552412,48.9236355465909],[-53.97587951759037,48.8897840359607],[-53.88227764555293,48.88639888489769],[-53.98307966159325,48.82885131682633],[-54.17748354967101,48.80177010832216],[-54.19908398167965,48.76791859769193],[-54.17028340566813,48.7611482955659],[-53.99027980559613,48.8119255615112],[-53.99747994959901,48.7611482955659],[-53.95427908558173,48.771303748754946],[-53.98307966159325,48.78484435300703],[-53.93267865357309,48.82885131682633],[-53.817476349527,48.82885131682633],[-53.81027620552412,48.805155259385174],[-53.91107822156445,48.79838495725912],[-53.90387807756157,48.7611482955659],[-53.84627692553852,48.771303748754946],[-53.88947778955581,48.73406708706173],[-54.01908038160765,48.74083738918776],[-53.93987879757597,48.72391163387266],[-53.94707894157885,48.666364065801304],[-53.89667793355869,48.64605315942316],[-53.93267865357309,48.62574225304505],[-53.78867577351548,48.67990467005339],[-53.92547850957021,48.66974921686432],[-53.83187663753276,48.75099284237683],[-53.85347706954141,48.703600727494546],[-53.7454749094982,48.710371029620575],[-53.70227404548092,48.68667497217942],[-53.72387447748956,48.65620861261223],[-53.6014720294406,48.68667497217942],[-53.65907318146364,48.64266800836015],[-53.92547850957021,48.57496498709972],[-53.95427908558173,48.54111347646952],[-53.71667433348668,48.55803923178462],[-53.78867577351548,48.54449862753253],[-53.75267505350108,48.50726196583929],[-53.90387807756157,48.48018075733512],[-54.01188023760477,48.42263318926376],[-54.09108182163645,48.42601834032678],[-54.16308326166525,48.382011376507506],[-54.12708254165085,48.354930168003335],[-54.07668153363069,48.40232228288565],[-53.99027980559613,48.40232228288565],[-53.83907678153564,48.47002530414608],[-53.81027620552412,48.466640153083034],[-53.88227764555293,48.382011376507506],[-53.83187663753276,48.37185592331846],[-53.84627692553852,48.39216682969658],[-53.76707534150684,48.476795606272105],[-53.64467289345788,48.54111347646952],[-53.62307246144924,48.53434317434346],[-53.65907318146364,48.51403226796535],[-53.61587231744636,48.50049166371326],[-53.72387447748956,48.42601834032678],[-53.637472749455,48.43955894457886],[-53.58707174143484,48.52418772115442],[-53.58707174143484,48.476795606272105],[-53.55107102142044,48.48695105946118],[-53.60867217344348,48.40909258501168],[-53.47186943738876,48.50726196583929],[-53.4214684293686,48.62574225304505],[-53.33506670133404,48.61220164879296],[-53.30626612532252,48.581735289225776],[-53.32066641332828,48.54788377859555],[-53.2414648292966,48.52418772115442],[-53.155063101262044,48.62912740410806],[-53.097461949239005,48.64266800836015],[-53.075861517230365,48.7002155764315],[-52.97505950119003,48.598661044540876],[-53.054261085221725,48.442944095641906],[-53.191063821276444,48.34815986587731],[-53.3494669893398,48.38539652757052],[-53.37826756535132,48.33123411056221],[-53.37826756535132,48.277071693553864],[-53.45026900538012,48.28045684461688],[-53.65907318146364,48.16197655741112],[-53.93987879757597,48.22967957867155],[-53.94707894157885,48.16197655741112],[-53.91107822156445,48.08411808296165],[-53.66627332546652,48.06380717658351],[-53.75987519750396,48.026570514890295],[-53.91827836556733,48.02318536382725],[-53.7814756295126,47.99610415532308],[-53.60867217344348,48.04688142126841],[-53.69507390147804,47.89793477449547],[-53.78867577351548,47.90131992555848],[-53.72387447748956,47.88439417024338],[-53.72387447748956,47.85054265961318],[-53.79587591751836,47.76929903410067],[-53.87507750155005,47.84715750855017],[-53.93267865357309,47.85054265961318],[-53.85347706954141,47.79638024260484],[-53.83187663753276,47.71852176815534],[-53.86067721354429,47.71175146602931],[-53.75987519750396,47.610196934138656],[-53.69507390147804,47.68467025752514],[-53.66627332546652,47.67451480433607],[-53.7094741894838,47.59665632988657],[-53.637472749455,47.57296027244544],[-53.66627332546652,47.522183006500114],[-53.61587231744636,47.556034517130314],[-53.54387087741756,47.5357236107522],[-53.55827116542332,47.57634542350846],[-53.53667073341468,47.58988602776054],[-53.5654713094262,47.62035238732773],[-53.51507030140604,47.6135820852017],[-53.46466929338588,47.80653569579391],[-53.39986799735996,47.87423871705431],[-53.35666713334268,47.86746841492828],[-53.37106742134844,47.894549623432454],[-53.29186583731676,47.999489306386124],[-53.155063101262044,48.067192327646524],[-53.054261085221725,48.050266572331424],[-52.91745834916699,48.16874685953718],[-52.83105662113243,48.09765868721374],[-52.91745834916699,48.08411808296165],[-52.95345906918139,48.00625960851215],[-53.061461229224605,47.921630831936625],[-53.054261085221725,47.86746841492828],[-53.205464109282204,47.73206237240743],[-53.162263245264924,47.71513661709233],[-53.176663533270684,47.65081874689491],[-53.27026540530812,47.60681178307564],[-53.205464109282204,47.610196934138656],[-53.24866497329948,47.57634542350846],[-53.169463389267804,47.59665632988657],[-53.26306526130524,47.54587906394127],[-53.183863677273564,47.556034517130314],[-53.205464109282204,47.471405740554786],[-53.162263245264924,47.50187210012197],[-53.155063101262044,47.471405740554786],[-53.198263965279324,47.43755422992459],[-53.147862957259164,47.44770968311366],[-53.119062381247645,47.41385817248343],[-52.89585791715835,47.55941966819336],[-52.78065561311227,47.80315054473087],[-52.701454029080594,47.74898812772253],[-52.715854317086354,47.66774450221004],[-52.658253165063314,47.65758904902097],[-52.643852877057554,47.60004148094961],[-52.687053741074834,47.5526493660673],[-52.622252445048915,47.50187210012197],[-52.687053741074834,47.46125028736574],[-52.651053021060434,47.427398776735515],[-52.744654893097874,47.30891848952979],[-52.79505590111803,47.30214818740373],[-52.75905518110363,47.29199273421466],[-52.80945618912379,47.26829667677353],[-52.86705734114683,47.09903912362245],[-52.93185863717275,47.08549851937036],[-52.84545690913819,47.06857276405526],[-52.87425748514971,47.04826185767715],[-52.85265705314107,47.021180649172976],[-52.89585791715835,47.00086974279483],[-52.88145762915259,46.94332217472348],[-52.93905878117563,46.78760522582451],[-53.025460509210205,46.74021311094219],[-53.090261805236125,46.64204373011458],[-53.205464109282204,46.63188827692551],[-53.27026540530812,46.733442808816164],[-53.3854677093542,46.682665542870836],[-53.36386727734556,46.73682795987918],[-53.55827116542332,46.611577370547394],[-53.61587231744636,46.645428881177594],[-53.64467289345788,46.70974675137501],[-53.55107102142044,46.86546370027398],[-53.47906958139164,46.89593005984119],[-53.54387087741756,46.88577460665212],[-53.64467289345788,46.79776067901355],[-53.59427188543772,46.906085513030234],[-53.51507030140604,46.95686277897556],[-53.5654713094262,46.93655187259745],[-53.5654713094262,46.97717368535368],[-53.6014720294406,46.93993702366046],[-53.6014720294406,46.99071428960576],[-53.64467289345788,46.98394398747973],[-53.57987159743196,47.08549851937036],[-53.50067001340028,47.122735181063604],[-53.52227044540892,47.166742144882875],[-53.57267145342908,47.15320154063079],[-53.55827116542332,47.20397880657612],[-53.6014720294406,47.12950548318966],[-53.637472749455,47.10242427468549],[-53.63027260545212,47.15320154063079],[-53.65187303746076,47.139660936378704],[-53.70227404548092,47.05164700874016],[-53.76707534150684,47.03472125342506],[-53.95427908558173,46.855308247084935],[-54.05508110162205,46.794375527950535],[-54.19188383767677,46.82484188751772],[-54.17748354967101,46.94332217472348],[-54.01188023760477,47.227674864017274],[-53.93267865357309,47.22428971295423],[-53.99747994959901,47.26491152571049],[-53.99747994959901,47.30891848952979],[-53.92547850957021,47.305533338466745],[-53.87507750155005,47.35292545334906],[-53.91827836556733,47.35292545334906],[-53.91107822156445,47.37323635972717],[-53.80307606152124,47.427398776735515],[-53.90387807756157,47.4240136256725],[-53.92547850957021,47.45109483417667],[-53.88227764555293,47.57634542350846],[-53.89667793355869,47.610196934138656],[-53.93267865357309,47.60681178307564],[-54.00468009360189,47.820076300046],[-54.06228124562493,47.79638024260484],[-54.08388167763357,47.86746841492828],[-54.11268225364509,47.82346145110901],[-54.26388527770557,47.90131992555848],[-54.19908398167965,47.86408326386527],[-54.21348426968541,47.77945448728974],[-54.28548570971421,47.69144055965117],[-54.33588671773437,47.69821086177723],[-54.32148642972861,47.65081874689491],[-54.35028700574013,47.610196934138656],[-54.45828916578333,47.49510179799594],[-54.40068801376029,47.45109483417667],[-54.45108902178045,47.42062847460949],[-54.45108902178045,47.454479985239686],[-54.51589031780637,47.36985120866416],[-54.616692333846686,47.3630809065381],[-54.41508830176605,47.60342663201263],[-54.623892477849566,47.39016211504227],[-54.674293485869725,47.37323635972717],[-54.688693773875485,47.39693241716833],[-54.71749434988702,47.35292545334906],[-54.81829636592734,47.3630809065381],[-54.78949578991582,47.417243323546444],[-54.83989679793598,47.37323635972717],[-54.8326966539331,47.42062847460949],[-55.041500830016616,47.22090456189122],[-55.0127002540051,47.17351244700893],[-55.070301406028136,47.14643123850476],[-55.084701694033896,47.2005936555131],[-55.135102702054056,47.166742144882875],[-55.084701694033896,47.159971842756846],[-55.070301406028136,47.08211336830735],[-55.106302126042536,47.07872821724433],[-55.156703134062695,47.00764004492089],[-55.171103422068455,47.06518761299225],[-55.199903998079975,47.071957915118276],[-55.192703854077095,46.99748459173182],[-55.228704574091495,46.92978157047139],[-55.365507310146214,46.906085513030234],[-55.351107022140454,46.87900430452606],[-55.38710774215485,46.86546370027398],[-55.46630932618653,46.87900430452606],[-55.46630932618653,46.92978157047139],[-55.50951019020381,46.91285581515629],[-55.52391047820957,46.93993702366046],[-55.54551091021821,46.89254490877815],[-55.57431148622973,46.90947066409328],[-55.624712494249906,46.86884885133702],[-55.739914798295985,46.84853794495888],[-55.93431868637374,46.89254490877815],[-55.9847196943939,46.95347762791255],[-55.862317246344944,47.071957915118276],[-55.48790975819517,47.13627578531569],[-55.300706014120294,47.26829667677353],[-55.264705294105894,47.39693241716833],[-55.199903998079975,47.45109483417667],[-54.94789895797918,47.505257251185014],[-54.84709694193886,47.556034517130314],[-54.83989679793598,47.583115725634485],[-54.87589751795038,47.5695751213824],[-54.84709694193886,47.60681178307564],[-54.695893917878365,47.664359351147],[-54.76789535790718,47.677899955399084],[-54.94789895797918,47.60004148094961],[-55.077501550031016,47.58988602776054],[-54.93349866997342,47.782839638352755],[-55.120702414048296,47.57634542350846],[-55.156703134062695,47.60342663201263],[-55.127902558051176,47.660974200083984],[-55.178303566071335,47.63389299157981],[-55.322306446128934,47.66774450221004],[-55.365507310146214,47.65081874689491],[-55.358307166143334,47.7252920702814],[-55.39430788615773,47.69144055965117],[-55.43030860617213,47.71175146602931],[-55.42310846216925,47.671129653273056],[-55.46630932618653,47.62035238732773],[-55.40150803016061,47.61696723626471],[-55.43030860617213,47.57973057457147],[-55.38710774215485,47.58650087669753],[-55.40870817416349,47.49171664693293],[-55.52391047820957,47.46125028736574],[-55.588711774235506,47.39693241716833],[-55.588711774235506,47.454479985239686],[-55.660713214264305,47.43755422992459],[-55.588711774235506,47.50864240224803],[-55.631912638252786,47.54249391287823],[-55.653513070261425,47.49510179799594],[-55.703914078281585,47.50187210012197],[-55.703914078281585,47.47479089161783],[-55.761515230304624,47.454479985239686],[-55.761515230304624,47.539108761815214],[-55.804716094321904,47.4578651363027],[-55.855117102342064,47.47479089161783],[-55.92711854237086,47.43755422992459],[-55.747114942298865,47.58650087669753],[-56.10712214244286,47.46463543842876],[-56.17192343846878,47.49171664693293],[-55.804716094321904,47.60681178307564],[-55.631912638252786,47.67451480433607],[-55.840716814336304,47.61696723626471],[-55.91991839836798,47.65758904902097],[-55.833516670333424,47.73206237240743],[-55.797515950319024,47.799765393667855],[-55.819116382327664,47.83361690429808],[-55.739914798295985,47.921630831936625],[-55.775915518310384,47.955482342566825],[-55.855117102342064,47.79638024260484],[-55.9847196943939,47.7591435809116],[-56.0567211344227,47.694825710714184],[-56.10712214244286,47.694825710714184],[-56.11432228644574,47.7252920702814],[-56.0567211344227,47.77268418516368],[-56.09992199843998,47.74898812772253],[-56.15752315046302,47.83361690429808],[-56.12152243044862,47.75575842984858],[-56.17192343846878,47.71513661709233],[-56.14312286245726,47.68467025752514],[-56.19352387047742,47.677899955399084],[-56.1647232944659,47.63389299157981],[-56.21512430248606,47.654203897957956],[-56.22952459049182,47.627122689453785],[-56.30152603052062,47.62373753839074],[-56.3087261745235,47.74898812772253],[-56.33752675053502,47.694825710714184],[-56.3087261745235,47.64066329370587],[-56.3447268945379,47.60681178307564],[-56.68313366267327,47.62373753839074],[-56.63993279865599,47.58650087669753],[-56.67593351867039,47.57296027244544],[-56.75513510270207,47.6305078405168],[-56.75513510270207,47.58988602776054],[-56.70473409468191,47.566189970319385],[-56.77673553471071,47.52556815756313],[-56.84873697473951,47.522183006500114],[-56.84873697473951,47.549264215004285],[-56.99273985479711,47.583115725634485],[-57.12954259085183,47.56280481925637],[-57.16554331086623,47.583115725634485],[-57.14394287885759,47.60004148094961],[-57.17274345486911,47.63389299157981],[-57.187143742874866,47.59665632988657],[-57.30954619092384,47.57973057457147],[-57.33834676693536,47.64066329370587],[-57.48954979099584,47.62373753839074],[-57.539950799016,47.6474335958319],[-57.64075281505632,47.59665632988657],[-57.741554831096636,47.654203897957956],[-57.770355407108156,47.6135820852017],[-57.914358287165754,47.6474335958319],[-57.885557711154235,47.69821086177723],[-57.950359007180154,47.660974200083984],[-58.03676073521471,47.694825710714184],[-58.07276145522911,47.66774450221004],[-58.07996159923199,47.694825710714184],[-58.353567071341445,47.644048444768885],[-58.274365487309765,47.75237327878557],[-58.339166783335685,47.74560297665951],[-58.432768655373124,47.63389299157981],[-58.53357067141344,47.66774450221004],[-58.53357067141344,47.6305078405168],[-58.60557211144224,47.610196934138656],[-58.64157283145664,47.627122689453785],[-58.6919738394768,47.60004148094961],[-59.11678233564673,47.556034517130314],[-59.30398607972161,47.610196934138656],[-59.28238564771297,47.75237327878557],[-59.32558651173025,47.76252873197461],[-59.39758795175905,47.90809022768454],[-59.31838636772737,47.93517143618871],[-59.21758435168705,48.02995566595331],[-58.979979599592,48.12473989571791],[-58.59117182343648,48.42940349138982],[-58.49036980739616,48.449714397767934],[-58.59117182343648,48.398937131822606],[-58.483169663393284,48.42940349138982],[-58.418368367367364,48.48695105946118],[-58.267165343306885,48.51741741902836],[-58.51917038340768,48.50049166371326],[-58.56957139142784,48.537728325406505],[-58.68477369547392,48.554654080721605],[-59.24638492769857,48.466640153083034],[-59.23198463969281,48.52757287221743],[-58.77117542350848,48.778074050881],[-58.95837916758336,48.61220164879296],[-58.89357787155744,48.588505591351804],[-58.89357787155744,48.55126892965859],[-58.85037700754016,48.588505591351804],[-58.85037700754016,48.63589770623412],[-58.81437628752576,48.571579836036705],[-58.70637412748256,48.571579836036705],[-58.6559731194624,48.744222540250775],[-58.54077081541632,48.859317676393516],[-58.49756995139904,49.004879172103415],[-58.353567071341445,49.15044066781334],[-58.360767215344325,49.05565643804874],[-58.173563471269446,49.0624267401748],[-58.05836116722335,48.97441281253623],[-57.964759295185914,48.95748705722113],[-57.892757855157114,48.98118311466229],[-58.00796015920319,48.98118311466229],[-58.10876217524351,49.03873068273364],[-58.14476289525791,49.12335945930917],[-57.928758575171514,49.12335945930917],[-57.849556991139835,49.18090702738053],[-57.935958719174394,49.143670365687285],[-57.971959439188794,49.16398127206543],[-57.921558431168634,49.187677329506585],[-58.09436188723775,49.15044066781334],[-58.10876217524351,49.18429217844354],[-57.993559871197434,49.18090702738053],[-57.928758575171514,49.24183974651493],[-58.03676073521471,49.21137338694771],[-58.202364047280966,49.238454595451884],[-58.238364767295366,49.29261701246023],[-58.223964479289606,49.39078639328784],[-58.15196303926079,49.46864486773734],[-58.00076001520031,49.560043946438924],[-57.921558431168634,49.526192435808696],[-57.921558431168634,49.465259716674325],[-57.878357567151355,49.42802305498108],[-57.907158143162874,49.47880032092641],[-57.863957279145595,49.50588152943058],[-57.748754975099516,49.455104263485254],[-57.698353967079356,49.465259716674325],[-57.791955839116795,49.50249637836754],[-57.827956559131195,49.560043946438924],[-57.878357567151355,49.52957758687171],[-57.943158863177274,49.60743606132121],[-57.950359007180154,49.67513908258164],[-57.59755195103904,50.176141439908776],[-57.52555051101024,50.365709899437974],[-57.37434748694976,50.592515020660386],[-57.15114302286047,50.61621107810154],[-57.259145182903666,50.61282592703853],[-57.280745614912306,50.62975168235363],[-57.237544750895026,50.6399071355427],[-57.3959479189584,50.69406955255104],[-57.35274705494112,50.72453591211823],[-57.230344606892146,50.731306214244256],[-57.08634172683455,50.782083480189584],[-56.97833956679135,50.87348255889117],[-56.97113942278847,50.91071922058438],[-56.92793855877119,50.91748952271044],[-56.99273985479711,50.92764497589951],[-56.96393927878559,50.96826678865577],[-57.08634172683455,51.01904405460107],[-57.00714014280287,51.01565890353805],[-56.97833956679135,50.98519254397087],[-56.89913798275967,51.01227375247504],[-56.97833956679135,51.04951041416825],[-56.87753755075103,51.06643616948338],[-56.86313726274527,51.11382828436567],[-56.78393567871359,51.137524341806824],[-56.80553611072223,51.18830160775215],[-56.74793495869919,51.20522736306725],[-56.79113582271647,51.23907887369745],[-56.69033380667615,51.337248254525065],[-56.10712214244286,51.52343156299125],[-55.89111782235646,51.62837124594489],[-55.826316526330544,51.61821579275585],[-55.88391767835358,51.564053375747505],[-55.840716814336304,51.54374246936936],[-55.8767175343507,51.49296520342406],[-55.617512350247026,51.47265429704592],[-55.739914798295985,51.55728307362145],[-55.617512350247026,51.61144549062979],[-55.653513070261425,51.59113458425168],[-55.624712494249906,51.564053375747505],[-55.51671033420669,51.60129003744072],[-55.40150803016061,51.570823677873534],[-55.41590831816637,51.547127620432406],[-55.46630932618653,51.564053375747505],[-55.43030860617213,51.536972167243334],[-55.45190903818077,51.49973550555009],[-55.53111062221245,51.49973550555009],[-55.45190903818077,51.46249884385685],[-55.50951019020381,51.364329463029236],[-55.55991119822397,51.38802552047039],[-55.55991119822397,51.34401855665112],[-55.610312206244146,51.34401855665112],[-55.595911918238386,51.303396743894865],[-55.761515230304624,51.347403707714136],[-56.08552171043422,51.36771461409228],[-56.09992199843998,51.31693734814695],[-56.02792055841118,51.310167046020894],[-56.01352027040542,51.26954523326464],[-56.07832156643134,51.225538269445366],[-56.01352027040542,51.21199766519328],[-55.96311926238526,51.154450097121924],[-55.94151883037662,51.154450097121924],[-55.95591911838238,51.198457060941195],[-55.840716814336304,51.22892342050838],[-55.711114222284465,51.174761003500066],[-55.747114942298865,51.15783524818494],[-55.718314366287345,51.12398373755474],[-55.732714654293105,51.07320647160941],[-55.811916238324784,51.05628071629431],[-55.775915518310384,51.02919950779014],[-55.833516670333424,50.96826678865577],[-55.819116382327664,50.92425982483647],[-55.862317246344944,50.9411855801516],[-55.8767175343507,50.90733406952137],[-55.847916958339184,50.903948918458354],[-55.8767175343507,50.8633271057021]]]]}},{"type":"Feature","properties":{"name":"British Columbia","cartodb_id":6,"created_at":"2014-10-16T13:22:00Z","updated_at":"2014-10-16T13:22:00Z"},"geometry":{"type":"MultiPolygon","coordinates":[[[[-132.88225764515292,53.60191431568629],[-133.00466009320186,53.67638763907277],[-132.9254585091702,53.68992824332486],[-132.97585951719034,53.71023914970297],[-132.97585951719034,53.764401566711314],[-133.03346066921338,53.75424611352224],[-133.11266225324508,53.78809762415247],[-133.0694613892278,53.82194913478267],[-133.1342626852537,53.869341249664984],[-133.1414628292566,53.9065779113582],[-133.09106182123642,53.95397002624051],[-133.10546210924218,53.99459183899677],[-133.04066081321628,54.03182850068998],[-133.08386167723356,54.10291667301345],[-133.02626052521052,54.16046424108481],[-133.0694613892278,54.174004845336896],[-132.82465649312985,54.12322757939157],[-132.65905318106363,54.14353848576971],[-132.57265145302907,54.11645727726554],[-132.56545130902617,54.02844334962697],[-132.66625332506652,53.9844363858077],[-132.68065361307225,53.95397002624051],[-132.65905318106363,53.940429421988426],[-132.40704814096281,54.09953152195041],[-132.29184583691674,54.10968697513948],[-132.22704454089083,54.06568001132021],[-132.2342446848937,54.025058198563954],[-132.1622432448649,54.00474729218584],[-132.11184223684475,53.87949670285403],[-132.22704454089083,53.781327322026414],[-132.66625332506652,53.679772790135786],[-132.5942518850377,53.67300248800973],[-132.6014520290406,53.625610373127444],[-132.54385087701755,53.662847034820686],[-132.4934498689974,53.64253612844254],[-132.34944698893977,53.669617336946715],[-132.46464929298588,53.61206976887536],[-132.47184943698875,53.5714479561191],[-132.42144842896857,53.60529946674933],[-132.27744554891098,53.62222522206443],[-132.32784655693115,53.64253612844254],[-132.3134462689254,53.6662321858837],[-132.1982439648793,53.652691581631615],[-132.15504310086203,53.7000836965139],[-132.19104382087642,53.784712473089456],[-132.07584151683034,53.8896521560431],[-132.13344266885338,54.01151759431187],[-132.17664353287066,54.041983953879054],[-131.96783935678712,54.025058198563954],[-131.7302346046921,54.10630182407647],[-131.6582331646633,54.16046424108481],[-131.70143402868058,53.9675106304926],[-131.86703734074683,53.7948679262785],[-131.86703734074683,53.72039460289204],[-131.93183863677274,53.61545491993837],[-131.91023820476408,53.35141313702272],[-131.9822396447929,53.253243756195104],[-132.21264425288507,53.22954769875395],[-132.2702454049081,53.20923679237583],[-132.2342446848937,53.18892588599769],[-132.1262425248505,53.19569618812375],[-132.18384367687355,53.16184467749352],[-132.3134462689254,53.18892588599769],[-132.32064641292826,53.158459526430505],[-132.4502490049801,53.14491892217842],[-132.457449148983,53.185540734934676],[-132.50065001300027,53.158459526430505],[-132.53665073301465,53.17877043280865],[-132.52225044500892,53.19231103706073],[-132.57985159703196,53.19908133918676],[-132.55105102102044,53.23293284981699],[-132.7022540450809,53.25662890725812],[-132.60865217304348,53.314176475329475],[-132.53665073301465,53.32094677745553],[-132.75265505310108,53.31756162639252],[-132.69505390107804,53.37849434552689],[-132.51505030100603,53.358183439148775],[-132.40704814096281,53.29386556895136],[-132.39984799695995,53.3311022306446],[-132.52225044500892,53.41234585615712],[-132.65905318106363,53.436041913598245],[-132.65905318106363,53.49020433060659],[-132.68785375707515,53.44958251785033],[-132.75265505310108,53.45635281997639],[-132.71665433308667,53.49020433060659],[-132.74545490909819,53.513900388047745],[-132.86785735714716,53.46312312210242],[-132.82465649312985,53.51728553911076],[-132.9254585091702,53.52067069017377],[-132.88945778915578,53.557907351867016],[-132.96865937318748,53.55113704974099],[-132.997459949199,53.5883737114342],[-132.88225764515292,53.60191431568629]]],[[[-127.12214244284885,49.85116693785875],[-127.24454489089783,49.96287692293845],[-127.1797435948719,50.010269037820734],[-127.1797435948719,50.06104630376606],[-127.09334186683733,50.098282965459305],[-127.09334186683733,50.142289929278576],[-127.17254345086903,50.09151266333325],[-127.29494589891799,50.14567508034159],[-127.28054561091223,50.054276001640005],[-127.38134762695255,50.027194793135834],[-127.4677493549871,50.08474236120722],[-127.41734834696695,50.12874932502649],[-127.48214964299287,50.12874932502649],[-127.4317486349727,50.17952659097179],[-127.59735194703894,50.115208720774405],[-127.63335266705334,50.13551962715252],[-127.6117522350447,50.17952659097179],[-127.6477529550591,50.176141439908776],[-127.78455569111384,50.081357210144176],[-127.90695813916278,50.12197902290043],[-127.74855497109942,50.24045931010619],[-127.84215684313688,50.27431082073639],[-127.80615612312246,50.3217029356187],[-127.92855857117144,50.314932633492646],[-127.97895957919158,50.34201384199682],[-127.92135842716854,50.46387928026559],[-127.58295165903318,50.487575337706744],[-127.44614892297847,50.372480201564],[-127.56855137102743,50.51127139514787],[-127.48934978699575,50.56881896321926],[-127.41734834696695,50.575589265345286],[-127.41734834696695,50.59590017172343],[-127.55415108302167,50.56881896321926],[-127.59735194703894,50.59590017172343],[-127.8709574191484,50.6229813802276],[-127.78455569111384,50.58235956747134],[-127.63335266705334,50.5789744164083],[-127.59735194703894,50.53496745258903],[-127.99335986719734,50.4672644313286],[-128.05816116322328,50.487575337706744],[-128.05096101922038,50.44695352495049],[-128.2237644752895,50.531582301526015],[-128.2381647632953,50.58912986959737],[-128.33896677933558,50.636521984479685],[-128.27416548330967,50.670373495109885],[-128.37496749935,50.677143797235914],[-128.41816836336727,50.7685428759375],[-128.06536130722614,50.87348255889117],[-127.90695813916278,50.870097407828126],[-127.5037500750015,50.77192802700051],[-127.47494949898999,50.70083985467707],[-127.41014820296407,50.74484681849634],[-127.41014820296407,50.70083985467707],[-127.20134402688055,50.61282592703853],[-126.85573711474231,50.55527835896717],[-126.85573711474231,50.52481199939996],[-126.77653553071062,50.5451229057781],[-126.58933178663574,50.47741988451767],[-126.33012660253206,50.48080503558069],[-126.07092141842838,50.44018322282443],[-125.94851897037941,50.38602080581609],[-125.72531450629013,50.35216929518589],[-125.56691133822677,50.36232474837496],[-125.43010860217206,50.31154748242963],[-125.35090701814036,50.149060231404604],[-125.36530730614612,50.125364173963476],[-125.30050601012022,50.10505326758533],[-125.17090341806838,49.91209965699312],[-124.99809996199924,49.79700452085041],[-124.8684973699474,49.71237574427488],[-124.88289765795317,49.664983629392566],[-124.9764995299906,49.66836878045558],[-124.78929578591573,49.465259716674325],[-124.71729434588693,49.46187456561128],[-124.53729074581491,49.37386063797274],[-124.17008340166804,49.31292791883837],[-124.112482249645,49.27569125714513],[-124.17728354567092,49.25538035076701],[-123.96127922558452,49.22829914226284],[-123.91087821756436,49.126744610372185],[-123.81007620152403,49.116589157183114],[-123.75247504950099,49.03534553167063],[-123.75967519350388,48.987953416788315],[-123.83167663353268,48.998108869977386],[-123.57967159343187,48.832236467889345],[-123.60127202544052,48.7949998061961],[-123.56527130542611,48.788229504070074],[-123.56527130542611,48.744222540250775],[-123.65167303346067,48.75099284237683],[-123.53647072941459,48.69006012324246],[-123.50767015340307,48.588505591351804],[-123.53647072941459,48.53095802328045],[-123.47886957739155,48.56819468497369],[-123.47886957739155,48.632512555171076],[-123.43566871337427,48.64605315942316],[-123.47166943338868,48.67990467005339],[-123.39966799335988,48.67990467005339],[-123.34206684133683,48.50726196583929],[-123.27726554531091,48.449714397767934],[-123.33486669733395,48.39555198075959],[-123.44286885737716,48.442944095641906],[-123.54367087341748,48.30753805312105],[-123.58687173743476,48.30076775099499],[-123.75967519350388,48.36170047012939],[-123.92527850557012,48.36508562119241],[-124.42208844176884,48.51741741902836],[-124.4364887297746,48.53434317434346],[-124.39328786575732,48.56480953391065],[-124.48688973779477,48.54111347646952],[-124.68849376987541,48.57835013816273],[-124.82529650593013,48.65282346154922],[-125.11330226604534,48.73068193599872],[-125.18530370607414,48.80177010832216],[-125.00530010600212,48.8897840359607],[-124.99809996199924,48.94056130190603],[-124.83969679393589,49.015034625292486],[-124.78209564191285,49.1301297614352],[-124.81089621792437,49.24183974651493],[-124.82529650593013,49.12335945930917],[-124.9044980899618,49.0014940210404],[-125.09170183403668,48.971027661473215],[-125.14930298605972,48.998108869977386],[-125.24290485809718,48.95071675509507],[-125.32930658613174,48.971027661473215],[-125.25730514610294,49.0184197763555],[-125.3437068741375,49.03534553167063],[-125.37250745014902,48.977797963599244],[-125.4805096101922,48.91686524446487],[-125.73971479429589,49.048886135922714],[-125.87651753035061,49.08950794867894],[-125.85491709834197,49.109818855057085],[-125.73971479429589,49.10643370399407],[-125.60291205824117,49.21137338694771],[-125.75411508230165,49.14705551675033],[-125.73251465029301,49.25876550183003],[-125.80451609032181,49.25538035076701],[-125.77571551431029,49.36709033584671],[-125.84771695433909,49.25876550183003],[-125.89091781835637,49.27230610608211],[-125.97011940238806,49.2249139911998],[-126.02052041040821,49.26892095501907],[-125.94851897037941,49.31631306990138],[-125.90531810636213,49.43479335710714],[-125.99891997839958,49.32308337202741],[-126.06372127442549,49.34677942946857],[-126.04932098641973,49.44494881029618],[-126.19332386647733,49.40094184647691],[-126.25812516250326,49.44494881029618],[-126.29412588251765,49.35693488265764],[-126.40212804256086,49.41109729966598],[-126.4237284745695,49.46864486773734],[-126.48132962659254,49.44156365923317],[-126.46692933858678,49.3806309400988],[-126.53893077861558,49.37386063797274],[-126.57493149862998,49.40771214860297],[-126.55333106662134,49.44494881029618],[-126.5677313546271,49.58374000388005],[-126.46692933858678,49.63451726982538],[-126.13572271445429,49.65144302514048],[-126.08532170643414,49.65821332726654],[-126.0997219944399,49.67852423364465],[-126.32292645852917,49.648057874077466],[-126.43812876257526,49.664983629392566],[-126.48132962659254,49.70222029108581],[-126.40932818656374,49.769923312346236],[-126.4597291945839,49.786849067661336],[-126.4957299145983,49.71237574427488],[-126.58213164263286,49.70222029108581],[-126.64693293865878,49.89178875061501],[-126.73333466669334,49.881633297425935],[-126.82693653873078,49.96626207400146],[-126.79813596271926,49.915484808056135],[-126.84853697073942,49.881633297425935],[-126.88453769075383,49.87824814636292],[-126.91333826676535,49.96626207400146],[-126.94213884277687,49.86132239104779],[-127.12214244284885,49.85116693785875]]],[[[-138.93757875157505,59.99646467373347],[-134.9054981099622,59.999849824796485],[-134.63909278185565,59.999849824796485],[-134.14948298965982,59.999849824796485],[-133.7894757895158,59.999849824796485],[-124.99809996199924,60.0032349758595],[-123.81727634552692,59.99307952267043],[-119.97959959199184,59.98969437160741],[-120.0012000240005,54.00474729218584],[-120.0012000240005,53.808408530530585],[-119.90759815196304,53.7779421709634],[-119.9219984399688,53.71700945182903],[-119.80679613592272,53.70685399863996],[-119.73479469589392,53.635765826316515],[-119.77079541590832,53.60191431568629],[-119.92919858397168,53.608684617812344],[-119.8859977199544,53.56129250293003],[-119.90039800796016,53.52067069017377],[-119.84279685593712,53.51728553911076],[-119.7779955599112,53.44619736678732],[-119.73479469589392,53.39542010084199],[-119.60519210384209,53.37849434552689],[-119.38918778375569,53.36156859021179],[-119.34598691973841,53.27693981363626],[-119.26678533570671,53.19569618812375],[-119.04358087161744,53.13814862005239],[-119.01478029560592,53.14491892217842],[-119.01478029560592,53.22277739662792],[-118.97877957559152,53.236318000880004],[-118.76277525550512,53.124608015800305],[-118.78437568751376,53.05690499453988],[-118.66917338346768,53.03320893709872],[-118.67637352747056,52.96889106690131],[-118.62597251945039,52.88426229032578],[-118.48916978339568,52.897802894577865],[-118.41716834336688,52.836870175443494],[-118.43156863137264,52.786092909498166],[-118.34516690333808,52.742085945678895],[-118.3019660393208,52.67438292441847],[-118.35236704734095,52.61683535634711],[-118.28036560731215,52.56605809040178],[-118.28756575131504,52.52882142870857],[-118.20836416728335,52.481429313826254],[-118.25876517530352,52.44080750107],[-118.22276445528911,52.36633417768354],[-118.14356287125743,52.40018568831374],[-118.04996099921999,52.40357083937678],[-118.00676013520271,52.48819961595231],[-117.90595811916239,52.4238817457549],[-117.7547550951019,52.40357083937678],[-117.73315466309327,52.342638120242384],[-117.82675653513071,52.27154994791894],[-117.7619552391048,52.2004617755955],[-117.689953799076,52.197076624532485],[-117.60355207104143,52.12937360327206],[-117.36594731894638,52.1395290564611],[-117.31554631092622,52.1835360202804],[-117.27234544690894,52.04474482669653],[-117.04194083881679,51.909338784175674],[-116.91953839076783,51.709614871457404],[-116.81153623072461,51.71638517358346],[-116.81873637472751,51.75023668421366],[-116.74673493469871,51.797628799095975],[-116.66033320666415,51.797628799095975],[-116.59553191063821,51.71638517358346],[-116.59553191063821,51.658837605512105],[-116.48752975059502,51.61144549062979],[-116.46592931858638,51.56743852681052],[-116.40112802256046,51.54374246936936],[-116.37952759055182,51.48958005236102],[-116.30752615052302,51.46249884385685],[-116.30752615052302,51.38802552047039],[-116.26432528650574,51.31693734814695],[-116.0627212544251,51.24584917582351],[-116.02672053441069,51.215382816256295],[-116.01952039040782,51.137524341806824],[-115.9547190943819,51.103672831176596],[-115.77471549430989,51.07320647160941],[-115.76031520630413,51.03596980991617],[-115.61631232624653,50.96826678865577],[-115.57311146222925,50.903948918458354],[-115.64511290225805,50.853171652513026],[-115.52991059821197,50.792238933378655],[-115.42190843816877,50.75500227168541],[-115.39310786215725,50.71776560999217],[-115.34990699813997,50.731306214244256],[-115.31390627812557,50.70761015680313],[-115.28510570211405,50.660218041920814],[-115.32110642212845,50.6399071355427],[-115.22030440608813,50.548508056841115],[-115.10510210204205,50.58912986959737],[-115.0187003740075,50.575589265345286],[-114.83869677393548,50.39617625900516],[-114.77389547790956,50.35893959731192],[-114.7954959099182,50.33524353987079],[-114.75229504590092,50.287851424988474],[-114.7234944698894,50.125364173963476],[-114.65869317386348,50.06443145482908],[-114.64429288585772,49.976417527190534],[-114.687493749875,49.95610662081239],[-114.687493749875,49.91209965699312],[-114.62269245384908,49.79700452085041],[-114.63709274185484,49.72930149958998],[-114.68029360587212,49.631132118762366],[-114.73789475789516,49.60743606132121],[-114.687493749875,49.54650334218684],[-114.5794915898318,49.55665879537588],[-114.60109202184044,49.44156365923317],[-114.5794915898318,49.39078639328784],[-114.47868957379148,49.34000912734254],[-114.42828856577133,49.265535803956055],[-114.37788755775117,49.25538035076701],[-114.37068741374829,49.204603084821684],[-114.22668453369069,49.187677329506585],[-114.15468309366189,49.14705551675033],[-114.15468309366189,49.10304855293103],[-114.03228064561291,49.031960380607586],[-114.06108122162443,49.0014940210404],[-114.73069461389228,49.0014940210404],[-116.0627212544251,49.0014940210404],[-117.02754055081103,49.0014940210404],[-117.43794875897518,49.0014940210404],[-118.20116402328047,49.0014940210404],[-118.8419768395368,49.0014940210404],[-120.85801716034322,49.0014940210404],[-122.75885517710356,48.998108869977386],[-122.85965719314387,49.02180492741854],[-122.85965719314387,49.075967344426886],[-122.90285805716115,49.08612279761593],[-123.03966079321587,49.04211583379666],[-123.032460649213,48.998108869977386],[-123.14766295325907,49.05904158911176],[-123.03966079321587,49.15044066781334],[-123.11886237724755,49.109818855057085],[-123.20526410528211,49.12335945930917],[-123.20526410528211,49.19444763163261],[-123.12606252125043,49.19444763163261],[-123.24846496929939,49.27230610608211],[-123.14766295325907,49.27230610608211],[-123.14766295325907,49.309542767775326],[-122.92445848916978,49.28923186139721],[-122.85245704914098,49.43479335710714],[-122.87405748114963,49.455104263485254],[-122.90285805716115,49.360320033720654],[-122.9532590651813,49.309542767775326],[-123.27006540130803,49.32985367415347],[-123.29166583331667,49.37386063797274],[-123.23406468129363,49.42463790391807],[-123.25566511330227,49.51265183155661],[-123.16206324126483,49.698835140022794],[-123.24126482529651,49.66159847832955],[-123.25566511330227,49.587125154943095],[-123.49326986539731,49.509266680493596],[-123.47886957739155,49.41786760179201],[-123.53647072941459,49.3806309400988],[-123.75247504950099,49.46187456561128],[-123.8964779295586,49.47203001880035],[-124.06928138562772,49.63451726982538],[-124.01888037760756,49.725916348526965],[-123.93967879357588,49.742842103842065],[-123.83167663353268,49.62774696769932],[-123.76687533750675,49.50588152943058],[-123.75967519350388,49.60066575919518],[-123.61567231344628,49.637902420888395],[-123.53647072941459,49.70222029108581],[-123.79567591351827,49.637902420888395],[-123.932478649573,49.76315301022018],[-123.87487749754996,49.87824814636292],[-123.96127922558452,49.98318782931656],[-123.74527490549812,50.08812751227023],[-123.8244764895298,50.15244538246762],[-123.98287965759316,50.21676325266503],[-123.81007620152403,50.10166811652232],[-123.99727994559892,50.00688388675772],[-123.98287965759316,49.915484808056135],[-123.91087821756436,49.86809269317385],[-123.92527850557012,49.82747088041759],[-124.0044800896018,49.81054512510249],[-124.0404808096162,49.92225511018219],[-124.06928138562772,49.87486299529988],[-124.04768095361908,49.84101148466968],[-124.08368167363348,49.80038967191342],[-124.25648512970261,49.776693614472265],[-124.27088541770837,49.742842103842065],[-124.5084901698034,49.79700452085041],[-124.53009060181205,49.84439663573269],[-124.73889477789557,49.959491771875435],[-124.832496649933,50.06104630376606],[-124.68849376987541,49.98318782931656],[-124.70289405788117,50.03057994419888],[-124.66689333786675,50.07797205908116],[-124.70289405788117,50.10843841864835],[-124.62369247384947,50.165985986719704],[-124.60209204184085,50.24045931010619],[-124.71729434588693,50.32847323774473],[-124.652493049861,50.38940595687913],[-124.4364887297746,50.43002776963539],[-124.35008700174004,50.50111594195883],[-124.56609132182643,50.419872316446316],[-124.67409348186965,50.426642618572345],[-124.832496649933,50.30816233136662],[-124.96209924198484,50.331858388807746],[-124.94769895397908,50.375865352627045],[-124.99809996199924,50.43002776963539],[-124.99809996199924,50.3555544462489],[-125.07730154603092,50.3217029356187],[-125.05570111402228,50.47741988451767],[-124.99809996199924,50.49096048876976],[-124.86129722594453,50.58912986959737],[-124.86129722594453,50.677143797235914],[-124.82529650593013,50.72453591211823],[-124.91169823396469,50.792238933378655],[-124.78929578591573,50.88363801208021],[-124.84689693793877,50.93441527802554],[-124.91169823396469,50.83963104826094],[-124.98369967399348,50.80239438656773],[-124.89729794595893,50.731306214244256],[-124.91889837796757,50.660218041920814],[-124.9044980899618,50.61959622916456],[-125.10610212204244,50.49773079089579],[-125.11330226604534,50.436798071761416],[-125.17090341806838,50.41310201432026],[-125.24290485809718,50.46387928026559],[-125.24290485809718,50.504501093021844],[-125.31490629812598,50.46387928026559],[-125.36530730614612,50.541737754715086],[-125.42290845816916,50.46387928026559],[-125.57411148222965,50.46049412920257],[-125.53091061821237,50.541737754715086],[-125.53091061821237,50.626366531290614],[-125.43010860217206,50.714380458929156],[-125.54531090621813,50.66360319298386],[-125.57411148222965,50.5451229057781],[-125.62451249024981,50.50788624408486],[-125.61731234624693,50.46387928026559],[-125.70371407428149,50.426642618572345],[-125.79731594631893,50.49773079089579],[-125.73971479429589,50.514656546210915],[-125.81891637832757,50.53496745258903],[-125.95571911438229,50.4672644313286],[-126.27252545050902,50.50788624408486],[-126.22932458649174,50.53496745258903],[-126.17892357847157,50.51804169727393],[-126.1717234344687,50.57220411428227],[-125.94131882637653,50.62975168235363],[-126.20772415448309,50.58912986959737],[-126.27252545050902,50.63313683341664],[-125.70371407428149,50.677143797235914],[-125.67491349826997,50.7346913653073],[-125.61011220224405,50.765157724874484],[-125.63891277825557,50.853171652513026],[-125.54531090621813,50.85994195463908],[-125.50211004220085,50.93441527802554],[-125.55251105022101,51.042740112042225],[-125.6317126342527,51.09690252905057],[-125.58131162623253,50.95472618440368],[-125.54531090621813,50.931030126962526],[-125.67491349826997,50.86671225676511],[-125.68211364227285,50.81593499081981],[-125.64611292225845,50.7854686312526],[-125.70371407428149,50.765157724874484],[-125.74691493829877,50.70761015680313],[-125.93411868237365,50.68052894829896],[-125.99171983439669,50.70761015680313],[-126.20772415448309,50.66360319298386],[-126.20772415448309,50.70761015680313],[-126.0277205544111,50.792238933378655],[-126.17892357847157,50.77869832912657],[-126.17892357847157,50.86671225676511],[-126.4957299145983,50.81593499081981],[-126.55333106662134,50.83624589719793],[-126.56053121062422,50.87686770995418],[-126.4957299145983,50.91748952271044],[-126.22932458649174,50.8971786163323],[-126.1717234344687,50.937800429088554],[-126.46692933858678,50.947955882277626],[-126.51733034660694,51.069821320546396],[-126.54613092261846,51.01565890353805],[-126.52453049060982,50.937800429088554],[-126.66133322666454,50.86671225676511],[-126.85573711474231,50.937800429088554],[-126.92053841076822,50.90056376739534],[-127.1797435948719,50.92764497589951],[-127.06454129082582,50.88363801208021],[-126.92053841076822,50.87686770995418],[-127.02134042680854,50.81593499081981],[-127.2517450349007,50.914104371647426],[-127.3957479149583,50.92764497589951],[-127.43894877897559,50.947955882277626],[-127.41734834696695,50.97842224184481],[-127.53255065101303,51.00211829928597],[-127.5037500750015,51.09690252905057],[-127.38134762695255,51.059665867357324],[-127.33094661893239,51.04612526310524],[-127.23734474689493,51.042740112042225],[-126.84853697073942,51.069821320546396],[-126.76213524270486,51.05628071629431],[-126.7117342346847,51.00211829928597],[-126.70453409068182,51.03935496097921],[-126.74053481069622,51.08336192479848],[-126.65413308266166,51.15106494605891],[-126.66133322666454,51.191686758815166],[-126.80533610672214,51.09013222692451],[-127.20854417088341,51.05628071629431],[-127.38854777095543,51.06643616948338],[-127.5037500750015,51.11721343542868],[-127.6477529550591,51.09351737798755],[-127.7917558351167,51.164605550310995],[-127.76295525910518,51.24923432688652],[-127.56855137102743,51.293241290705794],[-127.30934618692375,51.27970068645371],[-127.14374287485751,51.31693734814695],[-127.11494229884599,51.39141067153341],[-127.18694373887479,51.32370765027298],[-127.28054561091223,51.30001159283185],[-127.51095021900439,51.310167046020894],[-127.4677493549871,51.35755916090321],[-127.56855137102743,51.32709280133602],[-127.78455569111384,51.33386310346205],[-127.77735554711094,51.36094431196622],[-127.66215324306486,51.38464036940738],[-127.55415108302167,51.469269145982906],[-127.5037500750015,51.614830641692805],[-127.23014460289207,51.66222275657512],[-126.66133322666454,51.64868215232303],[-126.6037320746415,51.71300002252045],[-126.66133322666454,51.797628799095975],[-126.6397327946559,51.709614871457404],[-126.69013380267606,51.66560790763813],[-127.05734114682295,51.69945941826836],[-127.27334546690935,51.68253366295323],[-127.33814676293527,51.71300002252045],[-127.42454849096983,51.66560790763813],[-127.4317486349727,51.75023668421366],[-127.3597471949439,51.770547590591804],[-127.35254705094103,51.86194666929336],[-127.3957479149583,51.77731789271783],[-127.45334906698135,51.77393274165482],[-127.47494949898999,51.70622972039439],[-127.6477529550591,51.69945941826836],[-127.46054921098423,51.66899305870115],[-127.5397507950159,51.63852669913396],[-127.58295165903318,51.570823677873534],[-127.56135122702455,51.536972167243334],[-127.64055281105622,51.459113692793835],[-127.75575511510232,51.47942459917198],[-127.65495309906198,51.50989095873916],[-127.7989559791196,51.52681671405426],[-127.78455569111384,51.56066822468446],[-127.84215684313688,51.641911850196976],[-127.87815756315126,51.67237820976419],[-127.8637572751455,51.8991833309866],[-127.7917558351167,51.93980514374286],[-127.66935338706774,51.94996059693193],[-127.65495309906198,52.05151512882256],[-127.58295165903318,52.12937360327206],[-127.48214964299287,52.14968450965017],[-127.46054921098423,52.11244784795693],[-127.58295165903318,52.092136941578815],[-127.61895237904758,52.0278190713814],[-127.54695093901879,52.07859633732673],[-127.41014820296407,52.092136941578815],[-127.45334906698135,52.18015086921736],[-127.24454489089783,52.247853890477785],[-127.17254345086903,52.3121717606752],[-127.00694013880278,52.30201630748613],[-126.93493869877398,52.247853890477785],[-126.93493869877398,52.197076624532485],[-126.75493509870198,52.07859633732673],[-126.66853337066742,51.98381210756213],[-126.66853337066742,52.04135967563349],[-126.75493509870198,52.125988452209015],[-126.89893797875959,52.203846926658514],[-126.94213884277687,52.30540145854914],[-126.87013740274807,52.352793573431455],[-126.73333466669334,52.37648963087261],[-126.79093581871638,52.396800537250726],[-126.97813956279126,52.335867818116355],[-127.07894157883158,52.335867818116355],[-127.18694373887479,52.37987478193563],[-127.23734474689493,52.5186659755195],[-127.07174143482871,52.61683535634711],[-126.99253985079702,52.630375960599196],[-126.92053841076822,52.71838988823774],[-126.9637392747855,52.83009987331744],[-127.07174143482871,52.88426229032578],[-126.97813956279126,52.725160190363795],[-127.07894157883158,52.64053141378827],[-127.25894517890359,52.54574718402367],[-127.26614532290647,52.464503558511154],[-127.45334906698135,52.40357083937678],[-127.6117522350447,52.2952460053601],[-127.74855497109942,52.27832025004497],[-127.71255425108504,52.352793573431455],[-127.73415468309366,52.34940842236844],[-127.85655713114264,52.20723207772153],[-127.92855857117144,52.30540145854914],[-127.90695813916278,52.3460232713054],[-127.84215684313688,52.36633417768354],[-127.91415828316568,52.44419265213301],[-127.8709574191484,52.50512537126741],[-127.89975799515992,52.508510522330425],[-127.92855857117144,52.43403719894397],[-127.89255785115702,52.386645084061655],[-127.96455929118582,52.32232721386427],[-128.05816116322328,52.39341538618771],[-128.06536130722614,52.447577803196054],[-128.0077601552031,52.508510522330425],[-127.9357587151743,52.498355069141354],[-127.87815756315126,52.57959869465387],[-128.10136202724055,52.5017402202044],[-128.15176303526073,52.41034114150281],[-128.3029660593212,52.26816479685593],[-128.39656793135862,52.291860854297056],[-128.2237644752895,52.46111840744814],[-128.2381647632953,52.56605809040178],[-128.11576231524631,52.74885624780495],[-128.13736274725494,52.836870175443494],[-128.13016260325207,52.880877139262765],[-128.02216044320886,52.91134349882995],[-128.13736274725494,52.924884103082036],[-128.2381647632953,52.80640381587631],[-128.43976879537593,52.82332957119141],[-128.49736994739897,52.88764744138882],[-128.54057081141622,53.07383074985498],[-128.49736994739897,53.097526807296134],[-128.554971099422,53.11783771367425],[-128.48296965939318,53.141533771115405],[-128.56937138742776,53.141533771115405],[-128.6629732594652,53.23970315194302],[-128.68457369147384,53.18892588599769],[-128.85737714754296,53.28371011576229],[-128.8789775795516,53.33787253277063],[-128.8429768595372,53.36833889233782],[-128.88617772355448,53.36833889233782],[-128.88617772355448,53.42927161147222],[-128.82857657153144,53.4766637263545],[-128.92217844356887,53.452967668913374],[-128.97257945158904,53.554522200804],[-128.86457729154583,53.53421129442586],[-128.79257585151703,53.56806280505609],[-128.75657513150264,53.4935894816696],[-128.67017340346808,53.44958251785033],[-128.6917738354767,53.48681917954357],[-128.64137282745656,53.4766637263545],[-128.49736994739897,53.38864979871596],[-128.48296965939318,53.341257683833646],[-128.4757695153903,53.38864979871596],[-128.50457009140183,53.408960705094074],[-128.37496749935,53.4428122157243],[-128.35336706734137,53.4766637263545],[-128.13016260325207,53.44958251785033],[-128.07256145122903,53.39542010084199],[-128.10136202724055,53.33787253277063],[-128.02936058721176,53.36833889233782],[-127.95015900318006,53.32771707958156],[-127.9429588591772,53.253243756195104],[-127.8709574191484,53.23970315194302],[-127.92855857117144,53.28371011576229],[-127.92855857117144,53.32771707958156],[-128.05096101922038,53.39542010084199],[-128.11576231524631,53.48681917954357],[-128.3821676433529,53.50035978379566],[-128.38936778735575,53.46312312210242],[-128.5189703794076,53.43265676253523],[-128.75657513150264,53.56129250293003],[-128.81417628352568,53.62222522206443],[-128.7637752755055,53.72039460289204],[-128.79257585151703,53.764401566711314],[-128.7709754195084,53.7948679262785],[-128.6917738354767,53.81179368159363],[-128.64137282745656,53.86257094753893],[-128.46856937138745,53.83210458797174],[-128.6917738354767,53.8896521560431],[-128.61257225144504,54.03182850068998],[-128.68457369147384,54.0013621411228],[-128.72057441148823,53.940429421988426],[-128.92937858757176,53.774557019900385],[-128.9077781555631,53.8558006454129],[-128.94377887557752,53.808408530530585],[-128.9509790195804,53.87949670285403],[-129.00138002760056,53.89303730710611],[-128.96537930758615,53.86257094753893],[-128.96537930758615,53.781327322026414],[-129.00858017160346,53.7610164156483],[-129.0589811796236,53.81179368159363],[-129.03018060361208,53.747475811396214],[-129.23178463569272,53.625610373127444],[-129.26058521170424,53.51728553911076],[-129.23178463569272,53.50035978379566],[-129.2389847796956,53.43265676253523],[-129.31098621972438,53.37849434552689],[-129.60619212384248,53.56806280505609],[-129.73579471589431,53.67638763907277],[-129.69979399587993,53.669617336946715],[-129.7141942838857,53.7000836965139],[-129.98779975599513,53.84564519222383],[-129.9589991799836,53.886267004980084],[-130.0310006200124,53.87611155179101],[-130.1030020600412,53.947199724114455],[-130.08860177203545,54.07245031344624],[-130.04540090801817,54.15369393895875],[-129.95179903598074,54.157079090021796],[-129.83659673193463,54.02844334962697],[-129.72139442788855,53.9505848751775],[-129.73579471589431,54.0013621411228],[-129.83659673193463,54.05552455813114],[-129.9301986039721,54.18416029852597],[-129.82939658793177,54.21801180915617],[-129.61339226784537,54.17738999639991],[-129.46938938778777,54.23832271553428],[-129.61339226784537,54.19431575171501],[-129.8581971639433,54.23832271553428],[-130.12460249204986,54.15369393895875],[-130.27580551611032,54.207856355967095],[-130.28300566011322,54.24509301766034],[-130.19660393207863,54.25863362191242],[-130.26140522810456,54.33649209636192],[-130.2470049400988,54.40080996655931],[-130.27580551611032,54.35003270061401],[-130.34780695613912,54.32633664317285],[-130.48460969219386,54.363573304866094],[-130.4702094041881,54.434661477189536],[-130.38380767615354,54.458357534630665],[-130.43420868417368,54.49559419632391],[-130.42700854017082,54.563297217584335],[-130.37660753215064,54.57006751971036],[-130.44140882817658,54.61068933246662],[-130.41980839616792,54.63100023884476],[-130.05980119602393,54.33987724742494],[-129.98059961199226,54.30941088785775],[-129.9589991799836,54.32633664317285],[-130.0382007640153,54.34326239848795],[-130.08860177203545,54.40419511762232],[-130.05980119602393,54.47866844100881],[-129.98059961199226,54.51590510270205],[-130.06700134002682,54.49559419632391],[-130.08140162803255,54.434661477189536],[-130.12460249204986,54.42789117506348],[-130.34780695613912,54.61745963459268],[-130.36940738814778,54.668236900538005],[-130.17500350007,54.702088411168205],[-130.0022000440009,54.61407448352966],[-129.8797975959519,54.61407448352966],[-130.0022000440009,54.63438538990778],[-130.08140162803255,54.691932957979134],[-130.20380407608152,54.72578446860936],[-130.15340306806138,54.813798396247904],[-130.05260105202103,54.88827171963439],[-130.17500350007,54.84764990687813],[-130.0310006200124,54.96613019408386],[-129.95179903598074,54.95935989195783],[-129.97339946798937,54.91535292813853],[-129.82219644392887,54.98982625152502],[-129.62059241184824,54.996596553651045],[-129.994999899998,55.01690746002919],[-129.9589991799836,55.09476593447866],[-129.8581971639433,55.169239257865144],[-129.814996299926,55.25386803444067],[-129.75019500390007,55.28771954507087],[-129.6421928438569,55.4332810407808],[-129.5269905398108,55.44005134290683],[-129.46938938778777,55.473902853537055],[-129.634992699854,55.456977098221955],[-129.7069941398828,55.40958498333964],[-129.814996299926,55.629619802436025],[-129.77179543590873,55.473902853537055],[-129.83659673193463,55.38588892589851],[-129.82219644392887,55.362192868457356],[-129.79339586791735,55.3994295301506],[-129.8077961559231,55.368963170583385],[-129.7789955799116,55.352037415268285],[-129.82939658793177,55.3215710557011],[-129.814996299926,55.291104696133914],[-129.92299845996922,55.152313502550044],[-130.06700134002682,54.996596553651045],[-130.11020220404407,54.996596553651045],[-130.16060321206425,55.084610481289616],[-129.94459889197785,55.28094924294484],[-130.00940018800378,55.3554225663313],[-130.0238004760095,55.463747400347984],[-130.1030020600412,55.55514647904957],[-130.0742014840297,55.673626766255296],[-130.17500350007,55.75487039176781],[-130.01660033200665,55.91058734066681],[-130.08860177203545,56.117081555511106],[-130.41260825216506,56.12723700870015],[-130.4630092601852,56.235561842716834],[-130.62861257225146,56.25925790015799],[-130.77261545230905,56.367582734174675],[-131.05342106842136,56.39804909374186],[-131.55743114862298,56.601158157523145],[-131.82383647672953,56.5977730064601],[-131.85983719674394,56.800882070241386],[-132.10464209284186,56.8651999404388],[-132.0254405088102,57.03784264465287],[-132.33504670093402,57.0886199105982],[-132.22704454089083,57.20371504674091],[-133.1342626852537,58.13463158907177],[-133.36466729334586,58.28019308478167],[-133.4294685893718,58.4596060911218],[-133.8254765095302,58.727033025100496],[-134.24308486169724,58.855668765495295],[-134.45908918178364,59.12648085053698],[-134.56709134182682,59.12986600160002],[-134.6894937898758,59.244961137742735],[-134.94869897397948,59.27881264837296],[-134.99189983799675,59.39052263345266],[-135.0927018540371,59.427759295145876],[-135.02070041400827,59.471766258965175],[-135.0135002700054,59.566550488729746],[-135.47430948618972,59.80351106314126],[-136.3455269105382,59.60378715042299],[-136.23032460649213,59.52592867597349],[-136.4607292145843,59.46838110790213],[-136.4607292145843,59.288968101562006],[-136.58313166263326,59.16371751223022],[-136.80633612672256,59.16371751223022],[-137.4687493749875,58.90644603144062],[-137.59115182303645,59.238190835616706],[-138.61357227144543,59.773044703574044],[-138.69277385547713,59.9084507460949],[-138.93757875157505,59.99646467373347]]]]}},{"type":"Feature","properties":{"name":"Nunavut","cartodb_id":12,"created_at":"2014-10-16T13:22:00Z","updated_at":"2014-10-16T13:22:00Z"},"geometry":{"type":"MultiPolygon","coordinates":[[[[-120.65641312826257,68.00234693777873],[-120.66361327226545,69.54259067145341],[-120.66361327226545,69.55274612464248],[-120.39000780015601,69.44103613956278],[-119.97959959199184,69.34625190979818],[-118.8419768395368,69.25146768003358],[-118.64757295145904,69.21084586727733],[-118.46036920738416,69.11606163751273],[-117.86995739914799,68.98404074605489],[-117.38034760695214,68.9535743864877],[-117.15714314286286,68.88587136522727],[-116.96993939878799,68.9027971205424],[-117.01314026280527,68.9366486311726],[-116.94833896677935,68.94003378223562],[-116.84753695073903,68.88248621416426],[-116.74673493469871,68.87910106310125],[-116.50193003860079,68.8587901567231],[-116.37952759055182,68.88248621416426],[-116.21392427848558,68.83170894821893],[-115.96191923838478,68.80462773971479],[-116.12032240644814,68.86217530778615],[-116.08432168643374,68.88248621416426],[-116.32192643852878,68.96034468861376],[-116.2067241344827,68.98404074605489],[-115.86831736634734,68.92310802692052],[-115.76751535030701,68.94003378223562],[-115.93311866237326,69.00773680349604],[-115.59471189423789,68.97050014180283],[-115.09790195803917,68.85201985459707],[-114.98989979799597,68.86217530778615],[-114.7954959099182,68.79785743758873],[-114.73069461389228,68.74369502058039],[-114.44988899777996,68.68953260357205],[-114.46428928578572,68.66583654613089],[-114.40668813376269,68.61505928018559],[-114.19068381367629,68.56428201424026],[-114.16908338166765,68.52704535254702],[-114.08988179763595,68.49657899297983],[-114.06108122162443,68.43226112278245],[-114.12588251765035,68.4288759717194],[-114.09708194163883,68.40179476321524],[-114.0034800696014,68.3950244610892],[-113.97467949358987,68.43564627384546],[-113.92427848556972,68.40856506534129],[-113.90987819756396,68.38825415896315],[-114.04668093361867,68.31039568451368],[-114.02508050161003,68.24269266325325],[-114.20508410168205,68.25284811644232],[-114.32028640572813,68.22915205900117],[-114.44268885377709,68.26300356963137],[-114.70189403788076,68.24946296537928],[-114.96109922198444,68.28669962707252],[-114.76669533390668,68.1851450951819],[-114.89629792595852,68.14790843348865],[-115.23470469409389,68.18175994411885],[-115.16990339806797,68.12759752711051],[-115.22750455009101,68.0903608654173],[-115.24190483809677,68.03619844840895],[-115.11230224604493,68.0125023909678],[-115.54431088621773,67.92110331226624],[-115.50831016620333,67.89063695269903],[-115.25630512610253,67.883866650573],[-115.27790555811117,67.86017059313184],[-115.11230224604493,67.79923787399747],[-114.71629432588652,67.81277847824956],[-114.60829216584332,67.7721566654933],[-114.51469029380588,67.7890824208084],[-114.29868597371949,67.71799424848496],[-114.14748294965901,67.73830515486307],[-113.84507690153804,67.69091303998079],[-113.2402648052961,67.70445364423287],[-113.05306106122123,67.66721698253963],[-112.70745414908299,67.66721698253963],[-112.36904738094762,67.68075758679171],[-112.33304666093322,67.69768334210681],[-112.36904738094762,67.72814970167403],[-112.34744694893898,67.73830515486307],[-112.00904018080362,67.74169030592611],[-111.98743974879498,67.6942981910438],[-111.89383787675754,67.68075758679171],[-111.8722374447489,67.69091303998079],[-111.92983859677194,67.71799424848496],[-111.91543830876618,67.75523091017817],[-111.54103082061641,67.7112239463589],[-111.56983139662795,67.74507545698913],[-111.53383067661353,67.76538636336724],[-111.46182923658473,67.76200121230423],[-111.4762295245905,67.73492000380006],[-111.4402288045761,67.73153485273704],[-111.32502650053002,67.8060081761235],[-111.17382347646954,67.83647453569068],[-111.14502290045802,67.82970423356466],[-111.20262405248106,67.79246757187141],[-111.16662333246666,67.78569726974538],[-111.20262405248106,67.75523091017817],[-111.08742174843498,67.78569726974538],[-111.0082201644033,67.76538636336724],[-110.84261685233706,67.79923787399747],[-110.73461469229386,67.86355574419485],[-110.33140662813257,67.94479936970737],[-110.33860677213545,67.96511027608551],[-110.13700274005481,67.9177181612032],[-110.20180403608073,67.96511027608551],[-110.11540230804617,68.00911723990478],[-109.97139942798857,67.95833997395945],[-110.00020000400009,67.8669408952579],[-109.98579971599433,67.83647453569068],[-109.91379827596553,67.84662998887976],[-109.94979899597993,67.88048149950998],[-109.8921978439569,67.88048149950998],[-109.69779395587912,67.80262302506048],[-109.7409948198964,67.77554181655631],[-109.62579251585032,67.74169030592611],[-109.73379467589352,67.74169030592611],[-109.72659453189064,67.71799424848496],[-109.52499049981,67.68752788891777],[-109.4889897797956,67.7112239463589],[-109.50339006780136,67.73492000380006],[-109.39538790775816,67.76877151443026],[-109.37378747574952,67.72814970167403],[-109.06418128362569,67.71460909742194],[-108.92017840356807,67.53519609108181],[-109.02818056361129,67.48441882513649],[-108.99937998759977,67.44379701238023],[-108.92737854757095,67.43364155919116],[-108.92737854757095,67.40656035068699],[-108.85537710754215,67.40994550175],[-108.81217624352487,67.34901278261563],[-108.74737494749895,67.44718216344324],[-108.7329746594932,67.60289911234221],[-108.61777235544712,67.62321001872036],[-108.58177163543272,67.60628426340526],[-108.5889717794356,67.57581790383804],[-108.50977019540392,67.4878039761995],[-108.52417048340968,67.44041186131722],[-108.4809696193924,67.34901278261563],[-108.42336846736936,67.36255338686772],[-108.43776875537512,67.42687125706513],[-108.36576731534632,67.44379701238023],[-108.01296025920519,67.29146521454427],[-107.87615752315047,67.13913341670832],[-107.91215824316487,67.13236311458226],[-107.88335766715335,67.04773433800673],[-108.14976299525992,67.07820069757392],[-108.23616472329448,67.02065312950256],[-108.62497249945,67.14928886989739],[-108.5169703394068,67.03419373375465],[-108.45936918738376,67.07143039544789],[-108.32976659533192,66.98680161887236],[-108.20016400328008,66.97326101462028],[-108.11376227524552,66.929254050801],[-108.1209624192484,66.86155102954058],[-108.2289645792916,66.84462527422548],[-107.99135982719655,66.8310846699734],[-107.94095881917639,66.76676679977598],[-107.94815896317927,66.71937468489367],[-107.88335766715335,66.66182711682231],[-107.85455709114183,66.72953013808274],[-107.89055781115623,66.75661134658691],[-107.85455709114183,66.75661134658691],[-107.68895377907559,66.6415162104442],[-107.72495449908999,66.63136075725512],[-107.64575291505831,66.57381318918377],[-107.56655133102663,66.5298062253645],[-107.50895017900359,66.54334682961658],[-107.44414888297767,66.46210320410407],[-107.22094441888838,66.35039321902437],[-107.19934398687974,66.36731897433947],[-107.23534470689414,66.40794078709573],[-107.55215104302087,66.58396864237284],[-107.65295305906119,66.6922934763895],[-107.79695593911879,66.75661134658691],[-107.68895377907559,66.76676679977598],[-107.76815536310727,66.9461798061161],[-107.76095521910439,67.00034222312445],[-107.60975219504391,66.96649071249422],[-107.65295305906119,67.0748155465109],[-107.52335046700935,67.02065312950256],[-107.48734974699495,66.91909859761194],[-107.69615392307847,66.9461798061161],[-107.63135262705255,66.88863223804475],[-107.53055061101223,66.87509163379266],[-107.56655133102663,66.83446982103641],[-107.40814816296327,66.81077376359525],[-107.48734974699495,66.87847678485568],[-107.39374787495751,66.8852470869817],[-107.43694873897479,66.97326101462028],[-107.08414168283366,66.82092921678432],[-107.22814456289126,66.9631055614312],[-107.40094801896039,67.0409640358807],[-107.24974499489991,67.07143039544789],[-107.19934398687974,67.12220766139322],[-107.48014960299207,67.17975522946458],[-107.72495449908999,67.40994550175],[-107.63855277105543,67.40317519962397],[-107.58095161903239,67.49795942938857],[-108.0057601152023,67.70783879529588],[-108.01296025920519,67.75523091017817],[-107.94095881917639,67.84662998887976],[-107.71775435508711,67.89402210376207],[-107.65295305906119,67.94141421864435],[-107.91215824316487,67.98880633352664],[-107.89055781115623,68.08020541222822],[-107.85455709114183,68.1072866207324],[-107.69615392307847,68.07004995903915],[-107.81135622712455,68.05312420372405],[-107.73935478709575,68.03958359947197],[-107.83295665913319,68.0125023909678],[-107.77535550711015,67.98542118246363],[-107.68175363507271,68.04635390159802],[-107.35054701094023,68.04973905266104],[-107.15614312286246,68.12759752711051],[-107.11294225884518,68.12759752711051],[-107.12014240284806,68.08359056329124],[-106.9617392347847,68.0903608654173],[-106.95453909078182,68.11405692285842],[-106.75293505870118,68.10390146966938],[-106.75293505870118,68.15806388667772],[-106.81053621072422,68.20884115262302],[-106.7817356347127,68.22238175687511],[-106.68813376267526,68.22238175687511],[-106.70253405068102,68.19530054837094],[-106.66653333066662,68.16821933986677],[-106.62333246664934,68.1851450951819],[-106.6377327546551,68.22915205900117],[-106.61613232264646,68.24946296537928],[-106.47212944258887,68.19191539730792],[-106.44332886657735,68.15129358455167],[-106.34252685053701,68.18175994411885],[-106.4937298745975,68.22576690793815],[-106.4217284345687,68.30024023132461],[-106.46492929858599,68.32393628876576],[-106.45052901058023,68.34424719514388],[-106.22012440248805,68.39163931002619],[-106.12652253045061,68.36117295045898],[-106.05452109042182,68.39840961215222],[-105.98251965039302,68.3950244610892],[-105.96811936238726,68.42210566959338],[-105.8457169143383,68.41533536746732],[-105.82411648232966,68.44918687809755],[-105.78091561831238,68.41533536746732],[-105.73051461029222,68.41872051853036],[-105.7017140342807,68.49319384191682],[-105.7737154743095,68.54735625892516],[-105.6657133142663,68.63875533762672],[-105.78811576231526,68.61167412912258],[-105.88891777835558,68.6353701865637],[-106.03292065841318,68.6184444312486],[-106.55133102662055,68.51350474829493],[-106.4217284345687,68.51011959723192],[-106.55853117062343,68.49319384191682],[-106.50813016260327,68.47288293553868],[-106.5297305946119,68.44241657597149],[-106.63053261065222,68.46272748234964],[-106.47932958659175,68.3950244610892],[-106.5657313146263,68.34424719514388],[-106.52253045060903,68.30701053345064],[-106.54413088261767,68.29008477813554],[-106.59453189063782,68.2968550802616],[-106.64493289865798,68.3476323462069],[-106.72413448268966,68.35101749726994],[-106.7097341946839,68.37132840364805],[-106.80333606672134,68.41533536746732],[-106.79613592271846,68.37132840364805],[-107.01214024280486,68.36794325258504],[-107.13454269085382,68.27315902282044],[-107.2569451389028,68.25961841856835],[-107.33614672293447,68.31716598663971],[-107.48014960299207,68.31716598663971],[-107.54495089901799,68.3476323462069],[-107.81135622712455,68.34086204408086],[-107.87615752315047,68.25961841856835],[-107.60255205104103,68.16483418880375],[-107.79695593911879,68.18175994411885],[-107.9697593951879,68.14452328242564],[-108.16416328326568,68.17160449092981],[-108.3729674593492,68.11405692285842],[-108.43776875537512,68.1411381313626],[-108.39456789135784,68.16483418880375],[-108.36576731534632,68.15806388667772],[-108.38016760335208,68.13436782923657],[-108.3369667393348,68.14452328242564],[-108.34416688333768,68.22576690793815],[-108.39456789135784,68.2189966058121],[-108.39456789135784,68.18175994411885],[-108.45216904338088,68.19191539730792],[-108.40176803536072,68.29346992919855],[-108.4809696193924,68.30362538238762],[-108.71857437148743,68.23253721006418],[-108.81937638752775,68.26638872069441],[-108.74017480349607,68.29346992919855],[-108.74017480349607,68.34424719514388],[-108.58177163543272,68.40517991427828],[-108.34416688333768,68.6015186759335],[-107.30734614692295,68.6963029056981],[-106.8177363547271,68.81139804184082],[-106.65213304266086,68.81139804184082],[-106.21292425848517,68.94003378223562],[-105.79531590631814,68.87910106310125],[-105.4785095701914,68.71999896313923],[-105.54331086621734,68.65568109294185],[-105.4065081301626,68.52027505042099],[-105.32730654613093,68.51011959723192],[-105.32010640212805,68.47288293553868],[-105.43530870617413,68.4898086908538],[-105.53611072221446,68.44580172703454],[-105.53611072221446,68.40856506534129],[-105.34170683413669,68.4119502164043],[-105.34890697813957,68.37132840364805],[-105.29850597011941,68.33747689301785],[-105.05370107402149,68.25961841856835],[-104.99609992199845,68.27315902282044],[-105.08250165003301,68.30701053345064],[-104.93849876997541,68.31039568451368],[-104.89529790595813,68.3476323462069],[-104.83769675393509,68.29008477813554],[-104.95289905798117,68.24607781431627],[-104.90249804996101,68.22576690793815],[-104.82329646592933,68.26300356963137],[-104.60729214584292,68.24269266325325],[-104.60009200184004,68.22238175687511],[-104.67209344186885,68.13775298029958],[-104.60009200184004,68.13436782923657],[-104.59289185783716,68.08359056329124],[-104.49208984179684,68.06327965691312],[-104.49928998579972,68.03281329734594],[-104.30488609772196,68.05312420372405],[-104.16808336166724,68.01588754203081],[-103.55607112142243,68.05650935478707],[-103.5344706894138,68.07004995903915],[-103.55607112142243,68.11067177179541],[-103.40486809736196,68.16483418880375],[-103.34006680133604,68.11744207392147],[-103.37606752135044,68.08359056329124],[-103.36886737734756,68.00573208884177],[-103.1384627692554,67.95833997395945],[-103.09526190523812,67.92448846332925],[-102.9584591691834,67.92787361439227],[-102.80005600112003,67.81954878037558],[-102.46884937698755,67.78569726974538],[-102.31044620892419,67.71799424848496],[-102.25284505690115,67.72476455061098],[-102.22404448088963,67.68752788891777],[-102.19524390487811,67.6942981910438],[-102.22404448088963,67.73492000380006],[-102.15204304086083,67.76538636336724],[-102.03684073681474,67.74169030592611],[-101.9792395847917,67.7890824208084],[-101.7992359847197,67.70445364423287],[-101.74163483269666,67.72814970167403],[-101.66963339266786,67.69091303998079],[-101.41042820856418,67.68752788891777],[-101.44642892857858,67.73153485273704],[-101.2592251845037,67.71799424848496],[-101.23042460849219,67.73153485273704],[-101.25202504050083,67.7721566654933],[-101.16562331246625,67.75523091017817],[-101.08642172843457,67.78569726974538],[-101.10082201644033,67.73830515486307],[-100.90641812836257,67.75861606124121],[-100.91361827236545,67.81616362931257],[-100.82001640032802,67.79246757187141],[-100.69761395227906,67.84662998887976],[-100.58961179223586,67.83985968675373],[-100.58961179223586,67.79246757187141],[-100.3952079041581,67.84662998887976],[-99.81919638392769,67.79585272293443],[-99.77599551991041,67.8229339314386],[-99.63199263985281,67.7890824208084],[-99.50239004780097,67.79923787399747],[-99.48078961579232,67.7721566654933],[-99.40878817576352,67.7890824208084],[-99.20718414368288,67.70783879529588],[-99.12078241564832,67.72814970167403],[-98.93357867157344,67.69768334210681],[-98.89757795155904,67.74846060805214],[-98.76077521550432,67.74507545698913],[-98.6959739194784,67.80939332718651],[-98.59517190343807,67.77892696761933],[-98.35756715134303,67.79585272293443],[-98.45116902338047,67.8669408952579],[-98.53757075141503,67.87371119738393],[-98.72477449548992,67.95495482289644],[-98.7319746394928,68.07004995903915],[-98.58797175943519,68.0903608654173],[-98.23516470329407,67.9007924058881],[-98.09116182323648,67.75523091017817],[-97.99755995119904,67.75184575911516],[-97.92555851117024,67.6942981910438],[-97.7959559191184,67.68414273785473],[-97.73835476709534,67.64352092509847],[-97.54395087901759,67.59612881021619],[-97.28474569491391,67.66383183147661],[-97.19834396687935,67.62321001872036],[-97.17674353487071,67.67398728466569],[-97.06154123082463,67.67398728466569],[-97.14794295885919,67.71460909742194],[-97.22714454289087,67.7112239463589],[-97.11914238284767,67.78231211868234],[-97.24154483089663,67.92448846332925],[-97.29194583891679,67.883866650573],[-97.39274785495711,67.87709634844694],[-97.6807536150723,68.01927269309385],[-97.70955419108383,67.97188057821154],[-97.8319566391328,67.97526572927455],[-97.94715894317888,67.92110331226624],[-98.03356067121344,67.94141421864435],[-98.05516110322208,67.91094785907717],[-98.05516110322208,67.82970423356466],[-98.09836196723936,67.83308938462767],[-98.58077161543231,68.1411381313626],[-98.45836916738335,68.1851450951819],[-98.42236844736895,68.15129358455167],[-98.43676873537471,68.10390146966938],[-98.36476729534591,68.08020541222822],[-98.32876657533151,68.17160449092981],[-98.50157003140063,68.20884115262302],[-98.54477089541791,68.23253721006418],[-98.49436988739775,68.24607781431627],[-98.71757435148704,68.36117295045898],[-98.63837276745537,68.37809870577411],[-98.50877017540351,68.3307065908918],[-98.53757075141503,68.36117295045898],[-98.45836916738335,68.35778779939596],[-98.53757075141503,68.40179476321524],[-98.52317046340927,68.42210566959338],[-98.19916398327967,68.30024023132461],[-98.1559631192624,68.3307065908918],[-98.06956139122784,68.32055113770272],[-98.10556211124224,68.36455810152202],[-97.91115822316448,68.34086204408086],[-97.91835836716736,68.37471355471106],[-97.89675793515872,68.38486900790014],[-97.74555491109822,68.37132840364805],[-97.78155563111264,68.40517991427828],[-97.89675793515872,68.41872051853036],[-97.9039580791616,68.44918687809755],[-98.0119602392048,68.49657899297983],[-97.99755995119904,68.5405859567991],[-97.85355707114144,68.54397110786215],[-97.69515390307807,68.51688989935798],[-97.6447528950579,68.44918687809755],[-97.5367507350147,68.41872051853036],[-97.50795015900319,68.44580172703454],[-97.61595231904639,68.45934233128659],[-97.56555131102623,68.49657899297983],[-97.28474569491391,68.47288293553868],[-97.10474209484191,68.38825415896315],[-97.16234324686495,68.37471355471106],[-97.00394007880159,68.34424719514388],[-96.99673993479871,68.29008477813554],[-97.06874137482751,68.30024023132461],[-97.08314166283327,68.25961841856835],[-96.92473849476991,68.23930751219024],[-96.67993359867198,68.27992932494647],[-96.62233244664894,68.25284811644232],[-96.69433388667774,68.21561145474908],[-96.62953259065182,68.17837479305584],[-96.60793215864318,68.24269266325325],[-96.41352827056542,68.31716598663971],[-96.47112942258846,68.27315902282044],[-96.50713014260286,68.19530054837094],[-96.6367327346547,68.13775298029958],[-96.62233244664894,68.11405692285842],[-96.80953619072382,68.04973905266104],[-96.78793575871518,68.01588754203081],[-96.7087341746835,68.00911723990478],[-96.62233244664894,68.06327965691312],[-96.54313086261726,68.0294281462829],[-96.44952899057982,68.03958359947197],[-96.47832956659134,68.0903608654173],[-96.55033100662014,68.08359056329124],[-96.46392927858558,68.14452328242564],[-95.89511790235805,68.29346992919855],[-96.07512150243006,68.15129358455167],[-96.01752035040701,68.1072866207324],[-96.21192423848478,67.8229339314386],[-96.19032380647614,67.73153485273704],[-96.21912438248766,67.6942981910438],[-96.1687233744675,67.69091303998079],[-96.18312366247326,67.62659516978337],[-96.25512510250206,67.62659516978337],[-96.33432668653374,67.69768334210681],[-96.32712654253086,67.60966941446827],[-96.4567291345827,67.5487366953339],[-96.42792855857118,67.53858124214483],[-96.46392927858558,67.47764852301043],[-96.39912798255966,67.49457427832556],[-96.33432668653374,67.43025640812814],[-96.21192423848478,67.42010095493907],[-96.0967219344387,67.46410791875834],[-96.06792135842718,67.42687125706513],[-96.22632452649054,67.31516127198543],[-96.25512510250206,67.247458250725],[-96.1327226544531,67.25761370391405],[-96.11112222244446,67.21360674009478],[-95.90231804636093,67.28469491241822],[-95.7367147342947,67.3760939911198],[-95.67911358227165,67.32870187623752],[-95.61431228624573,67.37947914218282],[-95.56391127822558,67.3760939911198],[-95.52791055821118,67.35239793367865],[-95.5567111342227,67.31177612092239],[-95.83031660633213,67.16282947414948],[-95.65031300626013,67.22714734434686],[-95.65031300626013,67.20006613584269],[-95.4847096941939,67.20345128690573],[-95.47750955019102,67.1357482656453],[-95.43430868617374,67.15605917202342],[-95.43430868617374,67.19329583371666],[-95.3767075341507,67.15605917202342],[-95.3767075341507,67.10866705714113],[-95.41990839816798,67.06466009332183],[-95.32630652613054,67.02742343162862],[-95.34790695813918,66.9631055614312],[-95.41990839816798,66.9461798061161],[-95.62151243024861,66.95295010824213],[-95.59991199823997,66.9800313167463],[-95.62151243024861,66.98680161887236],[-95.93111862237245,66.95295010824213],[-95.94551891037821,66.99695707206143],[-95.99591991839837,67.01049767631352],[-95.94551891037821,67.07143039544789],[-96.05352107042143,67.01049767631352],[-96.02472049440989,66.97326101462028],[-96.11112222244446,66.94956495717912],[-96.15432308646174,66.9631055614312],[-96.1327226544531,66.99018676993538],[-96.2767255345107,67.00034222312445],[-96.26952539050782,67.06127494225882],[-96.37752755055102,67.08497099969998],[-96.46392927858558,67.06127494225882],[-96.39912798255966,66.99357192099839],[-96.14712294245886,66.89540254017078],[-96.10392207844158,66.82769951891035],[-95.84471689433789,66.7532261955239],[-95.77991559831197,66.65505681469628],[-95.82311646232925,66.58396864237284],[-95.6287125742515,66.6753677210744],[-95.65031300626013,66.72953013808274],[-95.67911358227165,66.72953013808274],[-95.69351387027741,66.67875287213744],[-95.76551531030621,66.68213802320045],[-95.78711574231485,66.7363004402088],[-95.99591991839837,66.84124012316244],[-96.08232164643294,66.92586889973796],[-96.02472049440989,66.94956495717912],[-95.81591631832637,66.94279465505309],[-95.72231444628893,66.90217284229684],[-95.41990839816798,66.929254050801],[-95.32630652613054,66.88863223804475],[-95.25430508610174,66.93940950399005],[-95.21830436608734,66.97326101462028],[-95.29750595011902,67.00034222312445],[-95.29030580611614,67.03419373375465],[-95.34790695813918,67.0748155465109],[-95.32630652613054,67.10528190607809],[-95.35510710214206,67.14928886989739],[-95.2687053741075,67.21360674009478],[-95.24710494209886,67.2643840060401],[-95.16070321406428,67.28808006348126],[-95.31190623812478,67.33208702730053],[-95.3767075341507,67.44041186131722],[-95.41990839816798,67.4539524655693],[-95.33350667013342,67.5047297315146],[-95.3407068141363,67.55550699745993],[-95.46310926218526,67.63675062297244],[-95.69351387027741,67.70445364423287],[-95.70791415828317,67.73830515486307],[-95.53511070221406,67.81954878037558],[-95.52791055821118,67.87371119738393],[-95.57831156623133,67.89740725482508],[-95.4127082541651,68.02265784415687],[-95.47030940618814,68.05989450585011],[-95.2327046540931,68.08359056329124],[-95.25430508610174,68.03619844840895],[-95.10310206204124,68.08697571435428],[-95.0095001900038,68.04296875053498],[-94.72149442988861,68.05650935478707],[-94.58469169383389,68.15467873561468],[-94.19588391767836,68.26638872069441],[-94.21028420568412,68.36117295045898],[-94.12388247764956,68.41533536746732],[-93.66307326146524,68.52027505042099],[-93.54787095741916,68.55751171211423],[-93.5334706694134,68.59813352487049],[-93.37506750135003,68.63198503550069],[-93.7494749894998,68.61505928018559],[-93.67027340546812,68.71999896313923],[-93.69187383747676,68.75046532270645],[-93.6414728294566,68.76400592695853],[-93.6414728294566,68.80462773971479],[-93.5694713894278,68.84863470353406],[-93.6414728294566,68.89602681841635],[-93.6414728294566,68.96372983967677],[-93.84307686153724,68.96034468861376],[-93.87187743754876,68.97050014180283],[-93.83587671753436,69.00773680349604],[-93.90787815756316,68.99758135030697],[-93.80707614152284,69.06866952263044],[-93.9294785895718,69.02804770987419],[-93.90067801356028,69.02466255881114],[-93.95107902158044,68.99419619924396],[-93.92227844556892,68.97388529286584],[-94.05908118162364,68.9027971205424],[-94.06628132562652,68.86556045884916],[-94.037480749615,68.8587901567231],[-94.08068161363228,68.84863470353406],[-94.037480749615,68.83170894821893],[-93.9294785895718,68.88248621416426],[-93.93667873357468,68.85540500566009],[-93.80707614152284,68.88925651629032],[-94.09508190163804,68.75723562483248],[-94.41188823776477,68.71661381207622],[-94.63509270185405,68.75046532270645],[-94.54869097381949,68.88587136522727],[-94.59189183783677,68.90956742266843],[-94.56309126182525,68.92310802692052],[-94.59909198183965,68.96711499073979],[-94.50549010980221,68.96711499073979],[-94.44788895777917,68.9366486311726],[-94.34708694173885,69.02466255881114],[-94.22468449368988,69.02804770987419],[-94.15268305366108,69.05851406944137],[-94.18868377367548,69.08221012688253],[-94.16708334166684,69.10252103326064],[-94.00868017360348,69.15329829920597],[-94.23188463769276,69.11944678857574],[-94.32548650973021,69.14991314814296],[-94.28228564571292,69.22777162259243],[-94.29668593371868,69.24469737790753],[-94.26068521370428,69.2717785864117],[-94.30388607772156,69.30563009704193],[-94.02308046160924,69.35979251405027],[-93.80707614152284,69.3496370608612],[-93.73507470149404,69.40041432680653],[-93.52627052541052,69.43765098849974],[-93.88627772555452,69.25146768003358],[-93.81427628552572,69.26500828428567],[-93.87907758155164,69.22438647152941],[-93.81427628552572,69.21423101834034],[-93.857477149543,69.1769943566471],[-93.83587671753436,69.16345375239501],[-93.38226764535291,69.37671826936537],[-93.497469949399,69.3496370608612],[-93.58387167743356,69.36317766511328],[-93.43986879737595,69.47488765019298],[-93.54067081341628,69.52227976507527],[-93.83587671753436,69.48842825444507],[-93.91507830156604,69.43426583743673],[-94.28228564571292,69.44103613956278],[-94.45508910178205,69.51889461401225],[-94.57749154983101,69.6509155054701],[-94.62789255785117,69.63737490121801],[-94.62789255785117,69.6847670161003],[-94.75749514990301,69.66107095865917],[-94.72869457389149,69.60352339058778],[-94.8654973099462,69.56628672889457],[-95.0095001900038,69.62044914590291],[-95.117502350047,69.61367884377685],[-95.40550811016222,69.68138186503728],[-95.65031300626013,69.78632154799095],[-95.7367147342947,69.78632154799095],[-95.78711574231485,69.74231458417165],[-95.83031660633213,69.76601064161281],[-95.80151603032061,69.79647700118],[-95.95991919838397,69.7795512458649],[-96.07512150243006,69.8404839649993],[-96.19752395047902,69.86079487137741],[-96.08232164643294,69.8743354756295],[-96.11832236644734,69.89464638200761],[-96.08232164643294,69.91157213732274],[-96.11832236644734,69.92172759051178],[-96.0967219344387,69.94542364795294],[-96.24792495849918,69.95896425220502],[-96.49992999859998,70.1011405968519],[-96.57193143862878,70.26701299893995],[-96.52153043060862,70.35841207764153],[-96.43512870257406,70.40918934358686],[-96.34152683053662,70.41595964571289],[-96.32712654253086,70.49043296909937],[-96.2407248144963,70.56829144354884],[-96.19032380647614,70.53105478185563],[-96.06792135842718,70.58860234992699],[-95.79431588631773,70.53105478185563],[-96.0607212144243,70.61568355843116],[-96.04632092641855,70.64614991799834],[-95.81591631832637,70.71046778819576],[-96.0967219344387,70.65969052225043],[-96.2047240944819,70.62245386055719],[-96.3847276945539,70.67661627756553],[-96.43512870257406,70.73754899669993],[-96.61513230264606,70.79509656477128],[-96.59353187063742,70.86618473709473],[-96.51433028660574,70.95081351367025],[-96.4927298545971,71.0388274413088],[-96.37032740654814,71.08960470725413],[-96.40632812656254,71.12007106682131],[-96.41352827056542,71.0828344051281],[-96.46392927858558,71.07944925406505],[-96.55753115062302,71.12684136894737],[-96.44952899057982,71.16746318170362],[-96.37752755055102,71.1505374263885],[-96.4567291345827,71.19792954127081],[-96.42792855857118,71.25886226040518],[-96.50713014260286,71.27578801572028],[-96.30552611052222,71.29609892209842],[-96.19032380647614,71.39088315186302],[-96.04632092641855,71.4179643603672],[-95.89511790235805,71.39088315186302],[-95.67191343826877,71.28594346890935],[-95.53511070221406,71.28932861997237],[-95.5207104142083,71.3231801306026],[-95.58551171023421,71.35364649016978],[-95.43430868617374,71.37057224548488],[-95.54951099021982,71.42811981355626],[-95.3767075341507,71.50936343906875],[-95.49190983819678,71.48228223056458],[-95.80151603032061,71.50597828800574],[-95.93831876637533,71.54660010076199],[-95.87351747034941,71.58383676245523],[-95.90951819036381,71.60076251777033],[-95.72231444628893,71.62445857521149],[-95.50631012620254,71.71924280497609],[-95.26150523010462,71.7226279560391],[-95.29030580611614,71.76324976879536],[-95.22550451009022,71.82756763899275],[-94.93029860597213,71.84110824324483],[-94.73589471789437,71.82418248792973],[-94.60629212584253,71.86480430068599],[-94.75749514990301,71.83772309218182],[-94.85109702194045,71.84787854537089],[-94.93029860597213,71.8512636964339],[-95.21110422208446,71.84449339430788],[-95.25430508610174,71.868189451749],[-95.21830436608734,71.9460479261985],[-94.56309126182525,71.99682519214383],[-94.39028780575613,71.92573701982039],[-94.49828996579933,71.89865581131622],[-94.44788895777917,71.88511520706413],[-94.46228924578493,71.84787854537089],[-94.56309126182525,71.8512636964339],[-94.64949298985981,71.81402703474066],[-94.59189183783677,71.74293886241722],[-94.54149082981661,71.75986461773235],[-94.49108982179645,71.82418248792973],[-94.44788895777917,71.78694582623652],[-94.40468809376189,71.81402703474066],[-94.35428708574173,71.79710127942556],[-94.39028780575613,71.77340522198443],[-94.42628852577053,71.6616952369047],[-94.19588391767836,71.79033097729953],[-94.1454829096582,71.7564794666693],[-94.05188103762076,71.78694582623652],[-93.97267945358908,71.74632401348026],[-93.7134742694854,71.75986461773235],[-93.69907398147964,71.71247250285003],[-93.81427628552572,71.6447694815896],[-93.23106462129243,71.47212677737554],[-93.14466289325787,71.37395739654792],[-92.97185943718875,71.3401058859177],[-92.9934598691974,71.31640982847654],[-92.94305886117724,71.28932861997237],[-92.92865857317148,71.21485529658591],[-92.85665713314268,71.15730772851455],[-92.89265785315708,71.06590864981297],[-92.85665713314268,71.0388274413088],[-92.90705814116284,70.90342139878797],[-92.8494569891398,70.85602928390566],[-92.94305886117724,70.83571837752754],[-93.00066001320027,70.87295503922076],[-93.04386087721755,70.86279958603171],[-92.957459149183,70.81879262221241],[-92.67665353307068,70.77140050733013],[-92.69105382107644,70.74431929882596],[-92.65505310106204,70.73416384563689],[-92.71985439708796,70.72400839244784],[-92.64065281305628,70.71385293925877],[-92.67665353307068,70.67323112650251],[-92.48944978899578,70.66646082437646],[-92.29504590091803,70.62922416268324],[-92.3382467649353,70.59198750099],[-92.30944618892379,70.57167659461186],[-92.27344546890939,70.57167659461186],[-92.25904518090363,70.61906870949417],[-92.15824316486331,70.58521719886394],[-92.2662453249065,70.55136568823374],[-92.18704374087483,70.50397357335146],[-92.28784575691515,70.48704781803633],[-92.11504230084603,70.47012206272123],[-92.12944258885179,70.43288540102799],[-91.99983999679995,70.39226358827173],[-91.99263985279707,70.31779026488528],[-92.08624172483451,70.29747935850716],[-91.99983999679995,70.29747935850716],[-91.94943898877979,70.2568575457509],[-91.92063841276827,70.29747935850716],[-91.85583711674235,70.30424966063319],[-91.89903798075963,70.33133086913736],[-91.89183783675675,70.35502692657852],[-91.7262345246905,70.35841207764153],[-91.6902338046761,70.31440511382226],[-91.7262345246905,70.29747935850716],[-91.69743394867898,70.1959248266165],[-91.63263265265306,70.23316148830975],[-91.5102302046041,70.15191786279723],[-92.00704014080283,70.12145150323005],[-92.2302446048921,70.18576937342746],[-92.28064561291227,70.25008724362485],[-92.35984719694395,70.23993179043578],[-92.2662453249065,70.20946543086859],[-92.27344546890939,70.18576937342746],[-92.4822496449929,70.17561392023839],[-92.38864777295547,70.1451475606712],[-92.4822496449929,70.09098514366286],[-92.5902518050361,70.07744453941078],[-92.46784935698714,70.04359302878055],[-92.43184863697275,70.07405938834773],[-92.12944258885179,70.0842148415368],[-91.94223884477691,70.01989697133942],[-92.07904158083163,69.98604546070919],[-92.2662453249065,69.90141668413366],[-92.25184503690075,69.87772062669251],[-92.5542510850217,69.80663245436907],[-92.56865137302746,69.7626254905498],[-92.64065281305628,69.79309185011698],[-92.69105382107644,69.7456997352347],[-92.87105742114844,69.7016927714154],[-92.53265065301306,69.70846307354145],[-92.7414548290966,69.67122641184821],[-92.9214584291686,69.67122641184821],[-92.66225324506492,69.65430065653311],[-92.35264705294107,69.7016927714154],[-92.3742474849497,69.6678412607852],[-92.35984719694395,69.65768580759612],[-92.08624172483451,69.62383429696592],[-92.3022460449209,69.64076005228102],[-92.12224244484891,69.5561312757055],[-91.80543610872219,69.48165795231904],[-91.79823596471931,69.51550946294924],[-91.71183423668474,69.53582036932735],[-91.73343466869338,69.54936097357944],[-91.58943178863578,69.57982733314665],[-91.59663193263866,69.61029369271384],[-91.4742294845897,69.66445610972218],[-91.09262185243706,69.63060459909195],[-91.2222244444889,69.61706399483987],[-91.33742674853498,69.55274612464248],[-91.55343106862138,69.50535400976017],[-91.33742674853498,69.51550946294924],[-91.19342386847738,69.56290157783152],[-91.09982199643994,69.50873916082321],[-90.89101782035642,69.53582036932735],[-90.87661753235065,69.48165795231904],[-90.76141522830457,69.48165795231904],[-90.71821436428729,69.5392055203904],[-90.49500990019801,69.50535400976017],[-90.3222064441289,69.44103613956278],[-90.55261105222105,69.42411038424765],[-90.70381407628153,69.45457674381487],[-90.58141162823257,69.41734008212163],[-90.79741594831897,69.35979251405027],[-90.81181623632473,69.2548528310966],[-90.9342186843737,69.24808252897057],[-90.8982179643593,69.26839343534868],[-90.9702194043881,69.26839343534868],[-90.91981839636794,69.29885979491587],[-91.07102142042842,69.26500828428567],[-91.09982199643994,69.28193403960077],[-90.94861897237946,69.35302221192421],[-91.19342386847738,69.28870434172683],[-91.44542890857818,69.3496370608612],[-90.66781335626713,69.08221012688253],[-90.71101422028441,69.00435165243303],[-90.60301206024121,68.97727044392886],[-90.58141162823257,68.92987832904657],[-90.63181263625273,68.91633772479449],[-90.43740874817497,68.87571591203823],[-90.48060961219225,68.85540500566009],[-90.43740874817497,68.83170894821893],[-90.59581191623833,68.80462773971479],[-90.43740874817497,68.8249386460929],[-90.47340946818937,68.80124258865175],[-90.45180903618073,68.77754653121062],[-90.50941018820377,68.78093168227363],[-90.52381047620953,68.74369502058039],[-90.48060961219225,68.70645835888715],[-90.49500990019801,68.66245139506788],[-90.56701134022681,68.62521473337466],[-90.49500990019801,68.59813352487049],[-90.5382107642153,68.56428201424026],[-90.47340946818937,68.53043050361006],[-90.61021220424409,68.44580172703454],[-90.31500630012602,68.37132840364805],[-90.48060961219225,68.3307065908918],[-90.32940658813177,68.35101749726994],[-90.27900558011162,68.24269266325325],[-90.20700414008282,68.23253721006418],[-90.12060241204826,68.26300356963137],[-90.17100342006842,68.3137808355767],[-89.99819996399928,68.37809870577411],[-89.90459809196184,68.45257202916056],[-89.91179823596472,68.47288293553868],[-89.80379607592153,68.5405859567991],[-89.92619852397048,68.56428201424026],[-89.94779895597912,68.60828897805953],[-89.89739794795896,68.66245139506788],[-89.80379607592153,68.7132286610132],[-89.74619492389849,68.66922169719393],[-89.76779535590713,68.62182958231162],[-89.71739434788697,68.64891079081579],[-89.73179463589273,68.69968805676112],[-89.68139362787257,68.81139804184082],[-89.7389947798956,68.83170894821893],[-89.71019420388409,68.84863470353406],[-89.75339506790137,68.94003378223562],[-89.71739434788697,69.00773680349604],[-89.48698973979481,69.1092913353867],[-89.39338786775737,69.21761616940336],[-89.11258225164504,69.27516373747474],[-88.93977879557592,69.23115677365544],[-88.86777735554712,69.14991314814296],[-88.77417548350968,69.09913588219763],[-88.20536410728215,68.91295257373145],[-87.96775935518711,68.76062077589549],[-87.91735834716695,68.65568109294185],[-87.94615892317847,68.60490382699652],[-87.78775575511511,68.39163931002619],[-87.80935618712375,68.35778779939596],[-87.78775575511511,68.32732143982878],[-87.83815676313527,68.26638872069441],[-87.9389587791756,68.19530054837094],[-88.00376007520151,68.23253721006418],[-88.16216324326487,68.23253721006418],[-88.19096381927639,68.37471355471106],[-88.39256785135704,68.28669962707252],[-88.27736554731095,68.11067177179541],[-88.37816756335128,68.02604299521988],[-88.35656713134264,67.99896178671571],[-88.3709674193484,67.95833997395945],[-88.27016540330807,67.79246757187141],[-88.16216324326487,67.73830515486307],[-88.14056281125623,67.66383183147661],[-87.95335906718135,67.60628426340526],[-87.48534970699416,67.36255338686772],[-87.44934898697976,67.26099885497709],[-87.3557471149423,67.26099885497709],[-87.5069501390028,67.1865255315906],[-87.5069501390028,67.11205220820415],[-87.4277485549711,67.1695997762755],[-87.34134682693654,67.17637007840156],[-87.30534610692214,67.09851160395206],[-87.26934538690774,67.09512645288905],[-87.22614452289046,67.22714734434686],[-87.15414308286167,67.24068794859895],[-87.1037420748415,67.17975522946458],[-87.07494149882999,67.25422855285103],[-86.95973919478391,67.25084340178802],[-87.01014020280407,67.27792461029219],[-86.9957399147983,67.30162066773335],[-87.08934178683575,67.35239793367865],[-86.97413948278967,67.31516127198543],[-86.95973919478391,67.3591682358047],[-86.87333746674935,67.40656035068699],[-86.77973559471191,67.42348610600209],[-86.65013300266007,67.3591682358047],[-86.61413228264567,67.40317519962397],[-86.59253185063703,67.34562763155262],[-86.53493069861398,67.34562763155262],[-86.50613012260246,67.3760939911198],[-86.53493069861398,67.44041186131722],[-86.47732954659094,67.46749306982139],[-86.49892997859958,67.50134458045159],[-86.44852897057942,67.59612881021619],[-86.5277305546111,67.68075758679171],[-86.36212724254486,67.8229339314386],[-86.1317226344527,67.95156967183343],[-86.12452249044982,68.0125023909678],[-86.08132162643254,67.97526572927455],[-85.89411788235766,68.04973905266104],[-85.9157183143663,68.10390146966938],[-85.85811716234326,68.13775298029958],[-85.88691773835478,68.18853024624491],[-85.78611572231446,68.21561145474908],[-85.8437168743375,68.22915205900117],[-85.8077161543231,68.29346992919855],[-85.8437168743375,68.31716598663971],[-85.71411428228566,68.39840961215222],[-85.74291485829718,68.43564627384546],[-85.67091341826837,68.44918687809755],[-85.74291485829718,68.46949778447566],[-85.71411428228566,68.50334929510589],[-85.75011500230006,68.62182958231162],[-85.64931298625973,68.73692471845436],[-85.48370967419349,68.74030986951738],[-85.46210924218485,68.76062077589549],[-85.56291125822517,68.77754653121062],[-85.51251025020501,68.78431683333665],[-85.2317046340927,68.70984350995019],[-85.26050521010421,68.75046532270645],[-85.22450449008981,68.75723562483248],[-84.77809556191124,68.73692471845436],[-84.7564951299026,68.77077622908456],[-84.83569671393428,68.82155349502989],[-85.03010060201206,68.81139804184082],[-85.1957039140783,68.86217530778615],[-85.00850017000342,68.87910106310125],[-85.06610132202646,68.90618227160542],[-84.99409988199766,68.92649317798353],[-85.11650233004661,68.93326348010959],[-85.13810276205525,68.94680408436167],[-85.11650233004661,68.95695953755074],[-84.79969599391988,68.93326348010959],[-84.98689973799478,69.00096650137002],[-84.83569671393428,69.00773680349604],[-84.82129642592852,69.0314328609372],[-84.59089181783636,68.99419619924396],[-84.52609052181045,69.01789225668512],[-84.73489469789396,69.03481801200022],[-84.77089541790836,69.08221012688253],[-84.9436988739775,69.08221012688253],[-84.96529930598614,69.11606163751273],[-85.02290045800918,69.11606163751273],[-84.96529930598614,69.13637254389087],[-85.00130002600054,69.1431428460169],[-85.1237024740495,69.11606163751273],[-85.13810276205525,69.12960224176481],[-85.10210204204085,69.15329829920597],[-84.99409988199766,69.17360920558409],[-85.17410348206965,69.17022405452107],[-85.22450449008981,69.12960224176481],[-85.31810636212725,69.14652799707991],[-85.20290405808117,69.18037950771014],[-85.38290765815317,69.20407556515127],[-85.50531010620213,69.315785550231],[-85.34690693813877,69.30563009704193],[-85.50531010620213,69.39364402468047],[-85.38290765815317,69.41395493105861],[-85.41170823416469,69.4444212906258],[-85.33970679413589,69.43765098849974],[-85.42610852217045,69.4613470459409],[-85.49090981819637,69.43765098849974],[-85.54131082621653,69.47488765019298],[-85.47650953019061,69.56290157783152],[-85.38290765815317,69.56628672889457],[-85.54131082621653,69.63737490121801],[-85.52691053821077,69.67122641184821],[-85.44050881017621,69.7016927714154],[-85.44050881017621,69.73892943310864],[-85.51251025020501,69.76939579267582],[-85.41170823416469,69.78970669905397],[-85.39010780215605,69.7795512458649],[-85.41170823416469,69.75585518842374],[-85.37570751415029,69.75247003736072],[-85.33250665013301,69.77278094373887],[-85.34690693813877,69.81340275649512],[-85.58451169023381,69.82694336074721],[-85.56291125822517,69.86079487137741],[-85.37570751415029,69.85063941818834],[-85.06610132202646,69.76939579267582],[-85.0517010340207,69.79986215224304],[-84.8716974339487,69.81678790755814],[-84.85729714594294,69.83032851181022],[-84.87889757795158,69.85402456925138],[-84.74929498589972,69.83371366287324],[-84.432488649773,69.86079487137741],[-83.73407468149364,69.70507792247844],[-83.34526690533812,69.67461156291125],[-83.25166503330068,69.70507792247844],[-83.00686013720275,69.67799671397427],[-82.6684533690674,69.67799671397427],[-82.67565351307027,69.7016927714154],[-82.25804516090322,69.63737490121801],[-82.40924818496372,69.60690854165082],[-82.60365207304147,69.64414520334404],[-82.5964519290386,69.62044914590291],[-82.65405308106163,69.61706399483987],[-82.55325106502131,69.58659763527268],[-82.74045480909619,69.57644218208361],[-82.61085221704435,69.56628672889457],[-82.50285005700115,69.49181340550808],[-83.2444648892978,69.5561312757055],[-83.29486589731796,69.53582036932735],[-82.78365567311347,69.49519855657113],[-82.23644472889458,69.40041432680653],[-82.39484789695796,69.39702917574348],[-82.14284285685714,69.29885979491587],[-82.25084501690034,69.28870434172683],[-82.2292445848917,69.26500828428567],[-82.29404588091764,69.24808252897057],[-82.25804516090322,69.23454192471849],[-82.04204084081682,69.24131222684451],[-82.0132402648053,69.27516373747474],[-81.69643392867859,69.26162313322266],[-81.49482989659795,69.19730526302524],[-81.3292265845317,69.18376465877316],[-81.27162543250866,69.08559527794554],[-81.46602932058643,69.07205467369346],[-81.56683133662675,68.99081104818094],[-81.68923378467571,68.98742589711793],[-81.71803436068723,68.95018923542469],[-82.05644112882258,68.87233076097519],[-81.67483349666995,68.9027971205424],[-81.58843176863539,68.86894560991217],[-81.56683133662675,68.82832379715592],[-81.48762975259507,68.86556045884916],[-81.37962759255186,68.86556045884916],[-81.23562471249426,68.77077622908456],[-81.26442528850578,68.74369502058039],[-81.2572251445029,68.64214048868976],[-81.63163263265267,68.5067344461689],[-81.81163623272467,68.523660201484],[-81.79003580071603,68.50334929510589],[-81.8332366647333,68.45934233128659],[-81.97003940078802,68.42210566959338],[-82.02764055281106,68.43564627384546],[-82.07804156083122,68.50334929510589],[-82.25804516090322,68.53381565467308],[-82.17164343286866,68.48642353979076],[-82.2292445848917,68.45595718022358],[-82.61085221704435,68.51688989935798],[-82.632452649053,68.49319384191682],[-82.4884497689954,68.45257202916056],[-82.64685293705875,68.44580172703454],[-82.64685293705875,68.41872051853036],[-82.50285005700115,68.40517991427828],[-82.36604732094644,68.35101749726994],[-82.36604732094644,68.31716598663971],[-82.51005020100403,68.3137808355767],[-82.42364847296948,68.27654417388345],[-82.2652453049061,68.28331447600951],[-82.272445448909,68.2359223611272],[-82.3444468889378,68.17160449092981],[-82.31564631292628,68.14790843348865],[-82.17884357687154,68.11067177179541],[-82.0492409848197,68.20884115262302],[-81.99163983279666,68.20545600156001],[-82.02764055281106,68.1242123760475],[-82.1212424248485,68.10390146966938],[-82.07804156083122,68.08359056329124],[-82.17164343286866,68.00234693777873],[-82.09964199283986,67.90756270801415],[-81.93403868077363,67.8229339314386],[-81.80443608872179,67.79923787399747],[-81.82603652073043,67.77554181655631],[-81.43002860057203,67.61305456553129],[-81.24282485649714,67.47426337194742],[-81.23562471249426,67.43702671025417],[-81.30762615252306,67.38624944430887],[-81.35082701654034,67.29146521454427],[-81.37962759255186,67.1695997762755],[-81.43002860057203,67.06804524438488],[-81.49482989659795,67.05450464013279],[-81.49482989659795,67.01049767631352],[-81.52363047260947,66.99018676993538],[-81.62443248864979,67.00372737418746],[-81.71083421668435,66.96987586355726],[-81.8332366647333,66.99695707206143],[-81.99163983279666,66.95972041036819],[-82.04204084081682,66.91909859761194],[-82.02044040880818,66.89540254017078],[-82.09244184883698,66.85816587847756],[-82.07804156083122,66.82769951891035],[-82.18604372087442,66.76338164871296],[-82.1572431448629,66.70921923170462],[-82.37324746494932,66.72614498701972],[-82.37324746494932,66.69567862745254],[-82.55325106502131,66.6245904551291],[-82.5964519290386,66.56027258493168],[-83.01406028120563,66.5467319806796],[-83.01406028120563,66.50611016792334],[-83.05726114522291,66.4688735062301],[-83.36686733734676,66.35039321902437],[-83.57567151343028,66.34362291689831],[-83.5684713694274,66.36731897433947],[-83.65487309746196,66.40794078709573],[-83.6404728094562,66.43840714666291],[-83.532470649413,66.39440018284364],[-83.66927338546772,66.51965077217542],[-83.8564771295426,66.54334682961658],[-83.89967799355988,66.59750924662492],[-83.97887957759156,66.5805834913098],[-84.01488029760597,66.6922934763895],[-83.92127842556852,66.69906377851555],[-83.89967799355988,66.64490136150721],[-83.8564771295426,66.68213802320045],[-83.95727914558292,66.74645589339784],[-83.88527770555412,66.81415891465826],[-83.90687813756276,66.87509163379266],[-83.94287885757716,66.81415891465826],[-84.10128202564053,66.74645589339784],[-84.10848216964341,66.70921923170462],[-84.25968519370389,66.71598953383065],[-84.31728634572693,66.74984104446088],[-84.26688533770677,66.7870777061541],[-84.43968879377589,66.81754406572131],[-84.23808476169525,66.83446982103641],[-84.38208764175285,66.86493618060359],[-84.41808836176725,66.90217284229684],[-84.38928778575573,66.92248374867495],[-84.58369167383348,66.97664616568329],[-84.36768735374709,66.96987586355726],[-84.92929858597174,67.0578897911958],[-84.9076981539631,67.03757888481769],[-84.93649872997462,67.03080858269163],[-84.84289685793716,67.00372737418746],[-84.8716974339487,66.98341646780935],[-84.76369527390548,67.00711252525048],[-84.64129282585652,66.97664616568329],[-85.0517010340207,66.9631055614312],[-85.21010420208405,66.91232829548588],[-85.14530290605813,66.90555799335985],[-85.2317046340927,66.87170648272962],[-85.11650233004661,66.83446982103641],[-84.9436988739775,66.86493618060359],[-84.90049800996022,66.89878769123379],[-84.99409988199766,66.92248374867495],[-84.77089541790836,66.95295010824213],[-84.60529210584212,66.93602435292703],[-84.61969239384788,66.91571344654892],[-84.56209124182485,66.90217284229684],[-84.74929498589972,66.89878769123379],[-84.5044900898018,66.82431436784734],[-84.69169383387668,66.84124012316244],[-84.31728634572693,66.77353710190201],[-84.43968879377589,66.70921923170462],[-84.32448648972981,66.6753677210744],[-84.14448288965781,66.68213802320045],[-84.14448288965781,66.6415162104442],[-84.21648432968661,66.59073894449887],[-83.91407828156564,66.44517744878897],[-83.87087741754836,66.39440018284364],[-83.86367727354548,66.31315655733113],[-83.7844756895138,66.29961595307904],[-83.6764735294706,66.20144657225143],[-83.84927698553972,66.15405445736914],[-83.7844756895138,66.19806142118841],[-83.79887597751956,66.21498717650351],[-83.9644792895858,66.19467627012537],[-84.21648432968661,66.3233120105202],[-84.34608692173845,66.27591989563788],[-84.38928778575573,66.29284565095301],[-84.42528850577013,66.36393382327645],[-84.52609052181045,66.40455563603271],[-84.63409268185364,66.33008231264623],[-84.40368807376149,66.2116020254405],[-84.37488749774997,66.15743960843216],[-84.46128922578453,66.16082475949517],[-84.56209124182485,66.20483172331444],[-84.76369527390548,66.21498717650351],[-84.8716974339487,66.26576444244884],[-84.9796995939919,66.2454535360707],[-85.08050161003221,66.27930504670093],[-85.11650233004661,66.3233120105202],[-85.18130362607253,66.2623792913858],[-85.25330506610133,66.27253474457487],[-85.3037060741215,66.31315655733113],[-85.29650593011861,66.35039321902437],[-85.33970679413589,66.39440018284364],[-85.34690693813877,66.48579926154522],[-85.47650953019061,66.5805834913098],[-85.8437168743375,66.49933986579731],[-86.1317226344527,66.49933986579731],[-86.33332666653334,66.55011713174261],[-86.40532810656214,66.5128804700494],[-86.57813156263127,66.55688743386867],[-86.57813156263127,66.51965077217542],[-86.62133242664855,66.50611016792334],[-86.77973559471191,66.51965077217542],[-86.64293285865719,66.43163684453688],[-86.80853617072343,66.44179229772593],[-86.63573271465431,66.31654170839414],[-86.33332666653334,66.28269019776394],[-85.90131802636054,66.16420991055818],[-86.01652033040662,66.0998920403608],[-85.98051961039222,66.07619598291964],[-85.98051961039222,66.02880386803733],[-86.2037240744815,65.98141175315504],[-86.2397247944959,65.93740478933577],[-86.32612652253046,65.90355327870554],[-86.4197283945679,65.90355327870554],[-86.49892997859958,65.80876904894097],[-86.4557291145823,65.78507299149982],[-86.44852897057942,65.74783632980657],[-86.55653113062262,65.66320755323105],[-86.67893357867159,65.64628179791595],[-86.83013660273207,65.55488271921436],[-86.98853977079543,65.53457181283625],[-86.97413948278967,65.5142609064581],[-87.02454049080983,65.4804093958279],[-87.11094221884439,65.46009848944976],[-87.11814236284727,65.43301728094559],[-87.06054121082423,65.41270637456748],[-87.1037420748415,65.39239546818933],[-87.37014740294806,65.32130729586589],[-87.96775935518711,65.33146274905496],[-88.21256425128503,65.4025509213784],[-88.334966699334,65.49395000007999],[-88.55817116342328,65.58534907878155],[-88.83177663553272,65.6428966468529],[-88.41416828336568,65.62935604260085],[-88.85337706754136,65.70044421492429],[-88.93977879557592,65.6869036106722],[-89.1269825396508,65.73429572555449],[-89.17738354767097,65.77830268937376],[-89.42938858777177,65.86631661701233],[-89.51579031580633,65.85954631488627],[-89.52299045980921,65.88662752339044],[-89.67419348386969,65.94078994039879],[-89.99819996399928,65.87308691913836],[-90.40140802816057,65.86970176807534],[-90.4302086041721,65.88324237232743],[-90.3942078841577,65.89678297657952],[-90.22860457209146,65.90016812764253],[-90.23580471609434,65.92386418508369],[-90.59581191623833,65.89678297657952],[-91.31582631652634,65.97125629996597],[-91.49582991659834,65.9441750914618],[-91.02062041240826,65.80538389787793],[-91.12142242844858,65.90355327870554],[-91.08542170843418,65.92047903402067],[-90.54541090821817,65.88324237232743],[-89.99819996399928,65.79522844468889],[-89.46538930778617,65.60227483409668],[-89.40058801176025,65.50749060433208],[-89.17018340366809,65.42963212988258],[-89.054981099622,65.32807759799195],[-88.06136122722455,65.26037457673152],[-87.67255345106904,65.29084093629871],[-87.3557471149423,65.2705300299206],[-87.05334106682135,65.23667851929036],[-87.0317406348127,65.22313791503828],[-87.05334106682135,65.19944185759712],[-86.93093861877239,65.13850913846275],[-86.9957399147983,65.0978873257065],[-86.96693933878679,65.05388036188722],[-87.11094221884439,64.99971794487888],[-87.07494149882999,64.97602188743772],[-87.09654193083863,64.95232582999657],[-87.23334466689334,64.88462280873617],[-87.30534610692214,64.80676433428667],[-87.29094581891638,64.7627573704674],[-87.44934898697976,64.70859495345906],[-87.49254985099704,64.74244646408926],[-87.52855057101144,64.71536525558508],[-87.51415028300568,64.63750678113561],[-87.5789515790316,64.56641860881217],[-87.80935618712375,64.51564134286684],[-87.88855777115543,64.33961348758973],[-88.04696093921879,64.24821440888815],[-88.05416108322167,64.22790350251003],[-87.98215964319287,64.19066684081679],[-88.11176223524471,64.13650442380845],[-88.22696453929079,64.13988957487149],[-88.73817476349528,63.96724687065739],[-88.85337706754136,63.97740232384646],[-88.89657793155864,64.01125383447666],[-88.99737994759896,63.98755777703553],[-88.99737994759896,64.00786868341365],[-89.14858297165944,64.05864594935898],[-89.26378527570553,64.1602004812496],[-89.28538570771417,64.13650442380845],[-89.18458369167385,64.03833504298083],[-89.09818196363928,63.96386171959438],[-89.02618052361048,63.95032111534229],[-89.14138282765656,63.95032111534229],[-89.27098541970841,64.0146389855397],[-89.24938498769977,63.96047656853136],[-89.36458729174585,64.03833504298083],[-89.44378887577753,64.02140928766573],[-89.55179103582073,64.07895685573709],[-89.56619132382649,64.00786868341365],[-89.48698973979481,63.943550813216234],[-89.64539290785817,64.05526079829593],[-89.71019420388409,64.07895685573709],[-89.69579391587833,64.04172019404388],[-89.71739434788697,64.03494989191782],[-89.81819636392729,64.09926776211523],[-89.8109962199244,64.12973412168242],[-89.7389947798956,64.14665987699752],[-89.77499549991,64.24144410676212],[-89.8109962199244,64.19405199187983],[-89.8829976599532,64.20082229400586],[-89.81819636392729,64.17374108550169],[-89.82539650793017,64.1432747259345],[-90.12060241204826,64.1263489706194],[-89.91179823596472,64.10603806424126],[-89.94779895597912,64.05864594935898],[-89.8469969399388,64.02140928766573],[-89.91179823596472,64.0146389855397],[-89.91179823596472,63.99432807916156],[-89.83259665193304,63.98078747490948],[-89.8109962199244,63.936780511090205],[-89.9909998199964,63.92323990683812],[-89.94779895597912,63.96386171959438],[-89.99819996399928,63.98417262597249],[-90.09180183603674,63.95032111534229],[-90.18540370807418,64.00786868341365],[-90.27900558011162,64.00448353235063],[-90.09180183603674,63.92323990683812],[-90.12060241204826,63.91646960471206],[-90.09900198003962,63.88261809408186],[-89.99819996399928,63.77429326006518],[-90.11340226804538,63.77767841112819],[-90.05580111602234,63.74382690049799],[-90.17100342006842,63.65581297285945],[-90.14940298805978,63.62873176435528],[-90.20700414008282,63.61180600904015],[-90.27900558011162,63.61180600904015],[-90.22140442808858,63.63550206648131],[-90.2862057241145,63.649042670733394],[-90.45180903618073,63.615191160103194],[-90.48780975619513,63.632116915418294],[-90.4662093241865,63.649042670733394],[-90.5382107642153,63.65581297285945],[-90.48780975619513,63.67273872817455],[-90.62461249224985,63.703205087741736],[-90.69661393227865,63.65581297285945],[-90.58861177223545,63.676123879237565],[-90.55261105222105,63.65581297285945],[-90.55261105222105,63.60165055585111],[-90.92701854037082,63.564413894157866],[-91.06382127642554,63.62196146222922],[-91.37342746854938,63.659198123922465],[-91.39502790055802,63.686279332426636],[-91.3302266045321,63.676123879237565],[-91.40942818856378,63.70659023880475],[-91.66863337266746,63.720130843056836],[-91.6542330846617,63.75059720262402],[-91.69743394867898,63.77429326006518],[-91.74783495669915,63.73367144730892],[-91.91343826876539,63.74044174943498],[-91.98543970879419,63.77767841112819],[-91.89183783675675,63.80137446856935],[-91.98543970879419,63.81830022388445],[-92.04304086081723,63.74382690049799],[-92.13664273285467,63.74721205156101],[-92.3742474849497,63.77767841112819],[-92.50385007700154,63.831840828136535],[-92.7054541090822,63.84538143238862],[-92.76305526110524,63.88938839620789],[-93.43986879737595,64.0146389855397],[-93.61267225344508,64.09249745998918],[-93.63427268545372,64.11957866849335],[-93.61267225344508,64.15681533018659],[-93.77107542150844,64.19405199187983],[-93.67027340546812,64.1263489706194],[-93.66307326146524,64.0823420068001],[-93.54787095741916,64.02479443872875],[-93.6054721094422,64.00786868341365],[-93.54787095741916,64.00448353235063],[-93.58387167743356,63.98417262597249],[-93.76387527750556,63.98755777703553],[-93.77107542150844,63.95709141746832],[-93.69907398147964,63.95032111534229],[-93.64867297345948,63.875847791955806],[-93.33906678133563,63.80814477069541],[-93.38226764535291,63.841996281325606],[-93.21666433328667,63.841996281325606],[-93.34626692533851,63.86230718770375],[-93.44706894137883,63.926625057901134],[-93.42546850937019,63.936780511090205],[-93.45426908538171,63.96047656853136],[-93.36786735734715,63.96724687065739],[-93.22386447728955,63.909699302586034],[-92.75585511710236,63.82507052601051],[-92.61905238104764,63.770908109002164],[-92.49664993299866,63.814915072821435],[-92.39584791695835,63.737056598371936],[-92.25184503690075,63.74044174943498],[-92.10064201284027,63.703205087741736],[-92.20144402888059,63.676123879237565],[-92.20864417288347,63.65242782179641],[-92.17264345286907,63.63888721754432],[-92.28784575691515,63.62196146222922],[-92.3382467649353,63.64565751967038],[-92.38144762895259,63.59149510266204],[-92.53985079701594,63.554258440968795],[-92.47504950099002,63.52379208140161],[-92.32384647692955,63.571184196283895],[-92.2302446048921,63.53394753459068],[-92.19424388487771,63.615191160103194],[-91.77663553271067,63.71674569199382],[-91.6182323646473,63.649042670733394],[-91.60383207664154,63.581339649472966],[-91.38782775655514,63.520406930338595],[-91.38782775655514,63.48655541970837],[-91.27262545250906,63.503481175023495],[-91.06382127642554,63.44931875801515],[-91.01342026840538,63.46624451333025],[-90.78301566031321,63.39515634100681],[-90.97741954839098,63.41885239844794],[-90.68941378827577,63.354534528250554],[-90.68221364427289,63.3308384708094],[-90.73981479629593,63.32406816868337],[-90.73981479629593,63.293601809116154],[-90.69661393227865,63.276676053801054],[-90.72541450829017,63.24959484529688],[-90.68221364427289,63.2191284857297],[-90.73261465229305,63.17850667297344],[-90.67501350027001,63.15819576659533],[-90.68941378827577,63.11757395383907],[-90.65341306826137,63.087107594271856],[-90.68941378827577,63.07695214108281],[-90.62461249224985,63.060026385767685],[-90.70381407628153,63.03633032832656],[-90.71821436428729,63.0126342708854],[-90.68941378827577,63.00586396875934],[-90.75421508430169,62.992323364507286],[-90.71821436428729,62.96862730706613],[-90.78301566031321,62.96185700494007],[-90.78301566031321,62.93816094749894],[-91.04942098841978,62.94154609856196],[-91.17902358047162,62.904309436868715],[-91.21502430048602,62.85353217092339],[-91.40942818856378,62.81968066029319],[-91.35902718054362,62.789214300726],[-92.12224244484891,62.87384307730153],[-92.09344186883739,62.79936975391507],[-92.3382467649353,62.843376717734344],[-92.45344906898139,62.81629550923017],[-92.33104662093243,62.7113558262765],[-92.21584431688635,62.68427461777233],[-92.28784575691515,62.6775043156463],[-91.94943898877979,62.65042310714213],[-91.87743754875099,62.619956747574946],[-91.94943898877979,62.531942819936376],[-92.05024100482011,62.52517251781035],[-92.17264345286907,62.54548342418846],[-92.14384287685755,62.57933493481869],[-92.16544330886619,62.5996458411968],[-92.2662453249065,62.59626069013379],[-92.24464489289787,62.565794330566604],[-92.32384647692955,62.56917948162962],[-92.32384647692955,62.54209827312545],[-92.38144762895259,62.52855766887336],[-92.4822496449929,62.55225372631452],[-92.47504950099002,62.59626069013379],[-92.5182503650073,62.57256463269263],[-92.61905238104764,62.61318644544889],[-92.53985079701594,62.531942819936376],[-92.56145122902458,62.498091309306176],[-92.49664993299866,62.50824676249522],[-92.53985079701594,62.47778040292803],[-92.53265065301306,62.44392889229783],[-92.71265425308508,62.46423979867595],[-92.73425468509372,62.427003136982734],[-92.68385367707356,62.37284071997439],[-92.82065641312828,62.349144662533234],[-92.59745194903898,62.31190800083999],[-92.60465209304188,62.26451588595771],[-92.6334526690534,62.254360432768635],[-92.46784935698714,62.14603559875195],[-92.60465209304188,62.15619105194102],[-92.62625252505052,62.210353468949364],[-92.74865497309948,62.29159709446188],[-93.14466289325787,62.33560405828115],[-92.777455549111,62.237434677453535],[-92.79185583711676,62.176501958319136],[-93.00066001320027,62.20019801576029],[-92.97905958119163,62.16973165619311],[-93.10866217324347,62.15619105194102],[-93.13026260525211,62.132494994499865],[-93.07986159723195,62.105413785995694],[-93.02226044520891,62.125724692373836],[-92.92865857317148,62.105413785995694],[-92.9934598691974,62.06817712430248],[-93.0654613092262,62.07833257749152],[-93.07986159723195,62.03432561367225],[-93.15906318126363,62.05125136898735],[-93.15906318126363,61.98016319666391],[-93.30306606132123,62.04786621792434],[-93.33186663733275,62.04786621792434],[-93.29586591731835,62.01739985835715],[-93.41106822136443,62.03094046260924],[-93.21666433328667,61.95308198815974],[-93.38946778935579,61.94631168603371],[-93.30306606132123,61.91923047752954],[-93.28146562931259,61.89553442008838],[-93.30306606132123,61.88537896689931],[-93.61987239744796,61.949696837096724],[-93.49026980539612,61.88537896689931],[-93.59827196543932,61.87860866477328],[-93.61267225344508,61.85152745626911],[-93.36066721334427,61.821061096701925],[-93.43266865337307,61.8041353413868],[-93.24546490929819,61.78382443500868],[-93.25266505330107,61.743202622252426],[-93.46866937338748,61.76351352863054],[-93.41106822136443,61.72289171587431],[-93.31026620532411,61.726276866937326],[-93.64867297345948,61.63487778823574],[-93.77827556551132,61.55024901166021],[-93.82867657353148,61.570559918038356],[-93.87187743754876,61.51301234996697],[-93.98707974159484,61.455464781895614],[-93.93667873357468,61.40807266701333],[-93.9654793095862,61.39791721382426],[-93.86467729354588,61.387761760635186],[-93.8214764295286,61.34713994787893],[-93.94387887757756,61.29636268193363],[-94.1094821896438,61.3234438904378],[-94.0014800296006,61.2286596606732],[-94.10228204564092,61.160956639412774],[-94.037480749615,61.15757148834976],[-94.06628132562652,61.110179373467446],[-93.97987959759196,61.09663876921536],[-94.13108262165244,61.066172409648175],[-94.23188463769276,60.90368515862315],[-94.34708694173885,60.85967819480388],[-94.41188823776477,60.76150881397626],[-94.40468809376189,60.710731548030935],[-94.48388967779357,60.649798828896564],[-94.51269025380509,60.544859145942894],[-94.57749154983101,60.521163088501766],[-94.73589471789437,60.538088843816865],[-94.64949298985981,60.494081879997594],[-94.79349586991741,60.49746703106061],[-94.68549370987421,60.47377097361945],[-94.61349226984541,60.37898674385485],[-94.70709414188285,60.260506456649125],[-94.67109342186845,60.189418284325654],[-94.72149442988861,60.138641018380355],[-94.70709414188285,60.08447860137201],[-94.76469529390589,60.060782543930856],[-94.75749514990301,60.016775580111585],[-94.80069601392029,59.999849824796485],[-99.62479249584993,59.999849824796485],[-100.04240084801697,59.999849824796485],[-102.00084001680034,59.999849824796485],[-101.98643972879458,64.21436289825795],[-109.38818776375528,64.82707524066478],[-110.64821296425929,65.50072030220602],[-112.49864997299947,65.50749060433208],[-120.65641312826257,68.00234693777873]]],[[[-110.02180043600873,72.7110920664413],[-109.83459669193385,72.66369995155901],[-109.82019640392808,72.6772405558111],[-109.8561971239425,72.70432176431527],[-109.76979539590792,72.72124751963037],[-110.02180043600873,72.74832872813454],[-110.01460029200585,72.97513384935698],[-109.89939798795977,72.96497839616791],[-109.8561971239425,72.9175862812856],[-109.6329926598532,72.9175862812856],[-109.75539510790216,72.87696446852934],[-109.3809876197524,72.7720247855757],[-109.40258805176104,72.75171387919755],[-109.164983299666,72.75848418132361],[-109.11458229164585,72.74155842600851],[-109.15778315566313,72.71786236856735],[-108.93457869157383,72.66708510262202],[-109.02818056361129,72.64677419624391],[-109.04258085161705,72.56891572179441],[-108.84817696353927,72.56891572179441],[-108.89137782755655,72.5993820813616],[-108.86977739554791,72.60615238348765],[-108.62497249945,72.5486048154163],[-108.5889717794356,72.49444239840795],[-108.63937278745576,72.44366513246263],[-108.6609732194644,72.34549575163501],[-108.52417048340968,72.19993425592509],[-108.53857077141544,72.14238668785373],[-108.40176803536072,72.14577183891677],[-108.43056861137224,72.12884608360164],[-108.40176803536072,72.11192032828654],[-108.4089681793636,71.99005489001777],[-108.29376587531752,71.97651428576569],[-108.32976659533192,71.92573701982039],[-108.18576371527432,71.95620337938757],[-108.29376587531752,71.87495975387506],[-108.24336486729736,71.8343379411188],[-108.27936558731176,71.78694582623652],[-108.16416328326568,71.75309431560629],[-108.23616472329448,71.71247250285003],[-108.06336126722535,71.71924280497609],[-107.97695953919079,71.66508038796775],[-107.98415968319367,71.63461402840053],[-107.84735694713895,71.60414766883335],[-107.72495449908999,71.62445857521149],[-107.83295665913319,71.68200614328285],[-107.80415608312167,71.72601310710212],[-107.66735334706695,71.70231704966096],[-107.53775075501511,71.78017552411046],[-107.24974499489991,71.80387158155162],[-107.47294945898919,71.87157460281205],[-107.30014600292007,71.87495975387506],[-107.2569451389028,71.89865581131622],[-107.41534830696615,71.9291221708834],[-107.42254845096903,71.97651428576569],[-107.61695233904679,72.01375094745893],[-107.65295305906119,72.06791336446727],[-107.60975219504391,72.08822427084539],[-107.66015320306407,72.11192032828654],[-107.63855277105543,72.12207578147562],[-107.77535550711015,72.1356163857277],[-107.78975579511591,72.25409667293343],[-107.86175723514471,72.29810363675273],[-107.71055421108423,72.30148878781574],[-107.84735694713895,72.35565120482408],[-107.80415608312167,72.38273241332826],[-107.87615752315047,72.42335422608451],[-107.78255565111303,72.45720573671471],[-107.98415968319367,72.51136815372305],[-107.87615752315047,72.52490875797514],[-107.87615752315047,72.5655305707314],[-108.01296025920519,72.61969298773974],[-107.95535910718215,72.64000389411785],[-108.02736054721095,72.66708510262202],[-108.0057601152023,72.70093661325225],[-108.0417608352167,72.72801782175642],[-108.0777615552311,72.74832872813454],[-108.04896097921959,72.78218023876477],[-108.14256285125704,72.88034961959238],[-108.09936198723975,72.9006605259705],[-108.17136342726856,72.95482294297884],[-108.13536270725416,72.98190415148301],[-108.23616472329448,73.03268141742834],[-108.1569631392628,73.04960717274344],[-108.3009660193204,73.13423594931896],[-108.16416328326568,73.2053241216424],[-107.86175723514471,73.1883983663273],[-108.11376227524552,73.26287168971376],[-108.14256285125704,73.30687865353306],[-108.01296025920519,73.31026380459608],[-108.07056141122823,73.35427076841535],[-107.61695233904679,73.3170341067221],[-107.0697413948279,73.17485776207522],[-107.01214024280486,73.19178351739032],[-107.12014240284806,73.23917563227263],[-107.08414168283366,73.2831825960919],[-106.86093721874438,73.31026380459608],[-106.75293505870118,73.28995289821793],[-106.65213304266086,73.2222498769575],[-106.48652973059463,73.22563502802055],[-106.46492929858599,73.17824291313823],[-106.2417248344967,73.08684383443668],[-106.04732094641894,73.04622202168042],[-105.85291705834118,73.05637747486946],[-105.82411648232966,73.04622202168042],[-105.82411648232966,73.00221505786115],[-105.60811216224326,72.94466748978977],[-105.63691273825478,72.92774173447467],[-105.5217104342087,72.87357931746632],[-105.5577111542231,72.86003871321424],[-105.44970899417989,72.84311295789914],[-105.36330726614533,72.78556538982778],[-105.39930798615973,72.76863963451268],[-105.32010640212805,72.74155842600851],[-105.37770755415109,72.72801782175642],[-105.50731014620293,72.77540993663871],[-105.42810856217125,72.72801782175642],[-105.45690913818277,72.70432176431527],[-105.29130582611653,72.65015934730692],[-105.34170683413669,72.61630783667673],[-105.31290625812517,72.59599693029858],[-105.32010640212805,72.55876026860534],[-105.24090481809637,72.5486048154163],[-105.22650453009061,72.51136815372305],[-105.25530510610213,72.49105724734494],[-105.19770395407909,72.48090179415587],[-105.21930438608773,72.44366513246263],[-105.29850597011941,72.4538205856517],[-104.96009920198405,72.18300850060999],[-105.03930078601573,72.1186906304126],[-105.01770035400709,72.06791336446727],[-104.95289905798117,72.0577579112782],[-104.87369747394949,71.99005489001777],[-104.78729574591493,71.84110824324483],[-104.67209344186885,71.82418248792973],[-104.35528710574212,71.57368130926616],[-104.3984879697594,71.4992079858797],[-104.31928638572772,71.46197132418646],[-104.34088681773636,71.41119405824114],[-104.27608552171044,71.35026133910677],[-104.4704894097882,71.35026133910677],[-104.49928998579972,71.3231801306026],[-104.44168883377668,71.25886226040518],[-104.44888897777956,71.21824044764892],[-104.6504930098602,71.12007106682131],[-104.41288825776516,70.99820562855254],[-104.12488249764996,70.91357685197701],[-103.99527990559812,70.75108960095199],[-103.83687673753477,70.74431929882596],[-103.55607112142243,70.60214295417907],[-103.31126622532452,70.59537265205302],[-103.12406248124964,70.50058842228842],[-102.92965859317187,70.49043296909937],[-102.92965859317187,70.51751417760354],[-103.12406248124964,70.5750617456749],[-103.15286305726116,70.66646082437646],[-103.0664613292266,70.6698459754395],[-102.85045700914019,70.59537265205302],[-102.85045700914019,70.50735872441447],[-102.37524750495011,70.41257449464987],[-102.19524390487811,70.32456056701133],[-102.13044260885219,70.34148632232643],[-101.89283785675714,70.25347239468786],[-101.71283425668514,70.3076348116962],[-101.59043180863618,70.27039815000299],[-101.64803296065922,70.20946543086859],[-101.55443108862178,70.10791089897796],[-101.41042820856418,70.12483665429306],[-101.37442748854978,70.1789990713014],[-101.2232244644893,70.13160695641912],[-101.13682273645473,70.15868816492329],[-101.11522230444609,70.1959248266165],[-100.9712194243885,70.15530301386025],[-101.00002000040001,70.08759999259982],[-100.92801856037121,70.01989697133942],[-100.92081841636833,69.96573455433108],[-100.96401928038561,69.92849789263784],[-100.90641812836257,69.91157213732274],[-100.87041740834817,69.81340275649512],[-100.87761755235105,69.77278094373887],[-100.94961899237985,69.73215913098261],[-100.92081841636833,69.7016927714154],[-100.95681913638273,69.66107095865917],[-101.06482129642593,69.64753035440708],[-101.15842316846337,69.68815216716331],[-101.3312266245325,69.67122641184821],[-101.4752295045901,69.83371366287324],[-101.41762835256706,69.88787607988158],[-101.44642892857858,69.9081869862597],[-101.66963339266786,69.64753035440708],[-101.7632352647053,69.72200367779354],[-101.95043900878018,69.74231458417165],[-102.02964059281186,69.79986215224304],[-102.0152403048061,69.83032851181022],[-102.0512410248205,69.8574097203144],[-102.15204304086083,69.82694336074721],[-102.16644332886659,69.88787607988158],[-102.23124462489251,69.91834243944876],[-102.26004520090403,69.8912612309446],[-102.23844476889539,69.85063941818834],[-102.33924678493571,69.83709881393625],[-102.29604592091843,69.79309185011698],[-102.34644692893859,69.75585518842374],[-102.38244764895299,69.7626254905498],[-102.36084721694435,69.79647700118],[-102.38964779295587,69.81340275649512],[-102.40404808096163,69.77278094373887],[-102.48324966499331,69.78632154799095],[-102.57685153703075,69.73892943310864],[-102.67765355307107,69.75924033948678],[-102.59125182503651,69.69492246928937],[-102.48324966499331,69.69153731822635],[-102.50485009700195,69.56290157783152],[-102.81445628912579,69.52905006720133],[-103.18886377727556,69.63060459909195],[-103.29686593731876,69.69830762035238],[-103.48406968139363,69.6847670161003],[-103.50567011340227,69.61367884377685],[-103.21766435328708,69.55274612464248],[-103.12406248124964,69.43088068637371],[-103.09526190523812,69.45119159275183],[-103.08806176123524,69.52227976507527],[-103.02326046520932,69.49519855657113],[-102.98725974519492,69.42072523318464],[-103.0304606092122,69.35979251405027],[-103.00886017720356,69.3327113055461],[-103.02326046520932,69.2717785864117],[-103.20326406528132,69.20069041408826],[-103.2104642092842,69.12283193963879],[-103.16006320126404,69.11606163751273],[-102.8432568651373,69.3834885714914],[-102.51925038500771,69.41056977999557],[-102.46164923298467,69.48165795231904],[-102.05844116882338,69.48504310338205],[-101.92883857677154,69.40718462893255],[-102.03684073681474,69.3496370608612],[-102.15924318486371,69.35302221192421],[-102.16644332886659,69.31917070129401],[-102.10164203284067,69.33609645660911],[-102.03684073681474,69.27516373747474],[-102.08724174483491,69.23115677365544],[-102.20964419288387,69.27516373747474],[-102.21684433688675,69.22438647152941],[-102.09444188883779,69.1769943566471],[-102.03684073681474,69.23115677365544],[-101.92163843276866,69.26162313322266],[-101.74883497669954,69.160068601332],[-101.86403728074562,69.04158831412627],[-101.80643612872258,68.99758135030697],[-101.96483929678594,68.96711499073979],[-102.06564131282626,68.99758135030697],[-102.14484289685795,68.94680408436167],[-102.38964779295587,68.9535743864877],[-102.39684793695875,68.90956742266843],[-102.53365067301347,68.86556045884916],[-102.74965499309987,68.89264166735333],[-102.69925398507971,68.83847925034499],[-102.89365787315747,68.80124258865175],[-103.00886017720356,68.79447228652572],[-103.16726334526692,68.841864401408],[-103.3184663693274,68.82832379715592],[-103.37606752135044,68.77754653121062],[-103.54887097741955,68.82832379715592],[-104.1104822096442,68.8587901567231],[-104.24008480169604,68.89602681841635],[-104.26168523370468,68.94341893329866],[-104.30488609772196,68.92987832904657],[-104.26888537770756,68.89941196947936],[-104.45608912178244,68.9366486311726],[-104.49928998579972,68.87910106310125],[-104.58569171383428,68.8587901567231],[-105.12570251405029,68.89602681841635],[-105.27690553811077,68.95018923542469],[-105.17610352207045,68.99081104818094],[-105.03930078601573,68.99081104818094],[-105.03930078601573,69.01789225668512],[-104.93849876997541,69.0314328609372],[-104.92409848196965,69.07543982475647],[-105.08250165003301,69.10590618432366],[-105.12570251405029,69.09236558007157],[-105.03930078601573,69.05851406944137],[-105.44970899417989,69.09575073113461],[-105.61531230624614,69.160068601332],[-106.17692353847077,69.1431428460169],[-106.40732814656295,69.18037950771014],[-106.39292785855719,69.2379270757815],[-106.27052541050821,69.29208949278984],[-106.3137262745255,69.33948160767213],[-106.3137262745255,69.40379947786954],[-106.6017320346407,69.49858370763414],[-106.73133462669254,69.44103613956278],[-106.75293505870118,69.38010342042838],[-106.98333966679334,69.34625190979818],[-106.9257385147703,69.21761616940336],[-107.04094081881638,69.18714980983617],[-107.02654053081062,69.14991314814296],[-107.13454269085382,69.14991314814296],[-107.30734614692295,69.0314328609372],[-107.95535910718215,68.92987832904657],[-108.53137062741256,68.94341893329866],[-108.56017120342408,68.93326348010959],[-108.53137062741256,68.9027971205424],[-108.5529710594212,68.87910106310125],[-108.93457869157383,68.74030986951738],[-109.40258805176104,68.69291775463506],[-109.65459309186184,68.63198503550069],[-110.22340446808937,68.62859988443768],[-110.37460749214985,68.57443746742933],[-110.42500850017001,68.60828897805953],[-110.57621152423049,68.61505928018559],[-110.95061901238026,68.55074140998818],[-111.03702074041482,68.56428201424026],[-110.85701714034282,68.58797807168142],[-110.8642172843457,68.60828897805953],[-111.38262765255305,68.5845929206184],[-111.4042280845617,68.56766716530328],[-111.20982419648394,68.55074140998818],[-111.23862477249546,68.51350474829493],[-111.59863197263947,68.54397110786215],[-112.1242424848497,68.52704535254702],[-112.61385227704555,68.50334929510589],[-112.67145342906859,68.46949778447566],[-113.25466509330187,68.45257202916056],[-113.31226624532492,68.46611263341265],[-113.29066581331628,68.4898086908538],[-113.04586091721835,68.50334929510589],[-113.3554671093422,68.59136322274443],[-113.44906898137964,68.64552563975278],[-113.45626912538252,68.69968805676112],[-113.6794735894718,68.81139804184082],[-113.61467229344588,68.84524955247102],[-113.6794735894718,68.89941196947936],[-113.5714714294286,68.95695953755074],[-113.5714714294286,69.02466255881114],[-113.6434728694574,69.0314328609372],[-113.54267085341708,69.0483586162523],[-113.65787315746316,69.09236558007157],[-113.67227344546892,69.12283193963879],[-113.63627272545452,69.13975769495389],[-113.69387387747756,69.15329829920597],[-113.69387387747756,69.19053496089919],[-113.52107042140844,69.1769943566471],[-114.31308626172525,69.28531919066378],[-114.76669533390668,69.25146768003358],[-114.98989979799597,69.28193403960077],[-115.19150383007661,69.2379270757815],[-115.50111002220045,69.2548528310966],[-115.9547190943819,69.29208949278984],[-116.52353047060942,69.40718462893255],[-116.63153263065263,69.45796189487788],[-116.55953119062383,69.48842825444507],[-116.60993219864397,69.52566491613831],[-116.58113162263245,69.55951642676851],[-116.74673493469871,69.57644218208361],[-116.72513450269005,69.54259067145341],[-116.91233824676493,69.5899827863357],[-116.86193723874479,69.63737490121801],[-116.51633032660655,69.633989750155],[-117.12114242284846,69.8912612309446],[-117.08514170283406,69.99958606496128],[-112.88745774915499,69.9894306117722],[-112.86585731714635,69.8404839649993],[-112.65705314106283,69.83371366287324],[-112.61385227704555,69.89464638200761],[-112.47704954099083,69.8912612309446],[-112.48424968499371,69.99281576283525],[-110.02900058001161,69.99620091389826],[-110.02180043600873,72.44366513246263],[-109.94979899597993,72.46059088777773],[-109.78419568391368,72.43012452821054],[-110.02180043600873,72.49444239840795],[-110.02180043600873,72.52829390903815],[-109.8921978439569,72.48428694521888],[-109.79859597191944,72.49444239840795],[-109.95699913998281,72.61292268561368],[-110.02180043600873,72.62307813880275],[-110.02180043600873,72.7110920664413]]],[[[-105.89611792235846,73.16131715782313],[-106.10492209844197,73.1883983663273],[-106.04732094641894,73.21886472589449],[-106.19132382647653,73.28656774715492],[-106.12652253045061,73.28995289821793],[-106.46492929858599,73.40166288329763],[-107.0337406748135,73.48629165987319],[-106.64493289865798,73.69955617684352],[-106.2057241144823,73.73340768747374],[-105.14730294605893,73.75371859385186],[-104.82329646592933,73.63862345770914],[-104.5784915698314,73.6013867960159],[-104.48488969779396,73.53368377475547],[-104.5784915698314,73.45244014924296],[-104.54969099381988,73.41520348754972],[-104.58569171383428,73.37458167479349],[-104.57129142582852,73.32380440884816],[-104.75849516990341,73.2053241216424],[-104.73689473789477,73.18162806420128],[-104.97449948998981,73.08684383443668],[-104.98169963399269,73.01914081317625],[-105.22650453009061,72.93451203660072],[-105.35610712214245,72.94805264085281],[-105.29130582611653,72.92435658341165],[-105.32730654613093,72.90743082809655],[-105.20490409808197,72.86342386427725],[-105.38490769815397,72.8668090153403],[-105.46410928218565,72.94128233872675],[-105.90331806636134,73.13085079825595],[-105.89611792235846,73.16131715782313]]],[[[-108.93457869157383,75.67309924658491],[-108.82657653153063,75.686639850837],[-109.39538790775816,75.77126862741252],[-109.46738934778696,75.78819438272762],[-109.4169883397668,75.7983498359167],[-109.69059381187624,75.80850528910577],[-109.62579251585032,75.83220134654692],[-109.704994099882,75.84235679973597],[-109.66179323586472,75.86943800824014],[-109.90659813196265,75.84912710186202],[-110.00020000400009,75.8762083103662],[-110.00020000400009,75.89651921674431],[-109.6689933798676,75.94391133162662],[-109.39538790775816,76.01161435288705],[-109.43138862777256,76.02854010820215],[-109.40258805176104,76.04208071245424],[-109.28738574771496,76.03531041032818],[-109.38818776375528,76.06577676989536],[-109.31618632372648,76.10978373371466],[-109.52499049981,76.1808719060381],[-109.71939438788776,76.19441251029019],[-109.69779395587912,76.21810856773132],[-109.88499769995401,76.23503432304645],[-109.89939798795977,76.19441251029019],[-110.00020000400009,76.22487886985738],[-110.00020000400009,76.47538004852095],[-109.74819496389928,76.50584640808813],[-109.71219424388488,76.52954246552929],[-109.84899697993961,76.5329276165923],[-109.76259525190504,76.56677912722253],[-109.7769955399108,76.5938603357267],[-109.66179323586472,76.58370488253763],[-109.65459309186184,76.61417124210482],[-109.55379107582152,76.6277118463569],[-109.5609912198244,76.65817820592409],[-109.51059021180424,76.71911092505849],[-109.35218704374088,76.74957728462567],[-109.30178603572072,76.79696939950796],[-108.92017840356807,76.81051000376004],[-108.77617552351047,76.85790211864236],[-108.65377307546152,76.81389515482309],[-108.68977379547592,76.76650303994077],[-108.52417048340968,76.75973273781474],[-108.444968899378,76.7224960761215],[-108.444968899378,76.69541486761733],[-108.54577091541832,76.64802275273505],[-108.72577451549031,76.63786729954597],[-108.68977379547592,76.60063063785273],[-108.53137062741256,76.55323852297045],[-108.62497249945,76.51938701234022],[-108.53137062741256,76.5160018612772],[-108.5889717794356,76.482150350647],[-108.4809696193924,76.45845429320585],[-108.61057221144424,76.41106217832353],[-108.31536630732616,76.39413642300843],[-108.0777615552311,76.27904128686572],[-108.22176443528872,76.25873038048758],[-108.09216184323687,76.2147234166683],[-108.38016760335208,76.163946150723],[-108.4089681793636,76.14702039540788],[-108.39456789135784,76.12332433796675],[-108.45936918738376,76.0996282805256],[-108.38736774735496,76.08608767627351],[-108.49536990739816,76.0386955613912],[-107.84015680313607,76.06239161883235],[-107.63135262705255,75.99130344650891],[-107.78255565111303,75.93037072737454],[-107.75375507510151,75.90667466993338],[-107.93375867517351,75.88636376355524],[-108.03456069121383,75.82204589335785],[-108.02016040320807,75.7814240806016],[-107.87615752315047,75.7983498359167],[-107.73935478709575,75.87959346142921],[-107.37214744294887,75.9100598209964],[-107.06254125082502,75.8931340656813],[-107.04094081881638,75.88297861249222],[-107.08414168283366,75.87282315930315],[-107.09854197083942,75.82204589335785],[-106.9617392347847,75.79157953379067],[-107.0337406748135,75.77126862741252],[-106.95453909078182,75.74757256997137],[-106.9617392347847,75.7035656061521],[-106.87533750675014,75.64263288701773],[-106.90413808276166,75.686639850837],[-106.86093721874438,75.75434287209742],[-106.88253765075302,75.7644983252865],[-106.61613232264646,75.7983498359167],[-106.8897377947559,75.83558649760994],[-106.86093721874438,75.88636376355524],[-106.89693793875878,75.94052618056358],[-106.86813736274726,75.96422223800474],[-106.60893217864358,76.05900646776934],[-105.96811936238726,76.01161435288705],[-105.6657133142663,75.95406678481567],[-105.4785095701914,75.86266770611411],[-105.442508850177,75.83220134654692],[-105.46410928218565,75.77803892953858],[-105.42090841816837,75.74418741890835],[-105.45690913818277,75.73064681465627],[-105.38490769815397,75.65617349126981],[-105.49290985819717,75.55461895937916],[-105.75211504230086,75.49030108918177],[-105.5937118742375,75.46660503174061],[-105.71611432228646,75.41582776579529],[-105.64411288225766,75.36505049984999],[-105.86731734634694,75.27703657221141],[-105.93931878637574,75.21610385307704],[-105.8457169143383,75.18225234244682],[-105.8817176343527,75.14163052969059],[-106.06892137842758,75.10777901906036],[-105.9897197943959,75.05700175311503],[-106.72413448268966,75.00283933610669],[-106.93293865877318,74.93513631484629],[-107.19934398687974,74.91144025740513],[-107.66015320306407,74.96560267441347],[-107.72495449908999,75.01637994035877],[-107.68175363507271,75.04346114886295],[-107.69615392307847,75.07392750843016],[-107.77535550711015,75.09762356587129],[-107.74655493109863,75.03669084673692],[-107.99855997119943,75.00283933610669],[-107.94815896317927,74.95883237228742],[-108.01296025920519,74.94190661697232],[-107.94095881917639,74.93175116378325],[-108.3729674593492,74.91144025740513],[-108.804976099522,74.98252842972857],[-108.50977019540392,74.97575812760252],[-108.65377307546152,75.05361660205202],[-108.83377667553351,75.07054235736712],[-108.94897897957959,75.04007599779993],[-108.97057941158825,75.01976509142182],[-108.93457869157383,75.00283933610669],[-109.03538070761417,75.00283933610669],[-108.99937998759977,74.98591358079159],[-109.344986899738,74.94529176803533],[-109.39538790775816,74.89451450209003],[-109.62579251585032,74.85727784039679],[-109.87059741194825,74.87081844464888],[-110.00740014800297,74.83358178295563],[-110.00740014800297,75.53430805300104],[-109.66179323586472,75.53092290193803],[-108.89857797155943,75.47676048492968],[-108.93457869157383,75.52753775087498],[-109.02818056361129,75.55123380831614],[-108.85537710754215,75.56138926150521],[-108.89857797155943,75.58847047000938],[-108.83377667553351,75.61555167851355],[-108.93457869157383,75.67309924658491]]],[[[-103.79367587351747,78.73666095861915],[-103.69287385747715,78.79420852669051],[-103.72887457749155,78.80097882881657],[-103.88727774555493,78.80436397987958],[-103.90887817756357,78.77051246924935],[-103.98807976159524,78.76035701606031],[-104.19688393767876,78.77051246924935],[-104.2184843696874,78.79420852669051],[-104.16808336166724,78.81790458413167],[-103.822476449529,78.89914820964418],[-104.20408408168164,78.99054728834574],[-104.26888537770756,78.98716213728272],[-104.2904858097162,78.95331062665252],[-104.45608912178244,78.95669577771554],[-104.56409128182564,78.86529669901395],[-104.78729574591493,78.8077491309426],[-105.01050021000421,78.80436397987958],[-105.01050021000421,78.84498579263584],[-104.87369747394949,78.88899275645511],[-104.67929358587173,79.01762849684991],[-104.93849876997541,79.05148000748014],[-105.39210784215685,79.01085819472388],[-105.5937118742375,79.03455425216501],[-105.6297125942519,79.15980484149682],[-105.54331086621734,79.2410484670093],[-105.42090841816837,79.2850554308286],[-105.48570971419429,79.30536633720672],[-105.442508850177,79.32906239464788],[-105.12570251405029,79.29859603508069],[-104.00968019360388,79.36629905634112],[-103.72167443348867,79.35614360315205],[-102.8792575851517,79.23427816488328],[-102.92965859317187,79.21058210744212],[-102.89365787315747,79.16657514362285],[-102.61285225704515,79.0921018202364],[-102.66325326506531,78.98377698621971],[-102.7712554251085,78.94315517346345],[-102.58405168103363,78.94992547558948],[-102.56965139302787,78.92961456921137],[-102.62725254505091,78.89914820964418],[-102.57685153703075,78.87206700114001],[-102.38964779295587,78.93299972027438],[-102.38244764895299,78.96346607984157],[-102.41844836896739,79.00747304366087],[-102.26724534490691,79.031169101102],[-101.9432388647773,79.08533151811034],[-101.64803296065922,79.07517606492127],[-101.23042460849219,78.96008092877855],[-101.14402288045761,78.97362153303064],[-100.98561971239425,78.9363848713374],[-101.20162403248065,78.82128973519468],[-101.18722374447489,78.80436397987958],[-100.92801856037121,78.76374216712333],[-100.35200704014082,78.82806003732074],[-100.32320646412929,78.77728277137541],[-99.89839796795937,78.6960391458629],[-100.06400128002561,78.63849157779154],[-100.01360027200545,78.6181806714134],[-99.85519710394209,78.63172127566548],[-99.74719494389889,78.59786976503528],[-99.55279105582113,78.59109946290923],[-99.53119062381249,78.57755885865714],[-99.55279105582113,78.56063310334204],[-99.65359307186145,78.54370734802694],[-99.59599191983841,78.53016674377486],[-99.66799335986721,78.47938947782953],[-99.86959739194785,78.43876766507327],[-99.74719494389889,78.38460524806493],[-99.79039580791617,78.29659132042639],[-99.53119062381249,78.2830507161743],[-99.4159883197664,78.2051922417248],[-98.9479789595792,78.06301589707792],[-98.96957939158784,77.9986980268805],[-99.09918198363968,77.96146136518729],[-99.01278025560512,77.8869880418008],[-99.17838356767136,77.83959592691852],[-99.81919638392769,77.81251471841435],[-99.90559811196225,77.77866320778415],[-100.60401208024162,77.85990683329663],[-100.60401208024162,77.89037319286385],[-100.84161683233665,78.02239408432166],[-100.74801496029922,78.07655650133],[-101.00002000040001,78.13071891833835],[-101.03602072041441,78.19503678853576],[-101.28802576051523,78.18149618428367],[-101.4752295045901,78.23565860129202],[-102.13044260885219,78.2830507161743],[-102.62005240104803,78.24242890341804],[-102.8072561451229,78.28982101830036],[-102.8072561451229,78.3169022268045],[-102.66325326506531,78.35752403956076],[-102.77845556911139,78.3778349459389],[-103.6784735694714,78.31351707574149],[-103.90887817756357,78.27289526298523],[-103.90167803356069,78.24581405448106],[-103.9664793295866,78.23227345022897],[-104.4704894097882,78.2661249608592],[-104.82329646592933,78.35413888849774],[-104.98889977799557,78.43876766507327],[-105.04650093001861,78.5064706863337],[-104.83049660993221,78.57078855653111],[-104.66489329786597,78.58094400972018],[-103.52007040140803,78.49631523314463],[-103.44806896137924,78.53355189483787],[-103.49126982539651,78.5674034054681],[-103.37606752135044,78.58771431184621],[-103.43366867337348,78.59786976503528],[-103.39766795335908,78.61479552035038],[-104.04568091361828,78.62156582247644],[-103.82967659353189,78.67234308842174],[-103.48406968139363,78.66895793735873],[-103.52007040140803,78.70957975011498],[-103.3184663693274,78.74004610968217],[-103.46966939338787,78.78743822456448],[-103.58487169743395,78.74343126074518],[-103.61367227344547,78.76712731818634],[-103.79367587351747,78.73666095861915]]],[[[-98.55197103942079,69.27516373747474],[-98.39356787135743,69.30901524810494],[-98.40076801536031,69.33948160767213],[-98.60957219144383,69.4444212906258],[-98.58077161543231,69.478272801256],[-98.42236844736895,69.47150249912997],[-98.60237204744095,69.52227976507527],[-98.55917118342367,69.57982733314665],[-98.35756715134303,69.55951642676851],[-98.22076441528831,69.47488765019298],[-98.10556211124224,69.4613470459409],[-98.09116182323648,69.42411038424765],[-98.00476009520192,69.43426583743673],[-98.2639652793056,69.57982733314665],[-98.36476729534591,69.60013823952477],[-98.27836556731135,69.75247003736072],[-97.9759595191904,69.8912612309446],[-97.45754915098303,69.76939579267582],[-97.34234684693695,69.70507792247844],[-97.48634972699455,69.67461156291125],[-97.39274785495711,69.59336793739874],[-97.30634612692255,69.69830762035238],[-97.27034540690815,69.69492246928937],[-96.88153763075262,69.49181340550808],[-96.78793575871518,69.49519855657113],[-96.52153043060862,69.41734008212163],[-96.21912438248766,69.31240039916796],[-96.17592351847038,69.26839343534868],[-96.24792495849918,69.15329829920597],[-96.21192423848478,69.12283193963879],[-96.22632452649054,69.05512891837836],[-96.11832236644734,69.02466255881114],[-96.16152323046462,69.08559527794554],[-96.1327226544531,69.1262170907018],[-96.15432308646174,69.17022405452107],[-96.04632092641855,69.22777162259243],[-95.92391847836957,69.08898042900856],[-95.98151963039261,69.04497346518929],[-95.85911718234365,68.97388529286584],[-95.83031660633213,68.87233076097519],[-95.75831516630333,68.89264166735333],[-95.6287125742515,68.82832379715592],[-95.34790695813918,68.89941196947936],[-95.20390407808158,68.84863470353406],[-95.53511070221406,68.67260684825695],[-95.56391127822558,68.67599199931996],[-95.54231084621694,68.72338411420228],[-95.5927118542371,68.75385047376946],[-95.78711574231485,68.73692471845436],[-95.80151603032061,68.69291775463506],[-95.85911718234365,68.6522959418788],[-95.85191703834077,68.60828897805953],[-96.00312006240125,68.6184444312486],[-96.29112582251646,68.47288293553868],[-96.50713014260286,68.44580172703454],[-96.92473849476991,68.52027505042099],[-97.09754195083903,68.58797807168142],[-97.14074281485631,68.5845929206184],[-97.09754195083903,68.52704535254702],[-97.18394367887359,68.51011959723192],[-97.50795015900319,68.5405859567991],[-97.75995519910398,68.6522959418788],[-98.03356067121344,68.6963029056981],[-98.119962399248,68.66922169719393],[-98.29276585531711,68.75723562483248],[-98.24236484729695,68.82155349502989],[-98.38636772735455,68.8587901567231],[-98.42236844736895,68.841864401408],[-98.40076801536031,68.77077622908456],[-98.51597031940639,68.7470801716434],[-98.57357147142943,68.78770198439966],[-98.86157723154464,68.82832379715592],[-98.86877737554752,68.87571591203823],[-98.81117622352448,68.91633772479449],[-98.84717694353888,68.93326348010959],[-98.9839796795936,68.95018923542469],[-99.00558011160224,68.90618227160542],[-99.12078241564832,68.9197228758575],[-99.04158083161664,68.8587901567231],[-99.18558371167424,68.8249386460929],[-99.43758875177504,68.89264166735333],[-99.45918918378368,68.95018923542469],[-99.59599191983841,69.0145071056221],[-99.58159163183265,69.04497346518929],[-99.4519890397808,69.13637254389087],[-99.3439868797376,69.12283193963879],[-99.3079861597232,69.160068601332],[-99.00558011160224,69.13637254389087],[-98.93357867157344,69.17360920558409],[-98.71757435148704,69.19392011196223],[-98.71037420748416,69.26162313322266],[-98.65277305546113,69.29547464385286],[-98.55197103942079,69.27516373747474]]],[[[-101.28082561651235,73.55399468113362],[-101.21602432048643,73.60477194707892],[-100.89201784035681,73.59461649388984],[-100.67601352027042,73.46598075349505],[-100.5032100642013,73.4118183364867],[-100.41680833616674,73.41858863861276],[-100.60401208024162,73.49644711306223],[-100.54641092821858,73.55737983219663],[-100.55361107222146,73.59800164495289],[-100.91361827236545,73.62169770239402],[-100.85601712034241,73.66570466621332],[-101.05042100842017,73.67247496833934],[-101.05762115242305,73.6961710257805],[-101.01442028840577,73.7130967810956],[-101.11522230444609,73.72325223428467],[-100.97841956839137,73.76387404704093],[-101.02882057641153,73.77402950022997],[-101.01442028840577,73.79772555767113],[-100.88481769635393,73.82819191723831],[-100.7552151043021,73.81126616192321],[-100.6472129442589,73.84850282361646],[-100.41680833616674,73.84511767255344],[-100.1360027200544,73.79434040660811],[-100.02800056001121,73.7300225364107],[-100.02800056001121,73.76387404704093],[-99.95599911998241,73.81465131298623],[-99.85519710394209,73.8417325214904],[-99.84079681593633,73.87896918318364],[-99.86959739194785,73.89928008956178],[-99.89119782395649,73.89250978743573],[-99.87679753595073,73.86542857893156],[-99.94879897597953,73.87896918318364],[-100.04960099201985,73.83157706830136],[-100.25120502410049,73.83496221936437],[-100.29440588811777,73.87219888105761],[-100.14320286405729,73.92974644912897],[-99.85519710394209,73.93990190231801],[-99.79759595191905,73.93313160019198],[-99.83359667193345,73.9026652406248],[-99.78319566391329,73.86881372999457],[-99.40158803176064,73.79772555767113],[-99.20718414368288,73.72663738534769],[-99.25038500770016,73.6961710257805],[-99.18558371167424,73.68601557259143],[-99.11358227164544,73.7469482917258],[-98.78957579151584,73.73340768747374],[-98.68877377547552,73.77064434916696],[-98.13436268725376,73.81126616192321],[-97.96155923118464,73.84850282361646],[-97.89675793515872,73.89589493849874],[-97.73115462309246,73.90605039168781],[-97.82475649512992,73.85865827680553],[-97.60155203104063,73.89589493849874],[-97.47194943898879,73.85865827680553],[-97.22714454289087,73.85527312574249],[-96.96073921478431,73.74017798959977],[-96.93193863877279,73.68601557259143],[-96.96793935878719,73.63185315558309],[-97.20554411088223,73.55737983219663],[-97.43594871897439,73.58107588963776],[-97.45754915098303,73.57430558751173],[-97.43594871897439,73.53029862369246],[-97.45754915098303,73.51675801944037],[-97.63755275105503,73.53706892581849],[-97.66635332706655,73.48290650881015],[-97.62315246304927,73.45582530030597],[-97.41434828696575,73.49306196199922],[-97.18394367887359,73.46598075349505],[-97.16954339086783,73.44228469605389],[-97.24874497489951,73.4287440918018],[-97.16954339086783,73.4118183364867],[-97.16954339086783,73.35427076841535],[-97.27034540690815,73.36442622160442],[-97.83915678313568,73.27302714290283],[-97.86075721514432,73.23240533014658],[-98.24236484729695,73.0766883812476],[-98.50877017540351,73.00898535998718],[-98.44396887937759,72.98190415148301],[-98.47276945538911,72.95820809404185],[-98.42956859137183,72.94466748978977],[-98.44396887937759,72.8668090153403],[-98.2279645592912,72.98867445360906],[-97.84635692713856,73.04960717274344],[-97.28474569491391,72.96497839616791],[-97.22714454289087,72.94128233872675],[-97.25594511890239,72.93112688553768],[-97.25594511890239,72.8837347706554],[-97.41434828696575,72.86003871321424],[-97.23434468689375,72.84311295789914],[-97.16234324686495,72.78218023876477],[-97.05434108682175,72.75848418132361],[-97.03274065481311,72.71786236856735],[-97.16954339086783,72.67385540474808],[-97.19834396687935,72.60276723242464],[-97.08314166283327,72.60615238348765],[-96.91753835076703,72.6772405558111],[-96.53593071861438,72.75171387919755],[-96.51433028660574,72.71447721750434],[-96.58633172663454,72.6941663111262],[-96.4567291345827,72.64000389411785],[-96.4567291345827,72.60615238348765],[-96.40632812656254,72.55876026860534],[-96.43512870257406,72.53506421116421],[-96.37752755055102,72.53506421116421],[-96.32712654253086,72.4876720962819],[-96.29832596651934,72.41658392395846],[-96.39912798255966,72.40642847076938],[-96.44952899057982,72.36919180907617],[-96.66553331066622,72.30825908994177],[-96.87433748674974,72.32179969419386],[-96.55753115062302,72.27440757931157],[-96.61513230264606,72.2473263708074],[-96.53593071861438,72.23717091761833],[-96.48552971059422,72.12884608360164],[-96.49992999859998,72.09160942190843],[-96.86713734274686,72.0408321559631],[-96.6727334546691,72.01375094745893],[-96.48552971059422,72.03406185383704],[-96.52153043060862,71.95958853045059],[-96.76633532670654,71.91558156663132],[-96.4927298545971,71.92573701982039],[-96.57193143862878,71.82079733686672],[-96.7447348946979,71.79371612836255],[-96.73753475069502,71.82418248792973],[-96.67993359867198,71.83772309218182],[-96.77353547070942,71.84449339430788],[-96.97513950279007,71.79371612836255],[-97.08314166283327,71.69893189859795],[-97.50795015900319,71.6109179709594],[-97.99035980719616,71.6616952369047],[-98.20636412728255,71.6447694815896],[-98.35756715134303,71.72939825816513],[-98.32156643132863,71.80387158155162],[-98.20636412728255,71.88850035812715],[-98.2639652793056,71.90542611344225],[-98.29276585531711,71.89527066025317],[-98.2639652793056,71.868189451749],[-98.3359667193344,71.85464884749692],[-98.46556931138623,71.78356067517348],[-98.49436988739775,71.71247250285003],[-98.39356787135743,71.70908735178702],[-98.4079681593632,71.68877644540888],[-98.37916758335167,71.65492493477868],[-98.18476369527392,71.58383676245523],[-98.14876297525952,71.53982979863596],[-98.04076081521632,71.52628919438388],[-98.19916398327967,71.41457920930418],[-98.46556931138623,71.31302467741352],[-98.7319746394928,71.26901771359425],[-98.83277665553312,71.29271377103541],[-98.96237924758496,71.38072769867395],[-99.2359847196944,71.34349103698071],[-99.31518630372608,71.47212677737554],[-99.40878817576352,71.53644464757292],[-99.36558731174624,71.57706646032918],[-99.57439148782977,71.62107342414848],[-99.67519350387009,71.75986461773235],[-99.79039580791617,71.78694582623652],[-99.86959739194785,71.85803399855996],[-100.10000200004,71.88511520706413],[-100.44560891217826,72.0577579112782],[-100.42400848016962,72.09499457297144],[-100.48160963219266,72.08483911978237],[-100.51041020820418,72.10853517722353],[-100.48880977619554,72.12546093253863],[-100.63281265625314,72.186393651673],[-100.88481769635393,72.20670455805114],[-100.94961899237985,72.1694678963579],[-101.02162043240865,72.20331940698813],[-101.05762115242305,72.23717091761833],[-101.02162043240865,72.25409667293343],[-101.08642172843457,72.25748182399647],[-101.03602072041441,72.27779273037459],[-101.2232244644893,72.33195514738293],[-101.39602792055842,72.28794818356366],[-101.4032280645613,72.24394121974439],[-101.49682993659874,72.24394121974439],[-101.46802936058722,72.2642521261225],[-101.5832316646333,72.30148878781574],[-101.77763555271106,72.29810363675273],[-101.89283785675714,72.36242150695011],[-101.87843756875138,72.39965816864336],[-101.77763555271106,72.38950271545428],[-101.91443828876578,72.40642847076938],[-101.96483929678594,72.46397603884077],[-101.91443828876578,72.4707463409668],[-102.59845196903939,72.64677419624391],[-102.74245484909699,72.72463267069338],[-102.71365427308547,72.74494357707152],[-102.76405528110563,72.79233569195381],[-102.64885297705955,72.86342386427725],[-102.57685153703075,72.97851900042],[-102.49764995299907,73.02929626636532],[-102.27444548890979,73.08345868337364],[-101.96483929678594,73.09022898549969],[-101.96483929678594,73.04960717274344],[-101.77043540870818,73.02252596423926],[-101.79203584071682,72.98190415148301],[-101.73443468869378,72.96836354723092],[-101.82083641672834,72.96497839616791],[-101.74163483269666,72.92435658341165],[-101.6192323846477,72.88711992171841],[-101.6192323846477,72.91081597915957],[-101.54003080061602,72.92097143234864],[-101.59763195263906,72.9006605259705],[-101.5112302246045,72.87019416640331],[-101.45362907258146,72.81603174939497],[-101.46802936058722,72.79910599407987],[-101.2952259045181,72.7889505408908],[-101.2952259045181,72.74494357707152],[-101.41042820856418,72.74832872813454],[-101.3672273445469,72.72463267069338],[-100.88481769635393,72.69078116006318],[-100.81281625632514,72.71447721750434],[-100.87041740834817,72.73478812388245],[-100.8272165443309,72.75848418132361],[-100.44560891217826,72.73478812388245],[-100.33040660813217,72.78218023876477],[-100.32320646412929,72.83972780683612],[-100.41680833616674,72.87019416640331],[-100.38800776015522,72.89727537490748],[-100.44560891217826,72.92097143234864],[-100.38800776015522,72.94466748978977],[-100.49600992019842,72.95143779191582],[-100.42400848016962,73.03606656849135],[-100.30880617612353,73.02929626636532],[-100.40960819216386,73.0123705110502],[-100.38080761615234,72.99882990679811],[-100.41680833616674,72.97513384935698],[-100.38080761615234,72.94805264085281],[-100.29440588811777,72.93112688553768],[-100.29440588811777,72.95820809404185],[-100.25840516810337,72.95482294297884],[-100.25840516810337,72.92097143234864],[-100.33040660813217,72.90404567703351],[-100.32320646412929,72.87696446852934],[-100.07840156803137,72.88711992171841],[-100.05680113602273,72.89727537490748],[-100.08560171203425,72.92097143234864],[-100.02800056001121,72.93451203660072],[-100.17920358407169,72.98867445360906],[-100.10720214404289,73.00221505786115],[-100.14320286405729,73.04960717274344],[-100.22240444808897,73.04283687061738],[-100.17920358407169,73.08345868337364],[-100.32320646412929,73.0936141365627],[-100.22960459209185,73.13423594931896],[-100.52481049620994,73.09022898549969],[-100.51761035220706,73.12069534506688],[-100.6112122242445,73.14777655357105],[-100.47440948818978,73.19178351739032],[-100.54641092821858,73.22902017908356],[-100.3592071841437,73.28995289821793],[-100.19360387207745,73.23240533014658],[-100.10720214404289,73.24256078333565],[-100.1360027200544,73.2222498769575],[-100.03520070401409,73.18501321526429],[-99.76879537590753,73.20870927270542],[-100.07840156803137,73.25271623652472],[-100.37360747214946,73.3948925811716],[-100.40240804816098,73.3610410705414],[-100.33760675213504,73.32380440884816],[-100.58241164823298,73.2831825960919],[-100.84161683233665,73.25948653865075],[-101.08642172843457,73.32718955991118],[-101.30242604852099,73.3610410705414],[-101.31682633652674,73.40166288329763],[-101.5832316646333,73.44905499817995],[-101.5472309446189,73.45921045136902],[-101.6192323846477,73.4896768109362],[-101.52563051261026,73.4896768109362],[-101.42482849656994,73.55060953007057],[-101.28082561651235,73.55399468113362]]],[[[-95.7007140142803,73.55399468113362],[-95.6287125742515,73.58784619176382],[-95.54231084621694,73.57769073857474],[-95.72231444628893,73.63862345770914],[-95.67911358227165,73.66570466621332],[-95.71511430228605,73.68940072365444],[-95.65751315026301,73.69955617684352],[-95.67911358227165,73.7130967810956],[-95.65751315026301,73.73340768747374],[-95.29750595011902,73.77064434916696],[-94.95909918198365,73.65893436408726],[-94.62069241384829,73.65216406196123],[-94.8654973099462,73.68601557259143],[-95.07430148602973,73.77402950022997],[-95.117502350047,73.8078810108602],[-94.98069961399229,73.84511767255344],[-95.1535030700614,73.8248067661753],[-95.3047060941219,73.88235433424666],[-95.32630652613054,73.9534425065701],[-95.24710494209886,74.01099007464148],[-94.72869457389149,74.09561885121701],[-94.17428348566972,74.13285551291023],[-93.91507830156604,74.13624066397327],[-93.76387527750556,74.07530794483887],[-93.72067441348828,74.08207824696493],[-93.75667513350268,74.09561885121701],[-93.72787455749116,74.15316641928837],[-93.51187023740476,74.17347732566648],[-92.79905598111964,74.1260852107842],[-92.74865497309948,74.11254460653211],[-92.76305526110524,74.08207824696493],[-92.71265425308508,74.08207824696493],[-92.64065281305628,74.10238915334304],[-92.33104662093243,74.0313009810196],[-92.27344546890939,73.99067916826334],[-92.33104662093243,73.95005735550708],[-92.30944618892379,73.93990190231801],[-92.12944258885179,73.94667220444407],[-92.09344186883739,73.99067916826334],[-91.92783855677115,74.0143752257045],[-91.56783135662714,74.02453067889357],[-91.06382127642554,74.00760492357844],[-90.40860817216345,73.91620584487688],[-90.31500630012602,73.92636129806593],[-90.20700414008282,73.88912463637271],[-90.27180543610874,73.83834737042739],[-90.31500630012602,73.87219888105761],[-90.37980759615193,73.85527312574249],[-90.37260745214905,73.7909552555451],[-90.76141522830457,73.56076498325965],[-90.99181983639674,73.55399468113362],[-90.92701854037082,73.48290650881015],[-91.17902358047162,73.34750046628932],[-91.26542530850618,73.26287168971376],[-91.63263265265306,73.22902017908356],[-91.3662273245465,73.20193897057939],[-91.63983279665594,73.02252596423926],[-91.64703294065882,72.97851900042],[-91.81983639672795,72.86342386427725],[-92.06464129282587,72.75171387919755],[-92.39584791695835,72.70770691537828],[-93.22386447728955,72.78218023876477],[-93.31026620532411,72.81603174939497],[-93.6054721094422,72.77540993663871],[-94.29668593371868,72.76863963451268],[-94.33268665373309,72.73817327494547],[-94.31108622172444,72.71447721750434],[-94.1454829096582,72.73478812388245],[-93.90067801356028,72.70432176431527],[-93.77827556551132,72.73478812388245],[-93.81427628552572,72.6433890451809],[-93.5694713894278,72.57230087285743],[-93.46146922938459,72.46059088777773],[-93.62707254145084,72.342110600572],[-93.8214764295286,72.30825908994177],[-94.01588031760636,72.16269759423187],[-94.08068161363228,72.06791336446727],[-94.23188463769276,72.0408321559631],[-94.15268305366108,72.02052124958496],[-94.02308046160924,72.0577579112782],[-94.06628132562652,72.023906400648],[-94.03028060561212,72.00021034320685],[-94.06628132562652,71.9798994368287],[-94.44788895777917,72.023906400648],[-95.17510350207004,71.96635883257665],[-95.10310206204124,71.99344004108079],[-95.21110422208446,71.99005489001777],[-95.1967039340787,72.05098760915217],[-95.0815016300326,72.09837972403446],[-95.1967039340787,72.10515002616052],[-94.75029500590013,72.1525421410428],[-95.16790335806716,72.13900153679072],[-95.16070321406428,72.16269759423187],[-95.21830436608734,72.20670455805114],[-95.16070321406428,72.35226605376104],[-95.2327046540931,72.43012452821054],[-95.14630292605852,72.43012452821054],[-95.1967039340787,72.45043543458868],[-95.13190263805276,72.46059088777773],[-95.1967039340787,72.52490875797514],[-95.31910638212766,72.53844936222723],[-95.34790695813918,72.58584147710951],[-95.31190623812478,72.60276723242464],[-95.36230724614494,72.6433890451809],[-95.59991199823997,72.70093661325225],[-95.59991199823997,72.73478812388245],[-95.51351027020542,72.73817327494547],[-95.57111142222846,72.76525448344964],[-95.5567111342227,72.78556538982778],[-95.6647132942659,72.80249114514288],[-95.65751315026301,72.9006605259705],[-95.62151243024861,72.92774173447467],[-95.71511430228605,72.99882990679811],[-95.65751315026301,73.01914081317625],[-95.64311286225725,73.05299232380645],[-95.68631372627453,73.08007353231062],[-95.65751315026301,73.1105398918778],[-95.49910998219966,73.12746564719293],[-95.57831156623133,73.15793200676012],[-95.59991199823997,73.21886472589449],[-95.5567111342227,73.23240533014658],[-95.59991199823997,73.2831825960919],[-95.5927118542371,73.30349350247002],[-95.65031300626013,73.32380440884816],[-95.59991199823997,73.38135197691952],[-95.68631372627453,73.44905499817995],[-95.6287125742515,73.49983226412527],[-95.65031300626013,73.50998771731432],[-95.63591271825437,73.52691347262945],[-95.7007140142803,73.55399468113362]]],[[[-96.26952539050782,74.90466995527908],[-96.40632812656254,74.92498086165722],[-96.37752755055102,74.94529176803533],[-96.39192783855678,74.97914327866556],[-96.32712654253086,74.97575812760252],[-96.33432668653374,75.00622448716973],[-96.61513230264606,74.98591358079159],[-96.58633172663454,75.0333056956739],[-96.60793215864318,75.06377205524109],[-96.46392927858558,75.19240779563589],[-96.37752755055102,75.17548204032079],[-96.36312726254526,75.19240779563589],[-96.39912798255966,75.20594839988797],[-96.37752755055102,75.21610385307704],[-96.04632092641855,75.2397999105182],[-95.98871977439549,75.24995536370724],[-96.08232164643294,75.24995536370724],[-96.07512150243006,75.2736514211484],[-95.90231804636093,75.2905771764635],[-96.17592351847038,75.28719202540049],[-95.94551891037821,75.37859110410207],[-95.88791775835517,75.37182080197601],[-95.91671833436669,75.34812474453486],[-95.77991559831197,75.37182080197601],[-96.03192063841277,75.4022871615432],[-96.15432308646174,75.37520595303903],[-96.17592351847038,75.3853614062281],[-96.0967219344387,75.41921291685833],[-95.95991919838397,75.43613867217343],[-95.75831516630333,75.39213170835416],[-95.68631372627453,75.42936837004737],[-95.83751675033501,75.45983472961458],[-95.75111502230045,75.5139971466229],[-95.45590911818238,75.56815956363124],[-95.36950739014782,75.55123380831614],[-95.27590551811038,75.60539622532448],[-95.17510350207004,75.58508531894637],[-94.87989759795197,75.63586258489167],[-94.36148722974461,75.5918556210724],[-93.98707974159484,75.43613867217343],[-93.677473549471,75.35828019772393],[-93.64867297345948,75.32104353603069],[-93.79987599751996,75.30411778071559],[-93.497469949399,75.26349596795933],[-93.57667153343068,75.19917809776194],[-93.45426908538171,75.11793447224943],[-93.51187023740476,75.09085326374526],[-93.49026980539612,75.07392750843016],[-93.6414728294566,75.04007599779993],[-93.51187023740476,75.03669084673692],[-93.42546850937019,74.9554472212244],[-93.40386807736155,74.88435904890096],[-93.43986879737595,74.75910845956918],[-93.56227124542492,74.74218270425408],[-93.46146922938459,74.72864210000199],[-93.48306966139324,74.68802028724573],[-93.74227484549692,74.63385787023739],[-94.27508550171004,74.65078362555249],[-94.64229284585693,74.62370241704832],[-94.87269745394909,74.68463513618269],[-94.91589831796637,74.66093907874156],[-95.0815016300326,74.68124998511968],[-95.06710134202685,74.73541240212802],[-95.28310566211326,74.79634512126239],[-95.44150883017662,74.76926391275825],[-95.3767075341507,74.79973027232543],[-95.45590911818238,74.79973027232543],[-95.4847096941939,74.77941936594729],[-95.4487089741795,74.74218270425408],[-95.5207104142083,74.74218270425408],[-95.54951099021982,74.75572330850616],[-95.49190983819678,74.79973027232543],[-95.5207104142083,74.81327087657752],[-95.6287125742515,74.80650057445146],[-95.72231444628893,74.8437372361447],[-95.7367147342947,74.81665602764053],[-95.90951819036381,74.82004117870355],[-95.86631732634653,74.84712238720772],[-95.95991919838397,74.85727784039679],[-96.12552251045022,74.91482540846815],[-96.03192063841277,74.94867691909838],[-96.05352107042143,74.9723729765395],[-96.13992279845598,74.95883237228742],[-96.05352107042143,75.00960963823275],[-96.07512150243006,75.02315024248483],[-96.13992279845598,75.01637994035877],[-96.21192423848478,74.91482540846815],[-96.26952539050782,74.90466995527908]]],[[[-100.02800056001121,76.15717584859695],[-99.71119422388449,76.11316888477768],[-99.4159883197664,76.15717584859695],[-99.71839436788737,76.14025009328185],[-99.99919998399969,76.20118281241622],[-100.43840876817538,76.21133826560529],[-100.51041020820418,76.24857492729853],[-100.4672093441869,76.2756561358027],[-100.07120142402849,76.27227098473966],[-100.20080401608033,76.29935219324383],[-100.18640372807457,76.31289279749592],[-100.02800056001121,76.27904128686572],[-99.84799695993921,76.28242643792873],[-100.02080041600833,76.29596704218082],[-99.91999839996801,76.31627794855896],[-100.15040300806017,76.35012945918916],[-100.17920358407169,76.36028491237823],[-100.15040300806017,76.38059581875635],[-100.69761395227906,76.37382551663032],[-100.98561971239425,76.50584640808813],[-100.71201424028482,76.5329276165923],[-100.72641452829058,76.55662367403346],[-100.65441308826178,76.57693458041157],[-100.3160063201264,76.63448214848296],[-99.84079681593633,76.60740093997879],[-99.68239364787297,76.63448214848296],[-99.55279105582113,76.6107860910418],[-99.67519350387009,76.59047518466366],[-99.52399047980961,76.58709003360065],[-99.29358587171744,76.4990761059621],[-99.14238284765696,76.50246125702512],[-99.25758515170304,76.45506914214283],[-99.07758155163104,76.39752157407145],[-99.12078241564832,76.46183944426886],[-98.9839796795936,76.47199489745793],[-98.92637852757056,76.43475823576469],[-98.84717694353888,76.43475823576469],[-98.89037780755616,76.44491368895376],[-98.86877737554752,76.46860974639492],[-99.04878097561952,76.53631276765535],[-99.02718054361088,76.60063063785273],[-98.81117622352448,76.61417124210482],[-98.74637492749856,76.58031973147462],[-98.72477449548992,76.6107860910418],[-98.53757075141503,76.61755639316783],[-98.50877017540351,76.63109699741992],[-98.53757075141503,76.64125245060899],[-98.47996959939199,76.64802275273505],[-98.74637492749856,76.644637601672],[-98.85437708754176,76.67171881017617],[-98.47996959939199,76.67848911230223],[-98.40076801536031,76.66156335698713],[-98.42236844736895,76.62094154423087],[-98.14876297525952,76.58709003360065],[-98.39356787135743,76.5938603357267],[-98.35756715134303,76.56677912722253],[-97.66635332706655,76.482150350647],[-97.69515390307807,76.46183944426886],[-97.65915318306367,76.41783248044959],[-97.72395447908958,76.39413642300843],[-97.78155563111264,76.31966309962198],[-97.50795015900319,76.18764220816414],[-97.49354987099743,76.14025009328185],[-97.58715174303487,76.07931737414745],[-97.57995159903199,76.04208071245424],[-97.65915318306367,75.97437769119381],[-97.55835116702335,75.86605285717712],[-97.66635332706655,75.79496468485368],[-97.939958799176,75.74080226784534],[-97.38554771095423,75.68325469977398],[-97.37114742294847,75.6527883402068],[-97.41434828696575,75.61555167851355],[-97.42154843096863,75.50722684449687],[-97.37834756695135,75.43275352111041],[-97.27754555091103,75.39551685941717],[-97.47194943898879,75.42259806792134],[-97.49354987099743,75.44290897429946],[-97.48634972699455,75.4970713913078],[-97.70955419108383,75.56815956363124],[-97.75995519910398,75.56815956363124],[-97.7527550551011,75.53769320406406],[-97.83915678313568,75.55123380831614],[-97.85355707114144,75.53430805300104],[-97.78875577511552,75.51738229768594],[-97.74555491109822,75.46660503174061],[-97.83915678313568,75.45983472961458],[-97.84635692713856,75.50384169343386],[-97.93275865517312,75.5139971466229],[-98.04076081521632,75.4801456359927],[-97.94715894317888,75.45983472961458],[-98.05516110322208,75.45306442748853],[-97.77435548710976,75.42259806792134],[-98.03356067121344,75.41244261473227],[-97.87515750315008,75.36505049984999],[-98.06956139122784,75.34812474453486],[-98.10556211124224,75.37182080197601],[-98.16316326326528,75.32781383815674],[-98.0839616792336,75.33119898921976],[-98.12716254325088,75.30073262965257],[-98.0479609592192,75.28380687433747],[-98.00476009520192,75.32104353603069],[-97.89675793515872,75.32781383815674],[-97.99755995119904,75.28042172327446],[-97.91115822316448,75.26349596795933],[-97.92555851117024,75.29396232752654],[-97.88955779115584,75.30073262965257],[-97.87515750315008,75.27026627008539],[-97.74555491109822,75.22625930626612],[-97.73835476709534,75.20594839988797],[-97.80315606312128,75.19240779563589],[-97.69515390307807,75.19240779563589],[-97.65195303906079,75.1788671913838],[-97.67355347106943,75.16532658713172],[-97.56555131102623,75.14840083181662],[-97.61595231904639,75.11793447224943],[-97.86075721514432,75.11116417012337],[-98.02636052721056,75.1619414360687],[-98.02636052721056,75.20933355095099],[-98.09836196723936,75.22287415520307],[-98.06956139122784,75.19917809776194],[-98.14876297525952,75.16532658713172],[-98.09116182323648,75.13824537862754],[-97.96875937518752,75.10439386799735],[-97.939958799176,75.06377205524109],[-97.94715894317888,75.01976509142182],[-97.98315966319328,75.01637994035877],[-98.74637492749856,74.9892987318546],[-98.84717694353888,75.00960963823275],[-98.86157723154464,75.06038690417807],[-98.96237924758496,75.05361660205202],[-98.92637852757056,75.01299478929576],[-98.95517910358208,75.00283933610669],[-99.379987599752,74.98591358079159],[-99.40878817576352,74.99268388291765],[-99.37278745574912,75.00622448716973],[-99.38718774375488,75.03669084673692],[-99.27918558371168,75.12131962331244],[-99.49518990379809,75.02653539354785],[-99.42318846376928,74.99268388291765],[-99.53839076781537,74.97575812760252],[-100.34480689613792,75.01637994035877],[-100.3952079041581,75.03669084673692],[-100.38080761615234,75.11454932118642],[-100.4312086241725,75.14840083181662],[-100.3952079041581,75.15855628500569],[-100.5392107842157,75.20594839988797],[-99.98479969599393,75.23641475945516],[-100.3952079041581,75.26011081689632],[-100.25840516810337,75.31427323390466],[-100.52481049620994,75.29396232752654],[-100.77681553631074,75.3515098955979],[-100.4312086241725,75.37520595303903],[-100.69761395227906,75.43613867217343],[-100.01360027200545,75.45983472961458],[-100.30880617612353,75.46999018280363],[-99.94879897597953,75.49368624024478],[-100.280005600112,75.5139971466229],[-100.15760315206305,75.52415259981197],[-99.84799695993921,75.54107835512707],[-100.04240084801697,75.55461895937916],[-99.71119422388449,75.58847047000938],[-99.66799335986721,75.61216652745054],[-99.86239724794497,75.61555167851355],[-99.81199623992481,75.63586258489167],[-99.81919638392769,75.65617349126981],[-99.03438068761376,75.67648439764793],[-98.89037780755616,75.69679530402607],[-98.96957939158784,75.71033590827815],[-100.56081121622434,75.64601803808074],[-101.3672273445469,75.5749298657573],[-101.37442748854978,75.59862592319845],[-101.49682993659874,75.60201107426147],[-102.67045340906819,75.4970713913078],[-102.67045340906819,75.52753775087498],[-102.77845556911139,75.54446350619011],[-102.72805456109123,75.57154471469428],[-102.8792575851517,75.62570713170263],[-102.63445268905379,75.61555167851355],[-102.69925398507971,75.62909228276564],[-102.66325326506531,75.64940318914375],[-102.69205384107683,75.6697140955219],[-102.53365067301347,75.69002500190001],[-102.58405168103363,75.71033590827815],[-102.54085081701635,75.7204913614672],[-102.00804016080322,75.7035656061521],[-102.23844476889539,75.74418741890835],[-102.09444188883779,75.79157953379067],[-102.36804736094723,75.79157953379067],[-102.28884577691555,75.85589740398805],[-101.86403728074562,75.90328951887037],[-101.46082921658434,75.81189044016878],[-101.46082921658434,75.76111317422345],[-101.25202504050083,75.74418741890835],[-100.91361827236545,75.81189044016878],[-101.34562691253826,75.77465377847554],[-101.32402648052962,75.80850528910577],[-101.3672273445469,75.84912710186202],[-101.54003080061602,75.86266770611411],[-101.59763195263906,75.92021527418547],[-101.30242604852099,76.01161435288705],[-101.67683353667074,75.98114799331984],[-101.84963699273986,76.02515495713911],[-101.9072381447629,76.07931737414745],[-101.88563771275426,76.11993918690371],[-101.7632352647053,76.17410160391205],[-101.38162763255266,76.24857492729853],[-102.13044260885219,76.22149371879436],[-102.16644332886659,76.23841947410946],[-102.06564131282626,76.25534522942456],[-102.05844116882338,76.27904128686572],[-102.19524390487811,76.28919674005479],[-102.04404088081762,76.31966309962198],[-102.09444188883779,76.33997400600009],[-102.06564131282626,76.35689976131522],[-101.95763915278306,76.35689976131522],[-102.0512410248205,76.39752157407145],[-101.86403728074562,76.45168399107979],[-101.31682633652674,76.41444732938658],[-101.05762115242305,76.326433401748],[-101.14402288045761,76.24180462517248],[-100.74801496029922,76.1808719060381],[-100.62561251225026,76.12670948902976],[-100.72641452829058,76.08947282733652],[-100.41680833616674,76.1165540358407],[-100.61841236824738,76.07931737414745],[-100.3160063201264,76.05223616564328],[-100.1720034400688,75.96083708694172],[-100.07120142402849,75.94391133162662],[-100.14320286405729,75.90667466993338],[-99.98479969599393,75.92021527418547],[-99.98479969599393,75.88636376355524],[-99.92719854397089,75.87282315930315],[-99.4519890397808,75.97437769119381],[-99.86239724794497,75.93714102950057],[-99.90559811196225,75.95745193587871],[-99.87679753595073,75.98453314438288],[-100.03520070401409,76.00822920182401],[-99.99199983999681,76.03531041032818],[-100.07840156803137,76.0386955613912],[-100.11440228804577,76.10301343158861],[-100.22240444808897,76.13347979115579],[-100.02800056001121,76.15717584859695]]],[[[-96.2767255345107,78.53355189483787],[-95.96711934238685,78.48277462889257],[-95.59991199823997,78.52001129058578],[-94.89429788595773,78.394760701254],[-94.83669673393469,78.34736858637172],[-95.39830796615934,78.23227345022897],[-95.13190263805276,78.19503678853576],[-95.08870177403548,78.1544149757795],[-94.88709774195485,78.11040801196023],[-94.93029860597213,78.08332680345606],[-94.88709774195485,78.0596307460149],[-95.11030220604412,77.95130591199822],[-95.3767075341507,77.9648465162503],[-96.28392567851358,77.85990683329663],[-96.54313086261726,77.89714349498988],[-96.73753475069502,77.86667713542269],[-96.4927298545971,77.8700622864857],[-96.57193143862878,77.8531365311706],[-96.51433028660574,77.84636622904455],[-96.7087341746835,77.83959592691852],[-96.83833676673534,77.80574441628829],[-96.8167363347267,77.7922038120362],[-97.09754195083903,77.80235926522528],[-97.08314166283327,77.84298107798153],[-97.11914238284767,77.8700622864857],[-96.99673993479871,77.92083955243103],[-97.77435548710976,78.03593468857375],[-97.65195303906079,78.05286044388885],[-97.68795375907519,78.07317135026699],[-97.6447528950579,78.09009710558209],[-96.91033820676415,78.07994165239302],[-96.8527370547411,78.10363770983417],[-96.90313806276126,78.11379316302325],[-96.86713734274686,78.13410406940136],[-97.32074641492831,78.20857739278784],[-97.92555851117024,78.21873284597689],[-97.91115822316448,78.24581405448106],[-97.75995519910398,78.24581405448106],[-98.05516110322208,78.2999764714894],[-98.0119602392048,78.33382798211963],[-98.0839616792336,78.37444979487589],[-98.03356067121344,78.39814585231701],[-98.35036700734015,78.44215281613631],[-98.4079681593632,78.4895449310186],[-98.32156643132863,78.52001129058578],[-98.34316686333727,78.53355189483787],[-98.01916038320768,78.54370734802694],[-98.32876657533151,78.65203218204363],[-98.31436628732575,78.69942429692591],[-98.3719674393488,78.71973520330405],[-98.31436628732575,78.74681641180823],[-98.36476729534591,78.76712731818634],[-98.14156283125664,78.81790458413167],[-97.94715894317888,78.81790458413167],[-97.48634972699455,78.79759367775353],[-97.02554051081023,78.74343126074518],[-96.8887377747555,78.6960391458629],[-96.53593071861438,78.67572823948476],[-96.3127262545251,78.6181806714134],[-96.18312366247326,78.62833612460247],[-96.15432308646174,78.61141036928737],[-96.2767255345107,78.53355189483787]]],[[[-82.99965999319987,62.20358316682331],[-83.1364627292546,62.17311680725612],[-83.20126402528052,62.22389407320145],[-83.33806676133524,62.25097528170562],[-83.70527410548212,62.142650447688936],[-83.73407468149364,62.30513769871396],[-83.94287885757716,62.427003136982734],[-83.90687813756276,62.48116555399105],[-83.70527410548212,62.56917948162962],[-83.5684713694274,62.67411916458326],[-83.52527050541012,62.81968066029319],[-83.37406748134964,62.90769458793173],[-83.2084641692834,62.914464890057786],[-83.14366287325748,62.85353217092339],[-83.04286085721715,62.83660641560829],[-82.69725394507891,62.93816094749894],[-82.42364847296948,62.92462034324686],[-82.29404588091764,62.982167911318214],[-82.18604372087442,62.9787827602552],[-81.91243824876499,62.95170155175103],[-81.86203724074483,62.92462034324686],[-81.9052381047621,62.85353217092339],[-81.94843896877939,62.83660641560829],[-81.9412388247765,62.7113558262765],[-82.14284285685714,62.60641614332286],[-82.36604732094644,62.548868575251475],[-82.44524890497811,62.45746949654992],[-82.99965999319987,62.20358316682331]]],[[[-86.0957219144383,65.36192910862215],[-86.15332306646134,65.3856251660633],[-86.0957219144383,65.52780151071019],[-86.01652033040662,65.62258574047479],[-86.01652033040662,65.71059966811333],[-85.79331586631734,65.85277601276024],[-85.54131082621653,65.93401963827276],[-85.46930938618773,65.91370873189462],[-85.51971039420789,65.84262055957117],[-85.49090981819637,65.79522844468889],[-85.36850737014741,65.83585025744512],[-85.1597031940639,65.77830268937376],[-85.14530290605813,65.73429572555449],[-85.18850377007541,65.7207551213024],[-85.0517010340207,65.60565998515969],[-85.31090621812437,65.53795696389926],[-85.0157003140063,65.4194766766935],[-85.0157003140063,65.32130729586589],[-84.92929858597174,65.25698942566851],[-84.92209844196886,65.2095973107862],[-84.792495849917,65.2265230661013],[-84.74929498589972,65.35177365543308],[-84.56209124182485,65.4804093958279],[-84.432488649773,65.45332818732373],[-84.44688893777877,65.41270637456748],[-84.38208764175285,65.38901031712632],[-84.15168303366069,65.33823305118099],[-84.23088461769237,65.2705300299206],[-84.14448288965781,65.21975276397526],[-83.892477849557,65.18928640440808],[-83.91407828156564,65.175745800156],[-83.87807756155124,65.16220519590391],[-83.53967079341588,65.16559034696692],[-83.41006820136404,65.13512398739974],[-83.33806676133524,65.07080611720232],[-83.33086661733236,65.020028851257],[-83.2084641692834,64.94555552787054],[-83.02126042520851,64.91508916830335],[-82.86285725714515,64.8744673555471],[-82.79805596111923,64.81014948534968],[-82.71165423308467,64.77629797471948],[-82.54605092101843,64.73906131302624],[-82.3804476089522,64.76614252153041],[-82.20044400888018,64.71198010452207],[-82.21484429688594,64.6848988960179],[-82.09244184883698,64.6848988960179],[-81.7612352247045,64.50210073861476],[-81.75403508070163,64.35653924290483],[-81.77563551271027,64.31253227908556],[-81.60283205664115,64.20420744506887],[-81.60283205664115,64.12973412168242],[-81.95563911278226,64.06203110042199],[-81.98443968879378,63.99432807916156],[-81.45882917658355,64.03494989191782],[-81.43002860057203,64.04510534510689],[-81.44442888857779,64.08572715786315],[-81.38682773655474,64.09588261105219],[-81.4012280245605,64.07218655361106],[-81.28602572051442,64.07895685573709],[-80.9332186643733,63.99094292809855],[-80.91161823236466,64.02479443872875],[-80.97641952839058,64.05864594935898],[-80.9332186643733,64.12973412168242],[-80.77481549630994,64.07895685573709],[-80.69561391227826,64.01125383447666],[-80.52281045620913,63.97740232384646],[-80.55161103222066,63.926625057901134],[-80.49400988019761,63.90631415152302],[-80.70281405628114,63.91308445364905],[-80.66681333626674,63.88261809408186],[-80.20600412008241,63.80814477069541],[-80.17000340006801,63.770908109002164],[-80.45080901618033,63.72690114518289],[-80.58761175223506,63.63550206648131],[-80.92601852037042,63.520406930338595],[-80.95481909638194,63.459474211204196],[-81.0772215444309,63.45270390907817],[-81.53803076061523,63.581339649472966],[-81.65323306466131,63.571184196283895],[-81.76843536870739,63.63888721754432],[-81.91243824876499,63.632116915418294],[-82.0492409848197,63.68966448348965],[-82.22204444088882,63.686279332426636],[-82.25804516090322,63.659198123922465],[-82.28684573691476,63.67950903030058],[-82.33004660093204,63.649042670733394],[-82.47404948098963,63.67950903030058],[-82.54605092101843,63.76413780687611],[-82.37324746494932,63.81830022388445],[-82.35884717694356,63.90631415152302],[-82.54605092101843,63.970632021720405],[-82.87005740114803,63.98417262597249],[-83.08606172123443,63.953706266405305],[-83.14366287325748,64.00109838128762],[-82.96365927318547,64.14665987699752],[-83.02126042520851,64.18728168975377],[-83.14366287325748,64.16697078337566],[-83.19406388127764,64.11957866849335],[-83.33086661733236,64.13650442380845],[-83.39566791335828,64.10265291317825],[-83.46766935338708,64.12296381955636],[-83.54687093741876,64.10265291317825],[-83.68367367347348,64.00786868341365],[-83.6044720894418,63.926625057901134],[-83.64767295345908,63.86569233876676],[-83.59727194543892,63.82507052601051],[-83.6404728094562,63.76752295793915],[-83.7484749694994,63.77767841112819],[-84.10128202564053,63.60503570691412],[-84.28128562571253,63.62873176435528],[-84.40368807376149,63.547488138842766],[-84.47568951379029,63.38500088781774],[-84.58369167383348,63.30714241336824],[-85.22450449008981,63.120959104902084],[-85.49090981819637,63.120959104902084],[-85.59171183423669,63.17512152191043],[-85.63491269825397,63.24620969423387],[-85.65651313026261,63.408696945258896],[-85.60611212224245,63.493325721834424],[-85.62771255425109,63.55764359203181],[-85.59171183423669,63.61857631116621],[-85.61331226624533,63.669353577111536],[-85.71411428228566,63.70659023880475],[-85.71411428228566,63.76752295793915],[-85.81491629832598,63.703205087741736],[-86.24692493849878,63.63888721754432],[-86.59253185063703,63.669353577111536],[-86.88053761075223,63.554258440968795],[-87.11814236284727,63.554258440968795],[-87.21894437888758,63.62196146222922],[-87.19014380287607,63.72351599411985],[-86.93093861877239,63.90631415152302],[-86.18932378647574,64.10265291317825],[-86.21092421848438,64.1771262365647],[-86.3117262345247,64.22790350251003],[-86.29012580251606,64.2549847110142],[-86.35492709854198,64.2888362216444],[-86.3837276745535,64.36330954503089],[-86.3477269545391,64.40054620672413],[-86.39812796255926,64.43101256629132],[-86.37652753055062,64.54949285349704],[-86.41252825056502,64.58334436412727],[-86.2397247944959,64.80337918322365],[-86.17492349846998,64.82369008960177],[-86.21092421848438,64.88462280873617],[-86.15332306646134,64.92862977255544],[-86.22532450649014,65.0031030959419],[-86.13892277845558,65.09450217464348],[-86.17492349846998,65.27730033204662],[-86.0957219144383,65.36192910862215]]],[[[-94.44788895777917,76.91544968671371],[-94.23908478169564,76.88836847820954],[-94.08068161363228,76.89175362927256],[-93.94387887757756,76.93237544202881],[-93.65587311746236,76.90867938458766],[-93.58387167743356,76.85451696757934],[-93.29586591731835,76.78004364419286],[-93.26706534130683,76.74280698249962],[-93.18066361327227,76.7394218314366],[-93.1734634692694,76.67510396123922],[-93.25986519730395,76.63109699741992],[-93.30306606132123,76.54646822084439],[-93.64867297345948,76.44152853789075],[-93.54787095741916,76.3873661208824],[-93.46146922938459,76.40767702726052],[-93.57667153343068,76.42798793363866],[-93.36066721334427,76.47199489745793],[-93.12306246124923,76.57354942934856],[-93.09426188523771,76.59047518466366],[-93.10866217324347,76.61755639316783],[-92.36704734094683,76.5938603357267],[-91.93503870077403,76.66833365911316],[-91.40942818856378,76.6886445654913],[-90.98461969239386,76.64802275273505],[-90.81901638032761,76.5938603357267],[-90.58141162823257,76.56677912722253],[-90.5022100442009,76.5329276165923],[-90.53101062021241,76.4990761059621],[-90.4662093241865,76.47199489745793],[-90.77581551631033,76.46183944426886],[-90.98461969239386,76.51261671021419],[-91.09262185243706,76.47876519958396],[-91.4382287645753,76.51261671021419],[-91.56783135662714,76.4990761059621],[-91.41662833256666,76.46183944426886],[-89.99819996399928,76.36028491237823],[-89.30698613972281,76.29935219324383],[-89.19178383567673,76.24180462517248],[-89.35018700374009,76.18425705710112],[-89.99819996399928,76.17410160391205],[-90.45180903618073,76.17071645284904],[-90.11340226804538,76.12332433796675],[-91.1502230044601,76.19102735922718],[-91.61103222064442,76.26211553155062],[-91.2582251645033,76.20456796347924],[-91.38782775655514,76.14363524434486],[-91.2222244444889,76.16056099965996],[-90.68221364427289,76.1165540358407],[-90.84781695633913,76.06239161883235],[-90.54541090821817,76.09285797839954],[-90.19260385207706,76.06239161883235],[-90.30060601212026,76.03192525926517],[-91.15742314846298,76.01838465501308],[-90.9342186843737,76.00145889969798],[-91.07102142042842,75.9879182954459],[-90.94141882837658,75.95068163375265],[-91.12862257245146,75.9100598209964],[-91.12862257245146,75.83897164867295],[-91.0782215644313,75.84912710186202],[-91.05662113242266,75.89651921674431],[-90.8982179643593,75.9269855763115],[-90.79741594831897,75.99468859757192],[-90.68221364427289,75.98114799331984],[-90.71821436428729,75.95406678481567],[-90.4302086041721,75.9709925401308],[-90.52381047620953,75.93037072737454],[-90.53101062021241,75.89990436780732],[-90.5022100442009,75.89651921674431],[-90.33660673213465,75.96760738906775],[-90.12060241204826,75.93037072737454],[-90.06300126002522,76.004844050761],[-89.99819996399928,76.00822920182401],[-89.68859377187545,75.89990436780732],[-89.78219564391289,75.83220134654692],[-89.77499549991,75.78819438272762],[-89.55899117982361,75.83897164867295],[-89.61659233184665,75.85251225292504],[-89.58779175583513,75.85928255505107],[-89.16298325966521,75.77465377847554],[-89.25658513170265,75.63247743382865],[-89.65979319586393,75.61893682957657],[-89.76779535590713,75.5749298657573],[-89.54459089181785,75.57154471469428],[-89.7029940598812,75.55461895937916],[-89.22058441168825,75.58508531894637],[-89.09818196363928,75.48353078705571],[-88.9829796595932,75.46999018280363],[-88.96137922758456,75.43275352111041],[-88.78137562751256,75.43275352111041],[-88.75257505150104,75.47337533386667],[-88.90377807556152,75.60539622532448],[-88.77417548350968,75.62909228276564],[-88.73817476349528,75.67986954871094],[-88.20536410728215,75.53092290193803],[-88.30616612332248,75.49368624024478],[-88.26296525930519,75.47676048492968],[-87.99655993119863,75.52753775087498],[-87.75175503510071,75.57831501682031],[-87.65815316306328,75.56815956363124],[-87.62215244304888,75.51738229768594],[-87.49254985099704,75.48691593811876],[-87.60775215504312,75.44967927642551],[-87.53575071501432,75.4462941253625],[-87.41334826696534,75.48691593811876],[-87.51415028300568,75.5580041104422],[-87.2477449548991,75.62232198063958],[-86.80853617072343,75.4801456359927],[-86.58533170663415,75.47337533386667],[-86.37652753055062,75.42598321898436],[-86.59973199463991,75.36166534878694],[-86.1677233544671,75.41921291685833],[-85.52691053821077,75.4022871615432],[-85.82211644232886,75.42936837004737],[-86.14612292245846,75.50722684449687],[-85.54131082621653,75.59862592319845],[-85.57011140222805,75.57831501682031],[-85.54131082621653,75.56477441256823],[-85.2317046340927,75.5580041104422],[-85.31810636212725,75.5749298657573],[-85.28930578611573,75.59524077213541],[-85.03730074601494,75.63247743382865],[-85.00850017000342,75.64601803808074],[-85.07330146602933,75.6527883402068],[-85.03730074601494,75.65617349126981],[-84.49728994579893,75.63247743382865],[-84.6484929698594,75.64263288701773],[-84.63409268185364,75.66294379339584],[-84.66289325786516,75.686639850837],[-84.29568591371829,75.7035656061521],[-84.19488389767797,75.76111317422345],[-84.02208044160885,75.76788347634951],[-83.92127842556852,75.80512013804275],[-84.00048000960021,75.82204589335785],[-83.74127482549652,75.82543104442087],[-83.69807396147924,75.8152755912318],[-83.73407468149364,75.79496468485368],[-83.51807036140724,75.78819438272762],[-83.43166863337268,75.75095772103441],[-83.10046200924019,75.73064681465627],[-82.66125322506451,75.81189044016878],[-82.33004660093204,75.83558649760994],[-81.12042240844818,75.77465377847554],[-81.09882197643954,75.75095772103441],[-81.2212244244885,75.7035656061521],[-81.27162543250866,75.6527883402068],[-80.31400628012561,75.62909228276564],[-80.06920138402769,75.57831501682031],[-80.08360167203345,75.54107835512707],[-79.95399907998161,75.54107835512707],[-80.13400268005361,75.50384169343386],[-80.35720714414289,75.47337533386667],[-80.37160743214865,75.4632198806776],[-80.33560671213425,75.45644957855154],[-79.93239864797297,75.4801456359927],[-79.58679173583472,75.45306442748853],[-79.68039360787216,75.42936837004737],[-79.4859897197944,75.36166534878694],[-79.60839216784336,75.29734747858956],[-79.44278885577712,75.27703657221141],[-79.629992599852,75.17548204032079],[-79.83159663193265,75.17209688925777],[-79.94679893597873,75.13486022756453],[-79.97559951199025,75.09085326374526],[-80.44360887217745,75.03669084673692],[-80.17720354407089,74.98252842972857],[-80.26360527210545,74.94529176803533],[-80.0332006640133,74.95883237228742],[-79.97559951199025,74.99945418504367],[-79.79559591191826,75.02653539354785],[-79.61559231184624,75.01976509142182],[-79.50759015180304,74.99945418504367],[-79.55079101582032,74.98252842972857],[-79.33478669573392,74.88774419996398],[-79.93239864797297,74.81327087657752],[-80.17000340006801,74.8606629914598],[-80.14120282405649,74.89789965315305],[-80.18440368807377,74.9385214659093],[-80.21320426408529,74.93175116378325],[-80.19880397607953,74.88774419996398],[-80.25640512810257,74.87081844464888],[-80.32120642412849,74.9385214659093],[-80.41480829616593,74.88774419996398],[-80.09800196003921,74.82004117870355],[-80.10520210404209,74.78280451701033],[-80.24920498409969,74.75910845956918],[-80.12680253605073,74.7151014957499],[-80.21320426408529,74.69140543830875],[-80.17000340006801,74.6541687766155],[-80.19880397607953,74.64062817236342],[-80.14840296805937,74.62708756811134],[-80.24920498409969,74.57631030216604],[-81.2212244244885,74.572925151103],[-81.81163623272467,74.45783001496028],[-82.45964919298387,74.51876273409465],[-82.3804476089522,74.54245879153581],[-82.43804876097524,74.56954000003998],[-82.48124962499251,74.53568848940978],[-82.61805236104723,74.51199243196862],[-82.91325826516531,74.54922909366186],[-83.07886157723155,74.63047271917435],[-83.12206244124883,74.68463513618269],[-83.10766215324307,74.7489530063801],[-83.02126042520851,74.77941936594729],[-83.07886157723155,74.78957481913636],[-83.07886157723155,74.81665602764053],[-83.25166503330068,74.82342632976656],[-83.52527050541012,74.90128480421606],[-83.56127122542452,74.88774419996398],[-83.51807036140724,74.84035208508169],[-83.3164663293266,74.7658787616952],[-83.43886877737556,74.66093907874156],[-83.45326906538132,74.58985090641812],[-83.61167223344468,74.54245879153581],[-84.90049800996022,74.50183697877955],[-84.9796995939919,74.56954000003998],[-84.99409988199766,74.64401332342644],[-84.95089901798038,74.6710945319306],[-84.99409988199766,74.69817574043478],[-85.07330146602933,74.64062817236342],[-85.04450089001782,74.61693211492226],[-85.04450089001782,74.5221478851577],[-85.26050521010421,74.49168152559048],[-85.36130722614453,74.50183697877955],[-85.36850737014741,74.55261424472488],[-85.52691053821077,74.68802028724573],[-85.54851097021941,74.66093907874156],[-85.48370967419349,74.53568848940978],[-85.57731154623093,74.49845182771654],[-86.11732234644694,74.48152607240144],[-86.08132162643254,74.5559993957879],[-86.19652393047862,74.61693211492226],[-86.2397247944959,74.59662120854415],[-86.24692493849878,74.52553303622071],[-86.4197283945679,74.4781409213384],[-86.69333386667735,74.54245879153581],[-86.78693573871479,74.61693211492226],[-86.79413588271767,74.5390736404728],[-86.60693213864279,74.46798546814935],[-86.94533890677815,74.4612151660233],[-87.01014020280407,74.50860728090561],[-87.03894077881559,74.47475577027538],[-87.11094221884439,74.46798546814935],[-87.3197463949279,74.4781409213384],[-87.37734754695094,74.51876273409465],[-87.31254625092502,74.54584394259882],[-87.57175143502872,74.4612151660233],[-87.73015460309207,74.46798546814935],[-87.76615532310647,74.51537758303164],[-87.9029580591612,74.47137061921237],[-88.09016180323607,74.48152607240144],[-88.13336266725335,74.50860728090561],[-88.21976439528791,74.48152607240144],[-88.53657073141464,74.50522212984256],[-88.57257145142904,74.54922909366186],[-88.55817116342328,74.59323605748114],[-88.43576871537432,74.69479058937176],[-88.4069681393628,74.7489530063801],[-88.42856857137144,74.76249361063219],[-88.29176583531671,74.77264906382126],[-88.48616972339448,74.79295997019938],[-88.4429688593772,74.83696693401865],[-88.5509710194204,74.90805510634212],[-88.57977159543192,74.89112935102699],[-88.5509710194204,74.8437372361447],[-88.61577231544632,74.81665602764053],[-88.61577231544632,74.84712238720772],[-88.66617332346648,74.8437372361447],[-88.75257505150104,74.77941936594729],[-88.75257505150104,74.7151014957499],[-88.8389767795356,74.66093907874156],[-88.88937778755576,74.6710945319306],[-88.9109782195644,74.77941936594729],[-89.0909818196364,74.83696693401865],[-89.01178023560472,74.77941936594729],[-89.04778095561912,74.72187179787593],[-89.27098541970841,74.75572330850616],[-89.09818196363928,74.68802028724573],[-89.1269825396508,74.61693211492226],[-89.18458369167385,74.58646575535508],[-89.92619852397048,74.53230333834674],[-89.99819996399928,74.58646575535508],[-90.1062021240425,74.54922909366186],[-90.36540730814617,74.59323605748114],[-90.31500630012602,74.62708756811134],[-90.58861177223545,74.61354696385925],[-90.73261465229305,74.66432422980458],[-90.76141522830457,74.7151014957499],[-90.71821436428729,74.732027251065],[-90.84781695633913,74.72187179787593],[-90.8982179643593,74.68124998511968],[-91.02782055641114,74.70156089149782],[-90.76141522830457,74.83019663189262],[-90.73981479629593,74.84712238720772],[-90.77581551631033,74.88435904890096],[-90.85501710034201,74.87420359571189],[-91.09982199643994,74.75233815744312],[-91.22942458849178,74.732027251065],[-91.10702214044282,74.62708756811134],[-91.27982559651194,74.63385787023739],[-91.30142602852058,74.65755392767852],[-91.27982559651194,74.68802028724573],[-91.31582631652634,74.7151014957499],[-91.3662273245465,74.70494604256083],[-91.3302266045321,74.6710945319306],[-91.38062761255226,74.64062817236342],[-91.67583351667034,74.6710945319306],[-91.6182323646473,74.70494604256083],[-91.71183423668474,74.72864210000199],[-91.84863697273947,74.69817574043478],[-91.87743754875099,74.71171634468686],[-91.81263625272507,74.73541240212802],[-92.04304086081723,74.78957481913636],[-92.06464129282587,74.81327087657752],[-92.01424028480571,74.85050753827073],[-92.01424028480571,74.91482540846815],[-92.07904158083163,74.93175116378325],[-92.05024100482011,74.95883237228742],[-92.22304446088923,75.02992054461086],[-92.20144402888059,75.05361660205202],[-92.2302446048921,75.07054235736712],[-92.02864057281147,75.08746811268225],[-92.00704014080283,75.10100871693433],[-92.11504230084603,75.1280899254385],[-92.05024100482011,75.14840083181662],[-92.27344546890939,75.13147507650152],[-92.50385007700154,75.21948900414006],[-92.46064921298426,75.24995536370724],[-92.4462489249785,75.31765838496767],[-92.33104662093243,75.368435650913],[-92.46064921298426,75.368435650913],[-92.40304806096123,75.43613867217343],[-92.20864417288347,75.55123380831614],[-92.00704014080283,75.59524077213541],[-92.07904158083163,75.61893682957657],[-92.00704014080283,75.66294379339584],[-92.17264345286907,75.74418741890835],[-92.10784215684315,75.80512013804275],[-92.10784215684315,75.85928255505107],[-92.62625252505052,76.00822920182401],[-92.64065281305628,76.1165540358407],[-92.77025540510812,76.16733130178602],[-92.79185583711676,76.20795311454228],[-93.0654613092262,76.29935219324383],[-93.05826116522331,76.34335915706313],[-93.31746634932699,76.36028491237823],[-93.61987239744796,76.2925818911178],[-93.66307326146524,76.29935219324383],[-93.62707254145084,76.30612249536989],[-93.63427268545372,76.326433401748],[-93.677473549471,76.32304825068499],[-93.76387527750556,76.28581158899175],[-93.63427268545372,76.25873038048758],[-93.69187383747676,76.24857492729853],[-94.62789255785117,76.2756561358027],[-94.72149442988861,76.31627794855896],[-95.03110062201245,76.22149371879436],[-95.38390767815358,76.23503432304645],[-95.36950739014782,76.30273734430688],[-95.27590551811038,76.28242643792873],[-94.98069961399229,76.33320370387406],[-94.84389687793757,76.30273734430688],[-94.81509630192605,76.32981855281105],[-95.27590551811038,76.37382551663032],[-95.39110782215646,76.35351461025218],[-95.4487089741795,76.37721066769333],[-95.3767075341507,76.39413642300843],[-95.83031660633213,76.39413642300843],[-95.99591991839837,76.4381433868277],[-96.10392207844158,76.49569095489909],[-96.06792135842718,76.52277216340326],[-95.77991559831197,76.51938701234022],[-95.58551171023421,76.60401578891575],[-95.77991559831197,76.54985337190743],[-96.01752035040701,76.54985337190743],[-96.00312006240125,76.58370488253763],[-96.16152323046462,76.58370488253763],[-96.2407248144963,76.63448214848296],[-96.40632812656254,76.64125245060899],[-96.47112942258846,76.68525941442826],[-96.94633892677855,76.7224960761215],[-96.83833676673534,76.76650303994077],[-96.90313806276126,76.79019909738193],[-96.8527370547411,76.81389515482309],[-96.68713374267486,76.77327334206683],[-96.6727334546691,76.74957728462567],[-96.30552611052222,76.75296243568869],[-96.58633172663454,76.77327334206683],[-96.51433028660574,76.80373970163402],[-96.31992639852798,76.80712485269703],[-96.8167363347267,76.86805757183143],[-96.86713734274686,76.89852393139861],[-96.85993719874398,76.92560513990279],[-96.65833316666334,76.94930119734391],[-96.83113662273246,76.96961210372206],[-96.7447348946979,76.98315270797414],[-96.47112942258846,76.95607149946997],[-96.37032740654814,76.98992301010017],[-96.25512510250206,76.98653785903716],[-96.3847276945539,77.03054482285643],[-95.7367147342947,77.06778148454967],[-95.41990839816798,77.0576260313606],[-94.94469889397789,76.97638240584808],[-94.52709054181085,76.96961210372206],[-94.44788895777917,76.91544968671371]]],[[[-94.38308766175325,81.25182819844395],[-94.36868737374749,81.28567970907417],[-94.24628492569852,81.31953121970437],[-94.27508550171004,81.34322727714553],[-94.15268305366108,81.36015303246063],[-93.75667513350268,81.34322727714553],[-93.5694713894278,81.30260546438927],[-93.48306966139324,81.31953121970437],[-93.56227124542492,81.36692333458666],[-93.51907038140764,81.38384908990179],[-92.15104302086043,81.23490244312885],[-91.79823596471931,81.15365881761633],[-91.84143682873659,81.12319245804915],[-91.78383567671355,81.08257064529289],[-91.90623812476251,81.0690300410408],[-91.53903078061562,80.98101611340223],[-91.51743034860698,80.93362399851995],[-91.14302286045722,80.81514371131419],[-91.15742314846298,80.78129220068399],[-91.12142242844858,80.75421099217982],[-90.66781335626713,80.68312281985638],[-90.59581191623833,80.64250100710012],[-90.76861537230745,80.56464253265062],[-89.99819996399928,80.53417617308344],[-89.75339506790137,80.46308800076],[-89.82539650793017,80.51725041776834],[-89.78219564391289,80.53079102202042],[-89.54459089181785,80.54771677733552],[-89.24218484369689,80.51725041776834],[-89.06218124362488,80.45970284969698],[-89.25658513170265,80.39538497949957],[-89.07658153163064,80.39199982843655],[-89.13418268365368,80.35814831780633],[-89.11258225164504,80.3344522603652],[-89.25658513170265,80.29721559867195],[-89.24938498769977,80.27690469229381],[-89.06938138762776,80.19566106678133],[-88.53657073141464,80.09749168595368],[-88.41416828336568,80.10426198807974],[-88.48616972339448,80.13472834764693],[-88.42136842736856,80.14149864977298],[-88.14776295525911,80.09410653489067],[-88.42856857137144,80.18550561359226],[-88.27736554731095,80.17196500934017],[-88.27016540330807,80.19566106678133],[-88.50777015540312,80.21935712422246],[-88.70217404348088,80.28367499441987],[-88.64457289145784,80.32091165611311],[-88.68777375547512,80.37168892205841],[-88.65177303546072,80.39199982843655],[-88.38536770735416,80.44277709438185],[-87.6869537390748,80.40892558375165],[-87.60775215504312,80.32429680717613],[-87.614952299046,80.2735195412308],[-87.56455129102584,80.23289772847454],[-87.56455129102584,80.1787353114662],[-88.06856137122743,80.12118774339484],[-87.88855777115543,80.05686987319746],[-87.27654553091062,80.0670253263865],[-87.03894077881559,79.96208564343286],[-87.01014020280407,79.94515988811773],[-87.0317406348127,79.9383895859917],[-87.49254985099704,79.84022020516409],[-87.34134682693654,79.84022020516409],[-87.02454049080983,79.91469352855054],[-86.95973919478391,79.90453807536147],[-87.06054121082423,79.80636869453386],[-87.05334106682135,79.7318953711474],[-87.13254265085303,79.64388144350886],[-87.44214884297688,79.57279327118539],[-87.46374927498552,79.53555660949218],[-87.44214884297688,79.5254011563031],[-87.31254625092502,79.50170509886195],[-87.16134322686455,79.57279327118539],[-86.96693933878679,79.6032596307526],[-86.82293645872919,79.58633387543748],[-86.84453689073783,79.54909721374426],[-86.78693573871479,79.53894176055519],[-86.69333386667735,79.56602296905936],[-86.81573631472631,79.61341508394165],[-86.76533530670615,79.63034083925677],[-86.33332666653334,79.64388144350886],[-86.04532090641814,79.56940812012238],[-86.03812076241526,79.54571206268122],[-86.13892277845558,79.51863085417708],[-86.03092061841238,79.47462389035778],[-86.1677233544671,79.45769813504268],[-86.07412148242966,79.43400207760152],[-85.90131802636054,79.49493479673592],[-85.89411788235766,79.55586751587029],[-85.82931658633174,79.60664478181562],[-85.68531370627413,79.61341508394165],[-85.53411068221365,79.5592526669333],[-85.54131082621653,79.53894176055519],[-85.39010780215605,79.4475426818536],[-85.03730074601494,79.34937330102599],[-84.9076981539631,79.26812967551348],[-85.29650593011861,79.186886050001],[-86.4197283945679,79.07517606492127],[-86.54933098661974,79.0480948564171],[-86.58533170663415,78.98377698621971],[-86.70053401068023,78.95669577771554],[-86.78693573871479,78.95669577771554],[-86.98133962679255,79.05825030960617],[-87.00294005880119,78.98716213728272],[-86.95253905078103,78.90591851177021],[-87.32694653893078,78.79420852669051],[-87.614952299046,78.64526187991757],[-87.87415748314967,78.6960391458629],[-87.95335906718135,78.75020156287124],[-88.00376007520151,78.8077491309426],[-87.94615892317847,78.90930366283322],[-87.96775935518711,78.96685123090461],[-87.794955899118,79.00747304366087],[-87.8309566191324,79.02778395003898],[-87.74455489109783,79.06163546066918],[-87.74455489109783,79.08533151811034],[-87.9029580591612,79.01085819472388],[-88.20536410728215,78.97700668409365],[-88.19096381927639,78.8856076053921],[-88.22696453929079,78.80097882881657],[-88.13336266725335,78.68588369267383],[-88.34936698733976,78.65203218204363],[-88.02536050721015,78.65541733310664],[-87.89575791515831,78.5843291607832],[-87.91015820316407,78.54709249908996],[-88.01096021920439,78.48277462889257],[-88.23416468329367,78.45230826932536],[-88.55817116342328,78.60464006716131],[-88.8029760595212,78.60802521822436],[-88.75257505150104,78.59109946290923],[-88.77417548350968,78.57417370759413],[-88.74537490749816,78.53693704590088],[-88.53657073141464,78.4116864565691],[-88.67337346746936,78.3169022268045],[-88.75257505150104,78.19842193959877],[-88.81737634752696,78.1544149757795],[-89.11258225164504,78.20180709066179],[-89.35738714774297,78.34059828424566],[-89.65979319586393,78.43199736294724],[-89.99819996399928,78.60802521822436],[-90.09180183603674,78.59448461397227],[-90.09900198003962,78.55047765015297],[-89.99819996399928,78.46584887357744],[-89.98379967599352,78.43538251401026],[-89.74619492389849,78.38122009700191],[-89.45098901978041,78.16118527790553],[-89.61659233184665,78.16457042896855],[-89.67419348386969,78.21873284597689],[-89.91179823596472,78.21873284597689],[-89.99819996399928,78.2830507161743],[-90.18540370807418,78.33382798211963],[-90.74701494029881,78.32367252893056],[-90.3222064441289,78.27289526298523],[-90.37260745214905,78.24242890341804],[-90.27180543610874,78.17811103322063],[-90.4662093241865,78.13410406940136],[-91.48862977259546,78.17811103322063],[-91.85583711674235,78.23904375235503],[-92.08624172483451,78.21196254385086],[-92.18704374087483,78.27966556511129],[-92.32384647692955,78.28643586723732],[-92.17984359687195,78.32028737786754],[-92.53985079701594,78.31013192467847],[-92.61185223704476,78.33044283105659],[-92.61185223704476,78.35752403956076],[-92.9214584291686,78.41845675869516],[-92.97905958119163,78.4556934203884],[-92.97905958119163,78.48277462889257],[-91.84863697273947,78.54709249908996],[-91.66143322866458,78.52678159271184],[-91.63263265265306,78.54032219696393],[-91.6542330846617,78.56401825440506],[-92.58305166103322,78.59448461397227],[-92.80625612512252,78.63510642672853],[-93.27426548530971,78.5843291607832],[-93.46866937338748,78.64526187991757],[-93.35346706934139,78.6791133905478],[-93.55507110142204,78.68249854161081],[-93.81427628552572,78.76712731818634],[-93.59107182143644,78.78405307350144],[-93.16626332526651,78.73666095861915],[-93.05826116522331,78.74004610968217],[-93.03666073321467,78.76712731818634],[-93.41826836536731,78.8246748862577],[-93.87187743754876,78.83483033944677],[-94.28228564571292,78.97023638196762],[-93.90787815756316,79.04132455429107],[-93.6054721094422,79.05148000748014],[-93.47586951739036,79.1090275755515],[-93.46146922938459,79.1428790861817],[-93.33186663733275,79.16318999255984],[-92.87105742114844,79.13949393511868],[-92.74865497309948,79.16318999255984],[-92.30944618892379,79.14626423724474],[-91.62543250865018,79.18011574787494],[-90.56701134022681,79.21396725850514],[-90.36540730814617,79.24781876913536],[-92.17984359687195,79.20381180531609],[-92.4462489249785,79.2241227116942],[-92.69825396507932,79.25797422232444],[-92.60465209304188,79.3019811861437],[-91.93503870077403,79.29859603508069],[-91.1502230044601,79.35614360315205],[-91.12862257245146,79.38999511378225],[-92.17984359687195,79.34598814996298],[-92.56865137302746,79.36968420740413],[-92.24464489289787,79.42723177547549],[-92.25904518090363,79.4475426818536],[-92.58305166103322,79.45092783291665],[-92.87825756515132,79.40692086909735],[-93.08706174123483,79.48139419248383],[-93.14466289325787,79.46446843716873],[-93.02226044520891,79.38322481165622],[-93.37506750135003,79.3358326967739],[-93.23106462129243,79.42384662441248],[-93.33906678133563,79.4475426818536],[-93.48306966139324,79.35275845208903],[-93.66307326146524,79.35952875421506],[-93.68467369347388,79.33921784783695],[-93.62707254145084,79.31552179039579],[-93.87187743754876,79.26474452445046],[-94.21028420568412,79.27828512870255],[-94.15988319766396,79.2850554308286],[-94.16708334166684,79.31552179039579],[-94.11668233364668,79.34598814996298],[-93.83587671753436,79.39338026484526],[-94.03028060561212,79.37645450953016],[-94.38308766175325,79.42046147334943],[-94.51269025380509,79.41707632228642],[-94.49828996579933,79.37983966059318],[-94.39028780575613,79.36968420740413],[-94.50549010980221,79.3358326967739],[-95.08870177403548,79.27151482657652],[-95.2327046540931,79.2850554308286],[-95.18950379007582,79.30875148826973],[-95.31910638212766,79.33244754571089],[-95.16070321406428,79.34598814996298],[-95.28310566211326,79.35275845208903],[-95.31190623812478,79.38999511378225],[-95.28310566211326,79.40015056697132],[-95.44150883017662,79.37306935846715],[-95.7727154543091,79.41030602016039],[-95.75111502230045,79.42384662441248],[-95.77991559831197,79.4306169265385],[-95.67191343826877,79.44077237972758],[-95.77991559831197,79.47462389035778],[-95.70791415828317,79.50170509886195],[-95.7367147342947,79.53894176055519],[-94.69989399787997,79.61341508394165],[-94.33268665373309,79.68788840732813],[-94.35428708574173,79.72851022008439],[-94.28228564571292,79.75897657965157],[-94.31828636572732,79.77928748602969],[-94.81509630192605,79.67096265201303],[-95.85191703834077,79.64726659457187],[-96.14712294245886,79.73866567327343],[-96.2407248144963,79.73528052221042],[-96.25512510250206,79.78267263709273],[-96.33432668653374,79.81652414772293],[-96.4927298545971,79.83683505410107],[-96.39192783855678,79.86391626260524],[-96.58633172663454,79.85376080941617],[-96.60793215864318,79.88761232004637],[-96.4567291345827,79.91469352855054],[-96.39192783855678,79.91469352855054],[-96.3847276945539,79.88084201792034],[-96.13992279845598,79.90792322642451],[-96.60793215864318,79.96208564343286],[-96.67993359867198,80.01286290937816],[-96.39192783855678,80.04671442000839],[-96.6727334546691,80.04332926894537],[-96.80233604672094,80.09072138382766],[-96.7087341746835,80.144883800836],[-96.41352827056542,80.13811349870994],[-95.84471689433789,80.05348472213441],[-94.85109702194045,80.04332926894537],[-94.41908838176765,79.97901139874796],[-94.71429428588573,80.07041047744954],[-94.80069601392029,80.09410653489067],[-94.61349226984541,80.13472834764693],[-94.11668233364668,80.18212046252924],[-94.59909198183965,80.2227422752855],[-94.81509630192605,80.15842440508808],[-95.36950739014782,80.11780259233183],[-95.69351387027741,80.1787353114662],[-95.29750595011902,80.21258682209643],[-95.23990479809598,80.24305318166361],[-95.49910998219966,80.21935712422246],[-95.64311286225725,80.2396680306006],[-95.93111862237245,80.19566106678133],[-96.5647312946259,80.2735195412308],[-96.47112942258846,80.32091165611311],[-96.67993359867198,80.34122256249123],[-96.59353187063742,80.36153346886937],[-96.23352467049342,80.3344522603652],[-96.26952539050782,80.3683037709954],[-96.04632092641855,80.38861467737354],[-95.44150883017662,80.33783741142821],[-95.47030940618814,80.38184437524748],[-96.0967219344387,80.48678405820115],[-95.93111862237245,80.51048011564228],[-95.90231804636093,80.5409464752095],[-96.02472049440989,80.5747979858397],[-95.98151963039261,80.58495343902877],[-94.99509990199805,80.60187919434387],[-94.75029500590013,80.56125738158761],[-93.98707974159484,80.55448707946158],[-93.95827916558332,80.52740587095741],[-93.7854757095142,80.52402071989437],[-94.0014800296006,80.58495343902877],[-94.54149082981661,80.59849404328085],[-94.65669313386269,80.6526564602892],[-94.66389327786557,80.67635251773032],[-94.59909198183965,80.68989312198241],[-94.20308406168124,80.69327827304545],[-94.08788175763516,80.70004857517148],[-94.1094821896438,80.72035948154962],[-94.89429788595773,80.74744069005379],[-95.03830076601533,80.77113674749492],[-94.85829716594333,80.8016031070621],[-94.88709774195485,80.81514371131419],[-95.28310566211326,80.784677351747],[-95.53511070221406,80.81852886237724],[-95.1535030700614,80.8794615815116],[-95.4847096941939,80.89977248788975],[-95.28310566211326,80.95054975383505],[-95.23990479809598,81.00471217084339],[-94.9014980299606,81.05887458785173],[-94.57029140582813,81.03856368147362],[-94.45508910178205,81.01148247296945],[-94.50549010980221,80.98101611340223],[-94.43348866977341,80.96409035808713],[-94.29668593371868,81.0080973219064],[-93.93667873357468,81.01825277509548],[-94.0734814696294,81.04194883253663],[-93.90787815756316,81.04194883253663],[-94.15268305366108,81.05548943678872],[-94.33988679773597,81.10965185379706],[-93.51907038140764,81.06564488997779],[-93.12306246124923,81.11642215592309],[-93.18066361327227,81.13673306230123],[-93.09426188523771,81.1638142708054],[-93.24546490929819,81.19089547930957],[-93.22386447728955,81.21120638568769],[-93.9294785895718,81.20443608356166],[-94.38308766175325,81.25182819844395]]],[[[-75.5187103742075,67.35239793367865],[-75.5907118142363,67.30500581879636],[-75.90751815036302,67.247458250725],[-76.2387247744955,67.26099885497709],[-76.66353327066543,67.22037704222083],[-77.04514090281806,67.26099885497709],[-77.17474349486992,67.42010095493907],[-77.24674493489871,67.45056731450626],[-77.2539450789016,67.51488518470367],[-77.22514450289007,67.54535154427086],[-77.3259465189304,67.69768334210681],[-77.2179443588872,67.86355574419485],[-76.86513730274606,68.15806388667772],[-76.60593211864239,68.27992932494647],[-76.28192563851279,68.33409174195481],[-76.2387247744955,68.30362538238762],[-76.08032160643214,68.2968550802616],[-75.9147182943659,68.33747689301785],[-75.72751455029102,68.3307065908918],[-75.13710274205485,68.2359223611272],[-75.00030000600013,68.12082722498448],[-75.05070101402029,68.03619844840895],[-75.16590331806637,67.95495482289644],[-75.10110202204045,67.84662998887976],[-75.04350087001741,67.81277847824956],[-75.06510130202605,67.6942981910438],[-75.02190043800877,67.61982486765734],[-75.07230144602893,67.53858124214483],[-75.38910778215566,67.35578308474169],[-75.5187103742075,67.35239793367865]]],[[[-61.98243964879299,66.64828651257022],[-61.78803576071523,66.60766469981397],[-61.5792315846317,66.47564380835615],[-61.98963979279587,66.41132593815874],[-61.55763115262306,66.41471108922175],[-61.46402928058562,66.37070412540248],[-61.55763115262306,66.33685261477228],[-61.78083561671235,66.33346746370927],[-61.91763835276707,66.28269019776394],[-62.08324166483331,66.33008231264623],[-62.20564411288227,66.31654170839414],[-62.22724454489091,66.40455563603271],[-62.60885217704356,66.44179229772593],[-62.6304526090522,66.43163684453688],[-62.60165203304068,66.40455563603271],[-62.71685433708676,66.40794078709573],[-62.60165203304068,66.38762988071758],[-62.49364987299748,66.40455563603271],[-62.450449008980186,66.35377837008738],[-62.31364627292547,66.3063862552051],[-62.6664533290666,66.21498717650351],[-62.76005520110404,66.2454535360707],[-62.78165563311268,66.3063862552051],[-62.88965779315588,66.33346746370927],[-62.82485649712996,66.28946049988997],[-62.8104562091242,66.24206838500768],[-62.71685433708676,66.20144657225143],[-62.51525030500612,66.21837232756653],[-62.34244684893699,66.16082475949517],[-62.10484209684195,66.14389900418007],[-62.16244324886499,66.12697324886497],[-62.15524310486211,66.0998920403608],[-62.04004080081603,66.0998920403608],[-62.08324166483331,66.08296628504567],[-62.01124022480451,66.07281083185663],[-62.11204224084483,66.04911477441547],[-61.98243964879299,66.04234447228941],[-61.96083921678435,66.01187811272223],[-62.19124382487651,66.01187811272223],[-62.30644612892259,65.97464145102902],[-62.522450449009,66.03557417016339],[-62.78165563311268,66.03218901910037],[-62.932858657173156,66.14728415524309],[-63.062461249224995,66.12020294673891],[-62.932858657173156,66.12358809780193],[-62.87525750515012,66.04911477441547],[-62.79605592111844,66.01187811272223],[-62.58725174503492,66.00849296165921],[-62.42164843296867,65.97125629996597],[-62.38564771295427,65.93063448720972],[-62.450449008980186,65.92047903402067],[-62.36404728094563,65.90355327870554],[-62.37844756895139,65.86970176807534],[-62.28484569691395,65.81215420000399],[-62.62325246504932,65.80199874681492],[-62.72405448108964,65.82907995531909],[-62.86085721714436,65.9103235808316],[-62.87525750515012,65.88324237232743],[-62.8104562091242,65.85616116382326],[-62.82485649712996,65.83923540850816],[-62.57285145702916,65.75799178299565],[-62.60165203304068,65.71736997023939],[-62.8464569291386,65.76476208512167],[-62.79605592111844,65.71059966811333],[-62.58725174503492,65.66997785535708],[-62.64485289705796,65.58873422984459],[-62.67365347306948,65.59888968303363],[-62.65925318506372,65.63951149578989],[-62.73125462509252,65.61920058941178],[-62.73125462509252,65.58873422984459],[-62.78165563311268,65.5921193809076],[-62.86085721714436,65.63612634472688],[-62.88965779315588,65.73429572555449],[-62.961659233184676,65.75460663193263],[-62.918458369167396,65.7207551213024],[-62.88965779315588,65.63951149578989],[-62.968859377187556,65.58196392771853],[-63.026460529210595,65.63612634472688],[-63.213664273285474,65.63951149578989],[-63.436868737374766,65.84600571063419],[-63.487269745394926,65.93740478933577],[-63.530470609412205,65.87647207020137],[-63.37206744134885,65.73091057449147],[-63.38646772935461,65.71059966811333],[-63.35046700934021,65.66659270429406],[-63.732074641492844,65.67674815748313],[-63.674473489469804,65.64966694897896],[-63.37206744134885,65.63274119366386],[-63.32166643332867,65.5921193809076],[-63.35766715334309,65.53457181283625],[-63.480069601392046,65.52441635964718],[-63.580871617432365,65.59550453197062],[-63.609672193443885,65.58873422984459],[-63.566471329426605,65.54811241708833],[-63.616872337446765,65.54134211496228],[-63.537670753415085,65.51764605752112],[-63.530470609412205,65.4804093958279],[-63.444068881377646,65.48717969795393],[-63.29286585731715,65.42963212988258],[-63.652873057461164,65.47025394263883],[-63.38646772935461,65.39239546818933],[-63.523270465409325,65.3856251660633],[-63.33606672133445,65.30099638948778],[-63.451269025380526,65.29084093629871],[-63.34326686533733,65.25360427460546],[-63.458469169383406,65.24006367035338],[-63.32166643332867,65.21975276397526],[-63.31446628932579,65.1926715554711],[-63.516070321406445,65.1926715554711],[-63.436868737374766,65.17236064909295],[-63.480069601392046,65.15882004484087],[-63.34326686533733,65.14189428952577],[-63.436868737374766,65.10127247676951],[-63.40086801736037,65.07757641932838],[-63.36486729734597,65.0640358150763],[-63.465669313386286,65.05726551295024],[-63.38646772935461,65.04372490869815],[-63.472869457389166,65.03356945550908],[-63.458469169383406,65.0031030959419],[-63.530470609412205,64.97263673637471],[-63.501670033400686,64.95232582999657],[-63.544870897417965,64.88800795979918],[-63.652873057461164,64.91170401724034],[-63.631272625452524,64.92862977255544],[-63.660073201464044,64.94217037680752],[-63.602472049441005,64.96248128318564],[-63.616872337446765,64.99971794487888],[-63.732074641492844,64.96248128318564],[-63.82567651353028,64.9861773406268],[-63.82567651353028,65.01325854913097],[-63.652873057461164,65.03695460657212],[-63.86887737754756,65.04033975763514],[-63.88327766555332,65.0978873257065],[-63.79687593751876,65.18251610228202],[-63.86167723354468,65.17913095121901],[-63.962479249585,65.0978873257065],[-64.07768155363108,65.12158338314765],[-64.07768155363108,65.06742096613931],[-64.12088241764836,65.04372490869815],[-64.20728414568293,65.10804277889557],[-64.26488529770597,65.09450217464348],[-64.20728414568293,65.15543489377785],[-64.07768155363108,65.19944185759712],[-64.22888457769157,65.19605670653411],[-64.32248644972901,65.14866459165182],[-64.38008760175205,65.18251610228202],[-64.39448788975781,65.25021912354245],[-64.33688673773477,65.2874557852357],[-64.40168803376069,65.2705300299206],[-64.40168803376069,65.29084093629871],[-64.2576851537031,65.3856251660633],[-64.23608472169445,65.42963212988258],[-64.2936858737175,65.42286182775655],[-64.35128702574053,65.34500335330705],[-64.45928918578373,65.29422608736172],[-64.45208904178085,65.20621215972318],[-64.53849076981541,65.0978873257065],[-64.58169163383269,65.12835368527368],[-64.63929278585573,65.11819823208461],[-64.61049220984421,65.14189428952577],[-64.64649292985861,65.15543489377785],[-64.61769235384709,65.1926715554711],[-64.73289465789317,65.15882004484087],[-64.68249364987301,65.20282700866017],[-64.71849436988741,65.21975276397526],[-64.69689393787877,65.23329336822735],[-64.64649292985861,65.24683397247944],[-64.73289465789317,65.2705300299206],[-64.79769595391909,65.22990821716434],[-64.91289825796517,65.30438154055079],[-64.68249364987301,65.34161820224404],[-64.91289825796517,65.34161820224404],[-64.58889177783557,65.42963212988258],[-64.45208904178085,65.4194766766935],[-64.41608832176645,65.47702424476486],[-64.46648932978661,65.44317273413466],[-64.64649292985861,65.46348364051278],[-64.69689393787877,65.42624697881956],[-64.86249724994501,65.42624697881956],[-64.97769955399109,65.4025509213784],[-64.99209984199685,65.3686994107482],[-65.05690113802278,65.37546971287424],[-65.14330286605734,65.42624697881956],[-65.13610272205446,65.46009848944976],[-65.16490329806598,65.48379454689092],[-64.92729854597093,65.52441635964718],[-64.86249724994501,65.57857877665552],[-64.79049580991621,65.58534907878155],[-64.83369667393349,65.60565998515969],[-64.81929638592773,65.6428966468529],[-64.71129422588453,65.65305210004198],[-64.85529710594213,65.65305210004198],[-64.99209984199685,65.54811241708833],[-65.21530430608614,65.55149756815135],[-65.1937038740775,65.59888968303363],[-65.31610632212646,65.55149756815135],[-65.3377067541351,65.5751936255925],[-65.3017060341207,65.58873422984459],[-65.3017060341207,65.62935604260085],[-65.12890257805158,65.63274119366386],[-65.10010200204006,65.67336300642012],[-64.99209984199685,65.70044421492429],[-64.79049580991621,65.72414027236542],[-65.02810056201125,65.71736997023939],[-65.16490329806598,65.65643725110499],[-65.43130862617254,65.66997785535708],[-65.45290905818118,65.6869036106722],[-65.3737074741495,65.77830268937376],[-65.49610992219846,65.7376808766175],[-65.45290905818118,65.82569480425607],[-65.34490689813798,65.91709388295763],[-64.96329926598533,65.99833750847014],[-64.73289465789317,65.96787114890296],[-64.84809696193925,66.03218901910037],[-64.77609552191045,66.09312173823474],[-64.71849436988741,66.21837232756653],[-64.35848716974341,66.35039321902437],[-64.71849436988741,66.27253474457487],[-64.84089681793637,66.19467627012537],[-64.85529710594213,66.10666234248683],[-65.2297045940919,66.01864841484829],[-65.28730574611494,66.0389593212264],[-65.29450589011782,66.01187811272223],[-65.39530790615814,65.97464145102902],[-65.91371827436551,65.95094539358786],[-65.96411928238567,66.03557417016339],[-65.91371827436551,66.09312173823474],[-65.63291265825318,66.17098021268424],[-65.47450949018982,66.31315655733113],[-65.53931078621574,66.31654170839414],[-65.47450949018982,66.34362291689831],[-65.47450949018982,66.38762988071758],[-65.5537110742215,66.32669716158321],[-65.56811136222726,66.26914959351186],[-65.6977139542791,66.18113566587328],[-65.94971899437991,66.11004749354984],[-66.13692273845479,66.13035839992799],[-66.25212504250086,66.21837232756653],[-66.15132302646055,66.28269019776394],[-66.25932518650374,66.23868323394467],[-66.4177283545671,66.27591989563788],[-66.43932878657574,66.26576444244884],[-66.37452749054982,66.20821687437746],[-66.50413008260166,66.20821687437746],[-66.54733094661894,66.27930504670093],[-66.47532950659014,66.27591989563788],[-66.51853037060742,66.31992685945718],[-66.46812936258726,66.34700806796133],[-66.57613152263046,66.36054867221341],[-66.43932878657574,66.41471108922175],[-66.61933238664774,66.36731897433947],[-66.77053541070823,66.38085957859155],[-66.71293425868518,66.38424472965457],[-66.67693353867078,66.45533290197801],[-66.73453469069382,66.42825169347384],[-66.81373627472551,66.451947750915],[-66.784935698714,66.50611016792334],[-66.8569371387428,66.53657652749052],[-66.72733454669094,66.58396864237284],[-66.84973699473991,66.58396864237284],[-67.02254045080903,66.64490136150721],[-67.05854117082343,66.6415162104442],[-67.04414088281767,66.6245904551291],[-66.88573771475431,66.56704288705771],[-67.04414088281767,66.52303592323844],[-67.15214304286087,66.53319137642751],[-67.08014160283207,66.5128804700494],[-67.10894217884359,66.48579926154522],[-67.19534390687815,66.49256956367125],[-67.18814376287527,66.5298062253645],[-67.33214664293287,66.5636577359947],[-67.33934678693575,66.59750924662492],[-67.44734894697895,66.57381318918377],[-67.53375067501351,66.62120530406605],[-67.55535110702215,66.61104985087701],[-67.51935038700775,66.56704288705771],[-67.64175283505672,66.59750924662492],[-67.64175283505672,66.57719834024678],[-67.74255485109704,66.57042803812075],[-67.29614592291847,66.52642107430145],[-67.26014520290407,66.47564380835615],[-67.15214304286087,66.44517744878897],[-67.13774275485511,66.38085957859155],[-67.18814376287527,66.36393382327645],[-67.23854477089543,66.40117048496967],[-67.40414808296167,66.42825169347384],[-67.29614592291847,66.37070412540248],[-67.18814376287527,66.35377837008738],[-67.12334246684935,66.3063862552051],[-67.25294505890119,66.30300110414206],[-67.28174563491271,66.27591989563788],[-67.36814736294727,66.31315655733113],[-67.39694793895879,66.29284565095301],[-67.49054981099623,66.35377837008738],[-67.49054981099623,66.38085957859155],[-67.64175283505672,66.44517744878897],[-67.81455629112584,66.46210320410407],[-67.85775715514312,66.51965077217542],[-67.88655773115464,66.48918441260824],[-67.92255845116904,66.51626562111241],[-67.99455989119784,66.50272501686032],[-67.87215744314888,66.45533290197801],[-67.85775715514312,66.41132593815874],[-67.76415528310568,66.3571635211504],[-67.69935398707976,66.28607534882696],[-67.74255485109704,66.24206838500768],[-67.29614592291847,66.11004749354984],[-67.25294505890119,66.04911477441547],[-67.15934318686375,66.03557417016339],[-67.31054621092423,65.99833750847014],[-67.17374347486951,65.9272493361467],[-67.19534390687815,65.9103235808316],[-67.34654693093863,65.91370873189462],[-67.41134822696455,65.9441750914618],[-67.45454909098183,65.89678297657952],[-67.6057521150423,65.90355327870554],[-67.74255485109704,65.96110084677693],[-67.70655413108264,65.89001267445346],[-67.91535830716616,65.90016812764253],[-68.03056061121224,65.99833750847014],[-68.02336046720936,66.06604052973057],[-67.9729594591892,66.08635143610871],[-68.23216464329288,66.14728415524309],[-68.27536550731016,66.22514262969258],[-68.34736694733895,66.2116020254405],[-68.3329666593332,66.17436536374726],[-68.39056781135623,66.18452081693633],[-68.45536910738215,66.27253474457487],[-68.51297025940521,66.29961595307904],[-68.4769695393908,66.21498717650351],[-68.8369767395348,66.18452081693633],[-68.49136982739657,66.18790596799934],[-68.24656493129864,66.06942568079359],[-68.21776435528712,66.08296628504567],[-68.2609652193044,66.11004749354984],[-68.21776435528712,66.12697324886497],[-68.03056061121224,66.07619598291964],[-68.05936118722376,66.0558850765415],[-68.06656133122664,65.98479690421806],[-68.12416248324968,66.0220335659113],[-68.20336406728136,66.0220335659113],[-68.12416248324968,65.96448599783994],[-68.34736694733895,66.0389593212264],[-68.1889637792756,65.95094539358786],[-68.31856637132744,65.96110084677693],[-68.31856637132744,65.9103235808316],[-68.16736334726696,65.90355327870554],[-68.14576291525832,65.93063448720972],[-68.14576291525832,65.87308691913836],[-68.1889637792756,65.85277601276024],[-68.0809616192324,65.83585025744512],[-68.20336406728136,65.79184329362585],[-68.02336046720936,65.77491753831075],[-67.80735614712296,65.815539351067],[-67.82175643512872,65.76814723618472],[-67.94415888317768,65.74783632980657],[-67.98015960319208,65.70721451705032],[-67.87935758715176,65.69367391279823],[-67.864957299146,65.63612634472688],[-67.90815816316328,65.61243028728572],[-67.98735974719496,65.63274119366386],[-67.91535830716616,65.59888968303363],[-68.05936118722376,65.56842332346645],[-67.95135902718056,65.56842332346645],[-68.02336046720936,65.4804093958279],[-67.72815456309128,65.63612634472688],[-67.48334966699335,65.6428966468529],[-67.46174923498471,65.67336300642012],[-67.32494649892999,65.66320755323105],[-67.25294505890119,65.60565998515969],[-67.33934678693575,65.5751936255925],[-67.26014520290407,65.5311866617732],[-67.36094721894439,65.54811241708833],[-67.41134822696455,65.52441635964718],[-67.33214664293287,65.5142609064581],[-67.33214664293287,65.49395000007999],[-67.45454909098183,65.49395000007999],[-67.33214664293287,65.44317273413466],[-67.28894577891559,65.47025394263883],[-67.05854117082343,65.44994303626072],[-67.10894217884359,65.43640243200863],[-67.05854117082343,65.42624697881956],[-67.11614232284647,65.36192910862215],[-67.31054621092423,65.3686994107482],[-67.41134822696455,65.33484790011798],[-67.32494649892999,65.31792214480288],[-67.26734534690695,65.35177365543308],[-67.12334246684935,65.31115184267682],[-67.16654333086663,65.26375972779454],[-67.08014160283207,65.25021912354245],[-67.16654333086663,65.22313791503828],[-67.13054261085223,65.22990821716434],[-67.10894217884359,65.19605670653411],[-66.9289385787716,65.22990821716434],[-66.95773915478311,65.10804277889557],[-67.05854117082343,65.10465762783255],[-67.10894217884359,65.05726551295024],[-66.97933958679175,65.08773187251742],[-66.95053901078023,65.0809615703914],[-66.96493929878599,65.05726551295024],[-66.90013800276007,65.0640358150763],[-66.82813656273127,65.14866459165182],[-66.72733454669094,65.17913095121901],[-66.75613512270246,65.1148130810216],[-66.82813656273127,65.09450217464348],[-66.79213584271687,65.08434672145441],[-66.80653613072263,65.05388036188722],[-66.91453829076583,65.05049521082421],[-66.84253685073703,65.03356945550908],[-66.76333526670534,65.0640358150763],[-66.77773555471111,65.0031030959419],[-66.73453469069382,64.99971794487888],[-66.7417348346967,64.96248128318564],[-66.82813656273127,64.94217037680752],[-66.72733454669094,64.91508916830335],[-66.77053541070823,64.86769705342104],[-66.69853397067942,64.7627573704674],[-66.6337326746535,64.7796831257825],[-66.69133382667654,64.82369008960177],[-66.64093281865638,64.94555552787054],[-66.69133382667654,65.04033975763514],[-66.53293065861318,65.00987339806795],[-66.54013080261606,64.95232582999657],[-66.48252965059302,64.98279218956378],[-66.47532950659014,64.92862977255544],[-66.3817276345527,64.91170401724034],[-66.33852677053542,64.93878522574448],[-66.3097261945239,64.86431190235803],[-66.26652533050662,64.90154856405127],[-66.15132302646055,64.86769705342104],[-66.19452389047783,64.7796831257825],[-66.33852677053542,64.7627573704674],[-66.20892417848358,64.75260191727833],[-66.20892417848358,64.6848988960179],[-66.15132302646055,64.68828404708091],[-66.11532230644615,64.7796831257825],[-66.0217204344087,64.85077129810594],[-66.03612072241447,64.70859495345906],[-66.00732014640295,64.701824651333],[-66.01452029040583,64.74921676621531],[-65.95691913838279,64.7627573704674],[-65.91371827436551,64.68151374495488],[-65.8057161143223,64.63412163007257],[-65.89931798635973,64.73229101090021],[-65.85611712234245,64.75598706834134],[-65.93531870637415,64.79999403216061],[-65.88491769835397,64.82707524066478],[-65.95691913838279,64.87785250661011],[-65.86331726634533,64.857541600232],[-65.8417168343367,64.88123765767313],[-65.7697153943079,64.85415644916895],[-65.78411568231365,64.79999403216061],[-65.7337146742935,64.84400099597991],[-65.6617132342647,64.80676433428667],[-65.74091481829637,64.74244646408926],[-65.70491409828198,64.68828404708091],[-65.71211424228485,64.73567616196323],[-65.6617132342647,64.77291282365644],[-65.5537110742215,64.72213555771114],[-65.5897117942359,64.64089193219863],[-65.74811496229925,64.5901146662533],[-65.71211424228485,64.56980375987519],[-65.72651453029061,64.49871558755174],[-65.5177103542071,64.49871558755174],[-65.50331006620134,64.46824922798453],[-65.34490689813798,64.52579679605591],[-65.40250805016102,64.44116801948036],[-65.3377067541351,64.48178983223661],[-65.27290545810918,64.4614789258585],[-65.2657053141063,64.51225619180383],[-65.21530430608614,64.53595224924496],[-65.23690473809478,64.48178983223661],[-65.11450229004582,64.50887104074079],[-65.17930358607174,64.47501953011059],[-65.07850157003142,64.47501953011059],[-65.07850157003142,64.42085711310224],[-65.25850517010342,64.383620451409],[-65.18650373007462,64.35653924290483],[-65.1937038740775,64.30914712802254],[-65.6617132342647,64.30237682589649],[-65.43130862617254,64.29899167483347],[-65.46730934618694,64.29222137270744],[-65.43850877017542,64.26852531526629],[-65.56091121822438,64.24482925782513],[-65.3377067541351,64.24821440888815],[-65.35930718614374,64.22451835144702],[-65.25130502610054,64.20759259613192],[-65.38810776215526,64.15004502806053],[-65.2657053141063,64.18051138762775],[-65.11450229004582,64.10603806424126],[-65.1937038740775,64.07218655361106],[-65.0497009940199,64.07218655361106],[-65.22250445008902,64.02817958979179],[-64.94889897797957,64.0146389855397],[-64.92009840196805,64.00448353235063],[-64.95609912198245,63.970632021720405],[-64.81929638592773,64.02479443872875],[-64.75449508990181,64.00109838128762],[-64.66809336186725,64.0315647408548],[-64.63209264185285,63.97401717278345],[-64.89129782595653,63.89615869833395],[-64.89129782595653,63.86569233876676],[-64.97769955399109,63.85215173451468],[-64.98489969799397,63.814915072821435],[-64.94889897797957,63.77429326006518],[-64.75449508990181,63.74382690049799],[-64.68969379387589,63.753982353687064],[-64.50969019380389,63.65242782179641],[-64.52409048180965,63.61180600904015],[-64.58889177783557,63.60842085797714],[-64.53849076981541,63.581339649472966],[-64.56009120182405,63.55764359203181],[-64.51689033780677,63.493325721834424],[-64.54569091381829,63.46962966439327],[-64.50249004980101,63.42223754951098],[-64.55289105782117,63.39515634100681],[-64.63209264185285,63.408696945258896],[-64.50969019380389,63.37484543462867],[-64.49528990579813,63.32745331974638],[-64.52409048180965,63.303757262305226],[-64.61769235384709,63.3139127154943],[-64.48088961779237,63.28344635592711],[-64.64649292985861,63.23943939210781],[-64.76889537790757,63.32406816868337],[-64.75449508990181,63.37823058569168],[-64.79769595391909,63.39515634100681],[-64.83369667393349,63.50009602396045],[-64.93449868997381,63.571184196283895],[-64.94169883397669,63.632116915418294],[-65.07130142602854,63.67273872817455],[-65.10730214604294,63.72690114518289],[-65.20810416208326,63.77429326006518],[-65.1577031540631,63.781063562191235],[-65.3017060341207,63.81152992175842],[-64.98489969799397,63.60165055585111],[-65.09290185803718,63.56102874309485],[-65.10010200204006,63.527177232464624],[-65.042500850017,63.459474211204196],[-65.11450229004582,63.425622700573996],[-65.042500850017,63.432393002700024],[-65.1217024340487,63.40192664313284],[-64.96329926598533,63.36807513250264],[-64.90569811396229,63.28006120486407],[-64.92009840196805,63.2360542410448],[-65.05690113802278,63.3139127154943],[-65.01370027400549,63.2529799963599],[-65.15050301006022,63.286831506990126],[-65.0857017140343,63.22928393891877],[-64.97049940998821,63.21574333466668],[-65.07850157003142,63.21235818360364],[-65.05690113802278,63.17512152191043],[-64.92009840196805,63.18527697509947],[-64.85529710594213,63.164966068721355],[-64.89849796995941,63.1412700112802],[-64.78329566591333,63.120959104902084],[-64.76169523390469,63.0904927453349],[-64.86249724994501,63.0904927453349],[-64.76889537790757,63.06341153683073],[-64.81209624192485,63.03971547938957],[-64.76889537790757,62.982167911318214],[-64.84809696193925,62.96862730706613],[-64.73289465789317,62.921235192183815],[-64.69689393787877,62.95170155175103],[-64.62489249784997,62.9009242858057],[-64.88409768195365,62.86707277517547],[-65.07850157003142,62.93816094749894],[-65.1217024340487,62.992323364507286],[-65.1577031540631,62.97201245812914],[-65.1217024340487,62.921235192183815],[-65.23690473809478,62.95847185387706],[-65.27290545810918,63.00247881769633],[-65.28010560211206,62.96862730706613],[-65.18650373007462,62.92462034324686],[-65.20090401808038,62.887383681553615],[-64.98489969799397,62.71474097733952],[-64.92729854597093,62.63349735182703],[-64.98489969799397,62.643652805016075],[-64.98489969799397,62.619956747574946],[-65.14330286605734,62.565794330566604],[-65.22250445008902,62.57933493481869],[-65.29450589011782,62.670734013520246],[-65.2657053141063,62.6944300709614],[-65.33050661013222,62.69104491989839],[-65.33050661013222,62.66734886245723],[-65.35210704214086,62.68427461777233],[-65.31610632212646,62.74182218584369],[-65.24410488209766,62.77905884753693],[-65.35930718614374,62.775673696473916],[-65.36650733014662,62.81629550923017],[-65.33050661013222,62.8230658113562],[-65.25130502610054,62.83322126454527],[-65.3377067541351,62.83660641560829],[-65.33050661013222,62.92462034324686],[-65.40250805016102,62.8230658113562],[-65.45290905818118,62.843376717734344],[-65.61131222624454,62.81968066029319],[-65.6617132342647,62.904309436868715],[-65.70491409828198,62.89076883261663],[-65.74811496229925,62.921235192183815],[-65.69051381027622,62.9787827602552],[-65.72651453029061,63.05325608364166],[-65.74091481829637,62.965242156003114],[-65.82731654633093,62.92800549430987],[-65.79131582631653,62.870457926238515],[-65.8777175543511,62.92462034324686],[-65.96411928238567,62.931390645372886],[-65.83451669033381,63.032945177263514],[-65.94971899437991,62.97539760919216],[-66.01452029040583,62.9787827602552],[-66.07212144242887,63.02278972407447],[-66.0577211544231,63.0464857815156],[-66.13692273845479,63.03633032832656],[-66.1657233144663,63.0904927453349],[-66.2737254745095,63.13449970915417],[-66.28812576251526,63.11757395383907],[-66.20892417848358,63.08033729214583],[-66.19452389047783,63.032945177263514],[-66.0937218744375,62.982167911318214],[-66.10092201844039,62.95170155175103],[-66.15852317046343,62.93816094749894],[-66.29532590651814,62.992323364507286],[-66.39612792255846,62.9957085155703],[-66.51853037060742,63.06679668789374],[-66.49692993859878,63.087107594271856],[-66.56893137862758,63.15819576659533],[-66.54733094661894,63.19543242828854],[-66.69133382667654,63.28006120486407],[-66.64093281865638,63.34099392399847],[-66.64813296265926,63.37484543462867],[-66.7417348346967,63.28344635592711],[-66.60493209864198,63.20558788147761],[-66.61933238664774,63.16158091765834],[-66.5617312346247,63.07356699001977],[-66.68413368267366,63.09726304746093],[-66.54013080261606,62.9957085155703],[-66.68413368267366,63.026174875137485],[-66.77053541070823,63.087107594271856],[-66.75613512270246,63.17850667297344],[-66.80653613072263,63.27329090273804],[-66.84973699473991,63.24620969423387],[-66.80653613072263,63.16158091765834],[-66.90013800276007,63.171736370847384],[-67.02254045080903,63.242824543170855],[-66.95053901078023,63.28344635592711],[-67.00814016280327,63.32745331974638],[-66.97933958679175,63.398541492069825],[-67.01534030680615,63.398541492069825],[-67.04414088281767,63.33422362187241],[-67.01534030680615,63.28006120486407],[-67.09454189083783,63.276676053801054],[-67.17374347486951,63.31729786655731],[-67.14494289885799,63.28006120486407],[-67.18094361887239,63.276676053801054],[-67.34654693093863,63.37484543462867],[-67.40414808296167,63.46285936226724],[-67.41134822696455,63.408696945258896],[-67.49774995499911,63.43577815376307],[-67.55535110702215,63.537332685653695],[-67.62015240304807,63.547488138842766],[-67.684953699074,63.61857631116621],[-67.67055341106824,63.65242782179641],[-67.77855557111144,63.63550206648131],[-67.7929558591172,63.68966448348965],[-67.83615672313448,63.68966448348965],[-67.83615672313448,63.72690114518289],[-67.91535830716616,63.76075265581309],[-67.80015600312008,63.632116915418294],[-67.82175643512872,63.58472480053598],[-67.78575571511432,63.527177232464624],[-67.67055341106824,63.41208209632191],[-67.67775355507112,63.37146028356565],[-67.71375427508552,63.3646899814396],[-67.82175643512872,63.40192664313284],[-67.85775715514312,63.45608906014118],[-67.95135902718056,63.50686632608651],[-68.0809616192324,63.547488138842766],[-68.12416248324968,63.60165055585111],[-68.13856277125544,63.57795449840995],[-68.24656493129864,63.598265404788066],[-68.21776435528712,63.62873176435528],[-68.27536550731016,63.68966448348965],[-68.31136622732456,63.68966448348965],[-68.26816536330728,63.63888721754432],[-68.30416608332168,63.632116915418294],[-68.52737054741097,63.74721205156101],[-68.55617112342249,63.72690114518289],[-68.75057501150025,63.77429326006518],[-68.72177443548873,63.73028629624591],[-68.99537990759816,63.753982353687064],[-68.81537630752617,63.63550206648131],[-68.85137702754056,63.60165055585111],[-68.54177083541673,63.44593360695211],[-68.44816896337927,63.43916330482608],[-68.49856997139945,63.42223754951098],[-68.26816536330728,63.28344635592711],[-68.28256565131304,63.26313544954897],[-68.20336406728136,63.225898787855726],[-68.23216464329288,63.198817579351555],[-68.13856277125544,63.148040313406256],[-67.91535830716616,63.137884860217184],[-67.9729594591892,63.06341153683073],[-67.92255845116904,63.07356699001977],[-67.89375787515752,63.120959104902084],[-67.78575571511432,63.087107594271856],[-67.61295225904519,63.09387789639791],[-67.61295225904519,63.06341153683073],[-67.7929558591172,63.01940457301143],[-67.73535470709416,62.982167911318214],[-67.77135542710856,62.95847185387706],[-67.71375427508552,62.96185700494007],[-67.73535470709416,62.9957085155703],[-67.684953699074,63.026174875137485],[-67.55535110702215,63.04987093257864],[-67.49774995499911,63.009249119822385],[-67.6489529790596,62.96862730706613],[-67.66335326706536,62.9178500411208],[-67.46174923498471,62.98555306238123],[-67.39694793895879,62.965242156003114],[-67.41854837096743,62.931390645372886],[-67.36094721894439,62.94493124962497],[-67.24574491489831,62.8839985304906],[-67.36814736294727,62.85353217092339],[-67.20254405088103,62.87384307730153],[-67.18094361887239,62.83660641560829],[-67.23854477089543,62.81291035816716],[-67.11614232284647,62.81968066029319],[-67.08734174683495,62.792599451789016],[-67.11614232284647,62.755362790095774],[-67.05134102682055,62.7722885454109],[-67.01534030680615,62.73505188371766],[-67.05854117082343,62.69104491989839],[-66.91453829076583,62.6944300709614],[-67.00094001880039,62.653808258205146],[-66.80653613072263,62.6775043156463],[-66.72733454669094,62.66734886245723],[-66.77053541070823,62.63349735182703],[-66.6697333946679,62.64026765395306],[-66.71293425868518,62.62334189863796],[-66.61213224264486,62.61318644544889],[-66.61213224264486,62.582720085881704],[-66.4897297945959,62.51163191355826],[-66.51133022660454,62.42023283485668],[-66.35292705854118,62.44392889229783],[-66.39612792255846,62.42023283485668],[-66.33132662653254,62.37961102210042],[-66.47532950659014,62.33560405828115],[-66.31692633852678,62.26451588595771],[-66.35292705854118,62.332218907218135],[-66.24492489849798,62.31867830296605],[-66.21612432248646,62.35252981359625],[-66.15852317046343,62.30513769871396],[-66.14412288245767,62.254360432768635],[-66.25932518650374,62.26113073489469],[-66.0577211544231,62.22389407320145],[-66.01452029040583,62.25097528170562],[-65.93531870637415,62.20358316682331],[-66.0577211544231,62.142650447688936],[-66.03612072241447,62.06479197323944],[-66.13692273845479,62.09187318174361],[-66.15132302646055,62.125724692373836],[-66.2017240344807,62.11218408812175],[-66.10092201844039,62.03432561367225],[-66.13692273845479,62.00724440516808],[-66.06492129842599,61.99708895197901],[-66.03612072241447,61.95308198815974],[-65.99291985839719,61.96323744134881],[-65.95691913838279,61.88876411796235],[-66.39612792255846,61.871838362647225],[-66.6337326746535,61.91923047752954],[-66.66253325066502,61.94292653497067],[-66.61933238664774,61.966622592411824],[-66.7057341146823,61.966622592411824],[-66.75613512270246,62.010629556231095],[-66.93613872277447,62.04448106686132],[-66.92173843476871,62.01739985835715],[-66.95773915478311,62.01401470729414],[-67.02254045080903,62.05125136898735],[-67.10174203484071,62.03094046260924],[-67.23134462689255,62.09525833280665],[-67.32494649892999,62.07494742642851],[-67.32494649892999,62.132494994499865],[-67.38974779495591,62.149420749814965],[-67.72815456309128,62.159576203004036],[-67.8289565791316,62.17311680725612],[-67.80735614712296,62.20019801576029],[-67.83615672313448,62.210353468949364],[-67.864957299146,62.19004256257122],[-68.54897097941961,62.24759013064261],[-68.72177443548873,62.30175254765092],[-68.71457429148585,62.32544860509208],[-68.82257645152905,62.33898920934416],[-68.85137702754056,62.382996173163434],[-69.02418048360968,62.376225871037406],[-69.29778595571912,62.498091309306176],[-69.28338566771336,62.62334189863796],[-69.37698753975081,62.531942819936376],[-69.41298825976521,62.60641614332286],[-69.4561891237825,62.62334189863796],[-69.44178883577673,62.548868575251475],[-69.60019200384009,62.66396371139422],[-69.47778955579113,62.67411916458326],[-69.47778955579113,62.69781522202442],[-69.42738854777097,62.704585524150474],[-69.56419128382569,62.71812612840256],[-69.39858797175945,62.76213309222183],[-69.57139142782857,62.76213309222183],[-69.62179243584873,62.789214300726],[-69.67939358787177,62.738437034780674],[-69.67939358787177,62.775673696473916],[-69.83059661193225,62.8230658113562],[-69.76579531590633,62.72489643052859],[-69.89539790795817,62.755362790095774],[-69.93859877197545,62.792599451789016],[-70.03940078801577,62.748592487969745],[-70.25540510810218,62.755362790095774],[-70.5002100042001,62.86368762411246],[-70.88901778035562,62.90769458793173],[-70.76661533230666,62.92462034324686],[-70.84581691633834,62.948316400687986],[-71.0402208044161,62.95508670281404],[-70.93941878837578,62.96862730706613],[-70.9682193643873,62.999093666633314],[-70.93941878837578,63.026174875137485],[-70.99701994039881,63.02278972407447],[-71.01142022840457,62.98893821344424],[-71.15542310846219,62.98555306238123],[-71.13382267645355,63.0295600262005],[-71.02582051641033,63.026174875137485],[-70.93941878837578,63.09387789639791],[-70.8242164843297,63.12772940702811],[-70.92501850037002,63.11418880277603],[-70.94661893237866,63.137884860217184],[-70.91061821236426,63.171736370847384],[-70.98981979639593,63.148040313406256],[-70.98981979639593,63.104033349586985],[-71.03302066041321,63.07356699001977],[-71.14102282045643,63.07356699001977],[-71.15542310846219,63.09726304746093],[-71.19862397247947,63.01940457301143],[-71.24182483649675,63.00247881769633],[-71.27782555651115,63.0126342708854],[-71.24902498049963,63.0295600262005],[-71.27062541250827,63.03971547938957],[-71.40742814856299,63.05664123470467],[-71.4002280045601,63.1243442559651],[-71.46502930058602,63.104033349586985],[-71.71703434068682,63.17850667297344],[-71.65943318866378,63.19204727722553],[-71.75303506070122,63.2360542410448],[-71.64503290065802,63.259750298485955],[-71.76743534870698,63.25636514742294],[-71.73863477269546,63.26652060061198],[-71.77463549270986,63.29021665805314],[-71.75303506070122,63.3139127154943],[-71.81783635672714,63.34437907506148],[-71.73143462869258,63.34437907506148],[-71.77463549270986,63.41208209632191],[-71.80343606872138,63.381615736754725],[-71.92583851677034,63.38838603888075],[-71.99063981279627,63.425622700573996],[-72.01224024480491,63.39177118994377],[-72.14904298085963,63.44593360695211],[-71.63783275665514,63.41885239844794],[-71.50103002060042,63.476399966519324],[-71.30662613252267,63.53394753459068],[-71.2922258445169,63.58810995159902],[-71.23462469249387,63.60842085797714],[-71.40742814856299,63.56779904522088],[-71.3642272845457,63.61180600904015],[-71.40742814856299,63.63550206648131],[-71.40742814856299,63.61180600904015],[-71.45782915658314,63.60165055585111],[-71.44342886857739,63.581339649472966],[-71.5802316046321,63.581339649472966],[-71.56583131662634,63.62196146222922],[-71.48662973259466,63.62873176435528],[-71.5802316046321,63.64565751967038],[-71.53703074061482,63.709975389867765],[-71.63783275665514,63.720130843056836],[-71.66663333266666,63.69643478561571],[-71.60903218064362,63.65581297285945],[-71.63783275665514,63.64565751967038],[-71.7242344846897,63.693049634552665],[-71.68103362067242,63.74721205156101],[-71.7602352047041,63.693049634552665],[-71.77463549270986,63.74382690049799],[-71.9042380847617,63.81152992175842],[-71.96903938078763,63.79460416644332],[-72.00504010080203,63.753982353687064],[-71.84663693273866,63.753982353687064],[-71.92583851677034,63.64565751967038],[-71.96903938078763,63.65581297285945],[-71.92583851677034,63.67950903030058],[-71.947438948779,63.72351599411985],[-72.04104082081643,63.665968426048494],[-72.06984139682795,63.74044174943498],[-72.10584211684235,63.71674569199382],[-72.20664413288267,63.77429326006518],[-72.21384427688555,63.676123879237565],[-72.31464629292587,63.67273872817455],[-72.31464629292587,63.73367144730892],[-72.35784715694315,63.76075265581309],[-72.24984499689995,63.76075265581309],[-72.27144542890859,63.797989317506335],[-72.22104442088843,63.86230718770375],[-72.0914418288366,63.90631415152302],[-72.22104442088843,63.89615869833395],[-72.24984499689995,63.95032111534229],[-72.27864557291147,63.90631415152302],[-72.24984499689995,63.88261809408186],[-72.31464629292587,63.89615869833395],[-72.40824816496331,63.82507052601051],[-72.37224744494891,63.77767841112819],[-72.52345046900939,63.787833864317264],[-72.45864917298347,63.814915072821435],[-72.59545190903819,63.86907748982978],[-72.66025320506411,63.84876658345166],[-72.63865277305547,63.90292900045998],[-72.66745334906699,63.92323990683812],[-72.60265205304107,63.95032111534229],[-72.59545190903819,64.02140928766573],[-72.67465349306987,64.02140928766573],[-72.66745334906699,64.07895685573709],[-72.70345406908139,64.00786868341365],[-72.66025320506411,63.98755777703553],[-72.73225464509291,63.96386171959438],[-72.76105522110443,64.00448353235063],[-72.94105882117644,64.05864594935898],[-72.86905738114764,64.09249745998918],[-72.89785795715916,64.15681533018659],[-73.07786155723116,64.18389653869076],[-73.04906098121964,64.22451835144702],[-73.12826256525132,64.26852531526629],[-73.10666213324268,64.29222137270744],[-73.207464149283,64.29222137270744],[-73.23626472529452,64.32945803440066],[-73.30826616532332,64.30914712802254],[-73.2794655893118,64.25836986207722],[-73.387467749355,64.2719104663293],[-73.39466789335788,64.33961348758973],[-73.32986659733196,64.37685014928297],[-73.25786515730316,64.36330954503089],[-73.3514670293406,64.40054620672413],[-73.41626832536652,64.37007984715692],[-73.47386947738956,64.41408681097619],[-73.3154663093262,64.45809377479549],[-73.41626832536652,64.4784046811736],[-73.2794655893118,64.51902649392986],[-73.16426328526572,64.57657406200121],[-73.16426328526572,64.6070404215684],[-73.27226544530892,64.59688496837936],[-73.30826616532332,64.65781768751373],[-73.34426688533772,64.63412163007257],[-73.30106602132044,64.58334436412727],[-73.30826616532332,64.53595224924496],[-73.46666933338668,64.50210073861476],[-73.48826976539532,64.56980375987519],[-73.40186803736076,64.54949285349704],[-73.4594691893838,64.58672951519029],[-73.43066861337228,64.60365527050539],[-73.57467149342988,64.58672951519029],[-73.65387307746155,64.66458798963978],[-73.68987379747597,64.58334436412727],[-73.64667293345867,64.56641860881217],[-73.75467509350189,64.53595224924496],[-73.927478549571,64.60365527050539],[-73.78347566951341,64.47501953011059],[-73.81227624552493,64.45809377479549],[-73.88427768555373,64.4953304364887],[-73.86987739754797,64.46824922798453],[-73.90587811756237,64.45470862373244],[-73.9634792695854,64.4784046811736],[-73.97067941358829,64.43101256629132],[-73.94187883757677,64.40393135778714],[-73.98507970159405,64.38700560247204],[-73.99227984559693,64.32945803440066],[-74.09308186163724,64.32945803440066],[-74.17228344566892,64.35992439396787],[-74.10028200564012,64.3666946960939],[-74.107482149643,64.40393135778714],[-74.07868157363148,64.41070165991317],[-74.17228344566892,64.4614789258585],[-74.04268085361709,64.4445531705434],[-74.12908258165164,64.53595224924496],[-73.95627912558253,64.51564134286684],[-74.16508330166604,64.56980375987519],[-73.9994799895998,64.58334436412727],[-74.08588171763436,64.63073647900956],[-74.05708114162285,64.73229101090021],[-74.12188243764876,64.74244646408926],[-74.12188243764876,64.67812859389187],[-74.22268445368908,64.67135829176581],[-74.20828416568332,64.61381072369446],[-74.23708474169484,64.57995921306423],[-74.30188603772076,64.62396617688353],[-74.26588531770636,64.65443253645071],[-74.31628632572652,64.68151374495488],[-74.33788675773516,64.62735132794654],[-74.41708834176684,64.66120283857674],[-74.34508690173804,64.59349981731631],[-74.38108762175244,64.56980375987519],[-74.4314886297726,64.59688496837936],[-74.41708834176684,64.62396617688353],[-74.53229064581294,64.62058102582048],[-74.57549150983021,64.66458798963978],[-74.70509410188205,64.73567616196323],[-74.56829136582733,64.84738614704293],[-74.48188963779276,64.83723069385385],[-74.57549150983021,64.87108220448408],[-74.5466909338187,64.8913931108622],[-74.64029280585613,64.90493371511428],[-74.66189323786477,64.89477826192521],[-74.64029280585613,64.86092675129501],[-74.73389467789357,64.85415644916895],[-74.70509410188205,64.79999403216061],[-74.7266945338907,64.76952767259343],[-74.81309626192525,64.80337918322365],[-74.83469669393389,64.7796831257825],[-74.98589971799437,64.7966088810976],[-74.467489349787,64.5562631556231],[-74.64029280585613,64.539337400308],[-74.53949078981582,64.50887104074079],[-74.6186923738475,64.49871558755174],[-74.5034900698014,64.45470862373244],[-74.66909338186765,64.40393135778714],[-74.68349366987341,64.37346499821996],[-74.97149942998861,64.41747196203923],[-75.17310346206925,64.49194528542569],[-75.18750375007501,64.47501953011059],[-75.14430288605773,64.45470862373244],[-75.21630432608653,64.42762741522827],[-75.33150663013261,64.49194528542569],[-75.53311066221326,64.53595224924496],[-75.56911138222766,64.56980375987519],[-75.8427168543371,64.6070404215684],[-75.77791555831118,64.56980375987519],[-75.83551671033422,64.56303345774913],[-75.82111642232846,64.52918194711893],[-75.63391267825358,64.45470862373244],[-75.7347146942939,64.47163437904757],[-75.70591411828238,64.43778286841734],[-75.92191843836878,64.48178983223661],[-75.79951599031982,64.43778286841734],[-75.82111642232846,64.42424226416526],[-75.72751455029102,64.3666946960939],[-75.94351887037742,64.37685014928297],[-75.97951959039182,64.40393135778714],[-76.07312146242926,64.35992439396787],[-76.12352247044942,64.38700560247204],[-76.1667233344667,64.37346499821996],[-76.13792275845518,64.36330954503089],[-76.1667233344667,64.3497689407788],[-76.37552751055023,64.35653924290483],[-76.32512650253007,64.31591743014857],[-76.18832376647534,64.30576197695953],[-76.30352607052143,64.27868076845536],[-76.44032880657615,64.31591743014857],[-76.48352967059343,64.30576197695953],[-76.37552751055023,64.27868076845536],[-76.48352967059343,64.26514016420327],[-76.54113082261647,64.30576197695953],[-76.65633312666255,64.27529561739232],[-76.7067341346827,64.30237682589649],[-76.73553471069422,64.27529561739232],[-76.72113442268846,64.2380589556991],[-76.66353327066543,64.21774804932096],[-76.6707334146683,64.18389653869076],[-76.84353687073742,64.20082229400586],[-76.82913658273166,64.22790350251003],[-77.12434248684976,64.29560652377046],[-77.38354767095343,64.24482925782513],[-77.36914738294767,64.28206591951837],[-77.44834896697935,64.29560652377046],[-77.38354767095343,64.30576197695953],[-77.3979479589592,64.32268773227463],[-77.54195083901679,64.31253227908556],[-77.49154983099663,64.3497689407788],[-77.64995299905999,64.38700560247204],[-77.64275285505711,64.33622833652672],[-77.67155343106863,64.31930258121162],[-77.78675573511471,64.37007984715692],[-77.88035760715215,64.37346499821996],[-77.90915818316367,64.40054620672413],[-77.84435688713775,64.42424226416526],[-78.009960199204,64.42424226416526],[-77.9739594791896,64.46486407692151],[-78.03156063121264,64.48517498329966],[-78.06756135122704,64.49871558755174],[-78.06756135122704,64.539337400308],[-78.18276365527312,64.5731889109382],[-78.12516250325008,64.5901146662533],[-78.19716394327888,64.64766223432466],[-78.16116322326448,64.69843950026998],[-78.2979659593192,64.70520980239604],[-78.18276365527312,64.72213555771114],[-78.189963799276,64.75260191727833],[-78.07476149522992,64.8135346364127],[-78.06756135122704,64.85415644916895],[-78.1179623592472,64.8744673555471],[-78.14676293525872,64.95232582999657],[-77.96675933518672,65.04711005976117],[-77.62835256705135,65.14189428952577],[-77.49154983099663,65.13850913846275],[-77.3259465189304,65.17913095121901],[-77.31874637492751,65.19944185759712],[-77.51315026300527,65.31792214480288],[-77.46274925498511,65.37885486393725],[-77.289945798916,65.3686994107482],[-77.41954839096783,65.46009848944976],[-77.23954479089583,65.47025394263883],[-77.26834536690735,65.45671333838675],[-77.08834176683534,65.40593607244142],[-76.9227384547691,65.42963212988258],[-76.66353327066543,65.40932122350446],[-75.78511570231406,65.22313791503828],[-75.7347146942939,65.15204974271484],[-75.52591051821038,65.10465762783255],[-75.42510850217006,65.04711005976117],[-75.41790835816718,64.97602188743772],[-75.50431008620174,64.93878522574448],[-75.66991339826798,64.94217037680752],[-75.60511210224206,64.91170401724034],[-75.5907118142363,64.857541600232],[-75.45390907818158,64.83723069385385],[-75.53311066221326,64.77629797471948],[-75.4467089341787,64.76614252153041],[-75.39630792615854,64.71875040664813],[-75.29550591011821,64.72552070877416],[-75.37470749414989,64.83384554279084],[-75.34590691813837,64.91847431936637],[-75.46830936618734,64.87108220448408],[-75.56911138222766,64.88462280873617],[-75.4827096541931,64.89477826192521],[-75.47550951019022,64.93540007468147],[-75.38190763815278,64.98279218956378],[-75.26670533410669,64.94894067893355],[-75.29550591011821,64.98956249168981],[-75.24510490209805,65.00648824700491],[-75.18750375007501,65.10127247676951],[-75.25950519010381,65.10127247676951],[-75.28110562211245,65.03695460657212],[-75.36030720614413,65.0031030959419],[-75.59791195823918,65.18251610228202],[-75.71311426228526,65.18590125334504],[-75.76351527030542,65.23667851929036],[-75.90031800636014,65.26037457673152],[-75.9507190143803,65.31792214480288],[-75.6987139742795,65.30438154055079],[-75.6267125342507,65.34500335330705],[-75.56911138222766,65.27391518098361],[-75.18750375007501,65.25360427460546],[-75.08670173403469,65.2874557852357],[-75.07230144602893,65.33146274905496],[-75.10830216604333,65.39239546818933],[-75.00030000600013,65.37885486393725],[-74.76989539790797,65.3856251660633],[-74.71229424588493,65.43301728094559],[-74.66909338186765,65.42286182775655],[-74.70509410188205,65.4025509213784],[-74.66189323786477,65.38901031712632],[-74.6906938138763,65.37546971287424],[-74.66909338186765,65.34838850437006],[-74.52509050181006,65.33484790011798],[-74.3594871897438,65.39916577031539],[-74.30188603772076,65.47363909370185],[-74.15788315766316,65.48717969795393],[-74.1794835896718,65.52441635964718],[-74.107482149643,65.53457181283625],[-73.99227984559693,65.50410545326903],[-73.84827696553933,65.5311866617732],[-73.74027480549613,65.5142609064581],[-73.74027480549613,65.49056484901695],[-73.66107322146445,65.45671333838675],[-73.48106962139244,65.44994303626072],[-73.567471349427,65.57857877665552],[-73.63227264545291,65.6090451362227],[-73.61067221344427,65.64628179791595],[-73.70427408548173,65.6869036106722],[-73.65387307746155,65.71736997023939],[-73.71147422948461,65.76137693405866],[-74.05708114162285,65.87647207020137],[-74.44588891777836,66.09650688929776],[-74.467489349787,66.1506693063061],[-74.34508690173804,66.22514262969258],[-73.90587811756237,66.35377837008738],[-73.44506890137804,66.55011713174261],[-73.3514670293406,66.65167166363327],[-73.10666213324268,66.72275983595671],[-72.87625752515052,66.92586889973796],[-72.82585651713036,67.03080858269163],[-72.68185363707275,67.0748155465109],[-72.36504730094603,67.11205220820415],[-72.27864557291147,67.16621462521249],[-72.25704514090283,67.247458250725],[-72.19224384487691,67.27453945922917],[-72.37224744494891,67.32531672517447],[-72.35784715694315,67.3591682358047],[-72.43704874097483,67.47764852301043],[-72.50905018100363,67.49795942938857],[-72.42264845296907,67.52842578895576],[-72.47304946098923,67.565662450649],[-72.48744974899499,67.62321001872036],[-72.59545190903819,67.63336547190943],[-72.67465349306987,67.6942981910438],[-72.58105162103243,67.75184575911516],[-72.60985219704395,67.7890824208084],[-72.76105522110443,67.87709634844694],[-72.847456949139,67.85001513994277],[-72.90505810116204,67.90417755695111],[-72.8834576691534,67.9346439165183],[-72.94105882117644,67.92448846332925],[-72.89785795715916,68.0125023909678],[-72.98425968519372,68.13775298029958],[-72.9914598291966,68.2359223611272],[-73.03466069321388,68.2359223611272],[-73.04906098121964,68.19868569943398],[-73.22186443728876,68.22915205900117],[-73.18586371727436,68.25623326750534],[-73.21466429328588,68.27315902282044],[-73.33706674133484,68.27992932494647],[-73.32266645332908,68.24946296537928],[-73.35866717334348,68.24269266325325],[-73.4954699093982,68.27654417388345],[-73.30826616532332,68.32055113770272],[-73.28666573331468,68.34424719514388],[-73.3154663093262,68.36117295045898],[-73.21466429328588,68.37809870577411],[-73.25066501330028,68.39163931002619],[-73.35866717334348,68.37132840364805],[-73.3514670293406,68.3307065908918],[-73.47386947738956,68.3307065908918],[-73.63227264545291,68.24607781431627],[-73.68267365347309,68.26977387175742],[-73.58907178143563,68.30362538238762],[-73.83387667753357,68.33747689301785],[-73.94907898157965,68.4119502164043],[-73.86987739754797,68.49319384191682],[-73.72587451749037,68.52704535254702],[-73.81227624552493,68.57105231636632],[-73.71867437348749,68.61505928018559],[-73.82667653353069,68.6184444312486],[-73.70427408548173,68.6522959418788],[-73.79787595751917,68.66583654613089],[-73.75467509350189,68.68276230144602],[-74.1794835896718,68.72338411420228],[-73.8914778295566,68.56089686317725],[-73.90587811756237,68.52704535254702],[-73.99227984559693,68.49319384191682],[-74.02828056561133,68.51011959723192],[-74.00668013360269,68.53381565467308],[-74.19388387767756,68.51011959723192],[-74.36668733374668,68.5405859567991],[-74.51069021380428,68.6015186759335],[-74.53949078981582,68.66583654613089],[-74.7266945338907,68.7301544163283],[-74.71949438988781,68.77077622908456],[-74.57549150983021,68.79447228652572],[-74.55389107782158,68.83170894821893],[-74.67629352587053,68.841864401408],[-74.74829496589933,68.81478319290383],[-74.63309266185325,68.79447228652572],[-74.77709554191085,68.76739107802155],[-74.98589971799437,68.8080128907778],[-74.6906938138763,68.86556045884916],[-74.67629352587053,68.92649317798353],[-75.04350087001741,68.9027971205424],[-74.84189683793677,68.93326348010959],[-75.00030000600013,68.92987832904657],[-74.87789755795117,68.96711499073979],[-75.04350087001741,68.92987832904657],[-74.92829856597133,68.99758135030697],[-74.64029280585613,69.01112195455906],[-74.66189323786477,69.04497346518929],[-74.78429568591373,69.07543982475647],[-75.04350087001741,69.0145071056221],[-75.07230144602893,68.9197228758575],[-75.13710274205485,68.88587136522727],[-75.47550951019022,69.02127740774813],[-75.57631152623054,68.98404074605489],[-75.49710994219886,68.92987832904657],[-75.60511210224206,68.87910106310125],[-76.43312866257327,68.67599199931996],[-76.66353327066543,68.69968805676112],[-76.68513370267407,68.7470801716434],[-76.51953039060783,68.86894560991217],[-76.60593211864239,68.88248621416426],[-76.65633312666255,68.92310802692052],[-76.62753255065103,69.01789225668512],[-76.34672693453871,69.05512891837836],[-75.99391987839758,69.00435165243303],[-75.77791555831118,69.08898042900856],[-75.60511210224206,69.08559527794554],[-75.56911138222766,69.15668345026899],[-75.5907118142363,69.2210013204664],[-75.95791915838318,69.3665628161763],[-76.2027240544811,69.41395493105861],[-76.38992779855599,69.39702917574348],[-76.42592851857039,69.45457674381487],[-76.6347326946539,69.54597582251643],[-76.62033240664815,69.58659763527268],[-76.47632952659055,69.6509155054701],[-76.20992419848398,69.61367884377685],[-76.22432448648973,69.64076005228102],[-76.18832376647534,69.66445610972218],[-76.37552751055023,69.67122641184821],[-76.40432808656175,69.7016927714154],[-76.6347326946539,69.6847670161003],[-76.51953039060783,69.6509155054701],[-76.5627312546251,69.62044914590291],[-76.64193283865679,69.62044914590291],[-76.7067341346827,69.55951642676851],[-76.87953759075182,69.58321248420967],[-76.82193643872878,69.62721944802894],[-76.96593931878638,69.59336793739874],[-77.18914378287568,69.64076005228102],[-77.15314306286128,69.68138186503728],[-76.82193643872878,69.69830762035238],[-76.7787355747115,69.74908488629771],[-76.8867377347547,69.75247003736072],[-76.90833816676334,69.79309185011698],[-76.75713514270286,69.81678790755814],[-76.80033600672014,69.83709881393625],[-77.05954119082382,69.81340275649512],[-77.00194003880078,69.8574097203144],[-77.15314306286128,69.81678790755814],[-77.31154623092463,69.83032851181022],[-77.23954479089583,69.88110577775552],[-76.97313946278926,69.93526819476386],[-77.18914378287568,69.90480183519668],[-77.62835256705135,69.82355820968417],[-77.50595011900239,69.82694336074721],[-77.44114882297647,69.78970669905397],[-77.51315026300527,69.79647700118],[-77.54915098301967,69.74908488629771],[-77.61395227904559,69.74231458417165],[-77.67875357507151,69.82017305862115],[-77.67155343106863,70.1789990713014],[-77.79395587911759,70.25347239468786],[-78.05316106322128,70.21962088405766],[-78.19716394327888,70.25347239468786],[-78.13236264725296,70.21962088405766],[-78.16836336726736,70.19253967555349],[-78.25476509530192,70.22639118618369],[-78.3339666793336,70.19930997767955],[-78.39876797535952,70.21285058193163],[-78.42756855137104,70.26362784787693],[-78.54277085541712,70.3076348116962],[-78.39876797535952,70.32794571807435],[-78.42756855137104,70.34825662445246],[-78.55717114342288,70.3516417755155],[-78.57877157543152,70.31101996275925],[-78.66517330346608,70.3516417755155],[-78.63637272745456,70.37195268189362],[-78.70117402348048,70.37533783295663],[-78.74437488749776,70.44981115634312],[-78.82357647152944,70.43965570315405],[-78.88837776755537,70.4802775159103],[-78.90997819956401,70.44642600528007],[-78.87397747954961,70.40580419252382],[-79.06838136762737,70.47012206272123],[-79.04678093561873,70.48366266697332],[-79.09718194363889,70.4972032712254],[-79.03958079161585,70.51751417760354],[-79.08278165563313,70.53105478185563],[-78.88117762355249,70.54798053717073],[-78.99637992759857,70.55475083929676],[-78.88117762355249,70.59537265205302],[-78.71557431148624,70.54798053717073],[-78.83797675953521,70.63599446480927],[-78.97477949558993,70.63599446480927],[-79.01078021560433,70.68000142862854],[-79.15478309566193,70.62245386055719],[-79.00358007160145,70.61229840736812],[-79.16918338366769,70.5141290265405],[-79.14038280765617,70.50058842228842],[-79.17638352767057,70.42950024996497],[-79.33478669573392,70.43965570315405],[-79.29158583171665,70.44642600528007],[-79.29878597571953,70.49043296909937],[-79.4139882797656,70.49043296909937],[-79.39238784775696,70.43627055209103],[-79.50039000780016,70.45319630740613],[-79.58679173583472,70.39903389039779],[-79.44278885577712,70.34825662445246],[-79.35638712774256,70.3685675308306],[-79.21238424768497,70.31440511382226],[-79.11158223164465,70.30424966063319],[-79.03958079161585,70.34148632232643],[-78.92437848756977,70.30086450957018],[-78.7659753195064,70.18238422236442],[-78.74437488749776,70.07405938834773],[-78.68677373547472,70.05374848196962],[-78.66517330346608,70.00297121602429],[-78.67957359147184,69.94542364795294],[-78.79477589551792,69.87772062669251],[-79.3779875597512,69.88449092881856],[-79.68039360787216,69.84725426712532],[-79.90359807196145,69.97589000752012],[-80.01160023200465,69.94203849688992],[-80.05480109602193,69.99620091389826],[-80.23480469609393,70.00635636708734],[-80.32840656813137,69.97927515858316],[-80.58041160823218,70.0503633309066],[-80.98361967239346,70.05713363303263],[-81.07002140042802,70.09775544578889],[-81.43002860057203,70.09437029472588],[-81.7252345046901,70.13160695641912],[-81.7612352247045,70.11806635216703],[-81.71083421668435,70.07405938834773],[-81.53803076061523,70.05374848196962],[-81.44442888857779,69.99958606496128],[-81.33642672853458,70.0334375755915],[-81.1852237044741,69.9894306117722],[-81.12762255245106,69.92849789263784],[-80.7892157843157,69.78970669905397],[-80.77481549630994,69.75247003736072],[-80.9692193843877,69.71523337566748],[-80.95481909638194,69.73215913098261],[-81.10602212044242,69.76939579267582],[-81.16362327246546,69.82017305862115],[-81.60283205664115,69.94203849688992],[-81.57403148062963,69.96911970539409],[-81.76843536870739,69.97589000752012],[-82.2292445848917,70.1451475606712],[-82.5604512090242,70.18576937342746],[-82.99245984919699,70.30424966063319],[-83.05006100122003,70.3076348116962],[-82.81245624912499,70.20608027980558],[-82.09964199283986,70.06390393515869],[-81.9052381047621,69.9725048564571],[-81.71083421668435,69.93526819476386],[-81.76843536870739,69.90141668413366],[-81.74683493669875,69.87095032456648],[-81.84763695273907,69.88449092881856],[-81.85483709674195,69.85402456925138],[-81.96283925678514,69.84386911606231],[-82.02044040880818,69.8743354756295],[-82.14284285685714,69.82355820968417],[-82.1212424248485,69.81001760543208],[-82.14284285685714,69.78293639692791],[-82.30124602492052,69.79986215224304],[-82.2652453049061,69.82355820968417],[-82.32284645692916,69.83032851181022],[-82.20764415288306,69.82694336074721],[-82.30124602492052,69.8574097203144],[-82.46684933698675,69.8404839649993],[-83.06446128922579,70.00974151815035],[-83.26606532130644,70.01312666921336],[-83.34526690533812,69.97589000752012],[-83.712474249485,69.94880879901595],[-84.72769455389108,70.00974151815035],[-84.82129642592852,70.02666727346545],[-84.8716974339487,70.07067423728472],[-84.79969599391988,70.10791089897796],[-84.9796995939919,70.06390393515869],[-85.66371327426549,70.10452574791495],[-85.87251745034902,70.0842148415368],[-85.85091701834038,70.03682272665452],[-85.62051241024821,70.07067423728472],[-85.23890477809557,69.9894306117722],[-85.72851457029142,69.9894306117722],[-86.25412508250166,70.10452574791495],[-86.54933098661974,70.23654663937276],[-86.54933098661974,70.29747935850716],[-86.57813156263127,70.31101996275925],[-86.54933098661974,70.34825662445246],[-86.59253185063703,70.35841207764153],[-86.51333026660534,70.41595964571289],[-86.29732594651894,70.47350721378425],[-86.39092781855638,70.52089932866656],[-86.34052681053622,70.48704781803633],[-86.39812796255926,70.4633517605952],[-86.67893357867159,70.37195268189362],[-86.65013300266007,70.31779026488528],[-86.87333746674935,70.32456056701133],[-86.88773775475511,70.35841207764153],[-86.73653473069463,70.38210813508269],[-86.93093861877239,70.39226358827173],[-86.87333746674935,70.41257449464987],[-86.98133962679255,70.4193447967759],[-86.92373847476951,70.45319630740613],[-86.95253905078103,70.46673691165822],[-87.13254265085303,70.43965570315405],[-87.14694293885879,70.40580419252382],[-87.2477449548991,70.38210813508269],[-87.01014020280407,70.37195268189362],[-86.97413948278967,70.3516417755155],[-86.98853977079543,70.28055360319203],[-87.7589551791036,70.33133086913736],[-87.78775575511511,70.30424966063319],[-87.614952299046,70.28055360319203],[-87.8669573391468,70.23993179043578],[-88.01096021920439,70.29409420744412],[-88.24856497129943,70.32117541594829],[-88.20536410728215,70.3516417755155],[-87.99655993119863,70.30424966063319],[-87.88855777115543,70.32117541594829],[-88.39976799535992,70.44981115634312],[-88.694973899478,70.45658145846915],[-88.88937778755576,70.52766963079259],[-89.00458009160184,70.6258390116202],[-89.00458009160184,70.65630537118741],[-89.33578671573433,70.79509656477128],[-89.45098901978041,70.90342139878797],[-89.22058441168825,70.93388775835516],[-89.19178383567673,70.96773926898535],[-89.55899117982361,71.08960470725413],[-89.22778455569113,71.07267895193903],[-89.20618412368249,71.0388274413088],[-89.13418268365368,71.02528683705671],[-88.63737274745496,71.05236804556088],[-88.37816756335128,71.01174623280463],[-88.32056641132824,70.95419866473327],[-88.02536050721015,70.93050260729211],[-87.3557471149423,70.9440432115442],[-87.30534610692214,70.99482047748953],[-87.2477449548991,71.00836108174161],[-87.00294005880119,70.99482047748953],[-87.38454769095382,71.04221259237184],[-87.71575431508631,71.12684136894737],[-87.84535690713815,71.18438893701872],[-87.8309566191324,71.26224741146822],[-87.91015820316407,71.26563256253124],[-88.08296165923319,71.20808499445988],[-89.65979319586393,71.3062543752875],[-89.89739794795896,71.35026133910677],[-89.99819996399928,71.45520102206041],[-89.954999099982,71.51951889225782],[-90.04140082801658,71.59737736670732],[-89.79659593191865,71.75986461773235],[-89.91179823596472,71.79033097729953],[-89.8829976599532,71.81402703474066],[-89.954999099982,71.82079733686672],[-89.954999099982,71.8512636964339],[-89.99819996399928,71.86480430068599],[-90.12060241204826,71.92573701982039],[-89.99819996399928,72.0577579112782],[-89.7389947798956,72.12546093253863],[-89.6669933398668,72.11192032828654],[-89.57339146782937,72.16269759423187],[-89.78219564391289,72.15592729210582],[-89.89739794795896,72.18977880273604],[-89.96219924398488,72.25071152187041],[-89.92619852397048,72.2642521261225],[-89.954999099982,72.32179969419386],[-89.82539650793017,72.39627301758034],[-89.90459809196184,72.43350967927356],[-89.78219564391289,72.42673937714753],[-89.89739794795896,72.4368948303366],[-89.79659593191865,72.46397603884077],[-89.75339506790137,72.60615238348765],[-89.57339146782937,72.61630783667673],[-89.54459089181785,72.63323359199183],[-89.55899117982361,72.66369995155901],[-89.47258945178905,72.66708510262202],[-89.57339146782937,72.69755146218921],[-89.54459089181785,72.76863963451268],[-89.57339146782937,72.78556538982778],[-89.29978599571993,72.74832872813454],[-89.24218484369689,72.78556538982778],[-89.41498829976601,72.82618720258404],[-89.29258585171705,72.92097143234864],[-89.36458729174585,72.99205960467208],[-89.20618412368249,73.0123705110502],[-89.30698613972281,73.04960717274344],[-89.23498469969401,73.12069534506688],[-89.1269825396508,73.14777655357105],[-89.17738354767097,73.15793200676012],[-89.0909818196364,73.20870927270542],[-88.88937778755576,73.21209442376846],[-89.04778095561912,73.24594593439866],[-88.95417908358168,73.29333804928098],[-88.61577231544632,73.27979744502889],[-88.85337706754136,73.33734501310025],[-88.07576151523031,73.62846800452007],[-87.45654913098264,73.76048889597789],[-86.54933098661974,73.85188797467947],[-85.23890477809557,73.82142161511229],[-84.83569671393428,73.74017798959977],[-84.95809916198326,73.66570466621332],[-85.57011140222805,73.5066025662513],[-85.9157183143663,73.36442622160442],[-86.11732234644694,73.24594593439866],[-86.31892637852758,73.04622202168042],[-86.65013300266007,72.87019416640331],[-86.74373487469751,72.72801782175642],[-86.67893357867159,72.68401085793712],[-86.70773415468311,72.66708510262202],[-86.68613372267447,72.6433890451809],[-86.39812796255926,72.53506421116421],[-86.2397247944959,72.41996907502147],[-86.43412868257366,72.27102242824856],[-86.4557291145823,72.19993425592509],[-86.42692853857078,72.1694678963579],[-86.4197283945679,72.01375094745893],[-86.33332666653334,71.9798994368287],[-86.33332666653334,71.9460479261985],[-86.11012220244406,71.78356067517348],[-85.75011500230006,71.6447694815896],[-85.49810996219925,71.51274859013179],[-84.93649872997462,71.4179643603672],[-84.91489829796598,71.38749800080001],[-84.95089901798038,71.3401058859177],[-84.8716974339487,71.33333558379167],[-84.83569671393428,71.27917316678332],[-85.25330506610133,71.28594346890935],[-85.27490549810997,71.27917316678332],[-85.24610492209845,71.26224741146822],[-85.17410348206965,71.27240286465727],[-85.2317046340927,71.24870680721614],[-85.46930938618773,71.23178105190101],[-85.39010780215605,71.22162559871197],[-85.39730794615893,71.1945443902078],[-85.46210924218485,71.2114701455229],[-85.51251025020501,71.17761863489267],[-85.72851457029142,71.20469984339684],[-85.93011860237206,71.17761863489267],[-86.24692493849878,71.05913834768694],[-86.82293645872919,70.9880501753635],[-86.59973199463991,70.97112442004837],[-86.26852537050742,71.00159077961558],[-85.80051601032022,71.13699682213641],[-85.41170823416469,71.17423348382965],[-85.16690333806677,71.13699682213641],[-85.0877017540351,71.1505374263885],[-85.11650233004661,71.17761863489267],[-84.8716974339487,71.17423348382965],[-84.84289685793716,71.14715227532548],[-84.87889757795158,71.06929380087601],[-84.96529930598614,71.0997601604432],[-85.13090261805237,71.08621955619111],[-84.95809916198326,71.07267895193903],[-85.00850017000342,71.03205713918277],[-84.92929858597174,71.0049759306786],[-84.97249944998902,70.9440432115442],[-84.95809916198326,70.92034715410307],[-84.792495849917,70.9271174562291],[-84.74929498589972,70.9880501753635],[-84.8284965699314,71.07267895193903],[-84.79969599391988,71.18438893701872],[-84.66289325786516,71.21824044764892],[-84.792495849917,71.27917316678332],[-84.74209484189684,71.37734254761094],[-84.76369527390548,71.40780890717812],[-84.52609052181045,71.4687416263125],[-84.56209124182485,71.549985251825],[-84.65569311386228,71.58383676245523],[-84.60529210584212,71.64815463265262],[-84.78529570591412,71.67862099221983],[-84.86449728994582,71.66846553903076],[-84.84289685793716,71.64138433052659],[-84.87889757795158,71.6278437262745],[-85.28210564211285,71.66846553903076],[-85.57731154623093,71.78356067517348],[-85.43330866617333,71.80725673261463],[-85.56291125822517,71.90204096237923],[-86.0237204744095,71.9798994368287],[-86.05252105042102,72.01036579639592],[-85.96611932238646,71.9798994368287],[-85.98051961039222,72.02729155171102],[-85.72131442628854,72.00359549426986],[-85.77891557831158,72.023906400648],[-85.76451529030582,72.04421730702612],[-85.51251025020501,72.06791336446727],[-85.49810996219925,72.08822427084539],[-85.54131082621653,72.12546093253863],[-85.39730794615893,72.13900153679072],[-85.51251025020501,72.17962334954697],[-85.49810996219925,72.21008970911416],[-85.54131082621653,72.23378576655531],[-85.41890837816757,72.22024516230323],[-85.49810996219925,72.2473263708074],[-85.46930938618773,72.26086697505949],[-84.92209844196886,72.23378576655531],[-84.27408548170965,72.023906400648],[-84.18768375367509,71.9291221708834],[-84.15888317766357,71.97651428576569],[-84.18768375367509,72.00698064533287],[-84.16608332166645,72.02052124958496],[-84.34608692173845,72.07129851553029],[-84.41088821776437,72.1186906304126],[-84.37488749774997,72.12884608360164],[-84.612492249845,72.16269759423187],[-84.74209484189684,72.22363031336624],[-84.67009340186804,72.23717091761833],[-84.93649872997462,72.28456303250064],[-84.81409628192564,72.35226605376104],[-84.51889037780757,72.34888090269803],[-84.43968879377589,72.38273241332826],[-84.86449728994582,72.36580665801313],[-84.8716974339487,72.39965816864336],[-84.78529570591412,72.40981362183243],[-84.77809556191124,72.45720573671471],[-85.1237024740495,72.35226605376104],[-85.11650233004661,72.38273241332826],[-85.33970679413589,72.40642847076938],[-85.53411068221365,72.4707463409668],[-85.62051241024821,72.54521966435325],[-85.47650953019061,72.57568602392047],[-85.62051241024821,72.58584147710951],[-85.70691413828277,72.63661874305484],[-85.68531370627413,72.68062570687411],[-85.70691413828277,72.74155842600851],[-85.64931298625973,72.86342386427725],[-85.68531370627413,72.89389022384447],[-85.57011140222805,72.96836354723092],[-85.28210564211285,72.96497839616791],[-83.95727914558292,72.74832872813454],[-85.09490189803797,72.98190415148301],[-85.05890117802358,72.9954447557351],[-85.13090261805237,73.03268141742834],[-85.18130362607253,73.00560020892416],[-85.53411068221365,73.02252596423926],[-85.40450809016181,73.13762110038198],[-85.27490549810997,73.06991807912155],[-85.14530290605813,73.04622202168042],[-85.2317046340927,73.12408049612989],[-85.14530290605813,73.14100625144502],[-84.8284965699314,73.08684383443668],[-83.87087741754836,73.02929626636532],[-83.63327266545332,72.98190415148301],[-83.7844756895138,73.03945171955436],[-84.58369167383348,73.11731019400386],[-85.17410348206965,73.21209442376846],[-85.18850377007541,73.22902017908356],[-85.13090261805237,73.30687865353306],[-85.0157003140063,73.34750046628932],[-84.78529570591412,73.38812227904555],[-84.65569311386228,73.30687865353306],[-84.35328706574133,73.2222498769575],[-84.41088821776437,73.27302714290283],[-84.58369167383348,73.32380440884816],[-84.59809196183924,73.3610410705414],[-84.65569311386228,73.39150743010859],[-84.17328346566933,73.47613620668412],[-83.7484749694994,73.4287440918018],[-83.69087381747636,73.32380440884816],[-83.59727194543892,73.29672320034399],[-83.59727194543892,73.32380440884816],[-83.64767295345908,73.36781137266743],[-83.62607252145044,73.41520348754972],[-83.65487309746196,73.44566984711693],[-84.00768015360309,73.50998771731432],[-83.20126402528052,73.66231951515027],[-83.04286085721715,73.64539375983517],[-82.84125682513651,73.73340768747374],[-81.57403148062963,73.71986708322166],[-81.45882917658355,73.68940072365444],[-81.45162903258067,73.65216406196123],[-81.26442528850578,73.56415013432266],[-81.17802356047122,73.41520348754972],[-81.20682413648274,73.2662568407768],[-80.59481189623794,73.14777655357105],[-80.55161103222066,73.08345868337364],[-80.59481189623794,73.04622202168042],[-80.58761175223506,73.0123705110502],[-80.6452129042581,72.99205960467208],[-80.63801276025522,72.92435658341165],[-80.48680973619473,72.82957235364705],[-80.32120642412849,72.79910599407987],[-80.24920498409969,72.73140297281944],[-80.54441088821777,72.62984844092881],[-80.53001060021201,72.57230087285743],[-80.94041880837618,72.4538205856517],[-81.09882197643954,72.35226605376104],[-81.17802356047122,72.33872544950896],[-81.19962399247986,72.28794818356366],[-81.37962759255186,72.24055606868134],[-81.22842456849138,72.25748182399647],[-80.88281765635314,72.4368948303366],[-80.51561031220625,72.504597851597],[-80.49400988019761,72.4538205856517],[-80.51561031220625,72.37934726226521],[-80.79641592831858,72.28456303250064],[-80.8612172243445,72.22363031336624],[-80.83961679233586,72.19993425592509],[-80.9692193843877,72.19993425592509],[-80.56601132022642,72.07129851553029],[-80.6452129042581,72.06452821340426],[-80.77481549630994,72.10515002616052],[-81.02682053641074,72.09160942190843],[-80.99801996039922,72.06791336446727],[-81.08442168843378,72.04760245808913],[-80.84681693633874,72.0577579112782],[-80.7892157843157,72.02729155171102],[-80.8252165043301,72.00021034320685],[-80.81801636032722,71.95620337938757],[-80.97641952839058,71.89527066025317],[-80.94761895237906,71.88173005600109],[-80.7532150643013,71.93250732194642],[-80.74601492029842,71.98328458789175],[-80.38600772015441,72.04760245808913],[-80.35000700014001,72.08822427084539],[-80.48680973619473,72.18977880273604],[-80.24200484009681,72.19654910486207],[-80.30680613612273,72.25409667293343],[-80.26360527210545,72.29471848568969],[-80.15560311206225,72.27440757931157],[-79.98999979999601,72.17623819848396],[-79.67319346386928,72.12546093253863],[-79.98279965599313,72.21686001124021],[-80.16280325606513,72.32856999631991],[-80.06200124002481,72.38273241332826],[-79.87479749594993,72.42673937714753],[-79.8531970639413,72.46397603884077],[-79.86759735194705,72.48428694521888],[-79.83879677593553,72.49782754947097],[-79.69479389587794,72.46736118990378],[-79.76679533590674,72.41319877289544],[-79.5939918798376,72.33534029844594],[-79.63719274385488,72.28794818356366],[-79.76679533590674,72.24394121974439],[-79.75239504790098,72.21686001124021],[-79.56519130382608,72.27440757931157],[-79.44998899978,72.19654910486207],[-79.46438928778576,72.25071152187041],[-79.54359087181744,72.28456303250064],[-79.32758655173105,72.39627301758034],[-79.02518050361009,72.27779273037459],[-78.94597891957841,72.27440757931157],[-78.98917978359569,72.23378576655531],[-78.94597891957841,72.19316395379906],[-79.00358007160145,72.14238668785373],[-79.03958079161585,72.06791336446727],[-79.2339846796936,71.97651428576569],[-79.02518050361009,71.96974398363966],[-78.54997099942,71.86141914962298],[-78.50677013540272,71.87495975387506],[-78.59317186343728,71.90204096237923],[-78.60757215144304,71.93927762407247],[-78.92437848756977,72.01375094745893],[-78.87397747954961,72.06114306234122],[-78.85237704754097,72.17285304742092],[-78.4779695593912,72.08822427084539],[-78.38436768735376,71.9291221708834],[-78.18276365527312,71.8174121858037],[-77.90195803916079,71.76663491985838],[-78.13956279125584,71.83095279005579],[-78.31236624732496,71.92235186875735],[-78.30516610332208,71.9460479261985],[-78.1539630792616,71.96974398363966],[-77.96675933518672,71.83772309218182],[-77.79395587911759,71.79371612836255],[-77.75795515910319,71.74970916454328],[-77.70035400708015,71.81064188367765],[-77.90915818316367,71.84787854537089],[-78.10356207124144,71.9460479261985],[-78.1179623592472,71.97651428576569],[-78.31956639132784,71.98666973895476],[-78.37716754335088,72.08483911978237],[-78.43476869537392,72.1186906304126],[-78.85237704754097,72.21347486017717],[-78.85957719154385,72.23378576655531],[-78.75157503150064,72.2811778814376],[-78.81637632752656,72.31502939206783],[-78.79477589551792,72.33872544950896],[-78.60757215144304,72.3590363558871],[-78.5139702794056,72.33195514738293],[-78.52837056741136,72.23717091761833],[-78.4059681193624,72.16608274529489],[-78.38436768735376,72.17623819848396],[-78.41316826336528,72.21686001124021],[-78.47076941538832,72.24394121974439],[-78.44916898337968,72.2811778814376],[-78.47076941538832,72.31502939206783],[-78.4059681193624,72.3251848452569],[-77.66435328706575,72.20331940698813],[-77.64275285505711,72.186393651673],[-77.66435328706575,72.16269759423187],[-77.62115242304847,72.1356163857277],[-77.65715314306287,72.09499457297144],[-77.59235184703695,72.12884608360164],[-77.62115242304847,72.16608274529489],[-77.59235184703695,72.18300850060999],[-77.289945798916,72.18300850060999],[-76.9947398947979,72.12884608360164],[-77.27554551091023,72.19654910486207],[-77.54915098301967,72.19654910486207],[-78.39156783135664,72.37257696013918],[-78.55717114342288,72.4368948303366],[-78.55717114342288,72.504597851597],[-78.42756855137104,72.58584147710951],[-77.61395227904559,72.75171387919755],[-77.05954119082382,72.75171387919755],[-76.74993499869998,72.72124751963037],[-76.65633312666255,72.67047025368507],[-76.68513370267407,72.6433890451809],[-76.1667233344667,72.58584147710951],[-76.15952319046382,72.52490875797514],[-76.10912218244366,72.47413149202981],[-76.03712074241486,72.49105724734494],[-76.06592131842638,72.5486048154163],[-75.92911858237166,72.5824563260465],[-75.23070461409229,72.50121270053398],[-75.00030000600013,72.29810363675273],[-74.94989899797997,72.25071152187041],[-75.23790475809517,72.1186906304126],[-75.60511210224206,72.14238668785373],[-76.01552031040622,72.08822427084539],[-76.41152823056463,71.85803399855996],[-76.37552751055023,71.84110824324483],[-76.2387247744955,71.93250732194642],[-76.08752175043502,71.9798994368287],[-76.0227204544091,72.04760245808913],[-75.79951599031982,72.10515002616052],[-75.52591051821038,72.12207578147562],[-75.23070461409229,72.08483911978237],[-75.22350447008941,72.06452821340426],[-75.28110562211245,72.03744700490009],[-75.60511210224206,71.99005489001777],[-75.69151383027662,71.8343379411188],[-75.79951599031982,71.74970916454328],[-76.0947218944379,71.69893189859795],[-75.8787175743515,71.70231704966096],[-75.79231584631694,71.72601310710212],[-75.65551311026222,71.82756763899275],[-75.56911138222766,71.91896671769433],[-75.56191123822478,71.97651428576569],[-75.19470389407789,72.023906400648],[-75.03630072601453,72.12546093253863],[-74.24428488569772,72.0746836665933],[-74.11468229364588,71.96974398363966],[-74.2154843096862,71.9121964155683],[-74.16508330166604,71.87495975387506],[-74.22988459769196,71.82418248792973],[-74.43868877377548,71.80048643048858],[-74.53949078981582,71.82756763899275],[-74.57549150983021,71.8174121858037],[-74.55389107782158,71.79371612836255],[-74.71229424588493,71.73616856029119],[-75.38910778215566,71.68200614328285],[-75.04350087001741,71.69893189859795],[-74.93549870997421,71.66508038796775],[-75.40350807016142,71.51274859013179],[-74.67629352587053,71.69216159647192],[-74.63309266185325,71.6447694815896],[-74.71229424588493,71.58383676245523],[-75.00030000600013,71.53644464757292],[-75.15150303006061,71.46535647524948],[-75.03630072601453,71.51274859013179],[-74.84189683793677,71.52290404332084],[-74.81309626192525,71.49243768375365],[-74.92829856597133,71.45520102206041],[-74.73389467789357,71.42811981355626],[-74.69789395787917,71.39088315186302],[-75.08670173403469,71.20131469233382],[-75.06510130202605,71.18100378595571],[-74.87069741394829,71.24870680721614],[-74.64029280585613,71.38072769867395],[-74.64029280585613,71.42811981355626],[-74.73389467789357,71.47212677737554],[-74.73389467789357,71.52967434544689],[-74.6186923738475,71.55675555395106],[-74.52509050181006,71.6616952369047],[-74.38108762175244,71.67862099221983],[-74.287485749715,71.72601310710212],[-74.107482149643,71.73616856029119],[-74.12908258165164,71.67185069009378],[-74.2514850297006,71.60753281989639],[-74.24428488569772,71.57029615820315],[-74.15788315766316,71.5330594965099],[-74.2154843096862,71.61430312202242],[-74.09308186163724,71.65153978371566],[-73.97787955759117,71.75986461773235],[-73.70427408548173,71.77340522198443],[-73.68267365347309,71.71924280497609],[-73.6034720694414,71.77340522198443],[-73.61787235744715,71.71585765391305],[-73.79067581351629,71.6616952369047],[-73.79787595751917,71.6278437262745],[-73.8914778295566,71.6109179709594],[-73.8914778295566,71.58383676245523],[-73.98507970159405,71.5330594965099],[-74.01388027760557,71.48228223056458],[-73.99227984559693,71.46197132418646],[-74.31628632572652,71.40780890717812],[-74.02828056561133,71.43827526674531],[-74.06428128562573,71.39426830292604],[-74.06428128562573,71.33672073485468],[-74.1794835896718,71.3062543752875],[-74.09308186163724,71.28594346890935],[-74.23708474169484,71.19792954127081],[-73.9994799895998,71.3231801306026],[-74.00668013360269,71.36718709442187],[-73.97067941358829,71.4179643603672],[-73.89867797355949,71.44504556887136],[-73.86987739754797,71.52628919438388],[-73.74747494949901,71.58383676245523],[-73.62507250145003,71.58383676245523],[-73.567471349427,71.55337040288805],[-73.61787235744715,71.5161337411948],[-73.64667293345867,71.44166041780835],[-73.58187163743276,71.38749800080001],[-73.63227264545291,71.36041679229584],[-73.51707034140684,71.38072769867395],[-73.50267005340108,71.42473466249322],[-73.44506890137804,71.44166041780835],[-73.38026760535212,71.38411284973697],[-73.46666933338668,71.37057224548488],[-73.68267365347309,71.2453216561531],[-73.73307466149325,71.09298985831714],[-73.89867797355949,71.05913834768694],[-73.67547350947021,71.08960470725413],[-73.67547350947021,71.16407803064058],[-73.62507250145003,71.22501074977498],[-73.43066861337228,71.30963952635051],[-73.43786875737516,71.3401058859177],[-73.3514670293406,71.34687618804375],[-73.04906098121964,71.26901771359425],[-73.27226544530892,71.22162559871197],[-73.23626472529452,71.16069287957757],[-73.29386587731756,71.09298985831714],[-73.45226904538092,71.03544229024578],[-73.38026760535212,70.98127987323744],[-73.40186803736076,71.04221259237184],[-73.26506530130604,71.0828344051281],[-73.20026400528012,71.1336116710734],[-73.1714634292686,71.17084833276664],[-73.17866357327148,71.2114701455229],[-72.9914598291966,71.24870680721614],[-72.94825896517932,71.31640982847654],[-72.9914598291966,71.4010386050521],[-72.76105522110443,71.42811981355626],[-72.84025680513612,71.50597828800574],[-72.65305306106123,71.53644464757292],[-72.55945118902379,71.6616952369047],[-71.55143102862058,71.50259313694272],[-71.44342886857739,71.4687416263125],[-71.42902858057163,71.42811981355626],[-71.29942598851979,71.38749800080001],[-71.12662253245067,71.27240286465727],[-71.34262685253707,71.17084833276664],[-71.46502930058602,71.06252349874995],[-71.91143822876458,71.10653046256922],[-72.09864197283947,71.06252349874995],[-72.09864197283947,71.01513138386767],[-72.17784355687115,70.96096896685933],[-72.30024600492011,70.94742836260724],[-72.33624672493451,70.87972534134681],[-72.76825536510731,70.8154074711494],[-72.30024600492011,70.86618473709473],[-72.1634432688654,70.83571837752754],[-72.33624672493451,70.75108960095199],[-72.31464629292587,70.72400839244784],[-72.37944758895179,70.67661627756553],[-72.62425248504971,70.62922416268324],[-72.54505090101803,70.6089132563051],[-72.32904658093163,70.66646082437646],[-72.18504370087403,70.76801535626711],[-71.62343246864938,70.86279958603171],[-71.3282265645313,70.88649564347284],[-71.18422368447371,70.85264413284264],[-71.2922258445169,70.910191700914],[-71.20582411648235,71.0049759306786],[-70.83861677233546,71.11330076469528],[-70.61541230824618,71.06252349874995],[-70.51461029220586,70.92034715410307],[-70.72341446828938,70.82894807540148],[-70.74501490029802,70.74431929882596],[-71.09782195643915,70.65630537118741],[-71.17702354047083,70.58521719886394],[-71.59463189263786,70.60552810524209],[-71.5802316046321,70.54798053717073],[-71.73863477269546,70.48366266697332],[-71.74583491669834,70.44304085421706],[-71.96183923678475,70.4193447967759],[-71.7242344846897,70.41595964571289],[-71.75303506070122,70.32794571807435],[-71.83943678873578,70.2907090563811],[-71.73143462869258,70.31440511382226],[-71.67383347666954,70.3685675308306],[-71.6522330446609,70.47350721378425],[-71.52263045260906,70.52428447972957],[-71.5082301646033,70.5750617456749],[-71.16982339646795,70.53105478185563],[-71.27062541250827,70.33471602020037],[-71.32102642052843,70.31440511382226],[-71.28502570051403,70.25008724362485],[-71.53703074061482,70.01989697133942],[-71.3282265645313,70.12822180535608],[-71.29942598851979,70.1959248266165],[-71.21302426048523,70.26362784787693],[-71.23462469249387,70.29409420744412],[-71.06182123642473,70.52089932866656],[-70.98981979639593,70.52428447972957],[-71.05462109242185,70.55136568823374],[-70.99701994039881,70.6258390116202],[-70.84581691633834,70.64276476693533],[-70.61541230824618,70.72400839244784],[-69.89539790795817,70.88311049240983],[-69.77299545990921,70.85602928390566],[-69.88099761995241,70.76801535626711],[-70.08260165203305,70.68338657969159],[-70.2482049640993,70.63937961587229],[-70.45700914018282,70.62922416268324],[-70.47860957219146,70.60552810524209],[-70.39940798815978,70.52428447972957],[-70.47860957219146,70.47689236484729],[-70.30580611612234,70.4972032712254],[-70.3922078441569,70.61229840736812],[-70.04660093201865,70.63260931374626],[-70.02500050001001,70.58860234992699],[-69.98179963599273,70.65292022012437],[-69.77299545990921,70.68338657969159],[-69.80899617992361,70.70031233500669],[-69.77299545990921,70.71385293925877],[-69.66499329986601,70.68338657969159],[-69.62179243584873,70.75785990307804],[-69.44898897977961,70.79171141370824],[-69.22578451569032,70.7815559605192],[-69.11058221164424,70.7206232413848],[-68.28256565131304,70.54121023504467],[-68.28976579531592,70.50058842228842],[-68.44816896337927,70.40918934358686],[-68.45536910738215,70.3685675308306],[-68.57777155543113,70.39564873933477],[-68.54897097941961,70.44642600528007],[-68.584971699434,70.4633517605952],[-68.66417328346569,70.42950024996497],[-68.64977299545993,70.34487147338945],[-68.68577371547433,70.32794571807435],[-69.41298825976521,70.25347239468786],[-69.66499329986601,70.19930997767955],[-69.83059661193225,70.15530301386025],[-69.91699833996681,70.0842148415368],[-70.18340366807337,70.02666727346545],[-69.90259805196105,70.04697817984356],[-69.81619632392649,69.98604546070919],[-70.14740294805897,69.96234940326804],[-70.29140582811658,69.88787607988158],[-70.44980899617994,69.8574097203144],[-70.38500770015402,69.83709881393625],[-70.07540150803017,69.95896425220502],[-69.78019560391209,69.96234940326804],[-69.73699473989481,69.9894306117722],[-69.80179603592073,70.04020787771753],[-69.79459589191785,70.08082969047379],[-69.67939358787177,70.13837725854515],[-69.21858437168744,70.18915452449048],[-69.03858077161544,70.16884361811233],[-69.0169803396068,70.18238422236442],[-69.13218264365288,70.21623573299465],[-68.68577371547433,70.20269512874256],[-68.64257285145705,70.14853271173422],[-68.75057501150025,70.10452574791495],[-68.73617472349449,70.07405938834773],[-68.78657573151465,70.04359302878055],[-69.10338206764136,69.97589000752012],[-69.42738854777097,69.82017305862115],[-69.68659373187465,69.8404839649993],[-69.80899617992361,69.82017305862115],[-69.99619992399849,69.67122641184821],[-69.98179963599273,69.61706399483987],[-69.74419488389769,69.80324730330605],[-69.39858797175945,69.77616609480188],[-69.07458149162984,69.92511274157482],[-68.93057861157224,69.95219395007899],[-68.64257285145705,69.9386533458269],[-68.67137342746857,69.98266030964618],[-68.54177083541673,70.01989697133942],[-68.56337126742537,70.0503633309066],[-68.34016680333607,70.06390393515869],[-68.21056421128424,70.10791089897796],[-68.23216464329288,70.13499210748213],[-68.3329666593332,70.13837725854515],[-68.28976579531592,70.1620733159863],[-68.34736694733895,70.1620733159863],[-68.34736694733895,70.18915452449048],[-68.2969659393188,70.18238422236442],[-68.31856637132744,70.21962088405766],[-68.16016320326408,70.28393875425508],[-68.1529630592612,70.31440511382226],[-68.05936118722376,70.32117541594829],[-67.90815816316328,70.27716845212902],[-67.7929558591172,70.26024269681392],[-67.57695153903079,70.15868816492329],[-67.24574491489831,69.95896425220502],[-67.11614232284647,69.72538882885655],[-67.40414808296167,69.71523337566748],[-67.76415528310568,69.7795512458649],[-67.99455989119784,69.77278094373887],[-68.21056421128424,69.71523337566748],[-68.3329666593332,69.62721944802894],[-68.70017400348009,69.64414520334404],[-69.21858437168744,69.53582036932735],[-69.68659373187465,69.56967187995758],[-70.03220064401289,69.53582036932735],[-69.88819776395529,69.50873916082321],[-69.66499329986601,69.54936097357944],[-69.29778595571912,69.50535400976017],[-68.67137342746857,69.5899827863357],[-67.98015960319208,69.45796189487788],[-67.7929558591172,69.48504310338205],[-67.26014520290407,69.46811734806695],[-66.79213584271687,69.33948160767213],[-66.69853397067942,69.28193403960077],[-66.64813296265926,69.20407556515127],[-66.75613512270246,69.12960224176481],[-66.99373987479751,69.1769943566471],[-67.16654333086663,69.18037950771014],[-67.20974419488391,69.1431428460169],[-67.34654693093863,69.18376465877316],[-67.67775355507112,69.17022405452107],[-68.18176363527272,69.30901524810494],[-68.37616752335047,69.29547464385286],[-68.9809796195924,69.35640736298723],[-69.25458509170184,69.2717785864117],[-68.93777875557512,69.3327113055461],[-68.44816896337927,69.2717785864117],[-68.16016320326408,69.26500828428567],[-68.0809616192324,69.21761616940336],[-68.13136262725256,69.19730526302524],[-68.96657933158664,69.2210013204664],[-68.50577011540233,69.19730526302524],[-68.70737414748297,69.13975769495389],[-69.07458149162984,69.10590618432366],[-68.92337846756936,69.09913588219763],[-68.95937918758376,69.00435165243303],[-69.03138062761256,68.97050014180283],[-68.93057861157224,68.99419619924396],[-68.8729774595492,69.08559527794554],[-68.50577011540233,69.160068601332],[-68.18176363527272,69.14652799707991],[-67.70655413108264,69.01789225668512],[-68.03056061121224,68.97050014180283],[-68.31136622732456,69.01112195455906],[-68.55617112342249,68.96372983967677],[-68.30416608332168,68.98742589711793],[-68.044960899218,68.94341893329866],[-68.05216104322088,68.90956742266843],[-68.08816176323528,68.9027971205424],[-67.98015960319208,68.85540500566009],[-68.48416968339367,68.88925651629032],[-67.864957299146,68.80462773971479],[-67.77135542710856,68.78093168227363],[-67.87215744314888,68.77077622908456],[-68.56337126742537,68.84863470353406],[-68.61377227544553,68.83509409928197],[-68.49136982739657,68.7910871354627],[-68.60657213144265,68.78093168227363],[-69.28338566771336,68.87571591203823],[-69.39138782775657,68.8587901567231],[-69.15378307566152,68.82832379715592],[-69.3841876837537,68.81478319290383],[-68.95937918758376,68.7910871354627],[-68.95937918758376,68.75723562483248],[-68.99537990759816,68.75046532270645],[-68.97377947558952,68.73692471845436],[-68.86577731554632,68.76739107802155],[-68.52737054741097,68.7470801716434],[-68.05216104322088,68.68276230144602],[-68.16736334726696,68.66922169719393],[-68.08816176323528,68.65568109294185],[-68.09536190723816,68.62859988443768],[-68.21056421128424,68.65568109294185],[-68.36176723534471,68.62859988443768],[-68.6569731394628,68.65568109294185],[-68.90177803556072,68.60490382699652],[-68.764975299506,68.59474837380745],[-68.62817256345129,68.6353701865637],[-68.48416968339367,68.59813352487049],[-68.73617472349449,68.56428201424026],[-68.46256925138503,68.56089686317725],[-68.34016680333607,68.59474837380745],[-68.13856277125544,68.57105231636632],[-68.12416248324968,68.53043050361006],[-67.92255845116904,68.55074140998818],[-67.9369587391748,68.523660201484],[-67.9009580191604,68.45595718022358],[-67.95855917118344,68.3950244610892],[-67.9009580191604,68.42210566959338],[-67.864957299146,68.55074140998818],[-67.77855557111144,68.53043050361006],[-67.67055341106824,68.56089686317725],[-67.49054981099623,68.52704535254702],[-67.62735254705095,68.49657899297983],[-67.61295225904519,68.37809870577411],[-67.54815096301927,68.41533536746732],[-67.55535110702215,68.4898086908538],[-67.37534750695015,68.46949778447566],[-67.31774635492711,68.49657899297983],[-67.27454549090983,68.45257202916056],[-67.23134462689255,68.47965323766473],[-67.18814376287527,68.42549082065639],[-67.32494649892999,68.40856506534129],[-67.10174203484071,68.41533536746732],[-67.11614232284647,68.47965323766473],[-66.97213944278887,68.43564627384546],[-66.80653613072263,68.46611263341265],[-66.66253325066502,68.43226112278245],[-66.79933598671975,68.42549082065639],[-66.80653613072263,68.39840961215222],[-66.90733814676295,68.41533536746732],[-66.93613872277447,68.37471355471106],[-67.00814016280327,68.35440264833295],[-67.41134822696455,68.3950244610892],[-67.77855557111144,68.33747689301785],[-67.864957299146,68.30024023132461],[-67.87215744314888,68.25961841856835],[-67.74975499509992,68.32055113770272],[-67.53375067501351,68.34086204408086],[-67.58415168303367,68.30024023132461],[-67.57695153903079,68.26977387175742],[-67.69215384307688,68.24269266325325],[-67.56975139502791,68.25284811644232],[-67.53375067501351,68.26977387175742],[-67.54095081901639,68.30024023132461],[-67.39694793895879,68.35440264833295],[-67.32494649892999,68.34424719514388],[-67.32494649892999,68.32055113770272],[-67.24574491489831,68.35778779939596],[-67.01534030680615,68.31716598663971],[-67.23854477089543,68.29346992919855],[-67.32494649892999,68.24269266325325],[-67.32494649892999,68.18175994411885],[-67.38974779495591,68.14790843348865],[-67.59855197103943,68.16483418880375],[-67.39694793895879,68.1242123760475],[-67.30334606692135,68.15806388667772],[-67.27454549090983,68.24269266325325],[-67.00814016280327,68.29346992919855],[-66.9289385787716,68.26300356963137],[-66.76333526670534,68.23930751219024],[-66.84253685073703,68.16483418880375],[-66.8209364187284,68.12759752711051],[-66.96493929878599,68.06327965691312],[-66.94333886677735,68.0125023909678],[-66.83533670673415,68.09713116754332],[-66.69133382667654,68.14452328242564],[-66.6697333946679,68.12759752711051],[-66.67693353867078,68.04296875053498],[-66.73453469069382,67.98203603140061],[-66.64813296265926,68.01588754203081],[-66.5977319546391,68.14452328242564],[-66.3097261945239,68.12759752711051],[-66.36732734654694,68.08359056329124],[-66.46092921858438,68.07004995903915],[-66.2377247544951,68.0734351101022],[-66.18732374647495,68.0125023909678],[-66.32412648252966,67.9786508803376],[-66.40332806656134,67.89740725482508],[-66.39612792255846,67.8669408952579],[-66.74893497869958,67.87371119738393],[-66.41052821056422,67.82970423356466],[-66.38892777855558,67.7721566654933],[-66.33852677053542,67.9007924058881],[-66.2737254745095,67.95495482289644],[-65.94971899437991,68.03958359947197],[-65.96411928238567,68.14452328242564],[-65.91371827436551,68.15806388667772],[-65.85611712234245,68.1072866207324],[-65.89931798635973,68.08020541222822],[-65.85611712234245,68.0734351101022],[-66.02892057841159,67.95156967183343],[-65.94251885037703,67.88048149950998],[-66.00732014640295,67.80262302506048],[-66.00732014640295,67.62659516978337],[-65.93531870637415,67.76538636336724],[-65.95691913838279,67.8229339314386],[-65.8057161143223,67.86355574419485],[-65.76251525030501,67.91094785907717],[-65.82011640232805,67.96849542714853],[-65.5177103542071,67.99219148458968],[-65.4457089141783,67.99219148458968],[-65.46730934618694,67.92110331226624],[-65.61131222624454,67.78231211868234],[-65.42410848216966,67.69768334210681],[-65.35930718614374,67.59612881021619],[-65.31610632212646,67.5995139612792],[-65.36650733014662,67.70445364423287],[-65.5537110742215,67.7890824208084],[-65.48890977819558,67.81954878037558],[-65.4097081941639,67.92110331226624],[-65.20090401808038,67.95495482289644],[-65.14330286605734,67.98880633352664],[-65.17210344206886,68.02604299521988],[-65.10730214604294,68.01588754203081],[-64.99929998599973,68.05650935478707],[-64.71129422588453,67.98203603140061],[-64.84809696193925,67.9346439165183],[-65.06410128202566,67.93125876545528],[-64.94169883397669,67.91094785907717],[-65.0497009940199,67.84324483781674],[-65.11450229004582,67.85678544206883],[-65.13610272205446,67.7890824208084],[-65.0497009940199,67.82631908250164],[-65.0065001300026,67.78569726974538],[-65.1577031540631,67.72814970167403],[-65.20090401808038,67.64352092509847],[-65.16490329806598,67.64013577403546],[-65.12890257805158,67.71460909742194],[-64.92009840196805,67.79246757187141],[-64.81209624192485,67.77554181655631],[-64.81929638592773,67.7112239463589],[-64.86249724994501,67.69091303998079],[-64.81929638592773,67.68752788891777],[-64.76889537790757,67.70783879529588],[-64.74729494589893,67.8229339314386],[-64.56729134582693,67.81954878037558],[-64.45928918578373,67.7890824208084],[-64.45928918578373,67.75861606124121],[-64.36568731374629,67.75523091017817],[-64.40168803376069,67.70783879529588],[-64.58169163383269,67.69768334210681],[-64.63929278585573,67.6604466804136],[-64.38008760175205,67.69768334210681],[-64.30808616172325,67.73492000380006],[-64.20728414568293,67.66383183147661],[-64.2216844336887,67.62998032084639],[-64.28648572971461,67.61982486765734],[-64.09208184163684,67.61982486765734],[-64.0704814096282,67.5995139612792],[-64.1064821296426,67.5487366953339],[-64.04168083361668,67.53519609108181],[-64.23608472169445,67.46749306982139],[-64.43768875377509,67.47426337194742],[-63.99127982559652,67.45056731450626],[-63.94087881757636,67.36593853793073],[-63.9984799695994,67.32531672517447],[-63.90487809756196,67.31177612092239],[-63.9264785295706,67.29485036560729],[-64.79769595391909,67.35578308474169],[-64.22888457769157,67.29485036560729],[-64.35848716974341,67.25084340178802],[-64.55289105782117,67.25761370391405],[-64.77609552191045,67.22037704222083],[-64.81929638592773,67.20683643796875],[-64.78329566591333,67.18991068265365],[-64.58169163383269,67.23391764647292],[-63.962479249585,67.27115430816613],[-64.02008040160804,67.21022158903176],[-64.16408328166564,67.21360674009478],[-64.61049220984421,67.13236311458226],[-64.68969379387589,67.08497099969998],[-64.69689393787877,67.00372737418746],[-64.62489249784997,67.01388282737653],[-64.60329206584133,67.08835615076299],[-64.50969019380389,67.12897796351925],[-63.96967939358788,67.18314038052759],[-63.8904778095562,67.23391764647292],[-63.78967579351588,67.24068794859895],[-63.75367507350148,67.21360674009478],[-63.559271185423725,67.23730279753593],[-63.451269025380526,67.22376219328385],[-63.451269025380526,67.1695997762755],[-63.530470609412205,67.10528190607809],[-63.7464749294986,67.0409640358807],[-63.80407608152164,66.99695707206143],[-63.77527550551012,66.95972041036819],[-63.75367507350148,67.01726797843955],[-63.537670753415085,67.07143039544789],[-63.40086801736037,67.14590371883435],[-63.422468449369006,67.20006613584269],[-63.33606672133445,67.2813097613552],[-63.213664273285474,67.30162066773335],[-63.29286585731715,67.247458250725],[-63.25686513730275,67.247458250725],[-63.170463409268194,67.27792461029219],[-63.206464129282594,67.31854642304845],[-63.112862257245155,67.32870187623752],[-62.997659953199076,67.2813097613552],[-62.968859377187556,67.22037704222083],[-63.048060961219235,67.16621462521249],[-63.28566571331427,67.10528190607809],[-63.220864417288354,67.01726797843955],[-63.242464849296994,66.9631055614312],[-63.523270465409325,66.90894314442286],[-63.566471329426605,66.89201738910776],[-63.573671473429485,66.83785497209942],[-63.8184763695274,66.81415891465826],[-63.537670753415085,66.81415891465826],[-63.480069601392046,66.83446982103641],[-63.494469889397806,66.88186193591869],[-63.444068881377646,66.90894314442286],[-63.408068161363246,66.81415891465826],[-63.451269025380526,66.71260438276764],[-63.422468449369006,66.69906377851555],[-63.32166643332867,66.81415891465826],[-63.35046700934021,66.89201738910776],[-62.8464569291386,66.9631055614312],[-62.81765635312708,66.81415891465826],[-62.89685793715876,66.63813105938118],[-62.83205664113284,66.66521226788535],[-62.83205664113284,66.71260438276764],[-62.73125462509252,66.79046285721714],[-62.7744554891098,66.84124012316244],[-62.74565491309828,66.94279465505309],[-62.56565131302628,66.94279465505309],[-62.50805016100324,66.90217284229684],[-62.50085001700036,66.84124012316244],[-62.41444828896579,66.81754406572131],[-62.31364627292547,66.72614498701972],[-62.29204584091683,66.75999649764992],[-62.42164843296867,66.84801042528849],[-62.428848576971546,66.92248374867495],[-62.26324526490531,66.94956495717912],[-62.29204584091683,67.02065312950256],[-62.26324526490531,67.04434918694372],[-62.05444108882179,67.04773433800673],[-62.00404008080163,67.03419373375465],[-62.10484209684195,66.91232829548588],[-62.01844036880739,66.90217284229684],[-61.93923878477571,66.96987586355726],[-61.83843676873539,66.96987586355726],[-61.85283705674115,66.93263920186402],[-61.75203504070083,66.94956495717912],[-61.73043460869219,66.92248374867495],[-61.77363547270947,66.89878769123379],[-61.96803936078723,66.89878769123379],[-62.01124022480451,66.8683213316666],[-61.61523230464611,66.87170648272962],[-61.65123302466051,66.8310846699734],[-61.72323446468931,66.82431436784734],[-61.45682913658274,66.77692225296505],[-61.46402928058562,66.7532261955239],[-61.2912258245165,66.66859741894837],[-61.26242524850498,66.62797560619211],[-61.28402568051362,66.61782015300304],[-61.44962899257986,66.53996167855354],[-61.60083201664034,66.55011713174261],[-61.72323446468931,66.6415162104442],[-62.00404008080163,66.69567862745254],[-62.01844036880739,66.6584419657593],[-62.18404368087363,66.62797560619211],[-62.09044180883619,66.60766469981397],[-61.98243964879299,66.64828651257022]]],[[[-77.05234104682094,73.3610410705414],[-76.89393787875758,73.32041925778515],[-76.7067341346827,73.3170341067221],[-76.73553471069422,73.27979744502889],[-76.57713154263087,73.21886472589449],[-76.6347326946539,73.16808745994919],[-76.49792995859919,73.11731019400386],[-76.2387247744955,73.0936141365627],[-76.31792635852719,73.06314777699552],[-76.28192563851279,73.04622202168042],[-76.32512650253007,73.01914081317625],[-76.26032520650415,72.99882990679811],[-76.33232664653295,72.96497839616791],[-76.11632232644654,72.94128233872675],[-76.0587211744235,72.9006605259705],[-76.15232304646094,72.84311295789914],[-76.5627312546251,72.81264659833195],[-77.70755415108303,72.89727537490748],[-78.23316466329328,72.89389022384447],[-79.21238424768497,72.74494357707152],[-79.5939918798376,72.75171387919755],[-79.9971999439989,72.86342386427725],[-80.18440368807377,73.04283687061738],[-80.11960239204785,73.11392504294085],[-80.17720354407089,73.15793200676012],[-80.11240224804497,73.17824291313823],[-80.14840296805937,73.2222498769575],[-80.79641592831858,73.27641229396585],[-80.87561751235026,73.32718955991118],[-80.84681693633874,73.35088561735233],[-80.89001780035602,73.37458167479349],[-80.8612172243445,73.3948925811716],[-80.88281765635314,73.43889954499087],[-80.85401708034162,73.47613620668412],[-80.69561391227826,73.47613620668412],[-80.86841736834738,73.54383922794455],[-80.90441808836178,73.6013867960159],[-80.79641592831858,73.65893436408726],[-80.80361607232146,73.7130967810956],[-80.8612172243445,73.74356314066279],[-80.77481549630994,73.75033344278884],[-80.37160743214865,73.76048889597789],[-80.14120282405649,73.6961710257805],[-80.02600052001041,73.72663738534769],[-79.44998899978,73.63185315558309],[-78.16836336726736,73.66908981727633],[-77.42674853497071,73.55399468113362],[-77.18914378287568,73.49983226412527],[-77.0307406148123,73.39827773223462],[-77.05234104682094,73.3610410705414]]],[[[-66.38892777855558,82.91732252145042],[-66.33852677053542,82.90716706826134],[-66.36732734654694,82.88685616188323],[-66.87853757075143,82.80561253637072],[-68.35456709134183,82.68713224916496],[-68.64257285145705,82.6295846810936],[-67.46894937898759,82.65328073853476],[-66.90013800276007,82.72098375979516],[-66.66253325066502,82.71082830660612],[-66.6337326746535,82.72098375979516],[-66.67693353867078,82.73452436404725],[-66.64093281865638,82.74806496829933],[-65.7697153943079,82.84284919806393],[-65.46730934618694,82.83269374487489],[-65.51051021020422,82.78530162999257],[-65.16490329806598,82.76160557255142],[-65.35210704214086,82.79884223424466],[-65.10010200204006,82.84961950018999],[-65.30890617812358,82.86654525550509],[-64.83369667393349,82.90716706826134],[-64.66089321786437,82.89024131294624],[-64.92009840196805,82.86316010444207],[-64.72569451389029,82.85638980231602],[-64.74009480189605,82.82253829168582],[-64.44488889777797,82.76160557255142],[-64.1064821296426,82.83269374487489],[-63.38646772935461,82.80561253637072],[-63.37926758535173,82.76837587467747],[-63.508870177403566,82.73113921298423],[-63.84727694553892,82.71421345766913],[-63.652873057461164,82.71421345766913],[-63.537670753415085,82.69390255129102],[-63.559271185423725,82.67359164491288],[-63.25686513730275,82.64989558747172],[-63.228064561291234,82.63974013428268],[-63.25686513730275,82.62619953003059],[-63.37926758535173,82.61942922790453],[-63.35046700934021,82.60588862365245],[-62.925658513170276,82.57542226408526],[-63.055261105222115,82.54495590451808],[-63.076861537230755,82.48740833644672],[-63.120062401248035,82.47386773219463],[-63.091261825236515,82.46709743006858],[-63.37206744134885,82.4400162215644],[-63.019260385207716,82.46032712794255],[-62.90405808116164,82.51110439388785],[-62.7744554891098,82.48402318538368],[-62.73125462509252,82.48740833644672],[-62.76005520110404,82.51448954495089],[-62.50805016100324,82.52803014920298],[-62.16964339286787,82.52464499813993],[-62.32084641692835,82.51110439388785],[-62.34964699293987,82.48063803432066],[-62.22724454489091,82.50771924282483],[-61.60803216064323,82.48063803432066],[-61.13282265645314,82.37908350243003],[-61.075221504430104,82.30122502798054],[-61.19042380847618,82.22336655353104],[-61.46402928058562,82.17258928758574],[-62.02564051281027,82.1353526258925],[-61.86723734474691,82.10827141738832],[-62.25604512090243,82.02025748974978],[-62.50085001700036,82.01687233868674],[-62.50805016100324,81.98302082805654],[-63.609672193443885,81.85438508766174],[-63.76087521750436,81.81037812384247],[-64.05608112162244,81.79006721746433],[-64.32248644972901,81.82391872809455],[-64.12088241764836,81.76298600896016],[-64.37288745774917,81.7223641962039],[-65.35930718614374,81.75960085789714],[-65.35210704214086,81.73251964939297],[-65.63291265825318,81.70205328982578],[-66.03612072241447,81.69189783663671],[-65.35210704214086,81.69189783663671],[-65.79131582631653,81.63096511750234],[-66.0217204344087,81.65466117494347],[-66.17292345846919,81.61742451325026],[-67.56255125102503,81.60049875793513],[-68.16016320326408,81.55987694517887],[-69.29058581171624,81.71897904514088],[-68.3689673793476,81.55310664305284],[-68.85857717154344,81.54633634092679],[-68.57777155543113,81.5158699813596],[-67.10894217884359,81.56664724730493],[-66.61213224264486,81.51248483029659],[-68.6209724194484,81.28906486013719],[-69.03138062761256,81.25859850057],[-69.42738854777097,81.26875395375905],[-69.46338926778537,81.25182819844395],[-69.31218624372488,81.24167274525487],[-69.54259085181705,81.21120638568769],[-70.20500410008201,81.1807400261205],[-69.63619272385449,81.17735487505749],[-69.99619992399849,81.09949640060799],[-69.42738854777097,81.18751032824653],[-65.72651453029061,81.49555907498149],[-64.56729134582693,81.54633634092679],[-64.45208904178085,81.49555907498149],[-64.43768875377509,81.47863331966639],[-64.50969019380389,81.44139665797314],[-64.73289465789317,81.37369363671272],[-65.43850877017542,81.25521334950696],[-66.00732014640295,81.22136183887676],[-66.68413368267366,81.03517853041058],[-67.20974419488391,80.940394300646],[-67.59135182703655,80.93362399851995],[-67.53375067501351,80.8963873368267],[-67.63455269105384,80.85915067513349],[-68.24656493129864,80.75421099217982],[-68.95937918758376,80.61880494965897],[-68.89457789155784,80.5917237411548],[-69.14658293165864,80.53079102202042],[-69.31938638772776,80.41231073481467],[-69.59299185983721,80.36153346886937],[-70.2842056841137,80.3513780156803],[-70.31300626012522,80.36153346886937],[-70.21940438808778,80.41569588587771],[-70.31300626012522,80.46308800076],[-70.80981619632394,80.56125738158761],[-70.37060741214826,80.40892558375165],[-70.45700914018282,80.38184437524748],[-70.44980899617994,80.34122256249123],[-69.96019920398409,80.2565937859157],[-70.17620352407049,80.18889076465527],[-70.74501490029802,80.20581651997037],[-71.69543390867818,80.11103229020577],[-71.95463909278187,80.18212046252924],[-72.40104802096043,80.21935712422246],[-71.89703794075882,80.11441744126881],[-72.39384787695755,80.0839510817016],[-72.32184643692875,80.07718077957557],[-72.34344686893739,80.06025502426047],[-71.48662973259466,80.07041047744954],[-70.75941518830378,80.13472834764693],[-70.50741014820298,80.10087683701673],[-70.49300986019722,80.0500995710714],[-70.6442128842577,80.0331738157563],[-70.7162143242865,79.98578170087399],[-71.41462829256587,79.93161928386564],[-71.45782915658314,79.90115292429846],[-71.41462829256587,79.88761232004637],[-71.11222224444491,79.91469352855054],[-70.91061821236426,79.88422716898336],[-71.0042200844017,79.81990929878594],[-71.13382267645355,79.78605778815574],[-72.26424528490571,79.66080719882396],[-72.93385867717356,79.70481416264323],[-72.94825896517932,79.74205082433647],[-73.0634612692254,79.79959839240783],[-72.90505810116204,79.81652414772293],[-72.9914598291966,79.81990929878594],[-73.8554771095422,79.83006475197502],[-73.74747494949901,79.85376080941617],[-74.11468229364588,79.88761232004637],[-74.84909698193965,79.84699050729012],[-74.68349366987341,79.78944293921876],[-74.30908618172364,79.80298354347084],[-73.3514670293406,79.7657468817776],[-73.387467749355,79.7488211264625],[-73.36586731734636,79.71835476689532],[-73.1714634292686,79.65065174563489],[-73.15706314126284,79.61341508394165],[-73.18586371727436,79.59310417756353],[-73.12826256525132,79.5592526669333],[-73.3514670293406,79.50509024992499],[-73.75467509350189,79.50170509886195],[-73.9634792695854,79.55586751587029],[-73.9994799895998,79.54571206268122],[-73.94907898157965,79.49493479673592],[-73.98507970159405,79.45431298397966],[-74.20108402168044,79.43738722866456],[-74.67629352587053,79.44415753079059],[-74.96429928598573,79.51186055205102],[-75.05790115802317,79.48477934354685],[-74.88509770195405,79.40692086909735],[-75.05790115802317,79.37306935846715],[-75.53311066221326,79.39338026484526],[-75.65551311026222,79.4306169265385],[-75.70591411828238,79.40692086909735],[-75.8067161343227,79.42046147334943],[-75.81391627832558,79.4475426818536],[-75.95791915838318,79.42723177547549],[-76.26032520650415,79.49831994779893],[-76.90833816676334,79.508475400988],[-77.1459429188584,79.54909721374426],[-77.18914378287568,79.51186055205102],[-77.13154263085264,79.4915496456729],[-76.18112362247246,79.46108328610569],[-76.13792275845518,79.44077237972758],[-76.20992419848398,79.4306169265385],[-76.15952319046382,79.38999511378225],[-75.89311786235726,79.34937330102599],[-76.87233744674894,79.34937330102599],[-77.07394147882958,79.3967654159083],[-77.13874277485552,79.46446843716873],[-77.3979479589592,79.4475426818536],[-77.16034320686416,79.32567724358486],[-77.92355847116943,79.36629905634112],[-78.05316106322128,79.35614360315205],[-78.02436048720976,79.33921784783695],[-77.31874637492751,79.26812967551348],[-77.49154983099663,79.24443361807235],[-76.75713514270286,79.28167027976556],[-76.13792275845518,79.26812967551348],[-75.93631872637454,79.23089301382026],[-74.49628992579852,79.2241227116942],[-74.82749654993101,79.17334544574891],[-74.6186923738475,79.15303453937076],[-74.66189323786477,79.13272363299265],[-74.43868877377548,79.05825030960617],[-74.7266945338907,79.02439879897597],[-75.65551311026222,79.06840576279524],[-75.88591771835438,79.09887212236242],[-75.85711714234286,79.15303453937076],[-76.0947218944379,79.20042665425305],[-78.16116322326448,79.19027120106401],[-78.2259645192904,79.15980484149682],[-77.90915818316367,79.18011574787494],[-76.7067341346827,79.15303453937076],[-76.08032160643214,79.09887212236242],[-76.17392347846958,79.07517606492127],[-77.07394147882958,79.07179091385825],[-77.49154983099663,79.01762849684991],[-77.80115602312047,79.06502061173222],[-78.34836696733936,79.08533151811034],[-78.88837776755537,79.06163546066918],[-77.82995659913199,79.0480948564171],[-77.70755415108303,79.0142433457869],[-77.95235904718095,78.96008092877855],[-78.29076581531632,78.79759367775353],[-78.24756495129904,78.77051246924935],[-77.71475429508591,78.96685123090461],[-76.75713514270286,79.02778395003898],[-75.72031440628814,78.96685123090461],[-75.82831656633134,78.92622941814835],[-76.31792635852719,78.89576305858114],[-76.44752895057903,78.86529669901395],[-76.44032880657615,78.83821549050978],[-76.2027240544811,78.88222245432905],[-75.31710634212685,78.89237790751812],[-74.91389827796557,78.85175609476187],[-74.87789755795117,78.81790458413167],[-74.7626952539051,78.8246748862577],[-74.90669813396269,78.78405307350144],[-74.7626952539051,78.7738976203124],[-74.83469669393389,78.74343126074518],[-74.71949438988781,78.70619459905197],[-74.84189683793677,78.69265399479988],[-74.87069741394829,78.66895793735873],[-74.83469669393389,78.65203218204363],[-74.87069741394829,78.63849157779154],[-74.63309266185325,78.58771431184621],[-74.79149582991661,78.59109946290923],[-75.05070101402029,78.52678159271184],[-75.4827096541931,78.50985583739671],[-75.88591771835438,78.5064706863337],[-76.44032880657615,78.54709249908996],[-76.68513370267407,78.5233964416488],[-76.26032520650415,78.51324098845976],[-76.0587211744235,78.46246372251443],[-75.4467089341787,78.43199736294724],[-75.08670173403469,78.36767949274983],[-75.02910058201165,78.33044283105659],[-75.36030720614413,78.2999764714894],[-75.4827096541931,78.22211799703993],[-75.61231224624494,78.19842193959877],[-76.15952319046382,78.23904375235503],[-76.85793715874318,78.22888829916596],[-76.90833816676334,78.19503678853576],[-76.66353327066543,78.16457042896855],[-75.58351167023342,78.11717831408626],[-75.59791195823918,78.08332680345606],[-75.92191843836878,77.95807621412428],[-76.21712434248685,78.01562378219563],[-76.4907298145963,77.96823166731332],[-76.92993859877198,77.90052864605289],[-77.21074421488431,77.9479207609352],[-77.90195803916079,77.94115045880915],[-78.2619652393048,77.99531287581749],[-78.26916538330768,77.97500196943938],[-78.18276365527312,77.9648465162503],[-78.42036840736816,77.90052864605289],[-77.95955919118383,77.80235926522528],[-77.93795875917519,77.758352301406],[-78.05316106322128,77.73127109290184],[-77.98115962319248,77.70080473333465],[-78.0819616392328,77.67372352483048],[-77.92355847116943,77.67033837376746],[-77.72195443908879,77.59925020144402],[-77.98115962319248,77.55524323762472],[-77.94515890317807,77.50108082061638],[-78.27636552731056,77.42999264829294],[-78.23316466329328,77.39614113766274],[-78.25476509530192,77.38260053341065],[-78.78037560751216,77.30812721002417],[-78.83797675953521,77.31151236108721],[-78.729974599492,77.36905992915857],[-78.7659753195064,77.37921538234764],[-79.20518410368209,77.28781630364605],[-79.7091941838837,77.31828266321324],[-80.04040080801617,77.27427569939397],[-80.7532150643013,77.33182326746532],[-81.27882557651154,77.42322234616691],[-81.37242744854898,77.47399961211221],[-81.57403148062963,77.51123627380545],[-81.57403148062963,77.54508778443568],[-81.67483349666995,77.57216899293985],[-81.61723234464691,77.58570959719194],[-81.84043680873619,77.62633140994816],[-81.84763695273907,77.66695322270442],[-81.92683853677075,77.68726412908256],[-81.94843896877939,77.64664231632631],[-81.91243824876499,77.60940565463306],[-81.66763335266707,77.5315471801836],[-81.66763335266707,77.49769566955337],[-81.74683493669875,77.44691840360804],[-81.73243464869299,77.42999264829294],[-81.48762975259507,77.37244508022158],[-81.20682413648274,77.36905992915857],[-81.16362327246546,77.33859356959138],[-81.82603652073043,77.28443115258304],[-82.09244184883698,77.31489751215022],[-82.1932438648773,77.30135690789814],[-81.9052381047621,77.2471944908898],[-81.88363767275347,77.2133429802596],[-81.9052381047621,77.18626177175543],[-81.79003580071603,77.15918056325125],[-81.0772215444309,77.28443115258304],[-80.11960239204785,77.19980237600751],[-80.40040800816017,77.08809239092778],[-80.37160743214865,77.07116663561268],[-80.01160023200465,77.18964692281844],[-79.72359447188946,77.24042418876377],[-79.25558511170225,77.22011328238563],[-79.03958079161585,77.16256571431427],[-79.06118122362449,77.13209935474708],[-79.00358007160145,77.09824784411686],[-79.36358727174544,76.962841801596],[-79.38518770375408,76.9289902909658],[-78.88837776755537,76.92560513990279],[-78.96757935158705,76.84097636332726],[-78.72277445548912,76.82066545694911],[-78.70117402348048,76.84097636332726],[-78.72277445548912,76.87821302502047],[-78.56437128742576,76.88836847820954],[-78.55717114342288,76.93914574415487],[-78.39876797535952,76.962841801596],[-78.41316826336528,76.98653785903716],[-78.38436768735376,77.00007846328924],[-78.06756135122704,77.01361906754133],[-77.88755775115503,76.94930119734391],[-77.90915818316367,76.9120645356507],[-77.83715674313487,76.88836847820954],[-77.88035760715215,76.85790211864236],[-77.71475429508591,76.82066545694911],[-77.78675573511471,76.78004364419286],[-77.76515530310607,76.72926637824753],[-77.81555631112623,76.68187426336524],[-77.77235544710895,76.65817820592409],[-78.08916178323568,76.6107860910418],[-78.18276365527312,76.56000882509647],[-78.13956279125584,76.52615731446627],[-78.34836696733936,76.50246125702512],[-78.37716754335088,76.45845429320585],[-78.61477229544592,76.48892065277303],[-78.5859717194344,76.51261671021419],[-78.61477229544592,76.54646822084439],[-78.56437128742576,76.56339397615949],[-78.78757575151504,76.57016427828555],[-78.83797675953521,76.54308306978137],[-78.99637992759857,76.42460278257562],[-79.19078381567633,76.4042918761975],[-79.17638352767057,76.38059581875635],[-79.26278525570513,76.35351461025218],[-79.269985399708,76.30273734430688],[-79.57239144782896,76.31289279749592],[-80.09080181603633,76.22487886985738],[-80.29240584811697,76.23503432304645],[-80.67401348026962,76.15717584859695],[-80.86841736834738,76.17071645284904],[-81.0772215444309,76.13009464009278],[-81.0772215444309,76.15717584859695],[-80.95481909638194,76.19102735922718],[-81.09882197643954,76.21133826560529],[-80.78201564031282,76.37382551663032],[-80.77481549630994,76.41783248044959],[-80.99081981639634,76.482150350647],[-81.2212244244885,76.4990761059621],[-81.17802356047122,76.52954246552929],[-81.20682413648274,76.55323852297045],[-81.49482989659795,76.46860974639492],[-82.04204084081682,76.50923155915117],[-82.0852417048341,76.52277216340326],[-81.98443968879378,76.58370488253763],[-82.05644112882258,76.6107860910418],[-81.78283565671315,76.68525941442826],[-82.07804156083122,76.63109699741992],[-82.29404588091764,76.63448214848296],[-82.44524890497811,76.68525941442826],[-82.58205164103283,76.77665849312984],[-82.74765495309907,76.8172803058861],[-82.55325106502131,76.7224960761215],[-82.5604512090242,76.6886445654913],[-82.45964919298387,76.63448214848296],[-82.07804156083122,76.56000882509647],[-82.22204444088882,76.5329276165923],[-82.12844256885138,76.44152853789075],[-82.17884357687154,76.41783248044959],[-82.79805596111923,76.3873661208824],[-83.10046200924019,76.46522459533188],[-83.06446128922579,76.49569095489909],[-83.10766215324307,76.58031973147462],[-83.3884677693554,76.67171881017617],[-83.40286805736116,76.71911092505849],[-83.352467049341,76.75296243568869],[-83.38126762535252,76.75973273781474],[-83.52527050541012,76.70218516974339],[-83.2444648892978,76.57354942934856],[-83.23726474529492,76.5160018612772],[-83.18686373727476,76.49569095489909],[-83.23726474529492,76.46183944426886],[-83.18686373727476,76.42460278257562],[-83.22286445728916,76.41106217832353],[-83.712474249485,76.43137308470168],[-83.75567511350228,76.46860974639492],[-84.03648072961461,76.53631276765535],[-84.08688173763477,76.62432669529389],[-84.28128562571253,76.65817820592409],[-84.33168663373269,76.64802275273505],[-84.19488389767797,76.6107860910418],[-84.25248504970101,76.53631276765535],[-84.18048360967221,76.48553550171002],[-84.23808476169525,76.44491368895376],[-84.63409268185364,76.43475823576469],[-84.78529570591412,76.46860974639492],[-84.792495849917,76.50246125702512],[-84.95089901798038,76.57693458041157],[-85.03010060201206,76.57354942934856],[-85.0517010340207,76.51261671021419],[-84.95809916198326,76.4212176315126],[-84.3964879297586,76.32981855281105],[-84.38208764175285,76.31289279749592],[-84.432488649773,76.30273734430688],[-85.1957039140783,76.28242643792873],[-85.26050521010421,76.3095076464329],[-85.43330866617333,76.30612249536989],[-85.7357147142943,76.35689976131522],[-86.36932738654774,76.3873661208824],[-86.41252825056502,76.40767702726052],[-86.4197283945679,76.46860974639492],[-86.21092421848438,76.53631276765535],[-86.62853257065143,76.63448214848296],[-86.30452609052182,76.52615731446627],[-86.65733314666295,76.46860974639492],[-86.63573271465431,76.44152853789075],[-86.71493429868599,76.34674430812615],[-87.13254265085303,76.38398096981936],[-87.15414308286167,76.39413642300843],[-87.11814236284727,76.4212176315126],[-87.1397427948559,76.4381433868277],[-87.42054841096822,76.45845429320585],[-87.3917478349567,76.50246125702512],[-87.49974999499992,76.53631276765535],[-87.46374927498552,76.58709003360065],[-87.53575071501432,76.61755639316783],[-87.5789515790316,76.6107860910418],[-87.56455129102584,76.57693458041157],[-87.60055201104024,76.53969791871836],[-87.49254985099704,76.50246125702512],[-87.55015100302008,76.45168399107979],[-87.4277485549711,76.41783248044959],[-87.49974999499992,76.38059581875635],[-87.41334826696534,76.34674430812615],[-87.55015100302008,76.3704403655673],[-87.59335186703736,76.33997400600009],[-87.74455489109783,76.34674430812615],[-87.81655633112663,76.41106217832353],[-87.94615892317847,76.35689976131522],[-88.34936698733976,76.38398096981936],[-88.43576871537432,76.40090672513449],[-88.36376727534552,76.43137308470168],[-88.43576871537432,76.46522459533188],[-88.35656713134264,76.482150350647],[-88.34936698733976,76.5160018612772],[-88.52217044340888,76.62432669529389],[-88.4789695793916,76.65479305486107],[-88.55817116342328,76.72926637824753],[-88.4789695793916,76.78342879525587],[-88.52217044340888,76.8172803058861],[-88.70217404348088,76.70895547186942],[-88.5869717394348,76.63448214848296],[-88.6589731794636,76.60063063785273],[-88.55817116342328,76.59047518466366],[-88.49336986739736,76.55323852297045],[-88.514970299406,76.52277216340326],[-88.48616972339448,76.50246125702512],[-88.60857217144344,76.45168399107979],[-88.60857217144344,76.40090672513449],[-88.68057361147224,76.40090672513449],[-88.694973899478,76.4212176315126],[-88.6589731794636,76.47538004852095],[-88.60857217144344,76.482150350647],[-88.68057361147224,76.52615731446627],[-88.64457289145784,76.56677912722253],[-88.7309746194924,76.5938603357267],[-88.79577591551832,76.54985337190743],[-88.77417548350968,76.52277216340326],[-88.83177663553272,76.4990761059621],[-88.78137562751256,76.46522459533188],[-88.82457649152984,76.44152853789075],[-88.91817836356728,76.4042918761975],[-89.03338066761336,76.41783248044959],[-89.04778095561912,76.44829884001678],[-89.21338426768537,76.43137308470168],[-89.42938858777177,76.4990761059621],[-89.40058801176025,76.52615731446627],[-89.44378887577753,76.56677912722253],[-89.54459089181785,76.54308306978137],[-89.67419348386969,76.56677912722253],[-89.60219204384089,76.62094154423087],[-89.41498829976601,76.68187426336524],[-89.45818916378329,76.71234062293243],[-89.38618772375449,76.72926637824753],[-89.46538930778617,76.75296243568869],[-89.53019060381209,76.85451696757934],[-88.99017980359608,76.95607149946997],[-88.99737994759896,76.98315270797414],[-88.73817476349528,77.00346361435226],[-88.46456929138584,77.06439633348666],[-88.39256785135704,77.09486269305384],[-88.54377087541752,77.10163299517987],[-88.42856857137144,77.12194390155801],[-87.6869537390748,77.1354845058101],[-87.614952299046,77.09486269305384],[-87.34854697093942,77.10501814624291],[-87.46374927498552,77.12532905262103],[-87.3557471149423,77.17610631856635],[-87.0677413548271,77.18287662069238],[-86.80133602672055,77.12871420368404],[-86.88773775475511,77.16595086537728],[-86.61413228264567,77.17949146962937],[-87.2117442348847,77.20657267813354],[-87.16854337086743,77.23365388663771],[-86.90933818676375,77.26073509514188],[-87.01014020280407,77.27427569939397],[-87.18294365887319,77.27427569939397],[-87.2477449548991,77.30474205896115],[-86.85173703474071,77.3589044759695],[-87.3917478349567,77.33182326746532],[-87.70855417108343,77.3589044759695],[-87.70135402708055,77.38937083553668],[-87.78775575511511,77.42999264829294],[-87.64375287505752,77.48076991423827],[-87.69415388307768,77.53831748230962],[-88.21256425128503,77.65002746738932],[-88.14776295525911,77.7245007907758],[-88.16216324326487,77.758352301406],[-88.23416468329367,77.76850775459508],[-88.10456209124183,77.81251471841435],[-88.21976439528791,77.85652168223362],[-88.01096021920439,77.81928502054038],[-87.23334466689334,77.90052864605289],[-86.4197283945679,77.82944047372945],[-85.97331946638934,77.70418988439766],[-85.83651673033462,77.57893929506588],[-85.8077161543231,77.50785112274244],[-85.72131442628854,77.4706144610492],[-85.79331586631734,77.4198371951039],[-85.50531010620213,77.47399961211221],[-85.48370967419349,77.46045900786012],[-85.53411068221365,77.44014810148201],[-85.39730794615893,77.39614113766274],[-84.97249944998902,77.3758302312846],[-84.52609052181045,77.29458660577208],[-84.46128922578453,77.30135690789814],[-84.612492249845,77.38260053341065],[-84.54769095381909,77.40291143978877],[-84.00768015360309,77.39614113766274],[-83.46766935338708,77.34874902278042],[-83.4964699293986,77.3758302312846],[-83.44606892137844,77.38937083553668],[-83.712474249485,77.40629659085181],[-83.83487669753396,77.4536887057341],[-83.4244684893698,77.50108082061638],[-83.17966359327188,77.59247989931796],[-82.81965639312787,77.758352301406],[-82.78365567311347,77.78204835884716],[-82.79805596111923,77.80574441628829],[-82.67565351307027,77.8362107758555],[-82.63965279305587,77.89375834392686],[-82.54605092101843,77.91745440136802],[-82.57485149702995,77.94453560987219],[-82.51005020100403,77.95469106306123],[-82.58925178503571,78.01900893325865],[-82.3804476089522,78.03593468857375],[-82.31564631292628,78.06978619920397],[-82.54605092101843,78.07317135026699],[-82.78365567311347,78.01562378219563],[-82.78365567311347,77.97161681837633],[-82.73325466509331,77.92422470349405],[-82.94925898517971,77.87344743754872],[-82.99245984919699,77.82605532266643],[-83.11486229724595,77.78881866097319],[-83.19406388127764,77.71096018652372],[-83.4244684893698,77.59925020144402],[-83.87087741754836,77.49431051849035],[-84.85729714594294,77.54170263337264],[-84.86449728994582,77.57555414400287],[-84.43968879377589,77.70757503546068],[-84.432488649773,77.72788594183882],[-84.49008980179605,77.74481169715392],[-84.48288965779317,77.71096018652372],[-84.53329066581333,77.68387897801955],[-84.95089901798038,77.60263535250704],[-85.29650593011861,77.6601829205784],[-85.2677053541071,77.70757503546068],[-85.34690693813877,77.72788594183882],[-85.20290405808117,77.758352301406],[-85.18130362607253,77.79558896309925],[-85.03010060201206,77.79897411416226],[-84.95809916198326,77.8362107758555],[-85.29650593011861,77.79558896309925],[-85.39730794615893,77.81251471841435],[-85.39010780215605,77.84298107798153],[-85.21010420208405,77.88360289073779],[-84.85009700194004,77.89037319286385],[-84.89329786595734,77.83282562479246],[-84.66289325786516,77.90052864605289],[-84.31008620172405,77.89037319286385],[-84.63409268185364,77.92760985455706],[-85.47650953019061,77.8700622864857],[-85.51251025020501,77.88360289073779],[-85.48370967419349,77.91068409924196],[-85.67811356227125,77.9309950056201],[-85.06610132202646,78.05624559495189],[-84.76369527390548,78.02239408432166],[-84.54769095381909,78.06978619920397],[-84.432488649773,78.06978619920397],[-84.28848576971541,78.07655650133],[-84.51169023380469,78.08671195451907],[-84.59089181783636,78.07655650133],[-84.87889757795158,78.0596307460149],[-85.09490189803797,78.09686740770815],[-85.00850017000342,78.13748922046437],[-84.99409988199766,78.16457042896855],[-85.03010060201206,78.1713407310946],[-84.63409268185364,78.19842193959877],[-84.20208404168085,78.15780012684252],[-84.02928058561173,78.17472588215762],[-84.5044900898018,78.21873284597689],[-84.95089901798038,78.19503678853576],[-84.97249944998902,78.20857739278784],[-84.95809916198326,78.23227345022897],[-84.83569671393428,78.31351707574149],[-84.56929138582773,78.35075373743473],[-84.77089541790836,78.34059828424566],[-84.86449728994582,78.36767949274983],[-84.84289685793716,78.38122009700191],[-84.76369527390548,78.47600432676651],[-84.78529570591412,78.5064706863337],[-84.61969239384788,78.58771431184621],[-84.67729354587092,78.58771431184621],[-84.9796995939919,78.41507160763214],[-84.95089901798038,78.39814585231701],[-84.96529930598614,78.34398343530867],[-85.04450089001782,78.31013192467847],[-85.02290045800918,78.2830507161743],[-85.50531010620213,78.10025255877116],[-86.14612292245846,78.05624559495189],[-86.29012580251606,78.07655650133],[-86.23252465049302,78.13748922046437],[-86.25412508250166,78.15780012684252],[-86.11012220244406,78.1713407310946],[-85.93011860237206,78.23565860129202],[-85.8797175943519,78.28982101830036],[-85.90131802636054,78.30336162255244],[-85.83651673033462,78.33382798211963],[-85.83651673033462,78.38122009700191],[-86.05252105042102,78.29659132042639],[-86.07412148242966,78.2491992055441],[-86.28292565851318,78.19165163747272],[-86.49892997859958,78.21534769491387],[-86.73653473069463,78.11717831408626],[-87.11094221884439,78.10363770983417],[-87.52855057101144,78.13071891833835],[-87.40614812296246,78.18149618428367],[-87.08934178683575,78.2051922417248],[-87.51415028300568,78.22550314810294],[-87.49254985099704,78.28643586723732],[-87.51415028300568,78.42522706082119],[-87.1397427948559,78.55047765015297],[-86.85893717874359,78.54709249908996],[-86.88053761075223,78.57417370759413],[-87.12534250685015,78.58771431184621],[-86.97413948278967,78.64864703098061],[-86.93093861877239,78.70957975011498],[-86.63573271465431,78.80097882881657],[-85.64931298625973,78.84837094369885],[-85.06610132202646,78.9194591160223],[-84.71329426588532,78.86868185007697],[-83.7484749694994,78.83821549050978],[-83.16526330526612,78.7298906564931],[-82.81965639312787,78.6960391458629],[-82.61085221704435,78.61141036928737],[-82.3084461689234,78.5674034054681],[-82.23644472889458,78.59448461397227],[-82.5964519290386,78.70280944798893],[-82.2292445848917,78.73666095861915],[-82.78365567311347,78.7298906564931],[-83.2084641692834,78.79759367775353],[-83.25166503330068,78.83483033944677],[-83.05726114522291,78.85514124582488],[-82.43084861697236,78.83483033944677],[-81.94843896877939,78.86529669901395],[-81.71083421668435,78.83821549050978],[-81.66043320866419,78.88899275645511],[-81.75403508070163,78.9194591160223],[-81.69643392867859,78.97362153303064],[-81.48762975259507,79.05148000748014],[-81.91243824876499,79.00408789259782],[-82.10684213684274,78.91268881389627],[-82.50285005700115,78.88222245432905],[-82.92765855317107,78.9363848713374],[-84.25968519370389,78.96008092877855],[-84.76369527390548,79.03793940322805],[-84.78529570591412,79.07517606492127],[-84.52609052181045,79.1428790861817],[-84.13728274565493,79.12256817980358],[-83.89967799355988,79.03793940322805],[-83.47486949738996,79.02439879897597],[-83.35966719334388,79.05148000748014],[-83.54687093741876,79.04132455429107],[-83.99327986559733,79.13272363299265],[-84.02928058561173,79.15641969043378],[-83.94287885757716,79.186886050001],[-83.95727914558292,79.22073756063119],[-84.15888317766357,79.18350089893795],[-84.32448648972981,79.19027120106401],[-84.33888677773557,79.25120392019838],[-84.42528850577013,79.29182573295463],[-84.48288965779317,79.40692086909735],[-84.87889757795158,79.48477934354685],[-84.97249944998902,79.53894176055519],[-84.97249944998902,79.56602296905936],[-85.04450089001782,79.58633387543748],[-85.02290045800918,79.61002993287863],[-85.0517010340207,79.6201853860677],[-85.49090981819637,79.70142901158022],[-85.90131802636054,79.70142901158022],[-86.48452969059382,79.76236173071459],[-86.48452969059382,79.81652414772293],[-86.37652753055062,79.81990929878594],[-86.4557291145823,79.84699050729012],[-86.47012940258806,79.89099747110942],[-86.43412868257366,79.94177473705471],[-86.36932738654774,79.96208564343286],[-85.58451169023381,79.9383895859917],[-85.36850737014741,79.89776777323544],[-85.25330506610133,79.9214638306766],[-86.48452969059382,80.00947775831514],[-86.57813156263127,80.04332926894537],[-86.65733314666295,80.1279580455209],[-86.54933098661974,80.20581651997037],[-86.51333026660534,80.30060074973497],[-86.47012940258806,80.30737105186103],[-85.89411788235766,80.3344522603652],[-85.28930578611573,80.27013439016778],[-83.7844756895138,80.24643833272663],[-82.15004300086002,79.8605311115422],[-81.97003940078802,79.75220627752552],[-81.9772395447909,79.71835476689532],[-81.66763335266707,79.68788840732813],[-81.68923378467571,79.64726659457187],[-81.61723234464691,79.61680023500469],[-81.78283565671315,79.61341508394165],[-81.70363407268147,79.58633387543748],[-81.42282845656915,79.6371111413828],[-80.59481189623794,79.56602296905936],[-80.6452129042581,79.58971902650052],[-80.59481189623794,79.59987447968956],[-79.90359807196145,79.64726659457187],[-79.75239504790098,79.70142901158022],[-80.42920858417169,79.67773295413906],[-80.8252165043301,79.64726659457187],[-81.22842456849138,79.70819931370625],[-81.52363047260947,79.7149696158323],[-81.50923018460371,79.75220627752552],[-81.63163263265267,79.7657468817776],[-81.56683133662675,79.81313899665992],[-81.66043320866419,79.90453807536147],[-81.4012280245605,79.9383895859917],[-82.17164343286866,80.01286290937816],[-83.20126402528052,80.31752650505007],[-82.03484069681394,80.39877013056258],[-80.36440728814577,80.46308800076],[-80.29240584811697,80.48678405820115],[-80.35720714414289,80.50032466245324],[-80.15560311206225,80.52740587095741],[-78.06036120722416,80.56464253265062],[-78.03156063121264,80.59510889221784],[-78.41316826336528,80.6086494964699],[-79.9611992239845,80.61541979859595],[-78.5859717194344,80.77113674749492],[-77.64275285505711,80.82868431556628],[-76.51233024660495,80.85576552407045],[-76.4907298145963,80.87607643044859],[-76.62033240664815,80.89977248788975],[-77.16754335086704,80.88623188363766],[-77.54915098301967,80.91331309214183],[-78.86677733554673,80.85238037300743],[-78.93157863157265,80.87607643044859],[-78.85957719154385,80.92346854533088],[-78.93157863157265,80.9911715665913],[-78.49956999139984,81.09272609848196],[-78.39156783135664,81.14350336442726],[-78.46356927138544,81.16042911974236],[-78.16116322326448,81.19428063037259],[-77.61395227904559,81.31953121970437],[-76.9587391747835,81.39400454309083],[-76.7787355747115,81.44478180903616],[-78.2259645192904,81.2924500112002],[-78.67237344746896,81.19089547930957],[-78.75157503150064,81.13673306230123],[-78.6939738794776,81.11980730698613],[-78.81637632752656,81.10626670273405],[-78.93877877557553,81.09949640060799],[-79.50039000780016,81.19428063037259],[-79.089981799636,81.09611124954498],[-79.25558511170225,81.05887458785173],[-79.3419868397368,80.99794186871736],[-79.1619832396648,80.96747550915015],[-79.26278525570513,80.92346854533088],[-79.42118842376848,80.91669824320485],[-79.43558871177424,80.8794615815116],[-79.61559231184624,80.81852886237724],[-80.91881837636754,80.65604161135221],[-82.35164703294068,80.5578722305246],[-83.09326186523731,80.5409464752095],[-83.16526330526612,80.55110192839854],[-83.16526330526612,80.57818313690271],[-83.07886157723155,80.64588615816314],[-82.21484429688594,80.72035948154962],[-81.7612352247045,80.81175856025118],[-81.99883997679954,80.82868431556628],[-82.56765135302707,80.74067038792774],[-83.35966719334388,80.6865079709194],[-83.53967079341588,80.7034337262345],[-83.532470649413,80.72374463261264],[-83.5684713694274,80.74067038792774],[-83.1364627292546,80.81852886237724],[-83.25886517730356,80.83883976875535],[-83.66927338546772,80.75082584111681],[-83.86367727354548,80.75759614324284],[-83.77727554551092,80.74067038792774],[-83.83487669753396,80.72035948154962],[-83.71967439348788,80.63573070497407],[-83.84207684153684,80.54433162627251],[-85.06610132202646,80.50370981351625],[-85.86531730634614,80.53417617308344],[-85.56291125822517,80.61880494965897],[-86.08132162643254,80.52740587095741],[-86.73653473069463,80.59849404328085],[-86.51333026660534,80.73051493473866],[-85.7717154343087,80.95054975383505],[-84.99409988199766,81.04194883253663],[-84.77089541790836,81.02840822828455],[-82.82685653713075,81.12319245804915],[-82.36604732094644,81.1807400261205],[-85.60611212224245,81.05548943678872],[-86.3117262345247,80.940394300646],[-87.07494149882999,80.72374463261264],[-87.2117442348847,80.63911585603711],[-87.45654913098264,80.62896040284804],[-88.4069681393628,80.71697433048658],[-89.33578671573433,80.85915067513349],[-89.46538930778617,80.92008339426786],[-88.5869717394348,80.99794186871736],[-87.44934898697976,80.97763096233922],[-86.67173343466871,81.00471217084339],[-86.0597211944239,81.08257064529289],[-85.83651673033462,81.07580034316683],[-85.9157183143663,81.09949640060799],[-85.88691773835478,81.11980730698613],[-84.74929498589972,81.28906486013719],[-85.28210564211285,81.28906486013719],[-86.07412148242966,81.20782123462467],[-86.44132882657654,81.12657760911216],[-87.37734754695094,81.0690300410408],[-88.34216684333688,81.0690300410408],[-89.6309926198524,81.0080973219064],[-89.99819996399928,81.03179337934756],[-90.19980399607994,81.0690300410408],[-90.35100702014041,81.16719942186842],[-89.99819996399928,81.24167274525487],[-89.49418988379769,81.20782123462467],[-88.9469789395788,81.24505789631792],[-89.33578671573433,81.24167274525487],[-89.954999099982,81.32968667289344],[-89.02618052361048,81.45832241328824],[-88.82457649152984,81.45493726222523],[-88.92537850757016,81.48540362179241],[-88.71657433148664,81.51248483029659],[-87.98215964319287,81.53618088773774],[-87.91735834716695,81.50909967923357],[-87.2477449548991,81.48878877285543],[-88.30616612332248,81.58018785155701],[-88.99737994759896,81.53956603880076],[-89.99819996399928,81.41770060053199],[-90.44460889217785,81.36692333458666],[-90.55261105222105,81.38384908990179],[-90.48780975619513,81.39738969415387],[-90.85501710034201,81.44478180903616],[-89.58779175583513,81.62080966431327],[-90.09180183603674,81.62419481537628],[-90.0342006840137,81.64789087281744],[-90.29340586811738,81.69866813876274],[-90.3582071641433,81.68512753451066],[-90.29340586811738,81.64112057069138],[-90.71821436428729,81.66820177919556],[-90.99181983639674,81.61742451325026],[-91.0062201244025,81.60049875793513],[-90.96301926038522,81.56326209624191],[-91.07102142042842,81.53618088773774],[-91.14302286045722,81.55649179411586],[-91.44542890857818,81.52602543454867],[-91.40942818856378,81.54633634092679],[-91.44542890857818,81.58357300262003],[-91.89903798075963,81.61742451325026],[-91.94943898877979,81.63773541962837],[-91.86303726074523,81.64112057069138],[-91.95663913278267,81.65804632600651],[-91.76943538870779,81.66481662813254],[-91.81263625272507,81.67497208132161],[-91.74063481269627,81.6885126855737],[-91.7262345246905,81.72574934726691],[-91.48862977259546,81.76975631108621],[-91.03502070041402,81.76298600896016],[-91.1502230044601,81.79683751959038],[-91.04942098841978,81.82730387915757],[-90.33660673213465,81.89162174935495],[-89.99819996399928,81.89839205148101],[-89.7029940598812,81.91531780679611],[-89.7389947798956,81.895006900418],[-89.6309926198524,81.85777023872475],[-89.33578671573433,81.80699297277943],[-89.35018700374009,81.82391872809455],[-89.14858297165944,81.89162174935495],[-89.40058801176025,81.90854750467008],[-89.42218844376889,81.91531780679611],[-89.40058801176025,81.93224356211121],[-89.00458009160184,81.91531780679611],[-88.9829796595932,81.9457841663633],[-89.054981099622,81.98640597911955],[-89.0189803796076,81.99656143230862],[-88.07576151523031,82.10488626632531],[-87.3557471149423,82.06764960463207],[-87.1757435148703,82.01348718762372],[-87.31254625092502,81.96609507274144],[-86.76533530670615,81.89162174935495],[-86.73653473069463,81.90177720254403],[-86.83733674673495,81.9288584110482],[-87.13254265085303,81.96948022380445],[-86.84453689073783,81.98640597911955],[-87.01014020280407,82.03041294293882],[-86.79413588271767,82.057494151443],[-86.1677233544671,82.0405683961279],[-85.41890837816757,81.85777023872475],[-85.36850737014741,81.86115538978777],[-85.39730794615893,81.88146629616591],[-85.72851457029142,81.98302082805654],[-85.56291125822517,82.00333173443468],[-85.18850377007541,81.99317628124561],[-85.0157003140063,81.91870295785913],[-84.792495849917,81.88146629616591],[-85.06610132202646,81.98640597911955],[-84.88609772195446,81.9897911301826],[-84.81409628192564,81.96948022380445],[-84.81409628192564,81.9288584110482],[-84.63409268185364,81.88485144722893],[-84.60529210584212,81.89162174935495],[-84.69169383387668,81.92208810892217],[-84.72769455389108,81.97625052593051],[-84.92929858597174,82.02025748974978],[-86.63573271465431,82.12519717270342],[-86.87333746674935,82.20305564715292],[-85.66371327426549,82.24029230884616],[-85.36850737014741,82.28091412160242],[-85.49090981819637,82.31815078329564],[-85.41890837816757,82.3452319917998],[-85.53411068221365,82.3452319917998],[-85.51251025020501,82.40277955987116],[-85.90851817036342,82.43663107050139],[-85.04450089001782,82.48063803432066],[-84.64129282585652,82.46709743006858],[-84.63409268185364,82.4400162215644],[-84.9436988739775,82.42647561731232],[-84.44688893777877,82.38585380455606],[-84.34608692173845,82.35200229392586],[-83.9644792895858,82.36892804924096],[-83.51807036140724,82.31815078329564],[-83.36686733734676,82.27752897053938],[-83.34526690533812,82.22675170459408],[-82.97805956119123,82.13873777695551],[-82.97085941718835,82.09811596419925],[-83.11486229724595,82.06426445356905],[-82.28684573691476,82.06764960463207],[-81.87643752875059,82.03718324506488],[-82.02044040880818,82.08119020888415],[-82.67565351307027,82.10827141738832],[-82.73325466509331,82.14889323014458],[-83.01406028120563,82.21998140246802],[-83.02846056921139,82.27752897053938],[-82.65405308106163,82.28091412160242],[-81.91963839276787,82.15566353227064],[-80.63801276025522,82.01687233868674],[-80.5732114642293,81.9897911301826],[-80.08360167203345,81.97286537486747],[-79.56519130382608,81.82391872809455],[-79.22678453569073,81.8171484259685],[-79.67319346386928,81.9288584110482],[-79.7091941838837,81.96270992167842],[-79.91799835996721,81.98640597911955],[-79.8531970639413,82.02025748974978],[-80.7892157843157,82.07780505782114],[-80.97641952839058,82.12519717270342],[-80.86841736834738,82.15566353227064],[-81.62443248864979,82.19967049608991],[-82.68285365707315,82.37231320030398],[-82.72605452109043,82.40954986199722],[-82.49564991299827,82.50771924282483],[-81.47322946458931,82.49756378963576],[-81.96283925678514,82.52803014920298],[-82.3444468889378,82.59573317046338],[-82.39484789695796,82.61604407684152],[-82.37324746494932,82.63974013428268],[-81.97003940078802,82.66682134278685],[-81.35802716054322,82.61942922790453],[-80.89001780035602,82.53141530026599],[-80.58041160823218,82.54157075345503],[-81.13482269645394,82.70405800448006],[-81.50923018460371,82.76499072361446],[-81.58843176863539,82.80222738530767],[-81.40842816856339,82.82930859381185],[-80.37880757615153,82.78868678105559],[-80.14120282405649,82.72098375979516],[-80.18440368807377,82.69390255129102],[-80.16280325606513,82.68036194703893],[-79.86039720794417,82.64312528534569],[-79.82439648792977,82.65666588959778],[-79.98279965599313,82.69051740022798],[-79.8891977839557,82.7074431555431],[-79.20518410368209,82.66682134278685],[-78.52117042340848,82.67697679597589],[-79.62279245584912,82.72775406192122],[-79.8891977839557,82.7582204214884],[-79.9971999439989,82.80222738530767],[-79.67319346386928,82.82592344274883],[-80.15560311206225,82.8360788959379],[-80.39320786415729,82.87670070869416],[-80.42920858417169,82.89362646400926],[-80.14840296805937,82.93424827676552],[-79.45718914378288,82.97487008952177],[-79.17638352767057,82.95117403208062],[-79.21958439168785,82.93424827676552],[-79.03958079161585,82.87331555763114],[-78.67237344746896,82.94440372995459],[-78.50677013540272,82.91393737038737],[-78.55717114342288,82.85977495337906],[-78.53557071141424,82.84623434912697],[-78.4059681193624,82.87331555763114],[-78.14676293525872,82.82253829168582],[-78.10356207124144,82.83269374487489],[-78.24036480729616,82.86654525550509],[-78.01716034320688,82.85638980231602],[-78.11076221524432,82.89362646400926],[-77.81555631112623,82.92409282357644],[-77.13154263085264,82.86316010444207],[-76.92993859877198,82.79207193211863],[-76.9587391747835,82.7751461768035],[-76.76433528670574,82.75145011936237],[-76.56993139862799,82.66682134278685],[-75.89311786235726,82.59234801940036],[-76.20992419848398,82.50771924282483],[-76.26032520650415,82.46709743006858],[-76.23152463049261,82.44340137262742],[-75.66991339826798,82.58557771727433],[-75.39630792615854,82.61604407684152],[-76.2387247744955,82.71082830660612],[-76.31072621452431,82.75145011936237],[-75.97951959039182,82.78530162999257],[-76.44752895057903,82.79884223424466],[-76.74993499869998,82.89362646400926],[-77.34754695093903,82.97148493845876],[-77.38354767095343,82.99518099589989],[-77.1819436388728,83.03241765759313],[-77.13874277485552,83.01210675121501],[-76.60593211864239,83.00872160015197],[-76.02992059841198,83.05611371503429],[-75.25230504610093,83.01549190227803],[-74.95709914198285,83.04595826184521],[-74.43868877377548,83.0256473554671],[-74.02108042160845,82.95794433420667],[-73.81947638952781,82.853004651253],[-72.63145262905259,82.69390255129102],[-72.50185003700075,82.7243689108582],[-73.14986299725996,82.79545708318165],[-73.37306746134924,82.84284919806393],[-73.3514670293406,82.85638980231602],[-73.43066861337228,82.89362646400926],[-73.65387307746155,82.92747797463946],[-73.19306386127724,83.02226220440406],[-72.90505810116204,83.04934341290823],[-72.99865997319948,83.0594988660973],[-72.65305306106123,83.09673552779054],[-71.60903218064362,83.09673552779054],[-71.77463549270986,83.03241765759313],[-71.78183563671274,83.00195129802594],[-71.56583131662634,82.94101857889154],[-70.87461749234986,82.88008585975717],[-71.50103002060042,83.00872160015197],[-71.09782195643915,83.06965431928637],[-71.11942238844779,83.0933503767275],[-70.8602172043441,83.07980977247541],[-70.88901778035562,83.09673552779054],[-70.80261605232106,83.10350582991657],[-69.66499329986601,83.10689098097959],[-69.72979459589193,83.08996522566449],[-69.66499329986601,83.06965431928637],[-69.77299545990921,83.04934341290823],[-69.44898897977961,83.03580280865614],[-69.65059301186025,82.99179584483687],[-69.0169803396068,83.03918795971919],[-68.97377947558952,83.02903250653011],[-68.9809796195924,82.9816403916478],[-68.46976939538791,83.00872160015197],[-68.1529630592612,82.99179584483687],[-68.1889637792756,82.94440372995459],[-68.14576291525832,82.93424827676552],[-67.54095081901639,82.96132948526969],[-67.19534390687815,82.93763342782853],[-67.04414088281767,82.96132948526969],[-66.94333886677735,82.95117403208062],[-66.97933958679175,82.93424827676552],[-66.95773915478311,82.92747797463946],[-66.77773555471111,82.95117403208062],[-66.33132662653254,82.93424827676552],[-66.38892777855558,82.91732252145042]]]]}},{"type":"Feature","properties":{"name":"Northwest Territories","cartodb_id":13,"created_at":"2014-10-16T13:22:00Z","updated_at":"2014-10-16T13:22:00Z"},"geometry":{"type":"MultiPolygon","coordinates":[[[[-109.98579971599433,77.92422470349405],[-110.22340446808937,77.89375834392686],[-110.89301786035722,77.85652168223362],[-110.88581771635434,77.81928502054038],[-110.65541310826217,77.758352301406],[-110.10820216404329,77.7752780567211],[-110.07940158803177,77.758352301406],[-110.11540230804617,77.69403443120859],[-110.04340086801737,77.63648686313724],[-110.16580331606633,77.60602050357005],[-110.07940158803177,77.56201353975078],[-110.22340446808937,77.50446597167942],[-110.87861757235146,77.41306689297784],[-111.27462549250986,77.42322234616691],[-112.05944118882378,77.32166781427625],[-112.41224824496491,77.35551932490648],[-112.50585011700235,77.38260053341065],[-112.59945198903979,77.4536887057341],[-112.79385587711755,77.44014810148201],[-112.95945918918379,77.4706144610492],[-113.00986019720395,77.51123627380545],[-113.19706394127883,77.52477687805754],[-113.2402648052961,77.58570959719194],[-113.08906178123563,77.61956110782214],[-113.25466509330187,77.66356807164141],[-113.20426408528171,77.68726412908256],[-113.22586451729035,77.7245007907758],[-113.18986379727595,77.73804139502789],[-113.3194663893278,77.79558896309925],[-113.21146422928459,77.90729894817895],[-112.99545990919819,77.89037319286385],[-112.91625832516651,77.92760985455706],[-112.41224824496491,78.00208317794355],[-111.92983859677194,78.01900893325865],[-111.80743614872299,78.04947529282583],[-111.7282345646913,78.02577923538468],[-111.09462189243786,78.0934822566451],[-110.8642172843457,78.06301589707792],[-110.54741094821897,78.10702286089719],[-109.98579971599433,78.10025255877116],[-109.98579971599433,77.92422470349405]]],[[[-110.00740014800297,74.83358178295563],[-110.06500130002601,74.81665602764053],[-110.34580691613833,74.84712238720772],[-110.41060821216425,74.82342632976656],[-110.31700634012681,74.79634512126239],[-110.66261325226505,74.78957481913636],[-110.59781195623913,74.70833119362385],[-111.67783355667115,74.49168152559048],[-112.54185083701675,74.410437900078],[-113.47066941338828,74.42059335326704],[-113.69387387747756,74.44767456177121],[-114.29868597371949,74.6033915106702],[-114.44268885377709,74.66432422980458],[-114.39228784575693,74.70833119362385],[-113.70827416548332,74.83019663189262],[-113.20426408528171,74.8437372361447],[-113.3194663893278,74.88097389783795],[-112.86585731714635,74.97575812760252],[-112.0162403248065,75.00283933610669],[-111.74983499669995,74.98252842972857],[-111.54823096461931,75.01299478929576],[-111.48342966859337,75.04684629992599],[-111.56983139662795,75.06038690417807],[-111.30342606852138,75.07392750843016],[-111.28902578051562,75.09085326374526],[-111.35382707654153,75.11116417012337],[-111.26742534850698,75.10439386799735],[-111.02982059641194,75.17209688925777],[-111.06582131642634,75.18902264457287],[-111.00102002040042,75.22287415520307],[-110.92181843636874,75.22287415520307],[-111.06582131642634,75.27026627008539],[-111.23142462849258,75.26349596795933],[-111.38982779655593,75.18225234244682],[-111.60583211664235,75.16532658713172],[-111.57703154063083,75.1450156807536],[-111.6922338446769,75.1450156807536],[-111.7642352847057,75.18563749350986],[-111.90103802076042,75.13147507650152],[-112.41224824496491,75.12470477437546],[-112.46984939698795,75.1450156807536],[-112.41224824496491,75.15855628500569],[-112.29704594091882,75.19917809776194],[-112.39064781295626,75.20933355095099],[-112.3402468049361,75.22287415520307],[-112.41224824496491,75.2397999105182],[-112.46264925298507,75.21948900414006],[-112.43384867697355,75.18563749350986],[-112.59225184503691,75.18225234244682],[-112.63545270905419,75.20594839988797],[-112.59225184503691,75.24995536370724],[-112.67865357307147,75.27703657221141],[-112.65705314106283,75.26688111902237],[-112.71465429308587,75.2567256658333],[-112.73625472509451,75.20256324882496],[-112.68585371707435,75.17209688925777],[-112.70025400508011,75.13824537862754],[-112.80825616512331,75.11454932118642],[-113.03866077321547,75.09423841480827],[-113.13226264525291,75.1450156807536],[-113.17546350927019,75.09085326374526],[-113.25466509330187,75.07731265949317],[-113.93867877357548,75.05700175311503],[-113.97467949358987,75.09762356587129],[-113.9314786295726,75.14163052969059],[-113.65067301346028,75.18563749350986],[-113.9314786295726,75.17209688925777],[-113.80907618152364,75.32781383815674],[-113.3194663893278,75.41921291685833],[-113.47066941338828,75.43275352111041],[-113.90267805356108,75.37520595303903],[-113.98907978159563,75.44967927642551],[-114.06828136562731,75.46660503174061],[-114.09708194163883,75.41244261473227],[-114.0394807896158,75.36166534878694],[-114.16908338166765,75.22625930626612],[-114.28428568571373,75.23641475945516],[-114.51469029380588,75.31427323390466],[-114.6154923098462,75.2736514211484],[-114.44268885377709,75.2567256658333],[-114.29868597371949,75.1788671913838],[-114.39228784575693,75.09085326374526],[-114.94669893397868,74.96898782547649],[-115.19870397407949,74.9892987318546],[-115.22750455009101,75.06377205524109],[-115.16990339806797,75.10777901906036],[-115.25630512610253,75.1788671913838],[-115.27790555811117,75.14163052969059],[-115.40750815016301,75.09762356587129],[-115.67391347826957,75.13824537862754],[-115.59471189423789,75.11793447224943],[-115.60911218224365,75.09762356587129],[-115.53711074221485,75.02653539354785],[-115.68831376627533,74.96560267441347],[-116.25712514250286,75.05700175311503],[-116.04112082241645,75.12131962331244],[-116.32192643852878,75.10439386799735],[-116.2427248544971,75.16871173819473],[-116.2427248544971,75.20256324882496],[-116.30032600652014,75.20256324882496],[-116.55953119062383,75.1788671913838],[-116.69633392667853,75.11793447224943],[-117.45954919098384,75.18902264457287],[-117.6827536550731,75.25334051477029],[-117.66115322306447,75.29734747858956],[-117.55315106302126,75.31088808284164],[-117.57475149502991,75.33796929134581],[-117.45234904698094,75.39890201048019],[-117.22194443888878,75.47676048492968],[-115.9907198143963,75.48691593811876],[-115.61631232624653,75.57831501682031],[-115.27070541410829,75.59524077213541],[-115.28510570211405,75.61893682957657],[-115.27070541410829,75.63586258489167],[-114.99709994199885,75.69679530402607],[-115.71711434228685,75.64263288701773],[-116.12032240644814,75.57154471469428],[-116.86193723874479,75.56477441256823],[-117.2507450149003,75.58508531894637],[-117.01314026280527,75.73741711678232],[-116.81873637472751,75.79496468485368],[-116.03392067841358,75.80850528910577],[-115.74591491829837,75.85589740398805],[-115.59471189423789,75.83220134654692],[-114.98269965399308,75.85251225292504],[-114.7954959099182,75.8931340656813],[-116.10592211844238,75.86266770611411],[-116.65313306266125,75.88636376355524],[-116.72513450269005,75.90667466993338],[-116.72513450269005,75.95068163375265],[-116.4587291745835,75.97437769119381],[-116.52353047060942,76.00145889969798],[-116.50193003860079,76.02515495713911],[-116.70353407068143,76.0386955613912],[-116.6387327746555,76.11316888477768],[-116.51633032660655,76.15717584859695],[-116.16352327046542,76.1977976613532],[-114.78829576591532,76.15040554647092],[-114.68029360587212,76.163946150723],[-115.28510570211405,76.23503432304645],[-115.82511650233005,76.23841947410946],[-115.9187183743675,76.28242643792873],[-115.84671693433869,76.32304825068499],[-115.91151823036462,76.34674430812615],[-115.50111002220045,76.45506914214283],[-115.0187003740075,76.47538004852095],[-114.89629792595852,76.5160018612772],[-114.70189403788076,76.5160018612772],[-114.75229504590092,76.48892065277303],[-114.46428928578572,76.50246125702512],[-114.11868237364747,76.43475823576469],[-114.10428208564171,76.35689976131522],[-114.17628352567053,76.34335915706313],[-113.98187963759275,76.26211553155062],[-114.06108122162443,76.21810856773132],[-113.98187963759275,76.19102735922718],[-113.32666653333068,76.26211553155062],[-113.00266005320107,76.26888583367665],[-112.89465789315787,76.25534522942456],[-112.83705674113483,76.2147234166683],[-112.42664853297067,76.16733130178602],[-112.527450549011,76.10301343158861],[-112.41224824496491,76.04208071245424],[-112.04504090081802,75.99807374863497],[-111.7282345646913,75.92021527418547],[-112.07384147682954,75.87282315930315],[-112.22504450089002,75.81189044016878],[-111.45462909258185,75.83558649760994],[-111.4762295245905,75.81189044016878],[-111.59143182863659,75.80850528910577],[-111.4402288045761,75.77803892953858],[-111.45462909258185,75.74080226784534],[-111.35382707654153,75.72387651253024],[-111.4042280845617,75.68325469977398],[-111.37542750855017,75.64601803808074],[-111.4042280845617,75.61555167851355],[-111.35382707654153,75.57154471469428],[-111.2962259245185,75.57154471469428],[-111.31782635652714,75.54446350619011],[-111.27462549250986,75.52415259981197],[-110.49700994019881,75.56815956363124],[-110.38900778015561,75.53430805300104],[-110.00740014800297,75.53430805300104],[-110.00740014800297,74.83358178295563]]],[[[-110.02180043600873,72.44366513246263],[-110.02900058001161,69.99620091389826],[-112.48424968499371,69.99281576283525],[-112.47704954099083,69.8912612309446],[-112.61385227704555,69.89464638200761],[-112.65705314106283,69.83371366287324],[-112.86585731714635,69.8404839649993],[-112.88745774915499,69.9894306117722],[-117.08514170283406,69.99958606496128],[-117.12114242284846,69.8912612309446],[-116.51633032660655,69.633989750155],[-116.86193723874479,69.63737490121801],[-116.84753695073903,69.64753035440708],[-117.2507450149003,69.75585518842374],[-117.43074861497232,69.99620091389826],[-117.2507450149003,70.07405938834773],[-117.01314026280527,70.11806635216703],[-115.91151823036462,70.22977633724673],[-114.5434908698174,70.31440511382226],[-114.2194843896878,70.31440511382226],[-113.68667373347468,70.26362784787693],[-113.33386667733356,70.27716845212902],[-112.56345126902539,70.19930997767955],[-112.52025040500811,70.20608027980558],[-112.57785155703115,70.21623573299465],[-112.54185083701675,70.23654663937276],[-112.39064781295626,70.22639118618369],[-112.3402468049361,70.23654663937276],[-112.3762475249505,70.2568575457509],[-112.13864277285546,70.27039815000299],[-112.28264565291306,70.30086450957018],[-111.92983859677194,70.25347239468786],[-111.4402288045761,70.2907090563811],[-111.5842316846337,70.30086450957018],[-111.49062981259625,70.32456056701133],[-111.53383067661353,70.34825662445246],[-111.9802396047921,70.37195268189362],[-112.16744334886698,70.4972032712254],[-112.40504810096202,70.50735872441447],[-112.44824896497931,70.53443993291864],[-112.527450549011,70.5141290265405],[-112.70745414908299,70.56829144354884],[-112.85145702914059,70.56829144354884],[-112.88025760515211,70.53782508398166],[-113.08906178123563,70.6089132563051],[-113.18266365327307,70.60214295417907],[-113.20426408528171,70.64276476693533],[-113.51387027740556,70.67661627756553],[-113.59307186143724,70.64614991799834],[-113.93867877357548,70.71385293925877],[-114.16908338166765,70.66307567331344],[-114.40668813376269,70.67323112650251],[-114.64429288585772,70.62245386055719],[-115.40030800616013,70.60552810524209],[-115.58031160623213,70.57167659461186],[-115.70271405428109,70.59875780311603],[-116.0555211104222,70.57167659461186],[-116.21392427848558,70.60214295417907],[-116.1707234144683,70.6258390116202],[-116.36512730254606,70.63937961587229],[-116.89793795875917,70.59875780311603],[-117.33714674293486,70.59875780311603],[-117.37314746294928,70.6258390116202],[-117.5459509190184,70.59537265205302],[-117.72595451909038,70.64276476693533],[-117.74035480709614,70.65969052225043],[-117.71155423108462,70.69354203288063],[-117.73315466309327,70.71046778819576],[-118.11476229524591,70.81202232008638],[-118.30916618332367,70.89665109666191],[-118.41716834336688,70.99820562855254],[-117.84835696713935,71.15730772851455],[-116.84033680673613,71.24870680721614],[-116.79713594271885,71.28594346890935],[-116.2067241344827,71.36380194335885],[-116.07712154243086,71.36718709442187],[-116.14912298245966,71.3401058859177],[-115.76031520630413,71.36718709442187],[-115.72431448628973,71.38072769867395],[-115.78911578231565,71.39765345398905],[-116.22112442248846,71.42473466249322],[-115.73871477429549,71.50259313694272],[-115.75311506230125,71.48228223056458],[-115.62351247024941,71.4992079858797],[-115.37870757415149,71.44843071993438],[-115.0547010940219,71.52290404332084],[-115.44350887017741,71.48905253269064],[-115.55871117422349,71.50936343906875],[-115.45790915818317,71.5330594965099],[-115.70991419828397,71.55675555395106],[-117.38034760695214,71.38411284973697],[-117.41634832696656,71.39088315186302],[-117.38034760695214,71.45520102206041],[-117.4739494789896,71.45520102206041],[-117.44514890297808,71.47551192843855],[-117.56035120702415,71.4992079858797],[-117.63235264705295,71.46197132418646],[-117.48114962299246,71.43150496461928],[-117.5387507750155,71.37395739654792],[-117.71875437508751,71.4010386050521],[-117.77635552711055,71.36718709442187],[-118.11476229524591,71.37395739654792],[-118.28036560731215,71.40442375611511],[-118.31636632732656,71.43827526674531],[-118.28756575131504,71.48228223056458],[-118.05716114322287,71.54321494969898],[-117.76915538310766,71.52290404332084],[-117.83395667913359,71.55337040288805],[-117.65395307906158,71.57029615820315],[-117.88435768715375,71.61430312202242],[-117.95635912718255,71.59737736670732],[-117.97075941518831,71.6278437262745],[-117.70435408708175,71.67185069009378],[-118.02836056721135,71.67185069009378],[-118.17236344726895,71.6278437262745],[-118.17956359127183,71.59737736670732],[-118.40996819936399,71.57706646032918],[-118.38836776735536,71.62107342414848],[-118.56837136742735,71.6616952369047],[-118.85637712754256,71.6616952369047],[-118.90677813556272,71.61430312202242],[-118.8779775595512,71.57706646032918],[-119.05078101562032,71.6278437262745],[-119.13718274365488,71.76663491985838],[-119.08678173563473,71.90881126450526],[-118.92837856757136,72.00021034320685],[-118.72677453549072,72.06114306234122],[-118.71957439148784,72.11530547934956],[-118.589971799436,72.17623819848396],[-118.11476229524591,72.2304006154923],[-118.14356287125743,72.32856999631991],[-118.48916978339568,72.35226605376104],[-118.589971799436,72.41658392395846],[-118.53957079141583,72.49444239840795],[-118.19396387927759,72.62984844092881],[-117.86995739914799,72.70093661325225],[-117.35154703094062,72.9175862812856],[-116.94113882277647,72.95482294297884],[-116.57393147862959,73.05299232380645],[-114.56509130182604,73.37458167479349],[-114.22668453369069,73.3170341067221],[-114.01788035760715,73.2053241216424],[-113.95307906158124,73.12408049612989],[-114.05388107762155,72.9615932451049],[-114.01788035760715,72.92435658341165],[-114.05388107762155,72.87357931746632],[-113.967479349587,72.81264659833195],[-114.22668453369069,72.79572084301685],[-114.34908698173965,72.74832872813454],[-114.327486549731,72.68739600900017],[-114.24828496569933,72.68739600900017],[-114.60829216584332,72.60276723242464],[-114.55069101382028,72.58584147710951],[-114.55789115782316,72.56214541966838],[-114.34908698173965,72.55876026860534],[-114.32028640572813,72.58922662817255],[-114.06108122162443,72.64000389411785],[-113.8954779095582,72.660314800496],[-113.80907618152364,72.64000389411785],[-113.51387027740556,72.70093661325225],[-113.72987459749196,72.61630783667673],[-113.70107402148044,72.60276723242464],[-113.44186883737676,72.67385540474808],[-113.41306826136524,72.73478812388245],[-113.60027200544012,72.7550990302606],[-113.60027200544012,72.78218023876477],[-113.30506610132204,72.94805264085281],[-113.00986019720395,73.00898535998718],[-112.51305026100523,72.95143779191582],[-112.36184723694474,72.90404567703351],[-112.05944118882378,72.89050507278142],[-111.2242244844897,72.72124751963037],[-111.20262405248106,72.67047025368507],[-111.27462549250986,72.56891572179441],[-111.49062981259625,72.504597851597],[-111.4402288045761,72.4876720962819],[-111.56263125262507,72.43012452821054],[-111.9082381647633,72.34888090269803],[-111.81463629272587,72.32179969419386],[-111.64183283665675,72.34888090269803],[-111.64903298065963,72.31841454313084],[-111.7282345646913,72.30148878781574],[-111.71383427668555,72.27440757931157],[-111.78583571671435,72.22363031336624],[-111.7642352847057,72.19993425592509],[-111.6562331246625,72.29471848568969],[-111.42582851657033,72.33872544950896],[-111.57703154063083,72.33872544950896],[-111.60583211664235,72.36580665801313],[-111.35382707654153,72.4538205856517],[-111.23142462849258,72.46397603884077],[-111.20262405248106,72.46059088777773],[-111.24582491649834,72.43350967927356],[-111.3682273645473,72.40304331970637],[-111.28182563651274,72.39627301758034],[-111.36102722054441,72.342110600572],[-111.23862477249546,72.36580665801313],[-111.02982059641194,72.2811778814376],[-111.09462189243786,72.40304331970637],[-110.98661973239466,72.43350967927356],[-110.99381987639754,72.47751664309286],[-110.79941598831978,72.47413149202981],[-110.8282165643313,72.52490875797514],[-110.69861397227946,72.57568602392047],[-110.47540950819017,72.55198996647931],[-110.605012100242,72.49444239840795],[-110.35300706014121,72.42673937714753],[-110.30980619612393,72.43350967927356],[-110.53301066021321,72.50121270053398],[-110.38180763615273,72.55537511754233],[-110.05060101202025,72.43350967927356],[-110.02180043600873,72.44366513246263]]],[[[-102.00084001680034,59.999849824796485],[-104.26888537770756,59.999849824796485],[-104.70809416188325,59.999849824796485],[-105.54331086621734,59.999849824796485],[-105.86011720234406,59.999849824796485],[-106.04732094641894,59.999849824796485],[-106.25612512250245,59.999849824796485],[-107.11294225884518,59.99307952267043],[-110.00020000400009,59.99646467373347],[-119.97959959199184,59.98969437160741],[-123.81727634552692,59.99307952267043],[-123.87487749754996,60.04047163755274],[-124.02608052161044,60.02354588223761],[-123.97567951359028,60.0980192056241],[-124.19888397767956,60.32820947790955],[-124.20608412168244,60.45684521830435],[-124.41488829776597,60.48054127574551],[-124.45808916178325,60.56855520338405],[-124.61649232984661,60.67010973527468],[-124.61649232984661,60.710731548030935],[-124.47968959379187,60.79197517354345],[-124.5804916098322,60.954462424568476],[-124.81089621792437,60.971388179883576],[-124.87569751395029,60.91722576287523],[-124.8684973699474,60.85967819480388],[-124.99809996199924,60.85967819480388],[-125.18530370607414,60.849522741614805],[-125.37250745014902,60.78181972035438],[-125.71091421828437,60.82582668417368],[-125.88371767435349,60.89691485649712],[-125.95571911438229,60.87660395011898],[-126.00612012240245,60.80213062673252],[-126.10692213844277,60.815671230984606],[-126.11412228244566,60.86306334586689],[-126.20052401048022,60.86306334586689],[-126.2437248744975,60.849522741614805],[-126.21492429848598,60.81905638204762],[-126.25092501850037,60.788590022480435],[-126.39492789855797,60.77504941822835],[-126.51733034660694,60.815671230984606],[-126.6757335146703,60.74458305866116],[-126.75493509870198,60.78181972035438],[-126.82693653873078,60.754738511850206],[-126.88453769075383,60.78181972035438],[-126.87733754675094,60.82921183523669],[-126.92773855477111,60.86306334586689],[-126.89893797875959,60.94092182031639],[-126.94213884277687,61.00185453945076],[-126.93493869877398,61.05940210752212],[-127.05734114682295,61.039091201144004],[-127.10054201084023,61.06955756071119],[-127.01414028280567,61.127105128782546],[-127.02854057081143,61.1508011862237],[-127.00694013880278,61.18465269685393],[-127.05734114682295,61.36406570319406],[-127.12214244284885,61.40130236488727],[-127.14374287485751,61.465620235084685],[-127.28774575491511,61.51978265209303],[-127.54695093901879,61.51301234996697],[-127.97175943518872,61.68904020524408],[-128.0077601552031,61.733047169063354],[-128.0797615952319,61.848142305206096],[-128.19496389927798,61.84475715414305],[-128.28136562731254,61.949696837096724],[-128.38936778735575,61.993703800915995],[-128.37496749935,62.02755531154622],[-128.5477709554191,62.122339541310794],[-128.67737354747095,62.125724692373836],[-128.7637752755055,62.05802167111341],[-128.9869797395948,62.13588014556288],[-129.12378247564953,62.115569239184765],[-129.29658593171865,62.15619105194102],[-129.1957839156783,62.21712377107539],[-129.28218564371286,62.26790103702072],[-129.31098621972438,62.32544860509208],[-129.21738434768696,62.376225871037406],[-129.31098621972438,62.42023283485668],[-129.17418348366968,62.48116555399105],[-129.4189883797676,62.58610523694472],[-129.5701914038281,62.57594978375565],[-129.4909898197964,62.619956747574946],[-129.5269905398108,62.643652805016075],[-129.51979039580792,62.67411916458326],[-129.62779255585113,62.704585524150474],[-129.62779255585113,62.76213309222183],[-129.77179543590873,62.87384307730153],[-129.69979399587993,62.89076883261663],[-129.72859457189145,62.914464890057786],[-129.7069941398828,62.95170155175103],[-129.5989919798396,63.05325608364166],[-129.634992699854,63.08033729214583],[-129.84379687593753,63.087107594271856],[-129.83659673193463,63.11418880277603],[-129.90139802796057,63.198817579351555],[-129.98059961199226,63.2022027304146],[-130.04540090801817,63.269905751675026],[-130.15340306806138,63.26652060061198],[-130.1390027800556,63.31052756443128],[-130.0742014840297,63.337608772935454],[-129.91579831596633,63.37146028356565],[-129.8941978839577,63.45270390907817],[-129.82219644392887,63.48317026864535],[-129.90139802796057,63.571184196283895],[-129.9589991799836,63.58472480053598],[-129.95179903598074,63.615191160103194],[-130.09580191603834,63.632116915418294],[-130.11020220404407,63.665968426048494],[-130.08140162803255,63.68966448348965],[-130.11020220404407,63.703205087741736],[-130.25420508410167,63.665968426048494],[-130.3190063801276,63.69643478561571],[-130.28300566011322,63.737056598371936],[-130.1030020600412,63.76413780687611],[-130.11740234804697,63.80814477069541],[-130.36940738814778,63.84538143238862],[-130.52061041220824,63.93339536002719],[-130.57821156423128,63.92323990683812],[-130.7582151643033,63.98755777703553],[-130.77981559631195,64.00786868341365],[-130.75101502030043,64.04510534510689],[-130.8662173243465,64.04172019404388],[-130.85181703634072,64.07218655361106],[-130.94541890837817,64.13650442380845],[-130.8662173243465,64.18728168975377],[-130.93821876437528,64.21097774719493],[-130.9814196283926,64.26514016420327],[-131.06062121242425,64.27868076845536],[-131.0030200604012,64.32945803440066],[-131.13982279645595,64.42424226416526],[-131.39182783655673,64.46824922798453],[-131.42782855657114,64.41747196203923],[-131.59343186863737,64.37007984715692],[-131.81663633272666,64.37685014928297],[-131.8022360447209,64.43778286841734],[-131.68703374067482,64.49871558755174],[-131.70143402868058,64.53595224924496],[-131.91743834876698,64.58334436412727],[-132.04704094081882,64.69505434920697],[-132.1622432448649,64.701824651333],[-132.37104742094843,64.7796831257825],[-132.57265145302907,64.77291282365644],[-132.6230524610492,64.82707524066478],[-132.4862497249945,64.87108220448408],[-132.50785015700313,64.96586643424865],[-132.33504670093402,65.03356945550908],[-132.3782475649513,65.08434672145441],[-132.53665073301465,65.09450217464348],[-132.5582511650233,65.11819823208461],[-132.5294505890118,65.16220519590391],[-132.57985159703196,65.18928640440808],[-132.7022540450809,65.15543489377785],[-132.78865577311547,65.18928640440808],[-132.71665433308667,65.19944185759712],[-132.7814556291126,65.22990821716434],[-132.5582511650233,65.28407063417265],[-132.52225044500892,65.36192910862215],[-132.32784655693115,65.43301728094559],[-132.2702454049081,65.54811241708833],[-132.17664353287066,65.5921193809076],[-132.28464569291387,65.71736997023939],[-132.57265145302907,65.8493908616972],[-132.52225044500892,65.89678297657952],[-132.33504670093402,65.94756024252484],[-132.3422468449369,65.98141175315504],[-132.50785015700313,65.97802660209203],[-132.54385087701755,66.0220335659113],[-132.60865217304348,66.03218901910037],[-132.86785735714716,65.9103235808316],[-132.997459949199,65.92386418508369],[-132.91105822116444,65.99833750847014],[-132.93985879717596,66.02880386803733],[-133.14866297325946,66.02541871697431],[-133.40786815736317,65.9441750914618],[-133.63107262145243,65.97464145102902],[-133.6022720454409,66.05249992547849],[-133.70307406148123,66.07281083185663],[-133.6742734854697,66.1168177956759],[-133.5662713254265,66.15743960843216],[-133.5734714694294,66.27930504670093],[-133.8254765095302,66.31654170839414],[-133.76787535750717,66.3740892764655],[-133.7534750695014,66.44856259985198],[-133.63107262145243,66.44517744878897],[-133.68867377347547,66.53319137642751],[-133.58787175743515,66.5636577359947],[-133.77507550151003,66.64490136150721],[-133.76067521350427,66.68552317426347],[-133.83987679753596,66.72614498701972],[-133.76067521350427,66.80738861253224],[-133.90467809356187,66.90894314442286],[-134.09188183763675,66.95633525930518],[-134.04868097361947,66.98341646780935],[-133.83267665353307,67.00372737418746],[-136.1655233104662,67.00372737418746],[-136.22312446248924,67.06466009332183],[-136.2015240304806,67.14251856777133],[-136.23752475049503,67.17298492733852],[-136.13672273445468,67.22714734434686],[-136.09352187043743,67.30162066773335],[-136.14392287845757,67.3591682358047],[-136.11512230244605,67.38286429324586],[-136.2087241744835,67.40656035068699],[-136.15832316646333,67.50811488257764],[-136.23752475049503,67.61982486765734],[-136.417528350567,67.65367637828754],[-136.44632892657853,67.71460909742194],[-136.44632892657853,68.87233076097519],[-136.417528350567,68.89941196947936],[-136.0287205744115,68.87233076097519],[-135.79831596631934,68.82155349502989],[-135.72631452629054,68.77416138014758],[-135.517510350207,68.7470801716434],[-135.40230804616093,68.66922169719393],[-135.28710574211485,68.68276230144602],[-135.157503150063,68.65568109294185],[-135.50311006220124,68.83170894821893],[-135.337506750135,68.83509409928197],[-135.62551251025022,68.88587136522727],[-135.24390487809757,68.92649317798353],[-135.17190343806877,68.88587136522727],[-134.977499549991,68.87910106310125],[-134.84789695793916,68.92987832904657],[-134.66789335786717,68.87233076097519],[-134.6246924938499,68.8080128907778],[-134.50229004580092,68.75723562483248],[-134.44468889377788,68.69968805676112],[-134.2214844296886,68.69291775463506],[-134.28628572571452,68.75385047376946],[-134.4086881737635,68.80124258865175],[-134.63189263785276,69.00773680349604],[-134.5382907658153,69.09236558007157],[-134.33668673373467,69.10590618432366],[-134.15668313366268,69.25823798215961],[-133.90467809356187,69.28870434172683],[-133.8614772295446,69.33609645660911],[-133.68867377347547,69.33609645660911],[-133.65987319746395,69.3496370608612],[-133.68867377347547,69.35979251405027],[-133.66707334146685,69.38687372255444],[-133.55187103742077,69.40718462893255],[-133.22066441328826,69.39702917574348],[-133.04786095721914,69.43426583743673],[-133.05506110122204,69.46473219700391],[-132.96865937318748,69.51212431188623],[-132.95425908518172,69.56967187995758],[-132.9902598051961,69.59675308846175],[-132.89665793315868,69.65430065653311],[-132.4142482849657,69.633989750155],[-132.33504670093402,69.68138186503728],[-132.4502490049801,69.65430065653311],[-132.42144842896857,69.6847670161003],[-132.44304886097723,69.7016927714154],[-132.6230524610492,69.68138186503728],[-132.54385087701755,69.74231458417165],[-132.25584511690235,69.77278094373887],[-132.4790495809916,69.73215913098261],[-132.3062461249225,69.73215913098261],[-132.3134462689254,69.71184822460447],[-132.13344266885338,69.68815216716331],[-132.10464209284186,69.72200367779354],[-131.84543690873818,69.76601064161281],[-131.64383287665754,69.86418002244042],[-131.42062841256825,69.90141668413366],[-131.44942898857977,69.91834243944876],[-131.41342826856538,69.955579101142],[-131.24062481249626,69.92849789263784],[-131.20462409248185,69.88449092881856],[-131.2190243804876,69.84386911606231],[-131.18302366047322,69.82355820968417],[-131.1542230844617,69.85402456925138],[-131.18302366047322,69.86418002244042],[-131.16862337246747,69.88110577775552],[-131.08222164443288,69.88449092881856],[-131.0030200604012,70.00297121602429],[-130.9310186203724,70.01989697133942],[-131.01742034840697,70.02666727346545],[-130.89501790035803,70.09775544578889],[-130.89501790035803,70.0672890862217],[-130.71501430028601,70.12483665429306],[-130.75101502030043,70.08082969047379],[-130.7222144442889,70.07744453941078],[-130.65741314826298,70.09775544578889],[-130.65741314826298,70.13499210748213],[-130.4702094041881,70.17222876917538],[-130.52061041220824,70.15868816492329],[-130.535010700214,70.10791089897796],[-130.47740954819096,70.11129605004098],[-130.50621012420248,70.13499210748213],[-130.41260825216506,70.13160695641912],[-130.38380767615354,70.16545846704932],[-130.3262065241305,70.13499210748213],[-130.33340666813336,70.10452574791495],[-130.28300566011322,70.1011405968519],[-130.33340666813336,70.0842148415368],[-130.28300566011322,70.0842148415368],[-130.1678033560671,70.10452574791495],[-130.19660393207863,70.06390393515869],[-130.1678033560671,70.05374848196962],[-130.1030020600412,70.11129605004098],[-130.0742014840297,70.10791089897796],[-130.08140162803255,70.07405938834773],[-129.95179903598074,70.09775544578889],[-129.98779975599513,70.0672890862217],[-129.8941978839577,70.07744453941078],[-129.8581971639433,70.1011405968519],[-129.8509970199404,70.14853271173422],[-129.7861957239145,70.1789990713014],[-129.82939658793177,70.1959248266165],[-129.72859457189145,70.21962088405766],[-129.7429948598972,70.24670209256183],[-129.6709934198684,70.26701299893995],[-129.59179183583672,70.18915452449048],[-129.62779255585113,70.1620733159863],[-129.46218924378488,70.14853271173422],[-129.50539010780216,70.11468120110399],[-129.47658953179064,70.09437029472588],[-129.40458809176184,70.12145150323005],[-129.46218924378488,70.05374848196962],[-129.55579111582233,70.04359302878055],[-129.4981899637993,70.01989697133942],[-130.52061041220824,69.78293639692791],[-130.57821156423128,69.70846307354145],[-130.77981559631195,69.67799671397427],[-130.84461689233785,69.60013823952477],[-130.9310186203724,69.56290157783152],[-131.03902078041563,69.60013823952477],[-131.03902078041563,69.64076005228102],[-131.3342266845337,69.60352339058778],[-131.3342266845337,69.5730570310206],[-131.64383287665754,69.57644218208361],[-131.6654333086662,69.5730570310206],[-131.6582331646633,69.53243521826434],[-131.75903518070362,69.56628672889457],[-132.00384007680154,69.52566491613831],[-132.08304166083323,69.48165795231904],[-132.03984079681595,69.44780644168881],[-132.097441948839,69.45119159275183],[-132.097441948839,69.41734008212163],[-132.14064281285627,69.41395493105861],[-132.097441948839,69.39702917574348],[-132.097441948839,69.36317766511328],[-132.3422468449369,69.31240039916796],[-132.3134462689254,69.24808252897057],[-132.3782475649513,69.30563009704193],[-132.43584871697436,69.29885979491587],[-132.43584871697436,69.25146768003358],[-132.4862497249945,69.2379270757815],[-132.4934498689974,69.160068601332],[-132.51505030100603,69.26162313322266],[-132.54385087701755,69.28193403960077],[-132.71665433308667,69.26500828428567],[-132.83905678113564,69.21761616940336],[-132.82465649312985,69.19053496089919],[-132.90385807716154,69.12283193963879],[-132.83185663713274,69.10590618432366],[-132.90385807716154,69.07205467369346],[-132.88945778915578,68.98065559499187],[-132.9254585091702,68.98742589711793],[-132.94705894117882,69.03820316306323],[-132.9182583651673,69.07543982475647],[-133.01906038120762,69.04497346518929],[-133.09826196523932,69.0652843715674],[-133.19906398127964,69.0314328609372],[-133.19906398127964,68.97727044392886],[-133.24946498929978,68.96372983967677],[-133.2134642692854,68.94341893329866],[-133.23506470129402,68.90956742266843],[-133.33586671733434,68.86556045884916],[-133.40066801336027,68.88248621416426],[-133.37186743734875,68.90956742266843],[-133.4654693093862,68.88925651629032],[-133.4222684453689,68.8587901567231],[-133.48706974139483,68.84863470353406],[-133.4654693093862,68.79447228652572],[-133.05506110122204,68.69291775463506],[-132.9182583651673,68.68953260357205],[-132.93265865317306,68.70984350995019],[-133.15586311726236,68.71999896313923],[-133.26386527730554,68.77754653121062],[-133.1414628292566,68.76739107802155],[-133.24946498929978,68.79785743758873],[-133.33586671733434,68.7910871354627],[-133.37906758135165,68.84524955247102],[-133.23506470129402,68.86217530778615],[-133.11986239724794,68.80462773971479],[-132.93985879717596,68.79447228652572],[-132.96145922918458,68.84524955247102],[-132.93985879717596,68.85540500566009],[-132.70945418908377,68.78770198439966],[-132.73105462109243,68.83170894821893],[-132.4934498689974,68.80124258865175],[-132.42144842896857,68.83509409928197],[-132.39984799695995,68.86556045884916],[-132.55105102102044,68.91633772479449],[-132.4934498689974,68.87571591203823],[-132.6014520290406,68.89264166735333],[-132.66625332506652,68.841864401408],[-132.78865577311547,68.84863470353406],[-132.7022540450809,68.88248621416426],[-132.83185663713274,68.92310802692052],[-132.6734534690694,68.92649317798353],[-132.85345706914137,68.98404074605489],[-132.86785735714716,69.02804770987419],[-132.82465649312985,69.04158831412627],[-132.86785735714716,69.06866952263044],[-132.4934498689974,69.13298739282783],[-132.42144842896857,69.23454192471849],[-132.40704814096281,69.21761616940336],[-132.42144842896857,69.14991314814296],[-132.46464929298588,69.10590618432366],[-132.3854477089542,69.13975769495389],[-132.32064641292826,69.23454192471849],[-132.29184583691674,69.20407556515127],[-132.3422468449369,69.19053496089919],[-132.29184583691674,69.1769943566471],[-132.1982439648793,69.21084586727733],[-132.2342446848937,69.160068601332],[-132.21984439688794,69.1431428460169],[-132.1622432448649,69.24131222684451],[-132.07584151683034,69.22777162259243],[-131.9534390687814,69.26162313322266],[-131.91023820476408,69.30901524810494],[-131.8742374847497,69.31240039916796],[-131.91743834876698,69.28193403960077],[-131.86703734074683,69.28193403960077],[-131.71583431668634,69.39702917574348],[-131.85263705274104,69.36994796723931],[-131.88863777275546,69.40379947786954],[-131.96783935678712,69.40718462893255],[-131.84543690873818,69.4274955353107],[-131.64383287665754,69.42072523318464],[-131.67983359667193,69.45119159275183],[-131.6510330206604,69.47150249912997],[-131.41342826856538,69.43426583743673],[-131.48542970859418,69.40379947786954],[-131.4782295645913,69.35979251405027],[-131.52863057261146,69.32932615448308],[-131.41342826856538,69.3665628161763],[-131.4062281245625,69.41734008212163],[-131.35582711654234,69.42072523318464],[-131.3702274045481,69.45457674381487],[-131.3342266845337,69.44103613956278],[-131.31982639652793,69.49181340550808],[-131.24062481249626,69.40718462893255],[-131.27662553251065,69.49519855657113],[-131.24782495649913,69.49858370763414],[-131.21182423648474,69.38687372255444],[-131.41342826856538,69.29547464385286],[-131.16142322846457,69.39025887361746],[-131.16142322846457,69.49519855657113],[-131.24782495649913,69.58321248420967],[-131.1110222204444,69.51212431188623],[-131.12542250845019,69.36317766511328],[-131.06062121242425,69.50873916082321],[-131.19742394847898,69.5899827863357],[-131.09662193243867,69.61029369271384],[-131.10382207644153,69.5730570310206],[-131.02462049240984,69.46473219700391],[-131.1182223644473,69.32255585235703],[-131.03182063641273,69.37333311830236],[-130.95981919638393,69.47150249912997],[-130.98861977239545,69.5392055203904],[-130.94541890837817,69.5392055203904],[-130.9310186203724,69.42072523318464],[-131.0462209244185,69.33609645660911],[-131.01742034840697,69.30901524810494],[-130.93821876437528,69.38687372255444],[-130.89501790035803,69.38687372255444],[-130.90941818836376,69.32932615448308],[-130.99581991639832,69.26839343534868],[-130.98861977239545,69.2379270757815],[-131.02462049240984,69.21084586727733],[-131.01742034840697,69.13637254389087],[-130.92381847636955,69.13637254389087],[-130.95981919638393,69.16345375239501],[-130.93821876437528,69.2717785864117],[-130.79421588431768,69.34625190979818],[-130.81581631632633,69.38010342042838],[-130.65741314826298,69.43088068637371],[-130.65021300426008,69.45796189487788],[-130.75101502030043,69.45457674381487],[-130.44140882817658,69.58321248420967],[-130.44860897217944,69.61367884377685],[-130.33340666813336,69.68138186503728],[-130.36220724414488,69.69492246928937],[-129.5989919798396,69.82017305862115],[-129.10218204364088,69.8574097203144],[-128.92937858757176,69.9725048564571],[-128.90057801156024,69.9725048564571],[-128.85737714754296,69.955579101142],[-128.90057801156024,69.96234940326804],[-128.90057801156024,69.91495728838575],[-128.95817916358328,69.8912612309446],[-128.93657873157463,69.84386911606231],[-129.16698333966679,69.82355820968417],[-129.1309826196524,69.74908488629771],[-129.15258305166105,69.69492246928937],[-128.9797795955919,69.67461156291125],[-128.92217844356887,69.68815216716331],[-128.97257945158904,69.71184822460447],[-128.95817916358328,69.73215913098261],[-128.79257585151703,69.75585518842374],[-128.5909718194364,69.87095032456648],[-128.32456649132985,69.94880879901595],[-128.31016620332406,70.00635636708734],[-128.3677673553471,70.09437029472588],[-128.34616692333847,70.11806635216703],[-128.10856217124342,70.18238422236442],[-127.51815036300727,70.22300603512068],[-128.02936058721176,70.28732390531809],[-128.11576231524631,70.35841207764153],[-127.95735914718296,70.34825662445246],[-127.91415828316568,70.39564873933477],[-128.19496389927798,70.3854932861457],[-128.13736274725494,70.52428447972957],[-127.99335986719734,70.59198750099],[-127.46054921098423,70.40918934358686],[-127.17254345086903,70.273783301066],[-126.8917378347567,70.00974151815035],[-126.77653553071062,69.97589000752012],[-126.79813596271926,69.94542364795294],[-126.76213524270486,69.92849789263784],[-126.81253625072502,69.90480183519668],[-126.70453409068182,69.76601064161281],[-126.25812516250326,69.52566491613831],[-125.91251825036501,69.40718462893255],[-125.6677133542671,69.39025887361746],[-125.42290845816916,69.31240039916796],[-125.36530730614612,69.34286675873514],[-125.45890917818357,69.3834885714914],[-125.45890917818357,69.41056977999557],[-125.16370327406548,69.38010342042838],[-125.11330226604534,69.41734008212163],[-125.13490269805396,69.43765098849974],[-125.09170183403668,69.45119159275183],[-125.2645052901058,69.44103613956278],[-125.29330586611732,69.47150249912997],[-125.62451249024981,69.41734008212163],[-125.58131162623253,69.47150249912997],[-125.50211004220085,69.47488765019298],[-125.50931018620372,69.49181340550808],[-125.46610932218644,69.51212431188623],[-125.31490629812598,69.49858370763414],[-125.32210644212884,69.52227976507527],[-125.1205024100482,69.48504310338205],[-125.29330586611732,69.54936097357944],[-125.22850457009142,69.58659763527268],[-125.43730874617492,69.61029369271384],[-125.37250745014902,69.61367884377685],[-125.4157083141663,69.63737490121801],[-125.36530730614612,69.69153731822635],[-125.24290485809718,69.6847670161003],[-125.01970039400788,69.73892943310864],[-124.96929938598772,69.72538882885655],[-124.92609852197045,69.64414520334404],[-124.86129722594453,69.68815216716331],[-124.8684973699474,69.71523337566748],[-124.82529650593013,69.71523337566748],[-124.89729794595893,69.74908488629771],[-125.24290485809718,69.75924033948678],[-125.27890557811156,69.80663245436907],[-125.18530370607414,69.8574097203144],[-125.16370327406548,69.79647700118],[-125.05570111402228,69.78970669905397],[-125.01970039400788,69.86418002244042],[-124.89009780195605,69.9386533458269],[-124.63089261785237,69.97927515858316],[-124.68129362587253,70.01989697133942],[-124.76769535390709,69.9725048564571],[-124.85409708194165,69.98604546070919],[-124.7964959299186,70.00974151815035],[-124.9764995299906,70.00635636708734],[-125.1205024100482,69.96911970539409],[-125.11330226604534,69.94203849688992],[-125.20690413808276,69.93188304370085],[-125.18530370607414,70.00974151815035],[-124.99809996199924,70.08082969047379],[-124.98369967399348,70.04020787771753],[-125.0485009700194,70.02328212240243],[-124.99809996199924,70.01989697133942],[-124.86129722594453,70.02666727346545],[-124.95489909798196,70.0334375755915],[-124.832496649933,70.0672890862217],[-124.64529290585813,70.07067423728472],[-124.58769175383509,70.01312666921336],[-124.53009060181205,70.01989697133942],[-124.55889117782357,70.03682272665452],[-124.52289045780915,70.05374848196962],[-124.4364887297746,70.03682272665452],[-124.41488829776597,70.04697817984356],[-124.45088901778036,70.08082969047379],[-124.5804916098322,70.08082969047379],[-124.52289045780915,70.10452574791495],[-124.73889477789557,70.09098514366286],[-124.68129362587253,70.10791089897796],[-124.75329506590133,70.12145150323005],[-124.68129362587253,70.14853271173422],[-124.38608772175445,70.1451475606712],[-124.44368887377749,70.10791089897796],[-124.3644872897458,70.07405938834773],[-124.37888757775156,70.02328212240243],[-124.48688973779477,70.01651182027638],[-124.41488829776597,69.9894306117722],[-124.53729074581491,69.96234940326804],[-124.4364887297746,69.95219395007899],[-124.44368887377749,69.92172759051178],[-124.5084901698034,69.90141668413366],[-124.40048800976021,69.8574097203144],[-124.50129002580053,69.78293639692791],[-124.47968959379187,69.75585518842374],[-124.50129002580053,69.72538882885655],[-124.292485849717,69.69492246928937],[-124.19888397767956,69.72877397991957],[-124.06928138562772,69.72200367779354],[-124.03328066561332,69.67799671397427],[-124.20608412168244,69.62044914590291],[-124.24208484169684,69.54936097357944],[-124.42208844176884,69.47150249912997],[-124.41488829776597,69.41395493105861],[-124.51569031380629,69.40379947786954],[-124.44368887377749,69.3665628161763],[-124.26368527370548,69.3496370608612],[-124.09808196163924,69.35640736298723],[-124.05488109762196,69.38687372255444],[-124.0044800896018,69.34625190979818],[-124.01888037760756,69.38010342042838],[-123.98287965759316,69.40379947786954],[-123.88927778555572,69.3665628161763],[-123.81727634552692,69.39025887361746],[-123.68047360947219,69.35302221192421],[-123.47886957739155,69.38010342042838],[-123.37806756135123,69.41056977999557],[-123.45006900138003,69.44780644168881],[-123.39966799335988,69.49181340550808],[-123.16926338526771,69.49519855657113],[-123.12606252125043,69.56967187995758],[-123.16206324126483,69.61706399483987],[-123.09726194523891,69.67122641184821],[-123.11166223324467,69.74908488629771],[-123.15486309726195,69.76939579267582],[-122.9604592091842,69.83371366287324],[-122.8092561851237,69.79309185011698],[-122.75165503310066,69.79986215224304],[-122.7444548890978,69.83032851181022],[-122.20444408888179,69.79647700118],[-121.93083861677235,69.81340275649512],[-121.4412288245765,69.76601064161281],[-120.87961759235185,69.63737490121801],[-120.66361327226545,69.55274612464248],[-120.66361327226545,69.54259067145341],[-120.65641312826257,68.00234693777873],[-112.49864997299947,65.50749060433208],[-110.64821296425929,65.50072030220602],[-109.38818776375528,64.82707524066478],[-101.98643972879458,64.21436289825795],[-102.00084001680034,59.999849824796485]]],[[[-119.7419948398968,74.02453067889357],[-119.74919498389968,74.09223370015397],[-119.61239224784497,74.12947036184721],[-119.46838936778735,74.2208694405488],[-119.12278245564912,74.20055853417065],[-119.0939818796376,74.14978126822535],[-119.12998259965201,74.1260852107842],[-119.06518130362608,74.10238915334304],[-119.14438288765777,74.06176734058678],[-119.18758375167505,73.99406431932636],[-119.1659833196664,73.98729401720033],[-119.07238144762896,74.0143752257045],[-118.97157943158864,74.00083462145241],[-118.79157583151664,74.1091594554691],[-118.8779775595512,74.17686247672953],[-118.67637352747056,74.2208694405488],[-118.10036200724015,74.27503185755714],[-117.43794875897518,74.23102489373787],[-116.7827356547131,74.05838218952377],[-115.89711794235886,73.71986708322166],[-115.61631232624653,73.66908981727633],[-115.36430728614573,73.54722437900756],[-115.32110642212845,73.4727510556211],[-115.83231664633293,73.34073016416326],[-116.4587291745835,73.25610138758773],[-117.24354487089742,73.05637747486946],[-117.4667493349867,73.03606656849135],[-118.36676733534671,72.82280205152102],[-118.49636992739855,72.76525448344964],[-118.75557511150224,72.73817327494547],[-119.13718274365488,72.63323359199183],[-119.18038360767216,72.59599693029858],[-119.17318346366929,72.54183451329024],[-119.309986199724,72.44027998139961],[-119.33158663173265,72.38611756439127],[-119.309986199724,72.35226605376104],[-119.79959599191984,72.22024516230323],[-120.03000060001202,72.22024516230323],[-120.18120362407248,72.23378576655531],[-120.1380027600552,72.26763727718551],[-120.25320506410128,72.25748182399647],[-120.26040520810417,72.23378576655531],[-120.18120362407248,72.20331940698813],[-120.1452029040581,72.14238668785373],[-120.19560391207824,72.07806881765634],[-120.44760895217905,71.9460479261985],[-120.37560751215025,71.88511520706413],[-120.42600852017041,71.74293886241722],[-120.37560751215025,71.68877644540888],[-120.54121082421649,71.5161337411948],[-120.87961759235185,71.44166041780835],[-121.42682853657074,71.37734254761094],[-121.59963199263986,71.4010386050521],[-121.53483069661394,71.4179643603672],[-121.57083141662834,71.4518158709974],[-121.74363487269747,71.4518158709974],[-122.1252425048501,71.26563256253124],[-122.60765215304306,71.17423348382965],[-122.78045560911218,71.08621955619111],[-123.09726194523891,71.07944925406505],[-123.22686453729075,71.11330076469528],[-123.40686813736275,71.2114701455229],[-123.66607332146643,71.49582283481666],[-123.80287605752116,71.53644464757292],[-123.94687893757876,71.65831008584169],[-125.23570471409428,71.94266277513549],[-124.95489909798196,71.93927762407247],[-124.9404988099762,71.95620337938757],[-124.99809996199924,71.96974398363966],[-125.76131522630453,71.94943307726152],[-125.99891997839958,71.97312913470267],[-125.77571551431029,71.98666973895476],[-125.71811436228725,72.09160942190843],[-125.79011580231605,72.1186906304126],[-125.56691133822677,72.17962334954697],[-125.66051321026421,72.18977880273604],[-125.65331306626133,72.25071152187041],[-125.50211004220085,72.26763727718551],[-125.4805096101922,72.29810363675273],[-125.53091061821237,72.30148878781574],[-125.39410788215764,72.39627301758034],[-125.43730874617492,72.40981362183243],[-125.3437068741375,72.41658392395846],[-125.35810716214326,72.44705028352564],[-125.30050601012022,72.48428694521888],[-124.99809996199924,72.56214541966838],[-124.94769895397908,72.56891572179441],[-124.96929938598772,72.60615238348765],[-125.09890197803956,72.62984844092881],[-124.9404988099762,72.70093661325225],[-125.01970039400788,72.70432176431527],[-124.96929938598772,72.7550990302606],[-125.02690053801076,72.81941690045798],[-125.11330226604534,72.86003871321424],[-124.9404988099762,72.85326841108821],[-124.47248944978901,72.92774173447467],[-124.52289045780915,72.95143779191582],[-124.49408988179763,72.97851900042],[-124.62369247384947,73.01914081317625],[-124.7244944898898,73.00560020892416],[-124.8684973699474,73.08007353231062],[-124.78209564191285,73.13762110038198],[-124.64529290585813,73.15793200676012],[-124.66689333786675,73.19178351739032],[-124.47968959379187,73.34750046628932],[-124.40048800976021,73.37119652373045],[-124.4364887297746,73.42197378967577],[-124.06928138562772,73.53706892581849],[-124.0404808096162,73.58784619176382],[-124.0764815296306,73.62169770239402],[-124.06928138562772,73.65554921302424],[-123.84607692153844,73.6961710257805],[-123.83887677753556,73.74356314066279],[-123.77407548150964,73.76387404704093],[-123.84607692153844,73.8248067661753],[-124.2204844096882,73.87219888105761],[-124.19888397767956,73.91620584487688],[-124.35008700174004,73.97713856401126],[-124.37888757775156,74.03807128314565],[-124.46528930578611,74.06853764271284],[-124.47248944978901,74.10238915334304],[-124.42928858577173,74.1091594554691],[-124.53729074581491,74.20732883629671],[-124.51569031380629,74.25133580011598],[-124.69569391387829,74.26826155543108],[-124.60209204184085,74.31226851925035],[-124.7604952099042,74.3156536703134],[-124.76769535390709,74.33934972775452],[-123.25566511330227,74.4442894107082],[-122.33404668093362,74.47137061921237],[-121.52043040860818,74.54922909366186],[-121.15322306446129,74.50860728090561],[-121.00202004040082,74.46798546814935],[-120.9732194643893,74.41720820220402],[-120.2172043440869,74.28180215968317],[-119.5259905198104,74.23102489373787],[-119.66279325586513,74.22425459161181],[-119.64839296785937,74.18024762779254],[-119.82119642392848,74.09561885121701],[-119.82839656793136,74.05838218952377],[-119.7419948398968,74.02453067889357]]],[[[-116.14192283845678,77.0237745207304],[-115.73151463029261,76.94930119734391],[-115.90431808636174,76.8951387803356],[-116.36512730254606,76.92560513990279],[-116.18512370247406,76.84436151439027],[-115.99791995839918,76.81051000376004],[-115.99791995839918,76.76988819100379],[-115.89711794235886,76.69202971655432],[-116.01232024640493,76.67510396123922],[-116.09152183043662,76.61755639316783],[-116.32192643852878,76.58031973147462],[-117.04194083881679,76.53631276765535],[-117.07794155883118,76.50923155915117],[-116.98433968679375,76.45506914214283],[-117.00594011880239,76.43137308470168],[-116.94113882277647,76.3873661208824],[-116.94113882277647,76.34674430812615],[-117.3227464549291,76.25873038048758],[-117.60355207104143,76.27227098473966],[-117.66115322306447,76.2925818911178],[-117.65395307906158,76.31627794855896],[-117.81235624712495,76.31966309962198],[-118.05716114322287,76.40767702726052],[-118.02836056721135,76.42460278257562],[-118.04276085521711,76.44829884001678],[-117.99235984719695,76.46183944426886],[-118.02116042320847,76.49230580383605],[-117.90595811916239,76.52954246552929],[-117.95635912718255,76.56339397615949],[-117.90595811916239,76.57693458041157],[-117.97075941518831,76.59724548678972],[-117.89875797515951,76.63786729954597],[-117.92035840716815,76.6886445654913],[-117.73315466309327,76.77665849312984],[-117.7979559591192,76.8172803058861],[-117.89155783115663,76.8172803058861],[-118.02836056721135,76.75973273781474],[-118.33796675933519,76.76988819100379],[-118.3019660393208,76.73603668037359],[-118.30916618332367,76.7055703208064],[-118.49636992739855,76.71234062293243],[-118.46036920738416,76.69202971655432],[-118.47476949538992,76.67848911230223],[-118.33796675933519,76.644637601672],[-118.3019660393208,76.55323852297045],[-118.43156863137264,76.54985337190743],[-118.56837136742735,76.4990761059621],[-118.8419768395368,76.55662367403346],[-118.77717554351088,76.52615731446627],[-118.97877957559152,76.4990761059621],[-118.68357367147344,76.44491368895376],[-118.56837136742735,76.33658885493708],[-118.65477309546192,76.28581158899175],[-118.9139782795656,76.26550068261363],[-118.94277885557712,76.21133826560529],[-118.88517770355408,76.17410160391205],[-118.96437928758576,76.16056099965996],[-118.96437928758576,76.12670948902976],[-119.07238144762896,76.1165540358407],[-119.07238144762896,76.0827025252105],[-119.28118562371247,76.12670948902976],[-119.30278605572113,76.19102735922718],[-119.45398907978159,76.25534522942456],[-119.49718994379887,76.36028491237823],[-119.5619912398248,76.31966309962198],[-119.71319426388528,76.33320370387406],[-119.65559311186225,76.29935219324383],[-119.65559311186225,76.26888583367665],[-119.7059941198824,76.26211553155062],[-119.56919138382769,76.17410160391205],[-119.69879397587952,76.15040554647092],[-119.55479109582193,76.1165540358407],[-119.80679613592272,76.10978373371466],[-119.489989799796,76.03531041032818],[-119.48278965579311,75.9709925401308],[-119.6339926798536,75.99130344650891],[-119.7059941198824,75.94391133162662],[-119.60519210384209,75.9100598209964],[-119.71319426388528,75.92021527418547],[-119.87159743194864,75.85589740398805],[-120.0660013200264,75.83897164867295],[-120.15240304806096,75.89651921674431],[-120.2892057841157,75.8152755912318],[-120.45480909618193,75.8152755912318],[-120.49080981619633,75.84912710186202],[-120.46200924018481,75.91683012312245],[-120.38280765615313,75.96760738906775],[-120.44760895217905,75.97776284225682],[-120.46200924018481,76.01161435288705],[-120.57721154423089,76.00145889969798],[-120.56281125622513,75.98453314438288],[-120.59161183223665,75.97776284225682],[-120.69961399227985,76.01499950395007],[-120.72841456829137,76.05900646776934],[-120.64921298425969,76.0996282805256],[-120.75001500030001,76.10639858265162],[-120.65641312826257,76.14363524434486],[-120.88681773635474,76.1977976613532],[-121.00922018440369,76.14025009328185],[-120.99481989639793,76.10301343158861],[-121.02362047240945,76.05900646776934],[-120.93001860037202,75.96083708694172],[-120.98041960839217,75.94052618056358],[-121.01642032840658,75.94729648268964],[-121.00202004040082,75.99468859757192],[-121.1172223444469,75.99130344650891],[-121.2612252245045,75.96422223800474],[-121.2972259445189,75.90667466993338],[-121.42682853657074,75.93375587843755],[-121.49882997659954,75.98453314438288],[-121.86603732074641,76.04208071245424],[-122.13244264885299,76.03531041032818],[-122.13244264885299,75.97437769119381],[-122.1972439448789,75.97776284225682],[-122.4132482649653,75.9269855763115],[-122.69405388107762,75.95406678481567],[-122.73005460109204,75.97437769119381],[-122.55725114502292,76.0217698060761],[-122.70125402508052,76.01838465501308],[-122.54285085701716,76.04546586351725],[-122.47084941698834,76.10978373371466],[-122.70125402508052,76.11316888477768],[-122.49244984899698,76.14025009328185],[-122.62205244104882,76.17410160391205],[-122.84525690513811,76.14702039540788],[-122.90285805716115,76.0996282805256],[-123.03966079321587,76.08608767627351],[-122.90285805716115,76.15379069753394],[-122.93885877717554,76.1808719060381],[-122.84525690513811,76.18425705710112],[-122.83085661713235,76.23503432304645],[-122.70845416908338,76.22487886985738],[-122.63645272905458,76.26550068261363],[-122.61485229704596,76.34335915706313],[-121.9812396247925,76.44491368895376],[-121.77963559271186,76.4212176315126],[-121.53483069661394,76.4381433868277],[-121.41242824856498,76.4990761059621],[-121.41242824856498,76.55323852297045],[-121.21802436048722,76.61755639316783],[-121.1892237844757,76.68187426336524],[-120.9012180243605,76.69202971655432],[-120.81481629632594,76.73603668037359],[-120.58441168823377,76.74957728462567],[-120.40440808816177,76.79696939950796],[-120.36840736814736,76.83759121226421],[-120.41880837616753,76.87482787395746],[-120.17400348006962,76.91883483777673],[-120.18840376807537,76.94253089521789],[-120.08760175203506,76.962841801596],[-120.09480189603792,77.00346361435226],[-119.95079901598032,77.01361906754133],[-119.8139962799256,77.09824784411686],[-119.38918778375569,77.18287662069238],[-119.29558591171823,77.27766085045698],[-119.15158303166064,77.3250529653393],[-117.86995739914799,77.38937083553668],[-117.93475869517391,77.3589044759695],[-117.80515610312207,77.36567477809555],[-117.2507450149003,77.28443115258304],[-117.02034040680815,77.29120145470907],[-117.06354127082543,77.3250529653393],[-117.1787435748715,77.33859356959138],[-117.15714314286286,77.3589044759695],[-116.79713594271885,77.31828266321324],[-116.81153623072461,77.3419787206544],[-116.65313306266125,77.38937083553668],[-116.99153983079663,77.39275598659972],[-117.14994299885998,77.45707385679711],[-116.7827356547131,77.49769566955337],[-116.76833536670733,77.51800657593151],[-116.89793795875917,77.5315471801836],[-116.41552831056622,77.55524323762472],[-116.09152183043662,77.49092536742734],[-116.0627212544251,77.48076991423827],[-116.10592211844238,77.46045900786012],[-115.75311506230125,77.4198371951039],[-115.38590771815437,77.31151236108721],[-115.87551751035022,77.21672813132261],[-116.27152543050862,77.18964692281844],[-116.29312586251726,77.14902511006218],[-116.40112802256046,77.1354845058101],[-116.29312586251726,77.11517359943196],[-116.27152543050862,77.05424088029758],[-116.14192283845678,77.0237745207304]]]]}},{"type":"Feature","properties":{"name":"New Brunswick","cartodb_id":7,"created_at":"2014-10-16T13:22:00Z","updated_at":"2014-10-16T13:22:00Z"},"geometry":{"type":"Polygon","coordinates":[[[-69.03858077161544,47.298763036340716],[-68.57777155543113,47.4240136256725],[-68.38336766735335,47.55941966819336],[-68.37616752335047,47.654203897957956],[-68.37616752335047,47.92501598299964],[-68.1169623392468,47.92501598299964],[-68.1169623392468,48.00287445744914],[-67.61295225904519,47.99610415532308],[-67.6057521150423,47.93517143618871],[-67.36094721894439,47.84038720642411],[-67.32494649892999,47.89793477449547],[-67.18814376287527,47.88439417024338],[-67.04414088281767,47.931786285125696],[-66.95053901078023,47.89793477449547],[-66.94333886677735,47.96225264469288],[-66.84253685073703,47.99610415532308],[-66.74893497869958,47.97917840000798],[-66.36012720254406,48.07396262977258],[-66.33852677053542,48.01302991063821],[-65.79131582631653,47.89116447236944],[-65.6257125142503,47.671129653273056],[-65.66891337826758,47.65081874689491],[-65.63291265825318,47.62035238732773],[-65.60411208224166,47.660974200083984],[-65.47450949018982,47.6812851064621],[-65.24410488209766,47.80653569579391],[-65.042500850017,47.843772357487126],[-64.97769955399109,47.8370020553611],[-65.07130142602854,47.7760693362267],[-64.82649652993061,47.809920846856926],[-64.78329566591333,47.77268418516368],[-64.84809696193925,47.74560297665951],[-64.79049580991621,47.7422178255965],[-64.76889537790757,47.704981163903255],[-64.73289465789317,47.76252873197461],[-64.67529350587013,47.73544752347044],[-64.81209624192485,47.67451480433607],[-64.81929638592773,47.60681178307564],[-64.89129782595653,47.556034517130314],[-64.89849796995941,47.51202755331104],[-64.86969739394789,47.51202755331104],[-64.92729854597093,47.45109483417667],[-64.86969739394789,47.48494634480687],[-64.88409768195365,47.43416907886157],[-64.91289825796517,47.35292545334906],[-64.90569811396229,47.393547266105315],[-64.94169883397669,47.37323635972717],[-64.96329926598533,47.288607583151645],[-65.36650733014662,47.08549851937036],[-65.20810416208326,47.088883670433404],[-65.21530430608614,47.044876706614104],[-65.02810056201125,47.09226882149642],[-64.97769955399109,47.055032159803176],[-64.93449868997381,47.08549851937036],[-64.79769595391909,47.07872821724433],[-64.82649652993061,47.05164700874016],[-64.80489609792197,46.98732913854275],[-64.87689753795077,46.92978157047139],[-64.90569811396229,46.85192309602189],[-64.86969739394789,46.78083492369845],[-64.79049580991621,46.72328735562709],[-64.85529710594213,46.70636160031199],[-64.85529710594213,46.672510089681765],[-64.81929638592773,46.69620614712292],[-64.75449508990181,46.66235463649272],[-64.74729494589893,46.70297644924898],[-64.71129422588453,46.67928039180782],[-64.72569451389029,46.58111101098021],[-64.67529350587013,46.499867385467695],[-64.71129422588453,46.47955647908955],[-64.61049220984421,46.40846830676611],[-64.63209264185285,46.33738013444267],[-64.70409408188165,46.3272246812536],[-64.58169163383269,46.3272246812536],[-64.55289105782117,46.36446134294684],[-64.51689033780677,46.32045437912757],[-64.56729134582693,46.28660286849734],[-64.56009120182405,46.21889984723694],[-64.51689033780677,46.24259590467807],[-64.25048500970021,46.23582560255204],[-64.15688313766276,46.19181863873277],[-64.14968299365988,46.15796712810254],[-64.11368227364548,46.1816631855437],[-64.08488169763396,46.15119682597651],[-64.05608112162244,46.1816631855437],[-63.96967939358788,46.1816631855437],[-63.77527550551012,46.1207304664093],[-63.91927838556772,46.0530274451489],[-64.0704814096282,46.05979774727493],[-64.09208184163684,46.022561085581685],[-64.04168083361668,45.9920947260145],[-64.15688313766276,45.96839866857334],[-64.27208544170885,45.83637777711553],[-64.35848716974341,45.8803847409348],[-64.33688673773477,45.86007383455669],[-64.48088961779237,45.72466779203583],[-64.53849076981541,45.72466779203583],[-64.48808976179525,45.8025262664853],[-64.53129062581253,45.8973104962499],[-64.55289105782117,45.866844136682715],[-64.57449148982981,45.88715504306086],[-64.68249364987301,45.995479877077514],[-64.68969379387589,46.04964229408586],[-64.75449508990181,46.09026410684211],[-64.69689393787877,46.03610168983377],[-64.70409408188165,45.995479877077514],[-64.57449148982981,45.8634589856197],[-64.67529350587013,45.75174900054],[-64.63929278585573,45.717897489909774],[-64.68969379387589,45.71451233884676],[-64.77609552191045,45.606187504830075],[-64.90569811396229,45.62649841120822],[-65.01370027400549,45.54863993675872],[-65.32330646612934,45.45724085805713],[-65.74091481829637,45.24397634108681],[-65.79851597031941,45.25751694533889],[-65.92091841836839,45.206739679393564],[-66.00012000240007,45.22705058577171],[-66.03612072241447,45.28798330490608],[-66.1297225944519,45.30490906022118],[-66.01452029040583,45.37938238360766],[-66.00012000240007,45.460626009120176],[-66.08652173043463,45.355686326166506],[-66.19452389047783,45.33199026872535],[-66.14412288245767,45.27782785171701],[-66.0577211544231,45.25751694533889],[-66.21612432248646,45.15934756451128],[-66.24492489849798,45.21012483045661],[-66.32412648252966,45.19658422620452],[-66.25212504250086,45.19319907514148],[-66.25212504250086,45.16273271557429],[-66.3457269145383,45.14580696025919],[-66.43932878657574,45.07471878793575],[-66.49692993859878,45.14919211132221],[-66.64813296265926,45.084874241124794],[-66.72013440268806,45.08825939218784],[-66.75613512270246,45.05440788155761],[-66.79933598671975,45.05779303262062],[-66.79213584271687,45.10179999643992],[-66.87853757075143,45.05779303262062],[-66.90733814676295,45.111955449628965],[-66.84253685073703,45.13226635600711],[-66.95053901078023,45.18642877301545],[-66.98653973079463,45.15257726238522],[-67.02974059481191,45.16950301770035],[-67.02974059481191,45.08825939218784],[-67.12334246684935,45.15934756451128],[-67.13054261085223,45.22028028364565],[-67.18094361887239,45.24397634108681],[-67.15214304286087,45.12211090281804],[-67.16654333086663,45.155962413448265],[-67.27454549090983,45.183043621952436],[-67.34654693093863,45.12211090281804],[-67.44014880297607,45.189813924078464],[-67.47614952299047,45.28121300278005],[-67.41854837096743,45.37599723254465],[-67.50495009900199,45.484322066561305],[-67.41854837096743,45.50463297293945],[-67.44014880297607,45.59264690057799],[-67.61295225904519,45.606187504830075],[-67.7209544190884,45.68066082821656],[-67.7569551391028,45.66034992183842],[-67.80735614712296,45.67727567715352],[-67.80015600312008,45.79575596435927],[-67.7569551391028,45.82622232392646],[-67.7929558591172,45.87699958987179],[-67.7569551391028,45.91762140262804],[-67.77855557111144,45.94808776219523],[-67.7929558591172,47.06180246192923],[-68.23216464329288,47.35292545334906],[-68.3329666593332,47.35631060441207],[-68.39056781135623,47.28522243208863],[-68.51297025940521,47.2953778852777],[-68.89457789155784,47.183667900197975],[-69.03858077161544,47.25814122358446],[-69.03858077161544,47.298763036340716]]]}},{"type":"Feature","properties":{"name":"Nova Scotia","cartodb_id":2,"created_at":"2014-10-16T13:22:00Z","updated_at":"2014-10-16T13:22:00Z"},"geometry":{"type":"MultiPolygon","coordinates":[[[[-63.724874497489964,45.87022928774573],[-63.7464749294986,45.83637777711553],[-63.681673633472684,45.849918381367615],[-63.667273345466924,45.81606687073739],[-63.660073201464044,45.87022928774573],[-63.480069601392046,45.87699958987179],[-63.40086801736037,45.85330353243063],[-63.480069601392046,45.856688683493644],[-63.429668593371886,45.822837172863444],[-63.516070321406445,45.805911417548344],[-63.235264705294114,45.80929656861136],[-63.37926758535173,45.76528960479209],[-63.29286585731715,45.72128264097282],[-63.184863697273954,45.772059906918116],[-63.192063841276834,45.7348232452249],[-63.062461249224995,45.755134151603016],[-63.105662113242275,45.80929656861136],[-62.67365347306948,45.7686747558551],[-62.75285505710116,45.75851930266603],[-62.63765275305508,45.71451233884676],[-62.7744554891098,45.67050537502749],[-62.78885577711556,45.63665386439726],[-62.74565491309828,45.65357961971239],[-62.74565491309828,45.60957265589309],[-62.702454049081,45.65357961971239],[-62.65205304106084,45.62649841120822],[-62.67365347306948,45.67050537502749],[-62.60885217704356,45.684045979279574],[-62.47204944098884,45.6569647707754],[-62.50805016100324,45.616342958019146],[-62.4864497289946,45.60280235376706],[-62.35684713694275,45.67050537502749],[-62.42164843296867,45.6738905260905],[-62.24884497689955,45.70774203672073],[-61.91763835276707,45.88715504306086],[-61.88163763275267,45.68743113034259],[-61.72323446468931,45.61972810908216],[-61.62963259265187,45.63665386439726],[-61.65843316866339,45.623113260145175],[-61.61523230464611,45.60957265589309],[-61.56483129662594,45.6738905260905],[-61.4712294245885,45.684045979279574],[-61.33442668853378,45.54186963463269],[-61.22642452849058,45.50124782187643],[-61.24802496049922,45.44708540486809],[-61.47842956859138,45.36922693041859],[-61.45682913658274,45.34214572191442],[-61.2552251045021,45.33537541978839],[-60.967219344386905,45.321834815536306],[-60.967219344386905,45.27105754959098],[-61.039220784415704,45.29136845596909],[-61.024820496409944,45.25751694533889],[-61.075221504430104,45.22028028364565],[-61.14002280045602,45.21012483045661],[-61.11842236844738,45.27105754959098],[-61.16882337646754,45.25413179427588],[-61.16882337646754,45.20335452833055],[-61.20482409648194,45.24736149214982],[-61.26962539250786,45.25413179427588],[-61.3632272645453,45.21012483045661],[-61.34882697653954,45.172888168763365],[-61.45682913658274,45.14580696025919],[-61.59363187263746,45.14242180919618],[-61.69443388867779,45.17627331982638],[-61.63683273665475,45.11872575175502],[-61.67283345666915,45.11534060069201],[-61.64403288065763,45.084874241124794],[-61.81683633672675,45.10518514750294],[-61.81683633672675,45.07471878793575],[-61.86003720074403,45.07471878793575],[-61.83843676873539,45.051022730494594],[-61.88163763275267,45.02394152199042],[-61.93203864077283,45.04763757943158],[-62.05444108882179,45.00701576667532],[-61.98243964879299,44.983319709234166],[-62.24164483289667,44.95962365179301],[-62.33524670493411,44.922386990099795],[-62.33524670493411,44.88853547946957],[-62.37844756895139,44.912231536910724],[-62.457649152983066,44.83098791139821],[-62.47924958499172,44.895305781595624],[-62.51525030500612,44.85129881777635],[-62.55125102502052,44.861454270965396],[-62.53685073701476,44.79713640076801],[-62.60885217704356,44.83775821352427],[-62.65205304106084,44.790366098641954],[-62.80325606512132,44.78021064545288],[-62.82485649712996,44.74297398375967],[-62.79605592111844,44.722663077381526],[-62.83925678513572,44.712507624192455],[-62.925658513170276,44.7328185305706],[-62.997659953199076,44.70235217100341],[-63.004860097201956,44.7666700412008],[-63.055261105222115,44.773440343326854],[-63.012060241204836,44.70912247312944],[-63.055261105222115,44.671885811436226],[-63.120062401248035,44.78698094757894],[-63.141662833256675,44.688811566751326],[-63.163263265265314,44.72604822844454],[-63.213664273285474,44.67527096249924],[-63.242464849296994,44.7328185305706],[-63.242464849296994,44.67527096249924],[-63.28566571331427,44.62787884761693],[-63.40086801736037,44.64141945186901],[-63.408068161363246,44.68204126462527],[-63.451269025380526,44.671885811436226],[-63.415268305366126,44.63126399867997],[-63.436868737374766,44.59064218592371],[-63.660073201464044,44.7158927752555],[-63.638472769455404,44.671885811436226],[-63.559271185423725,44.63126399867997],[-63.523270465409325,44.5093985604112],[-63.573671473429485,44.462006445528885],[-63.602472049441005,44.48231735190703],[-63.631272625452524,44.434925237024714],[-63.631272625452524,44.47554704978097],[-63.710474209484204,44.45523614340286],[-63.76087521750436,44.495857956159114],[-63.79687593751876,44.46877674765494],[-63.782475649513,44.5263243157263],[-63.86887737754756,44.48908765403306],[-63.93367867357348,44.51278371147421],[-63.94087881757636,44.6211085454909],[-63.8904778095562,44.69219671781434],[-64.05608112162244,44.638034300806],[-64.06328126562532,44.59064218592371],[-64.00568011360228,44.51278371147421],[-64.04888097761956,44.51955401360024],[-64.08488169763396,44.46539159659193],[-64.12088241764836,44.48570250297004],[-64.12088241764836,44.5432500710414],[-64.17128342566852,44.58725703486067],[-64.2216844336887,44.53309461785233],[-64.30088601772037,44.5601758263565],[-64.32248644972901,44.47216189871796],[-64.30088601772037,44.46539159659193],[-64.35848716974341,44.44169553915077],[-64.32968659373189,44.40784402852054],[-64.2576851537031,44.40784402852054],[-64.30808616172325,44.37737766895336],[-64.21448428968581,44.36045191363826],[-64.34408688173765,44.35706676257524],[-64.33688673773477,44.32660040300806],[-64.2576851537031,44.323215251945015],[-64.28648572971461,44.3029043455669],[-64.23608472169445,44.29274889237783],[-64.2576851537031,44.26905283493667],[-64.32248644972901,44.26566768387366],[-64.35848716974341,44.28936374131481],[-64.36568731374629,44.25551223068459],[-64.43048860977221,44.228431022180416],[-64.49528990579813,44.140417094541874],[-64.60329206584133,44.157342849856974],[-64.61769235384709,44.133646792415846],[-64.54569091381829,44.11672103710072],[-64.55289105782117,44.07609922434446],[-64.71849436988741,44.05240316690333],[-64.66089321786437,44.02532195839916],[-64.66809336186725,43.99147044776893],[-64.84809696193925,43.92038227544549],[-64.78329566591333,43.86621985843715],[-64.81929638592773,43.86621985843715],[-64.83369667393349,43.82559804568089],[-64.90569811396229,43.879760462689234],[-64.88409768195365,43.83236834780695],[-64.90569811396229,43.80190198823976],[-64.96329926598533,43.872990160563205],[-64.92729854597093,43.80190198823976],[-64.96329926598533,43.751124722294435],[-65.042500850017,43.82559804568089],[-65.0065001300026,43.74773957123142],[-65.02810056201125,43.707117758475164],[-65.07130142602854,43.70034745634911],[-65.0857017140343,43.751124722294435],[-65.1217024340487,43.69357715422308],[-65.1217024340487,43.66988109678192],[-65.15050301006022,43.68680685209702],[-65.13610272205446,43.74435442016838],[-65.17930358607174,43.707117758475164],[-65.23690473809478,43.79851683717672],[-65.25850517010342,43.77143562867255],[-65.22250445008902,43.707117758475164],[-65.28730574611494,43.66988109678192],[-65.33050661013222,43.69696230528609],[-65.33050661013222,43.768050477609535],[-65.3377067541351,43.734198966979335],[-65.36650733014662,43.734198966979335],[-65.32330646612934,43.67665139890795],[-65.35930718614374,43.60556322658451],[-65.3377067541351,43.54801565851315],[-65.45290905818118,43.59879292445848],[-65.40250805016102,43.50400869469388],[-65.4457089141783,43.55817111170222],[-65.48890977819558,43.517549298945966],[-65.4817096341927,43.46338688193762],[-65.56811136222726,43.57171171595431],[-65.65451309026182,43.490468090441794],[-65.72651453029061,43.50400869469388],[-65.74091481829637,43.57171171595431],[-65.75531510630213,43.54801565851315],[-65.78411568231365,43.57171171595431],[-65.77691553831077,43.68680685209702],[-65.79131582631653,43.612333528710565],[-65.82011640232805,43.629259284025665],[-65.86331726634533,43.80528713930278],[-65.8777175543511,43.76466532654652],[-65.93531870637415,43.82559804568089],[-65.96411928238567,43.77482077973559],[-65.9857197143943,43.84252380099599],[-66.00732014640295,43.83913864993298],[-65.96411928238567,43.73081381591629],[-66.0217204344087,43.690192003160035],[-66.03612072241447,43.74096926910536],[-66.06492129842599,43.71727321166421],[-66.07932158643175,43.768050477609535],[-66.12252245044903,43.74096926910536],[-66.13692273845479,43.79851683717672],[-66.10812216244327,43.84252380099599],[-66.14412288245767,43.82559804568089],[-66.1657233144663,43.862834707374134],[-66.15132302646055,44.011781354147075],[-66.20892417848358,44.0964101307226],[-66.13692273845479,44.228431022180416],[-66.11532230644615,44.3367558561971],[-65.8417168343367,44.573716430608584],[-65.94251885037703,44.57710158167163],[-66.18732374647495,44.384147971079415],[-66.19452389047783,44.42476978383567],[-66.10092201844039,44.49924310722213],[-65.78411568231365,44.69219671781434],[-65.75531510630213,44.6041827901758],[-65.68331366627334,44.617723394427884],[-65.43130862617254,44.77682549438987],[-65.71931438628773,44.668500660373184],[-65.75531510630213,44.678656113562255],[-65.74091481829637,44.705737322066426],[-64.86249724994501,45.139036658133136],[-64.43768875377509,45.25751694533889],[-64.39448788975781,45.30490906022118],[-64.48808976179525,45.33537541978839],[-64.32968659373189,45.30490906022118],[-64.36568731374629,45.19658422620452],[-64.35128702574053,45.16611786663731],[-64.38728774575493,45.14580696025919],[-64.35848716974341,45.09841484537688],[-64.32248644972901,45.139036658133136],[-64.24328486569733,45.12549605388105],[-64.15688313766276,45.05779303262062],[-64.15688313766276,44.97993455817115],[-64.1064821296426,44.99347516242324],[-64.09928198563972,45.05779303262062],[-64.20008400168005,45.11872575175502],[-64.14968299365988,45.19319907514148],[-63.8544770895418,45.267672398527964],[-63.78967579351588,45.311679362347235],[-63.537670753415085,45.33199026872535],[-63.472869457389166,45.29136845596909],[-63.465669313386286,45.32521996659932],[-63.35766715334309,45.36245662829256],[-63.75367507350148,45.39969328998578],[-63.88327766555332,45.34891602404048],[-63.9264785295706,45.389537836796706],[-64.0704814096282,45.40984874317485],[-64.38728774575493,45.36584177935558],[-64.56009120182405,45.41323389423786],[-64.70409408188165,45.36922693041859],[-64.69689393787877,45.32521996659932],[-64.76169523390469,45.28798330490608],[-64.76169523390469,45.32521996659932],[-64.81929638592773,45.34891602404048],[-64.93449868997381,45.328605117662335],[-64.90569811396229,45.41661904530088],[-64.45928918578373,45.6738905260905],[-64.43768875377509,45.74159354735093],[-64.37288745774917,45.79237081329626],[-64.2936858737175,45.81945202180043],[-64.33688673773477,45.74159354735093],[-64.26488529770597,45.761904453729045],[-64.30088601772037,45.772059906918116],[-64.27208544170885,45.83637777711553],[-64.15688313766276,45.96839866857334],[-64.04168083361668,45.9920947260145],[-63.91207824156484,45.978554121762414],[-63.80407608152164,45.88715504306086],[-63.724874497489964,45.87022928774573]]],[[[-60.420008400168015,46.27983256637131],[-60.64321286425729,46.10718986215721],[-60.873617472349466,46.0530274451489],[-60.852017040340826,46.08010865365307],[-60.880817616352346,46.08010865365307],[-60.974419488389785,45.988709574951486],[-61.111222224444504,45.95485806432126],[-61.12562251245026,45.92439170475407],[-60.996019920398425,45.94131746006917],[-60.873617472349466,46.03610168983377],[-60.73681473629473,46.04625714302284],[-60.801616032320666,45.978554121762414],[-60.808816176323546,45.93116200688013],[-61.068021360427224,45.89392534518689],[-61.046420928418584,45.883769891997815],[-61.089621792435864,45.8465332303046],[-60.967219344386905,45.883769891997815],[-60.916818336366745,45.8465332303046],[-60.967219344386905,45.856688683493644],[-60.938418768375385,45.822837172863444],[-61.010420208404184,45.81945202180043],[-61.11842236844738,45.76528960479209],[-61.14002280045602,45.69758658353166],[-61.068021360427224,45.6908162814056],[-60.916818336366745,45.755134151603016],[-60.794415888317786,45.70774203672073],[-60.844816896337946,45.6400390154603],[-60.75841516830339,45.6908162814056],[-60.73681473629473,45.6738905260905],[-60.75121502430051,45.74159354735093],[-60.72241444828897,45.788985662233216],[-60.398407968159376,45.995479877077514],[-60.68641372827457,45.88715504306086],[-60.787215744314906,45.944702611132215],[-60.304806096121936,46.212129545110884],[-60.297605952119056,46.232440451489026],[-60.369607392147856,46.222284998299955],[-60.549610992219854,46.1038047110942],[-60.65761315226305,46.066568049400985],[-60.348006960139216,46.3102989259385],[-60.2832056641133,46.32045437912757],[-60.20400408008162,46.23582560255204],[-60.290405808116176,46.15458197703953],[-60.24000480009602,46.17489288341764],[-60.19680393607874,46.144426523850456],[-60.19680393607874,46.20197409192181],[-60.13200264005282,46.249366206804126],[-60.03840076801538,46.22905530042598],[-60.07440148802978,46.1985889408588],[-59.95199903998082,46.20197409192181],[-59.94479889597794,46.15119682597651],[-59.807996159923206,46.161352279165556],[-59.8871977439549,46.09026410684211],[-59.807996159923206,46.10718986215721],[-59.9591991839837,46.01917593451867],[-59.822396447928966,45.99886502814056],[-59.815196303926086,45.927776855817086],[-59.97359947198946,45.90069564731294],[-59.9951999039981,45.866844136682715],[-60.13200264005282,45.866844136682715],[-60.16080321606434,45.83637777711553],[-60.07440148802978,45.79575596435927],[-60.1752035040701,45.76528960479209],[-60.23280465609314,45.700971734594674],[-60.67201344026881,45.56556569207382],[-60.852017040340826,45.60280235376706],[-60.873617472349466,45.6400390154603],[-61.16882337646754,45.55202508782173],[-61.1472229444589,45.579106296325904],[-61.2192243844877,45.606187504830075],[-61.28402568051362,45.54186963463269],[-61.45682913658274,45.70435688565769],[-61.55043100862018,46.02594623664473],[-61.48562971259426,46.066568049400985],[-61.44242884857698,46.15796712810254],[-61.28402568051362,46.239210753615055],[-61.089621792435864,46.45924557271144],[-61.032020640412824,46.560800104602066],[-61.060821216424344,46.594651615232294],[-61.032020640412824,46.628503125862494],[-61.010420208404184,46.59126646416928],[-60.895217904358105,46.77406462157242],[-60.70801416028321,46.89254490877815],[-60.64321286425729,47.00086974279483],[-60.592811856237134,47.03472125342506],[-60.492009840196815,46.994099440668805],[-60.398407968159376,47.02456580023599],[-60.384007680153616,46.99748459173182],[-60.499209984199695,46.89593005984119],[-60.448808976179535,46.899315210904206],[-60.448808976179535,46.86207854921096],[-60.326406528130576,46.86884885133702],[-60.304806096121936,46.838382491769806],[-60.348006960139216,46.68605069393385],[-60.398407968159376,46.66573978755574],[-60.355207104142096,46.64881403224064],[-60.384007680153616,46.63527342798855],[-60.348006960139216,46.604807068421366],[-60.592811856237134,46.256136508930155],[-60.592811856237134,46.195203789795784],[-60.470409408188175,46.317069228064554],[-60.412808256165135,46.3272246812536],[-60.420008400168015,46.27983256637131]]]]}},{"type":"Feature","properties":{"name":"Saskatchewan","cartodb_id":3,"created_at":"2014-10-16T13:22:00Z","updated_at":"2014-10-16T13:22:00Z"},"geometry":{"type":"Polygon","coordinates":[[[-102.00084001680034,59.999849824796485],[-102.00084001680034,59.91860619928397],[-102.00084001680034,58.127861286945716],[-102.00084001680034,58.03307705718112],[-102.00084001680034,57.867204655093076],[-102.00084001680034,57.49822318922378],[-102.00084001680034,57.26126261481227],[-102.00084001680034,57.01414658721171],[-102.00084001680034,56.367582734174675],[-102.00084001680034,56.22202123846475],[-102.00084001680034,55.829343715154295],[-101.96483929678594,55.76164069389387],[-101.96483929678594,55.673626766255296],[-101.96483929678594,55.467132551411],[-101.92883857677154,55.467132551411],[-101.92883857677154,55.118461991919816],[-101.88563771275426,55.1150768408568],[-101.88563771275426,54.76640628136562],[-101.84963699273986,54.76640628136562],[-101.84963699273986,54.536216009080164],[-101.84963699273986,54.41773572187441],[-101.81363627272546,54.41773572187441],[-101.81363627272546,54.06568001132021],[-101.77043540870818,54.06568001132021],[-101.77043540870818,54.0013621411228],[-101.74163483269666,53.36833889233782],[-101.69843396867938,53.36833889233782],[-101.66963339266786,52.67099777335545],[-101.64083281665634,52.67099777335545],[-101.64083281665634,52.32232721386427],[-101.61203224064482,52.32232721386427],[-101.61203224064482,51.970271503310045],[-101.56883137662754,51.970271503310045],[-101.5472309446189,50.95134103334064],[-101.5112302246045,50.947955882277626],[-101.51843036860738,50.59590017172343],[-101.48242964859298,50.58912986959737],[-101.48242964859298,50.24045931010619],[-101.45362907258146,50.24045931010619],[-101.45362907258146,49.888403599551964],[-101.42482849656994,49.888403599551964],[-101.42482849656994,49.53296273793475],[-101.4032280645613,49.53296273793475],[-101.4032280645613,49.17752187631751],[-101.3672273445469,49.17752187631751],[-101.3672273445469,49.0014940210404],[-101.49682993659874,49.0014940210404],[-102.02244044880898,49.0014940210404],[-102.93685873717476,49.0014940210404],[-104.06008120162404,49.0014940210404],[-105.06090121802437,49.0014940210404],[-106.12652253045061,49.0014940210404],[-107.18494369887398,49.0014940210404],[-108.25056501130024,49.0014940210404],[-109.50339006780136,49.0014940210404],[-110.00020000400009,49.0014940210404],[-110.00020000400009,54.00474729218584],[-110.00020000400009,54.44820208144162],[-110.00020000400009,54.624229936718706],[-110.00020000400009,54.76979143242863],[-110.00020000400009,56.27618365547309],[-110.00020000400009,56.36419758311163],[-110.00020000400009,58.967378750574994],[-110.00020000400009,59.30927900794015],[-110.00020000400009,59.99646467373347],[-107.11294225884518,59.99307952267043],[-106.25612512250245,59.999849824796485],[-106.04732094641894,59.999849824796485],[-105.86011720234406,59.999849824796485],[-105.54331086621734,59.999849824796485],[-104.70809416188325,59.999849824796485],[-104.26888537770756,59.999849824796485],[-102.00084001680034,59.999849824796485]]]}},{"type":"Feature","properties":{"name":"Alberta","cartodb_id":4,"created_at":"2014-10-16T13:22:00Z","updated_at":"2014-10-16T13:22:00Z"},"geometry":{"type":"Polygon","coordinates":[[[-114.06108122162443,49.0014940210404],[-114.03228064561291,49.031960380607586],[-114.15468309366189,49.10304855293103],[-114.15468309366189,49.14705551675033],[-114.22668453369069,49.187677329506585],[-114.37068741374829,49.204603084821684],[-114.37788755775117,49.25538035076701],[-114.42828856577133,49.265535803956055],[-114.47868957379148,49.34000912734254],[-114.5794915898318,49.39078639328784],[-114.60109202184044,49.44156365923317],[-114.5794915898318,49.55665879537588],[-114.687493749875,49.54650334218684],[-114.73789475789516,49.60743606132121],[-114.68029360587212,49.631132118762366],[-114.63709274185484,49.72930149958998],[-114.62269245384908,49.79700452085041],[-114.687493749875,49.91209965699312],[-114.687493749875,49.95610662081239],[-114.64429288585772,49.976417527190534],[-114.65869317386348,50.06443145482908],[-114.7234944698894,50.125364173963476],[-114.75229504590092,50.287851424988474],[-114.7954959099182,50.33524353987079],[-114.77389547790956,50.35893959731192],[-114.83869677393548,50.39617625900516],[-115.0187003740075,50.575589265345286],[-115.10510210204205,50.58912986959737],[-115.22030440608813,50.548508056841115],[-115.32110642212845,50.6399071355427],[-115.28510570211405,50.660218041920814],[-115.31390627812557,50.70761015680313],[-115.34990699813997,50.731306214244256],[-115.39310786215725,50.71776560999217],[-115.42190843816877,50.75500227168541],[-115.52991059821197,50.792238933378655],[-115.64511290225805,50.853171652513026],[-115.57311146222925,50.903948918458354],[-115.61631232624653,50.96826678865577],[-115.76031520630413,51.03596980991617],[-115.77471549430989,51.07320647160941],[-115.9547190943819,51.103672831176596],[-116.01952039040782,51.137524341806824],[-116.02672053441069,51.215382816256295],[-116.0627212544251,51.24584917582351],[-116.26432528650574,51.31693734814695],[-116.30752615052302,51.38802552047039],[-116.30752615052302,51.46249884385685],[-116.37952759055182,51.48958005236102],[-116.40112802256046,51.54374246936936],[-116.46592931858638,51.56743852681052],[-116.48752975059502,51.61144549062979],[-116.59553191063821,51.658837605512105],[-116.59553191063821,51.71638517358346],[-116.66033320666415,51.797628799095975],[-116.74673493469871,51.797628799095975],[-116.81873637472751,51.75023668421366],[-116.81153623072461,51.71638517358346],[-116.91953839076783,51.709614871457404],[-117.04194083881679,51.909338784175674],[-117.27234544690894,52.04474482669653],[-117.31554631092622,52.1835360202804],[-117.36594731894638,52.1395290564611],[-117.60355207104143,52.12937360327206],[-117.689953799076,52.197076624532485],[-117.7619552391048,52.2004617755955],[-117.82675653513071,52.27154994791894],[-117.73315466309327,52.342638120242384],[-117.7547550951019,52.40357083937678],[-117.90595811916239,52.4238817457549],[-118.00676013520271,52.48819961595231],[-118.04996099921999,52.40357083937678],[-118.14356287125743,52.40018568831374],[-118.22276445528911,52.36633417768354],[-118.25876517530352,52.44080750107],[-118.20836416728335,52.481429313826254],[-118.28756575131504,52.52882142870857],[-118.28036560731215,52.56605809040178],[-118.35236704734095,52.61683535634711],[-118.3019660393208,52.67438292441847],[-118.34516690333808,52.742085945678895],[-118.43156863137264,52.786092909498166],[-118.41716834336688,52.836870175443494],[-118.48916978339568,52.897802894577865],[-118.62597251945039,52.88426229032578],[-118.67637352747056,52.96889106690131],[-118.66917338346768,53.03320893709872],[-118.78437568751376,53.05690499453988],[-118.76277525550512,53.124608015800305],[-118.97877957559152,53.236318000880004],[-119.01478029560592,53.22277739662792],[-119.01478029560592,53.14491892217842],[-119.04358087161744,53.13814862005239],[-119.26678533570671,53.19569618812375],[-119.34598691973841,53.27693981363626],[-119.38918778375569,53.36156859021179],[-119.60519210384209,53.37849434552689],[-119.73479469589392,53.39542010084199],[-119.7779955599112,53.44619736678732],[-119.84279685593712,53.51728553911076],[-119.90039800796016,53.52067069017377],[-119.8859977199544,53.56129250293003],[-119.92919858397168,53.608684617812344],[-119.77079541590832,53.60191431568629],[-119.73479469589392,53.635765826316515],[-119.80679613592272,53.70685399863996],[-119.9219984399688,53.71700945182903],[-119.90759815196304,53.7779421709634],[-120.0012000240005,53.808408530530585],[-120.0012000240005,54.00474729218584],[-119.97959959199184,59.98969437160741],[-110.00020000400009,59.99646467373347],[-110.00020000400009,59.30927900794015],[-110.00020000400009,58.967378750574994],[-110.00020000400009,56.36419758311163],[-110.00020000400009,56.27618365547309],[-110.00020000400009,54.76979143242863],[-110.00020000400009,54.624229936718706],[-110.00020000400009,54.44820208144162],[-110.00020000400009,54.00474729218584],[-110.00020000400009,49.0014940210404],[-110.74901498029962,49.0014940210404],[-111.28182563651274,49.0014940210404],[-112.18904378087562,49.0014940210404],[-114.06108122162443,49.0014940210404]]]}},{"type":"Feature","properties":{"name":"Prince Edward Island","cartodb_id":8,"created_at":"2014-10-16T13:22:00Z","updated_at":"2014-10-16T13:22:00Z"},"geometry":{"type":"Polygon","coordinates":[[[-63.99127982559652,46.394927702514025],[-64.13528270565412,46.41523860889217],[-64.1064821296426,46.44570496845935],[-64.11368227364548,46.533718896097895],[-64.05608112162244,46.57095555779114],[-64.0704814096282,46.63527342798855],[-64.13528270565412,46.59126646416928],[-64.2216844336887,46.628503125862494],[-64.38728774575493,46.621732823736465],[-64.41608832176645,46.682665542870836],[-64.22888457769157,46.906085513030234],[-63.9984799695994,47.06180246192923],[-63.96967939358788,46.89254490877815],[-64.09208184163684,46.777449772635435],[-64.0704814096282,46.750368564131264],[-63.97687953759076,46.743598262005236],[-63.98407968159364,46.71313190243802],[-63.88327766555332,46.645428881177594],[-63.90487809756196,46.604807068421366],[-63.83287665753316,46.61834767267345],[-63.83287665753316,46.577725859917194],[-63.94087881757636,46.47617132802654],[-63.83287665753316,46.516793140782795],[-63.81127622552452,46.49648223440468],[-63.84007680153604,46.46601587483747],[-63.710474209484204,46.438934666333324],[-63.703274065481324,46.46601587483747],[-63.739274785495724,46.49648223440468],[-63.703274065481324,46.516793140782795],[-63.724874497489964,46.543874349286966],[-63.645672913458284,46.56757040672812],[-63.487269745394926,46.52356344290885],[-63.494469889397806,46.489711932278624],[-63.451269025380526,46.46263072377445],[-63.422468449369006,46.49648223440468],[-63.458469169383406,46.51002283865677],[-63.32166643332867,46.49309708334164],[-63.242464849296994,46.39831285357707],[-63.213664273285474,46.42877921314425],[-62.58725174503492,46.42539406208124],[-62.69525390507812,46.455860421648424],[-62.47924958499172,46.47617132802654],[-62.16964339286787,46.48632678121561],[-61.96803936078723,46.455860421648424],[-62.17684353687075,46.350920738694754],[-62.28484569691395,46.378001947198925],[-62.27044540890819,46.33738013444267],[-62.35684713694275,46.35430588975777],[-62.33524670493411,46.3102989259385],[-62.40004800096003,46.30691377487548],[-62.35684713694275,46.283217717434326],[-62.37124742494851,46.26290681105621],[-62.49364987299748,46.273062264245254],[-62.436048720974426,46.25275135786714],[-62.42164843296867,46.2155146961739],[-62.58725174503492,46.232440451489026],[-62.50085001700036,46.1816631855437],[-62.58725174503492,46.205359242984855],[-62.56565131302628,46.18504833660671],[-62.60165203304068,46.178278034480684],[-62.53685073701476,46.16812258129161],[-62.54405088101764,46.12411561747234],[-62.47924958499172,46.1207304664093],[-62.51525030500612,46.14104137278744],[-62.47204944098884,46.15119682597651],[-62.450449008980186,46.09026410684211],[-62.57285145702916,46.03610168983377],[-62.457649152983066,46.005635330266585],[-62.74565491309828,45.94808776219523],[-62.882457649153,45.995479877077514],[-62.932858657173156,46.04625714302284],[-62.89685793715876,46.066568049400985],[-63.033660673213475,46.05979774727493],[-62.925658513170276,46.09364925790513],[-62.86805736114724,46.134271070661384],[-62.882457649153,46.15458197703953],[-62.961659233184676,46.127500768535356],[-62.947258945178916,46.18843348766973],[-62.983259665193316,46.195203789795784],[-62.983259665193316,46.17489288341764],[-63.120062401248035,46.212129545110884],[-62.961659233184676,46.32045437912757],[-63.120062401248035,46.23582560255204],[-63.192063841276834,46.26967711318224],[-63.170463409268194,46.22567014936297],[-63.27126542530851,46.195203789795784],[-63.220864417288354,46.1816631855437],[-63.170463409268194,46.212129545110884],[-63.141662833256675,46.18504833660671],[-63.26406528130563,46.13765622172443],[-63.480069601392046,46.21889984723694],[-63.595271905438125,46.212129545110884],[-63.696073921478444,46.249366206804126],[-63.81127622552452,46.33060983231664],[-63.782475649513,46.34076528550568],[-63.80407608152164,46.371231645072896],[-63.717674353487084,46.35430588975777],[-63.76807536150724,46.38138709826194],[-63.7464749294986,46.394927702514025],[-63.8904778095562,46.39831285357707],[-63.9264785295706,46.42539406208124],[-63.99127982559652,46.394927702514025]]]}},{"type":"Feature","properties":{"name":"Yukon Territory","cartodb_id":9,"created_at":"2014-10-16T13:22:00Z","updated_at":"2014-10-16T13:22:00Z"},"geometry":{"type":"Polygon","coordinates":[[[-123.81727634552692,59.99307952267043],[-124.99809996199924,60.0032349758595],[-133.7894757895158,59.999849824796485],[-134.14948298965982,59.999849824796485],[-134.63909278185565,59.999849824796485],[-134.9054981099622,59.999849824796485],[-138.93757875157505,59.99646467373347],[-139.18958379167583,60.08786375243503],[-139.06718134362688,60.35190553535068],[-139.67919358387167,60.34175008216164],[-139.98159963199265,60.189418284325654],[-140.44960899217983,60.311283722594425],[-140.52161043220866,60.22326979495588],[-140.99681993639874,60.30789857153141],[-140.99681993639874,61.89553442008838],[-140.99681993639874,65.83923540850816],[-141.0040200804016,68.4288759717194],[-141.0040200804016,69.64076005228102],[-140.3992079841597,69.59675308846175],[-139.8879977599552,69.61706399483987],[-139.2759855197104,69.50873916082321],[-139.14638292765855,69.51212431188623],[-138.95917918358367,69.40718462893255],[-138.75037500750017,69.34625190979818],[-138.59917198343967,69.2379270757815],[-138.519970399408,69.2548528310966],[-138.44796895937918,69.22777162259243],[-138.39756795135904,69.29208949278984],[-138.44796895937918,69.28870434172683],[-138.37596751935038,69.30563009704193],[-138.3327666553331,69.23454192471849],[-138.17436348726974,69.160068601332],[-137.37514750295006,69.00096650137002],[-137.41834836696734,68.98742589711793],[-137.2527450549011,68.94680408436167],[-137.0079401588032,68.94680408436167],[-136.74873497469952,68.87571591203823],[-136.417528350567,68.89941196947936],[-136.44632892657853,68.87233076097519],[-136.44632892657853,67.71460909742194],[-136.417528350567,67.65367637828754],[-136.23752475049503,67.61982486765734],[-136.15832316646333,67.50811488257764],[-136.2087241744835,67.40656035068699],[-136.11512230244605,67.38286429324586],[-136.14392287845757,67.3591682358047],[-136.09352187043743,67.30162066773335],[-136.13672273445468,67.22714734434686],[-136.23752475049503,67.17298492733852],[-136.2015240304806,67.14251856777133],[-136.22312446248924,67.06466009332183],[-136.1655233104662,67.00372737418746],[-133.83267665353307,67.00372737418746],[-134.04868097361947,66.98341646780935],[-134.09188183763675,66.95633525930518],[-133.90467809356187,66.90894314442286],[-133.76067521350427,66.80738861253224],[-133.83987679753596,66.72614498701972],[-133.76067521350427,66.68552317426347],[-133.77507550151003,66.64490136150721],[-133.58787175743515,66.5636577359947],[-133.68867377347547,66.53319137642751],[-133.63107262145243,66.44517744878897],[-133.7534750695014,66.44856259985198],[-133.76787535750717,66.3740892764655],[-133.8254765095302,66.31654170839414],[-133.5734714694294,66.27930504670093],[-133.5662713254265,66.15743960843216],[-133.6742734854697,66.1168177956759],[-133.70307406148123,66.07281083185663],[-133.6022720454409,66.05249992547849],[-133.63107262145243,65.97464145102902],[-133.40786815736317,65.9441750914618],[-133.14866297325946,66.02541871697431],[-132.93985879717596,66.02880386803733],[-132.91105822116444,65.99833750847014],[-132.997459949199,65.92386418508369],[-132.86785735714716,65.9103235808316],[-132.60865217304348,66.03218901910037],[-132.54385087701755,66.0220335659113],[-132.50785015700313,65.97802660209203],[-132.3422468449369,65.98141175315504],[-132.33504670093402,65.94756024252484],[-132.52225044500892,65.89678297657952],[-132.57265145302907,65.8493908616972],[-132.28464569291387,65.71736997023939],[-132.17664353287066,65.5921193809076],[-132.2702454049081,65.54811241708833],[-132.32784655693115,65.43301728094559],[-132.52225044500892,65.36192910862215],[-132.5582511650233,65.28407063417265],[-132.7814556291126,65.22990821716434],[-132.71665433308667,65.19944185759712],[-132.78865577311547,65.18928640440808],[-132.7022540450809,65.15543489377785],[-132.57985159703196,65.18928640440808],[-132.5294505890118,65.16220519590391],[-132.5582511650233,65.11819823208461],[-132.53665073301465,65.09450217464348],[-132.3782475649513,65.08434672145441],[-132.33504670093402,65.03356945550908],[-132.50785015700313,64.96586643424865],[-132.4862497249945,64.87108220448408],[-132.6230524610492,64.82707524066478],[-132.57265145302907,64.77291282365644],[-132.37104742094843,64.7796831257825],[-132.1622432448649,64.701824651333],[-132.04704094081882,64.69505434920697],[-131.91743834876698,64.58334436412727],[-131.70143402868058,64.53595224924496],[-131.68703374067482,64.49871558755174],[-131.8022360447209,64.43778286841734],[-131.81663633272666,64.37685014928297],[-131.59343186863737,64.37007984715692],[-131.42782855657114,64.41747196203923],[-131.39182783655673,64.46824922798453],[-131.13982279645595,64.42424226416526],[-131.0030200604012,64.32945803440066],[-131.06062121242425,64.27868076845536],[-130.9814196283926,64.26514016420327],[-130.93821876437528,64.21097774719493],[-130.8662173243465,64.18728168975377],[-130.94541890837817,64.13650442380845],[-130.85181703634072,64.07218655361106],[-130.8662173243465,64.04172019404388],[-130.75101502030043,64.04510534510689],[-130.77981559631195,64.00786868341365],[-130.7582151643033,63.98755777703553],[-130.57821156423128,63.92323990683812],[-130.52061041220824,63.93339536002719],[-130.36940738814778,63.84538143238862],[-130.11740234804697,63.80814477069541],[-130.1030020600412,63.76413780687611],[-130.28300566011322,63.737056598371936],[-130.3190063801276,63.69643478561571],[-130.25420508410167,63.665968426048494],[-130.11020220404407,63.703205087741736],[-130.08140162803255,63.68966448348965],[-130.11020220404407,63.665968426048494],[-130.09580191603834,63.632116915418294],[-129.95179903598074,63.615191160103194],[-129.9589991799836,63.58472480053598],[-129.90139802796057,63.571184196283895],[-129.82219644392887,63.48317026864535],[-129.8941978839577,63.45270390907817],[-129.91579831596633,63.37146028356565],[-130.0742014840297,63.337608772935454],[-130.1390027800556,63.31052756443128],[-130.15340306806138,63.26652060061198],[-130.04540090801817,63.269905751675026],[-129.98059961199226,63.2022027304146],[-129.90139802796057,63.198817579351555],[-129.83659673193463,63.11418880277603],[-129.84379687593753,63.087107594271856],[-129.634992699854,63.08033729214583],[-129.5989919798396,63.05325608364166],[-129.7069941398828,62.95170155175103],[-129.72859457189145,62.914464890057786],[-129.69979399587993,62.89076883261663],[-129.77179543590873,62.87384307730153],[-129.62779255585113,62.76213309222183],[-129.62779255585113,62.704585524150474],[-129.51979039580792,62.67411916458326],[-129.5269905398108,62.643652805016075],[-129.4909898197964,62.619956747574946],[-129.5701914038281,62.57594978375565],[-129.4189883797676,62.58610523694472],[-129.17418348366968,62.48116555399105],[-129.31098621972438,62.42023283485668],[-129.21738434768696,62.376225871037406],[-129.31098621972438,62.32544860509208],[-129.28218564371286,62.26790103702072],[-129.1957839156783,62.21712377107539],[-129.29658593171865,62.15619105194102],[-129.12378247564953,62.115569239184765],[-128.9869797395948,62.13588014556288],[-128.7637752755055,62.05802167111341],[-128.67737354747095,62.125724692373836],[-128.5477709554191,62.122339541310794],[-128.37496749935,62.02755531154622],[-128.38936778735575,61.993703800915995],[-128.28136562731254,61.949696837096724],[-128.19496389927798,61.84475715414305],[-128.0797615952319,61.848142305206096],[-128.0077601552031,61.733047169063354],[-127.97175943518872,61.68904020524408],[-127.54695093901879,61.51301234996697],[-127.28774575491511,61.51978265209303],[-127.14374287485751,61.465620235084685],[-127.12214244284885,61.40130236488727],[-127.05734114682295,61.36406570319406],[-127.00694013880278,61.18465269685393],[-127.02854057081143,61.1508011862237],[-127.01414028280567,61.127105128782546],[-127.10054201084023,61.06955756071119],[-127.05734114682295,61.039091201144004],[-126.93493869877398,61.05940210752212],[-126.94213884277687,61.00185453945076],[-126.89893797875959,60.94092182031639],[-126.92773855477111,60.86306334586689],[-126.87733754675094,60.82921183523669],[-126.88453769075383,60.78181972035438],[-126.82693653873078,60.754738511850206],[-126.75493509870198,60.78181972035438],[-126.6757335146703,60.74458305866116],[-126.51733034660694,60.815671230984606],[-126.39492789855797,60.77504941822835],[-126.25092501850037,60.788590022480435],[-126.21492429848598,60.81905638204762],[-126.2437248744975,60.849522741614805],[-126.20052401048022,60.86306334586689],[-126.11412228244566,60.86306334586689],[-126.10692213844277,60.815671230984606],[-126.00612012240245,60.80213062673252],[-125.95571911438229,60.87660395011898],[-125.88371767435349,60.89691485649712],[-125.71091421828437,60.82582668417368],[-125.37250745014902,60.78181972035438],[-125.18530370607414,60.849522741614805],[-124.99809996199924,60.85967819480388],[-124.8684973699474,60.85967819480388],[-124.87569751395029,60.91722576287523],[-124.81089621792437,60.971388179883576],[-124.5804916098322,60.954462424568476],[-124.47968959379187,60.79197517354345],[-124.61649232984661,60.710731548030935],[-124.61649232984661,60.67010973527468],[-124.45808916178325,60.56855520338405],[-124.41488829776597,60.48054127574551],[-124.20608412168244,60.45684521830435],[-124.19888397767956,60.32820947790955],[-123.97567951359028,60.0980192056241],[-124.02608052161044,60.02354588223761],[-123.87487749754996,60.04047163755274],[-123.81727634552692,59.99307952267043]]]}},{"type":"Feature","properties":{"name":"Manitoba","cartodb_id":10,"created_at":"2014-10-16T13:22:00Z","updated_at":"2014-10-16T13:22:00Z"},"geometry":{"type":"Polygon","coordinates":[[[-102.00084001680034,59.999849824796485],[-100.04240084801697,59.999849824796485],[-99.62479249584993,59.999849824796485],[-94.80069601392029,59.999849824796485],[-94.82229644592893,59.955842860977214],[-94.77189543790877,59.783200156763115],[-94.82229644592893,59.63763866105322],[-94.76469529390589,59.56993563979279],[-94.79349586991741,59.54285443128862],[-94.72869457389149,59.44807020152402],[-94.71429428588573,59.37021172707452],[-94.73589471789437,59.34313051857035],[-94.65669313386269,59.349900820696405],[-94.77189543790877,59.29235325262505],[-94.79349586991741,59.08585903778075],[-94.937498749975,59.08585903778075],[-94.99509990199805,59.055392678213536],[-94.80789615792317,59.06216298033959],[-94.80789615792317,59.01477086545728],[-94.67829356587133,58.97076390163801],[-94.74309486189725,58.83197270805414],[-94.67829356587133,58.87936482293645],[-94.58469169383389,58.87597967187341],[-94.48388967779357,58.811661801676024],[-94.41908838176765,58.716877571911425],[-94.32548650973021,58.72026272297444],[-94.27508550171004,58.78119544210881],[-94.20308406168124,58.80489149954997],[-94.23908478169564,58.73718847828954],[-94.20308406168124,58.67964091021818],[-94.27508550171004,58.6322487953359],[-94.30388607772156,58.56454577407547],[-94.2894857897158,58.439295184743685],[-94.32548650973021,58.39190306986137],[-94.36148722974461,58.2192603656473],[-94.23188463769276,58.395288220924414],[-94.24628492569852,58.588241831516626],[-94.13828276565532,58.733803327226525],[-94.17428348566972,58.77103998891977],[-93.50467009340188,58.77103998891977],[-93.46866937338748,58.72026272297444],[-93.40386807736155,58.699951816596325],[-93.31746634932699,58.75749938466768],[-93.15186303726075,58.73718847828954],[-93.11586231724635,58.51038335706713],[-92.92865857317148,58.212490063521244],[-92.8494569891398,58.16509794863896],[-92.87105742114844,58.1414018911978],[-92.80625612512252,58.056773114622274],[-92.74865497309948,57.86043435296705],[-92.78465569311388,57.833353144462876],[-92.72705454109084,57.81981254021079],[-92.59745194903898,57.64716983599669],[-92.5542510850217,57.53884500198001],[-92.45344906898139,57.44406077221544],[-92.41744834896699,57.339121089261766],[-92.43904878097563,57.23079625524508],[-92.57585151703034,57.05815355103101],[-92.71265425308508,56.94644356595131],[-92.87825756515132,56.905821753195056],[-92.69105382107644,56.93290296169923],[-92.4462489249785,57.044612946778926],[-92.20864417288347,57.05815355103101],[-92.46784935698714,56.93290296169923],[-92.17984359687195,57.03107234252684],[-90.99901998039962,57.26126261481227],[-90.45180903618073,57.19355959355184],[-89.99819996399928,57.017531738274755],[-89.17738354767097,56.868585091501814],[-89.30698613972281,56.628239366027316],[-90.84061681233625,55.66685646412927],[-92.38864777295547,54.62761508778175],[-92.47504950099002,54.56668236864735],[-92.60465209304188,54.47866844100881],[-92.69825396507932,54.41096541974838],[-93.27426548530971,53.99797699005978],[-93.64867297345948,53.72377975395506],[-95.1535030700614,52.82671472225442],[-95.1535030700614,49.576969701754024],[-95.1535030700614,49.45171911242224],[-95.1535030700614,49.370475486909726],[-95.16070321406428,49.0014940210404],[-95.27590551811038,49.0014940210404],[-96.40632812656254,49.0014940210404],[-97.22714454289087,49.0014940210404],[-97.939958799176,49.0014940210404],[-98.99837996759936,49.0014940210404],[-99.53119062381249,49.0014940210404],[-100.18640372807457,49.0014940210404],[-101.3672273445469,49.0014940210404],[-101.3672273445469,49.17752187631751],[-101.4032280645613,49.17752187631751],[-101.4032280645613,49.53296273793475],[-101.42482849656994,49.53296273793475],[-101.42482849656994,49.888403599551964],[-101.45362907258146,49.888403599551964],[-101.45362907258146,50.24045931010619],[-101.48242964859298,50.24045931010619],[-101.48242964859298,50.58912986959737],[-101.51843036860738,50.59590017172343],[-101.5112302246045,50.947955882277626],[-101.5472309446189,50.95134103334064],[-101.56883137662754,51.970271503310045],[-101.61203224064482,51.970271503310045],[-101.61203224064482,52.32232721386427],[-101.64083281665634,52.32232721386427],[-101.64083281665634,52.67099777335545],[-101.66963339266786,52.67099777335545],[-101.69843396867938,53.36833889233782],[-101.74163483269666,53.36833889233782],[-101.77043540870818,54.0013621411228],[-101.77043540870818,54.06568001132021],[-101.81363627272546,54.06568001132021],[-101.81363627272546,54.41773572187441],[-101.84963699273986,54.41773572187441],[-101.84963699273986,54.536216009080164],[-101.84963699273986,54.76640628136562],[-101.88563771275426,54.76640628136562],[-101.88563771275426,55.1150768408568],[-101.92883857677154,55.118461991919816],[-101.92883857677154,55.467132551411],[-101.96483929678594,55.467132551411],[-101.96483929678594,55.673626766255296],[-101.96483929678594,55.76164069389387],[-102.00084001680034,55.829343715154295],[-102.00084001680034,56.22202123846475],[-102.00084001680034,56.367582734174675],[-102.00084001680034,57.01414658721171],[-102.00084001680034,57.26126261481227],[-102.00084001680034,57.49822318922378],[-102.00084001680034,57.867204655093076],[-102.00084001680034,58.03307705718112],[-102.00084001680034,58.127861286945716],[-102.00084001680034,59.91860619928397],[-102.00084001680034,59.999849824796485]]]}},{"type":"Feature","properties":{"name":"Ontario","cartodb_id":11,"created_at":"2014-10-16T13:22:00Z","updated_at":"2014-10-16T13:22:00Z"},"geometry":{"type":"Polygon","coordinates":[[[-79.53639072781456,50.9581113354667],[-79.5219904398088,48.76453344662892],[-79.5219904398088,48.605431346666904],[-79.51479029580592,47.566189970319385],[-79.57959159183184,47.4409393809876],[-79.44278885577712,47.26491152571049],[-79.44278885577712,47.10919457681152],[-79.3059861197224,46.93993702366046],[-79.15478309566193,46.811301283265635],[-78.95317906358129,46.51002283865677],[-78.75877517550352,46.40169800464008],[-78.70117402348048,46.33738013444267],[-77.67875357507151,46.18504833660671],[-77.55635112702255,46.15119682597651],[-77.31874637492751,46.02594623664473],[-77.27554551091023,45.93793230900616],[-77.20354407088143,45.87699958987179],[-77.00194003880078,45.788985662233216],[-76.9227384547691,45.805911417548344],[-76.90833816676334,45.89054019412387],[-76.80753615072302,45.8634589856197],[-76.78593571871438,45.761904453729045],[-76.71393427868558,45.711127187783745],[-76.66353327066543,45.589261749514975],[-76.60593211864239,45.55202508782173],[-76.33952679053583,45.45724085805713],[-76.18112362247246,45.52155872825455],[-76.07312146242926,45.51478842612852],[-75.84991699833998,45.372612081481606],[-75.45390907818158,45.52494387931756],[-74.87789755795117,45.6400390154603],[-74.64749294985901,45.63665386439726],[-74.3954879097582,45.56556569207382],[-74.48188963779276,45.31506451341025],[-74.3234864697294,45.199969377267536],[-74.4314886297726,45.14919211132221],[-74.5034900698014,45.07133363687271],[-74.73389467789357,44.99347516242324],[-74.97149942998861,44.94946819860397],[-75.33150663013261,44.810677005020096],[-75.75631512630254,44.51616886253723],[-75.77791555831118,44.51955401360024],[-75.97951959039182,44.384147971079415],[-76.50513010260207,44.228431022180416],[-76.68513370267407,44.21827556899137],[-76.98753975079502,44.072714073281446],[-77.0667413348267,44.09302497965959],[-76.8867377347547,44.17765375623512],[-77.04514090281806,44.1302616413528],[-77.00914018280366,44.211505266865316],[-77.55635112702255,44.12010618816376],[-77.57795155903119,44.0794843754075],[-77.31154623092463,44.150572547730945],[-77.31874637492751,44.089639828596546],[-77.07394147882958,44.18103890729813],[-77.12434248684976,44.03209226052519],[-77.01634032680654,44.045632864777275],[-76.94433888677774,44.072714073281446],[-76.84353687073742,44.11672103710072],[-77.04514090281806,43.94746348394966],[-76.8507370147403,43.94407833288665],[-77.13154263085264,43.85606440524808],[-77.23234464689295,43.879760462689234],[-77.16754335086704,43.95423378607572],[-77.27554551091023,43.91022682225642],[-77.3259465189304,43.95423378607572],[-77.2539450789016,43.967774390327804],[-77.48434968699375,43.94069318182363],[-77.57795155903119,44.001625900958004],[-77.54195083901679,44.018551656273104],[-77.70035400708015,44.04224771371426],[-77.73635472709455,44.02193680733612],[-77.67875357507151,44.001625900958004],[-77.80115602312047,44.018551656273104],[-79.089981799636,43.82559804568089],[-79.36358727174544,43.64279988827775],[-79.46438928778576,43.646185039340764],[-79.58679173583472,43.56494141382825],[-79.77399547990962,43.32121053729074],[-79.70199403988082,43.24335206284124],[-79.3419868397368,43.1891896458329],[-79.07558151163025,43.267048120282396],[-79.06838136762737,43.101175718194355],[-79.07558151163025,43.08086481181621],[-79.03238064761297,43.057168754375084],[-79.03958079161585,43.006391488429756],[-78.92437848756977,42.91160725866516],[-79.09718194363889,42.840519086341715],[-79.45718914378288,42.87775574803496],[-80.20600412008241,42.78974182039639],[-80.45080901618033,42.613713965119274],[-80.11240224804497,42.54262579279583],[-80.52281045620913,42.57309215236302],[-80.92601852037042,42.6644912310646],[-81.33642672853458,42.65095062681252],[-81.78283565671315,42.39706429708593],[-81.85483709674195,42.254887952439034],[-81.89083781675635,42.25827310350205],[-81.85483709674195,42.319205822636434],[-81.91963839276787,42.26165825456508],[-82.07084141682834,42.251502801376006],[-82.38764775295508,42.12286706098121],[-82.48124962499251,42.031467982279636],[-82.50285005700115,41.91298769507388],[-82.62525250505011,42.03485313334265],[-82.89165783315667,41.98069071633431],[-83.12206244124883,42.068704643972865],[-83.02846056921139,42.31243552051039],[-82.49564991299827,42.31243552051039],[-82.42364847296948,42.35305733326665],[-82.4164483289666,42.49861882897656],[-82.5964519290386,42.50877428216563],[-82.63965279305587,42.546010943858874],[-82.58925178503571,42.55955154811096],[-82.51725034500691,42.63402487149742],[-82.47404948098963,42.762660611892215],[-82.47404948098963,42.89806665441307],[-82.4164483289666,42.97253997779953],[-82.17884357687154,43.07070935862717],[-81.74683493669875,43.34490659473187],[-81.69643392867859,43.48708293937878],[-81.74683493669875,44.08286952647052],[-81.61723234464691,44.21827556899137],[-81.58123162463251,44.34691130938617],[-81.40842816856339,44.43831038808776],[-81.27162543250866,44.617723394427884],[-81.35082701654034,44.973164256045095],[-81.43722874457491,44.983319709234166],[-81.58843176863539,45.15257726238522],[-81.57403148062963,45.19319907514148],[-81.71803436068723,45.216895132582636],[-81.69643392867859,45.26428724746492],[-81.28602572051442,45.250746643212835],[-81.32202644052882,45.155962413448265],[-81.26442528850578,45.10518514750294],[-81.25002500050002,45.000245464549266],[-81.1132222644453,44.95962365179301],[-81.1492229844597,44.912231536910724],[-80.94761895237906,44.96300880285605],[-81.13482269645394,44.756514588011754],[-80.99801996039922,44.810677005020096],[-80.89001780035602,44.790366098641954],[-80.94041880837618,44.59402733698673],[-80.80361607232146,44.70235217100341],[-80.65241304826098,44.72604822844454],[-80.58761175223506,44.61095309230183],[-80.09080181603633,44.46877674765494],[-79.9971999439989,44.556790675293485],[-79.98999979999601,44.68204126462527],[-80.11240224804497,44.75312943694871],[-80.10520210404209,44.82083245820914],[-79.94679893597873,44.86483942202841],[-79.87479749594993,44.7666700412008],[-79.65879317586352,44.75312943694871],[-79.72359447188946,44.78698094757894],[-79.68039360787216,44.878380026280496],[-79.73799475989522,44.86483942202841],[-79.73799475989522,44.80390670289404],[-79.7811956239125,44.817447307146125],[-79.83159663193265,44.93592759435188],[-79.91079821596433,44.946083047540924],[-79.93239864797297,45.01378606880135],[-80.09800196003921,45.12211090281804],[-79.98999979999601,45.14919211132221],[-80.12680253605073,45.23720603896075],[-80.04040080801617,45.31506451341025],[-80.06200124002481,45.38276753467068],[-80.12680253605073,45.41323389423786],[-80.19160383207665,45.37599723254465],[-80.16280325606513,45.338760570851406],[-80.23480469609393,45.34214572191442],[-80.33560671213425,45.43692995167902],[-80.35000700014001,45.38276753467068],[-80.40040800816017,45.606187504830075],[-80.50121002420049,45.56895084313683],[-80.74601492029842,45.92100655369106],[-81.0412208244165,45.95485806432126],[-81.15642312846258,45.92439170475407],[-81.17082341646834,46.01917593451867],[-81.25002500050002,45.9582432153843],[-81.49482989659795,45.9751689706994],[-81.49482989659795,46.01917593451867],[-81.66763335266707,45.944702611132215],[-81.57403148062963,45.995479877077514],[-81.64603292065843,46.01579078345566],[-81.50203004060083,46.04287199195983],[-81.70363407268147,46.01917593451867],[-81.54523090461811,46.05979774727493],[-81.62443248864979,46.12411561747234],[-81.74683493669875,46.066568049400985],[-81.7612352247045,46.01240563239264],[-81.77563551271027,46.06318289833794],[-81.71803436068723,46.1038047110942],[-82.13564271285426,46.117345315346284],[-82.36604732094644,46.1647374302286],[-82.32284645692916,46.19181863873277],[-82.67565351307027,46.1647374302286],[-82.632452649053,46.21889984723694],[-82.98525970519411,46.17150773235463],[-83.86367727354548,46.29675832168641],[-83.88527770555412,46.333994983379654],[-84.05088101762037,46.3272246812536],[-84.12288245764917,46.37461679613591],[-84.07248144962901,46.50325253653071],[-84.13008260165205,46.53033374503488],[-84.13728274565493,46.533718896097895],[-84.17328346566933,46.55402980247604],[-84.41088821776437,46.50325253653071],[-84.432488649773,46.499867385467695],[-84.51889037780757,46.482941630152595],[-84.59089181783636,46.56418525566511],[-84.42528850577013,46.69620614712292],[-84.4684893697874,46.75713886625732],[-84.54769095381909,46.699591298185936],[-84.54769095381909,46.82484188751772],[-84.3964879297586,46.83161218964378],[-84.35328706574133,46.882389455589106],[-84.44688893777877,46.93993702366046],[-84.5764915298306,46.94332217472348],[-84.60529210584212,46.90270036196722],[-84.77809556191124,46.98055883641672],[-84.65569311386228,47.22428971295423],[-84.5764915298306,47.288607583151645],[-84.62689253785076,47.35969575547509],[-85.03010060201206,47.610196934138656],[-84.96529930598614,47.6812851064621],[-84.99409988199766,47.71852176815534],[-84.89329786595734,47.78960994047878],[-84.92929858597174,47.8539278106762],[-84.84289685793716,47.948712040440796],[-85.55571111422229,47.92501598299964],[-85.85811716234326,47.98594870213404],[-86.1317226344527,48.23983503186062],[-86.26132522650454,48.58512044028879],[-86.43412868257366,48.778074050881],[-86.54933098661974,48.73068193599872],[-86.70053401068023,48.8119255615112],[-86.85893717874359,48.75099284237683],[-86.97413948278967,48.80854041044819],[-87.00294005880119,48.77468889981799],[-87.29094581891638,48.76791859769193],[-87.44214884297688,48.842391921078416],[-87.55015100302008,48.832236467889345],[-87.5789515790316,48.88639888489769],[-87.6509530190604,48.86270282745653],[-87.95335906718135,48.95071675509507],[-88.03256065121303,49.02180492741854],[-88.18376367527351,48.96425735934716],[-88.26296525930519,48.99133856785133],[-88.25576511530231,48.8728582806456],[-88.10456209124183,48.788229504070074],[-88.10456209124183,48.710371029620575],[-88.20536410728215,48.605431346666904],[-88.25576511530231,48.59527589347786],[-88.22696453929079,48.63589770623412],[-88.28456569131383,48.605431346666904],[-88.334966699334,48.65620861261223],[-88.31336626732536,48.581735289225776],[-88.39256785135704,48.54111347646952],[-88.42856857137144,48.57496498709972],[-88.48616972339448,48.47002530414608],[-88.55817116342328,48.42940349138982],[-88.5869717394348,48.49033621052419],[-88.55817116342328,48.54449862753253],[-88.34936698733976,48.676519518990375],[-88.31336626732536,48.7611482955659],[-88.36376727534552,48.83562161895236],[-88.4789695793916,48.8559325253305],[-88.5509710194204,48.76453344662892],[-88.50777015540312,48.71714133174663],[-88.5509710194204,48.7002155764315],[-88.53657073141464,48.64605315942316],[-88.6229724594492,48.62574225304505],[-88.63017260345208,48.52080257009138],[-88.694973899478,48.50726196583929],[-88.73817476349528,48.36847077225542],[-88.93977879557592,48.31430835524708],[-88.75977519550392,48.581735289225776],[-89.14138282765656,48.48356590839816],[-89.24218484369689,48.38878167863356],[-89.19898397967961,48.32446380843615],[-89.33578671573433,48.11458444252884],[-89.53019060381209,48.00287445744914],[-89.74619492389849,48.026570514890295],[-89.89739794795896,47.99271900426007],[-89.98379967599352,48.02318536382725],[-90.02700054001082,48.087503234024666],[-90.1422028440569,48.11119929146582],[-90.55981119622393,48.094273536150695],[-90.56701134022681,48.121354744654866],[-90.73981479629593,48.087503234024666],[-90.86221724434489,48.25337563611271],[-91.02782055641114,48.19582806804135],[-91.23662473249466,48.08073293189861],[-91.57503150063002,48.043496270205395],[-91.56783135662714,48.104428989339766],[-91.70463409268186,48.11458444252884],[-91.71183423668474,48.19582806804135],[-91.79103582071643,48.205983521230394],[-91.97823956479131,48.24999048504969],[-92.03584071681435,48.354930168003335],[-92.12224244484891,48.36847077225542],[-92.27344546890939,48.35154501694032],[-92.3022460449209,48.29738259993198],[-92.27344546890939,48.243220182923636],[-92.36704734094683,48.21952412548248],[-92.47504950099002,48.35831531906638],[-92.45344906898139,48.40232228288565],[-92.49664993299866,48.43955894457886],[-92.7054541090822,48.459869850957006],[-92.69825396507932,48.493721361587205],[-92.62625252505052,48.50387681477628],[-92.64065281305628,48.54111347646952],[-92.72705454109084,48.54111347646952],[-92.95025900518011,48.62912740410806],[-93.09426188523771,48.62574225304505],[-93.30306606132123,48.63589770623412],[-93.45426908538171,48.59189074241482],[-93.46866937338748,48.55126892965859],[-93.51187023740476,48.53434317434346],[-93.77827556551132,48.510647116902334],[-93.81427628552572,48.52418772115442],[-93.84307686153724,48.62574225304505],[-94.23188463769276,48.65282346154922],[-94.2894857897158,48.70698587855756],[-94.43348866977341,48.710371029620575],[-94.57029140582813,48.71375618068359],[-94.69269385387709,48.778074050881],[-94.67829356587133,48.876243431708616],[-94.82949658993181,49.32985367415347],[-95.1535030700614,49.370475486909726],[-95.1535030700614,49.45171911242224],[-95.1535030700614,49.576969701754024],[-95.1535030700614,52.82671472225442],[-93.64867297345948,53.72377975395506],[-93.27426548530971,53.99797699005978],[-92.69825396507932,54.41096541974838],[-92.60465209304188,54.47866844100881],[-92.47504950099002,54.56668236864735],[-92.38864777295547,54.62761508778175],[-90.84061681233625,55.66685646412927],[-89.30698613972281,56.628239366027316],[-89.17738354767097,56.868585091501814],[-89.04058081161624,56.834733580871585],[-88.88217764355288,56.85842963831274],[-88.65177303546072,56.695942387287715],[-88.49336986739736,56.6417799702794],[-88.35656713134264,56.55376604264083],[-87.97495949918999,56.43867090649812],[-87.94615892317847,56.37773818736372],[-87.7229544590892,56.20509548314965],[-87.70855417108343,56.157703368267335],[-87.58615172303448,56.07645974275485],[-87.614952299046,56.001986419368365],[-87.55015100302008,56.04937853425068],[-87.34854697093942,55.99183096617929],[-87.36294725894518,55.94782400236002],[-86.98133962679255,55.93089824704492],[-86.95973919478391,55.907202189603765],[-86.47732954659094,55.80903280877615],[-86.2757255145103,55.72778918326364],[-85.94451889037782,55.69732282369645],[-85.57731154623093,55.5619167811756],[-85.39010780215605,55.40958498333964],[-85.13090261805237,55.345267113142256],[-85.1237024740495,55.304645300386],[-85.21730434608693,55.274178940818786],[-85.39730794615893,55.101536236604716],[-85.38290765815317,55.06429957491147],[-85.42610852217045,54.98982625152502],[-85.1957039140783,55.2437125812516],[-85.00130002600054,55.29787499825994],[-84.59809196183924,55.240327430188586],[-84.32448648972981,55.291104696133914],[-84.09408188163765,55.27079378975577],[-83.92127842556852,55.318185904638085],[-83.72687453749076,55.2606383365667],[-83.73407468149364,55.21663137274743],[-83.68367367347348,55.2437125812516],[-83.6044720894418,55.223401674873486],[-83.56127122542452,55.1320025961719],[-83.58287165743316,55.230171976999515],[-83.69807396147924,55.28433439400786],[-83.17966359327188,55.196320466369315],[-82.96365927318547,55.23355712806256],[-82.89885797715955,55.17262440892816],[-82.94925898517971,55.10492138766773],[-82.88445768915379,55.152313502550044],[-82.64685293705875,55.169239257865144],[-82.55325106502131,55.13877289829796],[-82.53885077701555,55.16585410680213],[-82.32284645692916,55.06429957491147],[-82.33724674493492,55.0981510855417],[-82.3084461689234,55.12184714298283],[-82.33724674493492,55.16585410680213],[-82.24364487289746,55.101536236604716],[-82.28684573691476,55.0372183664073],[-82.25804516090322,54.97628564727293],[-82.272445448909,54.93227868345366],[-82.1932438648773,54.84426475581509],[-82.35884717694356,54.49897934738692],[-82.43804876097524,54.36018815380305],[-82.43084861697236,54.207856355967095],[-82.36604732094644,54.14353848576971],[-82.3804476089522,54.11984242832855],[-82.32284645692916,54.12322757939157],[-82.24364487289746,54.069065162383225],[-82.12844256885138,53.79825307734154],[-82.21484429688594,53.60529946674933],[-82.11404228084562,53.27355466257325],[-82.25084501690034,53.21262194343885],[-82.30124602492052,52.96212076477528],[-82.09964199283986,52.880877139262765],[-81.97003940078802,52.77932260737214],[-81.99163983279666,52.76239685205704],[-81.91963839276787,52.681153226544524],[-81.55963119262387,52.4577332563851],[-81.55243104862099,52.352793573431455],[-81.48042960859219,52.30201630748613],[-81.55963119262387,52.31555691173821],[-81.74683493669875,52.25123904154083],[-81.82603652073043,52.25462419260384],[-81.88363767275347,52.186921171343414],[-81.7612352247045,52.241083588351756],[-81.50203004060083,52.2343132862257],[-81.35082701654034,52.102292394767886],[-80.99081981639634,52.00750816500329],[-80.8972179443589,51.89579817992359],[-80.81801636032722,51.87887242460849],[-80.60201204024082,51.71300002252045],[-80.51561031220625,51.52343156299125],[-80.43640872817457,51.46249884385685],[-80.42200844016881,51.364329463029236],[-80.48680973619473,51.337248254525065],[-80.65241304826098,51.27970068645371],[-80.7532150643013,51.17814615456308],[-80.84681693633874,51.15106494605891],[-81.01242024840498,51.02919950779014],[-80.9332186643733,51.04951041416825],[-80.94041880837618,51.008888601412025],[-80.8612172243445,51.11721343542868],[-80.69561391227826,51.154450097121924],[-80.53001060021201,51.28308583751672],[-80.39320786415729,51.337248254525065],[-79.9971999439989,51.25600462901255],[-79.73799475989522,51.12398373755474],[-79.68759375187506,51.04612526310524],[-79.53639072781456,50.9581113354667]]]}}]}