{"type":"FeatureCollection","features":[{"type":"Feature","properties":{"id":"65","size":"550","name":"新疆维吾尔自治区","cp":[84.9023,42.148],"childNum":18},"geometry":{"type":"Polygon","coordinates":[[[96.4135282705654,42.71526849700993],[95.97431948638967,42.495233677913546],[96.06792135842716,42.319205822636434],[96.24072481449628,42.23119189499788],[95.97431948638967,41.92314314826295],[95.27590551811033,41.61509440152801],[95.18230364607291,41.791122256805124],[94.57029140582807,41.483073510070184],[94.04468089361785,41.09039598675972],[93.86467729354587,40.694333312386235],[93.07266145322905,40.65032634856695],[92.63345266905333,39.6381661807236],[92.37424748494965,39.33011743398866],[92.37424748494965,39.11008261489228],[92.37424748494965,39.022068687253736],[90.17820356407123,38.49737027248544],[90.35100702014034,38.23332848956977],[90.61741234824694,38.32134241720833],[90.52381047620952,37.83726581519629],[91.0566211324226,37.44120314082281],[91.31582631652628,37.089147430268596],[90.7038140762815,36.781098683533656],[90.79021580431606,36.605070828256544],[91.0566211324226,36.517056900618],[91.0566211324226,36.08037241348825],[90.87661753235062,36.03636544966898],[89.99819996399924,36.25640026876536],[89.91179823596468,36.08037241348825],[89.73899477989556,36.08037241348825],[89.20618412368242,36.30040723258463],[88.76697533950676,36.34441419640392],[88.59417188343764,36.473049936798716],[87.36294725894516,36.429042972979445],[86.21812436248723,36.168386341126805],[86.13172263445267,35.86033759439188],[85.6061121222424,35.68430973911477],[85.08050161003217,35.72831670293404],[84.20208404168079,35.37626099237983],[83.14366287325743,35.42026795619911],[82.88445768915375,35.68430973911477],[82.43804876097516,35.72831670293404],[81.9988399767995,35.332254028560556],[81.65323306466126,35.244240100922],[80.42200844016878,35.42026795619911],[80.2420048400968,35.288247064741284],[80.32840656813136,35.15622617328346],[80.2420048400968,35.20023313710273],[79.88919778395564,34.804170462729246],[79.80279605592108,34.496121715994306],[79.10438208764174,34.452114752175035],[79.01078021560426,34.32009386071719],[78.22596451929036,34.71615653509069],[78.04596091921837,35.244240100922],[78.04596091921837,35.50828188383767],[77.43394867897354,35.46427492001838],[76.81473629472589,35.640302775295496],[76.55553111062216,35.86033759439188],[76.20272405448105,35.816330630572594],[75.93631872637451,36.03636544966898],[76.02272045440907,36.473049936798716],[75.84991699833995,36.6930847558951],[75.49710994219882,36.737091719714385],[75.41070821416426,36.957126538810755],[75.05790115802313,37.00113350263004],[74.88509770195401,36.913119574991484],[74.79149582991656,37.04514046644931],[74.53229064581288,37.089147430268596],[74.53229064581288,37.221168321726424],[74.88509770195401,37.221168321726424],[75.14430288605769,37.44120314082281],[74.88509770195401,37.573224032280635],[74.97149942998857,37.74925188755773],[74.88509770195401,38.453363308666155],[74.3522870457409,38.67339812776254],[74.17948358967178,38.67339812776254],[74.09308186163722,38.54137723630471],[73.82667653353064,38.58538420012398],[73.74027480549609,38.84604083197662],[73.82667653353064,38.97806172343445],[73.47386947738951,39.37412439780795],[73.9130782615652,39.506145289265774],[73.9130782615652,39.68217314454287],[73.82667653353064,39.77018707218143],[74.00668013360263,40.03422885509708],[74.88509770195401,40.34227760183202],[74.79149582991656,40.51830545710912],[75.23790475809514,40.43029152947058],[75.58351167023338,40.65032634856695],[75.76351527030539,40.29827063801274],[76.37552751055017,40.386284565651295],[76.90113802276045,41.00238205912116],[77.60675213504265,41.00238205912116],[78.13236264725293,41.21903172715453],[78.13236264725293,41.39505958243163],[80.15560311206224,42.05516403972078],[80.2420048400968,42.27519885881716],[80.15560311206224,42.62725456937136],[80.2420048400968,42.84728938846774],[80.50841016820334,42.89129635228704],[80.42200844016878,43.06732420756413],[80.77481549630988,43.19934509902197],[80.42200844016878,44.16411315198303],[80.42200844016878,44.6041827901758],[79.98279965599306,44.82421760927218],[79.98279965599306,44.956238500729995],[81.73963479269582,45.39630813892276],[82.09244184883693,45.22028028364565],[82.53165063301265,45.22028028364565],[82.26524530490605,45.66034992183842],[83.05726114522287,47.24121546826936],[83.6692733854677,47.021180649172976],[84.72769455389107,47.021180649172976],[84.90049800996019,46.889159757715134],[85.51971039420783,47.06518761299225],[85.69251385027695,47.28522243208863],[85.51971039420783,48.121354744654866],[85.77891557831151,48.42601834032678],[86.57093141862833,48.55803923178462],[86.83733674673488,48.822081014700274],[86.75093501870032,48.954101906158115],[86.83733674673488,49.1301297614352],[87.80215604312082,49.1741367252545],[87.88855777115538,48.998108869977386],[87.71575431508626,48.910094942338816],[88.06856137122742,48.73406708706173],[87.97495949918994,48.60204619560389],[88.50777015540308,48.38539652757052],[88.6805736114722,48.165361708474165],[89.11978239564786,47.98933385319705],[89.55899117982358,48.033340817016324],[89.73899477989556,47.85731296173921],[90.0846016920338,47.85731296173921],[90.35100702014034,47.6812851064621],[90.52381047620952,47.24121546826936],[90.87661753235062,46.97717368535368],[91.0566211324226,46.58111101098021],[90.87661753235062,46.317069228064554],[91.0566211324226,46.0090204813296],[90.7038140762815,45.74836384947696],[90.7038140762815,45.528329030380604],[90.87661753235062,45.22028028364565],[91.58223164463288,45.08825939218784],[93.51907038140757,44.956238500729995],[94.74309486189719,44.340141007260115],[95.3623072461449,44.296134043440844],[95.3623072461449,44.03209226052519],[95.53511070221401,43.900071369067376],[95.88791775835512,43.24335206284124],[96.32712654253083,42.935303316106314],[96.4135282705654,42.7592754608292],[96.4135282705654,42.71526849700993]]]}},{"type":"Feature","properties":{"id":"54","size":"550","name":"西藏自治区","cp":[87.8695,31.6846],"childNum":7},"geometry":{"type":"Polygon","coordinates":[[[79.01078021560426,34.32009386071719],[79.10438208764174,34.452114752175035],[79.80279605592108,34.496121715994306],[79.88919778395564,34.804170462729246],[80.2420048400968,35.20023313710273],[80.32840656813136,35.15622617328346],[80.2420048400968,35.288247064741284],[80.42200844016878,35.42026795619911],[81.65323306466126,35.244240100922],[81.9988399767995,35.332254028560556],[82.43804876097516,35.72831670293404],[82.88445768915375,35.68430973911477],[83.14366287325743,35.42026795619911],[84.20208404168079,35.37626099237983],[85.08050161003217,35.72831670293404],[85.6061121222424,35.68430973911477],[86.13172263445267,35.86033759439188],[86.21812436248723,36.168386341126805],[87.36294725894516,36.429042972979445],[88.59417188343764,36.473049936798716],[88.76697533950676,36.34441419640392],[89.20618412368242,36.30040723258463],[89.73899477989556,36.08037241348825],[89.38618772375446,36.03636544966898],[89.47258945178902,35.90434455821115],[89.73899477989556,35.77232366675332],[89.73899477989556,35.42026795619911],[89.47258945178902,35.37626099237983],[89.47258945178902,35.244240100922],[89.55899117982358,34.89218439036779],[89.82539650793012,34.84817742654852],[89.73899477989556,34.672149571271405],[89.82539650793012,34.36410082453648],[89.64539290785814,34.01204511398227],[90.0846016920338,33.48734669921397],[90.7038140762815,33.13529098865976],[91.40942818856377,33.13529098865976],[91.93503870077399,32.82724224192482],[92.19424388487766,32.82724224192482],[92.28784575691509,32.739228314286265],[92.98625972519449,32.739228314286265],[93.51907038140757,32.47518653137061],[93.77827556551125,32.56320045900917],[94.13108262165241,32.43117956755134],[94.65669313386263,32.60720742282844],[95.18230364607291,32.43117956755134],[95.00950019000379,32.29915867609351],[95.18230364607291,32.34316563991278],[95.27590551811033,32.211144748454956],[95.3623072461449,32.167137784635685],[95.3623072461449,31.991109929358572],[95.44870897417945,31.815082074081474],[95.80151603032056,31.683061182623632],[95.97431948638967,31.815082074081474],[96.15432308646172,31.59504725498509],[96.24072481449628,31.9471029655393],[96.50713014260282,31.727068146442917],[96.85273705474106,31.683061182623632],[96.7663353267065,31.991109929358572],[97.29194583891677,32.07912385699713],[97.3855477109542,32.56320045900917],[97.73115462309244,32.519193495189896],[98.1703634072681,32.34316563991278],[98.4367687353747,31.859089037900745],[98.87597751955036,31.422404550771006],[98.61677233544668,31.202369731674622],[98.96237924758492,30.762300093481855],[99.1423828476569,29.266063323626454],[98.96237924758492,29.134042432168627],[98.96237924758492,28.829378836496716],[98.7895757915158,28.873385800315987],[98.7895757915158,29.00540669177383],[98.70317406348124,28.917392764135272],[98.61677233544668,28.521330089761776],[98.7895757915158,28.345302234484677],[98.70317406348124,28.21328134302685],[98.35036700734014,28.125267415388294],[98.26396527930558,28.38930919830395],[98.1703634072681,28.125267415388294],[97.55835116702332,28.521330089761776],[97.29194583891677,28.081260451569023],[97.3855477109542,27.90523259629191],[97.03274065481304,27.72920474101481],[96.50713014260282,28.125267415388294],[95.715114302286,28.25728830684612],[95.3623072461449,28.125267415388294],[95.27590551811033,27.949239560111195],[94.21748434968697,27.5531768857377],[93.86467729354587,27.02509331990639],[93.60547210944213,26.937079392267833],[92.1078421568431,26.849065464629277],[92.02144042880855,27.465162958099143],[91.58223164463288,27.5531768857377],[91.58223164463288,27.90523259629191],[91.40942818856377,28.037253487749737],[91.0566211324226,27.86122563247264],[90.7038140762815,28.081260451569023],[89.82539650793012,28.21328134302685],[89.64539290785814,28.169274379207565],[89.11978239564786,27.597183849556984],[89.11978239564786,27.333142066641315],[89.0333806676133,27.201121175183488],[88.76697533950676,27.42115599427987],[88.86057721154418,27.993246523930466],[88.6805736114722,28.125267415388294],[88.15496309926198,27.90523259629191],[87.88855777115538,27.949239560111195],[87.71575431508626,27.817218668653354],[87.09654193083861,27.817218668653354],[86.75093501870032,28.125267415388294],[86.57093141862833,28.125267415388294],[86.48452969059377,27.90523259629191],[86.13172263445267,28.125267415388294],[86.04532090641811,27.90523259629191],[85.69251385027695,28.345302234484677],[85.6061121222424,28.25728830684612],[85.16690333806673,28.345302234484677],[85.16690333806673,28.653350981219617],[84.90049800996019,28.56533705358106],[84.46128922578447,28.74136490885816],[84.28848576971535,28.873385800315987],[84.20208404168079,29.222056359807183],[84.10848216964337,29.266063323626454],[83.58287165743315,29.178049395987912],[83.23006460129199,29.574112070361394],[82.17884357687149,30.058188672373433],[82.09244184883693,30.322230455289088],[81.38682773655472,30.366237419108373],[81.2140242804856,30.014181708554162],[81.03402068041356,30.234216527650545],[80.06920138402768,30.586272238204756],[79.71639432788652,30.938327948758968],[79.01078021560426,31.070348840216795],[78.75157503150058,31.33439062313245],[78.83797675953514,31.59504725498509],[78.66517330346602,31.815082074081474],[78.75157503150058,31.903096001720016],[78.48516970339404,32.1231308208164],[78.39876797535948,32.519193495189896],[78.75157503150058,32.695221350466994],[78.9243784875697,32.34316563991278],[79.27718554371086,32.56320045900917],[79.10438208764174,33.17929795247903],[78.66517330346602,33.66337455449107],[78.66517330346602,34.100059041620824],[78.9243784875697,34.144066005440095],[79.01078021560426,34.32009386071719]]]}},{"type":"Feature","properties":{"id":"15","size":"450","name":"内蒙古自治区","cp":[112.5977,46.3408],"childNum":12},"geometry":{"type":"MultiPolygon","coordinates":[[[[99.49518990379806,42.58324760555209],[100.8128162563251,42.67126153319066],[101.77763555271105,42.495233677913546],[102.04404088081759,42.23119189499788],[102.74245484909693,42.143177967359335],[103.36166723334463,41.87913618444367],[103.88727774555485,41.791122256805124],[104.49928998579969,41.87913618444367],[104.49928998579969,41.6591013653473],[105.03210064201284,41.57108743770874],[105.73051461029218,41.92314314826295],[107.40094801896032,42.451226714094275],[109.42418848376963,42.451226714094275],[110.38900778015557,42.7592754608292],[111.00822016440327,43.33136599047978],[111.97303946078921,43.68003654997099],[111.97303946078921,43.812057441428806],[111.44742894857893,44.384147971079415],[111.80023600472003,45.000245464549266],[111.97303946078921,45.08825939218784],[113.64347286945736,44.73620368163361],[114.16908338166758,44.956238500729995],[114.52189043780874,45.39630813892276],[115.66671333426666,45.440315102742034],[116.19232384647688,45.70435688565769],[116.27872557451144,45.96839866857334],[116.54513090261804,46.273062264245254],[117.3371467429348,46.361076191883825],[117.42354847096937,46.58111101098021],[117.77635552711052,46.53710404716094],[118.30196603932075,46.75713886625732],[118.74117482349641,46.71313190243802],[118.91397827956558,46.75713886625732],[119.09398187963757,46.66912493861875],[119.70599411988235,46.62511797479948],[119.97239944798895,46.71313190243802],[119.70599411988235,47.19720850445006],[118.47476949538986,47.98933385319705],[117.86275725514508,48.033340817016324],[117.3371467429348,47.6812851064621],[116.80433608672172,47.90131992555848],[116.19232384647688,47.85731296173921],[115.92591851837034,47.6812851064621],[115.57311146222924,47.90131992555848],[115.48670973419468,48.165361708474165],[115.83951679033578,48.25337563611271],[115.83951679033578,48.55803923178462],[116.71793435868716,49.83424118254362],[117.77635552711052,49.526192435808696],[118.56117122342442,49.92225511018219],[119.26678533570669,50.098282965459305],[119.35318706374125,50.31831778455566],[119.18038360767213,50.36232474837496],[119.53319066381323,50.75838742274843],[119.53319066381323,50.887023163143255],[119.70599411988235,51.06305101842034],[120.14520290405807,51.67914851189022],[120.67081341626829,51.94319029480587],[120.76441528830571,52.119218150082986],[120.76441528830571,52.25123904154083],[120.58441168823373,52.33925296917937],[120.67081341626829,52.51528082445648],[120.41160823216461,52.647301715914296],[120.05880117602351,52.603294752095024],[120.05880117602351,52.735315643552866],[120.85081701634027,53.26001405832116],[121.46282925658511,53.3480279859597],[121.81563631272621,53.04336439028779],[121.20362407248143,52.55928778827575],[121.6428328566571,52.42726689681791],[121.72923458469165,52.2952460053601],[121.9956399127982,52.2952460053601],[122.16844336886732,52.51528082445648],[122.6940538810776,52.25123904154083],[122.60765215304303,52.075211186263715],[122.96045920918414,51.32709280133602],[123.3132662653253,51.23907887369745],[123.65887317746353,51.37109976515529],[124.36448728974574,51.28308583751672],[124.54449088981778,51.37109976515529],[124.89009780195602,51.37109976515529],[125.070101402028,51.63514154807095],[125.32930658613168,51.63514154807095],[126.03492069841394,51.01904405460107],[125.7685153703074,50.75838742274843],[125.7685153703074,50.538352603652044],[125.32930658613168,50.142289929278576],[125.15650313006256,49.83424118254362],[125.24290485809712,49.1741367252545],[124.80369607392146,49.1301297614352],[124.4508890177803,48.121354744654866],[124.27808556171118,48.51403226796535],[122.43484869697392,47.37323635972717],[123.0468609372187,46.71313190243802],[123.39966799335986,46.889159757715134],[123.39966799335986,46.97717368535368],[123.48606972139441,46.97717368535368],[123.57247144942897,46.84515279389586],[123.57247144942897,46.66912493861875],[123.0468609372187,46.58111101098021],[123.21966439328781,46.22905530042598],[122.78045560911215,46.0090204813296],[122.6940538810776,45.70435688565769],[122.43484869697392,45.8803847409348],[122.25484509690193,45.79237081329626],[121.81563631272621,46.0090204813296],[121.72923458469165,45.74836384947696],[121.90203804076077,45.70435688565769],[122.25484509690193,45.26428724746492],[122.08204164083276,44.86822457309145],[122.34124682493649,44.25212707962157],[123.13326266525326,44.47216189871796],[123.48606972139441,43.724043513790264],[123.3132662653253,43.507393845756894],[123.65887317746353,43.37537295429908],[123.57247144942897,43.023317243744856],[123.3132662653253,42.979310279925585],[123.13326266525326,42.80328242464847],[122.78045560911215,42.71526849700993],[122.34124682493649,42.84728938846774],[122.34124682493649,42.67126153319066],[121.9956399127982,42.71526849700993],[121.72923458469165,42.451226714094275],[121.46282925658511,42.495233677913546],[120.49800996019917,42.09917100354005],[120.14520290405807,41.70310832916657],[119.88599771995439,42.18718493117861],[119.53319066381323,42.36321278645572],[119.35318706374125,42.27519885881716],[119.26678533570669,41.70310832916657],[119.44678893577867,41.61509440152801],[119.26678533570669,41.307045654793086],[118.3883677673553,41.307045654793086],[118.12196243924876,41.74711529298584],[118.30196603932075,41.791122256805124],[118.30196603932075,42.09917100354005],[118.12196243924876,42.05516403972078],[117.94915898317964,42.23119189499788],[118.0355607112142,42.407219750274976],[117.77635552711052,42.62725456937136],[117.50995019900392,42.58324760555209],[117.3371467429348,42.451226714094275],[116.89793795875914,42.407219750274976],[116.80433608672172,42.01115707590151],[116.27872557451144,42.01115707590151],[116.0123202464049,41.791122256805124],[115.92591851837034,41.92314314826295],[115.22750455009094,41.57108743770874],[114.9610992219844,41.61509440152801],[114.87469749394984,42.09917100354005],[114.52189043780874,42.143177967359335],[114.16908338166758,41.791122256805124],[114.25548510970214,41.57108743770874],[113.9098781975639,41.43906654625091],[113.99627992559846,41.21903172715453],[113.9098781975639,41.134402950579],[114.08268165363302,40.738340276205506],[114.08268165363302,40.51830545710912],[113.81627632552647,40.51830545710912],[113.5570711414228,40.34227760183202],[113.2042640852817,40.386284565651295],[112.76505530110597,40.16624974655491],[112.32584651693031,40.25426367419347],[111.97303946078921,39.594159216904316],[111.44742894857893,39.6381661807236],[111.3538270765415,39.41813136162722],[111.09462189243783,39.37412439780795],[111.09462189243783,39.594159216904316],[110.65541310826211,39.28611047016939],[110.12980259605189,39.46213832544649],[110.21620432408645,39.28611047016939],[109.86339726794534,39.242103506350105],[109.9497989959799,39.15408957871156],[108.98497969959396,38.32134241720833],[109.07138142762852,38.01329367047339],[108.8985779715594,37.96928670665412],[108.81217624352485,38.01329367047339],[108.71857437148742,37.70524492373846],[108.19296385927714,37.617230996099906],[107.66735334706692,37.88127277901556],[107.31454629092576,38.101307598111944],[106.78893577871554,38.1893215257505],[106.522530450609,38.32134241720833],[106.96173923478466,38.97806172343445],[106.78893577871554,39.37412439780795],[106.34972699453988,39.28611047016939],[105.91051821036416,38.71740509158181],[105.81691633832673,37.79325885137702],[104.32648652973057,37.44120314082281],[103.44806896137919,37.83726581519629],[103.36166723334463,38.01329367047339],[103.53447068941375,38.14531456193123],[103.44806896137919,38.3653493810276],[104.24008480169601,38.97806172343445],[104.06008120162397,39.41813136162722],[103.36166723334463,39.33011743398866],[103.00886017720353,39.11008261489228],[102.48324966499325,39.242103506350105],[101.8640372807456,39.11008261489228],[102.04404088081759,38.890047795795894],[101.77763555271105,38.67339812776254],[101.33842676853533,38.761412055401095],[101.25202504050077,39.022068687253736],[100.98561971239423,38.93405475961518],[100.8128162563251,39.41813136162722],[100.5464109282185,39.41813136162722],[100.02080041600829,39.77018707218143],[99.49518990379806,39.858200999819985],[100.10720214404284,40.25426367419347],[100.1936038720774,40.65032634856695],[99.93439868797373,41.00238205912116],[99.22878457569146,40.87036116766333],[99.05598111962234,40.694333312386235],[98.96237924758492,40.78234724002479],[98.7895757915158,40.60631938474768],[98.52317046340926,40.738340276205506],[98.61677233544668,40.65032634856695],[98.35036700734014,40.56231242092841],[98.35036700734014,40.91436813148262],[97.47194943898876,41.483073510070184],[97.82475649512986,41.61509440152801],[97.82475649512986,41.74711529298584],[97.20554411088216,42.80328242464847],[99.49518990379806,42.58324760555209]]]]}},{"type":"Feature","properties":{"id":"63","size":"800","name":"青海省","cp":[95.2402,35.4199],"childNum":8},"geometry":{"type":"Polygon","coordinates":[[[89.73899477989556,36.08037241348825],[89.91179823596468,36.08037241348825],[89.99819996399924,36.25640026876536],[90.87661753235062,36.03636544966898],[91.0566211324226,36.08037241348825],[91.0566211324226,36.517056900618],[90.79021580431606,36.605070828256544],[90.7038140762815,36.781098683533656],[91.31582631652628,37.089147430268596],[91.0566211324226,37.44120314082281],[90.52381047620952,37.83726581519629],[90.61741234824694,38.32134241720833],[90.35100702014034,38.23332848956977],[90.17820356407123,38.49737027248544],[92.37424748494965,39.022068687253736],[92.37424748494965,39.11008261489228],[93.16626332526647,39.198096542530834],[93.16626332526647,38.97806172343445],[93.69187383747669,38.93405475961518],[93.86467729354587,38.71740509158181],[94.30388607772153,38.761412055401095],[94.57029140582807,38.3653493810276],[95.00950019000379,38.409356344846884],[95.44870897417945,38.27733545338906],[95.715114302286,38.3653493810276],[96.24072481449628,38.101307598111944],[96.4135282705654,38.23332848956977],[96.67993359867194,38.1893215257505],[96.67993359867194,38.453363308666155],[97.1191423828476,38.58538420012398],[97.03274065481304,39.198096542530834],[98.1703634072681,38.80203386815735],[98.35036700734014,39.022068687253736],[98.61677233544668,38.93405475961518],[98.7895757915158,39.06607565107301],[99.1423828476569,38.93405475961518],[99.8407968159363,38.3653493810276],[100.1936038720774,38.27733545338906],[100.02080041600829,38.453363308666155],[100.10720214404284,38.49737027248544],[100.46000920018395,38.27733545338906],[100.71921438428768,38.23332848956977],[101.16562331246621,37.83726581519629],[101.51123022460445,37.88127277901556],[101.77763555271105,37.617230996099906],[101.95043900878017,37.70524492373846],[102.13044260885215,37.44120314082281],[102.56965139302781,37.17716135790714],[102.48324966499325,36.957126538810755],[102.65605312106237,36.82510564735293],[102.56965139302781,36.737091719714385],[102.82885657713149,36.34441419640392],[103.00886017720353,36.25640026876536],[102.92245844916897,36.08037241348825],[102.92245844916897,35.90434455821115],[102.65605312106237,35.77232366675332],[102.82885657713149,35.59629581147621],[102.48324966499325,35.59629581147621],[102.30324606492127,35.42026795619911],[102.38964779295583,35.20023313710273],[101.95043900878017,34.84817742654852],[101.95043900878017,34.62814260745213],[102.21684433688671,34.40810778835575],[102.13044260885215,34.27608689689792],[101.69123382467649,34.100059041620824],[100.98561971239423,34.36410082453648],[100.8128162563251,34.27608689689792],[101.25202504050077,33.66337455449107],[101.51123022460445,33.707381518310356],[101.60483209664193,33.531353663033244],[101.77763555271105,33.531353663033244],[101.69123382467649,33.31131884393686],[101.77763555271105,33.22330491629832],[101.60483209664193,33.13529098865976],[101.16562331246621,33.22330491629832],[101.25202504050077,32.695221350466994],[100.71921438428768,32.65121438664772],[100.71921438428768,32.519193495189896],[100.37360747214939,32.739228314286265],[100.10720214404284,32.65121438664772],[100.10720214404284,32.87124920574411],[99.8407968159363,33.003270097201934],[99.75439508790174,32.739228314286265],[99.22878457569146,32.91525616956338],[99.22878457569146,33.047277061021205],[98.87597751955036,33.17929795247903],[98.4367687353747,34.05605207780154],[97.82475649512986,34.188072969259366],[97.64475289505788,34.100059041620824],[97.73115462309244,33.92741633740674],[97.3855477109542,33.883409373587455],[97.47194943898876,33.57536062685253],[97.73115462309244,33.399332771575416],[97.3855477109542,32.87124920574411],[97.47194943898876,32.695221350466994],[97.73115462309244,32.519193495189896],[97.3855477109542,32.56320045900917],[97.29194583891677,32.07912385699713],[96.7663353267065,31.991109929358572],[96.85273705474106,31.683061182623632],[96.50713014260282,31.727068146442917],[96.24072481449628,31.9471029655393],[96.15432308646172,31.59504725498509],[95.97431948638967,31.815082074081474],[95.80151603032056,31.683061182623632],[95.44870897417945,31.815082074081474],[95.3623072461449,31.991109929358572],[95.3623072461449,32.167137784635685],[95.27590551811033,32.211144748454956],[95.18230364607291,32.34316563991278],[95.00950019000379,32.29915867609351],[95.18230364607291,32.43117956755134],[94.65669313386263,32.60720742282844],[94.13108262165241,32.43117956755134],[93.77827556551125,32.56320045900917],[93.51907038140757,32.47518653137061],[92.98625972519449,32.739228314286265],[92.28784575691509,32.739228314286265],[92.19424388487766,32.82724224192482],[91.93503870077399,32.82724224192482],[91.40942818856377,33.13529098865976],[90.7038140762815,33.13529098865976],[90.0846016920338,33.48734669921397],[89.64539290785814,34.01204511398227],[89.82539650793012,34.36410082453648],[89.73899477989556,34.672149571271405],[89.82539650793012,34.84817742654852],[89.55899117982358,34.89218439036779],[89.47258945178902,35.244240100922],[89.47258945178902,35.37626099237983],[89.73899477989556,35.42026795619911],[89.73899477989556,35.77232366675332],[89.47258945178902,35.90434455821115],[89.38618772375446,36.03636544966898],[89.73899477989556,36.08037241348825]]]}},{"type":"Feature","properties":{"id":"51","size":"900","name":"四川省","cp":[101.9199,30.1904],"childNum":21},"geometry":{"type":"MultiPolygon","coordinates":[[[[101.8640372807456,33.57536062685253],[101.95043900878017,33.44333973539469],[101.8640372807456,33.091284024840476],[102.48324966499325,33.44333973539469],[102.21684433688671,33.92741633740674],[102.92245844916897,34.32009386071719],[103.09526190523809,34.188072969259366],[103.18166363327265,33.7953954459489],[104.15368307366145,33.6193675906718],[104.24008480169601,33.399332771575416],[104.41288825776513,33.31131884393686],[104.32648652973057,33.22330491629832],[104.41288825776513,33.047277061021205],[104.32648652973057,32.87124920574411],[104.41288825776513,32.739228314286265],[105.20490409808195,32.60720742282844],[105.37770755415107,32.739228314286265],[105.37770755415107,32.87124920574411],[105.4713094261885,32.91525616956338],[105.55771115422306,32.739228314286265],[106.08332166643328,32.87124920574411],[106.08332166643328,32.739228314286265],[106.34972699453988,32.65121438664772],[107.04814096281922,32.695221350466994],[107.14174283485664,32.47518653137061],[107.2281445628912,32.43117956755134],[107.40094801896032,32.519193495189896],[108.02016040320802,32.167137784635685],[108.2793655873117,32.25515171227423],[108.5457709154183,32.211144748454956],[108.36576731534626,32.167137784635685],[108.2793655873117,31.903096001720016],[108.5457709154183,31.683061182623632],[108.19296385927714,31.510418478409548],[107.9265585311706,30.85031402112041],[107.48734974699488,30.85031402112041],[107.40094801896032,30.762300093481855],[107.48734974699488,30.630279202024028],[107.04814096281922,30.014181708554162],[106.78893577871554,30.014181708554162],[106.60893217864356,30.322230455289088],[106.26332526650532,30.19020956383126],[105.81691633832673,30.454251346746915],[105.64411288225762,30.278223491469817],[105.55771115422306,30.102195636192704],[105.73051461029218,29.882160817096334],[105.29130582611651,29.530105106542123],[105.4713094261885,29.31007028744574],[105.73051461029218,29.266063323626454],[105.81691633832673,28.961399727954543],[106.26332526650532,28.873385800315987],[106.34972699453988,28.521330089761776],[105.99691993839872,28.74136490885816],[105.64411288225762,28.433316162123234],[105.91051821036416,28.125267415388294],[106.16972339446784,28.125267415388294],[106.34972699453988,27.817218668653354],[105.64411288225762,27.641190813376255],[105.55771115422306,27.773211704834083],[105.29130582611651,27.72920474101481],[105.20490409808195,27.993246523930466],[105.03210064201284,28.081260451569023],[104.8520970419408,27.90523259629191],[104.41288825776513,27.949239560111195],[104.32648652973057,28.037253487749737],[104.41288825776513,28.125267415388294],[104.41288825776513,28.25728830684612],[104.24008480169601,28.433316162123234],[104.41288825776513,28.609344017400332],[103.88727774555485,28.653350981219617],[103.8008760175203,28.301295270665406],[103.44806896137919,28.125267415388294],[103.44806896137919,27.773211704834083],[102.92245844916897,27.289135102822044],[103.00886017720353,26.368374013680267],[102.65605312106237,26.192346158403154],[102.56965139302781,26.368374013680267],[102.13044260885215,26.104332230764598],[101.8640372807456,26.060325266945327],[101.60483209664193,26.236353122222425],[101.69123382467649,26.368374013680267],[101.42482849656989,26.588408832776636],[101.42482849656989,26.720429724234478],[101.16562331246621,27.02509331990639],[101.16562331246621,27.157114211364217],[100.71921438428768,27.86122563247264],[100.37360747214939,27.817218668653354],[100.28000560011196,27.72920474101481],[100.02080041600829,28.125267415388294],[100.1936038720774,28.345302234484677],[99.66799335986718,28.829378836496716],[99.40158803176058,28.521330089761776],[99.40158803176058,28.169274379207565],[99.22878457569146,28.301295270665406],[99.1423828476569,29.266063323626454],[98.96237924758492,30.762300093481855],[98.61677233544668,31.202369731674622],[98.87597751955036,31.422404550771006],[98.4367687353747,31.859089037900745],[98.1703634072681,32.34316563991278],[97.73115462309244,32.519193495189896],[97.47194943898876,32.695221350466994],[97.3855477109542,32.87124920574411],[97.73115462309244,33.399332771575416],[97.47194943898876,33.57536062685253],[97.3855477109542,33.883409373587455],[97.73115462309244,33.92741633740674],[97.64475289505788,34.100059041620824],[97.82475649512986,34.188072969259366],[98.4367687353747,34.05605207780154],[98.87597751955036,33.17929795247903],[99.22878457569146,33.047277061021205],[99.22878457569146,32.91525616956338],[99.75439508790174,32.739228314286265],[99.8407968159363,33.003270097201934],[100.10720214404284,32.87124920574411],[100.10720214404284,32.65121438664772],[100.37360747214939,32.739228314286265],[100.71921438428768,32.519193495189896],[100.71921438428768,32.65121438664772],[101.25202504050077,32.695221350466994],[101.16562331246621,33.22330491629832],[101.60483209664193,33.13529098865976],[101.77763555271105,33.22330491629832],[101.69123382467649,33.31131884393686],[101.77763555271105,33.531353663033244],[101.8640372807456,33.57536062685253]]]]}},{"type":"Feature","properties":{"id":"23","size":"700","name":"黑龙江省","cp":[126.1445,48.7156],"childNum":13},"geometry":{"type":"MultiPolygon","coordinates":[[[[123.65887317746353,53.56806280505609],[124.89009780195602,53.08737135410706],[125.070101402028,53.219392245564904],[125.59571191423822,53.08737135410706],[125.68211364227284,52.91134349882995],[126.1213224264485,52.77932260737214],[126.03492069841394,52.603294752095024],[126.20772415448306,52.51528082445648],[126.38772775455504,52.2952460053601],[126.38772775455504,52.20723207772153],[126.56053121062416,52.16322511390226],[126.4741294825896,51.94319029480587],[126.91333826676532,51.37109976515529],[126.82693653873076,51.28308583751672],[126.99973999479988,51.32709280133602],[126.91333826676532,51.10705798223964],[127.26614532290643,50.75838742274843],[127.35254705094098,50.27431082073639],[127.61895237904753,50.23030385691712],[127.53255065101297,49.87824814636292],[127.79175583511665,49.61420636344724],[128.7565751315026,49.57019939962797],[129.1093821876437,49.35016458053158],[129.46218924378485,49.438178508170154],[130.25420508410167,48.866087978519545],[130.69341386827733,48.866087978519545],[130.5206104122082,48.64605315942316],[130.86621732434645,48.29738259993198],[130.69341386827733,48.121354744654866],[131.04622092441844,47.6812851064621],[132.5366507330146,47.7252920702814],[132.63025260505208,47.94532688937778],[133.06946138922774,48.121354744654866],[133.50867017340346,48.121354744654866],[134.2070841416828,48.38539652757052],[135.08550171003418,48.42601834032678],[134.73989479789594,48.25337563611271],[134.5598911978239,47.98933385319705],[134.73989479789594,47.6812851064621],[134.5598911978239,47.46125028736574],[134.38708774175478,47.46125028736574],[134.2070841416828,47.28522243208863],[134.2070841416828,47.15320154063079],[133.8542770855417,46.53710404716094],[133.94787895757912,46.273062264245254],[133.50867017340346,45.83637777711553],[133.41506830136598,45.572335994199875],[133.24226484529686,45.528329030380604],[133.06946138922774,45.13226635600711],[132.88945778915576,45.04425242836854],[131.92463849276982,45.35230117510349],[131.5718314366287,45.04425242836854],[131.04622092441844,44.86822457309145],[131.3054261085221,44.07609922434446],[131.21902438048755,43.724043513790264],[131.3054261085221,43.46338688193762],[130.86621732434645,43.41937991811835],[130.5206104122082,43.63602958615169],[130.34060681213623,43.98808529670592],[129.98779975599507,43.85606440524808],[129.9013980279605,44.03209226052519],[129.81499629992595,43.900071369067376],[129.28938578771573,43.812057441428806],[129.1957839156783,43.595407773395465],[128.85017700354,43.551400809576165],[128.4973699473989,44.16411315198303],[128.41096821936435,44.47216189871796],[128.05816116322325,44.340141007260115],[128.05816116322325,44.12010618816376],[127.70535410708209,44.12010618816376],[127.53255065101297,44.6041827901758],[127.0933418668373,44.6041827901758],[126.99973999479988,44.78021064545288],[127.0933418668373,45.000245464549266],[126.91333826676532,45.13226635600711],[126.56053121062416,45.26428724746492],[126.03492069841394,45.17627331982638],[125.7685153703074,45.30829421128422],[125.68211364227284,45.528329030380604],[125.070101402028,45.39630813892276],[124.89009780195602,45.528329030380604],[124.36448728974574,45.440315102742034],[124.01168023360464,45.74836384947696],[123.92527850557008,46.22905530042598],[123.21966439328781,46.22905530042598],[123.0468609372187,46.58111101098021],[123.57247144942897,46.66912493861875],[123.57247144942897,46.84515279389586],[123.48606972139441,46.97717368535368],[123.39966799335986,46.97717368535368],[123.39966799335986,46.889159757715134],[123.0468609372187,46.71313190243802],[122.43484869697392,47.37323635972717],[124.27808556171118,48.51403226796535],[124.4508890177803,48.121354744654866],[124.80369607392146,49.1301297614352],[125.24290485809712,49.1741367252545],[125.15650313006256,49.83424118254362],[125.32930658613168,50.142289929278576],[125.7685153703074,50.538352603652044],[125.7685153703074,50.75838742274843],[126.03492069841394,51.01904405460107],[125.32930658613168,51.63514154807095],[125.070101402028,51.63514154807095],[124.89009780195602,51.37109976515529],[124.54449088981778,51.37109976515529],[124.36448728974574,51.28308583751672],[123.65887317746353,51.37109976515529],[123.3132662653253,51.23907887369745],[122.96045920918414,51.32709280133602],[122.60765215304303,52.075211186263715],[122.6940538810776,52.25123904154083],[122.16844336886732,52.51528082445648],[121.9956399127982,52.2952460053601],[121.72923458469165,52.2952460053601],[121.6428328566571,52.42726689681791],[121.20362407248143,52.55928778827575],[121.81563631272621,53.04336439028779],[121.46282925658511,53.3480279859597],[123.65887317746353,53.56806280505609]]]]}},{"type":"Feature","properties":{"id":"62","size":"690","name":"甘肃省","cp":[99.7129,38.166],"childNum":14},"geometry":{"type":"Polygon","coordinates":[[[96.4135282705654,42.71526849700993],[97.20554411088216,42.80328242464847],[97.82475649512986,41.74711529298584],[97.82475649512986,41.61509440152801],[97.47194943898876,41.483073510070184],[98.35036700734014,40.91436813148262],[98.35036700734014,40.56231242092841],[98.61677233544668,40.65032634856695],[98.52317046340926,40.738340276205506],[98.7895757915158,40.60631938474768],[98.96237924758492,40.78234724002479],[99.05598111962234,40.694333312386235],[99.22878457569146,40.87036116766333],[99.93439868797373,41.00238205912116],[100.1936038720774,40.65032634856695],[100.10720214404284,40.25426367419347],[99.49518990379806,39.858200999819985],[100.02080041600829,39.77018707218143],[100.5464109282185,39.41813136162722],[100.8128162563251,39.41813136162722],[100.98561971239423,38.93405475961518],[101.25202504050077,39.022068687253736],[101.33842676853533,38.761412055401095],[101.77763555271105,38.67339812776254],[102.04404088081759,38.890047795795894],[101.8640372807456,39.11008261489228],[102.48324966499325,39.242103506350105],[103.00886017720353,39.11008261489228],[103.36166723334463,39.33011743398866],[104.06008120162397,39.41813136162722],[104.24008480169601,38.97806172343445],[103.44806896137919,38.3653493810276],[103.53447068941375,38.14531456193123],[103.36166723334463,38.01329367047339],[103.44806896137919,37.83726581519629],[104.32648652973057,37.44120314082281],[104.59289185783712,37.44120314082281],[104.59289185783712,37.221168321726424],[104.8520970419408,37.221168321726424],[105.29130582611651,36.82510564735293],[105.20490409808195,36.6930847558951],[105.4713094261885,36.124379377307534],[105.29130582611651,35.99235848584971],[105.37770755415107,35.77232366675332],[105.73051461029218,35.72831670293404],[105.81691633832673,35.55228884765694],[105.99691993839872,35.46427492001838],[105.91051821036416,35.42026795619911],[105.99691993839872,35.42026795619911],[106.08332166643328,35.37626099237983],[106.26332526650532,35.42026795619911],[106.34972699453988,35.244240100922],[106.522530450609,35.332254028560556],[106.43612872257444,35.68430973911477],[106.70253405068098,35.68430973911477],[106.96173923478466,35.816330630572594],[106.8753375067501,36.124379377307534],[106.522530450609,36.25640026876536],[106.522530450609,36.473049936798716],[106.43612872257444,36.56106386443727],[106.60893217864356,36.781098683533656],[106.60893217864356,37.089147430268596],[107.31454629092576,37.089147430268596],[107.31454629092576,36.913119574991484],[108.71857437148742,36.34441419640392],[108.63217264345286,35.99235848584971],[108.5457709154183,35.86033759439188],[108.63217264345286,35.55228884765694],[108.5457709154183,35.288247064741284],[107.75375507510148,35.288247064741284],[107.75375507510148,35.11221920946417],[107.84015680313604,35.024205281825616],[107.66735334706692,34.93619135418707],[107.2281445628912,34.89218439036779],[106.96173923478466,35.0682122456449],[106.60893217864356,35.0682122456449],[106.522530450609,34.76016349890996],[106.34972699453988,34.58413564363286],[106.70253405068098,34.32009386071719],[106.522530450609,34.27608689689792],[106.60893217864356,34.144066005440095],[106.43612872257444,33.92741633740674],[106.522530450609,33.531353663033244],[105.99691993839872,33.6193675906718],[105.73051461029218,33.399332771575416],[105.99691993839872,33.17929795247903],[105.91051821036416,33.003270097201934],[105.4713094261885,32.91525616956338],[105.37770755415107,32.87124920574411],[105.37770755415107,32.739228314286265],[105.20490409808195,32.60720742282844],[104.41288825776513,32.739228314286265],[104.32648652973057,32.87124920574411],[104.41288825776513,33.047277061021205],[104.32648652973057,33.22330491629832],[104.41288825776513,33.31131884393686],[104.24008480169601,33.399332771575416],[104.15368307366145,33.6193675906718],[103.18166363327265,33.7953954459489],[103.09526190523809,34.188072969259366],[102.92245844916897,34.32009386071719],[102.21684433688671,33.92741633740674],[102.48324966499325,33.44333973539469],[101.8640372807456,33.091284024840476],[101.95043900878017,33.44333973539469],[101.8640372807456,33.57536062685253],[101.77763555271105,33.531353663033244],[101.60483209664193,33.531353663033244],[101.51123022460445,33.707381518310356],[101.25202504050077,33.66337455449107],[100.8128162563251,34.27608689689792],[100.98561971239423,34.36410082453648],[101.69123382467649,34.100059041620824],[102.13044260885215,34.27608689689792],[102.21684433688671,34.40810778835575],[101.95043900878017,34.62814260745213],[101.95043900878017,34.84817742654852],[102.38964779295583,35.20023313710273],[102.30324606492127,35.42026795619911],[102.48324966499325,35.59629581147621],[102.82885657713149,35.59629581147621],[102.65605312106237,35.77232366675332],[102.92245844916897,35.90434455821115],[102.92245844916897,36.08037241348825],[103.00886017720353,36.25640026876536],[102.82885657713149,36.34441419640392],[102.56965139302781,36.737091719714385],[102.65605312106237,36.82510564735293],[102.48324966499325,36.957126538810755],[102.56965139302781,37.17716135790714],[102.13044260885215,37.44120314082281],[101.95043900878017,37.70524492373846],[101.77763555271105,37.617230996099906],[101.51123022460445,37.88127277901556],[101.16562331246621,37.83726581519629],[100.71921438428768,38.23332848956977],[100.46000920018395,38.27733545338906],[100.10720214404284,38.49737027248544],[100.02080041600829,38.453363308666155],[100.1936038720774,38.27733545338906],[99.8407968159363,38.3653493810276],[99.1423828476569,38.93405475961518],[98.7895757915158,39.06607565107301],[98.61677233544668,38.93405475961518],[98.35036700734014,39.022068687253736],[98.1703634072681,38.80203386815735],[97.03274065481304,39.198096542530834],[97.1191423828476,38.58538420012398],[96.67993359867194,38.453363308666155],[96.67993359867194,38.1893215257505],[96.4135282705654,38.23332848956977],[96.24072481449628,38.101307598111944],[95.715114302286,38.3653493810276],[95.44870897417945,38.27733545338906],[95.00950019000379,38.409356344846884],[94.57029140582807,38.3653493810276],[94.30388607772153,38.761412055401095],[93.86467729354587,38.71740509158181],[93.69187383747669,38.93405475961518],[93.16626332526647,38.97806172343445],[93.16626332526647,39.198096542530834],[92.37424748494965,39.11008261489228],[92.37424748494965,39.33011743398866],[92.63345266905333,39.6381661807236],[93.07266145322905,40.65032634856695],[93.86467729354587,40.694333312386235],[94.04468089361785,41.09039598675972],[94.57029140582807,41.483073510070184],[95.18230364607291,41.791122256805124],[95.27590551811033,41.61509440152801],[95.97431948638967,41.92314314826295],[96.24072481449628,42.23119189499788],[96.06792135842716,42.319205822636434],[95.97431948638967,42.495233677913546],[96.4135282705654,42.71526849700993]]]}},{"type":"Feature","properties":{"id":"53","size":"1200","name":"云南省","cp":[101.0652,25.1807],"childNum":16},"geometry":{"type":"MultiPolygon","coordinates":[[[[98.26396527930558,28.38930919830395],[98.35036700734014,28.125267415388294],[98.70317406348124,28.21328134302685],[98.7895757915158,28.345302234484677],[98.61677233544668,28.521330089761776],[98.70317406348124,28.917392764135272],[98.7895757915158,29.00540669177383],[98.7895757915158,28.873385800315987],[98.96237924758492,28.829378836496716],[98.96237924758492,29.134042432168627],[99.1423828476569,29.266063323626454],[99.22878457569146,28.301295270665406],[99.40158803176058,28.169274379207565],[99.40158803176058,28.521330089761776],[99.66799335986718,28.829378836496716],[100.1936038720774,28.345302234484677],[100.02080041600829,28.125267415388294],[100.28000560011196,27.72920474101481],[100.37360747214939,27.817218668653354],[100.71921438428768,27.86122563247264],[101.16562331246621,27.157114211364217],[101.16562331246621,27.02509331990639],[101.42482849656989,26.720429724234478],[101.42482849656989,26.588408832776636],[101.69123382467649,26.368374013680267],[101.60483209664193,26.236353122222425],[101.8640372807456,26.060325266945327],[102.13044260885215,26.104332230764598],[102.56965139302781,26.368374013680267],[102.65605312106237,26.192346158403154],[103.00886017720353,26.368374013680267],[102.92245844916897,27.289135102822044],[103.44806896137919,27.773211704834083],[103.44806896137919,28.125267415388294],[103.8008760175203,28.301295270665406],[103.88727774555485,28.653350981219617],[104.41288825776513,28.609344017400332],[104.24008480169601,28.433316162123234],[104.41288825776513,28.25728830684612],[104.41288825776513,28.125267415388294],[104.32648652973057,28.037253487749737],[104.41288825776513,27.949239560111195],[104.8520970419408,27.90523259629191],[105.03210064201284,28.081260451569023],[105.20490409808195,27.993246523930466],[105.29130582611651,27.72920474101481],[105.20490409808195,27.3771490304606],[104.59289185783712,27.333142066641315],[104.41288825776513,27.465162958099143],[104.15368307366145,27.245128139002773],[103.88727774555485,27.42115599427987],[103.62087241744831,27.02509331990639],[103.71447428948574,26.981086356087104],[103.71447428948574,26.76105153699072],[103.88727774555485,26.544401868957365],[104.41288825776513,26.676422760415193],[104.67929358587168,26.412380977499538],[104.32648652973057,25.708269556391116],[104.8520970419408,25.224192954379077],[104.59289185783712,25.048165099101965],[104.67929358587168,24.960151171463423],[104.49928998579969,24.74011635236704],[104.67929358587168,24.344053677993543],[104.76569531390624,24.47607456945137],[105.03210064201284,24.4320676056321],[105.20490409808195,24.083397046140902],[105.4713094261885,24.03939008232163],[105.55771115422306,24.127404009960188],[105.99691993839872,24.127404009960188],[106.16972339446784,23.819355263225248],[106.16972339446784,23.555313480309593],[105.64411288225762,23.423292588851766],[105.55771115422306,23.203257769755382],[105.29130582611651,23.37928562503248],[104.8520970419408,23.15925080593611],[104.76569531390624,22.85120205920117],[104.32648652973057,22.67517420392406],[104.15368307366145,22.8071950953819],[103.97367947358941,22.54315331246623],[103.62087241744831,22.763188131562615],[103.53447068941375,22.587160276285516],[103.36166723334463,22.8071950953819],[103.09526190523809,22.45513938482769],[102.48324966499325,22.763188131562615],[102.30324606492127,22.411132421008404],[101.8640372807456,22.367125457189132],[101.77763555271105,22.49914634864696],[101.60483209664193,22.19109760191202],[101.8640372807456,21.622392223324454],[101.77763555271105,21.138315621312415],[101.60483209664193,21.22632954895097],[101.25202504050077,21.182322585131686],[101.16562331246621,21.75441311478228],[100.63281265625307,21.44636436804734],[100.10720214404284,21.490371331866626],[99.93439868797373,22.059076710454192],[99.22878457569146,22.14709063809275],[99.40158803176058,22.587160276285516],[99.31518630372602,22.719181167743344],[99.49518990379806,23.071236878297555],[98.87597751955036,23.203257769755382],[98.70317406348124,23.951376154683075],[98.87597751955036,24.127404009960188],[98.1703634072681,24.083397046140902],[97.73115462309244,23.863362227044533],[97.55835116702332,23.907369190863804],[97.73115462309244,24.127404009960188],[97.64475289505788,24.4320676056321],[97.55835116702332,24.4320676056321],[97.55835116702332,24.74011635236704],[97.73115462309244,24.82813028000558],[97.82475649512986,25.26819991819835],[98.1703634072681,25.400220809656176],[98.1703634072681,25.62025562875256],[98.35036700734014,25.57624866493329],[98.52317046340926,25.840290447848943],[98.70317406348124,25.884297411668214],[98.61677233544668,26.060325266945327],[98.70317406348124,26.148339194583883],[98.7895757915158,26.588408832776636],[98.70317406348124,27.509169921918428],[98.52317046340926,27.641190813376255],[98.35036700734014,27.509169921918428],[98.1703634072681,28.125267415388294],[98.26396527930558,28.38930919830395]]]]}},{"type":"Feature","properties":{"id":"45","size":"1450","name":"广西壮族自治区","cp":[107.7813,23.6426],"childNum":14},"geometry":{"type":"Polygon","coordinates":[[[104.49928998579969,24.74011635236704],[104.67929358587168,24.60809546090921],[105.20490409808195,24.960151171463423],[105.99691993839872,24.652102424728483],[106.16972339446784,24.78412331618631],[106.16972339446784,24.960151171463423],[106.8753375067501,25.180185990559792],[107.04814096281922,25.26819991819835],[106.96173923478466,25.488234737294732],[107.2281445628912,25.62025562875256],[107.48734974699488,25.224192954379077],[107.75375507510148,25.224192954379077],[107.84015680313604,25.13617902674052],[108.10656213124258,25.224192954379077],[108.19296385927714,25.44422777347546],[108.36576731534626,25.532241701114003],[108.63217264345286,25.312206882017634],[108.63217264345286,25.57624866493329],[109.07138142762852,25.532241701114003],[108.98497969959396,25.752276520210387],[109.33778675573507,25.708269556391116],[109.51059021180419,26.016318303126056],[109.77699553991079,25.884297411668214],[109.9497989959799,26.192346158403154],[110.21620432408645,25.97231133930677],[110.56901138022755,26.32436704986098],[111.18102362047239,26.32436704986098],[111.26742534850695,26.236353122222425],[111.26742534850695,25.884297411668214],[111.44742894857893,25.840290447848943],[111.00822016440327,25.004158135282694],[111.09462189243783,24.960151171463423],[111.3538270765415,25.13617902674052],[111.53383067661349,24.652102424728483],[111.70663413268261,24.78412331618631],[112.05944118882377,24.74011635236704],[111.8866377327546,24.652102424728483],[112.05944118882377,24.344053677993543],[111.8866377327546,24.215417937598744],[111.8866377327546,23.99538311850236],[111.80023600472003,23.819355263225248],[111.62023240464805,23.819355263225248],[111.62023240464805,23.68733437176742],[111.3538270765415,23.467299552671037],[111.44742894857893,23.02722991447827],[111.26742534850695,22.8071950953819],[110.74181483629667,22.54315331246623],[110.74181483629667,22.279111529550576],[110.65541310826211,22.14709063809275],[110.302606052121,22.14709063809275],[110.302606052121,21.88643400624011],[109.9497989959799,21.842427042420837],[109.86339726794534,21.666399187143725],[109.77699553991079,21.622392223324454],[109.77699553991079,21.40235740422807],[109.59699193983874,21.44636436804734],[109.15778315566308,21.3583504404088],[109.25138502770051,20.87427383839676],[109.07138142762852,20.962287766035303],[109.07138142762852,21.534378295685897],[108.71857437148742,21.534378295685897],[108.63217264345286,21.666399187143725],[108.2793655873117,21.490371331866626],[107.84015680313604,21.622392223324454],[107.40094801896032,21.622392223324454],[107.04814096281922,21.798420078601552],[107.04814096281922,21.927055818996365],[106.70253405068098,22.01506974663492],[106.60893217864356,22.411132421008404],[106.78893577871554,22.763188131562615],[106.70253405068098,22.895209023020442],[105.91051821036416,22.939215986839727],[105.55771115422306,23.071236878297555],[105.55771115422306,23.203257769755382],[105.64411288225762,23.423292588851766],[106.16972339446784,23.555313480309593],[106.16972339446784,23.819355263225248],[105.99691993839872,24.127404009960188],[105.55771115422306,24.127404009960188],[105.4713094261885,24.03939008232163],[105.20490409808195,24.083397046140902],[105.03210064201284,24.4320676056321],[104.76569531390624,24.47607456945137],[104.67929358587168,24.344053677993543],[104.49928998579969,24.74011635236704]]]}},{"type":"Feature","properties":{"id":"43","size":"1700","name":"湖南省","cp":[111.5332,27.3779],"childNum":14},"geometry":{"type":"Polygon","coordinates":[[[109.25138502770051,28.477323125942505],[109.25138502770051,29.134042432168627],[109.51059021180419,29.618119034180665],[109.69059381187623,29.618119034180665],[109.77699553991079,29.750139925638493],[110.47540950819013,29.66212599799995],[110.65541310826211,29.750139925638493],[110.47540950819013,30.014181708554162],[110.82821656433123,30.14620260001199],[111.80023600472003,29.926167780915605],[112.23944478889575,29.530105106542123],[112.49864997299943,29.618119034180665],[112.67865357307141,29.574112070361394],[112.93785875717509,29.794146889457778],[113.02426048520965,29.750139925638493],[112.93785875717509,29.486098142722838],[113.02426048520965,29.442091178903567],[113.5570711414228,29.83815385327705],[113.5570711414228,29.706132961819222],[113.72987459749191,29.574112070361394],[113.64347286945736,29.31007028744574],[113.72987459749191,29.09342061941237],[113.9098781975639,29.0494136555931],[114.16908338166758,28.829378836496716],[114.08268165363302,28.56533705358106],[114.25548510970214,28.345302234484677],[113.72987459749191,27.949239560111195],[113.64347286945736,27.597183849556984],[113.64347286945736,27.3771490304606],[113.81627632552647,27.289135102822044],[113.72987459749191,27.11310724754493],[113.9098781975639,26.937079392267833],[113.9098781975639,26.63241579659592],[114.08268165363302,26.588408832776636],[113.99627992559846,26.192346158403154],[114.25548510970214,26.148339194583883],[113.99627992559846,26.060325266945327],[113.9098781975639,25.44422777347546],[113.64347286945736,25.312206882017634],[113.2042640852817,25.532241701114003],[112.85145702914053,25.356213845836905],[113.02426048520965,25.224192954379077],[113.02426048520965,24.960151171463423],[112.85145702914053,24.916144207644138],[112.58505170103399,25.13617902674052],[112.23944478889575,25.180185990559792],[112.14584291685833,24.872137243824866],[112.05944118882377,24.74011635236704],[111.70663413268261,24.78412331618631],[111.53383067661349,24.652102424728483],[111.3538270765415,25.13617902674052],[111.09462189243783,24.960151171463423],[111.00822016440327,25.004158135282694],[111.44742894857893,25.840290447848943],[111.26742534850695,25.884297411668214],[111.26742534850695,26.236353122222425],[111.18102362047239,26.32436704986098],[110.56901138022755,26.32436704986098],[110.21620432408645,25.97231133930677],[109.9497989959799,26.192346158403154],[109.77699553991079,25.884297411668214],[109.51059021180419,26.016318303126056],[109.42418848376963,26.28036008604171],[109.25138502770051,26.32436704986098],[109.42418848376963,26.588408832776636],[109.33778675573507,26.720429724234478],[109.51059021180419,26.805058500810006],[109.51059021180419,27.02509331990639],[109.33778675573507,27.157114211364217],[108.8985779715594,27.02509331990639],[108.81217624352485,27.11310724754493],[109.42418848376963,27.597183849556984],[109.33778675573507,27.90523259629191],[109.33778675573507,28.25728830684612],[109.25138502770051,28.477323125942505]]]}},{"type":"Feature","properties":{"id":"61","size":"1150","name":"陕西省","cp":[109.5996,35.7396],"childNum":10},"geometry":{"type":"Polygon","coordinates":[[[105.4713094261885,32.91525616956338],[105.91051821036416,33.003270097201934],[105.99691993839872,33.17929795247903],[105.73051461029218,33.399332771575416],[105.99691993839872,33.6193675906718],[106.522530450609,33.531353663033244],[106.43612872257444,33.92741633740674],[106.60893217864356,34.144066005440095],[106.522530450609,34.27608689689792],[106.70253405068098,34.32009386071719],[106.34972699453988,34.58413564363286],[106.522530450609,34.76016349890996],[106.60893217864356,35.0682122456449],[106.96173923478466,35.0682122456449],[107.2281445628912,34.89218439036779],[107.66735334706692,34.93619135418707],[107.84015680313604,35.024205281825616],[107.75375507510148,35.11221920946417],[107.75375507510148,35.288247064741284],[108.5457709154183,35.288247064741284],[108.63217264345286,35.55228884765694],[108.5457709154183,35.86033759439188],[108.63217264345286,35.99235848584971],[108.71857437148742,36.34441419640392],[107.31454629092576,36.913119574991484],[107.31454629092576,37.089147430268596],[107.31454629092576,37.617230996099906],[107.66735334706692,37.88127277901556],[108.19296385927714,37.617230996099906],[108.71857437148742,37.70524492373846],[108.81217624352485,38.01329367047339],[108.8985779715594,37.96928670665412],[109.07138142762852,38.01329367047339],[108.98497969959396,38.32134241720833],[109.9497989959799,39.15408957871156],[109.86339726794534,39.242103506350105],[110.21620432408645,39.28611047016939],[110.12980259605189,39.46213832544649],[110.65541310826211,39.28611047016939],[111.09462189243783,39.594159216904316],[111.09462189243783,39.37412439780795],[111.18102362047239,39.242103506350105],[110.91461829236579,38.71740509158181],[110.82821656433123,38.49737027248544],[110.47540950819013,38.1893215257505],[110.47540950819013,37.96928670665412],[110.82821656433123,37.66123795991918],[110.38900778015557,37.00113350263004],[110.47540950819013,36.124379377307534],[110.56901138022755,35.640302775295496],[110.21620432408645,34.89218439036779],[110.21620432408645,34.672149571271405],[110.38900778015557,34.58413564363286],[110.47540950819013,34.23207993307865],[110.65541310826211,34.144066005440095],[110.65541310826211,33.839402409768184],[111.00822016440327,33.531353663033244],[111.00822016440327,33.26731188011759],[110.74181483629667,33.13529098865976],[110.56901138022755,33.26731188011759],[110.302606052121,33.17929795247903],[109.59699193983874,33.26731188011759],[109.42418848376963,33.13529098865976],[109.77699553991079,33.047277061021205],[109.77699553991079,32.91525616956338],[110.12980259605189,32.739228314286265],[110.12980259605189,32.60720742282844],[109.69059381187623,32.60720742282844],[109.51059021180419,32.43117956755134],[109.59699193983874,31.727068146442917],[109.25138502770051,31.727068146442917],[109.07138142762852,31.9471029655393],[108.5457709154183,32.211144748454956],[108.2793655873117,32.25515171227423],[108.02016040320802,32.167137784635685],[107.40094801896032,32.519193495189896],[107.2281445628912,32.43117956755134],[107.14174283485664,32.47518653137061],[107.04814096281922,32.695221350466994],[106.34972699453988,32.65121438664772],[106.08332166643328,32.739228314286265],[106.08332166643328,32.87124920574411],[105.55771115422306,32.739228314286265],[105.4713094261885,32.91525616956338]]]}},{"type":"Feature","properties":{"id":"44","size":"1600","name":"广东省","cp":[113.4668,22.8076],"childNum":21},"geometry":{"type":"Polygon","coordinates":[[[109.77699553991079,21.40235740422807],[109.77699553991079,21.622392223324454],[109.86339726794534,21.666399187143725],[109.9497989959799,21.842427042420837],[110.302606052121,21.88643400624011],[110.302606052121,22.14709063809275],[110.65541310826211,22.14709063809275],[110.74181483629667,22.279111529550576],[110.74181483629667,22.54315331246623],[111.26742534850695,22.8071950953819],[111.44742894857893,23.02722991447827],[111.3538270765415,23.467299552671037],[111.62023240464805,23.68733437176742],[111.62023240464805,23.819355263225248],[111.80023600472003,23.819355263225248],[111.8866377327546,23.99538311850236],[111.8866377327546,24.215417937598744],[112.05944118882377,24.344053677993543],[111.8866377327546,24.652102424728483],[112.05944118882377,24.74011635236704],[112.14584291685833,24.872137243824866],[112.23944478889575,25.180185990559792],[112.58505170103399,25.13617902674052],[112.85145702914053,24.916144207644138],[113.02426048520965,24.960151171463423],[113.02426048520965,25.224192954379077],[112.85145702914053,25.356213845836905],[113.2042640852817,25.532241701114003],[113.64347286945736,25.312206882017634],[113.9098781975639,25.44422777347546],[113.99627992559846,25.26819991819835],[114.6082921658433,25.400220809656176],[114.78829576591528,25.26819991819835],[114.69469389387785,25.13617902674052],[114.43548870977418,24.960151171463423],[114.16908338166758,24.696109388547754],[114.43548870977418,24.520081533270655],[115.40030800616012,24.78412331618631],[115.83951679033578,24.564088497089926],[115.75311506230122,24.78412331618631],[115.92591851837034,24.916144207644138],[116.27872557451144,24.78412331618631],[116.365127302546,24.872137243824866],[116.54513090261804,24.60809546090921],[116.71793435868716,24.652102424728483],[116.9843396867937,24.17141097377946],[116.9843396867937,23.907369190863804],[117.15714314286282,23.555313480309593],[117.3371467429348,23.247264733574653],[116.89793795875914,23.37928562503248],[116.6315326306526,23.115243842116826],[116.54513090261804,22.85120205920117],[115.92591851837034,22.719181167743344],[115.66671333426666,22.763188131562615],[115.57311146222924,22.631167240104787],[115.04750095001896,22.67517420392406],[114.6082921658433,22.367125457189132],[114.34908698173962,22.54315331246623],[113.99627992559846,22.49914634864696],[113.81627632552647,22.19109760191202],[114.34908698173962,22.14709063809275],[114.43548870977418,22.01506974663492],[114.08268165363302,21.927055818996365],[113.99627992559846,21.798420078601552],[113.5570711414228,22.01506974663492],[113.11786235724713,21.842427042420837],[112.93785875717509,21.578385259505183],[112.41224824496487,21.44636436804734],[112.23944478889575,21.534378295685897],[111.53383067661349,21.490371331866626],[111.26742534850695,21.3583504404088],[110.74181483629667,21.3583504404088],[110.65541310826211,21.22632954895097],[110.74181483629667,20.91828080221603],[110.47540950819013,20.87427383839676],[110.65541310826211,20.25817634492688],[110.56901138022755,20.25817634492688],[110.38900778015557,20.126155453469053],[110.03620072401446,20.126155453469053],[109.86339726794534,20.126155453469053],[109.86339726794534,20.302183308746166],[109.59699193983874,20.91828080221603],[109.77699553991079,21.40235740422807]],[[113.60027200544005,22.16401639340785],[113.60747214944297,22.12677973171462],[113.5570711414228,22.10985397639952],[113.54267085341701,22.204638206164105],[113.57867157343145,22.204638206164105],[113.60027200544005,22.16401639340785]]]}},{"type":"Feature","properties":{"id":"22","size":"1120","name":"吉林省","cp":[125.7746,43.5938],"childNum":9},"geometry":{"type":"Polygon","coordinates":[[[123.21966439328781,46.22905530042598],[123.92527850557008,46.22905530042598],[124.01168023360464,45.74836384947696],[124.36448728974574,45.440315102742034],[124.89009780195602,45.528329030380604],[125.070101402028,45.39630813892276],[125.68211364227284,45.528329030380604],[125.7685153703074,45.30829421128422],[126.03492069841394,45.17627331982638],[126.56053121062416,45.26428724746492],[126.91333826676532,45.13226635600711],[127.0933418668373,45.000245464549266],[126.99973999479988,44.78021064545288],[127.0933418668373,44.6041827901758],[127.53255065101297,44.6041827901758],[127.70535410708209,44.12010618816376],[128.05816116322325,44.12010618816376],[128.05816116322325,44.340141007260115],[128.41096821936435,44.47216189871796],[128.4973699473989,44.16411315198303],[128.85017700354,43.551400809576165],[129.1957839156783,43.595407773395465],[129.28938578771573,43.812057441428806],[129.81499629992595,43.900071369067376],[129.9013980279605,44.03209226052519],[129.98779975599507,43.85606440524808],[130.34060681213623,43.98808529670592],[130.5206104122082,43.63602958615169],[130.86621732434645,43.41937991811835],[131.3054261085221,43.46338688193762],[131.3054261085221,43.33136599047978],[131.132622652453,42.935303316106314],[130.4270085401708,42.71526849700993],[130.60701214024277,42.67126153319066],[130.60701214024277,42.451226714094275],[130.25420508410167,42.7592754608292],[130.25420508410167,42.89129635228704],[130.1678033560671,42.979310279925585],[129.9013980279605,43.023317243744856],[129.7285945718914,42.495233677913546],[129.3757875157503,42.451226714094275],[128.93657873157457,42.01115707590151],[128.05816116322325,42.01115707590151],[128.31736634732692,41.57108743770874],[128.1445628912578,41.35105261861236],[127.0933418668373,41.527080473889455],[127.17974359487187,41.57108743770874],[126.91333826676532,41.791122256805124],[126.64693293865872,41.6591013653473],[126.4741294825896,41.39505958243163],[126.1213224264485,40.95837509530189],[125.68211364227284,40.87036116766333],[125.59571191423822,40.91436813148262],[125.7685153703074,41.21903172715453],[125.32930658613168,41.6591013653473],[125.32930658613168,41.96715011208222],[125.4229084581691,42.09917100354005],[125.32930658613168,42.143177967359335],[124.89009780195602,42.80328242464847],[124.89009780195602,43.06732420756413],[124.7172943458869,43.06732420756413],[124.4508890177803,42.84728938846774],[124.27808556171118,43.24335206284124],[123.83887677753552,43.46338688193762],[123.65887317746353,43.37537295429908],[123.3132662653253,43.507393845756894],[123.48606972139441,43.724043513790264],[123.13326266525326,44.47216189871796],[122.34124682493649,44.25212707962157],[122.08204164083276,44.86822457309145],[122.25484509690193,45.26428724746492],[121.90203804076077,45.70435688565769],[121.72923458469165,45.74836384947696],[121.81563631272621,46.0090204813296],[122.25484509690193,45.79237081329626],[122.43484869697392,45.8803847409348],[122.6940538810776,45.70435688565769],[122.78045560911215,46.0090204813296],[123.21966439328781,46.22905530042598]]]}},{"type":"Feature","properties":{"id":"13","size":"1300","name":"河北省","cp":[115.4004,39.4688],"childNum":11},"geometry":{"type":"MultiPolygon","coordinates":[[[[114.08268165363302,40.738340276205506],[113.9098781975639,41.134402950579],[113.99627992559846,41.21903172715453],[113.9098781975639,41.43906654625091],[114.25548510970214,41.57108743770874],[114.16908338166758,41.791122256805124],[114.52189043780874,42.143177967359335],[114.87469749394984,42.09917100354005],[114.9610992219844,41.61509440152801],[115.22750455009094,41.57108743770874],[115.92591851837034,41.92314314826295],[116.0123202464049,41.791122256805124],[116.27872557451144,42.01115707590151],[116.80433608672172,42.01115707590151],[116.89793795875914,42.407219750274976],[117.3371467429348,42.451226714094275],[117.50995019900392,42.58324760555209],[117.77635552711052,42.62725456937136],[118.0355607112142,42.407219750274976],[117.94915898317964,42.23119189499788],[118.12196243924876,42.05516403972078],[118.30196603932075,42.09917100354005],[118.30196603932075,41.791122256805124],[118.12196243924876,41.74711529298584],[118.3883677673553,41.307045654793086],[119.26678533570669,41.307045654793086],[118.82757655153102,40.82635420384406],[119.26678533570669,40.51830545710912],[119.53319066381323,40.56231242092841],[119.70599411988235,40.12224278273564],[119.88599771995439,39.94621492745853],[119.53319066381323,39.68217314454287],[119.44678893577867,39.41813136162722],[118.91397827956558,39.06607565107301],[118.47476949538986,38.93405475961518],[118.12196243924876,39.022068687253736],[118.0355607112142,39.198096542530834],[118.0355607112142,39.242103506350105],[117.86275725514508,39.41813136162722],[117.94915898317964,39.594159216904316],[117.68275365507304,39.594159216904316],[117.50995019900392,39.77018707218143],[117.50995019900392,39.99022189127781],[117.68275365507304,39.99022189127781],[117.68275365507304,40.07823581891637],[117.42354847096937,40.210256710374196],[117.24354487089738,40.51830545710912],[117.42354847096937,40.65032634856695],[116.9843396867937,40.694333312386235],[116.6315326306526,41.046389022940446],[116.365127302546,40.91436813148262],[116.45152903058056,40.78234724002479],[116.19232384647688,40.78234724002479],[116.10592211844232,40.60631938474768],[115.75311506230122,40.56231242092841],[115.92591851837034,40.25426367419347],[115.40030800616012,39.94621492745853],[115.48670973419468,39.6381661807236],[115.75311506230122,39.506145289265774],[116.19232384647688,39.594159216904316],[116.365127302546,39.46213832544649],[116.54513090261804,39.594159216904316],[116.80433608672172,39.594159216904316],[116.89793795875914,39.11008261489228],[116.71793435868716,38.93405475961518],[116.71793435868716,38.80203386815735],[117.24354487089738,38.54137723630471],[117.59635192703848,38.62939116394327],[117.94915898317964,38.32134241720833],[117.42354847096937,37.83726581519629],[116.80433608672172,37.83726581519629],[116.45152903058056,37.48521010464208],[116.27872557451144,37.573224032280635],[116.27872557451144,37.35318921318425],[116.0123202464049,37.35318921318425],[115.75311506230122,36.913119574991484],[115.3139062781255,36.517056900618],[115.48670973419468,36.168386341126805],[115.3139062781255,36.08037241348825],[115.13390267805352,36.21239330494609],[114.9610992219844,36.08037241348825],[114.87469749394984,36.124379377307534],[113.72987459749191,36.34441419640392],[113.46346926938537,36.64907779207583],[113.72987459749191,36.86911261117221],[113.72987459749191,37.13315439408787],[114.16908338166758,37.66123795991918],[113.99627992559846,37.70524492373846],[113.81627632552647,38.14531456193123],[113.5570711414228,38.27733545338906],[113.5570711414228,38.54137723630471],[113.81627632552647,38.80203386815735],[113.81627632552647,38.93405475961518],[113.9098781975639,39.022068687253736],[114.34908698173962,39.06607565107301],[114.52189043780874,39.506145289265774],[114.34908698173962,39.858200999819985],[113.99627992559846,39.99022189127781],[114.52189043780874,40.34227760183202],[114.34908698173962,40.386284565651295],[114.25548510970214,40.60631938474768],[114.08268165363302,40.738340276205506]]],[[[117.24354487089738,40.07823581891637],[117.15714314286282,39.8141940360007],[117.15714314286282,39.6381661807236],[116.89793795875914,39.68217314454287],[116.89793795875914,39.8141940360007],[116.80433608672172,39.99022189127781],[117.24354487089738,40.07823581891637]]]]}},{"type":"Feature","properties":{"id":"42","size":"1500","name":"湖北省","cp":[112.2363,31.1572],"childNum":17},"geometry":{"type":"Polygon","coordinates":[[[109.59699193983874,31.727068146442917],[109.51059021180419,32.43117956755134],[109.69059381187623,32.60720742282844],[110.12980259605189,32.60720742282844],[110.12980259605189,32.739228314286265],[109.77699553991079,32.91525616956338],[109.77699553991079,33.047277061021205],[109.42418848376963,33.13529098865976],[109.59699193983874,33.26731188011759],[110.302606052121,33.17929795247903],[110.56901138022755,33.26731188011759],[110.74181483629667,33.13529098865976],[111.00822016440327,33.26731188011759],[111.53383067661349,32.60720742282844],[112.32584651693031,32.34316563991278],[113.2042640852817,32.43117956755134],[113.46346926938537,32.29915867609351],[113.72987459749191,32.43117956755134],[113.81627632552647,31.859089037900745],[113.99627992559846,31.77107511026219],[114.16908338166758,31.859089037900745],[114.52189043780874,31.77107511026219],[114.6082921658433,31.551040291165805],[114.78829576591528,31.466411514590277],[115.13390267805352,31.59504725498509],[115.22750455009094,31.422404550771006],[115.40030800616012,31.422404550771006],[115.57311146222924,31.202369731674622],[116.0123202464049,31.02634187639751],[115.75311506230122,30.6742861658433],[116.10592211844232,30.19020956383126],[116.10592211844232,29.83815385327705],[115.92591851837034,29.706132961819222],[115.48670973419468,29.794146889457778],[114.87469749394984,29.398084215084282],[114.25548510970214,29.35407725126501],[113.9098781975639,29.0494136555931],[113.72987459749191,29.09342061941237],[113.64347286945736,29.31007028744574],[113.72987459749191,29.574112070361394],[113.5570711414228,29.706132961819222],[113.5570711414228,29.83815385327705],[113.02426048520965,29.442091178903567],[112.93785875717509,29.486098142722838],[113.02426048520965,29.750139925638493],[112.93785875717509,29.794146889457778],[112.67865357307141,29.574112070361394],[112.49864997299943,29.618119034180665],[112.23944478889575,29.530105106542123],[111.80023600472003,29.926167780915605],[110.82821656433123,30.14620260001199],[110.47540950819013,30.014181708554162],[110.65541310826211,29.750139925638493],[110.47540950819013,29.66212599799995],[109.77699553991079,29.750139925638493],[109.69059381187623,29.618119034180665],[109.51059021180419,29.618119034180665],[109.25138502770051,29.134042432168627],[109.07138142762852,29.35407725126501],[108.98497969959396,29.31007028744574],[108.63217264345286,29.83815385327705],[108.45936918738369,29.794146889457778],[108.5457709154183,30.234216527650545],[108.45936918738369,30.410244382927644],[108.63217264345286,30.586272238204756],[108.81217624352485,30.4982583105662],[109.07138142762852,30.630279202024028],[109.15778315566308,30.54226527438547],[109.25138502770051,30.630279202024028],[109.42418848376963,30.54226527438547],[109.86339726794534,30.894320984939682],[110.03620072401446,30.806307057301126],[110.21620432408645,31.158362767855337],[110.12980259605189,31.37839758695172],[109.69059381187623,31.551040291165805],[109.77699553991079,31.683061182623632],[109.59699193983874,31.727068146442917]]]}},{"type":"Feature","properties":{"id":"52","size":"2000","name":"贵州省","cp":[106.6113,26.9385],"childNum":9},"geometry":{"type":"Polygon","coordinates":[[[105.29130582611651,27.72920474101481],[105.55771115422306,27.773211704834083],[105.64411288225762,27.641190813376255],[106.34972699453988,27.817218668653354],[106.16972339446784,28.125267415388294],[105.91051821036416,28.125267415388294],[105.64411288225762,28.433316162123234],[105.99691993839872,28.74136490885816],[106.34972699453988,28.521330089761776],[106.522530450609,28.56533705358106],[106.43612872257444,28.785371872677445],[106.522530450609,28.785371872677445],[106.60893217864356,28.653350981219617],[106.60893217864356,28.521330089761776],[106.70253405068098,28.477323125942505],[106.8753375067501,28.785371872677445],[107.40094801896032,28.873385800315987],[107.40094801896032,29.178049395987912],[107.58095161903236,29.222056359807183],[107.84015680313604,29.134042432168627],[107.84015680313604,29.00540669177383],[108.2793655873117,29.09342061941237],[108.36576731534626,28.653350981219617],[108.5457709154183,28.653350981219617],[108.5457709154183,28.38930919830395],[108.71857437148742,28.477323125942505],[108.71857437148742,28.21328134302685],[109.07138142762852,28.21328134302685],[109.25138502770051,28.477323125942505],[109.33778675573507,28.25728830684612],[109.33778675573507,27.90523259629191],[109.42418848376963,27.597183849556984],[108.81217624352485,27.11310724754493],[108.8985779715594,27.02509331990639],[109.33778675573507,27.157114211364217],[109.51059021180419,27.02509331990639],[109.51059021180419,26.805058500810006],[109.33778675573507,26.720429724234478],[109.42418848376963,26.588408832776636],[109.25138502770051,26.32436704986098],[109.42418848376963,26.28036008604171],[109.51059021180419,26.016318303126056],[109.33778675573507,25.708269556391116],[108.98497969959396,25.752276520210387],[109.07138142762852,25.532241701114003],[108.63217264345286,25.57624866493329],[108.63217264345286,25.312206882017634],[108.36576731534626,25.532241701114003],[108.19296385927714,25.44422777347546],[108.10656213124258,25.224192954379077],[107.84015680313604,25.13617902674052],[107.75375507510148,25.224192954379077],[107.48734974699488,25.224192954379077],[107.2281445628912,25.62025562875256],[106.96173923478466,25.488234737294732],[107.04814096281922,25.26819991819835],[106.8753375067501,25.180185990559792],[106.16972339446784,24.960151171463423],[106.16972339446784,24.78412331618631],[105.99691993839872,24.652102424728483],[105.20490409808195,24.960151171463423],[104.67929358587168,24.60809546090921],[104.49928998579969,24.74011635236704],[104.67929358587168,24.960151171463423],[104.59289185783712,25.048165099101965],[104.8520970419408,25.224192954379077],[104.32648652973057,25.708269556391116],[104.67929358587168,26.412380977499538],[104.41288825776513,26.676422760415193],[103.88727774555485,26.544401868957365],[103.71447428948574,26.76105153699072],[103.71447428948574,26.981086356087104],[103.62087241744831,27.02509331990639],[103.88727774555485,27.42115599427987],[104.15368307366145,27.245128139002773],[104.41288825776513,27.465162958099143],[104.59289185783712,27.333142066641315],[105.20490409808195,27.3771490304606],[105.29130582611651,27.72920474101481]]]}},{"type":"Feature","properties":{"id":"37","size":"1500","name":"山东省","cp":[118.7402,36.4307],"childNum":17},"geometry":{"type":"Polygon","coordinates":[[[115.48670973419468,36.168386341126805],[115.3139062781255,36.517056900618],[115.75311506230122,36.913119574991484],[116.0123202464049,37.35318921318425],[116.27872557451144,37.35318921318425],[116.27872557451144,37.573224032280635],[116.45152903058056,37.48521010464208],[116.80433608672172,37.83726581519629],[117.42354847096937,37.83726581519629],[117.94915898317964,38.32134241720833],[118.12196243924876,38.14531456193123],[118.91397827956558,38.14531456193123],[119.35318706374125,37.66123795991918],[119.00038000760014,37.52921706846135],[119.00038000760014,37.35318921318425],[119.35318706374125,37.13315439408787],[119.70599411988235,37.13315439408787],[119.88599771995439,37.39719617700352],[120.49800996019917,37.83726581519629],[120.58441168823373,38.14531456193123],[120.93721874437483,38.453363308666155],[121.02362047240939,37.83726581519629],[121.20362407248143,37.66123795991918],[121.90203804076077,37.48521010464208],[122.16844336886732,37.617230996099906],[122.25484509690193,37.48521010464208],[122.60765215304303,37.48521010464208],[122.6940538810776,37.35318921318425],[122.60765215304303,36.913119574991484],[122.43484869697392,36.781098683533656],[121.81563631272621,36.86911261117221],[121.72923458469165,36.6930847558951],[121.11002220044395,36.605070828256544],[121.11002220044395,36.429042972979445],[121.37642752855055,36.25640026876536],[120.76441528830571,36.168386341126805],[120.93721874437483,35.86033759439188],[120.67081341626829,36.03636544966898],[119.70599411988235,35.46427492001838],[119.97239944798895,34.980198318006344],[119.35318706374125,35.024205281825616],[119.26678533570669,35.11221920946417],[118.91397827956558,35.024205281825616],[118.74117482349641,34.71615653509069],[118.47476949538986,34.672149571271405],[118.3883677673553,34.40810778835575],[118.21556431128619,34.40810778835575],[118.12196243924876,34.62814260745213],[117.94915898317964,34.672149571271405],[117.59635192703848,34.452114752175035],[117.3371467429348,34.58413564363286],[117.24354487089738,34.452114752175035],[116.80433608672172,34.93619135418707],[116.45152903058056,34.89218439036779],[116.365127302546,34.62814260745213],[116.19232384647688,34.58413564363286],[115.57311146222924,34.58413564363286],[115.40030800616012,34.84817742654852],[114.78829576591528,35.0682122456449],[115.04750095001896,35.37626099237983],[115.22750455009094,35.42026795619911],[115.48670973419468,35.72831670293404],[116.10592211844232,36.08037241348825],[115.3139062781255,35.816330630572594],[115.48670973419468,36.168386341126805]]]}},{"type":"Feature","properties":{"id":"36","size":"1700","name":"江西省","cp":[116.0156,27.29],"childNum":11},"geometry":{"type":"Polygon","coordinates":[[[113.9098781975639,29.0494136555931],[114.25548510970214,29.35407725126501],[114.87469749394984,29.398084215084282],[115.48670973419468,29.794146889457778],[115.92591851837034,29.706132961819222],[116.10592211844232,29.83815385327705],[116.27872557451144,29.794146889457778],[116.71793435868716,30.058188672373433],[116.89793795875914,29.926167780915605],[116.71793435868716,29.750139925638493],[116.71793435868716,29.618119034180665],[117.15714314286282,29.706132961819222],[117.07074141482826,29.83815385327705],[117.15714314286282,29.926167780915605],[117.50995019900392,29.618119034180665],[118.0355607112142,29.574112070361394],[118.21556431128619,29.398084215084282],[118.0355607112142,29.178049395987912],[118.0355607112142,29.0494136555931],[118.3883677673553,28.785371872677445],[118.47476949538986,28.345302234484677],[118.47476949538986,28.301295270665406],[118.30196603932075,28.081260451569023],[117.77635552711052,27.817218668653354],[117.50995019900392,27.993246523930466],[116.9843396867937,27.641190813376255],[117.15714314286282,27.289135102822044],[117.07074141482826,27.11310724754493],[116.54513090261804,26.805058500810006],[116.6315326306526,26.45638794131881],[116.365127302546,26.236353122222425],[116.45152903058056,26.104332230764598],[116.19232384647688,25.884297411668214],[116.0123202464049,25.26819991819835],[115.83951679033578,25.224192954379077],[115.92591851837034,24.916144207644138],[115.75311506230122,24.78412331618631],[115.83951679033578,24.564088497089926],[115.40030800616012,24.78412331618631],[114.43548870977418,24.520081533270655],[114.16908338166758,24.696109388547754],[114.43548870977418,24.960151171463423],[114.69469389387785,25.13617902674052],[114.78829576591528,25.26819991819835],[114.6082921658433,25.400220809656176],[113.99627992559846,25.26819991819835],[113.9098781975639,25.44422777347546],[113.99627992559846,26.060325266945327],[114.25548510970214,26.148339194583883],[113.99627992559846,26.192346158403154],[114.08268165363302,26.588408832776636],[113.9098781975639,26.63241579659592],[113.9098781975639,26.937079392267833],[113.72987459749191,27.11310724754493],[113.81627632552647,27.289135102822044],[113.64347286945736,27.3771490304606],[113.64347286945736,27.597183849556984],[113.72987459749191,27.949239560111195],[114.25548510970214,28.345302234484677],[114.08268165363302,28.56533705358106],[114.16908338166758,28.829378836496716],[113.9098781975639,29.0494136555931]]]}},{"type":"Feature","properties":{"id":"41","size":"1700","name":"河南省","cp":[113.0668,33.8818],"childNum":17},"geometry":{"type":"Polygon","coordinates":[[[110.38900778015557,34.58413564363286],[110.82821656433123,34.62814260745213],[111.18102362047239,34.804170462729246],[111.53383067661349,34.84817742654852],[111.80023600472003,35.0682122456449],[112.05944118882377,35.0682122456449],[112.05944118882377,35.288247064741284],[112.76505530110597,35.20023313710273],[113.11786235724713,35.332254028560556],[113.64347286945736,35.68430973911477],[113.72987459749191,36.34441419640392],[114.87469749394984,36.124379377307534],[114.9610992219844,36.08037241348825],[115.13390267805352,36.21239330494609],[115.3139062781255,36.08037241348825],[115.48670973419468,36.168386341126805],[115.3139062781255,35.816330630572594],[116.10592211844232,36.08037241348825],[115.48670973419468,35.72831670293404],[115.22750455009094,35.42026795619911],[115.04750095001896,35.37626099237983],[114.78829576591528,35.0682122456449],[115.40030800616012,34.84817742654852],[115.57311146222924,34.58413564363286],[116.19232384647688,34.58413564363286],[116.19232384647688,34.40810778835575],[116.54513090261804,34.27608689689792],[116.6315326306526,33.92741633740674],[116.19232384647688,33.707381518310356],[116.0123202464049,33.96803815016298],[115.66671333426666,34.05605207780154],[115.57311146222924,33.92741633740674],[115.57311146222924,33.66337455449107],[115.40030800616012,33.531353663033244],[115.3139062781255,33.17929795247903],[114.87469749394984,33.13529098865976],[114.87469749394984,33.003270097201934],[115.13390267805352,32.87124920574411],[115.22750455009094,32.60720742282844],[115.57311146222924,32.43117956755134],[115.83951679033578,32.519193495189896],[115.92591851837034,31.77107511026219],[115.48670973419468,31.683061182623632],[115.40030800616012,31.422404550771006],[115.22750455009094,31.422404550771006],[115.13390267805352,31.59504725498509],[114.78829576591528,31.466411514590277],[114.6082921658433,31.551040291165805],[114.52189043780874,31.77107511026219],[114.16908338166758,31.859089037900745],[113.99627992559846,31.77107511026219],[113.81627632552647,31.859089037900745],[113.72987459749191,32.43117956755134],[113.46346926938537,32.29915867609351],[113.2042640852817,32.43117956755134],[112.32584651693031,32.34316563991278],[111.53383067661349,32.60720742282844],[111.00822016440327,33.26731188011759],[111.00822016440327,33.531353663033244],[110.65541310826211,33.839402409768184],[110.65541310826211,34.144066005440095],[110.47540950819013,34.23207993307865],[110.38900778015557,34.58413564363286]]]}},{"type":"Feature","properties":{"id":"21","size":"1500","name":"辽宁省","cp":[122.0438,41.0889],"childNum":14},"geometry":{"type":"Polygon","coordinates":[[[119.26678533570669,41.307045654793086],[119.44678893577867,41.61509440152801],[119.26678533570669,41.70310832916657],[119.35318706374125,42.27519885881716],[119.53319066381323,42.36321278645572],[119.88599771995439,42.18718493117861],[120.14520290405807,41.70310832916657],[120.49800996019917,42.09917100354005],[121.46282925658511,42.495233677913546],[121.72923458469165,42.451226714094275],[121.9956399127982,42.71526849700993],[122.34124682493649,42.67126153319066],[122.34124682493649,42.84728938846774],[122.78045560911215,42.71526849700993],[123.13326266525326,42.80328242464847],[123.3132662653253,42.979310279925585],[123.57247144942897,43.023317243744856],[123.65887317746353,43.37537295429908],[123.83887677753552,43.46338688193762],[124.27808556171118,43.24335206284124],[124.4508890177803,42.84728938846774],[124.7172943458869,43.06732420756413],[124.89009780195602,43.06732420756413],[124.89009780195602,42.80328242464847],[125.32930658613168,42.143177967359335],[125.4229084581691,42.09917100354005],[125.32930658613168,41.96715011208222],[125.32930658613168,41.6591013653473],[125.7685153703074,41.21903172715453],[125.59571191423822,40.91436813148262],[125.68211364227284,40.87036116766333],[124.54449088981778,40.210256710374196],[124.0980819616392,39.68217314454287],[123.39966799335986,39.68217314454287],[123.13326266525326,39.41813136162722],[123.13326266525326,39.022068687253736],[122.08204164083276,39.022068687253736],[121.54923098461967,38.71740509158181],[121.11002220044395,38.67339812776254],[120.93721874437483,38.97806172343445],[121.37642752855055,39.198096542530834],[121.20362407248143,39.550152253085045],[122.08204164083276,40.386284565651295],[121.9956399127982,40.694333312386235],[121.72923458469165,40.82635420384406],[121.20362407248143,40.82635420384406],[120.58441168823373,40.210256710374196],[119.88599771995439,39.94621492745853],[119.70599411988235,40.12224278273564],[119.53319066381323,40.56231242092841],[119.26678533570669,40.51830545710912],[118.82757655153102,40.82635420384406],[119.26678533570669,41.307045654793086]]]}},{"type":"Feature","properties":{"id":"14","size":"1450","name":"山西省","cp":[112.4121,37.6611],"childNum":11},"geometry":{"type":"Polygon","coordinates":[[[111.09462189243783,39.37412439780795],[111.3538270765415,39.41813136162722],[111.44742894857893,39.6381661807236],[111.97303946078921,39.594159216904316],[112.32584651693031,40.25426367419347],[112.76505530110597,40.16624974655491],[113.2042640852817,40.386284565651295],[113.5570711414228,40.34227760183202],[113.81627632552647,40.51830545710912],[114.08268165363302,40.51830545710912],[114.08268165363302,40.738340276205506],[114.25548510970214,40.60631938474768],[114.34908698173962,40.386284565651295],[114.52189043780874,40.34227760183202],[113.99627992559846,39.99022189127781],[114.34908698173962,39.858200999819985],[114.52189043780874,39.506145289265774],[114.34908698173962,39.06607565107301],[113.9098781975639,39.022068687253736],[113.81627632552647,38.93405475961518],[113.81627632552647,38.80203386815735],[113.5570711414228,38.54137723630471],[113.5570711414228,38.27733545338906],[113.81627632552647,38.14531456193123],[113.99627992559846,37.70524492373846],[114.16908338166758,37.66123795991918],[113.72987459749191,37.13315439408787],[113.72987459749191,36.86911261117221],[113.46346926938537,36.64907779207583],[113.72987459749191,36.34441419640392],[113.64347286945736,35.68430973911477],[113.11786235724713,35.332254028560556],[112.76505530110597,35.20023313710273],[112.05944118882377,35.288247064741284],[112.05944118882377,35.0682122456449],[111.80023600472003,35.0682122456449],[111.53383067661349,34.84817742654852],[111.18102362047239,34.804170462729246],[110.82821656433123,34.62814260745213],[110.38900778015557,34.58413564363286],[110.21620432408645,34.672149571271405],[110.21620432408645,34.89218439036779],[110.56901138022755,35.640302775295496],[110.47540950819013,36.124379377307534],[110.38900778015557,37.00113350263004],[110.82821656433123,37.66123795991918],[110.47540950819013,37.96928670665412],[110.47540950819013,38.1893215257505],[110.82821656433123,38.49737027248544],[110.91461829236579,38.71740509158181],[111.18102362047239,39.242103506350105],[111.09462189243783,39.37412439780795]]]}},{"type":"Feature","properties":{"id":"34","size":"1700","name":"安徽省","cp":[117.2461,32.0361],"childNum":17},"geometry":{"type":"Polygon","coordinates":[[[116.19232384647688,34.58413564363286],[116.365127302546,34.62814260745213],[116.89793795875914,34.40810778835575],[117.15714314286282,34.05605207780154],[117.59635192703848,34.01204511398227],[117.77635552711052,33.707381518310356],[118.12196243924876,33.75138848212963],[117.94915898317964,33.22330491629832],[118.0355607112142,33.13529098865976],[118.21556431128619,33.22330491629832],[118.30196603932075,32.78323527810555],[118.74117482349641,32.739228314286265],[118.91397827956558,32.95926313338265],[119.18038360767213,32.82724224192482],[119.18038360767213,32.47518653137061],[118.56117122342442,32.56320045900917],[118.65477309546185,32.211144748454956],[118.47476949538986,32.167137784635685],[118.3883677673553,31.9471029655393],[118.91397827956558,31.551040291165805],[118.74117482349641,31.37839758695172],[118.82757655153102,31.246376695493893],[119.35318706374125,31.29038365931318],[119.44678893577867,31.158362767855337],[119.61959239184779,31.114355804036066],[119.61959239184779,31.070348840216795],[119.44678893577867,30.6742861658433],[119.26678533570669,30.630279202024028],[119.35318706374125,30.410244382927644],[118.91397827956558,30.322230455289088],[118.91397827956558,29.970174744734877],[118.74117482349641,29.706132961819222],[118.21556431128619,29.398084215084282],[118.0355607112142,29.574112070361394],[117.50995019900392,29.618119034180665],[117.15714314286282,29.926167780915605],[117.07074141482826,29.83815385327705],[117.15714314286282,29.706132961819222],[116.71793435868716,29.618119034180665],[116.71793435868716,29.750139925638493],[116.89793795875914,29.926167780915605],[116.71793435868716,30.058188672373433],[116.27872557451144,29.794146889457778],[116.10592211844232,29.83815385327705],[116.10592211844232,30.19020956383126],[115.75311506230122,30.6742861658433],[116.0123202464049,31.02634187639751],[115.57311146222924,31.202369731674622],[115.40030800616012,31.422404550771006],[115.48670973419468,31.683061182623632],[115.92591851837034,31.77107511026219],[115.83951679033578,32.519193495189896],[115.57311146222924,32.43117956755134],[115.22750455009094,32.60720742282844],[115.13390267805352,32.87124920574411],[114.87469749394984,33.003270097201934],[114.87469749394984,33.13529098865976],[115.3139062781255,33.17929795247903],[115.40030800616012,33.531353663033244],[115.57311146222924,33.66337455449107],[115.57311146222924,33.92741633740674],[115.66671333426666,34.05605207780154],[116.0123202464049,33.96803815016298],[116.19232384647688,33.707381518310356],[116.6315326306526,33.92741633740674],[116.54513090261804,34.27608689689792],[116.19232384647688,34.40810778835575],[116.19232384647688,34.58413564363286]]]}},{"type":"Feature","properties":{"id":"35","size":"2000","name":"福建省","cp":[118.3008,25.9277],"childNum":9},"geometry":{"type":"Polygon","coordinates":[[[118.47476949538986,28.301295270665406],[118.82757655153102,28.25728830684612],[118.74117482349641,28.037253487749737],[118.91397827956558,27.465162958099143],[119.26678533570669,27.42115599427987],[119.61959239184779,27.685197777195526],[119.79239584791691,27.289135102822044],[120.23160463209263,27.42115599427987],[120.41160823216461,27.157114211364217],[120.76441528830571,27.02509331990639],[120.67081341626829,26.893072428448562],[120.23160463209263,26.849065464629277],[120.23160463209263,26.720429724234478],[120.41160823216461,26.676422760415193],[120.49800996019917,26.368374013680267],[120.23160463209263,26.28036008604171],[120.41160823216461,26.148339194583883],[120.05880117602351,26.192346158403154],[119.97239944798895,25.9283043754875],[119.79239584791691,25.9283043754875],[119.97239944798895,25.400220809656176],[119.79239584791691,25.26819991819835],[119.53319066381323,25.13617902674052],[119.44678893577867,25.004158135282694],[119.26678533570669,25.09217206292125],[118.91397827956558,24.82813028000558],[118.65477309546185,24.520081533270655],[118.47476949538986,24.520081533270655],[118.47476949538986,24.4320676056321],[118.21556431128619,24.344053677993543],[118.21556431128619,24.17141097377946],[117.86275725514508,23.99538311850236],[117.77635552711052,23.775348299405977],[117.50995019900392,23.599320444128864],[117.15714314286282,23.555313480309593],[116.9843396867937,23.907369190863804],[116.9843396867937,24.17141097377946],[116.71793435868716,24.652102424728483],[116.54513090261804,24.60809546090921],[116.365127302546,24.872137243824866],[116.27872557451144,24.78412331618631],[115.92591851837034,24.916144207644138],[115.83951679033578,25.224192954379077],[116.0123202464049,25.26819991819835],[116.19232384647688,25.884297411668214],[116.45152903058056,26.104332230764598],[116.365127302546,26.236353122222425],[116.6315326306526,26.45638794131881],[116.54513090261804,26.805058500810006],[117.07074141482826,27.11310724754493],[117.15714314286282,27.289135102822044],[116.9843396867937,27.641190813376255],[117.50995019900392,27.993246523930466],[117.77635552711052,27.817218668653354],[118.30196603932075,28.081260451569023],[118.47476949538986,28.301295270665406]]]}},{"type":"Feature","properties":{"id":"33","size":"2100","name":"浙江省","cp":[120.498,29.0918],"childNum":11},"geometry":{"type":"Polygon","coordinates":[[[118.21556431128619,29.398084215084282],[118.74117482349641,29.706132961819222],[118.91397827956558,29.970174744734877],[118.91397827956558,30.322230455289088],[119.35318706374125,30.410244382927644],[119.26678533570669,30.630279202024028],[119.44678893577867,30.6742861658433],[119.61959239184779,31.070348840216795],[119.61959239184779,31.114355804036066],[119.97239944798895,31.158362767855337],[120.49800996019917,30.806307057301126],[120.93721874437483,31.02634187639751],[121.29002580051599,30.6742861658433],[121.9956399127982,30.806307057301126],[122.6940538810776,30.894320984939682],[122.87405748114958,30.718293129662584],[122.96045920918414,30.14620260001199],[122.60765215304303,30.102195636192704],[122.60765215304303,29.926167780915605],[122.16844336886732,29.530105106542123],[122.34124682493649,28.873385800315987],[121.9956399127982,28.873385800315987],[121.9956399127982,28.433316162123234],[121.72923458469165,28.345302234484677],[121.72923458469165,28.21328134302685],[121.46282925658511,28.21328134302685],[121.54923098461967,28.037253487749737],[121.29002580051599,27.949239560111195],[121.11002220044395,27.42115599427987],[120.67081341626829,27.333142066641315],[120.67081341626829,27.157114211364217],[120.93721874437483,27.02509331990639],[120.76441528830571,27.02509331990639],[120.41160823216461,27.157114211364217],[120.23160463209263,27.42115599427987],[119.79239584791691,27.289135102822044],[119.61959239184779,27.685197777195526],[119.26678533570669,27.42115599427987],[118.91397827956558,27.465162958099143],[118.74117482349641,28.037253487749737],[118.82757655153102,28.25728830684612],[118.47476949538986,28.301295270665406],[118.47476949538986,28.345302234484677],[118.3883677673553,28.785371872677445],[118.0355607112142,29.0494136555931],[118.0355607112142,29.178049395987912],[118.21556431128619,29.398084215084282]]]}},{"type":"Feature","properties":{"id":"32","size":"1950","name":"江苏省","cp":[118.8586,32.915],"childNum":13},"geometry":{"type":"Polygon","coordinates":[[[116.365127302546,34.62814260745213],[116.45152903058056,34.89218439036779],[116.80433608672172,34.93619135418707],[117.24354487089738,34.452114752175035],[117.3371467429348,34.58413564363286],[117.59635192703848,34.452114752175035],[117.94915898317964,34.672149571271405],[118.12196243924876,34.62814260745213],[118.21556431128619,34.40810778835575],[118.3883677673553,34.40810778835575],[118.47476949538986,34.672149571271405],[118.74117482349641,34.71615653509069],[118.91397827956558,35.024205281825616],[119.26678533570669,35.11221920946417],[119.35318706374125,35.024205281825616],[119.35318706374125,34.84817742654852],[119.70599411988235,34.58413564363286],[120.32520650413005,34.36410082453648],[120.93721874437483,33.047277061021205],[121.02362047240939,32.65121438664772],[121.37642752855055,32.47518653137061],[121.46282925658511,32.167137784635685],[121.90203804076077,31.991109929358572],[121.9956399127982,31.683061182623632],[121.9956399127982,31.59504725498509],[121.20362407248143,31.859089037900745],[121.11002220044395,31.727068146442917],[121.37642752855055,31.510418478409548],[121.20362407248143,31.466411514590277],[120.93721874437483,31.02634187639751],[120.49800996019917,30.806307057301126],[119.97239944798895,31.158362767855337],[119.61959239184779,31.114355804036066],[119.44678893577867,31.158362767855337],[119.35318706374125,31.29038365931318],[118.82757655153102,31.246376695493893],[118.74117482349641,31.37839758695172],[118.91397827956558,31.551040291165805],[118.3883677673553,31.9471029655393],[118.47476949538986,32.167137784635685],[118.65477309546185,32.211144748454956],[118.56117122342442,32.56320045900917],[119.18038360767213,32.47518653137061],[119.18038360767213,32.82724224192482],[118.91397827956558,32.95926313338265],[118.74117482349641,32.739228314286265],[118.30196603932075,32.78323527810555],[118.21556431128619,33.22330491629832],[118.0355607112142,33.13529098865976],[117.94915898317964,33.22330491629832],[118.12196243924876,33.75138848212963],[117.77635552711052,33.707381518310356],[117.59635192703848,34.01204511398227],[117.15714314286282,34.05605207780154],[116.89793795875914,34.40810778835575],[116.365127302546,34.62814260745213]]]}},{"type":"Feature","properties":{"id":"50","size":"2380","name":"重庆市","cp":[107.7539,30.1904],"childNum":40},"geometry":{"type":"Polygon","coordinates":[[[108.5457709154183,32.211144748454956],[109.07138142762852,31.9471029655393],[109.25138502770051,31.727068146442917],[109.59699193983874,31.727068146442917],[109.77699553991079,31.683061182623632],[109.69059381187623,31.551040291165805],[110.12980259605189,31.37839758695172],[110.21620432408645,31.158362767855337],[110.03620072401446,30.806307057301126],[109.86339726794534,30.894320984939682],[109.42418848376963,30.54226527438547],[109.25138502770051,30.630279202024028],[109.15778315566308,30.54226527438547],[109.07138142762852,30.630279202024028],[108.81217624352485,30.4982583105662],[108.63217264345286,30.586272238204756],[108.45936918738369,30.410244382927644],[108.5457709154183,30.234216527650545],[108.45936918738369,29.794146889457778],[108.63217264345286,29.83815385327705],[108.98497969959396,29.31007028744574],[109.07138142762852,29.35407725126501],[109.25138502770051,29.134042432168627],[109.25138502770051,28.477323125942505],[109.07138142762852,28.21328134302685],[108.71857437148742,28.21328134302685],[108.71857437148742,28.477323125942505],[108.5457709154183,28.38930919830395],[108.5457709154183,28.653350981219617],[108.36576731534626,28.653350981219617],[108.2793655873117,29.09342061941237],[107.84015680313604,29.00540669177383],[107.84015680313604,29.134042432168627],[107.58095161903236,29.222056359807183],[107.40094801896032,29.178049395987912],[107.40094801896032,28.873385800315987],[106.8753375067501,28.785371872677445],[106.70253405068098,28.477323125942505],[106.60893217864356,28.521330089761776],[106.60893217864356,28.653350981219617],[106.522530450609,28.785371872677445],[106.43612872257444,28.785371872677445],[106.522530450609,28.56533705358106],[106.34972699453988,28.521330089761776],[106.26332526650532,28.873385800315987],[105.81691633832673,28.961399727954543],[105.73051461029218,29.266063323626454],[105.4713094261885,29.31007028744574],[105.29130582611651,29.530105106542123],[105.73051461029218,29.882160817096334],[105.55771115422306,30.102195636192704],[105.64411288225762,30.278223491469817],[105.81691633832673,30.454251346746915],[106.26332526650532,30.19020956383126],[106.60893217864356,30.322230455289088],[106.78893577871554,30.014181708554162],[107.04814096281922,30.014181708554162],[107.48734974699488,30.630279202024028],[107.40094801896032,30.762300093481855],[107.48734974699488,30.85031402112041],[107.9265585311706,30.85031402112041],[108.19296385927714,31.510418478409548],[108.5457709154183,31.683061182623632],[108.2793655873117,31.903096001720016],[108.36576731534626,32.167137784635685],[108.5457709154183,32.211144748454956]]]}},{"type":"Feature","properties":{"id":"64","size":"2100","name":"宁夏回族自治区","cp":[105.9961,37.3096],"childNum":5},"geometry":{"type":"Polygon","coordinates":[[[104.32648652973057,37.44120314082281],[105.81691633832673,37.79325885137702],[105.91051821036416,38.71740509158181],[106.34972699453988,39.28611047016939],[106.78893577871554,39.37412439780795],[106.96173923478466,38.97806172343445],[106.522530450609,38.32134241720833],[106.78893577871554,38.1893215257505],[107.31454629092576,38.101307598111944],[107.66735334706692,37.88127277901556],[107.31454629092576,37.617230996099906],[107.31454629092576,37.089147430268596],[106.60893217864356,37.089147430268596],[106.60893217864356,36.781098683533656],[106.43612872257444,36.56106386443727],[106.522530450609,36.473049936798716],[106.522530450609,36.25640026876536],[106.8753375067501,36.124379377307534],[106.96173923478466,35.816330630572594],[106.70253405068098,35.68430973911477],[106.43612872257444,35.68430973911477],[106.522530450609,35.332254028560556],[106.34972699453988,35.244240100922],[106.26332526650532,35.42026795619911],[106.08332166643328,35.37626099237983],[105.99691993839872,35.42026795619911],[106.08332166643328,35.46427492001838],[105.99691993839872,35.46427492001838],[105.81691633832673,35.55228884765694],[105.73051461029218,35.72831670293404],[105.37770755415107,35.77232366675332],[105.29130582611651,35.99235848584971],[105.4713094261885,36.124379377307534],[105.20490409808195,36.6930847558951],[105.29130582611651,36.82510564735293],[104.8520970419408,37.221168321726424],[104.59289185783712,37.221168321726424],[104.59289185783712,37.44120314082281],[104.32648652973057,37.44120314082281]]]}},{"type":"Feature","properties":{"id":"46","size":"4500","name":"海南省","cp":[109.9512,19.2041],"childNum":18},"geometry":{"type":"Polygon","coordinates":[[[110.03620072401446,20.126155453469053],[110.38900778015557,20.126155453469053],[110.56901138022755,20.25817634492688],[110.65541310826211,20.25817634492688],[111.09462189243783,19.950127598191955],[111.26742534850695,19.994134562011226],[110.65541310826211,19.16138740050799],[110.56901138022755,18.677310798495952],[110.21620432408645,18.58929687085741],[110.03620072401446,18.369262051761027],[109.86339726794534,18.369262051761027],[109.69059381187623,18.105220268845358],[108.98497969959396,18.28124812412247],[108.63217264345286,18.45727597939957],[108.63217264345286,19.381422219604374],[109.07138142762852,19.642078851457015],[109.25138502770051,19.950127598191955],[109.59699193983874,20.038141525830497],[110.03620072401446,20.126155453469053]]]}},{"type":"Feature","properties":{"id":"71","size":"3000","name":"台湾省","cp":[120.0254,23.5986],"childNum":1},"geometry":{"type":"Polygon","coordinates":[[[121.90203804076077,25.048165099101965],[121.9956399127982,25.004158135282694],[121.81563631272621,24.74011635236704],[121.90203804076077,24.564088497089926],[121.6428328566571,24.03939008232163],[121.37642752855055,23.115243842116826],[121.02362047240939,22.67517420392406],[120.85081701634027,22.059076710454192],[120.76441528830571,21.927055818996365],[120.67081341626829,22.323118493369847],[120.23160463209263,22.587160276285516],[120.05880117602351,23.071236878297555],[120.14520290405807,23.68733437176742],[121.02362047240939,25.048165099101965],[121.54923098461967,25.312206882017634],[121.90203804076077,25.048165099101965]]]}},{"type":"Feature","properties":{"id":"11","size":"5000","name":"北京市","cp":[116.4551,40.2539],"childNum":19},"geometry":{"type":"Polygon","coordinates":[[[117.42354847096937,40.210256710374196],[117.3371467429348,40.12224278273564],[117.24354487089738,40.07823581891637],[116.80433608672172,39.99022189127781],[116.89793795875914,39.8141940360007],[116.89793795875914,39.68217314454287],[116.80433608672172,39.594159216904316],[116.54513090261804,39.594159216904316],[116.365127302546,39.46213832544649],[116.19232384647688,39.594159216904316],[115.75311506230122,39.506145289265774],[115.48670973419468,39.6381661807236],[115.40030800616012,39.94621492745853],[115.92591851837034,40.25426367419347],[115.75311506230122,40.56231242092841],[116.10592211844232,40.60631938474768],[116.19232384647688,40.78234724002479],[116.45152903058056,40.78234724002479],[116.365127302546,40.91436813148262],[116.6315326306526,41.046389022940446],[116.9843396867937,40.694333312386235],[117.42354847096937,40.65032634856695],[117.24354487089738,40.51830545710912],[117.42354847096937,40.210256710374196]]]}},{"type":"Feature","properties":{"id":"12","size":"5000","name":"天津市","cp":[117.4219,39.4189],"childNum":18},"geometry":{"type":"Polygon","coordinates":[[[116.80433608672172,39.594159216904316],[116.89793795875914,39.68217314454287],[117.15714314286282,39.6381661807236],[117.15714314286282,39.8141940360007],[117.24354487089738,40.07823581891637],[117.3371467429348,40.12224278273564],[117.42354847096937,40.210256710374196],[117.68275365507304,40.07823581891637],[117.68275365507304,39.99022189127781],[117.50995019900392,39.99022189127781],[117.50995019900392,39.77018707218143],[117.68275365507304,39.594159216904316],[117.94915898317964,39.594159216904316],[117.86275725514508,39.41813136162722],[118.0355607112142,39.242103506350105],[118.0355607112142,39.198096542530834],[117.86275725514508,39.11008261489228],[117.59635192703848,38.62939116394327],[117.24354487089738,38.54137723630471],[116.71793435868716,38.80203386815735],[116.71793435868716,38.93405475961518],[116.89793795875914,39.11008261489228],[116.80433608672172,39.594159216904316]]]}},{"type":"Feature","properties":{"id":"31","size":"7500","name":"上海市","cp":[121.4648,31.2891],"childNum":19},"geometry":{"type":"Polygon","coordinates":[[[120.93721874437483,31.02634187639751],[121.20362407248143,31.466411514590277],[121.37642752855055,31.510418478409548],[121.11002220044395,31.727068146442917],[121.20362407248143,31.859089037900745],[121.9956399127982,31.59504725498509],[121.90203804076077,31.158362767855337],[121.9956399127982,30.806307057301126],[121.29002580051599,30.6742861658433],[120.93721874437483,31.02634187639751]]]}},{"type":"Feature","properties":{"id":"81","size":"18000","name":"香港特别行政区","cp":[114.1178,22.3242],"childNum":1},"geometry":{"type":"Polygon","coordinates":[[[114.34908698173962,22.14709063809275],[113.9098781975639,22.14709063809275],[113.81627632552647,22.19109760191202],[113.9098781975639,22.411132421008404],[114.16908338166758,22.54315331246623],[114.34908698173962,22.54315331246623],[114.43548870977418,22.54315331246623],[114.43548870977418,22.411132421008404],[114.6082921658433,22.411132421008404],[114.52189043780874,22.14709063809275],[114.34908698173962,22.14709063809275]]]}},{"type":"Feature","properties":{"id":"82","size":"27","name":"澳门特别行政区","cp":[111.5547,22.1484],"childNum":1},"geometry":{"type":"Polygon","coordinates":[[[113.60027200544005,22.16401639340785],[113.60747214944297,22.12677973171462],[113.5570711414228,22.10985397639952],[113.54267085341701,22.204638206164105],[113.57867157343145,22.204638206164105],[113.60027200544005,22.16401639340785]]]}}]}