{"type":"FeatureCollection","features":[{"type":"Feature","properties":{"name":"Île-de-France","code":"11","nom":"Île-de-France"},"geometry":{"type":"Polygon","coordinates":[[[3.4884697693953797,48.85254737426746],[3.4884697693953797,48.815310712574245],[3.4668693373867256,48.822081014700274],[3.4524690493809658,48.8119255615112],[3.4164683293665803,48.815310712574245],[3.4164683293665803,48.80177010832216],[3.4452689053781,48.7949998061961],[3.4452689053781,48.78145920194402],[3.4164683293665803,48.78484435300703],[3.3948678973579263,48.76453344662892],[3.409268185363686,48.75099284237683],[3.438068761375206,48.754377993439846],[3.438068761375206,48.74083738918776],[3.4668693373867256,48.737452238124746],[3.4668693373867256,48.7002155764315],[3.4452689053781,48.676519518990375],[3.4452689053781,48.65959376367525],[3.45966919338386,48.65620861261223],[3.4524690493809658,48.63589770623412],[3.47406948138962,48.63589770623412],[3.5028700574011395,48.64605315942316],[3.5172703454068994,48.632512555171076],[3.538870777415525,48.632512555171076],[3.538870777415525,48.615586799855976],[3.5100702014040053,48.605431346666904],[3.5100702014040053,48.588505591351804],[3.4668693373867256,48.571579836036705],[3.47406948138962,48.55126892965859],[3.4524690493809658,48.52757287221743],[3.4164683293665803,48.53434317434346],[3.43086861737234,48.493721361587205],[3.402068041360792,48.48695105946118],[3.387667753355032,48.476795606272105],[3.3948678973579263,48.459869850957006],[3.409268185363686,48.449714397767934],[3.3948678973579263,48.42601834032678],[3.423668473369446,48.415862887137735],[3.4164683293665803,48.38878167863356],[3.387667753355032,48.398937131822606],[3.3660673213464065,48.39555198075959],[3.3660673213464065,48.37185592331846],[3.322866457329127,48.37185592331846],[3.286865737314713,48.382011376507506],[3.2508650173003275,48.36847077225542],[3.2220644412888078,48.37185592331846],[3.2004640092801537,48.36508562119241],[3.171663433268634,48.37185592331846],[3.1212624252484886,48.36847077225542],[3.0996619932398346,48.35831531906638],[3.0492609852196892,48.35831531906638],[3.042060841216795,48.33123411056221],[3.0132602652052753,48.304152902058036],[3.027660553211035,48.29061229780595],[3.027660553211035,48.27368654249082],[3.0492609852196892,48.26691624036479],[3.0204604092081695,48.23644988079761],[3.0060601212024096,48.205983521230394],[2.9700594011879957,48.205983521230394],[2.9340586811736102,48.182287463789265],[2.9340586811736102,48.16197655741112],[2.8764575291505707,48.15859140634811],[2.840456809136157,48.138280499969994],[2.8188563771275312,48.13151019784394],[2.797255945118877,48.138280499969994],[2.797255945118877,48.15182110422208],[2.811656233124637,48.165361708474165],[2.7756555131102516,48.16874685953718],[2.7396547930958377,48.15859140634811],[2.746854937098732,48.14505080209602],[2.718054361087212,48.138280499969994],[2.718054361087212,48.12812504678092],[2.6676533530670383,48.121354744654866],[2.6460529210584127,48.138280499969994],[2.610052201043999,48.13151019784394],[2.5740514810296133,48.13151019784394],[2.5740514810296133,48.14166565103301],[2.5380507610151994,48.14166565103301],[2.5236504730094396,48.12812504678092],[2.458849176983506,48.12812504678092],[2.48044960899216,48.155206255285094],[2.5092501850036797,48.155206255285094],[2.5164503290065454,48.18567261485228],[2.5164503290065454,48.226294427608536],[2.5092501850036797,48.23983503186062],[2.4876497529950257,48.23983503186062],[2.473249464989266,48.24999048504969],[2.430048600971986,48.25337563611271],[2.4156483129662263,48.27030139142781],[2.4228484569691204,48.29738259993198],[2.4084481689633606,48.31430835524708],[2.358047160943187,48.310923204184064],[2.329246584931667,48.33123411056221],[2.314846296925907,48.33123411056221],[2.3004460089201473,48.310923204184064],[2.250045000900002,48.31769350631012],[2.2068441368827223,48.34138956375125],[2.1852437048740683,48.33123411056221],[2.1852437048740683,48.31430835524708],[2.149242984859683,48.31430835524708],[2.1564431288625485,48.30076775099499],[2.0916418328366433,48.293997448868964],[2.0484409688193637,48.293997448868964],[2.0412408248164695,48.28722714674291],[1.9692393847876701,48.28722714674291],[1.9620392407848044,48.310923204184064],[1.98363967279343,48.31769350631012],[1.9692393847876701,48.338004412688235],[1.98363967279343,48.36508562119241],[1.9764395287905643,48.40232228288565],[1.9260385207703905,48.40570743394866],[1.9404388087761504,48.41924803820075],[1.9332386647732847,48.449714397767934],[1.904438088761765,48.43955894457886],[1.868437368747351,48.43955894457886],[1.8468369367387254,48.44632924670492],[1.8396367927358312,48.466640153083034],[1.8036360727214458,48.466640153083034],[1.789235784715686,48.48695105946118],[1.789235784715686,48.50049166371326],[1.774835496709926,48.510647116902334],[1.7820356407127917,48.54788377859555],[1.7604352087041661,48.56480953391065],[1.7604352087041661,48.57496498709972],[1.7172343446868865,48.57496498709972],[1.7028340566811266,48.58512044028879],[1.7172343446868865,48.598661044540876],[1.6884337686753668,48.61897195091899],[1.6596331926638186,48.61897195091899],[1.6524330486609529,48.63928285729713],[1.6236324726494331,48.649438310486204],[1.602032040640779,48.66297891473829],[1.6092321846436732,48.69006012324246],[1.5876317526350192,48.693445274305475],[1.5804316086321535,48.703600727494546],[1.5948318966379134,48.720526482809646],[1.6236324726494331,48.737452238124746],[1.6236324726494331,48.75099284237683],[1.6092321846436732,48.7611482955659],[1.5804316086321535,48.7611482955659],[1.5876317526350192,48.77468889981799],[1.5732314646292593,48.78145920194402],[1.5876317526350192,48.815310712574245],[1.5804316086321535,48.859317676393516],[1.5588311766234995,48.86947312958259],[1.5588311766234995,48.893169187023716],[1.5444308886177396,48.89993948914977],[1.5372307446148739,48.9236355465909],[1.508430168603354,48.9236355465909],[1.50123002460046,48.94056130190603],[1.50123002460046,48.960872208284144],[1.4796295925918344,48.998108869977386],[1.4796295925918344,49.015034625292486],[1.4580291605831803,49.02180492741854],[1.4580291605831803,49.03534553167063],[1.4436288725774205,49.04550098485967],[1.4580291605831803,49.05565643804874],[1.4868297365947,49.05227128698573],[1.508430168603354,49.0624267401748],[1.508430168603354,49.07258219336384],[1.5588311766234995,49.06919704230083],[1.602032040640779,49.08612279761593],[1.6308326166522988,49.10304855293103],[1.6308326166522988,49.1132040061201],[1.6596331926638186,49.13351491249824],[1.6524330486609529,49.143670365687285],[1.6668333366667127,49.153825818876356],[1.6740334806695785,49.18429217844354],[1.6740334806695785,49.214758538010756],[1.7028340566811266,49.231684293325856],[1.7316346326926464,49.22829914226284],[1.7388347766955121,49.18090702738053],[1.753235064701272,49.1741367252545],[1.774835496709926,49.18429217844354],[1.8828376567531109,49.16398127206543],[1.9188383767675248,49.1741367252545],[1.9548390967819103,49.170751574191456],[1.9764395287905643,49.18429217844354],[2.005240104802084,49.17752187631751],[2.019640392807844,49.187677329506585],[2.0556411128222294,49.20121793375867],[2.0916418328366433,49.2079882358847],[2.0916418328366433,49.1910624805696],[2.1636432728654427,49.18090702738053],[2.1852437048740683,49.1741367252545],[2.221244424888482,49.1741367252545],[2.221244424888482,49.15044066781334],[2.2860457209143874,49.16059612100241],[2.3004460089201473,49.18429217844354],[2.3220464409288013,49.18429217844354],[2.350847016940321,49.153825818876356],[2.379647592951841,49.15721096993937],[2.3868477369547065,49.15044066781334],[2.4228484569691204,49.15044066781334],[2.4660493209864,49.14028521462427],[2.473249464989266,49.126744610372185],[2.5020500410007855,49.12335945930917],[2.5020500410007855,49.10304855293103],[2.5308506170123053,49.099663401868014],[2.5380507610151994,49.11997430824616],[2.545250905018065,49.11997430824616],[2.5596511930238535,49.096278250805],[2.581251625032479,49.092893099741985],[2.588451769035373,49.0793524954899],[2.6244524890497587,49.10304855293103],[2.6532530650612784,49.099663401868014],[2.682053641072798,49.08612279761593],[2.710854217084318,49.065811891237814],[2.732454649092972,49.075967344426886],[2.7396547930958377,49.0624267401748],[2.7684553691073575,49.065811891237814],[2.7900558011160115,49.075967344426886],[2.8044560891217714,49.096278250805],[2.8548570971419167,49.06919704230083],[2.8692573851476766,49.06919704230083],[2.8980579611591963,49.08612279761593],[2.926858537170716,49.075967344426886],[2.955659113182236,49.08612279761593],[2.97725954519089,49.07258219336384],[3.0132602652052753,49.092893099741985],[3.027660553211035,49.08612279761593],[3.056461129222555,49.08612279761593],[3.056461129222555,49.10304855293103],[3.078061561231209,49.116589157183114],[3.0996619932398346,49.10643370399407],[3.1428628572571142,49.10643370399407],[3.1644632892657683,49.099663401868014],[3.157263145262874,49.08612279761593],[3.178863577271528,49.06919704230083],[3.178863577271528,49.031960380607586],[3.171663433268634,49.015034625292486],[3.2004640092801537,49.00826432316646],[3.207664153283048,48.99472371891437],[3.2292645852916735,48.987953416788315],[3.2580651613031932,48.960872208284144],[3.2580651613031932,48.943946452969044],[3.286865737314713,48.94056130190603],[3.308466169323367,48.94733160403206],[3.3156663133262327,48.91686524446487],[3.3588671773435124,48.91686524446487],[3.3732674653492722,48.9067097912758],[3.3660673213464065,48.893169187023716],[3.3804676093521664,48.8728582806456],[3.402068041360792,48.86270282745653],[3.4452689053781,48.859317676393516],[3.4452689053781,48.842391921078416],[3.4668693373867256,48.842391921078416],[3.4884697693953797,48.85254737426746]]]}},{"type":"Feature","properties":{"name":"Centre-Val de Loire","code":"24","nom":"Centre-Val de Loire"},"geometry":{"type":"Polygon","coordinates":[[[2.2788455769115217,46.422008911018196],[2.2572451449028677,46.42539406208124],[2.1924438488769624,46.42539406208124],[2.1852437048740683,46.422008911018196],[2.113242264845269,46.422008911018196],[2.106042120842403,46.40846830676611],[2.0772415448308834,46.41185345782915],[2.0628412568251235,46.422008911018196],[2.0268405368107096,46.42877921314425],[1.9980399607991899,46.42877921314425],[1.98363967279343,46.438934666333324],[1.9548390967819103,46.438934666333324],[1.9332386647732847,46.43216436420727],[1.904438088761765,46.438934666333324],[1.8828376567531109,46.43216436420727],[1.8180363607272056,46.42877921314425],[1.7964359287185516,46.455860421648424],[1.753235064701272,46.45247527058538],[1.7604352087041661,46.42539406208124],[1.7244344886897522,46.39154255145101],[1.6812336246724726,46.41523860889217],[1.6452329046580587,46.39154255145101],[1.6236324726494331,46.388157400387996],[1.616432328646539,46.39831285357707],[1.616432328646539,46.422008911018196],[1.5948318966379134,46.40846830676611],[1.5660313206263936,46.405083155703096],[1.5444308886177396,46.394927702514025],[1.5444308886177396,46.41862375995518],[1.5372307446148739,46.42539406208124],[1.508430168603354,46.422008911018196],[1.4940298805975942,46.39831285357707],[1.4796295925918344,46.394927702514025],[1.4652293045860745,46.37461679613591],[1.4436288725774205,46.37461679613591],[1.4364287285745547,46.35430588975777],[1.407628152563035,46.350920738694754],[1.407628152563035,46.36446134294684],[1.386027720554381,46.37461679613591],[1.3572271445428612,46.40169800464008],[1.3212264245284757,46.39154255145101],[1.3140262805255816,46.371231645072896],[1.2852257045140618,46.371231645072896],[1.278025560511196,46.378001947198925],[1.2492249844996763,46.378001947198925],[1.2420248404967822,46.367846494009854],[1.2132242644852624,46.367846494009854],[1.2132242644852624,46.388157400387996],[1.1916238324766368,46.378001947198925],[1.177223544470877,46.38477224932498],[1.1988239764795026,46.40169800464008],[1.1988239764795026,46.41862375995518],[1.1844236884737427,46.42877921314425],[1.1844236884737427,46.44231981739634],[1.1484229684593572,46.44909011952237],[1.155623112462223,46.46940102590051],[1.1340226804535973,46.49648223440468],[1.1484229684593572,46.50325253653071],[1.1196223924478375,46.526948593971866],[1.0980219604391834,46.53710404716094],[1.0764215284305578,46.533718896097895],[1.0188203764075183,46.53710404716094],[1.026020520410384,46.55064465141302],[1.0116202324046242,46.56757040672812],[0.9828196563931044,46.56757040672812],[0.9396187923758248,46.58111101098021],[0.9396187923758248,46.594651615232294],[0.9180183603671992,46.594651615232294],[0.910818216364305,46.61496252161041],[0.8964179283585452,46.621732823736465],[0.8964179283585452,46.63527342798855],[0.9180183603671992,46.65219918330365],[0.9036180723614393,46.66573978755574],[0.9036180723614393,46.682665542870836],[0.9252185043700649,46.69282099605991],[0.910818216364305,46.70974675137501],[0.910818216364305,46.72667250669011],[0.8676173523470254,46.74698341306825],[0.8604172083441597,46.760524017320336],[0.8244164883297458,46.777449772635435],[0.8100162003239859,46.79099037688752],[0.8100162003239859,46.82822703858076],[0.7884157683153319,46.83499734070679],[0.795615912318226,46.85192309602189],[0.7668153363067063,46.85192309602189],[0.7308146162922924,46.87561915346305],[0.7164143282865325,46.899315210904206],[0.7020140402807726,46.90270036196722],[0.7020140402807726,46.950092476849534],[0.6948138962779069,46.97378853429066],[0.658813176263493,46.97717368535368],[0.6372127442548674,46.98394398747973],[0.6156123122462134,47.00764004492089],[0.5796115922318279,47.00764004492089],[0.5724114482289338,46.98394398747973],[0.6012120242404535,46.97378853429066],[0.6012120242404535,46.95686277897556],[0.49320986419726864,46.95686277897556],[0.45720914418285474,46.94670732578649],[0.43560871217422914,46.933166721534405],[0.39960799215981524,46.93655187259745],[0.3708074161482955,46.950092476849534],[0.3492069841396699,46.93655187259745],[0.32040640812815013,46.933166721534405],[0.30600612012239026,46.94332217472348],[0.30600612012239026,47.05164700874016],[0.2772055441108705,47.044876706614104],[0.26280525610511063,47.05164700874016],[0.2556051121022165,47.06857276405526],[0.23400468009359088,47.06518761299225],[0.20520410408207113,47.05164700874016],[0.1836036720734171,47.06180246192923],[0.17640352807055137,47.07534306618132],[0.19800396007917698,47.08549851937036],[0.19800396007917698,47.09565397255943],[0.17640352807055137,47.11257972787453],[0.1620032400647915,47.105809425748504],[0.13320266405327175,47.105809425748504],[0.1260025200503776,47.12950548318966],[0.08280165603309797,47.12950548318966],[0.07560151203023224,47.14643123850476],[0.06120122402447237,47.14643123850476],[0.05400108002157822,47.166742144882875],[0.0684013680273381,47.18028274913496],[0.05400108002157822,47.193823353387046],[0.07560151203023224,47.21413425976519],[0.07560151203023224,47.26491152571049],[0.09000180003599212,47.28183728102562],[0.09720194403885785,47.30891848952979],[0.11160223204461772,47.3123036405928],[0.11880237604751187,47.332614546970916],[0.14040280805613747,47.33599969803393],[0.14760295205903162,47.35631060441207],[0.1836036720734171,47.383391812916244],[0.16920338406765723,47.38677696397926],[0.1620032400647915,47.40370271929436],[0.1836036720734171,47.417243323546444],[0.1836036720734171,47.4578651363027],[0.19800396007917698,47.48494634480687],[0.219604392087831,47.49848694905896],[0.219604392087831,47.522183006500114],[0.20520410408207113,47.52556815756313],[0.20520410408207113,47.55941966819336],[0.21240424808493685,47.57296027244544],[0.23400468009359088,47.57973057457147],[0.23400468009359088,47.610196934138656],[0.27000540010797636,47.610196934138656],[0.2772055441108705,47.59665632988657],[0.32040640812815013,47.59665632988657],[0.34200684013677574,47.57973057457147],[0.3708074161482955,47.5695751213824],[0.39960799215981524,47.57634542350846],[0.38520770415405536,47.610196934138656],[0.36360727214542976,47.627122689453785],[0.37800756015118964,47.64066329370587],[0.39960799215981524,47.64066329370587],[0.4068081361627094,47.627122689453785],[0.450009000179989,47.62035238732773],[0.45720914418285474,47.64066329370587],[0.4716094321886146,47.6474335958319],[0.49320986419726864,47.644048444768885],[0.5148102962058942,47.654203897957956],[0.5364107282145483,47.654203897957956],[0.5868117362346936,47.671129653273056],[0.5940118802375878,47.704981163903255],[0.5796115922318279,47.71513661709233],[0.6228124562491075,47.738832674533484],[0.6300126002519733,47.75237327878557],[0.6660133202663872,47.76252873197461],[0.7020140402807726,47.765913883037655],[0.6948138962779069,47.78960994047878],[0.7092141842836668,47.78960994047878],[0.7380147602951865,47.80653569579391],[0.7452149042980523,47.83023175323504],[0.774015480309572,47.8370020553611],[0.774015480309572,47.85054265961318],[0.7596151923038121,47.860698112802226],[0.7596151923038121,47.90131992555848],[0.7884157683153319,47.911475378747554],[0.8100162003239859,47.89116447236944],[0.8100162003239859,47.92840113406265],[0.8460169203383998,47.94194173831474],[0.8388167763355057,47.96902294681891],[0.8172163443268516,47.98594870213404],[0.8316166323326399,47.99271900426007],[0.8388167763355057,48.00964475957517],[0.8388167763355057,48.033340817016324],[0.8172163443268516,48.02995566595331],[0.795615912318226,48.03672596807934],[0.795615912318226,48.070577478709566],[0.8388167763355057,48.070577478709566],[0.8532170643412655,48.11458444252884],[0.8532170643412655,48.13489534890695],[0.910818216364305,48.13489534890695],[0.910818216364305,48.15182110422208],[0.8892177843556794,48.16197655741112],[0.8388167763355057,48.16874685953718],[0.795615912318226,48.189057765915294],[0.795615912318226,48.19582806804135],[0.8100162003239859,48.199213219104365],[0.8316166323326399,48.216138974419465],[0.7884157683153319,48.25676078717572],[0.795615912318226,48.293997448868964],[0.7668153363067063,48.30076775099499],[0.7596151923038121,48.310923204184064],[0.7812156243124662,48.338004412688235],[0.8100162003239859,48.34815986587731],[0.8604172083441597,48.34815986587731],[0.9252185043700649,48.382011376507506],[0.946818936378719,48.398937131822606],[0.946818936378719,48.41924803820075],[0.9684193683873445,48.42940349138982],[0.9396187923758248,48.45648469989399],[0.9396187923758248,48.47341045520909],[0.9540190803815847,48.48018075733512],[0.946818936378719,48.49710651265025],[0.9684193683873445,48.51741741902836],[0.9252185043700649,48.54111347646952],[0.9396187923758248,48.55126892965859],[0.8820176403527853,48.57496498709972],[0.8676173523470254,48.571579836036705],[0.8460169203383998,48.58512044028879],[0.8460169203383998,48.60881649772995],[0.8172163443268516,48.60881649772995],[0.8244164883297458,48.62235710198203],[0.8244164883297458,48.65282346154922],[0.8100162003239859,48.66974921686432],[0.8244164883297458,48.67990467005339],[0.8604172083441597,48.68667497217942],[0.8676173523470254,48.70698587855756],[0.946818936378719,48.71375618068359],[0.9612192243844788,48.727296784935675],[1.0332206644132782,48.727296784935675],[1.0332206644132782,48.74083738918776],[1.062021240424798,48.75776314450286],[1.0980219604391834,48.75099284237683],[1.1052221044420776,48.74760769131382],[1.1196223924478375,48.754377993439846],[1.1196223924478375,48.788229504070074],[1.1484229684593572,48.78484435300703],[1.162823256465117,48.771303748754946],[1.1844236884737427,48.77468889981799],[1.1988239764795026,48.76791859769193],[1.256425128502542,48.76791859769193],[1.270825416508302,48.75776314450286],[1.2996259925198217,48.76791859769193],[1.3356267125342356,48.7611482955659],[1.3428268565371013,48.771303748754946],[1.3788275765515152,48.788229504070074],[1.3572271445428612,48.8119255615112],[1.3572271445428612,48.832236467889345],[1.4004280085601408,48.85254737426746],[1.407628152563035,48.86270282745653],[1.4292285845716606,48.86270282745653],[1.4652293045860745,48.8728582806456],[1.4580291605831803,48.9067097912758],[1.4580291605831803,48.93717615084299],[1.50123002460046,48.94056130190603],[1.508430168603354,48.9236355465909],[1.5372307446148739,48.9236355465909],[1.5444308886177396,48.89993948914977],[1.5588311766234995,48.893169187023716],[1.5588311766234995,48.86947312958259],[1.5804316086321535,48.859317676393516],[1.5876317526350192,48.815310712574245],[1.5732314646292593,48.78145920194402],[1.5876317526350192,48.77468889981799],[1.5804316086321535,48.7611482955659],[1.6092321846436732,48.7611482955659],[1.6236324726494331,48.75099284237683],[1.6236324726494331,48.737452238124746],[1.5948318966379134,48.720526482809646],[1.5804316086321535,48.703600727494546],[1.5876317526350192,48.693445274305475],[1.6092321846436732,48.69006012324246],[1.602032040640779,48.66297891473829],[1.6236324726494331,48.649438310486204],[1.6524330486609529,48.63928285729713],[1.6596331926638186,48.61897195091899],[1.6884337686753668,48.61897195091899],[1.7172343446868865,48.598661044540876],[1.7028340566811266,48.58512044028879],[1.7172343446868865,48.57496498709972],[1.7604352087041661,48.57496498709972],[1.7604352087041661,48.56480953391065],[1.7820356407127917,48.54788377859555],[1.774835496709926,48.510647116902334],[1.789235784715686,48.50049166371326],[1.789235784715686,48.48695105946118],[1.8036360727214458,48.466640153083034],[1.8396367927358312,48.466640153083034],[1.8468369367387254,48.44632924670492],[1.868437368747351,48.43955894457886],[1.904438088761765,48.43955894457886],[1.9332386647732847,48.449714397767934],[1.9404388087761504,48.41924803820075],[1.9260385207703905,48.40570743394866],[1.9764395287905643,48.40232228288565],[1.98363967279343,48.36508562119241],[1.9692393847876701,48.338004412688235],[1.98363967279343,48.31769350631012],[1.9620392407848044,48.310923204184064],[1.9692393847876701,48.28722714674291],[2.0412408248164695,48.28722714674291],[2.0484409688193637,48.293997448868964],[2.0916418328366433,48.293997448868964],[2.1564431288625485,48.30076775099499],[2.149242984859683,48.31430835524708],[2.1852437048740683,48.31430835524708],[2.1852437048740683,48.33123411056221],[2.2068441368827223,48.34138956375125],[2.250045000900002,48.31769350631012],[2.3004460089201473,48.310923204184064],[2.314846296925907,48.33123411056221],[2.329246584931667,48.33123411056221],[2.358047160943187,48.310923204184064],[2.4084481689633606,48.31430835524708],[2.4228484569691204,48.29738259993198],[2.4156483129662263,48.27030139142781],[2.430048600971986,48.25337563611271],[2.473249464989266,48.24999048504969],[2.4876497529950257,48.23983503186062],[2.5092501850036797,48.23983503186062],[2.5164503290065454,48.226294427608536],[2.5164503290065454,48.18567261485228],[2.5092501850036797,48.155206255285094],[2.48044960899216,48.155206255285094],[2.458849176983506,48.12812504678092],[2.5236504730094396,48.12812504678092],[2.5380507610151994,48.14166565103301],[2.5740514810296133,48.14166565103301],[2.5740514810296133,48.13151019784394],[2.610052201043999,48.13151019784394],[2.6460529210584127,48.138280499969994],[2.6676533530670383,48.121354744654866],[2.718054361087212,48.12812504678092],[2.718054361087212,48.138280499969994],[2.746854937098732,48.14505080209602],[2.7396547930958377,48.15859140634811],[2.7756555131102516,48.16874685953718],[2.811656233124637,48.165361708474165],[2.797255945118877,48.15182110422208],[2.797255945118877,48.138280499969994],[2.8188563771275312,48.13151019784394],[2.840456809136157,48.138280499969994],[2.8764575291505707,48.15859140634811],[2.9340586811736102,48.16197655741112],[2.955659113182236,48.165361708474165],[2.96285925718513,48.15182110422208],[2.9916598331966497,48.15182110422208],[3.0204604092081695,48.13489534890695],[3.0204604092081695,48.121354744654866],[3.0348606972139294,48.11458444252884],[3.0348606972139294,48.09765868721374],[3.0492609852196892,48.094273536150695],[3.0492609852196892,48.07396262977258],[3.092461849236969,48.05365172339444],[3.0996619932398346,48.04011111914235],[3.1212624252484886,48.02995566595331],[3.0996619932398346,48.016415061701224],[3.1212624252484886,48.00625960851215],[3.1212624252484886,47.96902294681891],[3.1068621372427287,47.94532688937778],[3.078061561231209,47.938556587251725],[3.0492609852196892,47.92501598299964],[3.0492609852196892,47.911475378747554],[3.0204604092081695,47.904705076621525],[3.0132602652052753,47.894549623432454],[3.0132602652052753,47.860698112802226],[3.027660553211035,47.860698112802226],[3.0348606972139294,47.84038720642411],[3.0132602652052753,47.83361690429808],[3.0132602652052753,47.820076300046],[3.027660553211035,47.81330599791994],[3.027660553211035,47.78622478941577],[2.9916598331966497,47.78622478941577],[2.94845896917937,47.765913883037655],[2.9196583931678504,47.76929903410067],[2.8548570971419167,47.76252873197461],[2.8548570971419167,47.72867722134441],[2.8764575291505707,47.721906919218355],[2.8908578171563306,47.69821086177723],[2.9052581051620905,47.69821086177723],[2.9196583931678504,47.68467025752514],[2.9196583931678504,47.66774450221004],[2.941258825176476,47.65758904902097],[2.94845896917937,47.644048444768885],[2.9340586811736102,47.63727814264283],[2.941258825176476,47.59327117882356],[2.96285925718513,47.58650087669753],[2.955659113182236,47.55941966819336],[2.912458249164956,47.566189970319385],[2.8764575291505707,47.54587906394127],[2.847656953139051,47.539108761815214],[2.8908578171563306,47.50864240224803],[2.8980579611591963,47.48156119374386],[2.9196583931678504,47.46802058949177],[2.9196583931678504,47.454479985239686],[2.9340586811736102,47.43416907886157],[2.9196583931678504,47.4240136256725],[2.9196583931678504,47.4070878703574],[2.8980579611591963,47.38677696397926],[2.8980579611591963,47.37323635972717],[2.8692573851476766,47.346155151223],[2.8692573851476766,47.332614546970916],[2.8836576731534365,47.315688791655816],[2.9196583931678504,47.305533338466745],[2.941258825176476,47.28522243208863],[2.97725954519089,47.26829667677353],[2.9844596891937556,47.254756072521445],[2.97725954519089,47.23106001508029],[2.9844596891937556,47.21413425976519],[3.0132602652052753,47.18028274913496],[3.0132602652052753,47.139660936378704],[3.027660553211035,47.12950548318966],[3.027660553211035,47.08211336830735],[3.0204604092081695,47.06180246192923],[3.070861417228315,47.04149155555109],[3.078061561231209,47.01779549810993],[3.063661273225449,47.00086974279483],[3.063661273225449,46.97040338322765],[3.078061561231209,46.950092476849534],[3.0492609852196892,46.906085513030234],[3.063661273225449,46.899315210904206],[3.063661273225449,46.85869339814795],[3.056461129222555,46.82484188751772],[3.0348606972139294,46.80791613220262],[3.0348606972139294,46.794375527950535],[3.0132602652052753,46.80114583007659],[2.9916598331966497,46.79776067901355],[2.96285925718513,46.80453098113961],[2.955659113182236,46.79099037688752],[2.9196583931678504,46.794375527950535],[2.912458249164956,46.78083492369845],[2.8764575291505707,46.767294319446364],[2.8764575291505707,46.760524017320336],[2.847656953139051,46.743598262005236],[2.826056521130397,46.73682795987918],[2.7900558011160115,46.733442808816164],[2.7612552251044917,46.716517053501065],[2.725254505090078,46.74698341306825],[2.7036540730814522,46.74021311094219],[2.7036540730814522,46.71990220456408],[2.6892537850756923,46.716517053501065],[2.6532530650612784,46.69620614712292],[2.617252345046893,46.68605069393385],[2.631652633052653,46.67589524074481],[2.5740514810296133,46.66235463649272],[2.5740514810296133,46.64881403224064],[2.595651913038239,46.645428881177594],[2.595651913038239,46.63188827692551],[2.581251625032479,46.62511797479948],[2.581251625032479,46.594651615232294],[2.602852057041133,46.59126646416928],[2.610052201043999,46.57434070885415],[2.602852057041133,46.55064465141302],[2.566851337026719,46.533718896097895],[2.49484989699792,46.52017829184581],[2.48044960899216,46.533718896097895],[2.4660493209864,46.52356344290885],[2.4228484569691204,46.526948593971866],[2.4156483129662263,46.52017829184581],[2.358047160943187,46.516793140782795],[2.329246584931667,46.49648223440468],[2.329246584931667,46.472786176963524],[2.3004460089201473,46.46601587483747],[2.2860457209143874,46.455860421648424],[2.2788455769115217,46.422008911018196]]]}},{"type":"Feature","properties":{"name":"Bourgogne-Franche-Comté","code":"27","nom":"Bourgogne-Franche-Comté"},"geometry":{"type":"Polygon","coordinates":[[[3.0348606972139294,46.794375527950535],[3.0348606972139294,46.80791613220262],[3.056461129222555,46.82484188751772],[3.063661273225449,46.85869339814795],[3.063661273225449,46.899315210904206],[3.0492609852196892,46.906085513030234],[3.078061561231209,46.950092476849534],[3.063661273225449,46.97040338322765],[3.063661273225449,47.00086974279483],[3.078061561231209,47.01779549810993],[3.070861417228315,47.04149155555109],[3.0204604092081695,47.06180246192923],[3.027660553211035,47.08211336830735],[3.027660553211035,47.12950548318966],[3.0132602652052753,47.139660936378704],[3.0132602652052753,47.18028274913496],[2.9844596891937556,47.21413425976519],[2.97725954519089,47.23106001508029],[2.9844596891937556,47.254756072521445],[2.97725954519089,47.26829667677353],[2.941258825176476,47.28522243208863],[2.9196583931678504,47.305533338466745],[2.8836576731534365,47.315688791655816],[2.8692573851476766,47.332614546970916],[2.8692573851476766,47.346155151223],[2.8980579611591963,47.37323635972717],[2.8980579611591963,47.38677696397926],[2.9196583931678504,47.4070878703574],[2.9196583931678504,47.4240136256725],[2.9340586811736102,47.43416907886157],[2.9196583931678504,47.454479985239686],[2.9196583931678504,47.46802058949177],[2.8980579611591963,47.48156119374386],[2.8908578171563306,47.50864240224803],[2.847656953139051,47.539108761815214],[2.8764575291505707,47.54587906394127],[2.912458249164956,47.566189970319385],[2.955659113182236,47.55941966819336],[2.96285925718513,47.58650087669753],[2.941258825176476,47.59327117882356],[2.9340586811736102,47.63727814264283],[2.94845896917937,47.644048444768885],[2.941258825176476,47.65758904902097],[2.9196583931678504,47.66774450221004],[2.9196583931678504,47.68467025752514],[2.9052581051620905,47.69821086177723],[2.8908578171563306,47.69821086177723],[2.8764575291505707,47.721906919218355],[2.8548570971419167,47.72867722134441],[2.8548570971419167,47.76252873197461],[2.9196583931678504,47.76929903410067],[2.94845896917937,47.765913883037655],[2.9916598331966497,47.78622478941577],[3.027660553211035,47.78622478941577],[3.027660553211035,47.81330599791994],[3.0132602652052753,47.820076300046],[3.0132602652052753,47.83361690429808],[3.0348606972139294,47.84038720642411],[3.027660553211035,47.860698112802226],[3.0132602652052753,47.860698112802226],[3.0132602652052753,47.894549623432454],[3.0204604092081695,47.904705076621525],[3.0492609852196892,47.911475378747554],[3.0492609852196892,47.92501598299964],[3.078061561231209,47.938556587251725],[3.1068621372427287,47.94532688937778],[3.1212624252484886,47.96902294681891],[3.1212624252484886,48.00625960851215],[3.0996619932398346,48.016415061701224],[3.1212624252484886,48.02995566595331],[3.0996619932398346,48.04011111914235],[3.092461849236969,48.05365172339444],[3.0492609852196892,48.07396262977258],[3.0492609852196892,48.094273536150695],[3.0348606972139294,48.09765868721374],[3.0348606972139294,48.11458444252884],[3.0204604092081695,48.121354744654866],[3.0204604092081695,48.13489534890695],[2.9916598331966497,48.15182110422208],[2.96285925718513,48.15182110422208],[2.955659113182236,48.165361708474165],[2.9340586811736102,48.16197655741112],[2.9340586811736102,48.182287463789265],[2.9700594011879957,48.205983521230394],[3.0060601212024096,48.205983521230394],[3.0204604092081695,48.23644988079761],[3.0492609852196892,48.26691624036479],[3.027660553211035,48.27368654249082],[3.027660553211035,48.29061229780595],[3.0132602652052753,48.304152902058036],[3.042060841216795,48.33123411056221],[3.0492609852196892,48.35831531906638],[3.0996619932398346,48.35831531906638],[3.1212624252484886,48.36847077225542],[3.171663433268634,48.37185592331846],[3.2004640092801537,48.36508562119241],[3.2220644412888078,48.37185592331846],[3.2508650173003275,48.36847077225542],[3.286865737314713,48.382011376507506],[3.322866457329127,48.37185592331846],[3.3660673213464065,48.37185592331846],[3.3660673213464065,48.39555198075959],[3.387667753355032,48.398937131822606],[3.4164683293665803,48.38878167863356],[3.423668473369446,48.36170047012939],[3.4524690493809658,48.37524107438148],[3.47406948138962,48.37524107438148],[3.5100702014040053,48.36170047012939],[3.5316706334126593,48.34138956375125],[3.5820716414328047,48.30753805312105],[3.589271785435699,48.29061229780595],[3.6180723614472186,48.27030139142781],[3.6252725054500843,48.25337563611271],[3.6036720734414587,48.243220182923636],[3.6180723614472186,48.233064729734565],[3.6108722174443244,48.20936867229344],[3.574871497429939,48.189057765915294],[3.5964719294385645,48.17890231272625],[3.6252725054500843,48.19244291697834],[3.639672793455844,48.18567261485228],[3.661273225464498,48.16197655741112],[3.668473369467364,48.138280499969994],[3.7116742334846435,48.15182110422208],[3.7260745214904034,48.17551716166321],[3.754875097501923,48.16197655741112],[3.7404748094961633,48.13151019784394],[3.798075961519203,48.11119929146582],[3.798075961519203,48.087503234024666],[3.8268765375307225,48.06380717658351],[3.8268765375307225,48.04688142126841],[3.8268765375307225,48.043496270205395],[3.870077401548002,48.01980021276424],[3.870077401548002,48.00625960851215],[3.8412768255364824,48.00287445744914],[3.8484769695393766,47.982563551070996],[3.870077401548002,47.97579324894497],[3.898877977559522,47.99610415532308],[3.913278265565282,47.982563551070996],[3.906078121562416,47.965637795755896],[3.906078121562416,47.92501598299964],[3.934878697573936,47.931786285125696],[3.9924798495969753,47.931786285125696],[4.057281145622881,47.92840113406265],[4.057281145622881,47.94194173831474],[4.0932818656372945,47.94532688937778],[4.0932818656372945,47.92840113406265],[4.107682153643054,47.92501598299964],[4.136482729654574,47.938556587251725],[4.1580831616632,47.95886749362987],[4.186883737674719,47.955482342566825],[4.186883737674719,47.94194173831474],[4.2084841696833735,47.94194173831474],[4.201284025680479,47.97240809788195],[4.222884457689133,47.97240809788195],[4.222884457689133,47.948712040440796],[4.244484889697759,47.92840113406265],[4.294885897717933,47.92501598299964],[4.302086041720827,47.948712040440796],[4.316486329726587,47.95886749362987],[4.359687193743866,47.955482342566825],[4.366887337746732,47.96225264469288],[4.395687913758252,47.96225264469288],[4.410088201764012,47.96902294681891],[4.4388887777755315,47.95886749362987],[4.467689353787051,47.95886749362987],[4.496489929798571,47.96902294681891],[4.510890217804331,47.965637795755896],[4.5540910818216105,47.96902294681891],[4.561291225824505,47.97917840000798],[4.539690793815851,47.99271900426007],[4.546890937818745,48.00625960851215],[4.5756915138302645,48.02995566595331],[4.618892377847544,48.02995566595331],[4.676493529870584,48.016415061701224],[4.698093961879209,48.02318536382725],[4.726894537890729,48.00625960851215],[4.748494969899383,48.00287445744914],[4.791695833916663,48.00625960851215],[4.791695833916663,47.96225264469288],[4.842096841936808,47.96225264469288],[4.863697273945462,47.948712040440796],[4.849296985939702,47.921630831936625],[4.827696553931048,47.90809022768454],[4.856497129942568,47.90131992555848],[4.878097561951222,47.921630831936625],[4.8996979939598475,47.921630831936625],[4.928498569971367,47.89116447236944],[4.928498569971367,47.8708535659913],[4.957299145982887,47.86746841492828],[4.964499289985781,47.84038720642411],[4.986099721994407,47.83023175323504],[4.986099721994407,47.80315054473087],[4.957299145982887,47.78960994047878],[4.9212984259685015,47.77945448728974],[4.928498569971367,47.76252873197461],[4.957299145982887,47.76252873197461],[4.971699433988647,47.72867722134441],[4.957299145982887,47.71175146602931],[4.957299145982887,47.69821086177723],[4.971699433988647,47.688055408588156],[4.993299865997301,47.688055408588156],[5.022100442008821,47.70836631496627],[5.05090101802034,47.694825710714184],[5.05090101802034,47.66774450221004],[5.0653013060261,47.66774450221004],[5.072501450028966,47.664359351147],[5.10850217004338,47.65081874689491],[5.1301026020520055,47.65081874689491],[5.158903178063554,47.66774450221004],[5.158903178063554,47.6812851064621],[5.180503610072179,47.6812851064621],[5.173303466069314,47.65081874689491],[5.1877037540750734,47.65081874689491],[5.230904618092353,47.6305078405168],[5.252505050100979,47.610196934138656],[5.238104762095219,47.59665632988657],[5.252505050100979,47.58650087669753],[5.281305626112498,47.57973057457147],[5.281305626112498,47.59327117882356],[5.324506490129778,47.6135820852017],[5.346106922138432,47.60342663201263],[5.374907498149952,47.60342663201263],[5.374907498149952,47.62373753839074],[5.403708074161472,47.6474335958319],[5.403708074161472,47.67451480433607],[5.461309226184511,47.671129653273056],[5.490109802196031,47.68467025752514],[5.5117102342046564,47.67451480433607],[5.5333106662133105,47.67451480433607],[5.554911098221936,47.69821086177723],[5.583711674233456,47.70159601284024],[5.59091181823635,47.67451480433607],[5.6485129702593895,47.67451480433607],[5.655713114262255,47.68467025752514],[5.691713834276669,47.68467025752514],[5.691713834276669,47.70836631496627],[5.684513690273775,47.721906919218355],[5.691713834276669,47.738832674533484],[5.706114122282429,47.7422178255965],[5.706114122282429,47.76929903410067],[5.677313546270909,47.77945448728974],[5.684513690273775,47.816691148982954],[5.713314266285295,47.82346145110901],[5.734914698293949,47.816691148982954],[5.749314986299709,47.826846602172026],[5.7421148422968145,47.84715750855017],[5.756515130302574,47.85731296173921],[5.821316426328508,47.85054265961318],[5.828516570331374,47.85731296173921],[5.821316426328508,47.87423871705431],[5.835716714334268,47.89116447236944],[5.8573171463428935,47.904705076621525],[5.886117722354413,47.90131992555848],[5.886117722354413,47.92501598299964],[5.900518010360173,47.94532688937778],[5.922118442368827,47.955482342566825],[5.922118442368827,47.97240809788195],[5.950919018380347,47.97917840000798],[5.958119162383213,47.965637795755896],[5.929318586371693,47.94532688937778],[5.950919018380347,47.938556587251725],[5.986919738394732,47.955482342566825],[6.008520170403386,47.95886749362987],[6.022920458409146,47.97579324894497],[6.022920458409146,47.99271900426007],[6.07332146642932,48.016415061701224],[6.1093221864437055,48.01302991063821],[6.138122762455225,48.01980021276424],[6.152523050460985,48.01302991063821],[6.159723194463879,47.99271900426007],[6.159723194463879,47.955482342566825],[6.188523770475399,47.955482342566825],[6.210124202484025,47.938556587251725],[6.238924778495544,47.931786285125696],[6.274925498509958,47.955482342566825],[6.325326506530104,47.948712040440796],[6.368527370547383,47.96225264469288],[6.426128522570423,47.94532688937778],[6.462129242584837,47.91486052981057],[6.4549290985819425,47.904705076621525],[6.4765295305905966,47.894549623432454],[6.4765295305905966,47.88439417024338],[6.519730394607876,47.90131992555848],[6.541330826616502,47.90131992555848],[6.555731114622262,47.911475378747554],[6.562931258625156,47.931786285125696],[6.606132122642435,47.94194173831474],[6.642132842656821,47.91824568087361],[6.642132842656821,47.904705076621525],[6.670933418668341,47.894549623432454],[6.735734714694274,47.86408326386527],[6.793335866717314,47.843772357487126],[6.78613572271442,47.83361690429808],[6.822136442728834,47.816691148982954],[6.843736874737459,47.82346145110901],[6.850937018740353,47.79638024260484],[6.865337306746113,47.782839638352755],[6.894137882757633,47.7760693362267],[6.937338746774913,47.77268418516368],[6.9517390347806725,47.76252873197461],[6.994939898797952,47.74560297665951],[7.016540330806606,47.7422178255965],[7.038140762815232,47.71852176815534],[7.030940618812366,47.704981163903255],[7.045340906818126,47.68467025752514],[7.045340906818126,47.671129653273056],[7.016540330806606,47.65081874689491],[7.016540330806606,47.6305078405168],[7.009340186803712,47.6305078405168],[7.009340186803712,47.60004148094961],[7.0669413388267515,47.60004148094961],[7.0885417708354055,47.59327117882356],[7.0885417708354055,47.57973057457147],[7.110142202844031,47.566189970319385],[7.110142202844031,47.549264215004285],[7.138942778855551,47.5357236107522],[7.138942778855551,47.50864240224803],[7.131742634852685,47.50187210012197],[7.117342346846925,47.49510179799594],[7.045340906818126,47.49510179799594],[7.016540330806606,47.505257251185014],[6.987739754795086,47.49510179799594],[6.987739754795086,47.46802058949177],[6.994939898797952,47.44770968311366],[6.9733394667893265,47.44770968311366],[6.966139322786432,47.43416907886157],[6.937338746774913,47.43416907886157],[6.944538890777807,47.417243323546444],[6.908538170763393,47.39693241716833],[6.879737594751873,47.3630809065381],[6.901338026760527,47.35969575547509],[6.9733394667893265,47.35969575547509],[7.016540330806606,47.36985120866416],[7.052541050820992,47.35969575547509],[7.052541050820992,47.332614546970916],[7.045340906818126,47.32584424484489],[7.009340186803712,47.32584424484489],[7.016540330806606,47.30891848952979],[6.994939898797952,47.2953778852777],[6.944538890777807,47.29199273421466],[6.958939178783567,47.244600619332374],[6.930138602772047,47.22428971295423],[6.879737594751873,47.2005936555131],[6.872537450749007,47.183667900197975],[6.843736874737459,47.166742144882875],[6.850937018740353,47.159971842756846],[6.807736154723074,47.12950548318966],[6.77173543470866,47.122735181063604],[6.74293485869714,47.10919457681152],[6.74293485869714,47.09226882149642],[6.71413428268562,47.088883670433404],[6.692533850676995,47.06857276405526],[6.721334426688514,47.05164700874016],[6.663733274665475,47.027950951299005],[6.649332986659715,47.00764004492089],[6.620532410648195,46.994099440668805],[6.598931978639541,46.994099440668805],[6.577331546630916,46.98394398747973],[6.505330106602116,46.967018232164634],[6.483729674593462,46.967018232164634],[6.433328666573317,46.92301126834536],[6.447728954579077,46.91285581515629],[6.462129242584837,46.889159757715134],[6.462129242584837,46.84853794495888],[6.440528810576183,46.83161218964378],[6.433328666573317,46.80114583007659],[6.462129242584837,46.78760522582451],[6.426128522570423,46.75375371519428],[6.397327946558903,46.750368564131264],[6.382927658553143,46.73005765775315],[6.354127082541623,46.71990220456408],[6.296525930518584,46.69282099605991],[6.195723914478265,46.628503125862494],[6.1309226184523595,46.594651615232294],[6.1093221864437055,46.577725859917194],[6.159723194463879,46.543874349286966],[6.145322906458119,46.526948593971866],[6.1093221864437055,46.51002283865677],[6.094921898437946,46.47617132802654],[6.07332146642932,46.46601587483747],[6.07332146642932,46.45247527058538],[6.08772175443508,46.44231981739634],[6.07332146642932,46.43216436420727],[6.066121322426426,46.41523860889217],[6.037320746414906,46.39831285357707],[5.950919018380347,46.3272246812536],[5.914918298365933,46.300143472749426],[5.914918298365933,46.28660286849734],[5.886117722354413,46.27983256637131],[5.8789175783515475,46.26967711318224],[5.850117002340028,46.26290681105621],[5.799715994319854,46.266291962119226],[5.7421148422968145,46.266291962119226],[5.720514410288189,46.26290681105621],[5.713314266285295,46.27983256637131],[5.720514410288189,46.28998801956038],[5.713314266285295,46.3102989259385],[5.684513690273775,46.3102989259385],[5.670113402268015,46.32383953019058],[5.6485129702593895,46.3272246812536],[5.6485129702593895,46.34076528550568],[5.612512250244976,46.3272246812536],[5.612512250244976,46.317069228064554],[5.59091181823635,46.2933731706234],[5.56211124222483,46.2933731706234],[5.54771095421907,46.273062264245254],[5.518910378207551,46.26290681105621],[5.504510090201791,46.26967711318224],[5.475709514190271,46.266291962119226],[5.461309226184511,46.273062264245254],[5.461309226184511,46.28998801956038],[5.475709514190271,46.3102989259385],[5.410908218164337,46.3272246812536],[5.403708074161472,46.34076528550568],[5.374907498149952,46.350920738694754],[5.374907498149952,46.36446134294684],[5.360507210144192,46.371231645072896],[5.374907498149952,46.38477224932498],[5.310106202124018,46.41185345782915],[5.317306346126912,46.44570496845935],[5.259705194103873,46.44909011952237],[5.223704474089459,46.46940102590051],[5.202104042080833,46.49309708334164],[5.202104042080833,46.506637687593724],[5.166103322066419,46.516793140782795],[5.158903178063554,46.506637687593724],[5.10850217004338,46.49309708334164],[5.09410188203762,46.499867385467695],[5.07970159403186,46.48632678121561],[5.058101162023206,46.482941630152595],[5.000500010000167,46.51340798971978],[4.964499289985781,46.51340798971978],[4.950099001980021,46.50325253653071],[4.914098281965607,46.489711932278624],[4.914098281965607,46.45924557271144],[4.892497849956982,46.44570496845935],[4.892497849956982,46.405083155703096],[4.849296985939702,46.35769104082081],[4.856497129942568,46.33060983231664],[4.827696553931048,46.28998801956038],[4.827696553931048,46.273062264245254],[4.813296265925288,46.26290681105621],[4.813296265925288,46.24598105574111],[4.791695833916663,46.21889984723694],[4.791695833916663,46.20197409192181],[4.762895257905143,46.17150773235463],[4.734094681893623,46.178278034480684],[4.719694393887863,46.19181863873277],[4.734094681893623,46.212129545110884],[4.719694393887863,46.222284998299955],[4.726894537890729,46.23582560255204],[4.712494249884969,46.249366206804126],[4.698093961879209,46.249366206804126],[4.676493529870584,46.26290681105621],[4.705294105882103,46.26967711318224],[4.705294105882103,46.28660286849734],[4.6908938178763435,46.300143472749426],[4.633292665853304,46.300143472749426],[4.618892377847544,46.283217717434326],[4.618892377847544,46.266291962119226],[4.58289165783313,46.26967711318224],[4.56849136982737,46.2933731706234],[4.546890937818745,46.28660286849734],[4.546890937818745,46.273062264245254],[4.518090361807225,46.26967711318224],[4.453289065781291,46.29675832168641],[4.424488489769772,46.30352862381247],[4.402888057761146,46.29675832168641],[4.388487769755386,46.26290681105621],[4.388487769755386,46.212129545110884],[4.316486329726587,46.17489288341764],[4.287685753715067,46.17150773235463],[4.287685753715067,46.15796712810254],[4.251685033700653,46.15796712810254],[4.266085321706413,46.17489288341764],[4.251685033700653,46.18843348766973],[4.237284745694893,46.1816631855437],[4.2084841696833735,46.195203789795784],[4.186883737674719,46.18843348766973],[4.186883737674719,46.17489288341764],[4.165283305666094,46.17150773235463],[4.10048200964016,46.1985889408588],[4.07168143362864,46.19181863873277],[4.028480569611361,46.17150773235463],[3.985279705594081,46.17150773235463],[3.9708794175883213,46.18843348766973],[3.9708794175883213,46.20197409192181],[3.920478409568176,46.205359242984855],[3.898877977559522,46.212129545110884],[3.906078121562416,46.239210753615055],[3.906078121562416,46.273062264245254],[3.891677833556656,46.27983256637131],[3.898877977559522,46.2933731706234],[3.934878697573936,46.29675832168641],[3.9492789855796957,46.30352862381247],[3.9492789855796957,46.32045437912757],[3.985279705594081,46.32045437912757],[3.985279705594081,46.35430588975777],[3.9924798495969753,46.371231645072896],[3.9780795615912155,46.388157400387996],[3.985279705594081,46.422008911018196],[3.999679993599841,46.438934666333324],[3.999679993599841,46.46601587483747],[3.9564791295825614,46.49309708334164],[3.934878697573936,46.489711932278624],[3.913278265565282,46.49648223440468],[3.884477689553762,46.482941630152595],[3.8628772575451364,46.489711932278624],[3.8628772575451364,46.516793140782795],[3.8412768255364824,46.53033374503488],[3.8124762495249627,46.52017829184581],[3.783675673513443,46.526948593971866],[3.776475529510577,46.53710404716094],[3.7476749534990574,46.53710404716094],[3.7332746654932976,46.543874349286966],[3.7404748094961633,46.55741495353905],[3.7404748094961633,46.58788131310624],[3.7332746654932976,46.604807068421366],[3.7116742334846435,46.61496252161041],[3.7260745214904034,46.628503125862494],[3.704474089481778,46.638658579051565],[3.6972739454788837,46.66235463649272],[3.668473369467364,46.672510089681765],[3.654073081461604,46.68943584499689],[3.654073081461604,46.70636160031199],[3.6252725054500843,46.733442808816164],[3.6252725054500843,46.75375371519428],[3.574871497429939,46.750368564131264],[3.5964719294385645,46.72328735562709],[3.5820716414328047,46.716517053501065],[3.553271065421285,46.716517053501065],[3.546070921418419,46.70636160031199],[3.553271065421285,46.68605069393385],[3.5316706334126593,46.68943584499689],[3.5100702014040053,46.67928039180782],[3.4884697693953797,46.65219918330365],[3.4524690493809658,46.65219918330365],[3.4452689053781,46.66235463649272],[3.4524690493809658,46.68943584499689],[3.43086861737234,46.69282099605991],[3.43086861737234,46.71313190243802],[3.3804676093521664,46.71313190243802],[3.3732674653492722,46.69620614712292],[3.3516670333406466,46.68605069393385],[3.322866457329127,46.68605069393385],[3.286865737314713,46.71313190243802],[3.2652653053060874,46.716517053501065],[3.207664153283048,46.682665542870836],[3.1644632892657683,46.69282099605991],[3.1284625692513544,46.72667250669011],[3.092461849236969,46.733442808816164],[3.063661273225449,46.74698341306825],[3.0348606972139294,46.77406462157242],[3.0348606972139294,46.794375527950535]]]}},{"type":"Feature","properties":{"name":"Normandie","code":"28","nom":"Normandie"},"geometry":{"type":"Polygon","coordinates":[[[-1.5732314646293162,48.62574225304505],[-1.5444308886177964,48.632512555171076],[-1.5084301686033825,48.61897195091899],[-1.472429448588997,48.61897195091899],[-1.4148282965659575,48.64266800836015],[-1.371627432548678,48.64266800836015],[-1.4004280085601977,48.66297891473829],[-1.4436288725774773,48.66297891473829],[-1.486829736594757,48.68667497217942],[-1.5084301686033825,48.68667497217942],[-1.5084301686033825,48.7002155764315],[-1.5228304566091424,48.72391163387266],[-1.5732314646293162,48.744222540250775],[-1.5732314646293162,48.822081014700274],[-1.5948318966379418,48.83562161895236],[-1.5948318966379418,48.84577707214143],[-1.5732314646293162,48.866087978519545],[-1.5732314646293162,48.893169187023716],[-1.5516310326206622,48.89993948914977],[-1.5516310326206622,48.9236355465909],[-1.5588311766235563,48.94056130190603],[-1.5588311766235563,48.998108869977386],[-1.5516310326206622,49.015034625292486],[-1.566031320626422,49.03534553167063],[-1.587631752635076,49.00826432316646],[-1.602032040640836,49.03873068273364],[-1.5948318966379418,49.05904158911176],[-1.6092321846437017,49.0793524954899],[-1.6092321846437017,49.109818855057085],[-1.5948318966379418,49.12335945930917],[-1.5948318966379418,49.16398127206543],[-1.6092321846437017,49.214758538010756],[-1.587631752635076,49.21814368907377],[-1.580431608632182,49.231684293325856],[-1.6164323286465958,49.231684293325856],[-1.6380327606552214,49.21814368907377],[-1.6524330486609813,49.231684293325856],[-1.6596331926638754,49.25876550183003],[-1.702834056681155,49.309542767775326],[-1.702834056681155,49.32308337202741],[-1.7244344886897807,49.326468523090455],[-1.7460349206984347,49.35016458053158],[-1.7820356407128486,49.37386063797274],[-1.8108362167243683,49.370475486909726],[-1.8252365047301282,49.3975566954139],[-1.8252365047301282,49.45171911242224],[-1.8468369367387538,49.47203001880035],[-1.8468369367387538,49.50249637836754],[-1.8756375127502736,49.51265183155661],[-1.8900378007560334,49.526192435808696],[-1.8756375127502736,49.54650334218684],[-1.854037080741648,49.55327364431287],[-1.839636792735888,49.57019939962797],[-1.839636792735888,49.604050910258195],[-1.8468369367387538,49.631132118762366],[-1.8612372247445137,49.65144302514048],[-1.8900378007560334,49.664983629392566],[-1.9188383767675532,49.664983629392566],[-1.947638952779073,49.67852423364465],[-1.933238664773313,49.68867968683372],[-1.947638952779073,49.70222029108581],[-1.947638952779073,49.72253119746392],[-1.9188383767675532,49.725916348526965],[-1.8972379447589276,49.70899059321184],[-1.839636792735888,49.71237574427488],[-1.818036360727234,49.68867968683372],[-1.7892357847157143,49.68867968683372],[-1.7676353527070887,49.67852423364465],[-1.7100342006840208,49.67852423364465],[-1.681233624672501,49.67175393151862],[-1.6740334806696353,49.65821332726654],[-1.6308326166523557,49.66159847832955],[-1.6164323286465958,49.648057874077466],[-1.602032040640836,49.66159847832955],[-1.580431608632182,49.654828176203495],[-1.5300306006120366,49.654828176203495],[-1.486829736594757,49.66836878045558],[-1.465229304586103,49.69544998895975],[-1.4364287285745831,49.70222029108581],[-1.4004280085601977,49.70222029108581],[-1.371627432548678,49.70899059321184],[-1.3284265685313983,49.70222029108581],[-1.2996259925198785,49.69206483789674],[-1.2708254165083588,49.68867968683372],[-1.2708254165083588,49.67852423364465],[-1.242024840496839,49.65821332726654],[-1.242024840496839,49.64467272301445],[-1.2276245524910792,49.62774696769932],[-1.2276245524910792,49.604050910258195],[-1.256425128502599,49.61420636344724],[-1.2636252725054646,49.58374000388005],[-1.2924258485169844,49.587125154943095],[-1.3068261365227443,49.57358455069101],[-1.3068261365227443,49.53973304006078],[-1.2924258485169844,49.51942213368267],[-1.242024840496839,49.47203001880035],[-1.2060241204824251,49.44494881029618],[-1.1700234004680397,49.41109729966598],[-1.1628232564651455,49.38401609116181],[-1.1772235444709054,49.377245789035754],[-1.1340226804536258,49.353549731594626],[-1.1196223924478659,49.35693488265764],[-1.0980219604392403,49.377245789035754],[-1.0692213844277205,49.39078639328784],[-1.026020520410441,49.39078639328784],[-1.0044200884017869,49.3975566954139],[-0.9756195123902671,49.39417154435088],[-0.9540190803816415,49.3975566954139],[-0.9252185043701218,49.39417154435088],[-0.8964179283585736,49.377245789035754],[-0.8316166323326684,49.35693488265764],[-0.7308146162923492,49.34677942946857],[-0.64441288825779,49.34677942946857],[-0.6012120242405103,49.34000912734254],[-0.5652113042260964,49.34677942946857],[-0.5220104402088168,49.34677942946857],[-0.47160943218867146,49.3366239762795],[-0.41400828016563196,49.3366239762795],[-0.3420068401368326,49.31631306990138],[-0.2844056881137931,49.29261701246023],[-0.21960439208785942,49.2858467103342],[-0.1548030960619542,49.2858467103342],[-0.08280165603315481,49.29938731458628],[-0.039600792015875186,49.31631306990138],[0.0036000720014328635,49.326468523090455],[0.04680093601871249,49.34677942946857],[0.0684013680273381,49.36709033584671],[0.104402088041752,49.39078639328784],[0.14040280805613747,49.40771214860297],[0.17640352807055137,49.41109729966598],[0.20520410408207113,49.42463790391807],[0.22680453609069673,49.42802305498108],[0.28440568811373623,49.42802305498108],[0.34200684013677574,49.43479335710714],[0.32760655213101586,49.45171911242224],[0.16920338406765723,49.45171911242224],[0.15480309606189735,49.45848941454827],[0.11880237604751187,49.46187456561128],[0.09000180003599212,49.482185471989425],[0.09000180003599212,49.50249637836754],[0.0684013680273381,49.50588152943058],[0.0684013680273381,49.52957758687171],[0.09720194403885785,49.56342909750194],[0.104402088041752,49.58374000388005],[0.13320266405327175,49.610821212384224],[0.15480309606189735,49.64467272301445],[0.14760295205903162,49.654828176203495],[0.1620032400647915,49.66836878045558],[0.1620032400647915,49.68529453577071],[0.1836036720734171,49.70222029108581],[0.219604392087831,49.71914604640091],[0.2556051121022165,49.72253119746392],[0.28440568811373623,49.73607180171601],[0.32760655213101586,49.742842103842065],[0.36360727214542976,49.759767859157165],[0.3708074161482955,49.769923312346236],[0.4068081361627094,49.776693614472265],[0.450009000179989,49.793619369787365],[0.5724114482289338,49.85116693785875],[0.6084121682433477,49.854552088921764],[0.6372127442548674,49.864707542110835],[0.6948138962779069,49.871477844236864],[0.7668153363067063,49.871477844236864],[0.795615912318226,49.87486299529988],[0.8244164883297458,49.888403599551964],[0.8460169203383998,49.888403599551964],[0.946818936378719,49.91209965699312],[0.9540190803815847,49.91886995911918],[1.0044200884017584,49.91886995911918],[1.026020520410384,49.915484808056135],[1.0692213844276637,49.925640261245206],[1.0836216724334236,49.93579571443428],[1.1052221044420776,49.93579571443428],[1.1700234004679828,49.96287692293845],[1.1916238324766368,49.96626207400146],[1.2492249844996763,49.99672843356865],[1.2852257045140618,50.02380964207282],[1.3068261365227158,50.03057994419888],[1.3356267125342356,50.04750569951398],[1.3788275765515152,50.06443145482908],[1.407628152563035,50.05766115270305],[1.4220284405687948,50.07120175695513],[1.4580291605831803,50.06443145482908],[1.4580291605831803,50.04412054845096],[1.4724294485889402,50.03057994419888],[1.5156303126062198,50.01365418888375],[1.5156303126062198,50.003498735694706],[1.5660313206263936,49.976417527190534],[1.5948318966379134,49.94595116762335],[1.6308326166522988,49.93579571443428],[1.6884337686753668,49.90871450593011],[1.6884337686753668,49.89517390167802],[1.7100342006839924,49.888403599551964],[1.7172343446868865,49.87486299529988],[1.7172343446868865,49.84778178679571],[1.7316346326926464,49.81393027616551],[1.7604352087041661,49.78007876553531],[1.7820356407127917,49.769923312346236],[1.7820356407127917,49.759767859157165],[1.7460349206984063,49.759767859157165],[1.7460349206984063,49.73945695277905],[1.7244344886897522,49.72930149958998],[1.7172343446868865,49.70560544214882],[1.6884337686753668,49.69206483789674],[1.7172343446868865,49.681909384707666],[1.7388347766955121,49.70222029108581],[1.753235064701272,49.681909384707666],[1.7244344886897522,49.67175393151862],[1.7028340566811266,49.64128757195141],[1.7244344886897522,49.620976665573295],[1.6956339126782325,49.60066575919518],[1.7316346326926464,49.560043946438924],[1.7244344886897522,49.543118191123796],[1.7460349206984063,49.53973304006078],[1.7388347766955121,49.51942213368267],[1.7172343446868865,49.509266680493596],[1.7244344886897522,49.499111227304525],[1.753235064701272,49.49572607624151],[1.7604352087041661,49.51265183155661],[1.789235784715686,49.50588152943058],[1.774835496709926,49.48895577411545],[1.774835496709926,49.46864486773734],[1.7388347766955121,49.4483339613592],[1.7244344886897522,49.43479335710714],[1.7244344886897522,49.3975566954139],[1.7460349206984063,49.370475486909726],[1.7604352087041661,49.36709033584671],[1.7604352087041661,49.35016458053158],[1.774835496709926,49.34000912734254],[1.7676353527070319,49.31631306990138],[1.774835496709926,49.29261701246023],[1.7964359287185516,49.28923186139721],[1.7964359287185516,49.25876550183003],[1.7676353527070319,49.25199519970397],[1.753235064701272,49.26892095501907],[1.7100342006839924,49.265535803956055],[1.7028340566811266,49.25538035076701],[1.7028340566811266,49.231684293325856],[1.6740334806695785,49.214758538010756],[1.6740334806695785,49.18429217844354],[1.6668333366667127,49.153825818876356],[1.6524330486609529,49.143670365687285],[1.6596331926638186,49.13351491249824],[1.6308326166522988,49.1132040061201],[1.6308326166522988,49.10304855293103],[1.602032040640779,49.08612279761593],[1.5588311766234995,49.06919704230083],[1.508430168603354,49.07258219336384],[1.508430168603354,49.0624267401748],[1.4868297365947,49.05227128698573],[1.4580291605831803,49.05565643804874],[1.4436288725774205,49.04550098485967],[1.4580291605831803,49.03534553167063],[1.4580291605831803,49.02180492741854],[1.4796295925918344,49.015034625292486],[1.4796295925918344,48.998108869977386],[1.50123002460046,48.960872208284144],[1.50123002460046,48.94056130190603],[1.4580291605831803,48.93717615084299],[1.4580291605831803,48.9067097912758],[1.4652293045860745,48.8728582806456],[1.4292285845716606,48.86270282745653],[1.407628152563035,48.86270282745653],[1.4004280085601408,48.85254737426746],[1.3572271445428612,48.832236467889345],[1.3572271445428612,48.8119255615112],[1.3788275765515152,48.788229504070074],[1.3428268565371013,48.771303748754946],[1.3356267125342356,48.7611482955659],[1.2996259925198217,48.76791859769193],[1.270825416508302,48.75776314450286],[1.256425128502542,48.76791859769193],[1.1988239764795026,48.76791859769193],[1.1844236884737427,48.77468889981799],[1.162823256465117,48.771303748754946],[1.1484229684593572,48.78484435300703],[1.1196223924478375,48.788229504070074],[1.1196223924478375,48.754377993439846],[1.1052221044420776,48.74760769131382],[1.0980219604391834,48.75099284237683],[1.062021240424798,48.75776314450286],[1.0332206644132782,48.74083738918776],[1.0332206644132782,48.727296784935675],[0.9612192243844788,48.727296784935675],[0.946818936378719,48.71375618068359],[0.8676173523470254,48.70698587855756],[0.8604172083441597,48.68667497217942],[0.8244164883297458,48.67990467005339],[0.8100162003239859,48.66974921686432],[0.8244164883297458,48.65282346154922],[0.8244164883297458,48.62235710198203],[0.8172163443268516,48.60881649772995],[0.8460169203383998,48.60881649772995],[0.8460169203383998,48.58512044028879],[0.8676173523470254,48.571579836036705],[0.8820176403527853,48.57496498709972],[0.9396187923758248,48.55126892965859],[0.9252185043700649,48.54111347646952],[0.9684193683873445,48.51741741902836],[0.946818936378719,48.49710651265025],[0.9540190803815847,48.48018075733512],[0.9396187923758248,48.47341045520909],[0.9396187923758248,48.45648469989399],[0.9684193683873445,48.42940349138982],[0.946818936378719,48.41924803820075],[0.946818936378719,48.398937131822606],[0.9252185043700649,48.382011376507506],[0.8604172083441597,48.34815986587731],[0.8100162003239859,48.34815986587731],[0.7812156243124662,48.338004412688235],[0.7596151923038121,48.310923204184064],[0.7668153363067063,48.30076775099499],[0.795615912318226,48.293997448868964],[0.7884157683153319,48.25676078717572],[0.8316166323326399,48.216138974419465],[0.8100162003239859,48.199213219104365],[0.795615912318226,48.19582806804135],[0.795615912318226,48.19244291697834],[0.7596151923038121,48.17890231272625],[0.7164143282865325,48.205983521230394],[0.7164143282865325,48.216138974419465],[0.6876137522750128,48.23983503186062],[0.680413608272147,48.25676078717572],[0.6444128882577331,48.26353108930178],[0.6228124562491075,48.243220182923636],[0.5796115922318279,48.243220182923636],[0.5364107282145483,48.24999048504969],[0.5364107282145483,48.26353108930178],[0.5148102962058942,48.26691624036479],[0.5004100082001344,48.28045684461688],[0.5004100082001344,48.304152902058036],[0.44280885617709487,48.304152902058036],[0.428408568171335,48.31769350631012],[0.39960799215981524,48.31769350631012],[0.38520770415405536,48.33123411056221],[0.38520770415405536,48.36170047012939],[0.37800756015118964,48.36508562119241],[0.37800756015118964,48.432788642452834],[0.3564071281425356,48.459869850957006],[0.34200684013677574,48.459869850957006],[0.2988059761194961,48.48018075733512],[0.27000540010797636,48.48018075733512],[0.24840496809935075,48.47341045520909],[0.21240424808493685,48.47341045520909],[0.16920338406765723,48.45309954883095],[0.15480309606189735,48.43617379351585],[0.11880237604751187,48.43617379351585],[0.09720194403885785,48.40909258501168],[0.0684013680273381,48.40909258501168],[0.06120122402447237,48.37862622544449],[0.01800036000719274,48.37862622544449],[0.01080021600429859,48.39216682969658],[-0.010800216004327012,48.39216682969658],[-0.05400108002163506,48.37862622544449],[-0.05400108002163506,48.442944095641906],[-0.07560151203026066,48.449714397767934],[-0.12600252005043444,48.449714397767934],[-0.14760295205906004,48.45648469989399],[-0.14760295205906004,48.48018075733512],[-0.16920338406771407,48.51403226796535],[-0.14760295205906004,48.51741741902836],[-0.14760295205906004,48.53095802328045],[-0.19080381607633967,48.54788377859555],[-0.2124042480849937,48.56142438284763],[-0.2340046800936193,48.56142438284763],[-0.26280525610513905,48.54788377859555],[-0.24120482409651345,48.537728325406505],[-0.24840496809937918,48.52757287221743],[-0.2844056881137931,48.51741741902836],[-0.3276065521310727,48.52080257009138],[-0.33480669613393843,48.50049166371326],[-0.3852077041541122,48.49710651265025],[-0.3996079921598721,48.50726196583929],[-0.42840856817139183,48.51403226796535],[-0.4644092881857773,48.51403226796535],[-0.47160943218867146,48.50387681477628],[-0.5148102962059511,48.50726196583929],[-0.5220104402088168,48.49710651265025],[-0.5508110162203366,48.48018075733512],[-0.5508110162203366,48.47341045520909],[-0.6012120242405103,48.47002530414608],[-0.6516130322606557,48.442944095641906],[-0.6588131762635498,48.48356590839816],[-0.6732134642693097,48.48356590839816],[-0.7164143282865894,48.45309954883095],[-0.7524150483009748,48.43617379351585],[-0.7812156243124946,48.449714397767934],[-0.8172163443269085,48.45648469989399],[-0.8172163443269085,48.476795606272105],[-0.8388167763355341,48.48356590839816],[-0.8388167763355341,48.493721361587205],[-0.9108182163643619,48.49710651265025],[-0.9252185043701218,48.51403226796535],[-0.9612192243845072,48.51403226796535],[-0.9756195123902671,48.493721361587205],[-1.0188203764075467,48.493721361587205],[-1.0476209524190665,48.510647116902334],[-1.0692213844277205,48.50726196583929],[-1.0980219604392403,48.510647116902334],[-1.1196223924478659,48.52080257009138],[-1.1556231124622798,48.51741741902836],[-1.1700234004680397,48.53095802328045],[-1.1988239764795594,48.537728325406505],[-1.2636252725054646,48.54111347646952],[-1.2780255605112245,48.50726196583929],[-1.3284265685313983,48.49710651265025],[-1.350027000540024,48.48356590839816],[-1.350027000540024,48.47002530414608],[-1.3788275765515436,48.45648469989399],[-1.4220284405688233,48.459869850957006],[-1.4436288725774773,48.47341045520909],[-1.450829016580343,48.48695105946118],[-1.486829736594757,48.48695105946118],[-1.5012300246005168,48.51403226796535],[-1.5012300246005168,48.51741741902836],[-1.5156303126062767,48.537728325406505],[-1.5372307446149023,48.55126892965859],[-1.5228304566091424,48.571579836036705],[-1.5444308886177964,48.588505591351804],[-1.5372307446149023,48.598661044540876],[-1.566031320626422,48.615586799855976],[-1.5732314646293162,48.62574225304505]]]}},{"type":"Feature","properties":{"name":"Hauts-de-France","code":"32","nom":"Hauts-de-France"},"geometry":{"type":"Polygon","coordinates":[[[4.230084601691999,49.95610662081239],[4.222884457689133,49.942566016560306],[4.222884457689133,49.91209965699312],[4.244484889697759,49.90194420380405],[4.251685033700653,49.888403599551964],[4.251685033700653,49.85793723998478],[4.230084601691999,49.84778178679571],[4.222884457689133,49.83424118254362],[4.222884457689133,49.79700452085041],[4.2084841696833735,49.78007876553531],[4.244484889697759,49.76653816128322],[4.230084601691999,49.749612405968094],[4.222884457689133,49.725916348526965],[4.2084841696833735,49.725916348526965],[4.186883737674719,49.70899059321184],[4.186883737674719,49.698835140022794],[4.14368287365744,49.68867968683372],[4.12928258565168,49.67175393151862],[4.11488229764592,49.631132118762366],[4.050081001620015,49.63451726982538],[4.028480569611361,49.61420636344724],[4.057281145622881,49.593895457069124],[4.064481289625775,49.59051030600611],[4.057281145622881,49.58035485281704],[4.07168143362864,49.56342909750194],[4.050081001620015,49.54988849324985],[4.078881577631535,49.543118191123796],[4.078881577631535,49.51942213368267],[4.042880857617121,49.509266680493596],[4.042880857617121,49.465259716674325],[4.057281145622881,49.45848941454827],[4.042880857617121,49.44494881029618],[4.042880857617121,49.41786760179201],[4.050081001620015,49.404326997539926],[4.035680713614255,49.387401242224826],[4.035680713614255,49.360320033720654],[4.021280425608495,49.360320033720654],[3.9780795615912155,49.3806309400988],[3.9636792735854556,49.377245789035754],[3.9420788415768016,49.39078639328784],[3.9276785535710417,49.40771214860297],[3.898877977559522,49.39417154435088],[3.884477689553762,49.404326997539926],[3.8268765375307225,49.40094184647691],[3.8556771135422423,49.38401609116181],[3.8556771135422423,49.343394278405555],[3.8268765375307225,49.35693488265764],[3.805276105522097,49.360320033720654],[3.754875097501923,49.34677942946857],[3.7404748094961633,49.3366239762795],[3.7188743774875377,49.3366239762795],[3.668473369467364,49.3196982209644],[3.6468729374587383,49.31631306990138],[3.6468729374587383,49.3027724656493],[3.668473369467364,49.25199519970397],[3.668473369467364,49.221528840136784],[3.6972739454788837,49.187677329506585],[3.7260745214904034,49.17752187631751],[3.7476749534990574,49.17752187631751],[3.7476749534990574,49.15721096993937],[3.6972739454788837,49.143670365687285],[3.690073801476018,49.153825818876356],[3.6252725054500843,49.15044066781334],[3.6108722174443244,49.14028521462427],[3.6036720734414587,49.116589157183114],[3.639672793455844,49.082737646552914],[3.6252725054500843,49.06919704230083],[3.6108722174443244,49.07258219336384],[3.589271785435699,49.05904158911176],[3.589271785435699,49.03534553167063],[3.6108722174443244,49.031960380607586],[3.6468729374587383,49.04211583379666],[3.668473369467364,49.03534553167063],[3.675673513470258,49.02180492741854],[3.668473369467364,49.004879172103415],[3.639672793455844,49.004879172103415],[3.6252725054500843,48.987953416788315],[3.6252725054500843,48.971027661473215],[3.6036720734414587,48.9676425104102],[3.6036720734414587,48.943946452969044],[3.574871497429939,48.94056130190603],[3.574871497429939,48.92025039552789],[3.546070921418419,48.91686524446487],[3.5100702014040053,48.89655433808676],[3.5028700574011395,48.8728582806456],[3.4812696253924855,48.86270282745653],[3.4884697693953797,48.85254737426746],[3.4668693373867256,48.842391921078416],[3.4452689053781,48.842391921078416],[3.4452689053781,48.859317676393516],[3.402068041360792,48.86270282745653],[3.3804676093521664,48.8728582806456],[3.3660673213464065,48.893169187023716],[3.3732674653492722,48.9067097912758],[3.3588671773435124,48.91686524446487],[3.3156663133262327,48.91686524446487],[3.308466169323367,48.94733160403206],[3.286865737314713,48.94056130190603],[3.2580651613031932,48.943946452969044],[3.2580651613031932,48.960872208284144],[3.2292645852916735,48.987953416788315],[3.207664153283048,48.99472371891437],[3.2004640092801537,49.00826432316646],[3.171663433268634,49.015034625292486],[3.178863577271528,49.031960380607586],[3.178863577271528,49.06919704230083],[3.157263145262874,49.08612279761593],[3.1644632892657683,49.099663401868014],[3.1428628572571142,49.10643370399407],[3.0996619932398346,49.10643370399407],[3.078061561231209,49.116589157183114],[3.056461129222555,49.10304855293103],[3.056461129222555,49.08612279761593],[3.027660553211035,49.08612279761593],[3.0132602652052753,49.092893099741985],[2.97725954519089,49.07258219336384],[2.955659113182236,49.08612279761593],[2.926858537170716,49.075967344426886],[2.8980579611591963,49.08612279761593],[2.8692573851476766,49.06919704230083],[2.8548570971419167,49.06919704230083],[2.8044560891217714,49.096278250805],[2.7900558011160115,49.075967344426886],[2.7684553691073575,49.065811891237814],[2.7396547930958377,49.0624267401748],[2.732454649092972,49.075967344426886],[2.710854217084318,49.065811891237814],[2.682053641072798,49.08612279761593],[2.6532530650612784,49.099663401868014],[2.6244524890497587,49.10304855293103],[2.588451769035373,49.0793524954899],[2.581251625032479,49.092893099741985],[2.5596511930238535,49.096278250805],[2.545250905018065,49.11997430824616],[2.5380507610151994,49.11997430824616],[2.5308506170123053,49.099663401868014],[2.5020500410007855,49.10304855293103],[2.5020500410007855,49.12335945930917],[2.473249464989266,49.126744610372185],[2.4660493209864,49.14028521462427],[2.4228484569691204,49.15044066781334],[2.3868477369547065,49.15044066781334],[2.379647592951841,49.15721096993937],[2.350847016940321,49.153825818876356],[2.3220464409288013,49.18429217844354],[2.3004460089201473,49.18429217844354],[2.2860457209143874,49.16059612100241],[2.221244424888482,49.15044066781334],[2.221244424888482,49.1741367252545],[2.1852437048740683,49.1741367252545],[2.1636432728654427,49.18090702738053],[2.0916418328366433,49.1910624805696],[2.0916418328366433,49.2079882358847],[2.0556411128222294,49.20121793375867],[2.019640392807844,49.187677329506585],[2.005240104802084,49.17752187631751],[1.9764395287905643,49.18429217844354],[1.9548390967819103,49.170751574191456],[1.9188383767675248,49.1741367252545],[1.8828376567531109,49.16398127206543],[1.774835496709926,49.18429217844354],[1.753235064701272,49.1741367252545],[1.7388347766955121,49.18090702738053],[1.7316346326926464,49.22829914226284],[1.7028340566811266,49.231684293325856],[1.7028340566811266,49.25538035076701],[1.7100342006839924,49.265535803956055],[1.753235064701272,49.26892095501907],[1.7676353527070319,49.25199519970397],[1.7964359287185516,49.25876550183003],[1.7964359287185516,49.28923186139721],[1.774835496709926,49.29261701246023],[1.7676353527070319,49.31631306990138],[1.774835496709926,49.34000912734254],[1.7604352087041661,49.35016458053158],[1.7604352087041661,49.36709033584671],[1.7460349206984063,49.370475486909726],[1.7244344886897522,49.3975566954139],[1.7244344886897522,49.43479335710714],[1.7388347766955121,49.4483339613592],[1.774835496709926,49.46864486773734],[1.774835496709926,49.48895577411545],[1.789235784715686,49.50588152943058],[1.7604352087041661,49.51265183155661],[1.753235064701272,49.49572607624151],[1.7244344886897522,49.499111227304525],[1.7172343446868865,49.509266680493596],[1.7388347766955121,49.51942213368267],[1.7460349206984063,49.53973304006078],[1.7244344886897522,49.543118191123796],[1.7316346326926464,49.560043946438924],[1.6956339126782325,49.60066575919518],[1.7244344886897522,49.620976665573295],[1.7028340566811266,49.64128757195141],[1.7244344886897522,49.67175393151862],[1.753235064701272,49.681909384707666],[1.7388347766955121,49.70222029108581],[1.7172343446868865,49.681909384707666],[1.6884337686753668,49.69206483789674],[1.7172343446868865,49.70560544214882],[1.7244344886897522,49.72930149958998],[1.7460349206984063,49.73945695277905],[1.7460349206984063,49.759767859157165],[1.7820356407127917,49.759767859157165],[1.7820356407127917,49.769923312346236],[1.7604352087041661,49.78007876553531],[1.7316346326926464,49.81393027616551],[1.7172343446868865,49.84778178679571],[1.7172343446868865,49.87486299529988],[1.7100342006839924,49.888403599551964],[1.6884337686753668,49.89517390167802],[1.6884337686753668,49.90871450593011],[1.6308326166522988,49.93579571443428],[1.5948318966379134,49.94595116762335],[1.5660313206263936,49.976417527190534],[1.5156303126062198,50.003498735694706],[1.5156303126062198,50.01365418888375],[1.4724294485889402,50.03057994419888],[1.4580291605831803,50.04412054845096],[1.4580291605831803,50.06443145482908],[1.4220284405687948,50.07120175695513],[1.407628152563035,50.05766115270305],[1.3788275765515152,50.06443145482908],[1.4004280085601408,50.081357210144176],[1.4508290165803146,50.10505326758533],[1.4580291605831803,50.125364173963476],[1.4796295925918344,50.16260083565669],[1.4796295925918344,50.17275628884576],[1.50123002460046,50.19645234628692],[1.5516310326206337,50.21676325266503],[1.5948318966379134,50.18629689309785],[1.6308326166522988,50.18968204416086],[1.6740334806695785,50.176141439908776],[1.6812336246724726,50.18291174203483],[1.6596331926638186,50.21337810160202],[1.616432328646539,50.21676325266503],[1.5948318966379134,50.24045931010619],[1.5948318966379134,50.25738506542129],[1.5588311766234995,50.25738506542129],[1.5372307446148739,50.27431082073639],[1.5444308886177396,50.30139202924056],[1.5444308886177396,50.32847323774473],[1.5516310326206337,50.3555544462489],[1.5732314646292593,50.35893959731192],[1.6308326166522988,50.35893959731192],[1.5804316086321535,50.375865352627045],[1.5588311766234995,50.409716863257245],[1.5732314646292593,50.44356837388747],[1.5732314646292593,50.487575337706744],[1.5804316086321535,50.49434563983277],[1.5804316086321535,50.53496745258903],[1.602032040640779,50.548508056841115],[1.5804316086321535,50.5620486610932],[1.5804316086321535,50.62975168235363],[1.5732314646292593,50.63313683341664],[1.5732314646292593,50.66698834404687],[1.5588311766234995,50.70083985467707],[1.602032040640779,50.7516171206224],[1.602032040640779,50.80577953763074],[1.5876317526350192,50.82270529294584],[1.5804316086321535,50.846401350387],[1.5804316086321535,50.87348255889117],[1.602032040640779,50.870097407828126],[1.638032760655193,50.87686770995418],[1.6812336246724726,50.90056376739534],[1.7028340566811266,50.92425982483647],[1.7244344886897522,50.937800429088554],[1.7964359287185516,50.9581113354667],[1.8252365047300714,50.96149648652971],[1.868437368747351,50.9750370907818],[1.890037800756005,50.97165193971878],[1.9188383767675248,50.98519254397087],[1.9692393847876701,50.98857769503388],[1.9908398167963242,50.99534799715994],[2.0484409688193637,50.998733148222954],[2.0484409688193637,51.00550345034898],[2.113242264845269,51.008888601412025],[2.1420428408567886,51.02242920566408],[2.1780435608712025,51.01565890353805],[2.199643992879828,51.03258465885315],[2.221244424888482,51.03258465885315],[2.2788455769115217,51.04612526310524],[2.358047160943187,51.059665867357324],[2.3724474489489467,51.04951041416825],[2.3940478809576007,51.04951041416825],[2.49484989699792,51.07320647160941],[2.545250905018065,51.086747075861496],[2.566851337026719,51.05628071629431],[2.5740514810296133,51.00211829928597],[2.610052201043999,50.9919628460969],[2.610052201043999,50.9750370907818],[2.631652633052653,50.95134103334064],[2.588451769035373,50.91748952271044],[2.610052201043999,50.91071922058438],[2.610052201043999,50.85994195463908],[2.6244524890497587,50.83963104826094],[2.631652633052653,50.81254983975677],[2.718054361087212,50.81254983975677],[2.725254505090078,50.792238933378655],[2.7612552251044917,50.77192802700051],[2.7612552251044917,50.75838742274843],[2.7828556571131173,50.7516171206224],[2.7900558011160115,50.72792106318124],[2.8188563771275312,50.714380458929156],[2.847656953139051,50.72453591211823],[2.8692573851476766,50.704225005740085],[2.926858537170716,50.704225005740085],[2.9340586811736102,50.74146166743333],[2.955659113182236,50.75500227168541],[2.9700594011879957,50.748231969559384],[3.0204604092081695,50.77192802700051],[3.056461129222555,50.782083480189584],[3.0852617052340747,50.77192802700051],[3.1140622812455945,50.792238933378655],[3.1500630012600084,50.782083480189584],[3.186063721274394,50.748231969559384],[3.193263865277288,50.72453591211823],[3.207664153283048,50.714380458929156],[3.2364647292945676,50.714380458929156],[3.2580651613031932,50.704225005740085],[3.2580651613031932,50.6737586461729],[3.2436648732974334,50.670373495109885],[3.2436648732974334,50.6399071355427],[3.2580651613031932,50.61959622916456],[3.272465449308953,50.61282592703853],[3.2796655933118473,50.59590017172343],[3.2796655933118473,50.53496745258903],[3.286865737314713,50.52481199939996],[3.322866457329127,50.51804169727393],[3.3300666013319926,50.50788624408486],[3.3660673213464065,50.50111594195883],[3.3804676093521664,50.49096048876976],[3.423668473369446,50.504501093021844],[3.4524690493809658,50.50788624408486],[3.4524690493809658,50.51804169727393],[3.47406948138962,50.53496745258903],[3.5172703454068994,50.52481199939996],[3.5172703454068994,50.51127139514787],[3.4956699133982454,50.49773079089579],[3.5100702014040053,50.487575337706744],[3.538870777415525,50.49773079089579],[3.567671353427045,50.49773079089579],[3.6324726494529784,50.48080503558069],[3.6324726494529784,50.470649582391644],[3.661273225464498,50.46049412920257],[3.668473369467364,50.44018322282443],[3.668473369467364,50.41310201432026],[3.675673513470258,50.38940595687913],[3.661273225464498,50.36909505050099],[3.675673513470258,50.331858388807746],[3.7116742334846435,50.3047771803036],[3.7332746654932976,50.31831778455566],[3.7404748094961633,50.348784144122874],[3.805276105522097,50.35216929518589],[3.819676393527857,50.34539899305983],[3.8412768255364824,50.3555544462489],[3.8556771135422423,50.34201384199682],[3.891677833556656,50.3386286909338],[3.891677833556656,50.32847323774473],[3.9420788415768016,50.3386286909338],[3.9708794175883213,50.348784144122874],[4.014080281605601,50.348784144122874],[4.035680713614255,50.34201384199682],[4.122082441648814,50.30139202924056],[4.122082441648814,50.27431082073639],[4.136482729654574,50.25738506542129],[4.165283305666094,50.25738506542129],[4.179683593671854,50.27431082073639],[4.2084841696833735,50.27431082073639],[4.222884457689133,50.25061476329526],[4.186883737674719,50.237074159043175],[4.1580831616632,50.20322264841295],[4.1580831616632,50.16260083565669],[4.136482729654574,50.15244538246762],[4.12928258565168,50.132134476089504],[4.1580831616632,50.12874932502649],[4.201284025680479,50.132134476089504],[4.201284025680479,50.098282965459305],[4.230084601691999,50.081357210144176],[4.222884457689133,50.06104630376606],[4.186883737674719,50.04750569951398],[4.165283305666094,50.04750569951398],[4.136482729654574,50.020424491009805],[4.14368287365744,50.003498735694706],[4.165283305666094,50.00011358463166],[4.1580831616632,49.98318782931656],[4.194083881677614,49.96287692293845],[4.230084601691999,49.95610662081239]]]}},{"type":"Feature","properties":{"name":"Grand Est","code":"44","nom":"Grand Est"},"geometry":{"type":"Polygon","coordinates":[[[3.8268765375307225,48.043496270205395],[3.8268765375307225,48.04688142126841],[3.8268765375307225,48.06380717658351],[3.798075961519203,48.087503234024666],[3.798075961519203,48.11119929146582],[3.7404748094961633,48.13151019784394],[3.754875097501923,48.16197655741112],[3.7260745214904034,48.17551716166321],[3.7116742334846435,48.15182110422208],[3.668473369467364,48.138280499969994],[3.661273225464498,48.16197655741112],[3.639672793455844,48.18567261485228],[3.6252725054500843,48.19244291697834],[3.5964719294385645,48.17890231272625],[3.574871497429939,48.189057765915294],[3.6108722174443244,48.20936867229344],[3.6180723614472186,48.233064729734565],[3.6036720734414587,48.243220182923636],[3.6252725054500843,48.25337563611271],[3.6180723614472186,48.27030139142781],[3.589271785435699,48.29061229780595],[3.5820716414328047,48.30753805312105],[3.5316706334126593,48.34138956375125],[3.5100702014040053,48.36170047012939],[3.47406948138962,48.37524107438148],[3.4524690493809658,48.37524107438148],[3.423668473369446,48.36170047012939],[3.4164683293665803,48.38878167863356],[3.423668473369446,48.415862887137735],[3.3948678973579263,48.42601834032678],[3.409268185363686,48.449714397767934],[3.3948678973579263,48.459869850957006],[3.387667753355032,48.476795606272105],[3.402068041360792,48.48695105946118],[3.43086861737234,48.493721361587205],[3.4164683293665803,48.53434317434346],[3.4524690493809658,48.52757287221743],[3.47406948138962,48.55126892965859],[3.4668693373867256,48.571579836036705],[3.5100702014040053,48.588505591351804],[3.5100702014040053,48.605431346666904],[3.538870777415525,48.615586799855976],[3.538870777415525,48.632512555171076],[3.5172703454068994,48.632512555171076],[3.5028700574011395,48.64605315942316],[3.47406948138962,48.63589770623412],[3.4524690493809658,48.63589770623412],[3.45966919338386,48.65620861261223],[3.4452689053781,48.65959376367525],[3.4452689053781,48.676519518990375],[3.4668693373867256,48.7002155764315],[3.4668693373867256,48.737452238124746],[3.438068761375206,48.74083738918776],[3.438068761375206,48.754377993439846],[3.409268185363686,48.75099284237683],[3.3948678973579263,48.76453344662892],[3.4164683293665803,48.78484435300703],[3.4452689053781,48.78145920194402],[3.4452689053781,48.7949998061961],[3.4164683293665803,48.80177010832216],[3.4164683293665803,48.815310712574245],[3.4524690493809658,48.8119255615112],[3.4668693373867256,48.822081014700274],[3.4884697693953797,48.815310712574245],[3.4884697693953797,48.85254737426746],[3.4812696253924855,48.86270282745653],[3.5028700574011395,48.8728582806456],[3.5100702014040053,48.89655433808676],[3.546070921418419,48.91686524446487],[3.574871497429939,48.92025039552789],[3.574871497429939,48.94056130190603],[3.6036720734414587,48.943946452969044],[3.6036720734414587,48.9676425104102],[3.6252725054500843,48.971027661473215],[3.6252725054500843,48.987953416788315],[3.639672793455844,49.004879172103415],[3.668473369467364,49.004879172103415],[3.675673513470258,49.02180492741854],[3.668473369467364,49.03534553167063],[3.6468729374587383,49.04211583379666],[3.6108722174443244,49.031960380607586],[3.589271785435699,49.03534553167063],[3.589271785435699,49.05904158911176],[3.6108722174443244,49.07258219336384],[3.6252725054500843,49.06919704230083],[3.639672793455844,49.082737646552914],[3.6036720734414587,49.116589157183114],[3.6108722174443244,49.14028521462427],[3.6252725054500843,49.15044066781334],[3.690073801476018,49.153825818876356],[3.6972739454788837,49.143670365687285],[3.7476749534990574,49.15721096993937],[3.7476749534990574,49.17752187631751],[3.7260745214904034,49.17752187631751],[3.6972739454788837,49.187677329506585],[3.668473369467364,49.221528840136784],[3.668473369467364,49.25199519970397],[3.6468729374587383,49.3027724656493],[3.6468729374587383,49.31631306990138],[3.668473369467364,49.3196982209644],[3.7188743774875377,49.3366239762795],[3.7404748094961633,49.3366239762795],[3.754875097501923,49.34677942946857],[3.805276105522097,49.360320033720654],[3.8268765375307225,49.35693488265764],[3.8556771135422423,49.343394278405555],[3.8556771135422423,49.38401609116181],[3.8268765375307225,49.40094184647691],[3.884477689553762,49.404326997539926],[3.898877977559522,49.39417154435088],[3.9276785535710417,49.40771214860297],[3.9420788415768016,49.39078639328784],[3.9636792735854556,49.377245789035754],[3.9780795615912155,49.3806309400988],[4.021280425608495,49.360320033720654],[4.035680713614255,49.360320033720654],[4.035680713614255,49.387401242224826],[4.050081001620015,49.404326997539926],[4.042880857617121,49.41786760179201],[4.042880857617121,49.44494881029618],[4.057281145622881,49.45848941454827],[4.042880857617121,49.465259716674325],[4.042880857617121,49.509266680493596],[4.078881577631535,49.51942213368267],[4.078881577631535,49.543118191123796],[4.050081001620015,49.54988849324985],[4.07168143362864,49.56342909750194],[4.057281145622881,49.58035485281704],[4.064481289625775,49.59051030600611],[4.057281145622881,49.593895457069124],[4.028480569611361,49.61420636344724],[4.050081001620015,49.63451726982538],[4.11488229764592,49.631132118762366],[4.12928258565168,49.67175393151862],[4.14368287365744,49.68867968683372],[4.186883737674719,49.698835140022794],[4.186883737674719,49.70899059321184],[4.2084841696833735,49.725916348526965],[4.222884457689133,49.725916348526965],[4.230084601691999,49.749612405968094],[4.244484889697759,49.76653816128322],[4.2084841696833735,49.78007876553531],[4.222884457689133,49.79700452085041],[4.222884457689133,49.83424118254362],[4.230084601691999,49.84778178679571],[4.251685033700653,49.85793723998478],[4.251685033700653,49.888403599551964],[4.244484889697759,49.90194420380405],[4.222884457689133,49.91209965699312],[4.222884457689133,49.942566016560306],[4.230084601691999,49.95610662081239],[4.244484889697759,49.96287692293845],[4.309286185723693,49.96964722506448],[4.338086761735212,49.96287692293845],[4.3452869057381065,49.95272146974938],[4.381287625752492,49.95272146974938],[4.446088921778426,49.93918086549729],[4.474889497789945,49.94595116762335],[4.525290505810091,49.94933631868636],[4.539690793815851,49.96964722506448],[4.56849136982737,49.96964722506448],[4.5756915138302645,49.98318782931656],[4.633292665853304,49.98657298037958],[4.683693673873449,50.003498735694706],[4.683693673873449,50.027194793135834],[4.698093961879209,50.04412054845096],[4.6908938178763435,50.08474236120722],[4.719694393887863,50.10166811652232],[4.755695113902249,50.115208720774405],[4.762895257905143,50.13551962715252],[4.798895977919528,50.149060231404604],[4.820496409928182,50.16260083565669],[4.834896697933942,50.15244538246762],[4.878097561951222,50.15244538246762],[4.892497849956982,50.132134476089504],[4.870897417948328,50.12197902290043],[4.870897417948328,50.08812751227023],[4.842096841936808,50.09151266333325],[4.842096841936808,50.07120175695513],[4.827696553931048,50.06104630376606],[4.827696553931048,50.04750569951398],[4.842096841936808,50.037350246324905],[4.820496409928182,50.027194793135834],[4.820496409928182,50.003498735694706],[4.813296265925288,49.98657298037958],[4.791695833916663,49.98318782931656],[4.791695833916663,49.959491771875435],[4.8060961219224225,49.95272146974938],[4.849296985939702,49.94933631868636],[4.856497129942568,49.93241056337126],[4.878097561951222,49.925640261245206],[4.892497849956982,49.90871450593011],[4.870897417948328,49.888403599551964],[4.863697273945462,49.86809269317385],[4.849296985939702,49.864707542110835],[4.856497129942568,49.84101148466968],[4.870897417948328,49.83424118254362],[4.863697273945462,49.80038967191342],[4.8996979939598475,49.786849067661336],[4.935698713974261,49.786849067661336],[4.950099001980021,49.80038967191342],[5.000500010000167,49.80038967191342],[5.0149002980059265,49.78007876553531],[5.0653013060261,49.76315301022018],[5.09410188203762,49.76315301022018],[5.12290245804914,49.732686650652994],[5.12290245804914,49.71237574427488],[5.166103322066419,49.71237574427488],[5.173303466069314,49.69544998895975],[5.230904618092353,49.69206483789674],[5.274105482109633,49.69544998895975],[5.281305626112498,49.68529453577071],[5.317306346126912,49.66836878045558],[5.331706634132672,49.65144302514048],[5.3029060581211525,49.631132118762366],[5.317306346126912,49.61420636344724],[5.360507210144192,49.62774696769932],[5.403708074161472,49.610821212384224],[5.432508650172991,49.593895457069124],[5.432508650172991,49.58035485281704],[5.454109082181617,49.560043946438924],[5.439708794175857,49.55327364431287],[5.468509370187377,49.53973304006078],[5.468509370187377,49.526192435808696],[5.446908938178751,49.516036982619624],[5.468509370187377,49.50588152943058],[5.504510090201791,49.50588152943058],[5.540510810216176,49.516036982619624],[5.554911098221936,49.52957758687171],[5.59091181823635,49.52280728474568],[5.61971239424787,49.51265183155661],[5.61971239424787,49.53296273793475],[5.641312826256495,49.54988849324985],[5.684513690273775,49.54988849324985],[5.698913978279535,49.53973304006078],[5.756515130302574,49.543118191123796],[5.7637152743054685,49.560043946438924],[5.778115562311228,49.56342909750194],[5.814116282325614,49.53634788899777],[5.835716714334268,49.53634788899777],[5.835716714334268,49.51942213368267],[5.871717434348653,49.499111227304525],[5.900518010360173,49.49572607624151],[5.914918298365933,49.50249637836754],[5.9725194503889725,49.492340925178496],[5.9725194503889725,49.46187456561128],[5.9941198823976265,49.455104263485254],[6.0445208904178,49.455104263485254],[6.051721034420666,49.465259716674325],[6.080521610432186,49.465259716674325],[6.123722474449465,49.47203001880035],[6.123722474449465,49.48895577411545],[6.159723194463879,49.492340925178496],[6.159723194463879,49.50249637836754],[6.217324346486919,49.509266680493596],[6.260525210504198,49.509266680493596],[6.282125642512824,49.50249637836754],[6.282125642512824,49.48895577411545],[6.296525930518584,49.47880032092641],[6.318126362527238,49.47880032092641],[6.354127082541623,49.465259716674325],[6.404528090561797,49.465259716674325],[6.418928378567557,49.47541516986337],[6.447728954579077,49.465259716674325],[6.469329386587702,49.465259716674325],[6.512530250604982,49.44156365923317],[6.555731114622262,49.42463790391807],[6.534130682613636,49.40771214860297],[6.584531690633781,49.387401242224826],[6.584531690633781,49.36709033584671],[6.562931258625156,49.35693488265764],[6.562931258625156,49.34677942946857],[6.591731834636676,49.33323882521648],[6.591731834636676,49.31631306990138],[6.613332266645301,49.3027724656493],[6.663733274665475,49.282461559271155],[6.663733274665475,49.25538035076701],[6.678133562671235,49.25199519970397],[6.69973399467986,49.21814368907377],[6.72853457069138,49.21137338694771],[6.71413428268562,49.187677329506585],[6.735734714694274,49.16398127206543],[6.793335866717314,49.16736642312844],[6.8365367307345934,49.15044066781334],[6.843736874737459,49.1741367252545],[6.865337306746113,49.18090702738053],[6.8365367307345934,49.2079882358847],[6.850937018740353,49.221528840136784],[6.894137882757633,49.21137338694771],[6.915738314766287,49.221528840136784],[6.958939178783567,49.204603084821684],[6.994939898797952,49.20121793375867],[7.030940618812366,49.187677329506585],[7.030940618812366,49.15721096993937],[7.045340906818126,49.14705551675033],[7.045340906818126,49.116589157183114],[7.0669413388267515,49.1132040061201],[7.0885417708354055,49.15044066781334],[7.102942058841165,49.14028521462427],[7.131742634852685,49.14028521462427],[7.138942778855551,49.126744610372185],[7.189343786875725,49.1301297614352],[7.2037440748814845,49.12335945930917],[7.246944938898764,49.1301297614352],[7.28294565891315,49.116589157183114],[7.304546090921804,49.11997430824616],[7.311746234924669,49.13690006356126],[7.326146522930429,49.143670365687285],[7.362147242944843,49.143670365687285],[7.362147242944843,49.16736642312844],[7.426948538970748,49.18090702738053],[7.441348826976508,49.16736642312844],[7.462949258985162,49.16398127206543],[7.491749834996682,49.170751574191456],[7.498949978999548,49.1301297614352],[7.520550411008202,49.11997430824616],[7.5277505550110675,49.096278250805],[7.563751275025481,49.0793524954899],[7.606952139042761,49.082737646552914],[7.628552571051387,49.07258219336384],[7.635752715054281,49.05565643804874],[7.671753435068666,49.04550098485967],[7.69335386707732,49.05227128698573],[7.72215444308884,49.05227128698573],[7.76535530710612,49.04550098485967],[7.8013560271205336,49.065811891237814],[7.815756315126293,49.05565643804874],[7.866157323146439,49.03534553167063],[7.880557611152199,49.04550098485967],[7.909358187163718,49.04550098485967],[7.930958619172372,49.05565643804874],[7.959759195183892,49.04211583379666],[7.974159483189652,49.02857522954457],[8.002960059201172,49.02857522954457],[8.031760635212692,49.015034625292486],[8.060561211224211,49.00826432316646],[8.067761355227077,48.99472371891437],[8.089361787235731,48.987953416788315],[8.11816236324725,48.987953416788315],[8.139762795255876,48.977797963599244],[8.197363947278916,48.977797963599244],[8.226164523290436,48.97441281253623],[8.23336466729333,48.96425735934716],[8.19016380327605,48.954101906158115],[8.17576351527029,48.927020697653944],[8.13256265125301,48.8897840359607],[8.103762075241491,48.815310712574245],[8.082161643232837,48.79838495725912],[8.053361067221317,48.788229504070074],[8.024560491209797,48.78484435300703],[8.024560491209797,48.76791859769193],[8.002960059201172,48.75776314450286],[7.974159483189652,48.7611482955659],[7.966959339186758,48.754377993439846],[7.966959339186758,48.72391163387266],[7.8949578991579585,48.666364065801304],[7.844556891137813,48.64266800836015],[7.8013560271205336,48.59189074241482],[7.8013560271205336,48.56819468497369],[7.808556171123399,48.54788377859555],[7.8013560271205336,48.53095802328045],[7.808556171123399,48.51403226796535],[7.8013560271205336,48.50387681477628],[7.76535530710612,48.49033621052419],[7.76535530710612,48.45309954883095],[7.758155163103254,48.43617379351585],[7.729354587091734,48.39216682969658],[7.729354587091734,48.37524107438148],[7.743754875097494,48.34477471481429],[7.743754875097494,48.32446380843615],[7.69335386707732,48.304152902058036],[7.686153723074426,48.293997448868964],[7.686153723074426,48.26691624036479],[7.6645532910658005,48.216138974419465],[7.6429528590571465,48.20936867229344],[7.635752715054281,48.189057765915294],[7.599751995039867,48.15859140634811],[7.599751995039867,48.13151019784394],[7.578151563031241,48.12473989571791],[7.578151563031241,48.094273536150695],[7.570951419028347,48.087503234024666],[7.570951419028347,48.02995566595331],[7.599751995039867,48.00964475957517],[7.621352427048521,47.98594870213404],[7.621352427048521,47.96902294681891],[7.578151563031241,47.92501598299964],[7.585351707034107,47.89793477449547],[7.556551131022587,47.88439417024338],[7.556551131022587,47.860698112802226],[7.563751275025481,47.8370020553611],[7.5493509870197215,47.826846602172026],[7.542150843016827,47.799765393667855],[7.5277505550110675,47.78622478941577],[7.5493509870197215,47.738832674533484],[7.5493509870197215,47.7252920702814],[7.513350267005308,47.70159601284024],[7.520550411008202,47.688055408588156],[7.520550411008202,47.660974200083984],[7.534950699013962,47.6474335958319],[7.570951419028347,47.6305078405168],[7.570951419028347,47.61696723626471],[7.592551851037001,47.60681178307564],[7.585351707034107,47.57634542350846],[7.563751275025481,47.57634542350846],[7.542150843016827,47.556034517130314],[7.506150123002442,47.54587906394127],[7.498949978999548,47.52895330862614],[7.5277505550110675,47.532338459689186],[7.513350267005308,47.49510179799594],[7.484549690993788,47.48156119374386],[7.448548970979402,47.49171664693293],[7.426948538970748,47.48494634480687],[7.455749114982268,47.471405740554786],[7.405348106962123,47.4409393809876],[7.405348106962123,47.43416907886157],[7.347746954939083,47.43416907886157],[7.2973459469189095,47.43755422992459],[7.25414508290163,47.4240136256725],[7.22534450689011,47.4409393809876],[7.2037440748814845,47.43416907886157],[7.174943498869965,47.444324532050615],[7.174943498869965,47.4578651363027],[7.189343786875725,47.48156119374386],[7.131742634852685,47.50187210012197],[7.138942778855551,47.50864240224803],[7.138942778855551,47.5357236107522],[7.110142202844031,47.549264215004285],[7.110142202844031,47.566189970319385],[7.0885417708354055,47.57973057457147],[7.0885417708354055,47.59327117882356],[7.0669413388267515,47.60004148094961],[7.009340186803712,47.60004148094961],[7.009340186803712,47.6305078405168],[7.016540330806606,47.6305078405168],[7.016540330806606,47.65081874689491],[7.045340906818126,47.671129653273056],[7.045340906818126,47.68467025752514],[7.030940618812366,47.704981163903255],[7.038140762815232,47.71852176815534],[7.016540330806606,47.7422178255965],[6.994939898797952,47.74560297665951],[6.9517390347806725,47.76252873197461],[6.937338746774913,47.77268418516368],[6.894137882757633,47.7760693362267],[6.865337306746113,47.782839638352755],[6.850937018740353,47.79638024260484],[6.843736874737459,47.82346145110901],[6.822136442728834,47.816691148982954],[6.78613572271442,47.83361690429808],[6.793335866717314,47.843772357487126],[6.735734714694274,47.86408326386527],[6.670933418668341,47.894549623432454],[6.642132842656821,47.904705076621525],[6.642132842656821,47.91824568087361],[6.606132122642435,47.94194173831474],[6.562931258625156,47.931786285125696],[6.555731114622262,47.911475378747554],[6.541330826616502,47.90131992555848],[6.519730394607876,47.90131992555848],[6.4765295305905966,47.88439417024338],[6.4765295305905966,47.894549623432454],[6.4549290985819425,47.904705076621525],[6.462129242584837,47.91486052981057],[6.426128522570423,47.94532688937778],[6.368527370547383,47.96225264469288],[6.325326506530104,47.948712040440796],[6.274925498509958,47.955482342566825],[6.238924778495544,47.931786285125696],[6.210124202484025,47.938556587251725],[6.188523770475399,47.955482342566825],[6.159723194463879,47.955482342566825],[6.159723194463879,47.99271900426007],[6.152523050460985,48.01302991063821],[6.138122762455225,48.01980021276424],[6.1093221864437055,48.01302991063821],[6.07332146642932,48.016415061701224],[6.022920458409146,47.99271900426007],[6.022920458409146,47.97579324894497],[6.008520170403386,47.95886749362987],[5.986919738394732,47.955482342566825],[5.950919018380347,47.938556587251725],[5.929318586371693,47.94532688937778],[5.958119162383213,47.965637795755896],[5.950919018380347,47.97917840000798],[5.922118442368827,47.97240809788195],[5.922118442368827,47.955482342566825],[5.900518010360173,47.94532688937778],[5.886117722354413,47.92501598299964],[5.886117722354413,47.90131992555848],[5.8573171463428935,47.904705076621525],[5.835716714334268,47.89116447236944],[5.821316426328508,47.87423871705431],[5.828516570331374,47.85731296173921],[5.821316426328508,47.85054265961318],[5.756515130302574,47.85731296173921],[5.7421148422968145,47.84715750855017],[5.749314986299709,47.826846602172026],[5.734914698293949,47.816691148982954],[5.713314266285295,47.82346145110901],[5.684513690273775,47.816691148982954],[5.677313546270909,47.77945448728974],[5.706114122282429,47.76929903410067],[5.706114122282429,47.7422178255965],[5.691713834276669,47.738832674533484],[5.684513690273775,47.721906919218355],[5.691713834276669,47.70836631496627],[5.691713834276669,47.68467025752514],[5.655713114262255,47.68467025752514],[5.6485129702593895,47.67451480433607],[5.59091181823635,47.67451480433607],[5.583711674233456,47.70159601284024],[5.554911098221936,47.69821086177723],[5.5333106662133105,47.67451480433607],[5.5117102342046564,47.67451480433607],[5.490109802196031,47.68467025752514],[5.461309226184511,47.671129653273056],[5.403708074161472,47.67451480433607],[5.403708074161472,47.6474335958319],[5.374907498149952,47.62373753839074],[5.374907498149952,47.60342663201263],[5.346106922138432,47.60342663201263],[5.324506490129778,47.6135820852017],[5.281305626112498,47.59327117882356],[5.281305626112498,47.57973057457147],[5.252505050100979,47.58650087669753],[5.238104762095219,47.59665632988657],[5.252505050100979,47.610196934138656],[5.230904618092353,47.6305078405168],[5.1877037540750734,47.65081874689491],[5.173303466069314,47.65081874689491],[5.180503610072179,47.6812851064621],[5.158903178063554,47.6812851064621],[5.158903178063554,47.66774450221004],[5.1301026020520055,47.65081874689491],[5.10850217004338,47.65081874689491],[5.072501450028966,47.664359351147],[5.0653013060261,47.66774450221004],[5.05090101802034,47.66774450221004],[5.05090101802034,47.694825710714184],[5.022100442008821,47.70836631496627],[4.993299865997301,47.688055408588156],[4.971699433988647,47.688055408588156],[4.957299145982887,47.69821086177723],[4.957299145982887,47.71175146602931],[4.971699433988647,47.72867722134441],[4.957299145982887,47.76252873197461],[4.928498569971367,47.76252873197461],[4.9212984259685015,47.77945448728974],[4.957299145982887,47.78960994047878],[4.986099721994407,47.80315054473087],[4.986099721994407,47.83023175323504],[4.964499289985781,47.84038720642411],[4.957299145982887,47.86746841492828],[4.928498569971367,47.8708535659913],[4.928498569971367,47.89116447236944],[4.8996979939598475,47.921630831936625],[4.878097561951222,47.921630831936625],[4.856497129942568,47.90131992555848],[4.827696553931048,47.90809022768454],[4.849296985939702,47.921630831936625],[4.863697273945462,47.948712040440796],[4.842096841936808,47.96225264469288],[4.791695833916663,47.96225264469288],[4.791695833916663,48.00625960851215],[4.748494969899383,48.00287445744914],[4.726894537890729,48.00625960851215],[4.698093961879209,48.02318536382725],[4.676493529870584,48.016415061701224],[4.618892377847544,48.02995566595331],[4.5756915138302645,48.02995566595331],[4.546890937818745,48.00625960851215],[4.539690793815851,47.99271900426007],[4.561291225824505,47.97917840000798],[4.5540910818216105,47.96902294681891],[4.510890217804331,47.965637795755896],[4.496489929798571,47.96902294681891],[4.467689353787051,47.95886749362987],[4.4388887777755315,47.95886749362987],[4.410088201764012,47.96902294681891],[4.395687913758252,47.96225264469288],[4.366887337746732,47.96225264469288],[4.359687193743866,47.955482342566825],[4.316486329726587,47.95886749362987],[4.302086041720827,47.948712040440796],[4.294885897717933,47.92501598299964],[4.244484889697759,47.92840113406265],[4.222884457689133,47.948712040440796],[4.222884457689133,47.97240809788195],[4.201284025680479,47.97240809788195],[4.2084841696833735,47.94194173831474],[4.186883737674719,47.94194173831474],[4.186883737674719,47.955482342566825],[4.1580831616632,47.95886749362987],[4.136482729654574,47.938556587251725],[4.107682153643054,47.92501598299964],[4.0932818656372945,47.92840113406265],[4.0932818656372945,47.94532688937778],[4.057281145622881,47.94194173831474],[4.057281145622881,47.92840113406265],[3.9924798495969753,47.931786285125696],[3.934878697573936,47.931786285125696],[3.906078121562416,47.92501598299964],[3.906078121562416,47.965637795755896],[3.913278265565282,47.982563551070996],[3.898877977559522,47.99610415532308],[3.870077401548002,47.97579324894497],[3.8484769695393766,47.982563551070996],[3.8412768255364824,48.00287445744914],[3.870077401548002,48.00625960851215],[3.870077401548002,48.01980021276424],[3.8268765375307225,48.043496270205395]]]}},{"type":"Feature","properties":{"name":"Pays de la Loire","code":"52","nom":"Pays de la Loire"},"geometry":{"type":"Polygon","coordinates":[[[-1.12682253645076,46.3102989259385],[-1.1628232564651455,46.32383953019058],[-1.2060241204824251,46.317069228064554],[-1.1988239764795594,46.300143472749426],[-1.2060241204824251,46.28998801956038],[-1.2060241204824251,46.266291962119226],[-1.242024840496839,46.283217717434326],[-1.2852257045141187,46.3102989259385],[-1.3068261365227443,46.29675832168641],[-1.3212264245285041,46.3272246812536],[-1.357227144542918,46.34753558763174],[-1.4004280085601977,46.34076528550568],[-1.4148282965659575,46.34753558763174],[-1.4364287285745831,46.34076528550568],[-1.465229304586103,46.34076528550568],[-1.4796295925918628,46.371231645072896],[-1.5012300246005168,46.39831285357707],[-1.5156303126062767,46.405083155703096],[-1.5588311766235563,46.405083155703096],[-1.5948318966379418,46.41185345782915],[-1.6236324726494615,46.41185345782915],[-1.6452329046581156,46.41862375995518],[-1.6596331926638754,46.43554951527028],[-1.6884337686753952,46.44231981739634],[-1.7100342006840208,46.455860421648424],[-1.7676353527070887,46.482941630152595],[-1.7748354967099544,46.49309708334164],[-1.8036360727214742,46.489711932278624],[-1.818036360727234,46.499867385467695],[-1.818036360727234,46.52356344290885],[-1.854037080741648,46.594651615232294],[-1.854037080741648,46.60819221948438],[-1.8756375127502736,46.628503125862494],[-1.9116382327646875,46.65219918330365],[-1.9116382327646875,46.66235463649272],[-1.947638952779073,46.69620614712292],[-1.9764395287905927,46.69620614712292],[-1.9764395287905927,46.716517053501065],[-2.0196403928078723,46.743598262005236],[-2.0556411128222862,46.77406462157242],[-2.1276425528510856,46.80791613220262],[-2.1420428408568455,46.81807158539169],[-2.149242984859711,46.83499734070679],[-2.1420428408568455,46.84853794495888],[-2.1564431288626054,46.889159757715134],[-2.1204424088481915,46.89254490877815],[-2.1204424088481915,46.90947066409328],[-2.0916418328366717,46.933166721534405],[-2.0556411128222862,46.950092476849534],[-2.048440968819392,46.97717368535368],[-2.034040680813632,46.99071428960576],[-2.034040680813632,47.00425489385785],[-1.9980399607992467,47.01779549810993],[-1.9836396727934869,47.027950951299005],[-2.0052401048021125,47.06180246192923],[-2.0412408248165264,47.07872821724433],[-2.048440968819392,47.088883670433404],[-2.077241544830912,47.10242427468549],[-2.1132422648453257,47.10919457681152],[-2.1564431288626054,47.11257972787453],[-2.178043560871231,47.122735181063604],[-2.199643992879885,47.122735181063604],[-2.2428448568971646,47.132890634252675],[-2.199643992879885,47.159971842756846],[-2.178043560871231,47.1565866916938],[-2.163643272865471,47.166742144882875],[-2.163643272865471,47.193823353387046],[-2.1564431288626054,47.210749108702146],[-2.178043560871231,47.227674864017274],[-2.1708434168683652,47.23783031720632],[-2.1708434168683652,47.26829667677353],[-2.185243704874125,47.28183728102562],[-2.2212444248885106,47.26829667677353],[-2.2284445688914047,47.254756072521445],[-2.2500450009000303,47.254756072521445],[-2.27884557691155,47.23783031720632],[-2.300446008920204,47.23783031720632],[-2.3436468729374837,47.25814122358446],[-2.3436468729374837,47.26491152571049],[-2.3796475929518692,47.28183728102562],[-2.422848456969149,47.27506697889956],[-2.422848456969149,47.26491152571049],[-2.4516490329806686,47.261526374647474],[-2.545250905018122,47.29199273421466],[-2.538050761015228,47.30214818740373],[-2.5164503290066023,47.30214818740373],[-2.5020500410008424,47.3123036405928],[-2.5020500410008424,47.33599969803393],[-2.5164503290066023,47.35631060441207],[-2.559651193023882,47.37662151079019],[-2.4876497529950825,47.40370271929436],[-2.4876497529950825,47.41385817248343],[-2.444448888977803,47.410473021420415],[-2.4588491769835628,47.427398776735515],[-2.444448888977803,47.43755422992459],[-2.4588491769835628,47.44770968311366],[-2.4516490329806686,47.46463543842876],[-2.422848456969149,47.47817604268084],[-2.415648312966283,47.4578651363027],[-2.3868477369547634,47.4578651363027],[-2.3724474489490035,47.46463543842876],[-2.3508470169403495,47.454479985239686],[-2.314846296925964,47.46125028736574],[-2.314846296925964,47.48494634480687],[-2.300446008920204,47.49510179799594],[-2.300446008920204,47.51541270437406],[-2.2572451449029245,47.51202755331104],[-2.26444528890579,47.50187210012197],[-2.2356447128942705,47.49510179799594],[-2.214044280885645,47.50864240224803],[-2.185243704874125,47.51202755331104],[-2.185243704874125,47.49171664693293],[-2.1564431288626054,47.49171664693293],[-2.1564431288626054,47.522183006500114],[-2.098841976839566,47.532338459689186],[-2.098841976839566,47.57973057457147],[-2.1060421208424316,47.58988602776054],[-2.084441688833806,47.60342663201263],[-2.084441688833806,47.62373753839074],[-2.098841976839566,47.6305078405168],[-2.084441688833806,47.65081874689491],[-2.048440968819392,47.65081874689491],[-2.0412408248165264,47.671129653273056],[-2.0196403928078723,47.66774450221004],[-1.9764395287905927,47.688055408588156],[-1.969239384787727,47.671129653273056],[-1.9116382327646875,47.694825710714184],[-1.8756375127502736,47.694825710714184],[-1.8612372247445137,47.70836631496627],[-1.8252365047301282,47.70836631496627],[-1.7820356407128486,47.69821086177723],[-1.7532350647013004,47.70836631496627],[-1.7100342006840208,47.69821086177723],[-1.695633912678261,47.71175146602931],[-1.6524330486609813,47.71175146602931],[-1.6380327606552214,47.721906919218355],[-1.6380327606552214,47.7422178255965],[-1.6164323286465958,47.765913883037655],[-1.566031320626422,47.782839638352755],[-1.5372307446149023,47.782839638352755],[-1.5156303126062767,47.79638024260484],[-1.4796295925918628,47.799765393667855],[-1.472429448588997,47.83361690429808],[-1.4292285845717174,47.83361690429808],[-1.3788275765515436,47.82346145110901],[-1.3788275765515436,47.809920846856926],[-1.357227144542918,47.79638024260484],[-1.2924258485169844,47.78622478941577],[-1.2492249844997048,47.7760693362267],[-1.242024840496839,47.77945448728974],[-1.242024840496839,47.809920846856926],[-1.2132242644853193,47.83023175323504],[-1.2132242644853193,47.84715750855017],[-1.1916238324766653,47.86408326386527],[-1.1988239764795594,47.8877793213064],[-1.1772235444709054,47.894549623432454],[-1.1772235444709054,47.911475378747554],[-1.1628232564651455,47.92501598299964],[-1.1628232564651455,47.95886749362987],[-1.12682253645076,47.97240809788195],[-1.12682253645076,47.98594870213404],[-1.0908218164363461,47.98933385319705],[-1.0764215284305862,47.982563551070996],[-1.0476209524190665,47.98594870213404],[-1.0188203764075467,47.99610415532308],[-1.0188203764075467,48.016415061701224],[-1.0332206644133066,48.02995566595331],[-1.0332206644133066,48.07396262977258],[-1.0548210964219606,48.104428989339766],[-1.0620212404248264,48.12473989571791],[-1.0620212404248264,48.16197655741112],[-1.0764215284305862,48.16874685953718],[-1.0764215284305862,48.20259837016738],[-1.0836216724334804,48.22967957867155],[-1.0980219604392403,48.243220182923636],[-1.0980219604392403,48.26691624036479],[-1.0908218164363461,48.29061229780595],[-1.0476209524190665,48.32446380843615],[-1.0620212404248264,48.34815986587731],[-1.0548210964219606,48.38878167863356],[-1.0836216724334804,48.42940349138982],[-1.0692213844277205,48.44632924670492],[-1.0764215284305862,48.47341045520909],[-1.0764215284305862,48.50387681477628],[-1.0692213844277205,48.50726196583929],[-1.0476209524190665,48.510647116902334],[-1.0188203764075467,48.493721361587205],[-0.9756195123902671,48.493721361587205],[-0.9612192243845072,48.51403226796535],[-0.9252185043701218,48.51403226796535],[-0.9108182163643619,48.49710651265025],[-0.8388167763355341,48.493721361587205],[-0.8388167763355341,48.48356590839816],[-0.8172163443269085,48.476795606272105],[-0.8172163443269085,48.45648469989399],[-0.7812156243124946,48.449714397767934],[-0.7524150483009748,48.43617379351585],[-0.7164143282865894,48.45309954883095],[-0.6732134642693097,48.48356590839816],[-0.6588131762635498,48.48356590839816],[-0.6516130322606557,48.442944095641906],[-0.6012120242405103,48.47002530414608],[-0.5508110162203366,48.47341045520909],[-0.5508110162203366,48.48018075733512],[-0.5220104402088168,48.49710651265025],[-0.5148102962059511,48.50726196583929],[-0.47160943218867146,48.50387681477628],[-0.4644092881857773,48.51403226796535],[-0.42840856817139183,48.51403226796535],[-0.3996079921598721,48.50726196583929],[-0.3852077041541122,48.49710651265025],[-0.33480669613393843,48.50049166371326],[-0.3276065521310727,48.52080257009138],[-0.2844056881137931,48.51741741902836],[-0.24840496809937918,48.52757287221743],[-0.24120482409651345,48.537728325406505],[-0.26280525610513905,48.54788377859555],[-0.2340046800936193,48.56142438284763],[-0.2124042480849937,48.56142438284763],[-0.19080381607633967,48.54788377859555],[-0.14760295205906004,48.53095802328045],[-0.14760295205906004,48.51741741902836],[-0.16920338406771407,48.51403226796535],[-0.14760295205906004,48.48018075733512],[-0.14760295205906004,48.45648469989399],[-0.12600252005043444,48.449714397767934],[-0.07560151203026066,48.449714397767934],[-0.05400108002163506,48.442944095641906],[-0.05400108002163506,48.37862622544449],[-0.010800216004327012,48.39216682969658],[0.01080021600429859,48.39216682969658],[0.01800036000719274,48.37862622544449],[0.06120122402447237,48.37862622544449],[0.0684013680273381,48.40909258501168],[0.09720194403885785,48.40909258501168],[0.11880237604751187,48.43617379351585],[0.15480309606189735,48.43617379351585],[0.16920338406765723,48.45309954883095],[0.21240424808493685,48.47341045520909],[0.24840496809935075,48.47341045520909],[0.27000540010797636,48.48018075733512],[0.2988059761194961,48.48018075733512],[0.34200684013677574,48.459869850957006],[0.3564071281425356,48.459869850957006],[0.37800756015118964,48.432788642452834],[0.37800756015118964,48.36508562119241],[0.38520770415405536,48.36170047012939],[0.38520770415405536,48.33123411056221],[0.39960799215981524,48.31769350631012],[0.428408568171335,48.31769350631012],[0.44280885617709487,48.304152902058036],[0.5004100082001344,48.304152902058036],[0.5004100082001344,48.28045684461688],[0.5148102962058942,48.26691624036479],[0.5364107282145483,48.26353108930178],[0.5364107282145483,48.24999048504969],[0.5796115922318279,48.243220182923636],[0.6228124562491075,48.243220182923636],[0.6444128882577331,48.26353108930178],[0.680413608272147,48.25676078717572],[0.6876137522750128,48.23983503186062],[0.7164143282865325,48.216138974419465],[0.7164143282865325,48.205983521230394],[0.7596151923038121,48.17890231272625],[0.795615912318226,48.19244291697834],[0.795615912318226,48.189057765915294],[0.8388167763355057,48.16874685953718],[0.8892177843556794,48.16197655741112],[0.910818216364305,48.15182110422208],[0.910818216364305,48.13489534890695],[0.8532170643412655,48.13489534890695],[0.8532170643412655,48.11458444252884],[0.8388167763355057,48.070577478709566],[0.795615912318226,48.070577478709566],[0.795615912318226,48.03672596807934],[0.8172163443268516,48.02995566595331],[0.8388167763355057,48.033340817016324],[0.8388167763355057,48.00964475957517],[0.8316166323326399,47.99271900426007],[0.8172163443268516,47.98594870213404],[0.8388167763355057,47.96902294681891],[0.8460169203383998,47.94194173831474],[0.8100162003239859,47.92840113406265],[0.8100162003239859,47.89116447236944],[0.7884157683153319,47.911475378747554],[0.7596151923038121,47.90131992555848],[0.7596151923038121,47.860698112802226],[0.774015480309572,47.85054265961318],[0.774015480309572,47.8370020553611],[0.7452149042980523,47.83023175323504],[0.7380147602951865,47.80653569579391],[0.7092141842836668,47.78960994047878],[0.6948138962779069,47.78960994047878],[0.7020140402807726,47.765913883037655],[0.6660133202663872,47.76252873197461],[0.6300126002519733,47.75237327878557],[0.6228124562491075,47.738832674533484],[0.5796115922318279,47.71513661709233],[0.5940118802375878,47.704981163903255],[0.5868117362346936,47.671129653273056],[0.5364107282145483,47.654203897957956],[0.5148102962058942,47.654203897957956],[0.49320986419726864,47.644048444768885],[0.4716094321886146,47.6474335958319],[0.45720914418285474,47.64066329370587],[0.450009000179989,47.62035238732773],[0.4068081361627094,47.627122689453785],[0.39960799215981524,47.64066329370587],[0.37800756015118964,47.64066329370587],[0.36360727214542976,47.627122689453785],[0.38520770415405536,47.610196934138656],[0.39960799215981524,47.57634542350846],[0.3708074161482955,47.5695751213824],[0.34200684013677574,47.57973057457147],[0.32040640812815013,47.59665632988657],[0.2772055441108705,47.59665632988657],[0.27000540010797636,47.610196934138656],[0.23400468009359088,47.610196934138656],[0.23400468009359088,47.57973057457147],[0.21240424808493685,47.57296027244544],[0.20520410408207113,47.55941966819336],[0.20520410408207113,47.52556815756313],[0.219604392087831,47.522183006500114],[0.219604392087831,47.49848694905896],[0.19800396007917698,47.48494634480687],[0.1836036720734171,47.4578651363027],[0.1836036720734171,47.417243323546444],[0.1620032400647915,47.40370271929436],[0.16920338406765723,47.38677696397926],[0.1836036720734171,47.383391812916244],[0.14760295205903162,47.35631060441207],[0.14040280805613747,47.33599969803393],[0.11880237604751187,47.332614546970916],[0.11160223204461772,47.3123036405928],[0.09720194403885785,47.30891848952979],[0.09000180003599212,47.28183728102562],[0.07560151203023224,47.26491152571049],[0.07560151203023224,47.21413425976519],[0.05400108002157822,47.193823353387046],[0.0684013680273381,47.18028274913496],[0.05400108002157822,47.166742144882875],[0.03960079201581834,47.16335699381986],[0.01080021600429859,47.17012729594589],[-0.010800216004327012,47.159971842756846],[-0.025200504010086888,47.143046087441746],[-0.039600792015875186,47.10919457681152],[-0.039600792015875186,47.09226882149642],[-0.08280165603315481,47.09903912362245],[-0.10440208804178042,47.08549851937036],[-0.10440208804178042,47.06180246192923],[-0.12600252005043444,47.055032159803176],[-0.14760295205906004,47.06857276405526],[-0.1764035280705798,47.06518761299225],[-0.16200324006481992,47.08549851937036],[-0.14040280805619432,47.10242427468549],[-0.18360367207347394,47.10242427468549],[-0.20520410408209955,47.09565397255943],[-0.24120482409651345,47.105809425748504],[-0.2556051121022733,47.09903912362245],[-0.2916058321166588,47.10242427468549],[-0.33480669613393843,47.088883670433404],[-0.3492069841396983,47.09565397255943],[-0.3996079921598721,47.08549851937036],[-0.3996079921598721,47.06857276405526],[-0.4212084241684977,47.071957915118276],[-0.4644092881857773,47.06857276405526],[-0.4572091441829116,47.08211336830735],[-0.5004100082001912,47.08211336830735],[-0.5580111602232307,47.06518761299225],[-0.5580111602232307,47.04149155555109],[-0.5652113042260964,47.01779549810993],[-0.5868117362347505,47.011025195983905],[-0.6084121682433761,46.994099440668805],[-0.6732134642693097,47.00086974279483],[-0.7164143282865894,46.98732913854275],[-0.7452149042981091,47.00086974279483],[-0.7884157683153887,47.00425489385785],[-0.8028160563211486,46.994099440668805],[-0.8244164883297742,46.994099440668805],[-0.8604172083441881,46.97378853429066],[-0.8676173523470538,46.96024793003858],[-0.8676173523470538,46.95686277897556],[-0.8676173523470538,46.95347762791255],[-0.8676173523470538,46.94670732578649],[-0.8244164883297742,46.92978157047139],[-0.8172163443269085,46.91285581515629],[-0.8244164883297742,46.889159757715134],[-0.8100162003240143,46.86884885133702],[-0.7884157683153887,46.85869339814795],[-0.7812156243124946,46.84176764283285],[-0.738014760295215,46.82145673645471],[-0.7092141842836952,46.82145673645471],[-0.7236144722894551,46.79099037688752],[-0.7236144722894551,46.760524017320336],[-0.7164143282865894,46.750368564131264],[-0.6948138962779353,46.750368564131264],[-0.6948138962779353,46.733442808816164],[-0.6732134642693097,46.72328735562709],[-0.6588131762635498,46.699591298185936],[-0.6804136082721755,46.68943584499689],[-0.6372127442548958,46.66235463649272],[-0.6516130322606557,46.655584334366665],[-0.6516130322606557,46.64204373011458],[-0.622812456249136,46.63527342798855],[-0.622812456249136,46.594651615232294],[-0.6084121682433761,46.56418525566511],[-0.6012120242405103,46.533718896097895],[-0.6084121682433761,46.526948593971866],[-0.6372127442548958,46.526948593971866],[-0.6372127442548958,46.50325253653071],[-0.622812456249136,46.49648223440468],[-0.6156123122462702,46.47617132802654],[-0.6156123122462702,46.438934666333324],[-0.6372127442548958,46.43216436420727],[-0.6372127442548958,46.394927702514025],[-0.6156123122462702,46.39831285357707],[-0.6156123122462702,46.41185345782915],[-0.5940118802376162,46.41185345782915],[-0.5364107282145767,46.388157400387996],[-0.5508110162203366,46.367846494009854],[-0.5796115922318563,46.35430588975777],[-0.6012120242405103,46.35430588975777],[-0.6156123122462702,46.34076528550568],[-0.6372127442548958,46.33738013444267],[-0.6372127442548958,46.32383953019058],[-0.6588131762635498,46.317069228064554],[-0.6948138962779353,46.32383953019058],[-0.7236144722894551,46.3102989259385],[-0.7524150483009748,46.30352862381247],[-0.759615192303869,46.31368407700151],[-0.8028160563211486,46.32383953019058],[-0.8100162003240143,46.33738013444267],[-0.8388167763355341,46.34076528550568],[-0.8460169203384282,46.317069228064554],[-0.8676173523470538,46.32383953019058],[-0.8964179283585736,46.32383953019058],[-0.9036180723614677,46.31368407700151],[-0.9468189363787474,46.317069228064554],[-0.9540190803816415,46.3272246812536],[-0.9324186483729875,46.35430588975777],[-0.9324186483729875,46.371231645072896],[-0.9756195123902671,46.350920738694754],[-1.011620232404681,46.34753558763174],[-1.0332206644133066,46.350920738694754],[-1.0620212404248264,46.34076528550568],[-1.0836216724334804,46.32383953019058],[-1.1196223924478659,46.317069228064554],[-1.12682253645076,46.3102989259385]]]}},{"type":"Feature","properties":{"name":"Bretagne","code":"53","nom":"Bretagne"},"geometry":{"type":"Polygon","coordinates":[[[-1.5732314646293162,48.62574225304505],[-1.566031320626422,48.615586799855976],[-1.5372307446149023,48.598661044540876],[-1.5444308886177964,48.588505591351804],[-1.5228304566091424,48.571579836036705],[-1.5372307446149023,48.55126892965859],[-1.5156303126062767,48.537728325406505],[-1.5012300246005168,48.51741741902836],[-1.5012300246005168,48.51403226796535],[-1.486829736594757,48.48695105946118],[-1.450829016580343,48.48695105946118],[-1.4436288725774773,48.47341045520909],[-1.4220284405688233,48.459869850957006],[-1.3788275765515436,48.45648469989399],[-1.350027000540024,48.47002530414608],[-1.350027000540024,48.48356590839816],[-1.3284265685313983,48.49710651265025],[-1.2780255605112245,48.50726196583929],[-1.2636252725054646,48.54111347646952],[-1.1988239764795594,48.537728325406505],[-1.1700234004680397,48.53095802328045],[-1.1556231124622798,48.51741741902836],[-1.1196223924478659,48.52080257009138],[-1.0980219604392403,48.510647116902334],[-1.0692213844277205,48.50726196583929],[-1.0764215284305862,48.50387681477628],[-1.0764215284305862,48.47341045520909],[-1.0692213844277205,48.44632924670492],[-1.0836216724334804,48.42940349138982],[-1.0548210964219606,48.38878167863356],[-1.0620212404248264,48.34815986587731],[-1.0476209524190665,48.32446380843615],[-1.0908218164363461,48.29061229780595],[-1.0980219604392403,48.26691624036479],[-1.0980219604392403,48.243220182923636],[-1.0836216724334804,48.22967957867155],[-1.0764215284305862,48.20259837016738],[-1.0764215284305862,48.16874685953718],[-1.0620212404248264,48.16197655741112],[-1.0620212404248264,48.12473989571791],[-1.0548210964219606,48.104428989339766],[-1.0332206644133066,48.07396262977258],[-1.0332206644133066,48.02995566595331],[-1.0188203764075467,48.016415061701224],[-1.0188203764075467,47.99610415532308],[-1.0476209524190665,47.98594870213404],[-1.0764215284305862,47.982563551070996],[-1.0908218164363461,47.98933385319705],[-1.12682253645076,47.98594870213404],[-1.12682253645076,47.97240809788195],[-1.1628232564651455,47.95886749362987],[-1.1628232564651455,47.92501598299964],[-1.1772235444709054,47.911475378747554],[-1.1772235444709054,47.894549623432454],[-1.1988239764795594,47.8877793213064],[-1.1916238324766653,47.86408326386527],[-1.2132242644853193,47.84715750855017],[-1.2132242644853193,47.83023175323504],[-1.242024840496839,47.809920846856926],[-1.242024840496839,47.77945448728974],[-1.2492249844997048,47.7760693362267],[-1.2924258485169844,47.78622478941577],[-1.357227144542918,47.79638024260484],[-1.3788275765515436,47.809920846856926],[-1.3788275765515436,47.82346145110901],[-1.4292285845717174,47.83361690429808],[-1.472429448588997,47.83361690429808],[-1.4796295925918628,47.799765393667855],[-1.5156303126062767,47.79638024260484],[-1.5372307446149023,47.782839638352755],[-1.566031320626422,47.782839638352755],[-1.6164323286465958,47.765913883037655],[-1.6380327606552214,47.7422178255965],[-1.6380327606552214,47.721906919218355],[-1.6524330486609813,47.71175146602931],[-1.695633912678261,47.71175146602931],[-1.7100342006840208,47.69821086177723],[-1.7532350647013004,47.70836631496627],[-1.7820356407128486,47.69821086177723],[-1.8252365047301282,47.70836631496627],[-1.8612372247445137,47.70836631496627],[-1.8756375127502736,47.694825710714184],[-1.9116382327646875,47.694825710714184],[-1.969239384787727,47.671129653273056],[-1.9764395287905927,47.688055408588156],[-2.0196403928078723,47.66774450221004],[-2.0412408248165264,47.671129653273056],[-2.048440968819392,47.65081874689491],[-2.084441688833806,47.65081874689491],[-2.098841976839566,47.6305078405168],[-2.084441688833806,47.62373753839074],[-2.084441688833806,47.60342663201263],[-2.1060421208424316,47.58988602776054],[-2.098841976839566,47.57973057457147],[-2.098841976839566,47.532338459689186],[-2.1564431288626054,47.522183006500114],[-2.1564431288626054,47.49171664693293],[-2.185243704874125,47.49171664693293],[-2.185243704874125,47.51202755331104],[-2.214044280885645,47.50864240224803],[-2.2356447128942705,47.49510179799594],[-2.26444528890579,47.50187210012197],[-2.2572451449029245,47.51202755331104],[-2.300446008920204,47.51541270437406],[-2.300446008920204,47.49510179799594],[-2.314846296925964,47.48494634480687],[-2.314846296925964,47.46125028736574],[-2.3508470169403495,47.454479985239686],[-2.3724474489490035,47.46463543842876],[-2.3868477369547634,47.4578651363027],[-2.415648312966283,47.4578651363027],[-2.422848456969149,47.47817604268084],[-2.4516490329806686,47.46463543842876],[-2.4588491769835628,47.44770968311366],[-2.4948498969979482,47.44770968311366],[-2.5020500410008424,47.4578651363027],[-2.4876497529950825,47.47479089161783],[-2.5020500410008424,47.48494634480687],[-2.4948498969979482,47.49510179799594],[-2.4588491769835628,47.48494634480687],[-2.444448888977803,47.50187210012197],[-2.4660493209864285,47.51202755331104],[-2.5020500410008424,47.51541270437406],[-2.509250185003708,47.52556815756313],[-2.530850617012362,47.52556815756313],[-2.559651193023882,47.51202755331104],[-2.5812516250325075,47.5187978554371],[-2.5956519130382674,47.532338459689186],[-2.646052921058441,47.5357236107522],[-2.667653353067095,47.54587906394127],[-2.667653353067095,47.505257251185014],[-2.682053641072855,47.49510179799594],[-2.710854217084375,47.505257251185014],[-2.7396547930958945,47.505257251185014],[-2.797255945118934,47.488331495869915],[-2.826056521130454,47.488331495869915],[-2.8476569531390794,47.49510179799594],[-2.8476569531390794,47.51541270437406],[-2.8620572411448393,47.5187978554371],[-2.8836576731534933,47.539108761815214],[-2.905258105162119,47.539108761815214],[-2.919658393167879,47.549264215004285],[-2.898057961159253,47.56280481925637],[-2.890857817156359,47.583115725634485],[-2.926858537170773,47.58650087669753],[-2.919658393167879,47.59665632988657],[-2.9628592571851584,47.6135820852017],[-2.9628592571851584,47.57973057457147],[-2.926858537170773,47.556034517130314],[-2.9628592571851584,47.55941966819336],[-2.9772595451909183,47.57973057457147],[-3.006060121202438,47.566189970319385],[-3.056461129222612,47.57296027244544],[-3.0852617052341316,47.566189970319385],[-3.106862137242757,47.57296027244544],[-3.121262425248517,47.58988602776054],[-3.135662713254277,47.57634542350846],[-3.157263145262931,47.60681178307564],[-3.1932638652773164,47.62373753839074],[-3.2148642972859705,47.6474335958319],[-3.2796655933118757,47.68467025752514],[-3.3156663133262896,47.694825710714184],[-3.351667033340675,47.694825710714184],[-3.358867177343569,47.71175146602931],[-3.3444668893378093,47.72867722134441],[-3.3156663133262896,47.738832674533484],[-3.3228664573291553,47.75575842984858],[-3.366067321346435,47.72867722134441],[-3.366067321346435,47.71513661709233],[-3.387667753355089,47.70159601284024],[-3.4452689053781285,47.69821086177723],[-3.474069481389648,47.71175146602931],[-3.502870057401168,47.73544752347044],[-3.510070201404062,47.75237327878557],[-3.5316706334126877,47.765913883037655],[-3.5604712094242075,47.76929903410067],[-3.625272505450141,47.76929903410067],[-3.654073081461661,47.77945448728974],[-3.6756735134702865,47.77945448728974],[-3.74047480949622,47.80653569579391],[-3.7620752415048457,47.78960994047878],[-3.7980759615192596,47.78960994047878],[-3.8412768255365393,47.79638024260484],[-3.870077401548059,47.809920846856926],[-3.8772775455509247,47.82346145110901],[-3.8988779775595788,47.83361690429808],[-3.8988779775595788,47.84715750855017],[-3.9132782655653386,47.86746841492828],[-3.949278985579724,47.8877793213064],[-3.9564791295826183,47.89793477449547],[-3.985279705594138,47.894549623432454],[-3.985279705594138,47.860698112802226],[-3.999679993599898,47.85054265961318],[-4.028480569611418,47.85054265961318],[-4.0428808576171775,47.843772357487126],[-4.057281145622937,47.860698112802226],[-4.129282585651737,47.86408326386527],[-4.1580831616632565,47.85054265961318],[-4.179683593671882,47.86746841492828],[-4.179683593671882,47.83361690429808],[-4.165283305666122,47.826846602172026],[-4.165283305666122,47.81330599791994],[-4.179683593671882,47.799765393667855],[-4.215684313686296,47.792995091541826],[-4.294885897717961,47.792995091541826],[-4.294885897717961,47.799765393667855],[-4.345286905738135,47.799765393667855],[-4.374087481749655,47.79638024260484],[-4.374087481749655,47.826846602172026],[-4.352487049741029,47.826846602172026],[-4.345286905738135,47.85054265961318],[-4.359687193743895,47.8708535659913],[-4.359687193743895,47.89116447236944],[-4.374087481749655,47.911475378747554],[-4.410088201764069,47.94194173831474],[-4.410088201764069,47.95209719150381],[-4.460489209784214,47.98594870213404],[-4.510890217804388,48.00625960851215],[-4.546890937818773,48.01302991063821],[-4.561291225824533,48.00287445744914],[-4.582891657833187,48.00287445744914],[-4.597291945838947,48.016415061701224],[-4.626092521850467,48.016415061701224],[-4.662093241864852,48.026570514890295],[-4.690893817876372,48.026570514890295],[-4.712494249885026,48.060422025520495],[-4.669293385867746,48.060422025520495],[-4.669293385867746,48.070577478709566],[-4.633292665853332,48.067192327646524],[-4.590091801836053,48.08073293189861],[-4.546890937818773,48.077347780835595],[-4.518090361807253,48.087503234024666],[-4.482089641792868,48.087503234024666],[-4.460489209784214,48.09765868721374],[-4.431688633772694,48.09765868721374],[-4.410088201764069,48.104428989339766],[-4.359687193743895,48.10781414040278],[-4.352487049741029,48.10104383827675],[-4.309286185723721,48.09088838508768],[-4.280485609712201,48.10781414040278],[-4.2732854657093355,48.13151019784394],[-4.2732854657093355,48.155206255285094],[-4.294885897717961,48.15859140634811],[-4.294885897717961,48.182287463789265],[-4.316486329726615,48.20259837016738],[-4.374087481749655,48.205983521230394],[-4.381287625752549,48.21952412548248],[-4.402888057761174,48.21952412548248],[-4.446088921778454,48.23644988079761],[-4.489289785795734,48.23644988079761],[-4.5036900738014936,48.22967957867155],[-4.496489929798628,48.216138974419465],[-4.518090361807253,48.205983521230394],[-4.518090361807253,48.19244291697834],[-4.554091081821667,48.16874685953718],[-4.554091081821667,48.21275382335645],[-4.561291225824533,48.233064729734565],[-4.546890937818773,48.23983503186062],[-4.546890937818773,48.25337563611271],[-4.597291945838947,48.25337563611271],[-4.618892377847573,48.26353108930178],[-4.618892377847573,48.277071693553864],[-4.590091801836053,48.27368654249082],[-4.568491369827427,48.28045684461688],[-4.582891657833187,48.321078657373135],[-4.546890937818773,48.327848959499164],[-4.554091081821667,48.293997448868964],[-4.5396907938159075,48.28384199567989],[-4.482089641792868,48.28384199567989],[-4.453289065781348,48.293997448868964],[-4.4244884897698284,48.29061229780595],[-4.395687913758309,48.27368654249082],[-4.366887337746789,48.277071693553864],[-4.352487049741029,48.28722714674291],[-4.309286185723721,48.29738259993198],[-4.287685753715095,48.28722714674291],[-4.287685753715095,48.27368654249082],[-4.266085321706441,48.27368654249082],[-4.237284745694922,48.29061229780595],[-4.237284745694922,48.304152902058036],[-4.302086041720855,48.31430835524708],[-4.309286185723721,48.338004412688235],[-4.338086761735241,48.34477471481429],[-4.366887337746789,48.34477471481429],[-4.381287625752549,48.32446380843615],[-4.410088201764069,48.327848959499164],[-4.446088921778454,48.32446380843615],[-4.438888777775588,48.36170047012939],[-4.410088201764069,48.37524107438148],[-4.410088201764069,48.38878167863356],[-4.431688633772694,48.398937131822606],[-4.446088921778454,48.38539652757052],[-4.489289785795734,48.382011376507506],[-4.532490649813013,48.35831531906638],[-4.554091081821667,48.35831531906638],[-4.611692233844707,48.338004412688235],[-4.633292665853332,48.338004412688235],[-4.662093241864852,48.35154501694032],[-4.690893817876372,48.354930168003335],[-4.705294105882132,48.34815986587731],[-4.705294105882132,48.33123411056221],[-4.7700954019080655,48.327848959499164],[-4.777295545910931,48.36170047012939],[-4.762895257905171,48.36847077225542],[-4.762895257905171,48.38539652757052],[-4.777295545910931,48.40232228288565],[-4.798895977919585,48.415862887137735],[-4.784495689913825,48.42601834032678],[-4.777295545910931,48.45309954883095],[-4.762895257905171,48.47002530414608],[-4.777295545910931,48.48695105946118],[-4.777295545910931,48.52080257009138],[-4.7484949698994114,48.53095802328045],[-4.7484949698994114,48.54788377859555],[-4.734094681893652,48.55803923178462],[-4.705294105882132,48.55803923178462],[-4.698093961879266,48.56819468497369],[-4.676493529870612,48.56819468497369],[-4.604492089841813,48.57835013816273],[-4.590091801836053,48.59527589347786],[-4.554091081821667,48.60881649772995],[-4.568491369827427,48.61897195091899],[-4.546890937818773,48.62912740410806],[-4.510890217804388,48.62235710198203],[-4.474889497789974,48.62235710198203],[-4.431688633772694,48.65282346154922],[-4.395687913758309,48.65620861261223],[-4.352487049741029,48.676519518990375],[-4.330886617732375,48.666364065801304],[-4.294885897717961,48.666364065801304],[-4.316486329726615,48.63928285729713],[-4.302086041720855,48.632512555171076],[-4.280485609712201,48.649438310486204],[-4.237284745694922,48.649438310486204],[-4.222884457689162,48.65620861261223],[-4.194083881677642,48.683289821116404],[-4.150883017660362,48.693445274305475],[-4.078881577631563,48.693445274305475],[-4.014080281605658,48.71375618068359],[-3.9924798495970037,48.71375618068359],[-3.970879417588378,48.72391163387266],[-3.970879417588378,48.67313436792733],[-3.9420788415768584,48.65620861261223],[-3.9276785535710985,48.66974921686432],[-3.9060781215624445,48.66297891473829],[-3.8988779775595788,48.64605315942316],[-3.855677113542299,48.62912740410806],[-3.848476969539405,48.64266800836015],[-3.848476969539405,48.683289821116404],[-3.834076681533645,48.70698587855756],[-3.8196763935278852,48.71714133174663],[-3.7836756735134998,48.7002155764315],[-3.76927538550774,48.710371029620575],[-3.7260745214904603,48.70698587855756],[-3.7044740894818062,48.69006012324246],[-3.6684733694674208,48.693445274305475],[-3.6468729374587667,48.676519518990375],[-3.618072361447247,48.683289821116404],[-3.6108722174443812,48.66974921686432],[-3.5820716414328615,48.66974921686432],[-3.5676713534271016,48.676519518990375],[-3.5820716414328615,48.69006012324246],[-3.5820716414328615,48.72391163387266],[-3.5604712094242075,48.727296784935675],[-3.5460709214184476,48.74760769131382],[-3.5820716414328615,48.76791859769193],[-3.5820716414328615,48.788229504070074],[-3.5532710654213417,48.79161465513309],[-3.524470489409822,48.822081014700274],[-3.502870057401168,48.82885131682633],[-3.474069481389648,48.82546616576329],[-3.4380687613752343,48.8119255615112],[-3.4380687613752343,48.79838495725912],[-3.4092681853637146,48.79838495725912],[-3.373267465349329,48.815310712574245],[-3.3156663133262896,48.83562161895236],[-3.25806516130325,48.839006770015374],[-3.25806516130325,48.849162223204445],[-3.2148642972859705,48.86270282745653],[-3.2148642972859705,48.83562161895236],[-3.2004640092802106,48.82546616576329],[-3.1860637212744507,48.842391921078416],[-3.171663433268691,48.842391921078416],[-3.128462569251411,48.866087978519545],[-3.0852617052341316,48.866087978519545],[-3.0852617052341316,48.8119255615112],[-3.056461129222612,48.822081014700274],[-3.027660553211092,48.81869586363726],[-3.013260265205332,48.805155259385174],[-3.042060841216852,48.78145920194402],[-3.006060121202438,48.76453344662892],[-2.9772595451909183,48.7611482955659],[-2.9484589691793985,48.76453344662892],[-2.9340586811736387,48.75099284237683],[-2.9340586811736387,48.73406708706173],[-2.9484589691793985,48.727296784935675],[-2.926858537170773,48.70698587855756],[-2.890857817156359,48.7002155764315],[-2.8836576731534933,48.67313436792733],[-2.826056521130454,48.65620861261223],[-2.826056521130454,48.62574225304505],[-2.8188563771275597,48.61897195091899],[-2.8188563771275597,48.59189074241482],[-2.77565551311028,48.58512044028879],[-2.77565551311028,48.571579836036705],[-2.7180543610872405,48.554654080721605],[-2.7180543610872405,48.52418772115442],[-2.7036540730814806,48.51741741902836],[-2.696453929078615,48.50049166371326],[-2.674853497069961,48.50726196583929],[-2.674853497069961,48.52418772115442],[-2.6316526330526813,48.52418772115442],[-2.6316526330526813,48.537728325406505],[-2.5956519130382674,48.55803923178462],[-2.5740514810296418,48.57835013816273],[-2.523650473009468,48.60204619560389],[-2.509250185003708,48.60204619560389],[-2.4732494649893226,48.62235710198203],[-2.4876497529950825,48.64605315942316],[-2.4516490329806686,48.64605315942316],[-2.4372487449749087,48.65282346154922],[-2.415648312966283,48.64266800836015],[-2.394047880957629,48.64266800836015],[-2.3868477369547634,48.65282346154922],[-2.314846296925964,48.67313436792733],[-2.300446008920204,48.65620861261223],[-2.30764615292307,48.63589770623412],[-2.3364467289345896,48.62235710198203],[-2.30764615292307,48.61220164879296],[-2.300446008920204,48.62574225304505],[-2.2572451449029245,48.64605315942316],[-2.2572451449029245,48.632512555171076],[-2.2356447128942705,48.61220164879296],[-2.2068441368827507,48.57496498709972],[-2.163643272865471,48.57835013816273],[-2.1708434168683652,48.598661044540876],[-2.1420428408568455,48.61897195091899],[-2.149242984859711,48.632512555171076],[-2.098841976839566,48.63928285729713],[-2.0556411128222862,48.63928285729713],[-2.034040680813632,48.62574225304505],[-2.034040680813632,48.605431346666904],[-1.9980399607992467,48.581735289225776],[-2.0052401048021125,48.56819468497369],[-1.9908398167963526,48.55126892965859],[-1.9620392407848328,48.54449862753253],[-1.9620392407848328,48.55803923178462],[-1.9836396727934869,48.571579836036705],[-1.9620392407848328,48.588505591351804],[-1.9908398167963526,48.59527589347786],[-2.0196403928078723,48.61897195091899],[-2.0124402488050066,48.65282346154922],[-1.9836396727934869,48.666364065801304],[-1.9836396727934869,48.67990467005339],[-1.954839096781967,48.67990467005339],[-1.933238664773313,48.693445274305475],[-1.8972379447589276,48.69006012324246],[-1.8756375127502736,48.693445274305475],[-1.8468369367387538,48.70698587855756],[-1.839636792735888,48.67990467005339],[-1.8612372247445137,48.66974921686432],[-1.8684373687474078,48.63928285729713],[-1.8612372247445137,48.62574225304505],[-1.8036360727214742,48.605431346666904],[-1.7748354967099544,48.60204619560389],[-1.6668333366667412,48.60881649772995],[-1.6236324726494615,48.61897195091899],[-1.5732314646293162,48.62574225304505]]]}},{"type":"Feature","properties":{"name":"Nouvelle-Aquitaine","code":"75","nom":"Nouvelle-Aquitaine"},"geometry":{"type":"Polygon","coordinates":[[[-1.12682253645076,46.3102989259385],[-1.1196223924478659,46.317069228064554],[-1.0836216724334804,46.32383953019058],[-1.0620212404248264,46.34076528550568],[-1.0332206644133066,46.350920738694754],[-1.011620232404681,46.34753558763174],[-0.9756195123902671,46.350920738694754],[-0.9324186483729875,46.371231645072896],[-0.9324186483729875,46.35430588975777],[-0.9540190803816415,46.3272246812536],[-0.9468189363787474,46.317069228064554],[-0.9036180723614677,46.31368407700151],[-0.8964179283585736,46.32383953019058],[-0.8676173523470538,46.32383953019058],[-0.8460169203384282,46.317069228064554],[-0.8388167763355341,46.34076528550568],[-0.8100162003240143,46.33738013444267],[-0.8028160563211486,46.32383953019058],[-0.759615192303869,46.31368407700151],[-0.7524150483009748,46.30352862381247],[-0.7236144722894551,46.3102989259385],[-0.6948138962779353,46.32383953019058],[-0.6588131762635498,46.317069228064554],[-0.6372127442548958,46.32383953019058],[-0.6372127442548958,46.33738013444267],[-0.6156123122462702,46.34076528550568],[-0.6012120242405103,46.35430588975777],[-0.5796115922318563,46.35430588975777],[-0.5508110162203366,46.367846494009854],[-0.5364107282145767,46.388157400387996],[-0.5940118802376162,46.41185345782915],[-0.6156123122462702,46.41185345782915],[-0.6156123122462702,46.39831285357707],[-0.6372127442548958,46.394927702514025],[-0.6372127442548958,46.43216436420727],[-0.6156123122462702,46.438934666333324],[-0.6156123122462702,46.47617132802654],[-0.622812456249136,46.49648223440468],[-0.6372127442548958,46.50325253653071],[-0.6372127442548958,46.526948593971866],[-0.6084121682433761,46.526948593971866],[-0.6012120242405103,46.533718896097895],[-0.6084121682433761,46.56418525566511],[-0.622812456249136,46.594651615232294],[-0.622812456249136,46.63527342798855],[-0.6516130322606557,46.64204373011458],[-0.6516130322606557,46.655584334366665],[-0.6372127442548958,46.66235463649272],[-0.6804136082721755,46.68943584499689],[-0.6588131762635498,46.699591298185936],[-0.6732134642693097,46.72328735562709],[-0.6948138962779353,46.733442808816164],[-0.6948138962779353,46.750368564131264],[-0.7164143282865894,46.750368564131264],[-0.7236144722894551,46.760524017320336],[-0.7236144722894551,46.79099037688752],[-0.7092141842836952,46.82145673645471],[-0.738014760295215,46.82145673645471],[-0.7812156243124946,46.84176764283285],[-0.7884157683153887,46.85869339814795],[-0.8100162003240143,46.86884885133702],[-0.8244164883297742,46.889159757715134],[-0.8172163443269085,46.91285581515629],[-0.8244164883297742,46.92978157047139],[-0.8676173523470538,46.94670732578649],[-0.8676173523470538,46.95347762791255],[-0.8676173523470538,46.95686277897556],[-0.8676173523470538,46.96024793003858],[-0.8604172083441881,46.97378853429066],[-0.8244164883297742,46.994099440668805],[-0.8028160563211486,46.994099440668805],[-0.7884157683153887,47.00425489385785],[-0.7452149042981091,47.00086974279483],[-0.7164143282865894,46.98732913854275],[-0.6732134642693097,47.00086974279483],[-0.6084121682433761,46.994099440668805],[-0.5868117362347505,47.011025195983905],[-0.5652113042260964,47.01779549810993],[-0.5580111602232307,47.04149155555109],[-0.5580111602232307,47.06518761299225],[-0.5004100082001912,47.08211336830735],[-0.4572091441829116,47.08211336830735],[-0.4644092881857773,47.06857276405526],[-0.4212084241684977,47.071957915118276],[-0.3996079921598721,47.06857276405526],[-0.3996079921598721,47.08549851937036],[-0.3492069841396983,47.09565397255943],[-0.33480669613393843,47.088883670433404],[-0.2916058321166588,47.10242427468549],[-0.2556051121022733,47.09903912362245],[-0.24120482409651345,47.105809425748504],[-0.20520410408209955,47.09565397255943],[-0.18360367207347394,47.10242427468549],[-0.14040280805619432,47.10242427468549],[-0.16200324006481992,47.08549851937036],[-0.1764035280705798,47.06518761299225],[-0.14760295205906004,47.06857276405526],[-0.12600252005043444,47.055032159803176],[-0.10440208804178042,47.06180246192923],[-0.10440208804178042,47.08549851937036],[-0.08280165603315481,47.09903912362245],[-0.039600792015875186,47.09226882149642],[-0.039600792015875186,47.10919457681152],[-0.025200504010086888,47.143046087441746],[-0.010800216004327012,47.159971842756846],[0.01080021600429859,47.17012729594589],[0.03960079201581834,47.16335699381986],[0.05400108002157822,47.166742144882875],[0.06120122402447237,47.14643123850476],[0.07560151203023224,47.14643123850476],[0.08280165603309797,47.12950548318966],[0.1260025200503776,47.12950548318966],[0.13320266405327175,47.105809425748504],[0.1620032400647915,47.105809425748504],[0.17640352807055137,47.11257972787453],[0.19800396007917698,47.09565397255943],[0.19800396007917698,47.08549851937036],[0.17640352807055137,47.07534306618132],[0.1836036720734171,47.06180246192923],[0.20520410408207113,47.05164700874016],[0.23400468009359088,47.06518761299225],[0.2556051121022165,47.06857276405526],[0.26280525610511063,47.05164700874016],[0.2772055441108705,47.044876706614104],[0.30600612012239026,47.05164700874016],[0.30600612012239026,46.94332217472348],[0.32040640812815013,46.933166721534405],[0.3492069841396699,46.93655187259745],[0.3708074161482955,46.950092476849534],[0.39960799215981524,46.93655187259745],[0.43560871217422914,46.933166721534405],[0.45720914418285474,46.94670732578649],[0.49320986419726864,46.95686277897556],[0.6012120242404535,46.95686277897556],[0.6012120242404535,46.97378853429066],[0.5724114482289338,46.98394398747973],[0.5796115922318279,47.00764004492089],[0.6156123122462134,47.00764004492089],[0.6372127442548674,46.98394398747973],[0.658813176263493,46.97717368535368],[0.6948138962779069,46.97378853429066],[0.7020140402807726,46.950092476849534],[0.7020140402807726,46.90270036196722],[0.7164143282865325,46.899315210904206],[0.7308146162922924,46.87561915346305],[0.7668153363067063,46.85192309602189],[0.795615912318226,46.85192309602189],[0.7884157683153319,46.83499734070679],[0.8100162003239859,46.82822703858076],[0.8100162003239859,46.79099037688752],[0.8244164883297458,46.777449772635435],[0.8604172083441597,46.760524017320336],[0.8676173523470254,46.74698341306825],[0.910818216364305,46.72667250669011],[0.910818216364305,46.70974675137501],[0.9252185043700649,46.69282099605991],[0.9036180723614393,46.682665542870836],[0.9036180723614393,46.66573978755574],[0.9180183603671992,46.65219918330365],[0.8964179283585452,46.63527342798855],[0.8964179283585452,46.621732823736465],[0.910818216364305,46.61496252161041],[0.9180183603671992,46.594651615232294],[0.9396187923758248,46.594651615232294],[0.9396187923758248,46.58111101098021],[0.9828196563931044,46.56757040672812],[1.0116202324046242,46.56757040672812],[1.026020520410384,46.55064465141302],[1.0188203764075183,46.53710404716094],[1.0764215284305578,46.533718896097895],[1.0980219604391834,46.53710404716094],[1.1196223924478375,46.526948593971866],[1.1484229684593572,46.50325253653071],[1.1340226804535973,46.49648223440468],[1.155623112462223,46.46940102590051],[1.1484229684593572,46.44909011952237],[1.1844236884737427,46.44231981739634],[1.1844236884737427,46.42877921314425],[1.1988239764795026,46.41862375995518],[1.1988239764795026,46.40169800464008],[1.177223544470877,46.38477224932498],[1.1916238324766368,46.378001947198925],[1.2132242644852624,46.388157400387996],[1.2132242644852624,46.367846494009854],[1.2420248404967822,46.367846494009854],[1.2492249844996763,46.378001947198925],[1.278025560511196,46.378001947198925],[1.2852257045140618,46.371231645072896],[1.3140262805255816,46.371231645072896],[1.3212264245284757,46.39154255145101],[1.3572271445428612,46.40169800464008],[1.386027720554381,46.37461679613591],[1.407628152563035,46.36446134294684],[1.407628152563035,46.350920738694754],[1.4364287285745547,46.35430588975777],[1.4436288725774205,46.37461679613591],[1.4652293045860745,46.37461679613591],[1.4796295925918344,46.394927702514025],[1.4940298805975942,46.39831285357707],[1.508430168603354,46.422008911018196],[1.5372307446148739,46.42539406208124],[1.5444308886177396,46.41862375995518],[1.5444308886177396,46.394927702514025],[1.5660313206263936,46.405083155703096],[1.5948318966379134,46.40846830676611],[1.616432328646539,46.422008911018196],[1.616432328646539,46.39831285357707],[1.6236324726494331,46.388157400387996],[1.6452329046580587,46.39154255145101],[1.6812336246724726,46.41523860889217],[1.7244344886897522,46.39154255145101],[1.7604352087041661,46.42539406208124],[1.753235064701272,46.45247527058538],[1.7964359287185516,46.455860421648424],[1.8180363607272056,46.42877921314425],[1.8828376567531109,46.43216436420727],[1.904438088761765,46.438934666333324],[1.9332386647732847,46.43216436420727],[1.9548390967819103,46.438934666333324],[1.98363967279343,46.438934666333324],[1.9980399607991899,46.42877921314425],[2.0268405368107096,46.42877921314425],[2.0628412568251235,46.422008911018196],[2.0772415448308834,46.41185345782915],[2.106042120842403,46.40846830676611],[2.113242264845269,46.422008911018196],[2.1852437048740683,46.422008911018196],[2.1924438488769624,46.42539406208124],[2.2572451449028677,46.42539406208124],[2.2788455769115217,46.422008911018196],[2.2788455769115217,46.405083155703096],[2.2932458649172816,46.38477224932498],[2.336446728934561,46.36446134294684],[2.3076461529230414,46.350920738694754],[2.3076461529230414,46.34076528550568],[2.329246584931667,46.3272246812536],[2.365247304946081,46.32045437912757],[2.3940478809576007,46.33060983231664],[2.4228484569691204,46.3102989259385],[2.430048600971986,46.2933731706234],[2.45164903298064,46.2933731706234],[2.48044960899216,46.27983256637131],[2.48044960899216,46.256136508930155],[2.5164503290065454,46.239210753615055],[2.5164503290065454,46.2155146961739],[2.5236504730094396,46.18843348766973],[2.545250905018065,46.17489288341764],[2.5596511930238535,46.17489288341764],[2.5596511930238535,46.134271070661384],[2.5596511930238535,46.13088591959837],[2.5524510490209593,46.127500768535356],[2.5524510490209593,46.07333835152701],[2.566851337026719,46.06318289833794],[2.5740514810296133,46.04625714302284],[2.602852057041133,46.03271653877076],[2.595651913038239,46.01579078345566],[2.595651913038239,45.98532442388847],[2.610052201043999,45.978554121762414],[2.610052201043999,45.96501351751033],[2.566851337026719,45.9582432153843],[2.545250905018065,45.92439170475407],[2.5524510490209593,45.90746594943897],[2.5308506170123053,45.90069564731294],[2.5092501850036797,45.883769891997815],[2.49484989699792,45.8634589856197],[2.444448888977746,45.866844136682715],[2.430048600971986,45.83637777711553],[2.4012480249604664,45.839762928178544],[2.3940478809576007,45.822837172863444],[2.430048600971986,45.79575596435927],[2.430048600971986,45.772059906918116],[2.444448888977746,45.75851930266603],[2.4660493209864,45.75851930266603],[2.4876497529950257,45.74836384947696],[2.5020500410007855,45.72466779203583],[2.5236504730094396,45.711127187783745],[2.5236504730094396,45.67727567715352],[2.5164503290065454,45.64680931758633],[2.48044960899216,45.6400390154603],[2.48044960899216,45.60957265589309],[2.458849176983506,45.596032051641004],[2.4876497529950257,45.562180541010804],[2.5164503290065454,45.555410238884775],[2.5164503290065454,45.51817357719153],[2.5092501850036797,45.511403275065476],[2.5092501850036797,45.46401116018319],[2.49484989699792,45.44708540486809],[2.49484989699792,45.423389347426934],[2.5092501850036797,45.406463592111834],[2.5236504730094396,45.40307844104879],[2.5236504730094396,45.38615268573369],[2.4876497529950257,45.37938238360766],[2.444448888977746,45.38276753467068],[2.4228484569691204,45.39630813892276],[2.3940478809576007,45.39969328998578],[2.3940478809576007,45.40984874317485],[2.358047160943187,45.41661904530088],[2.350847016940321,45.406463592111834],[2.365247304946081,45.39630813892276],[2.365247304946081,45.35230117510349],[2.358047160943187,45.33199026872535],[2.314846296925907,45.321834815536306],[2.2932458649172816,45.28798330490608],[2.264445288905762,45.28798330490608],[2.2572451449028677,45.267672398527964],[2.2428448568971078,45.267672398527964],[2.2428448568971078,45.24736149214982],[2.1924438488769624,45.21350998151962],[2.199643992879828,45.17965847088939],[2.228444568891348,45.16950301770035],[2.228444568891348,45.15934756451128],[2.1780435608712025,45.12549605388105],[2.1780435608712025,45.09164454325085],[2.1708434168683084,45.084874241124794],[2.1420428408567886,45.084874241124794],[2.098841976839509,45.061178183683666],[2.098841976839509,45.04763757943158],[2.113242264845269,45.04086727730552],[2.113242264845269,45.02055637092741],[2.1420428408567886,45.00701576667532],[2.134842696853923,44.98670486029718],[2.084441688833749,44.983319709234166],[2.0628412568251235,44.97654940710814],[2.0556411128222294,44.97654940710814],[2.034040680813604,44.983319709234166],[2.019640392807844,44.97654940710814],[1.9908398167963242,44.97654940710814],[1.9548390967819103,44.95285334966698],[1.9404388087761504,44.95285334966698],[1.9404388087761504,44.973164256045095],[1.9116382327646306,44.97993455817115],[1.8972379447588708,44.96639395391907],[1.8540370807415911,44.946083047540924],[1.8324366487329655,44.946083047540924],[1.8324366487329655,44.93254244328884],[1.8036360727214458,44.92577214116281],[1.774835496709926,44.92577214116281],[1.753235064701272,44.939312745414895],[1.753235064701272,44.956238500729995],[1.7316346326926464,44.95962365179301],[1.7028340566811266,44.99009001136022],[1.6668333366667127,45.00701576667532],[1.6668333366667127,45.01040091773834],[1.6308326166522988,45.034096975179494],[1.5876317526350192,45.034096975179494],[1.5732314646292593,45.04086727730552],[1.5588311766234995,45.03071182411648],[1.5444308886177396,45.04086727730552],[1.522830456609114,45.04425242836854],[1.4796295925918344,45.03071182411648],[1.4796295925918344,45.017171219864395],[1.4436288725774205,45.017171219864395],[1.4148282965659007,45.00363061561231],[1.4148282965659007,44.96977910498208],[1.4220284405687948,44.95285334966698],[1.4364287285745547,44.946083047540924],[1.4364287285745547,44.91900183903675],[1.4220284405687948,44.91900183903675],[1.4220284405687948,44.895305781595624],[1.4436288725774205,44.88515032840655],[1.4364287285745547,44.87160972415447],[1.4148282965659007,44.87160972415447],[1.4004280085601408,44.84791366671331],[1.3788275765515152,44.84114336458728],[1.3644272885457553,44.844528515650296],[1.3644272885457553,44.810677005020096],[1.3284265685313414,44.807291853957054],[1.2996259925198217,44.79375124970497],[1.2996259925198217,44.773440343326854],[1.3212264245284757,44.7666700412008],[1.3140262805255816,44.739588832696626],[1.2996259925198217,44.72604822844454],[1.2636252725054362,44.70912247312944],[1.2420248404967822,44.705737322066426],[1.2420248404967822,44.69219671781434],[1.2204244084881566,44.68204126462527],[1.177223544470877,44.68204126462527],[1.1484229684593572,44.671885811436226],[1.1484229684593572,44.64141945186901],[1.1340226804535973,44.617723394427884],[1.1124222484449433,44.60756794123881],[1.1052221044420776,44.57033127954557],[1.0764215284305578,44.573716430608584],[1.062021240424798,44.56356097741954],[1.0332206644132782,44.556790675293485],[1.0188203764075183,44.54663522210441],[0.9972199443988643,44.54663522210441],[0.9900198003959986,44.52970946678931],[1.0188203764075183,44.506013409348185],[1.0116202324046242,44.478932200844014],[1.026020520410384,44.46877674765494],[1.026020520410384,44.45185099233984],[1.040420808416144,44.434925237024714],[1.062021240424798,44.42138463277263],[1.062021240424798,44.367222215764286],[0.9540190803815847,44.36045191363826],[0.9180183603671992,44.384147971079415],[0.8964179283585452,44.38076282001637],[0.8892177843556794,44.37060736682733],[0.8964179283585452,44.34352615832316],[0.8748174963499196,44.32660040300806],[0.8748174963499196,44.31305979875597],[0.8892177843556794,44.29951919450389],[0.9180183603671992,44.296134043440844],[0.9396187923758248,44.28259343918876],[0.9252185043700649,44.21827556899137],[0.9036180723614393,44.1911943604872],[0.8604172083441597,44.19457951155022],[0.8532170643412655,44.174268605172074],[0.8892177843556794,44.17088345410906],[0.8892177843556794,44.14380224560489],[0.8748174963499196,44.12687649028979],[0.8244164883297458,44.14380224560489],[0.795615912318226,44.14718739666793],[0.795615912318226,44.1133358860377],[0.7668153363067063,44.1133358860377],[0.7452149042980523,44.0964101307226],[0.7380147602951865,44.062558620092375],[0.7092141842836668,44.05917346902936],[0.680413608272147,44.04224771371426],[0.680413608272147,44.02532195839916],[0.658813176263493,44.02532195839916],[0.6516130322606273,44.045632864777275],[0.6300126002519733,44.04901801584029],[0.6300126002519733,44.062558620092375],[0.5940118802375878,44.0794843754075],[0.5724114482289338,44.07609922434446],[0.5724114482289338,44.062558620092375],[0.5580111602231739,44.055788317966346],[0.45720914418285474,44.055788317966346],[0.44280885617709487,44.028707109462175],[0.4140082801655751,44.028707109462175],[0.38520770415405536,44.00839620308403],[0.3492069841396699,44.01516650521009],[0.32040640812815013,44.00839620308403],[0.32040640812815013,43.99485559883195],[0.28440568811373623,43.99485559883195],[0.27000540010797636,44.00501105202102],[0.2412048240964566,44.00501105202102],[0.23400468009359088,44.02193680733612],[0.20520410408207113,44.02193680733612],[0.1620032400647915,43.99485559883195],[0.1620032400647915,43.97454469245383],[0.14040280805613747,43.97454469245383],[0.14040280805613747,43.99824074989499],[0.1260025200503776,44.001625900958004],[0.11160223204461772,43.984700145642904],[0.08280165603309797,43.984700145642904],[0.05400108002157822,43.96100408820175],[0.06120122402447237,43.94069318182363],[0.07560151203023224,43.92715257757155],[0.07560151203023224,43.91022682225642],[0.06120122402447237,43.900071369067376],[0.032400648012952615,43.900071369067376],[-0.0036000720014612853,43.923767426508505],[-0.010800216004327012,43.94069318182363],[0.0036000720014328635,43.94407833288665],[-0.0036000720014612853,43.96100408820175],[-0.039600792015875186,43.984700145642904],[-0.039600792015875186,43.967774390327804],[-0.06120122402450079,43.96100408820175],[-0.06840136802739494,43.94407833288665],[-0.09720194403891469,43.94746348394966],[-0.11880237604754029,43.94069318182363],[-0.18360367207347394,43.93053772863456],[-0.20520410408209955,43.91361197331946],[-0.2340046800936193,43.906841671193405],[-0.22680453609075357,43.889915915878305],[-0.19800396007923382,43.88653076481529],[-0.19080381607633967,43.86960500950016],[-0.20520410408209955,43.85267925418506],[-0.19080381607633967,43.84252380099599],[-0.19800396007923382,43.81882774355486],[-0.22680453609075357,43.80867229036579],[-0.2124042480849937,43.78159108186162],[-0.2124042480849937,43.761280175483506],[-0.19800396007923382,43.74773957123142],[-0.19800396007923382,43.734198966979335],[-0.22680453609075357,43.71727321166421],[-0.24840496809937918,43.71050290953818],[-0.24120482409651345,43.68680685209702],[-0.24120482409651345,43.65295534146682],[-0.26280525610513905,43.65295534146682],[-0.2772055441108989,43.639414737214736],[-0.2844056881137931,43.639414737214736],[-0.2772055441108989,43.61571867977358],[-0.24840496809937918,43.61571867977358],[-0.24840496809937918,43.58863747126941],[-0.16920338406771407,43.59202262233242],[-0.14040280805619432,43.58186716914338],[-0.09720194403891469,43.58186716914338],[-0.09000180003602054,43.551400809576165],[-0.06840136802739494,43.54801565851315],[-0.04680093601874091,43.53108990319805],[-0.04680093601874091,43.490468090441794],[-0.03240064801298104,43.473542335126695],[-0.06120122402450079,43.46000173087461],[-0.06840136802739494,43.42953537130742],[-0.05400108002163506,43.412609615992295],[-0.039600792015875186,43.40922446492928],[-0.03240064801298104,43.43292052237044],[-0.0036000720014612853,43.44307597555951],[-0.0036000720014612853,43.42953537130742],[0.01080021600429859,43.42276506918137],[-0.0036000720014612853,43.40583931386627],[-0.0036000720014612853,43.37198780323604],[0.025200504010058467,43.34829174579491],[0.01080021600429859,43.32798083941677],[-0.01800036000722116,43.33136599047978],[-0.04680093601874091,43.30428478197561],[-0.04680093601874091,43.283973875597496],[-0.025200504010086888,43.28058872453448],[-0.025200504010086888,43.2501223649673],[-0.07560151203026066,43.21627085433707],[-0.06840136802739494,43.206115401148],[-0.06840136802739494,43.17564904158081],[-0.11880237604754029,43.179034192643826],[-0.12600252005043444,43.15872328626571],[-0.14040280805619432,43.14856783307664],[-0.14040280805619432,43.135027228824555],[-0.1548030960619542,43.12148662457247],[-0.19080381607633967,43.11471632244644],[-0.19800396007923382,43.0944054160683],[-0.18360367207347394,43.084249962879255],[-0.19800396007923382,43.074094509690184],[-0.19800396007923382,43.0605539054381],[-0.18360367207347394,43.05378360331204],[-0.2124042480849937,43.040242999059956],[-0.2556051121022733,43.040242999059956],[-0.2556051121022733,43.01654694161883],[-0.2916058321166588,43.00300633736674],[-0.2916058321166588,42.95899937354744],[-0.2772055441108989,42.93868846716933],[-0.2916058321166588,42.92853301398026],[-0.3276065521310727,42.91499240972817],[-0.3132062641253128,42.89806665441307],[-0.3132062641253128,42.84728938846774],[-0.32040640812817855,42.8371339352787],[-0.3492069841396983,42.8371339352787],[-0.3636072721454582,42.81682302890056],[-0.3996079921598721,42.79989727358546],[-0.4212084241684977,42.80666757571149],[-0.4428088561771517,42.796512122522444],[-0.48600972019443134,42.81682302890056],[-0.5148102962059511,42.823593331026615],[-0.5220104402088168,42.796512122522444],[-0.5436108722174708,42.7931269714594],[-0.5508110162203366,42.779586367207315],[-0.5724114482289906,42.78297151827036],[-0.5652113042260964,42.80328242464847],[-0.6012120242405103,42.80328242464847],[-0.6012120242405103,42.83374878421566],[-0.622812456249136,42.8371339352787],[-0.6300126002520301,42.850674539530786],[-0.6516130322606557,42.857444841656815],[-0.6804136082721755,42.884526050160986],[-0.6948138962779353,42.88114089909797],[-0.7308146162923492,42.89468150335006],[-0.7308146162923492,42.94545876929536],[-0.7452149042981091,42.952229071421414],[-0.7524150483009748,42.96915482673651],[-0.7956159123182545,42.962384524610485],[-0.8100162003240143,42.952229071421414],[-0.8676173523470538,42.952229071421414],[-0.9108182163643619,42.962384524610485],[-0.9252185043701218,42.952229071421414],[-0.9468189363787474,42.952229071421414],[-0.9972199443989211,42.97253997779953],[-1.011620232404681,42.99285088417767],[-1.0692213844277205,42.996236035240685],[-1.105222104442106,43.01654694161883],[-1.1340226804536258,43.00977663949277],[-1.1484229684593856,43.02670239480787],[-1.1772235444709054,43.03347269693393],[-1.2276245524910792,43.05378360331204],[-1.2492249844997048,43.043628150123],[-1.2852257045141187,43.06393905650111],[-1.3068261365227443,43.06732420756413],[-1.3068261365227443,43.084249962879255],[-1.2924258485169844,43.10456086925737],[-1.3140262805256384,43.11471632244644],[-1.3428268565371582,43.09779056713134],[-1.3428268565371582,43.05039845224903],[-1.357227144542918,43.02670239480787],[-1.3860277205544378,43.03685784799694],[-1.4436288725774773,43.04701330118601],[-1.472429448588997,43.0774796607532],[-1.472429448588997,43.091020265005284],[-1.4148282965659575,43.128256926698526],[-1.4148282965659575,43.151952984139655],[-1.4004280085601977,43.15872328626571],[-1.4004280085601977,43.18241934370687],[-1.3860277205544378,43.1891896458329],[-1.3860277205544378,43.223041156463125],[-1.3788275765515436,43.24335206284124],[-1.3932278645573035,43.26366296921938],[-1.4148282965659575,43.273818422408425],[-1.4292285845717174,43.267048120282396],[-1.465229304586103,43.27043327134541],[-1.4796295925918628,43.283973875597496],[-1.5084301686033825,43.29412932878657],[-1.5588311766235563,43.290744177723525],[-1.5588311766235563,43.27043327134541],[-1.5732314646293162,43.25350751603031],[-1.6092321846437017,43.25350751603031],[-1.6236324726494615,43.26366296921938],[-1.6308326166523557,43.28058872453448],[-1.6236324726494615,43.30766993303865],[-1.6596331926638754,43.31444023516468],[-1.702834056681155,43.31105508410167],[-1.7244344886897807,43.300899630912596],[-1.7388347766955405,43.31105508410167],[-1.7388347766955405,43.33136599047978],[-1.7604352087041946,43.34490659473187],[-1.7892357847157143,43.351676896857924],[-1.7892357847157143,43.37537295429908],[-1.7748354967099544,43.37198780323604],[-1.7604352087041946,43.38214325642511],[-1.7316346326926748,43.38214325642511],[-1.7100342006840208,43.39229870961418],[-1.6668333366667412,43.39906901174021],[-1.6236324726494615,43.41599476705534],[-1.6236324726494615,43.42615022024438],[-1.602032040640836,43.42953537130742],[-1.5948318966379418,43.44984627768554],[-1.580431608632182,43.46000173087461],[-1.5732314646293162,43.48031263725272],[-1.5300306006120366,43.517549298945966],[-1.5156303126062767,43.54463050745014],[-1.472429448588997,43.595407773395465],[-1.4436288725774773,43.646185039340764],[-1.4436288725774773,43.690192003160035],[-1.4364287285745831,43.69357715422308],[-1.4364287285745831,43.72065836272725],[-1.4220284405688233,43.751124722294435],[-1.4220284405688233,43.77482077973559],[-1.4148282965659575,43.78159108186162],[-1.3932278645573035,43.845908952059034],[-1.3932278645573035,43.86621985843715],[-1.3788275765515436,43.889915915878305],[-1.3788275765515436,43.91361197331946],[-1.357227144542918,43.967774390327804],[-1.357227144542918,43.99147044776893],[-1.350027000540024,44.018551656273104],[-1.335626712534264,44.045632864777275],[-1.335626712534264,44.06932892221843],[-1.3284265685313983,44.09979528178562],[-1.3140262805256384,44.1302616413528],[-1.3068261365227443,44.157342849856974],[-1.3068261365227443,44.18780920942416],[-1.2996259925198785,44.1911943604872],[-1.2996259925198785,44.2250458711174],[-1.2924258485169844,44.23181617324346],[-1.2924258485169844,44.25889738174763],[-1.2852257045141187,44.26566768387366],[-1.2852257045141187,44.296134043440844],[-1.2780255605112245,44.29951919450389],[-1.2780255605112245,44.33337070513409],[-1.2708254165083588,44.34352615832316],[-1.2708254165083588,44.37399251789034],[-1.2636252725054646,44.38076282001637],[-1.2636252725054646,44.42138463277263],[-1.256425128502599,44.428154934898686],[-1.256425128502599,44.478932200844014],[-1.2492249844997048,44.48570250297004],[-1.2492249844997048,44.51955401360024],[-1.256425128502599,44.539864919978385],[-1.2276245524910792,44.573716430608584],[-1.2060241204824251,44.60756794123881],[-1.2060241204824251,44.64141945186901],[-1.1988239764795594,44.65834520718414],[-1.1772235444709054,44.66511550931017],[-1.14122282445652,44.65834520718414],[-1.14122282445652,44.651574905058084],[-1.0980219604392403,44.64141945186901],[-1.0548210964219606,44.64818975399507],[-1.0044200884017869,44.64818975399507],[-1.026020520410441,44.67527096249924],[-1.0548210964219606,44.688811566751326],[-1.0404208084162008,44.695581868877355],[-1.0548210964219606,44.70912247312944],[-1.105222104442106,44.74297398375967],[-1.1196223924478659,44.74297398375967],[-1.14122282445652,44.76328489013778],[-1.1700234004680397,44.77682549438987],[-1.1772235444709054,44.75312943694871],[-1.2060241204824251,44.7158927752555],[-1.2348246964939449,44.695581868877355],[-1.242024840496839,44.668500660373184],[-1.242024840496839,44.62449369655391],[-1.2636252725054646,44.62449369655391],[-1.2636252725054646,44.651574905058084],[-1.256425128502599,44.661730358247155],[-1.256425128502599,44.69896701994037],[-1.2492249844997048,44.712507624192455],[-1.2492249844997048,44.739588832696626],[-1.242024840496839,44.74635913482268],[-1.242024840496839,44.77682549438987],[-1.2348246964939449,44.783595796515925],[-1.2348246964939449,44.817447307146125],[-1.2276245524910792,44.82421760927218],[-1.2276245524910792,44.85468396883937],[-1.220424408488185,44.85806911990238],[-1.220424408488185,44.90546123478467],[-1.2132242644853193,44.912231536910724],[-1.2132242644853193,44.946083047540924],[-1.2060241204824251,44.956238500729995],[-1.2060241204824251,45.00363061561231],[-1.1988239764795594,45.00363061561231],[-1.1988239764795594,45.05779303262062],[-1.1916238324766653,45.06456333474668],[-1.1916238324766653,45.12211090281804],[-1.1844236884737995,45.12549605388105],[-1.1844236884737995,45.17627331982638],[-1.1772235444709054,45.183043621952436],[-1.1772235444709054,45.22028028364565],[-1.1700234004680397,45.23043573683472],[-1.1700234004680397,45.267672398527964],[-1.1628232564651455,45.27782785171701],[-1.1628232564651455,45.41661904530088],[-1.1484229684593856,45.440315102742034],[-1.1556231124622798,45.45385570699412],[-1.1556231124622798,45.484322066561305],[-1.14122282445652,45.494477519750376],[-1.14122282445652,45.50801812400246],[-1.0980219604392403,45.53848448356965],[-1.0980219604392403,45.55879538994779],[-1.0620212404248264,45.572335994199875],[-0.990019800396027,45.57572114526289],[-0.990019800396027,45.589261749514975],[-1.011620232404681,45.599417202704046],[-1.011620232404681,45.616342958019146],[-1.0548210964219606,45.61972810908216],[-1.0620212404248264,45.62988356227123],[-1.1196223924478659,45.650194468649346],[-1.1340226804536258,45.66034992183842],[-1.1988239764795594,45.6908162814056],[-1.2276245524910792,45.694201432468645],[-1.242024840496839,45.72128264097282],[-1.242024840496839,45.78221536010719],[-1.2060241204824251,45.79575596435927],[-1.1844236884737995,45.788985662233216],[-1.1700234004680397,45.79914111542229],[-1.1340226804536258,45.8025262664853],[-1.1340226804536258,45.81945202180043],[-1.1484229684593856,45.82622232392646],[-1.1700234004680397,45.849918381367615],[-1.1484229684593856,45.86007383455669],[-1.12682253645076,45.856688683493644],[-1.0980219604392403,45.87361443880877],[-1.0908218164363461,45.89392534518689],[-1.0764215284305862,45.90069564731294],[-1.0764215284305862,45.93793230900616],[-1.0692213844277205,45.94808776219523],[-1.0836216724334804,45.961628366447314],[-1.0836216724334804,45.98193927282543],[-1.0980219604392403,45.9920947260145],[-1.0548210964219606,45.99886502814056],[-1.0620212404248264,46.04964229408586],[-1.0908218164363461,46.0530274451489],[-1.0908218164363461,46.07672350259003],[-1.0980219604392403,46.09364925790513],[-1.1196223924478659,46.100419560031185],[-1.12682253645076,46.127500768535356],[-1.1700234004680397,46.14104137278744],[-1.1844236884737995,46.15119682597651],[-1.2060241204824251,46.144426523850456],[-1.2348246964939449,46.15119682597651],[-1.220424408488185,46.1647374302286],[-1.220424408488185,46.1816631855437],[-1.1988239764795594,46.19181863873277],[-1.1916238324766653,46.2155146961739],[-1.1484229684593856,46.23582560255204],[-1.14122282445652,46.25275135786714],[-1.1124222484450002,46.2595216599932],[-1.1196223924478659,46.2764474153083],[-1.1196223924478659,46.30352862381247],[-1.12682253645076,46.3102989259385]]]}},{"type":"Feature","properties":{"name":"Occitanie","code":"76","nom":"Occitanie"},"geometry":{"type":"Polygon","coordinates":[[[-0.2772055441108989,43.639414737214736],[-0.26280525610513905,43.65295534146682],[-0.24120482409651345,43.65295534146682],[-0.24120482409651345,43.68680685209702],[-0.24840496809937918,43.71050290953818],[-0.22680453609075357,43.71727321166421],[-0.19800396007923382,43.734198966979335],[-0.19800396007923382,43.74773957123142],[-0.2124042480849937,43.761280175483506],[-0.2124042480849937,43.78159108186162],[-0.22680453609075357,43.80867229036579],[-0.19800396007923382,43.81882774355486],[-0.19080381607633967,43.84252380099599],[-0.20520410408209955,43.85267925418506],[-0.19080381607633967,43.86960500950016],[-0.19800396007923382,43.88653076481529],[-0.22680453609075357,43.889915915878305],[-0.2340046800936193,43.906841671193405],[-0.20520410408209955,43.91361197331946],[-0.18360367207347394,43.93053772863456],[-0.11880237604754029,43.94069318182363],[-0.09720194403891469,43.94746348394966],[-0.06840136802739494,43.94407833288665],[-0.06120122402450079,43.96100408820175],[-0.039600792015875186,43.967774390327804],[-0.039600792015875186,43.984700145642904],[-0.0036000720014612853,43.96100408820175],[0.0036000720014328635,43.94407833288665],[-0.010800216004327012,43.94069318182363],[-0.0036000720014612853,43.923767426508505],[0.032400648012952615,43.900071369067376],[0.06120122402447237,43.900071369067376],[0.07560151203023224,43.91022682225642],[0.07560151203023224,43.92715257757155],[0.06120122402447237,43.94069318182363],[0.05400108002157822,43.96100408820175],[0.08280165603309797,43.984700145642904],[0.11160223204461772,43.984700145642904],[0.1260025200503776,44.001625900958004],[0.14040280805613747,43.99824074989499],[0.14040280805613747,43.97454469245383],[0.1620032400647915,43.97454469245383],[0.1620032400647915,43.99485559883195],[0.20520410408207113,44.02193680733612],[0.23400468009359088,44.02193680733612],[0.2412048240964566,44.00501105202102],[0.27000540010797636,44.00501105202102],[0.28440568811373623,43.99485559883195],[0.32040640812815013,43.99485559883195],[0.32040640812815013,44.00839620308403],[0.3492069841396699,44.01516650521009],[0.38520770415405536,44.00839620308403],[0.4140082801655751,44.028707109462175],[0.44280885617709487,44.028707109462175],[0.45720914418285474,44.055788317966346],[0.5580111602231739,44.055788317966346],[0.5724114482289338,44.062558620092375],[0.5724114482289338,44.07609922434446],[0.5940118802375878,44.0794843754075],[0.6300126002519733,44.062558620092375],[0.6300126002519733,44.04901801584029],[0.6516130322606273,44.045632864777275],[0.658813176263493,44.02532195839916],[0.680413608272147,44.02532195839916],[0.680413608272147,44.04224771371426],[0.7092141842836668,44.05917346902936],[0.7380147602951865,44.062558620092375],[0.7452149042980523,44.0964101307226],[0.7668153363067063,44.1133358860377],[0.795615912318226,44.1133358860377],[0.795615912318226,44.14718739666793],[0.8244164883297458,44.14380224560489],[0.8748174963499196,44.12687649028979],[0.8892177843556794,44.14380224560489],[0.8892177843556794,44.17088345410906],[0.8532170643412655,44.174268605172074],[0.8604172083441597,44.19457951155022],[0.9036180723614393,44.1911943604872],[0.9252185043700649,44.21827556899137],[0.9396187923758248,44.28259343918876],[0.9180183603671992,44.296134043440844],[0.8892177843556794,44.29951919450389],[0.8748174963499196,44.31305979875597],[0.8748174963499196,44.32660040300806],[0.8964179283585452,44.34352615832316],[0.8892177843556794,44.37060736682733],[0.8964179283585452,44.38076282001637],[0.9180183603671992,44.384147971079415],[0.9540190803815847,44.36045191363826],[1.062021240424798,44.367222215764286],[1.062021240424798,44.42138463277263],[1.040420808416144,44.434925237024714],[1.026020520410384,44.45185099233984],[1.026020520410384,44.46877674765494],[1.0116202324046242,44.478932200844014],[1.0188203764075183,44.506013409348185],[0.9900198003959986,44.52970946678931],[0.9972199443988643,44.54663522210441],[1.0188203764075183,44.54663522210441],[1.0332206644132782,44.556790675293485],[1.062021240424798,44.56356097741954],[1.0764215284305578,44.573716430608584],[1.1052221044420776,44.57033127954557],[1.1124222484449433,44.60756794123881],[1.1340226804535973,44.617723394427884],[1.1484229684593572,44.64141945186901],[1.1484229684593572,44.671885811436226],[1.177223544470877,44.68204126462527],[1.2204244084881566,44.68204126462527],[1.2420248404967822,44.69219671781434],[1.2420248404967822,44.705737322066426],[1.2636252725054362,44.70912247312944],[1.2996259925198217,44.72604822844454],[1.3140262805255816,44.739588832696626],[1.3212264245284757,44.7666700412008],[1.2996259925198217,44.773440343326854],[1.2996259925198217,44.79375124970497],[1.3284265685313414,44.807291853957054],[1.3644272885457553,44.810677005020096],[1.3644272885457553,44.844528515650296],[1.3788275765515152,44.84114336458728],[1.4004280085601408,44.84791366671331],[1.4148282965659007,44.87160972415447],[1.4364287285745547,44.87160972415447],[1.4436288725774205,44.88515032840655],[1.4220284405687948,44.895305781595624],[1.4220284405687948,44.91900183903675],[1.4364287285745547,44.91900183903675],[1.4364287285745547,44.946083047540924],[1.4220284405687948,44.95285334966698],[1.4148282965659007,44.96977910498208],[1.4148282965659007,45.00363061561231],[1.4436288725774205,45.017171219864395],[1.4796295925918344,45.017171219864395],[1.4796295925918344,45.03071182411648],[1.522830456609114,45.04425242836854],[1.5444308886177396,45.04086727730552],[1.5588311766234995,45.03071182411648],[1.5732314646292593,45.04086727730552],[1.5876317526350192,45.034096975179494],[1.6308326166522988,45.034096975179494],[1.6668333366667127,45.01040091773834],[1.6668333366667127,45.00701576667532],[1.7028340566811266,44.99009001136022],[1.7316346326926464,44.95962365179301],[1.753235064701272,44.956238500729995],[1.753235064701272,44.939312745414895],[1.774835496709926,44.92577214116281],[1.8036360727214458,44.92577214116281],[1.8324366487329655,44.93254244328884],[1.8324366487329655,44.946083047540924],[1.8540370807415911,44.946083047540924],[1.8972379447588708,44.96639395391907],[1.9116382327646306,44.97993455817115],[1.9404388087761504,44.973164256045095],[1.9404388087761504,44.95285334966698],[1.9548390967819103,44.95285334966698],[1.9908398167963242,44.97654940710814],[2.019640392807844,44.97654940710814],[2.034040680813604,44.983319709234166],[2.0556411128222294,44.97654940710814],[2.0628412568251235,44.97654940710814],[2.0772415448308834,44.95962365179301],[2.0772415448308834,44.93254244328884],[2.106042120842403,44.91561668797374],[2.084441688833749,44.90546123478467],[2.0916418328366433,44.87160972415447],[2.1276425528510288,44.844528515650296],[2.134842696853923,44.827602760335196],[2.1636432728654427,44.81406215608311],[2.1708434168683084,44.77682549438987],[2.149242984859683,44.77005519226384],[2.149242984859683,44.71927792631851],[2.134842696853923,44.7158927752555],[2.134842696853923,44.69219671781434],[2.1564431288625485,44.69896701994037],[2.1780435608712025,44.671885811436226],[2.1708434168683084,44.65834520718414],[2.1780435608712025,44.634649149742984],[2.214044280885588,44.617723394427884],[2.214044280885588,44.651574905058084],[2.250045000900002,44.651574905058084],[2.2788455769115217,44.66511550931017],[2.336446728934561,44.66511550931017],[2.336446728934561,44.651574905058084],[2.350847016940321,44.64141945186901],[2.3868477369547065,44.644804602932055],[2.458849176983506,44.644804602932055],[2.4876497529950257,44.651574905058084],[2.4876497529950257,44.671885811436226],[2.5164503290065454,44.69219671781434],[2.5236504730094396,44.705737322066426],[2.5524510490209593,44.7158927752555],[2.5524510490209593,44.756514588011754],[2.5596511930238535,44.77682549438987],[2.602852057041133,44.79375124970497],[2.610052201043999,44.82421760927218],[2.602852057041133,44.844528515650296],[2.631652633052653,44.87160972415447],[2.6604532090641726,44.87499487521748],[2.6604532090641726,44.88853547946957],[2.6748534970699325,44.90546123478467],[2.7036540730814522,44.90546123478467],[2.710854217084318,44.922386990099795],[2.7540550811015976,44.93254244328884],[2.7756555131102516,44.91561668797374],[2.7756555131102516,44.878380026280496],[2.7684553691073575,44.85468396883937],[2.797255945118877,44.86822457309145],[2.8548570971419167,44.87160972415447],[2.8548570971419167,44.84791366671331],[2.8692573851476766,44.834373062461225],[2.8692573851476766,44.817447307146125],[2.8908578171563306,44.78698094757894],[2.9196583931678504,44.79375124970497],[2.9340586811736102,44.783595796515925],[2.9340586811736102,44.739588832696626],[2.926858537170716,44.7158927752555],[2.941258825176476,44.678656113562255],[2.9700594011879957,44.644804602932055],[2.9988599771995155,44.668500660373184],[2.9988599771995155,44.68542641568828],[3.0132602652052753,44.69896701994037],[3.0132602652052753,44.7158927752555],[3.027660553211035,44.72943337950758],[3.0348606972139294,44.756514588011754],[3.0492609852196892,44.75989973907477],[3.0492609852196892,44.807291853957054],[3.063661273225449,44.81406215608311],[3.078061561231209,44.834373062461225],[3.0996619932398346,44.834373062461225],[3.1068621372427287,44.861454270965396],[3.1068621372427287,44.88853547946957],[3.1428628572571142,44.90207608372165],[3.1644632892657683,44.87499487521748],[3.193263865277288,44.861454270965396],[3.2364647292945676,44.88853547946957],[3.2292645852916735,44.912231536910724],[3.2580651613031932,44.93254244328884],[3.286865737314713,44.92577214116281],[3.301266025320473,44.939312745414895],[3.3372667453348868,44.956238500729995],[3.3588671773435124,44.95962365179301],[3.3804676093521664,44.95285334966698],[3.409268185363686,44.95285334966698],[3.4164683293665803,44.93254244328884],[3.4164683293665803,44.90207608372165],[3.438068761375206,44.88176517734354],[3.438068761375206,44.861454270965396],[3.45966919338386,44.84114336458728],[3.47406948138962,44.81406215608311],[3.4884697693953797,44.807291853957054],[3.5028700574011395,44.82421760927218],[3.546070921418419,44.827602760335196],[3.574871497429939,44.834373062461225],[3.5964719294385645,44.85129881777635],[3.5964719294385645,44.878380026280496],[3.6252725054500843,44.87499487521748],[3.6468729374587383,44.878380026280496],[3.661273225464498,44.87160972415447],[3.668473369467364,44.84114336458728],[3.661273225464498,44.83098791139821],[3.7188743774875377,44.83098791139821],[3.7404748094961633,44.834373062461225],[3.7620752415048173,44.817447307146125],[3.7620752415048173,44.800521551831025],[3.819676393527857,44.773440343326854],[3.8412768255364824,44.773440343326854],[3.8340766815336167,44.74635913482268],[3.8628772575451364,44.74635913482268],[3.8772775455508963,44.739588832696626],[3.8628772575451364,44.72604822844454],[3.8628772575451364,44.70912247312944],[3.8772775455508963,44.695581868877355],[3.8772775455508963,44.66511550931017],[3.891677833556656,44.65834520718414],[3.891677833556656,44.61433824336484],[3.906078121562416,44.61433824336484],[3.906078121562416,44.59402733698673],[3.920478409568176,44.58725703486067],[3.920478409568176,44.573716430608584],[3.9492789855796957,44.573716430608584],[3.9636792735854556,44.55340552423047],[3.9636792735854556,44.53647976891537],[3.985279705594081,44.51278371147421],[3.985279705594081,44.47216189871796],[3.999679993599841,44.45862129446587],[4.042880857617121,44.445080690213786],[4.042880857617121,44.42476978383567],[4.07168143362864,44.40445887745753],[4.064481289625775,44.39430342426846],[4.042880857617121,44.39430342426846],[4.057281145622881,44.367222215764286],[4.050081001620015,44.31644494981899],[4.07168143362864,44.32660040300806],[4.122082441648814,44.3367558561971],[4.14368287365744,44.32660040300806],[4.14368287365744,44.31305979875597],[4.179683593671854,44.31644494981899],[4.179683593671854,44.3029043455669],[4.215684313686239,44.289363741314816],[4.258885177703519,44.26566768387366],[4.287685753715067,44.2859785902518],[4.287685753715067,44.31644494981899],[4.309286185723693,44.31644494981899],[4.338086761735212,44.340141007260115],[4.374087481749626,44.340141007260115],[4.388487769755386,44.34691130938617],[4.402888057761146,44.3367558561971],[4.395687913758252,44.289363741314816],[4.446088921778426,44.2859785902518],[4.453289065781291,44.340141007260115],[4.510890217804331,44.3367558561971],[4.546890937818745,44.319830100882],[4.5540910818216105,44.3029043455669],[4.633292665853304,44.2859785902518],[4.647692953859064,44.26905283493667],[4.647692953859064,44.262282532810644],[4.676493529870584,44.23858647536949],[4.683693673873449,44.211505266865316],[4.705294105882103,44.21489041792833],[4.705294105882103,44.1911943604872],[4.719694393887863,44.18780920942416],[4.719694393887863,44.140417094541874],[4.705294105882103,44.10318043284863],[4.719694393887863,44.09302497965959],[4.719694393887863,44.0794843754075],[4.755695113902249,44.089639828596546],[4.762895257905143,44.07609922434446],[4.7844956899137685,44.06932892221843],[4.7844956899137685,44.055788317966346],[4.820496409928182,44.028707109462175],[4.820496409928182,44.01516650521009],[4.842096841936808,44.011781354147075],[4.842096841936808,43.98808529670592],[4.813296265925288,43.98808529670592],[4.813296265925288,43.96100408820175],[4.791695833916663,43.95423378607572],[4.770095401908009,43.933922879697576],[4.741294825896489,43.93053772863456],[4.726894537890729,43.906841671193405],[4.712494249884969,43.90345652013039],[4.698093961879209,43.88653076481529],[4.65489309786193,43.87637531162622],[4.64049280985617,43.862834707374134],[4.662093241864824,43.85267925418506],[4.64049280985617,43.828983196743906],[4.65489309786193,43.81882774355486],[4.65489309786193,43.784976232924635],[4.62609252185041,43.761280175483506],[4.62609252185041,43.74435442016838],[4.61169223384465,43.73081381591629],[4.61169223384465,43.71050290953818],[4.62609252185041,43.70034745634911],[4.62609252185041,43.68680685209702],[4.590091801836024,43.68680685209702],[4.58289165783313,43.69696230528609],[4.561291225824505,43.69696230528609],[4.532490649812985,43.707117758475164],[4.503690073801465,43.70373260741212],[4.474889497789945,43.690192003160035],[4.474889497789945,43.66988109678192],[4.446088921778426,43.65972564359285],[4.424488489769772,43.61910383083659],[4.446088921778426,43.60894837764755],[4.4604892097841855,43.61571867977358],[4.474889497789945,43.60217807552149],[4.446088921778426,43.58186716914338],[4.424488489769772,43.58525232020639],[4.417288345766906,43.56494141382825],[4.395687913758252,43.56155626276524],[4.352487049740972,43.54124535638712],[4.330886617732347,43.53786020532408],[4.3236864737294525,43.524319601071994],[4.273285465709307,43.507393845756894],[4.237284745694893,43.500623543630866],[4.230084601691999,43.46000173087461],[4.17248344966896,43.47015718406365],[4.12928258565168,43.48708293937878],[4.11488229764592,43.50400869469388],[4.136482729654574,43.53786020532408],[4.107682153643054,43.55478596063921],[4.042880857617121,43.55817111170222],[3.9780795615912155,43.54463050745014],[3.884477689553762,43.507393845756894],[3.8484769695393766,43.48708293937878],[3.8268765375307225,43.47015718406365],[3.798075961519203,43.439690824496466],[3.7260745214904034,43.41599476705534],[3.7260745214904034,43.40245416280325],[3.690073801476018,43.39229870961418],[3.661273225464498,43.39229870961418],[3.6252725054500843,43.37537295429908],[3.5820716414328047,43.334751141542824],[3.553271065421285,43.317825386227696],[3.553271065421285,43.31105508410167],[3.5172703454068994,43.28058872453448],[3.4812696253924855,43.273818422408425],[3.43086861737234,43.290744177723525],[3.3948678973579263,43.28735902666051],[3.3516670333406466,43.273818422408425],[3.286865737314713,43.24335206284124],[3.207664153283048,43.19257479689591],[3.1284625692513544,43.118101473509455],[3.1284625692513544,43.1113311713834],[3.0996619932398346,43.08086481181621],[3.0852617052340747,43.05039845224903],[3.063661273225449,43.023317243744856],[3.063661273225449,43.006391488429756],[3.0492609852196892,42.989465733114656],[3.042060841216795,42.962384524610485],[3.042060841216795,42.92853301398026],[3.056461129222555,42.92176271185423],[3.056461129222555,42.89468150335006],[3.0492609852196892,42.884526050160986],[3.0492609852196892,42.857444841656815],[3.042060841216795,42.850674539530786],[3.042060841216795,42.711883345946916],[3.0348606972139294,42.70511304382086],[3.0348606972139294,42.623869418308345],[3.042060841216795,42.62048426724533],[3.042060841216795,42.59340305874116],[3.0492609852196892,42.590017907678146],[3.0492609852196892,42.54262579279583],[3.056461129222555,42.5358554906698],[3.0852617052340747,42.53247033960679],[3.1356627132542485,42.51554458429166],[3.1284625692513544,42.50538913110262],[3.1356627132542485,42.49184852685053],[3.1284625692513544,42.48169307366146],[3.157263145262874,42.47830792259845],[3.157263145262874,42.457997016220304],[3.171663433268634,42.43430095877915],[3.1212624252484886,42.43430095877915],[3.0996619932398346,42.424145505590104],[3.056461129222555,42.44445641196822],[3.027660553211035,42.474922771535404],[3.0132602652052753,42.468152469409375],[2.9916598331966497,42.474922771535404],[2.9700594011879957,42.46476731834636],[2.96285925718513,42.474922771535404],[2.941258825176476,42.47830792259845],[2.926858537170716,42.47153762047239],[2.926858537170716,42.457997016220304],[2.8980579611591963,42.457997016220304],[2.8692573851476766,42.468152469409375],[2.862057241144811,42.45461186515729],[2.840456809136157,42.457997016220304],[2.833256665133291,42.44445641196822],[2.811656233124637,42.43768610984219],[2.797255945118877,42.41737520346405],[2.7684553691073575,42.41737520346405],[2.7612552251044917,42.424145505590104],[2.725254505090078,42.424145505590104],[2.696453929078558,42.41060490133802],[2.6748534970699325,42.407219750274976],[2.6748534970699325,42.38690884389686],[2.6604532090641726,42.376753390707805],[2.6748534970699325,42.35982763539269],[2.6748534970699325,42.34290188007759],[2.6604532090641726,42.33951672901456],[2.610052201043999,42.346287031140605],[2.588451769035373,42.356442484329676],[2.5596511930238535,42.356442484329676],[2.545250905018065,42.33274642688852],[2.5236504730094396,42.33274642688852],[2.5020500410007855,42.34290188007759],[2.4876497529950257,42.33951672901456],[2.473249464989266,42.356442484329676],[2.4372487449748803,42.373368239644776],[2.430048600971986,42.39367914602292],[2.3940478809576007,42.39367914602292],[2.343646872937427,42.407219750274976],[2.314846296925907,42.42753065665312],[2.2860457209143874,42.424145505590104],[2.264445288905762,42.43768610984219],[2.2428448568971078,42.42753065665312],[2.214044280885588,42.424145505590104],[2.2068441368827223,42.41737520346405],[2.149242984859683,42.42076035452706],[2.1276425528510288,42.41060490133802],[2.106042120842403,42.38013854177082],[2.0484409688193637,42.356442484329676],[2.019640392807844,42.356442484329676],[1.98363967279343,42.36321278645572],[1.9620392407848044,42.38013854177082],[1.9620392407848044,42.40383459921196],[1.9548390967819103,42.42753065665312],[1.9404388087761504,42.42753065665312],[1.9404388087761504,42.45461186515729],[1.9188383767675248,42.44784156303123],[1.8828376567531109,42.44784156303123],[1.8828376567531109,42.46138216728332],[1.8468369367387254,42.47830792259845],[1.8108362167243115,42.48846337578749],[1.7820356407127917,42.485078224724475],[1.7604352087041661,42.48846337578749],[1.7244344886897522,42.502003980039575],[1.7316346326926464,42.5189297353547],[1.7316346326926464,42.54262579279583],[1.7460349206984063,42.562936699173974],[1.7820356407127917,42.5697070013],[1.774835496709926,42.579862454489074],[1.7460349206984063,42.58324760555209],[1.7244344886897522,42.60017336086719],[1.7172343446868865,42.613713965119274],[1.6956339126782325,42.623869418308345],[1.6596331926638186,42.62048426724533],[1.6524330486609529,42.62725456937136],[1.602032040640779,42.62725456937136],[1.5588311766234995,42.65433577787553],[1.522830456609114,42.65095062681252],[1.508430168603354,42.64418032468649],[1.4796295925918344,42.65095062681252],[1.4724294485889402,42.640795173623445],[1.4724294485889402,42.606943662993245],[1.4364287285745547,42.60355851193023],[1.4148282965659007,42.63402487149742],[1.4148282965659007,42.65433577787553],[1.386027720554381,42.667876382127616],[1.386027720554381,42.69157243956877],[1.3500270005399955,42.701727892757845],[1.3500270005399955,42.711883345946916],[1.3284265685313414,42.725423950199],[1.3140262805255816,42.718653648072944],[1.2636252725054362,42.718653648072944],[1.2348246964939165,42.728809101262016],[1.2132242644852624,42.718653648072944],[1.162823256465117,42.711883345946916],[1.1340226804535973,42.725423950199],[1.1340226804535973,42.752505158703144],[1.1052221044420776,42.77281606508129],[1.0764215284305578,42.78297151827036],[1.0116202324046242,42.78974182039639],[0.9828196563931044,42.78635666933337],[0.9684193683873445,42.80328242464847],[0.9180183603671992,42.796512122522444],[0.8460169203383998,42.83036363315264],[0.8244164883297458,42.83036363315264],[0.8028160563210918,42.840519086341715],[0.774015480309572,42.8371339352787],[0.7308146162922924,42.857444841656815],[0.680413608272147,42.8540596905938],[0.658813176263493,42.8371339352787],[0.6660133202663872,42.81005272677453],[0.6444128882577331,42.78297151827036],[0.6516130322606273,42.7592754608292],[0.6660133202663872,42.74912000764013],[0.6660133202663872,42.73219425232503],[0.680413608272147,42.70511304382086],[0.6732134642692529,42.69157243956877],[0.6372127442548674,42.69157243956877],[0.6156123122462134,42.69834274169483],[0.5868117362346936,42.69495759063179],[0.5292105842116541,42.701727892757845],[0.5220104402087884,42.69157243956877],[0.49320986419726864,42.69157243956877],[0.4716094321886146,42.69834274169483],[0.45720914418285474,42.69157243956877],[0.42120842416846926,42.69157243956877],[0.3924078481569495,42.69834274169483],[0.3924078481569495,42.711883345946916],[0.3564071281425356,42.718653648072944],[0.32760655213101586,42.70511304382086],[0.32760655213101586,42.69495759063179],[0.2916058321166304,42.67803183531669],[0.26280525610511063,42.69495759063179],[0.26280525610511063,42.71526849700993],[0.22680453609069673,42.718653648072944],[0.19800396007917698,42.73219425232503],[0.17640352807055137,42.735579403388044],[0.1260025200503776,42.711883345946916],[0.09720194403885785,42.711883345946916],[0.09000180003599212,42.718653648072944],[0.06120122402447237,42.69834274169483],[0.032400648012952615,42.69834274169483],[0.0036000720014328635,42.684802137442745],[-0.05400108002163506,42.69157243956877],[-0.07560151203026066,42.71526849700993],[-0.10440208804178042,42.73219425232503],[-0.14760295205906004,42.76943091401827],[-0.1548030960619542,42.796512122522444],[-0.1764035280705798,42.78635666933337],[-0.19800396007923382,42.796512122522444],[-0.24120482409651345,42.80666757571149],[-0.2772055441108989,42.8371339352787],[-0.3060061201224187,42.840519086341715],[-0.3132062641253128,42.84728938846774],[-0.3132062641253128,42.89806665441307],[-0.3276065521310727,42.91499240972817],[-0.2916058321166588,42.92853301398026],[-0.2772055441108989,42.93868846716933],[-0.2916058321166588,42.95899937354744],[-0.2916058321166588,43.00300633736674],[-0.2556051121022733,43.01654694161883],[-0.2556051121022733,43.040242999059956],[-0.2124042480849937,43.040242999059956],[-0.18360367207347394,43.05378360331204],[-0.19800396007923382,43.0605539054381],[-0.19800396007923382,43.074094509690184],[-0.18360367207347394,43.084249962879255],[-0.19800396007923382,43.0944054160683],[-0.19080381607633967,43.11471632244644],[-0.1548030960619542,43.12148662457247],[-0.14040280805619432,43.135027228824555],[-0.14040280805619432,43.14856783307664],[-0.12600252005043444,43.15872328626571],[-0.11880237604754029,43.179034192643826],[-0.06840136802739494,43.17564904158081],[-0.06840136802739494,43.206115401148],[-0.07560151203026066,43.21627085433707],[-0.025200504010086888,43.2501223649673],[-0.025200504010086888,43.28058872453448],[-0.04680093601874091,43.283973875597496],[-0.04680093601874091,43.30428478197561],[-0.01800036000722116,43.33136599047978],[0.01080021600429859,43.32798083941677],[0.025200504010058467,43.34829174579491],[-0.0036000720014612853,43.37198780323604],[-0.0036000720014612853,43.40583931386627],[0.01080021600429859,43.42276506918137],[-0.0036000720014612853,43.42953537130742],[-0.0036000720014612853,43.44307597555951],[-0.03240064801298104,43.43292052237044],[-0.039600792015875186,43.40922446492928],[-0.05400108002163506,43.412609615992295],[-0.06840136802739494,43.42953537130742],[-0.06120122402450079,43.46000173087461],[-0.03240064801298104,43.473542335126695],[-0.04680093601874091,43.490468090441794],[-0.04680093601874091,43.53108990319805],[-0.06840136802739494,43.54801565851315],[-0.09000180003602054,43.551400809576165],[-0.09720194403891469,43.58186716914338],[-0.14040280805619432,43.58186716914338],[-0.16920338406771407,43.59202262233242],[-0.24840496809937918,43.58863747126941],[-0.24840496809937918,43.61571867977358],[-0.2772055441108989,43.61571867977358],[-0.2844056881137931,43.639414737214736],[-0.2772055441108989,43.639414737214736]]]}},{"type":"Feature","properties":{"name":"Auvergne-Rhône-Alpes","code":"84","nom":"Auvergne-Rhône-Alpes"},"geometry":{"type":"Polygon","coordinates":[[[6.066121322426426,46.41523860889217],[6.094921898437946,46.40846830676611],[6.166923338466745,46.371231645072896],[6.159723194463879,46.350920738694754],[6.138122762455225,46.34076528550568],[6.1309226184523595,46.32045437912757],[6.1165223304466,46.31368407700151],[6.123722474449465,46.29675832168641],[6.10212204244084,46.283217717434326],[6.123722474449465,46.2595216599932],[6.1093221864437055,46.24259590467807],[6.066121322426426,46.24598105574111],[6.0445208904178,46.232440451489026],[6.022920458409146,46.232440451489026],[5.9725194503889725,46.2155146961739],[5.9725194503889725,46.20197409192181],[5.9941198823976265,46.178278034480684],[5.965319306386107,46.15119682597651],[5.986919738394732,46.144426523850456],[6.03012060241204,46.14104137278744],[6.051721034420666,46.15119682597651],[6.094921898437946,46.15119682597651],[6.094921898437946,46.144426523850456],[6.138122762455225,46.14104137278744],[6.188523770475399,46.1647374302286],[6.188523770475399,46.1816631855437],[6.202924058481159,46.18504833660671],[6.231724634492679,46.205359242984855],[6.253325066501304,46.205359242984855],[6.296525930518584,46.22567014936297],[6.310926218524344,46.24259590467807],[6.296525930518584,46.256136508930155],[6.274925498509958,46.249366206804126],[6.2461249224984385,46.26290681105621],[6.238924778495544,46.283217717434326],[6.2461249224984385,46.30691377487548],[6.274925498509958,46.350920738694754],[6.303726074521478,46.367846494009854],[6.346926938538758,46.371231645072896],[6.354127082541623,46.350920738694754],[6.382927658553143,46.34076528550568],[6.397327946558903,46.350920738694754],[6.440528810576183,46.361076191883825],[6.4765295305905966,46.378001947198925],[6.483729674593462,46.394927702514025],[6.519730394607876,46.405083155703096],[6.541330826616502,46.394927702514025],[6.577331546630916,46.40169800464008],[6.620532410648195,46.405083155703096],[6.670933418668341,46.405083155703096],[6.678133562671235,46.40846830676611],[6.72853457069138,46.40846830676611],[6.793335866717314,46.39154255145101],[6.8005360107201795,46.371231645072896],[6.77173543470866,46.36446134294684],[6.77173543470866,46.34753558763174],[6.822136442728834,46.317069228064554],[6.8365367307345934,46.2933731706234],[6.8581371627432475,46.2933731706234],[6.8581371627432475,46.256136508930155],[6.8365367307345934,46.249366206804126],[6.822136442728834,46.222284998299955],[6.807736154723074,46.2155146961739],[6.807736154723074,46.17150773235463],[6.793335866717314,46.1647374302286],[6.793335866717314,46.13765622172443],[6.814936298725939,46.13088591959837],[6.843736874737459,46.13088591959837],[6.894137882757633,46.1207304664093],[6.886937738754767,46.100419560031185],[6.886937738754767,46.069953200464],[6.872537450749007,46.05641259621191],[6.879737594751873,46.04287199195983],[6.908538170763393,46.04964229408586],[6.922938458769153,46.066568049400985],[6.980539610792192,46.022561085581685],[6.980539610792192,46.0090204813296],[7.023740474809472,45.98193927282543],[7.009340186803712,45.96501351751033],[7.038140762815232,45.95485806432126],[7.038140762815232,45.93116200688013],[7.002140042800846,45.90069564731294],[7.002140042800846,45.87361443880877],[6.980539610792192,45.87022928774573],[6.944538890777807,45.856688683493644],[6.944538890777807,45.8465332303046],[6.915738314766287,45.84314807924156],[6.872537450749007,45.8465332303046],[6.8581371627432475,45.83637777711553],[6.814936298725939,45.83637777711553],[6.8005360107201795,45.788985662233216],[6.807736154723074,45.772059906918116],[6.807736154723074,45.744978698413945],[6.829336586731699,45.700971734594674],[6.865337306746113,45.68066082821656],[6.908538170763393,45.67727567715352],[6.915738314766287,45.650194468649346],[6.937338746774913,45.64680931758633],[6.9733394667893265,45.65357961971239],[7.002140042800846,45.633268713334246],[6.980539610792192,45.606187504830075],[6.980539610792192,45.58249144738892],[6.994939898797952,45.57572114526289],[6.994939898797952,45.53848448356965],[7.002140042800846,45.50463297293945],[7.023740474809472,45.49786267081339],[7.052541050820992,45.49786267081339],[7.059741194823886,45.49109236868736],[7.045340906818126,45.47416661337226],[7.102942058841165,45.47078146230922],[7.102942058841165,45.450470555931105],[7.167743354867071,45.40984874317485],[7.189343786875725,45.40307844104879],[7.160543210864205,45.37938238360766],[7.160543210864205,45.355686326166506],[7.131742634852685,45.34891602404048],[7.131742634852685,45.328605117662335],[7.117342346846925,45.31506451341025],[7.117342346846925,45.30152390915816],[7.131742634852685,45.27444270065399],[7.131742634852685,45.24736149214982],[7.117342346846925,45.24736149214982],[7.081341626832511,45.22705058577171],[7.081341626832511,45.21350998151962],[7.059741194823886,45.21350998151962],[7.045340906818126,45.223665434708664],[7.030940618812366,45.216895132582636],[7.002140042800846,45.216895132582636],[6.966139322786432,45.206739679393564],[6.9517390347806725,45.19319907514148],[6.944538890777807,45.16950301770035],[6.894137882757633,45.16950301770035],[6.886937738754767,45.14580696025919],[6.8581371627432475,45.12888120494409],[6.843736874737459,45.12888120494409],[6.814936298725939,45.14919211132221],[6.778935578711554,45.15934756451128],[6.74293485869714,45.139036658133136],[6.678133562671235,45.139036658133136],[6.670933418668341,45.12549605388105],[6.627732554651061,45.10857029856595],[6.613332266645301,45.12211090281804],[6.562931258625156,45.11534060069201],[6.541330826616502,45.09841484537688],[6.512530250604982,45.10857029856595],[6.483729674593462,45.095029694313865],[6.483729674593462,45.05779303262062],[6.440528810576183,45.05440788155761],[6.440528810576183,45.061178183683666],[6.397327946558903,45.061178183683666],[6.368527370547383,45.067948485809694],[6.368527370547383,45.10179999643992],[6.3397267945358635,45.11534060069201],[6.289325786515718,45.10857029856595],[6.260525210504198,45.12549605388105],[6.231724634492679,45.111955449628965],[6.238924778495544,45.07471878793575],[6.217324346486919,45.06456333474668],[6.217324346486919,45.04763757943158],[6.202924058481159,45.01378606880135],[6.253325066501304,44.99686031348625],[6.318126362527238,45.00363061561231],[6.318126362527238,44.97654940710814],[6.332526650532998,44.946083047540924],[6.354127082541623,44.93254244328884],[6.354127082541623,44.85468396883937],[6.3397267945358635,44.84791366671331],[6.296525930518584,44.87499487521748],[6.267725354507064,44.87160972415447],[6.253325066501304,44.85129881777635],[6.2245244904897845,44.85129881777635],[6.202924058481159,44.85806911990238],[6.159723194463879,44.85468396883937],[6.138122762455225,44.86483942202841],[6.1165223304466,44.84791366671331],[6.051721034420666,44.817447307146125],[6.022920458409146,44.83775821352427],[6.001320026400521,44.817447307146125],[5.979719594391867,44.817447307146125],[5.950919018380347,44.807291853957054],[5.979719594391867,44.790366098641954],[5.979719594391867,44.78021064545288],[5.914918298365933,44.75312943694871],[5.907718154363067,44.75989973907477],[5.8789175783515475,44.7497442858857],[5.8573171463428935,44.7497442858857],[5.828516570331374,44.75989973907477],[5.828516570331374,44.73620368163361],[5.814116282325614,44.72943337950758],[5.814116282325614,44.705737322066426],[5.828516570331374,44.70235217100341],[5.828516570331374,44.68542641568828],[5.799715994319854,44.67527096249924],[5.799715994319854,44.661730358247155],[5.785315706314094,44.651574905058084],[5.7637152743054685,44.6549600561211],[5.706114122282429,44.64141945186901],[5.684513690273775,44.651574905058084],[5.641312826256495,44.651574905058084],[5.641312826256495,44.6211085454909],[5.6269125382507355,44.58725703486067],[5.598111962239216,44.556790675293485],[5.60531210624211,44.53647976891537],[5.6269125382507355,44.53647976891537],[5.655713114262255,44.51616886253723],[5.662913258265149,44.50262825828514],[5.6269125382507355,44.50262825828514],[5.61971239424787,44.47216189871796],[5.598111962239216,44.46539159659193],[5.56211124222483,44.47216189871796],[5.518910378207551,44.4924728050961],[5.475709514190271,44.4924728050961],[5.461309226184511,44.49924310722213],[5.461309226184511,44.4484658412768],[5.497309946198897,44.43831038808776],[5.475709514190271,44.42138463277263],[5.439708794175857,44.434925237024714],[5.4181083621672315,44.42476978383567],[5.439708794175857,44.401073726394515],[5.439708794175857,44.367222215764286],[5.468509370187377,44.36383706470127],[5.468509370187377,44.35029646044919],[5.490109802196031,44.340141007260115],[5.518910378207551,44.35029646044919],[5.554911098221936,44.33337070513409],[5.63411268225363,44.33337070513409],[5.612512250244976,44.31644494981899],[5.63411268225363,44.29274889237783],[5.63411268225363,44.279208288125744],[5.677313546270909,44.262282532810644],[5.677313546270909,44.2081201158023],[5.684513690273775,44.1911943604872],[5.662913258265149,44.1911943604872],[5.641312826256495,44.174268605172074],[5.598111962239216,44.18780920942416],[5.57651153023059,44.18780920942416],[5.56211124222483,44.17088345410906],[5.583711674233456,44.157342849856974],[5.569311386227696,44.14718739666793],[5.554911098221936,44.150572547730945],[5.540510810216176,44.1302616413528],[5.518910378207551,44.12687649028979],[5.504510090201791,44.11672103710072],[5.461309226184511,44.11672103710072],[5.439708794175857,44.13703194347886],[5.439708794175857,44.150572547730945],[5.382107642152818,44.15395769879396],[5.382107642152818,44.201349813676245],[5.353307066141298,44.21489041792833],[5.331706634132672,44.20473496473929],[5.310106202124018,44.2081201158023],[5.252505050100979,44.23181617324346],[5.238104762095219,44.23181617324346],[5.230904618092353,44.21489041792833],[5.180503610072179,44.21827556899137],[5.1517030340606595,44.23181617324346],[5.158903178063554,44.2419716264325],[5.158903178063554,44.26566768387366],[5.144502890057794,44.272437985999716],[5.1517030340606595,44.2859785902518],[5.173303466069314,44.296134043440844],[5.173303466069314,44.31305979875597],[5.115702314046246,44.2859785902518],[5.07970159403186,44.28259343918876],[5.058101162023206,44.306289496629915],[5.022100442008821,44.296134043440844],[5.007700154003061,44.2859785902518],[4.978899577991541,44.2859785902518],[4.935698713974261,44.26566768387366],[4.878097561951222,44.25889738174763],[4.842096841936808,44.23520132430647],[4.813296265925288,44.23181617324346],[4.813296265925288,44.262282532810644],[4.8060961219224225,44.26566768387366],[4.8060961219224225,44.3029043455669],[4.762895257905143,44.32660040300806],[4.712494249884969,44.32660040300806],[4.676493529870584,44.319830100882],[4.662093241864824,44.32660040300806],[4.647692953859064,44.31305979875597],[4.65489309786193,44.2859785902518],[4.647692953859064,44.26905283493667],[4.633292665853304,44.2859785902518],[4.5540910818216105,44.3029043455669],[4.546890937818745,44.319830100882],[4.510890217804331,44.3367558561971],[4.453289065781291,44.340141007260115],[4.446088921778426,44.2859785902518],[4.395687913758252,44.289363741314816],[4.402888057761146,44.3367558561971],[4.388487769755386,44.34691130938617],[4.374087481749626,44.340141007260115],[4.338086761735212,44.340141007260115],[4.309286185723693,44.31644494981899],[4.287685753715067,44.31644494981899],[4.287685753715067,44.2859785902518],[4.258885177703519,44.26566768387366],[4.215684313686239,44.289363741314816],[4.179683593671854,44.3029043455669],[4.179683593671854,44.31644494981899],[4.14368287365744,44.31305979875597],[4.14368287365744,44.32660040300806],[4.122082441648814,44.3367558561971],[4.07168143362864,44.32660040300806],[4.050081001620015,44.31644494981899],[4.057281145622881,44.367222215764286],[4.042880857617121,44.39430342426846],[4.064481289625775,44.39430342426846],[4.07168143362864,44.40445887745753],[4.042880857617121,44.42476978383567],[4.042880857617121,44.445080690213786],[3.999679993599841,44.45862129446587],[3.985279705594081,44.47216189871796],[3.985279705594081,44.51278371147421],[3.9636792735854556,44.53647976891537],[3.9636792735854556,44.55340552423047],[3.9492789855796957,44.573716430608584],[3.920478409568176,44.573716430608584],[3.920478409568176,44.58725703486067],[3.906078121562416,44.59402733698673],[3.906078121562416,44.61433824336484],[3.891677833556656,44.61433824336484],[3.891677833556656,44.65834520718414],[3.8772775455508963,44.66511550931017],[3.8772775455508963,44.695581868877355],[3.8628772575451364,44.70912247312944],[3.8628772575451364,44.72604822844454],[3.8772775455508963,44.739588832696626],[3.8628772575451364,44.74635913482268],[3.8340766815336167,44.74635913482268],[3.8412768255364824,44.773440343326854],[3.819676393527857,44.773440343326854],[3.7620752415048173,44.800521551831025],[3.7620752415048173,44.817447307146125],[3.7404748094961633,44.834373062461225],[3.7188743774875377,44.83098791139821],[3.661273225464498,44.83098791139821],[3.668473369467364,44.84114336458728],[3.661273225464498,44.87160972415447],[3.6468729374587383,44.878380026280496],[3.6252725054500843,44.87499487521748],[3.5964719294385645,44.878380026280496],[3.5964719294385645,44.85129881777635],[3.574871497429939,44.834373062461225],[3.546070921418419,44.827602760335196],[3.5028700574011395,44.82421760927218],[3.4884697693953797,44.807291853957054],[3.47406948138962,44.81406215608311],[3.45966919338386,44.84114336458728],[3.438068761375206,44.861454270965396],[3.438068761375206,44.88176517734354],[3.4164683293665803,44.90207608372165],[3.4164683293665803,44.93254244328884],[3.409268185363686,44.95285334966698],[3.3804676093521664,44.95285334966698],[3.3588671773435124,44.95962365179301],[3.3372667453348868,44.956238500729995],[3.301266025320473,44.939312745414895],[3.286865737314713,44.92577214116281],[3.2580651613031932,44.93254244328884],[3.2292645852916735,44.912231536910724],[3.2364647292945676,44.88853547946957],[3.193263865277288,44.861454270965396],[3.1644632892657683,44.87499487521748],[3.1428628572571142,44.90207608372165],[3.1068621372427287,44.88853547946957],[3.1068621372427287,44.861454270965396],[3.0996619932398346,44.834373062461225],[3.078061561231209,44.834373062461225],[3.063661273225449,44.81406215608311],[3.0492609852196892,44.807291853957054],[3.0492609852196892,44.75989973907477],[3.0348606972139294,44.756514588011754],[3.027660553211035,44.72943337950758],[3.0132602652052753,44.7158927752555],[3.0132602652052753,44.69896701994037],[2.9988599771995155,44.68542641568828],[2.9988599771995155,44.668500660373184],[2.9700594011879957,44.644804602932055],[2.941258825176476,44.678656113562255],[2.926858537170716,44.7158927752555],[2.9340586811736102,44.739588832696626],[2.9340586811736102,44.783595796515925],[2.9196583931678504,44.79375124970497],[2.8908578171563306,44.78698094757894],[2.8692573851476766,44.817447307146125],[2.8692573851476766,44.834373062461225],[2.8548570971419167,44.84791366671331],[2.8548570971419167,44.87160972415447],[2.797255945118877,44.86822457309145],[2.7684553691073575,44.85468396883937],[2.7756555131102516,44.878380026280496],[2.7756555131102516,44.91561668797374],[2.7540550811015976,44.93254244328884],[2.710854217084318,44.922386990099795],[2.7036540730814522,44.90546123478467],[2.6748534970699325,44.90546123478467],[2.6604532090641726,44.88853547946957],[2.6604532090641726,44.87499487521748],[2.631652633052653,44.87160972415447],[2.602852057041133,44.844528515650296],[2.610052201043999,44.82421760927218],[2.602852057041133,44.79375124970497],[2.5596511930238535,44.77682549438987],[2.5524510490209593,44.756514588011754],[2.5524510490209593,44.7158927752555],[2.5236504730094396,44.705737322066426],[2.5164503290065454,44.69219671781434],[2.4876497529950257,44.671885811436226],[2.4876497529950257,44.651574905058084],[2.458849176983506,44.644804602932055],[2.3868477369547065,44.644804602932055],[2.350847016940321,44.64141945186901],[2.336446728934561,44.651574905058084],[2.336446728934561,44.66511550931017],[2.2788455769115217,44.66511550931017],[2.250045000900002,44.651574905058084],[2.214044280885588,44.651574905058084],[2.214044280885588,44.617723394427884],[2.1780435608712025,44.634649149742984],[2.1708434168683084,44.65834520718414],[2.1780435608712025,44.671885811436226],[2.1564431288625485,44.69896701994037],[2.134842696853923,44.69219671781434],[2.134842696853923,44.7158927752555],[2.149242984859683,44.71927792631851],[2.149242984859683,44.77005519226384],[2.1708434168683084,44.77682549438987],[2.1636432728654427,44.81406215608311],[2.134842696853923,44.827602760335196],[2.1276425528510288,44.844528515650296],[2.0916418328366433,44.87160972415447],[2.084441688833749,44.90546123478467],[2.106042120842403,44.91561668797374],[2.0772415448308834,44.93254244328884],[2.0772415448308834,44.95962365179301],[2.0628412568251235,44.97654940710814],[2.084441688833749,44.983319709234166],[2.134842696853923,44.98670486029718],[2.1420428408567886,45.00701576667532],[2.113242264845269,45.02055637092741],[2.113242264845269,45.04086727730552],[2.098841976839509,45.04763757943158],[2.098841976839509,45.061178183683666],[2.1420428408567886,45.084874241124794],[2.1708434168683084,45.084874241124794],[2.1780435608712025,45.09164454325085],[2.1780435608712025,45.12549605388105],[2.228444568891348,45.15934756451128],[2.228444568891348,45.16950301770035],[2.199643992879828,45.17965847088939],[2.1924438488769624,45.21350998151962],[2.2428448568971078,45.24736149214982],[2.2428448568971078,45.267672398527964],[2.2572451449028677,45.267672398527964],[2.264445288905762,45.28798330490608],[2.2932458649172816,45.28798330490608],[2.314846296925907,45.321834815536306],[2.358047160943187,45.33199026872535],[2.365247304946081,45.35230117510349],[2.365247304946081,45.39630813892276],[2.350847016940321,45.406463592111834],[2.358047160943187,45.41661904530088],[2.3940478809576007,45.40984874317485],[2.3940478809576007,45.39969328998578],[2.4228484569691204,45.39630813892276],[2.444448888977746,45.38276753467068],[2.4876497529950257,45.37938238360766],[2.5236504730094396,45.38615268573369],[2.5236504730094396,45.40307844104879],[2.5092501850036797,45.406463592111834],[2.49484989699792,45.423389347426934],[2.49484989699792,45.44708540486809],[2.5092501850036797,45.46401116018319],[2.5092501850036797,45.511403275065476],[2.5164503290065454,45.51817357719153],[2.5164503290065454,45.555410238884775],[2.4876497529950257,45.562180541010804],[2.458849176983506,45.596032051641004],[2.48044960899216,45.60957265589309],[2.48044960899216,45.6400390154603],[2.5164503290065454,45.64680931758633],[2.5236504730094396,45.67727567715352],[2.5236504730094396,45.711127187783745],[2.5020500410007855,45.72466779203583],[2.4876497529950257,45.74836384947696],[2.4660493209864,45.75851930266603],[2.444448888977746,45.75851930266603],[2.430048600971986,45.772059906918116],[2.430048600971986,45.79575596435927],[2.3940478809576007,45.822837172863444],[2.4012480249604664,45.839762928178544],[2.430048600971986,45.83637777711553],[2.444448888977746,45.866844136682715],[2.49484989699792,45.8634589856197],[2.5092501850036797,45.883769891997815],[2.5308506170123053,45.90069564731294],[2.5524510490209593,45.90746594943897],[2.545250905018065,45.92439170475407],[2.566851337026719,45.9582432153843],[2.610052201043999,45.96501351751033],[2.610052201043999,45.978554121762414],[2.595651913038239,45.98532442388847],[2.595651913038239,46.01579078345566],[2.602852057041133,46.03271653877076],[2.5740514810296133,46.04625714302284],[2.566851337026719,46.06318289833794],[2.5524510490209593,46.07333835152701],[2.5524510490209593,46.127500768535356],[2.5596511930238535,46.13088591959837],[2.5596511930238535,46.134271070661384],[2.5596511930238535,46.17489288341764],[2.545250905018065,46.17489288341764],[2.5236504730094396,46.18843348766973],[2.5164503290065454,46.2155146961739],[2.5164503290065454,46.239210753615055],[2.48044960899216,46.256136508930155],[2.48044960899216,46.27983256637131],[2.45164903298064,46.2933731706234],[2.430048600971986,46.2933731706234],[2.4228484569691204,46.3102989259385],[2.3940478809576007,46.33060983231664],[2.365247304946081,46.32045437912757],[2.329246584931667,46.3272246812536],[2.3076461529230414,46.34076528550568],[2.3076461529230414,46.350920738694754],[2.336446728934561,46.36446134294684],[2.2932458649172816,46.38477224932498],[2.2788455769115217,46.405083155703096],[2.2788455769115217,46.422008911018196],[2.2860457209143874,46.455860421648424],[2.3004460089201473,46.46601587483747],[2.329246584931667,46.472786176963524],[2.329246584931667,46.49648223440468],[2.358047160943187,46.516793140782795],[2.4156483129662263,46.52017829184581],[2.4228484569691204,46.526948593971866],[2.4660493209864,46.52356344290885],[2.48044960899216,46.533718896097895],[2.49484989699792,46.52017829184581],[2.566851337026719,46.533718896097895],[2.602852057041133,46.55064465141302],[2.610052201043999,46.57434070885415],[2.602852057041133,46.59126646416928],[2.581251625032479,46.594651615232294],[2.581251625032479,46.62511797479948],[2.595651913038239,46.63188827692551],[2.595651913038239,46.645428881177594],[2.5740514810296133,46.64881403224064],[2.5740514810296133,46.66235463649272],[2.631652633052653,46.67589524074481],[2.617252345046893,46.68605069393385],[2.6532530650612784,46.69620614712292],[2.6892537850756923,46.716517053501065],[2.7036540730814522,46.71990220456408],[2.7036540730814522,46.74021311094219],[2.725254505090078,46.74698341306825],[2.7612552251044917,46.716517053501065],[2.7900558011160115,46.733442808816164],[2.826056521130397,46.73682795987918],[2.847656953139051,46.743598262005236],[2.8764575291505707,46.760524017320336],[2.8764575291505707,46.767294319446364],[2.912458249164956,46.78083492369845],[2.9196583931678504,46.794375527950535],[2.955659113182236,46.79099037688752],[2.96285925718513,46.80453098113961],[2.9916598331966497,46.79776067901355],[3.0132602652052753,46.80114583007659],[3.0348606972139294,46.794375527950535],[3.0348606972139294,46.77406462157242],[3.063661273225449,46.74698341306825],[3.092461849236969,46.733442808816164],[3.1284625692513544,46.72667250669011],[3.1644632892657683,46.69282099605991],[3.207664153283048,46.682665542870836],[3.2652653053060874,46.716517053501065],[3.286865737314713,46.71313190243802],[3.322866457329127,46.68605069393385],[3.3516670333406466,46.68605069393385],[3.3732674653492722,46.69620614712292],[3.3804676093521664,46.71313190243802],[3.43086861737234,46.71313190243802],[3.43086861737234,46.69282099605991],[3.4524690493809658,46.68943584499689],[3.4452689053781,46.66235463649272],[3.4524690493809658,46.65219918330365],[3.4884697693953797,46.65219918330365],[3.5100702014040053,46.67928039180782],[3.5316706334126593,46.68943584499689],[3.553271065421285,46.68605069393385],[3.546070921418419,46.70636160031199],[3.553271065421285,46.716517053501065],[3.5820716414328047,46.716517053501065],[3.5964719294385645,46.72328735562709],[3.574871497429939,46.750368564131264],[3.6252725054500843,46.75375371519428],[3.6252725054500843,46.733442808816164],[3.654073081461604,46.70636160031199],[3.654073081461604,46.68943584499689],[3.668473369467364,46.672510089681765],[3.6972739454788837,46.66235463649272],[3.704474089481778,46.638658579051565],[3.7260745214904034,46.628503125862494],[3.7116742334846435,46.61496252161041],[3.7332746654932976,46.604807068421366],[3.7404748094961633,46.58788131310624],[3.7404748094961633,46.55741495353905],[3.7332746654932976,46.543874349286966],[3.7476749534990574,46.53710404716094],[3.776475529510577,46.53710404716094],[3.783675673513443,46.526948593971866],[3.8124762495249627,46.52017829184581],[3.8412768255364824,46.53033374503488],[3.8628772575451364,46.516793140782795],[3.8628772575451364,46.489711932278624],[3.884477689553762,46.482941630152595],[3.913278265565282,46.49648223440468],[3.934878697573936,46.489711932278624],[3.9564791295825614,46.49309708334164],[3.999679993599841,46.46601587483747],[3.999679993599841,46.438934666333324],[3.985279705594081,46.422008911018196],[3.9780795615912155,46.388157400387996],[3.9924798495969753,46.371231645072896],[3.985279705594081,46.35430588975777],[3.985279705594081,46.32045437912757],[3.9492789855796957,46.32045437912757],[3.9492789855796957,46.30352862381247],[3.934878697573936,46.29675832168641],[3.898877977559522,46.2933731706234],[3.891677833556656,46.27983256637131],[3.906078121562416,46.273062264245254],[3.906078121562416,46.239210753615055],[3.898877977559522,46.212129545110884],[3.920478409568176,46.205359242984855],[3.9708794175883213,46.20197409192181],[3.9708794175883213,46.18843348766973],[3.985279705594081,46.17150773235463],[4.028480569611361,46.17150773235463],[4.07168143362864,46.19181863873277],[4.10048200964016,46.1985889408588],[4.165283305666094,46.17150773235463],[4.186883737674719,46.17489288341764],[4.186883737674719,46.18843348766973],[4.2084841696833735,46.195203789795784],[4.237284745694893,46.1816631855437],[4.251685033700653,46.18843348766973],[4.266085321706413,46.17489288341764],[4.251685033700653,46.15796712810254],[4.287685753715067,46.15796712810254],[4.287685753715067,46.17150773235463],[4.316486329726587,46.17489288341764],[4.388487769755386,46.212129545110884],[4.388487769755386,46.26290681105621],[4.402888057761146,46.29675832168641],[4.424488489769772,46.30352862381247],[4.453289065781291,46.29675832168641],[4.518090361807225,46.26967711318224],[4.546890937818745,46.273062264245254],[4.546890937818745,46.28660286849734],[4.56849136982737,46.2933731706234],[4.58289165783313,46.26967711318224],[4.618892377847544,46.266291962119226],[4.618892377847544,46.283217717434326],[4.633292665853304,46.300143472749426],[4.6908938178763435,46.300143472749426],[4.705294105882103,46.28660286849734],[4.705294105882103,46.26967711318224],[4.676493529870584,46.26290681105621],[4.698093961879209,46.249366206804126],[4.712494249884969,46.249366206804126],[4.726894537890729,46.23582560255204],[4.719694393887863,46.222284998299955],[4.734094681893623,46.212129545110884],[4.719694393887863,46.19181863873277],[4.734094681893623,46.178278034480684],[4.762895257905143,46.17150773235463],[4.791695833916663,46.20197409192181],[4.791695833916663,46.21889984723694],[4.813296265925288,46.24598105574111],[4.813296265925288,46.26290681105621],[4.827696553931048,46.273062264245254],[4.827696553931048,46.28998801956038],[4.856497129942568,46.33060983231664],[4.849296985939702,46.35769104082081],[4.892497849956982,46.405083155703096],[4.892497849956982,46.44570496845935],[4.914098281965607,46.45924557271144],[4.914098281965607,46.489711932278624],[4.950099001980021,46.50325253653071],[4.964499289985781,46.51340798971978],[5.000500010000167,46.51340798971978],[5.058101162023206,46.482941630152595],[5.07970159403186,46.48632678121561],[5.09410188203762,46.499867385467695],[5.10850217004338,46.49309708334164],[5.158903178063554,46.506637687593724],[5.166103322066419,46.516793140782795],[5.202104042080833,46.506637687593724],[5.202104042080833,46.49309708334164],[5.223704474089459,46.46940102590051],[5.259705194103873,46.44909011952237],[5.317306346126912,46.44570496845935],[5.310106202124018,46.41185345782915],[5.374907498149952,46.38477224932498],[5.360507210144192,46.371231645072896],[5.374907498149952,46.36446134294684],[5.374907498149952,46.350920738694754],[5.403708074161472,46.34076528550568],[5.410908218164337,46.3272246812536],[5.475709514190271,46.3102989259385],[5.461309226184511,46.28998801956038],[5.461309226184511,46.273062264245254],[5.475709514190271,46.266291962119226],[5.504510090201791,46.26967711318224],[5.518910378207551,46.26290681105621],[5.54771095421907,46.273062264245254],[5.56211124222483,46.2933731706234],[5.59091181823635,46.2933731706234],[5.612512250244976,46.317069228064554],[5.612512250244976,46.3272246812536],[5.6485129702593895,46.34076528550568],[5.6485129702593895,46.3272246812536],[5.670113402268015,46.32383953019058],[5.684513690273775,46.3102989259385],[5.713314266285295,46.3102989259385],[5.720514410288189,46.28998801956038],[5.713314266285295,46.27983256637131],[5.720514410288189,46.26290681105621],[5.7421148422968145,46.266291962119226],[5.799715994319854,46.266291962119226],[5.850117002340028,46.26290681105621],[5.8789175783515475,46.26967711318224],[5.886117722354413,46.27983256637131],[5.914918298365933,46.28660286849734],[5.914918298365933,46.300143472749426],[5.950919018380347,46.3272246812536],[6.037320746414906,46.39831285357707],[6.066121322426426,46.41523860889217]],[[5.043700874017446,44.38076282001637],[5.0365007300145805,44.39091827320544],[5.0149002980059265,44.39430342426846],[4.978899577991541,44.428154934898686],[4.950099001980021,44.42138463277263],[4.906898137962742,44.3976885753315],[4.914098281965607,44.38753312214243],[4.892497849956982,44.37060736682733],[4.892497849956982,44.36045191363826],[4.870897417948328,44.35029646044919],[4.892497849956982,44.33337070513409],[4.878097561951222,44.323215251945015],[4.8996979939598475,44.306289496629915],[4.9212984259685015,44.30967464769293],[4.971699433988647,44.29951919450389],[4.986099721994407,44.306289496629915],[5.022100442008821,44.340141007260115],[5.022100442008821,44.36045191363826],[5.058101162023206,44.36383706470127],[5.072501450028966,44.384147971079415],[5.043700874017446,44.38076282001637]]]}},{"type":"Feature","properties":{"name":"Provence-Alpes-Côte d'Azur","code":"93","nom":"Provence-Alpes-Côte d'Azur"},"geometry":{"type":"Polygon","coordinates":[[[4.230084601691999,43.46000173087461],[4.237284745694893,43.500623543630866],[4.273285465709307,43.507393845756894],[4.3236864737294525,43.524319601071994],[4.330886617732347,43.53786020532408],[4.352487049740972,43.54124535638712],[4.395687913758252,43.56155626276524],[4.417288345766906,43.56494141382825],[4.424488489769772,43.58525232020639],[4.446088921778426,43.58186716914338],[4.474889497789945,43.60217807552149],[4.4604892097841855,43.61571867977358],[4.446088921778426,43.60894837764755],[4.424488489769772,43.61910383083659],[4.446088921778426,43.65972564359285],[4.474889497789945,43.66988109678192],[4.474889497789945,43.690192003160035],[4.503690073801465,43.70373260741212],[4.532490649812985,43.707117758475164],[4.561291225824505,43.69696230528609],[4.58289165783313,43.69696230528609],[4.590091801836024,43.68680685209702],[4.62609252185041,43.68680685209702],[4.62609252185041,43.70034745634911],[4.61169223384465,43.71050290953818],[4.61169223384465,43.73081381591629],[4.62609252185041,43.74435442016838],[4.62609252185041,43.761280175483506],[4.65489309786193,43.784976232924635],[4.65489309786193,43.81882774355486],[4.64049280985617,43.828983196743906],[4.662093241864824,43.85267925418506],[4.64049280985617,43.862834707374134],[4.65489309786193,43.87637531162622],[4.698093961879209,43.88653076481529],[4.712494249884969,43.90345652013039],[4.726894537890729,43.906841671193405],[4.741294825896489,43.93053772863456],[4.770095401908009,43.933922879697576],[4.791695833916663,43.95423378607572],[4.813296265925288,43.96100408820175],[4.813296265925288,43.98808529670592],[4.842096841936808,43.98808529670592],[4.842096841936808,44.011781354147075],[4.820496409928182,44.01516650521009],[4.820496409928182,44.028707109462175],[4.7844956899137685,44.055788317966346],[4.7844956899137685,44.06932892221843],[4.762895257905143,44.07609922434446],[4.755695113902249,44.089639828596546],[4.719694393887863,44.0794843754075],[4.719694393887863,44.09302497965959],[4.705294105882103,44.10318043284863],[4.719694393887863,44.140417094541874],[4.719694393887863,44.18780920942416],[4.705294105882103,44.1911943604872],[4.705294105882103,44.21489041792833],[4.683693673873449,44.211505266865316],[4.676493529870584,44.23858647536949],[4.647692953859064,44.262282532810644],[4.647692953859064,44.26905283493667],[4.65489309786193,44.2859785902518],[4.647692953859064,44.31305979875597],[4.662093241864824,44.32660040300806],[4.676493529870584,44.319830100882],[4.712494249884969,44.32660040300806],[4.762895257905143,44.32660040300806],[4.8060961219224225,44.3029043455669],[4.8060961219224225,44.26566768387366],[4.813296265925288,44.262282532810644],[4.813296265925288,44.23181617324346],[4.842096841936808,44.23520132430647],[4.878097561951222,44.25889738174763],[4.935698713974261,44.26566768387366],[4.978899577991541,44.2859785902518],[5.007700154003061,44.2859785902518],[5.022100442008821,44.296134043440844],[5.058101162023206,44.306289496629915],[5.07970159403186,44.28259343918876],[5.115702314046246,44.2859785902518],[5.173303466069314,44.31305979875597],[5.173303466069314,44.296134043440844],[5.1517030340606595,44.2859785902518],[5.144502890057794,44.272437985999716],[5.158903178063554,44.26566768387366],[5.158903178063554,44.2419716264325],[5.1517030340606595,44.23181617324346],[5.180503610072179,44.21827556899137],[5.230904618092353,44.21489041792833],[5.238104762095219,44.23181617324346],[5.252505050100979,44.23181617324346],[5.310106202124018,44.2081201158023],[5.331706634132672,44.20473496473929],[5.353307066141298,44.21489041792833],[5.382107642152818,44.201349813676245],[5.382107642152818,44.15395769879396],[5.439708794175857,44.150572547730945],[5.439708794175857,44.13703194347886],[5.461309226184511,44.11672103710072],[5.504510090201791,44.11672103710072],[5.518910378207551,44.12687649028979],[5.540510810216176,44.1302616413528],[5.554911098221936,44.150572547730945],[5.569311386227696,44.14718739666793],[5.583711674233456,44.157342849856974],[5.56211124222483,44.17088345410906],[5.57651153023059,44.18780920942416],[5.598111962239216,44.18780920942416],[5.641312826256495,44.174268605172074],[5.662913258265149,44.1911943604872],[5.684513690273775,44.1911943604872],[5.677313546270909,44.2081201158023],[5.677313546270909,44.262282532810644],[5.63411268225363,44.279208288125744],[5.63411268225363,44.29274889237783],[5.612512250244976,44.31644494981899],[5.63411268225363,44.33337070513409],[5.554911098221936,44.33337070513409],[5.518910378207551,44.35029646044919],[5.490109802196031,44.340141007260115],[5.468509370187377,44.35029646044919],[5.468509370187377,44.36383706470127],[5.439708794175857,44.367222215764286],[5.439708794175857,44.401073726394515],[5.4181083621672315,44.42476978383567],[5.439708794175857,44.434925237024714],[5.475709514190271,44.42138463277263],[5.497309946198897,44.43831038808776],[5.461309226184511,44.4484658412768],[5.461309226184511,44.49924310722213],[5.475709514190271,44.4924728050961],[5.518910378207551,44.4924728050961],[5.56211124222483,44.47216189871796],[5.598111962239216,44.46539159659193],[5.61971239424787,44.47216189871796],[5.6269125382507355,44.50262825828514],[5.662913258265149,44.50262825828514],[5.655713114262255,44.51616886253723],[5.6269125382507355,44.53647976891537],[5.60531210624211,44.53647976891537],[5.598111962239216,44.556790675293485],[5.6269125382507355,44.58725703486067],[5.641312826256495,44.6211085454909],[5.641312826256495,44.651574905058084],[5.684513690273775,44.651574905058084],[5.706114122282429,44.64141945186901],[5.7637152743054685,44.6549600561211],[5.785315706314094,44.651574905058084],[5.799715994319854,44.661730358247155],[5.799715994319854,44.67527096249924],[5.828516570331374,44.68542641568828],[5.828516570331374,44.70235217100341],[5.814116282325614,44.705737322066426],[5.814116282325614,44.72943337950758],[5.828516570331374,44.73620368163361],[5.828516570331374,44.75989973907477],[5.8573171463428935,44.7497442858857],[5.8789175783515475,44.7497442858857],[5.907718154363067,44.75989973907477],[5.914918298365933,44.75312943694871],[5.979719594391867,44.78021064545288],[5.979719594391867,44.790366098641954],[5.950919018380347,44.807291853957054],[5.979719594391867,44.817447307146125],[6.001320026400521,44.817447307146125],[6.022920458409146,44.83775821352427],[6.051721034420666,44.817447307146125],[6.1165223304466,44.84791366671331],[6.138122762455225,44.86483942202841],[6.159723194463879,44.85468396883937],[6.202924058481159,44.85806911990238],[6.2245244904897845,44.85129881777635],[6.253325066501304,44.85129881777635],[6.267725354507064,44.87160972415447],[6.296525930518584,44.87499487521748],[6.3397267945358635,44.84791366671331],[6.354127082541623,44.85468396883937],[6.354127082541623,44.93254244328884],[6.332526650532998,44.946083047540924],[6.318126362527238,44.97654940710814],[6.318126362527238,45.00363061561231],[6.253325066501304,44.99686031348625],[6.202924058481159,45.01378606880135],[6.217324346486919,45.04763757943158],[6.217324346486919,45.06456333474668],[6.238924778495544,45.07471878793575],[6.231724634492679,45.111955449628965],[6.260525210504198,45.12549605388105],[6.289325786515718,45.10857029856595],[6.3397267945358635,45.11534060069201],[6.368527370547383,45.10179999643992],[6.368527370547383,45.067948485809694],[6.397327946558903,45.061178183683666],[6.440528810576183,45.061178183683666],[6.440528810576183,45.05440788155761],[6.483729674593462,45.05779303262062],[6.483729674593462,45.095029694313865],[6.512530250604982,45.10857029856595],[6.541330826616502,45.09841484537688],[6.562931258625156,45.11534060069201],[6.613332266645301,45.12211090281804],[6.627732554651061,45.10857029856595],[6.649332986659715,45.07471878793575],[6.663733274665475,45.07133363687271],[6.663733274665475,45.03071182411648],[6.670933418668341,45.02055637092741],[6.72853457069138,45.02055637092741],[6.750135002700034,45.00701576667532],[6.74293485869714,44.99009001136022],[6.764535290705794,44.95962365179301],[6.750135002700034,44.939312745414895],[6.750135002700034,44.90546123478467],[6.778935578711554,44.90207608372165],[6.8005360107201795,44.878380026280496],[6.8365367307345934,44.86483942202841],[6.8581371627432475,44.85129881777635],[6.908538170763393,44.844528515650296],[6.937338746774913,44.861454270965396],[6.966139322786432,44.84791366671331],[7.009340186803712,44.83775821352427],[7.016540330806606,44.807291853957054],[7.002140042800846,44.78698094757894],[7.023740474809472,44.77005519226384],[7.023740474809472,44.73620368163361],[7.038140762815232,44.71927792631851],[7.0669413388267515,44.712507624192455],[7.074141482829646,44.70235217100341],[7.074141482829646,44.678656113562255],[7.023740474809472,44.688811566751326],[6.987739754795086,44.688811566751326],[6.958939178783567,44.67527096249924],[6.958939178783567,44.661730358247155],[6.944538890777807,44.6549600561211],[6.958939178783567,44.634649149742984],[6.9517390347806725,44.61095309230183],[6.930138602772047,44.59402733698673],[6.930138602772047,44.57033127954557],[6.915738314766287,44.5601758263565],[6.879737594751873,44.55340552423047],[6.872537450749007,44.53647976891537],[6.8581371627432475,44.53309461785233],[6.8581371627432475,44.50262825828514],[6.879737594751873,44.48908765403306],[6.879737594751873,44.47554704978097],[6.908538170763393,44.46877674765494],[6.908538170763393,44.45185099233984],[6.937338746774913,44.43831038808776],[6.930138602772047,44.428154934898686],[6.894137882757633,44.42138463277263],[6.894137882757633,44.367222215764286],[6.922938458769153,44.35029646044919],[6.922938458769153,44.33337070513409],[6.937338746774913,44.32998555407107],[6.958939178783567,44.31305979875597],[6.958939178783567,44.29274889237783],[6.994939898797952,44.279208288125744],[6.994939898797952,44.24874192855856],[7.030940618812366,44.2250458711174],[7.081341626832511,44.23181617324346],[7.146142922858445,44.201349813676245],[7.167743354867071,44.20473496473929],[7.2037440748814845,44.18780920942416],[7.2037440748814845,44.17765375623512],[7.22534450689011,44.167498303046045],[7.23974479489587,44.174268605172074],[7.261345226904524,44.14718739666793],[7.28294565891315,44.14380224560489],[7.347746954939083,44.14380224560489],[7.354947098941949,44.11672103710072],[7.383747674953469,44.123491339226774],[7.4125482509649885,44.12010618816376],[7.426948538970748,44.1302616413528],[7.462949258985162,44.12687649028979],[7.498949978999548,44.14380224560489],[7.5277505550110675,44.140417094541874],[7.578151563031241,44.150572547730945],[7.621352427048521,44.150572547730945],[7.635752715054281,44.17765375623512],[7.67895357907156,44.17765375623512],[7.671753435068666,44.16072800091999],[7.67895357907156,44.140417094541874],[7.6645532910658005,44.133646792415846],[7.69335386707732,44.10995073497469],[7.69335386707732,44.0964101307226],[7.714954299085974,44.089639828596546],[7.714954299085974,44.062558620092375],[7.700554011080186,44.04224771371426],[7.6645532910658005,44.03209226052519],[7.6645532910658005,44.00501105202102],[7.657353147062906,43.97792984351685],[7.614152283045627,43.95761893713873],[7.592551851037001,43.95761893713873],[7.570951419028347,43.94746348394966],[7.570951419028347,43.923767426508505],[7.556551131022587,43.916997124382476],[7.563751275025481,43.900071369067376],[7.534950699013962,43.89330106694132],[7.498949978999548,43.87637531162622],[7.498949978999548,43.845908952059034],[7.513350267005308,43.83236834780695],[7.513350267005308,43.81544259249182],[7.5277505550110675,43.795131686113706],[7.520550411008202,43.784976232924635],[7.484549690993788,43.76466532654652],[7.462949258985162,43.761280175483506],[7.448548970979402,43.751124722294435],[7.426948538970748,43.74773957123142],[7.4125482509649885,43.734198966979335],[7.4125482509649885,43.72065836272725],[7.376547530950603,43.71727321166421],[7.354947098941949,43.72065836272725],[7.333346666933323,43.71050290953818],[7.304546090921804,43.68680685209702],[7.290145802916044,43.69357715422308],[7.25414508290163,43.69357715422308],[7.232544650893004,43.68003654997099],[7.22534450689011,43.656340492529836],[7.160543210864205,43.656340492529836],[7.131742634852685,43.629259284025665],[7.124542490849791,43.60894837764755],[7.124542490849791,43.55817111170222],[7.102942058841165,43.57171171595431],[7.081341626832511,43.568326564891294],[7.059741194823886,43.551400809576165],[7.030940618812366,43.53786020532408],[7.016540330806606,43.54801565851315],[6.980539610792192,43.54801565851315],[6.9517390347806725,43.53786020532408],[6.937338746774913,43.517549298945966],[6.9517390347806725,43.507393845756894],[6.9517390347806725,43.490468090441794],[6.930138602772047,43.48369778831574],[6.922938458769153,43.473542335126695],[6.922938458769153,43.44984627768554],[6.901338026760527,43.44646112662252],[6.894137882757633,43.42953537130742],[6.8581371627432475,43.43292052237044],[6.8581371627432475,43.412609615992295],[6.807736154723074,43.41599476705534],[6.78613572271442,43.40922446492928],[6.764535290705794,43.42276506918137],[6.750135002700034,43.42276506918137],[6.72853457069138,43.395683860677195],[6.72853457069138,43.38214325642511],[6.71413428268562,43.37198780323604],[6.71413428268562,43.34490659473187],[6.678133562671235,43.34152144366885],[6.663733274665475,43.317825386227696],[6.634932698653955,43.30766993303865],[6.584531690633781,43.28058872453448],[6.584531690633781,43.26366296921938],[6.620532410648195,43.26366296921938],[6.670933418668341,43.27720357347144],[6.692533850676995,43.273818422408425],[6.692533850676995,43.2501223649673],[6.663733274665475,43.24335206284124],[6.663733274665475,43.20950055221104],[6.642132842656821,43.1891896458329],[6.642132842656821,43.1722638905178],[6.627732554651061,43.16549358839174],[6.606132122642435,43.16887873945478],[6.598931978639541,43.18580449476988],[6.562931258625156,43.1891896458329],[6.541330826616502,43.18580449476988],[6.534130682613636,43.16549358839174],[6.519730394607876,43.16549358839174],[6.498129962599222,43.151952984139655],[6.462129242584837,43.15872328626571],[6.426128522570423,43.14856783307664],[6.382927658553143,43.145182682013626],[6.3613272265445175,43.128256926698526],[6.3613272265445175,43.08763511394227],[6.332526650532998,43.091020265005284],[6.310926218524344,43.107946020320384],[6.289325786515718,43.107946020320384],[6.274925498509958,43.12148662457247],[6.2461249224984385,43.11471632244644],[6.195723914478265,43.11471632244644],[6.166923338466745,43.101175718194355],[6.152523050460985,43.08086481181621],[6.152523050460985,43.02670239480787],[6.1309226184523595,43.043628150123],[6.1309226184523595,43.074094509690184],[6.1165223304466,43.084249962879255],[6.07332146642932,43.08763511394227],[6.051721034420666,43.0774796607532],[6.022920458409146,43.0774796607532],[6.022920458409146,43.09779056713134],[5.986919738394732,43.107946020320384],[5.936518730374587,43.107946020320384],[5.922118442368827,43.118101473509455],[5.907718154363067,43.0944054160683],[5.864517290345788,43.0605539054381],[5.864517290345788,43.05039845224903],[5.842916858337134,43.04701330118601],[5.821316426328508,43.05378360331204],[5.806916138322748,43.06732420756413],[5.806916138322748,43.091020265005284],[5.814116282325614,43.1113311713834],[5.792515850316988,43.1113311713834],[5.7637152743054685,43.135027228824555],[5.720514410288189,43.135027228824555],[5.684513690273775,43.151952984139655],[5.691713834276669,43.179034192643826],[5.670113402268015,43.179034192643826],[5.6485129702593895,43.1891896458329],[5.612512250244976,43.18241934370687],[5.612512250244976,43.16549358839174],[5.59091181823635,43.16549358839174],[5.54771095421907,43.19257479689591],[5.54771095421907,43.20950055221104],[5.497309946198897,43.20273025008498],[5.454109082181617,43.206115401148],[5.410908218164337,43.212885703274054],[5.367707354147058,43.206115401148],[5.346106922138432,43.212885703274054],[5.346106922138432,43.229811458589154],[5.374907498149952,43.246737213904254],[5.374907498149952,43.26027781815634],[5.360507210144192,43.27720357347144],[5.360507210144192,43.30766993303865],[5.338906778135538,43.334751141542824],[5.331706634132672,43.351676896857924],[5.310106202124018,43.361832350046996],[5.245304906098113,43.334751141542824],[5.173303466069314,43.32798083941677],[5.072501450028966,43.32798083941677],[5.029300586011686,43.33136599047978],[5.0149002980059265,43.368602652173024],[4.986099721994407,43.39229870961418],[4.971699433988647,43.412609615992295],[4.971699433988647,43.42615022024438],[4.928498569971367,43.43292052237044],[4.885297705954088,43.41937991811835],[4.849296985939702,43.39906901174021],[4.849296985939702,43.38214325642511],[4.870897417948328,43.368602652173024],[4.878097561951222,43.34829174579491],[4.856497129942568,43.33136599047978],[4.827696553931048,43.33136599047978],[4.7844956899137685,43.34829174579491],[4.755695113902249,43.351676896857924],[4.712494249884969,43.34829174579491],[4.64049280985617,43.34829174579491],[4.58289165783313,43.35844719898395],[4.5540910818216105,43.378758105362095],[4.5540910818216105,43.38891355855117],[4.590091801836024,43.39906901174021],[4.590091801836024,43.42276506918137],[4.5756915138302645,43.43630567343345],[4.546890937818745,43.44984627768554],[4.510890217804331,43.456616579811566],[4.446088921778426,43.456616579811566],[4.4388887777755315,43.44984627768554],[4.402888057761146,43.44646112662252],[4.381287625752492,43.45323142874855],[4.3236864737294525,43.456616579811566],[4.273285465709307,43.456616579811566],[4.230084601691999,43.46000173087461]],[[5.072501450028966,43.52770475213504],[5.029300586011686,43.53786020532408],[5.000500010000167,43.51416414788295],[5.000500010000167,43.47015718406365],[5.043700874017446,43.47015718406365],[5.058101162023206,43.44646112662252],[5.058101162023206,43.40245416280325],[5.09410188203762,43.39906901174021],[5.115702314046246,43.40583931386627],[5.1373027460549,43.39906901174021],[5.173303466069314,43.41937991811835],[5.230904618092353,43.46000173087461],[5.223704474089459,43.48369778831574],[5.202104042080833,43.490468090441794],[5.173303466069314,43.47692748618971],[5.158903178063554,43.46338688193762],[5.1301026020520055,43.47015718406365],[5.115702314046246,43.500623543630866],[5.115702314046246,43.524319601071994],[5.072501450028966,43.52770475213504]]]}},{"type":"Feature","properties":{"name":"Corse","code":"94","nom":"Corse"},"geometry":{"type":"Polygon","coordinates":[[[9.133382667653336,41.391674431368614],[9.090181803636057,41.4052150356207],[9.104582091641817,41.41537048880976],[9.104582091641817,41.42891109306184],[9.118982379647576,41.44245169731393],[9.075781515630297,41.44245169731393],[9.061381227624537,41.462762603692056],[9.039780795615883,41.4695329058181],[9.018180363607257,41.466147754755085],[9.010980219604363,41.47630320794414],[8.989379787595738,41.47630320794414],[8.960579211584218,41.493228963259256],[8.931778635572698,41.48984381219623],[8.917378347566938,41.50676956751134],[8.881377627552524,41.50676956751134],[8.888577771555418,41.5169250207004],[8.838176763535245,41.52031017176341],[8.852577051541004,41.5338507760155],[8.845376907538139,41.547391380267584],[8.7877757555151,41.557546833456655],[8.794975899517965,41.56770228664571],[8.7877757555151,41.59816864621291],[8.7877757555151,41.621864703654055],[8.794975899517965,41.632020156843126],[8.823776475529485,41.63540530790614],[8.852577051541004,41.648945912158226],[8.881377627552524,41.65571621428427],[8.881377627552524,41.67264196959938],[8.910178203564044,41.6760271206624],[8.910178203564044,41.68956772491448],[8.881377627552524,41.696338027040525],[8.845376907538139,41.696338027040525],[8.823776475529485,41.70987863129261],[8.7877757555151,41.70987863129261],[8.77337546750934,41.72003408448167],[8.7877757555151,41.73357468873375],[8.75897517950358,41.740344990859796],[8.722974459489166,41.7234192355447],[8.70137402748054,41.740344990859796],[8.679773595471886,41.74711529298584],[8.73017460349206,41.77419650149001],[8.73017460349206,41.787737105742096],[8.74457489149782,41.81143316318325],[8.77337546750934,41.81143316318325],[8.766175323506445,41.838514371687424],[8.7877757555151,41.85205497593951],[8.7877757555151,41.882521335506695],[8.80217604352086,41.88929163763274],[8.80217604352086,41.90283224188482],[8.7877757555151,41.91975799719992],[8.751775035500685,41.93329860145201],[8.722974459489166,41.909602544010866],[8.65817316346326,41.90621739294784],[8.6437728754575,41.909602544010866],[8.61497229944598,41.899447090821795],[8.607772155443087,41.91637284613691],[8.622172443448846,41.926528299325966],[8.622172443448846,41.94006890357805],[8.593371867437327,41.96715011208222],[8.62937258745174,41.97053526314525],[8.650973019460366,41.96715011208222],[8.665373307466126,41.977305565271294],[8.65817316346326,42.01115707590151],[8.68697373947478,42.02808283121661],[8.722974459489166,42.031467982279636],[8.74457489149782,42.04162343546869],[8.74457489149782,42.05854919078379],[8.7157743154863,42.07208979503588],[8.7157743154863,42.08224524822495],[8.694173883477646,42.112711607792136],[8.665373307466126,42.10594130566609],[8.650973019460366,42.11948190991818],[8.622172443448846,42.12286706098121],[8.61497229944598,42.133022514170264],[8.593371867437327,42.13979281629631],[8.586171723434461,42.15333342054839],[8.593371867437327,42.17025917586351],[8.578971579431567,42.17702947798955],[8.578971579431567,42.207495837556735],[8.571771435428673,42.23119189499788],[8.578971579431567,42.24473249924996],[8.607772155443087,42.24811765031299],[8.61497229944598,42.254887952439034],[8.694173883477646,42.26504340562809],[8.65817316346326,42.302280067321334],[8.62937258745174,42.302280067321334],[8.60057201144022,42.30905036944738],[8.607772155443087,42.32259097369946],[8.62937258745174,42.33274642688852],[8.61497229944598,42.34967218220363],[8.593371867437327,42.35305733326665],[8.578971579431567,42.33951672901456],[8.557371147422913,42.33274642688852],[8.550171003420047,42.356442484329676],[8.557371147422913,42.36659793751873],[8.607772155443087,42.38690884389686],[8.607772155443087,42.41737520346405],[8.636572731454606,42.42076035452706],[8.65817316346326,42.41399005240103],[8.65817316346326,42.43768610984219],[8.665373307466126,42.457997016220304],[8.679773595471886,42.474922771535404],[8.650973019460366,42.474922771535404],[8.665373307466126,42.49184852685053],[8.665373307466126,42.51554458429166],[8.722974459489166,42.52570003748073],[8.7157743154863,42.53924064173282],[8.722974459489166,42.56632185023699],[8.75897517950358,42.5697070013],[8.75897517950358,42.55955154811096],[8.780575611512205,42.55616639704792],[8.80217604352086,42.5697070013],[8.80217604352086,42.590017907678146],[8.823776475529485,42.606943662993245],[8.874177483549659,42.61032881405626],[8.881377627552524,42.62725456937136],[8.910178203564044,42.62725456937136],[8.917378347566938,42.63741002256043],[8.967779355587084,42.63402487149742],[8.974979499589978,42.640795173623445],[9.018180363607257,42.640795173623445],[9.025380507610123,42.65433577787553],[9.046980939618777,42.65433577787553],[9.054181083621643,42.6814169863797],[9.097381947638922,42.71526849700993],[9.154983099661962,42.735579403388044],[9.190983819676376,42.725423950199],[9.226984539690761,42.73219425232503],[9.234184683693655,42.718653648072944],[9.255785115702281,42.718653648072944],[9.2845856917138,42.67464668425367],[9.29898597971956,42.67464668425367],[9.320586411728215,42.69157243956877],[9.320586411728215,42.718653648072944],[9.34218684373684,42.728809101262016],[9.34218684373684,42.80328242464847],[9.31338626772532,42.82697848208963],[9.31338626772532,42.84390423740473],[9.334986699733975,42.86082999271983],[9.320586411728215,42.901451805476086],[9.3565871317426,42.91499240972817],[9.3565871317426,42.9488439203584],[9.34218684373684,42.9996211863037],[9.3565871317426,43.006391488429756],[9.41418828376564,43.006391488429756],[9.442988859777188,42.9996211863037],[9.457389147782948,42.979310279925585],[9.457389147782948,42.9488439203584],[9.471789435788708,42.92514786291724],[9.471789435788708,42.887911201224],[9.486189723794467,42.857444841656815],[9.486189723794467,42.81682302890056],[9.493389867797333,42.7931269714594],[9.471789435788708,42.77281606508129],[9.457389147782948,42.73219425232503],[9.457389147782948,42.70511304382086],[9.450189003780054,42.701727892757845],[9.450189003780054,42.65433577787553],[9.464589291785813,42.63402487149742],[9.493389867797333,42.60355851193023],[9.522190443808853,42.579862454489074],[9.536590731814613,42.54262579279583],[9.529390587811747,42.51554458429166],[9.529390587811747,42.48169307366146],[9.543790875817507,42.46138216728332],[9.543790875817507,42.42076035452706],[9.536590731814613,42.41737520346405],[9.536590731814613,42.39029399495989],[9.529390587811747,42.36998308858176],[9.536590731814613,42.33951672901456],[9.550991019820373,42.319205822636434],[9.558191163823267,42.29550976519529],[9.558191163823267,42.251502801376006],[9.550991019820373,42.24811765031299],[9.550991019820373,42.217651290745806],[9.558191163823267,42.21426613968278],[9.558191163823267,42.12286706098121],[9.550991019820373,42.10255615460308],[9.529390587811747,42.085630399287965],[9.514990299805987,42.065319492909836],[9.493389867797333,42.048393737594736],[9.457389147782948,42.00100162271244],[9.421388427768534,41.97053526314525],[9.41418828376564,41.96037980995618],[9.41418828376564,41.909602544010866],[9.39978799575988,41.89606193975878],[9.39978799575988,41.84528467381347],[9.406988139762774,41.818203465309296],[9.392587851757014,41.80127770999418],[9.406988139762774,41.77419650149001],[9.406988139762774,41.70987863129261],[9.39978799575988,41.6929528759775],[9.38538770775412,41.68956772491448],[9.37098741974836,41.67264196959938],[9.38538770775412,41.66248651641031],[9.38538770775412,41.64556076109521],[9.349386987739734,41.63879045896917],[9.349386987739734,41.62524985471708],[9.2845856917138,41.60832409940197],[9.2845856917138,41.58801319302384],[9.306186123722455,41.58801319302384],[9.31338626772532,41.601553797275926],[9.32778655573108,41.604938948338955],[9.34218684373684,41.59478349514988],[9.349386987739734,41.56093198451967],[9.32778655573108,41.56093198451967],[9.291785835716695,41.54062107814154],[9.277385547710935,41.50338441644831],[9.2845856917138,41.47630320794414],[9.255785115702281,41.462762603692056],[9.248584971699415,41.44922199943997],[9.219784395687896,41.43906654625091],[9.226984539690761,41.41537048880976],[9.262985259705175,41.42891109306184],[9.262985259705175,41.418755639872785],[9.234184683693655,41.39505958243163],[9.219784395687896,41.36797837392746],[9.176583531670616,41.36797837392746],[9.169383387667722,41.38490412924257],[9.133382667653336,41.391674431368614]]]}}]}