{"type":"FeatureCollection","features":[{"type":"Feature","properties":{"name":"Hamburg","cartodb_id":1,"created_at":"2013-11-30T06:05:29+0100","updated_at":"2013-11-30T06:05:29+0100"},"geometry":{"type":"Polygon","coordinates":[[[10.30700614012278,53.43265676253523],[10.29260585211702,53.4258864604092],[10.285405708114126,53.4258864604092],[10.2638052761055,53.419116158283146],[10.256605132102607,53.419116158283146],[10.256605132102607,53.41573100722013],[10.24940498809974,53.41234585615712],[10.24940498809974,53.408960705094074],[10.242204844096847,53.39880525190503],[10.235004700093981,53.39542010084199],[10.227804556091087,53.39542010084199],[10.177403548070941,53.39542010084199],[10.170203404068047,53.39542010084199],[10.170203404068047,53.39880525190503],[10.163003260065182,53.39880525190503],[10.105402108042142,53.4258864604092],[10.105402108042142,53.42927161147222],[10.098201964039248,53.4428122157243],[10.083801676033488,53.44958251785033],[10.083801676033488,53.452967668913374],[10.055001100021968,53.46312312210242],[10.047800956019103,53.46312312210242],[10.040600812016208,53.45635281997639],[10.040600812016208,53.452967668913374],[10.047800956019103,53.44958251785033],[10.047800956019103,53.44619736678732],[10.019000380007583,53.4258864604092],[9.982999659993169,53.41573100722013],[9.975799515990303,53.41234585615712],[9.918198363967264,53.4258864604092],[9.918198363967264,53.43265676253523],[9.918198363967264,53.436041913598245],[9.918198363967264,53.4428122157243],[9.903798075961504,53.45635281997639],[9.89659793195861,53.45635281997639],[9.874997499949984,53.4428122157243],[9.86779735594709,53.43265676253523],[9.860597211944224,53.42927161147222],[9.846196923938464,53.43942706466129],[9.79579591591829,53.469893424228474],[9.78139562791253,53.4935894816696],[9.788595771915425,53.50035978379566],[9.76699533990677,53.50374493485867],[9.76699533990677,53.51051523698473],[9.774195483909665,53.52744099229983],[9.774195483909665,53.554522200804],[9.730994619892385,53.557907351867016],[9.738194763895251,53.56467765399307],[9.745394907898145,53.591758862497244],[9.745394907898145,53.59852916462327],[9.759795195903905,53.625610373127444],[9.76699533990677,53.62899552419046],[9.76699533990677,53.62222522206443],[9.76699533990677,53.61545491993837],[9.79579591591829,53.59852916462327],[9.81019620392405,53.591758862497244],[9.81019620392405,53.5883737114342],[9.817396347926945,53.5883737114342],[9.82459649192981,53.58498856037119],[9.831796635932704,53.58498856037119],[9.83899677993557,53.591758862497244],[9.88219764395285,53.62222522206443],[9.89659793195861,53.6323806752535],[9.903798075961504,53.635765826316515],[9.903798075961504,53.64253612844254],[9.903798075961504,53.652691581631615],[9.918198363967264,53.652691581631615],[9.946998939978783,53.652691581631615],[9.968599371987409,53.6493064305686],[9.982999659993169,53.6493064305686],[9.990199803996063,53.65946188375767],[9.990199803996063,53.662847034820686],[9.990199803996063,53.669617336946715],[9.990199803996063,53.67300248800973],[9.997399947998929,53.679772790135786],[10.040600812016208,53.6831579411988],[10.047800956019103,53.67638763907277],[10.069401388027728,53.679772790135786],[10.076601532030622,53.70346884757694],[10.069401388027728,53.70685399863996],[10.069401388027728,53.71023914970297],[10.083801676033488,53.72039460289204],[10.091001820036382,53.72039460289204],[10.098201964039248,53.72039460289204],[10.127002540050768,53.72039460289204],[10.141402828056528,53.72716490501807],[10.163003260065182,53.73732035820714],[10.191803836076701,53.730550056081114],[10.191803836076701,53.72377975395506],[10.184603692073807,53.71023914970297],[10.155803116062287,53.68992824332486],[10.141402828056528,53.679772790135786],[10.141402828056528,53.67638763907277],[10.177403548070941,53.662847034820686],[10.220604412088221,53.6323806752535],[10.220604412088221,53.625610373127444],[10.191803836076701,53.608684617812344],[10.199003980079567,53.59852916462327],[10.191803836076701,53.5883737114342],[10.191803836076701,53.58498856037119],[10.170203404068047,53.58160340930817],[10.163003260065182,53.58498856037119],[10.148602972059422,53.57821825824516],[10.148602972059422,53.56467765399307],[10.148602972059422,53.557907351867016],[10.163003260065182,53.52744099229983],[10.163003260065182,53.52067069017377],[10.220604412088221,53.50035978379566],[10.235004700093981,53.4935894816696],[10.242204844096847,53.48343402848056],[10.30700614012278,53.4428122157243],[10.30700614012278,53.44619736678732],[10.30700614012278,53.44958251785033],[10.314206284125675,53.44958251785033],[10.32140642812854,53.44958251785033],[10.314206284125675,53.43942706466129],[10.30700614012278,53.43265676253523]]]}},{"type":"Feature","properties":{"name":"Niedersachsen","cartodb_id":2,"created_at":"2013-11-30T06:05:29+0100","updated_at":"2013-11-30T06:05:29+0100"},"geometry":{"type":"Polygon","coordinates":[[[9.169383387667722,53.87949670285403],[9.198183963679242,53.87949670285403],[9.205384107682136,53.87949670285403],[9.234184683693655,53.87611155179101],[9.270185403708041,53.869341249664984],[9.291785835716695,53.86257094753893],[9.29898597971956,53.85918579647591],[9.320586411728215,53.84903034328684],[9.363787275745494,53.81179368159363],[9.37098741974836,53.808408530530585],[9.378187563751254,53.801638228404556],[9.378187563751254,53.79825307734154],[9.378187563751254,53.7948679262785],[9.392587851757014,53.781327322026414],[9.41418828376564,53.75086096245923],[9.421388427768534,53.74070550927016],[9.4285885717714,53.73393520714413],[9.442988859777188,53.72716490501807],[9.450189003780054,53.72377975395506],[9.486189723794467,53.70685399863996],[9.500590011800227,53.696698545450886],[9.507790155803093,53.69331339438787],[9.507790155803093,53.68992824332486],[9.514990299805987,53.686543092261815],[9.522190443808853,53.67300248800973],[9.522190443808853,53.6662321858837],[9.529390587811747,53.662847034820686],[9.529390587811747,53.65607673269463],[9.529390587811747,53.645921279505586],[9.529390587811747,53.64253612844254],[9.536590731814613,53.6323806752535],[9.543790875817507,53.625610373127444],[9.550991019820373,53.61545491993837],[9.586991739834787,53.59852916462327],[9.673393467869346,53.56467765399307],[9.702194043880866,53.56129250293003],[9.702194043880866,53.557907351867016],[9.716594331886625,53.557907351867016],[9.723794475889491,53.557907351867016],[9.730994619892385,53.557907351867016],[9.774195483909665,53.554522200804],[9.774195483909665,53.52744099229983],[9.76699533990677,53.51051523698473],[9.76699533990677,53.50374493485867],[9.788595771915425,53.50035978379566],[9.78139562791253,53.4935894816696],[9.79579591591829,53.469893424228474],[9.846196923938464,53.43942706466129],[9.860597211944224,53.42927161147222],[9.86779735594709,53.43265676253523],[9.874997499949984,53.4428122157243],[9.89659793195861,53.45635281997639],[9.903798075961504,53.45635281997639],[9.918198363967264,53.4428122157243],[9.918198363967264,53.436041913598245],[9.918198363967264,53.43265676253523],[9.918198363967264,53.4258864604092],[9.975799515990303,53.41234585615712],[9.982999659993169,53.41573100722013],[10.019000380007583,53.4258864604092],[10.047800956019103,53.44619736678732],[10.047800956019103,53.44958251785033],[10.040600812016208,53.452967668913374],[10.040600812016208,53.45635281997639],[10.047800956019103,53.46312312210242],[10.055001100021968,53.46312312210242],[10.083801676033488,53.452967668913374],[10.083801676033488,53.44958251785033],[10.098201964039248,53.4428122157243],[10.105402108042142,53.42927161147222],[10.105402108042142,53.4258864604092],[10.163003260065182,53.39880525190503],[10.170203404068047,53.39880525190503],[10.170203404068047,53.39542010084199],[10.177403548070941,53.39542010084199],[10.227804556091087,53.39542010084199],[10.235004700093981,53.39542010084199],[10.242204844096847,53.39880525190503],[10.24940498809974,53.408960705094074],[10.24940498809974,53.41234585615712],[10.256605132102607,53.41573100722013],[10.256605132102607,53.419116158283146],[10.2638052761055,53.419116158283146],[10.285405708114126,53.4258864604092],[10.29260585211702,53.4258864604092],[10.30700614012278,53.43265676253523],[10.328606572131434,53.4258864604092],[10.3358067161343,53.4258864604092],[10.35020700414006,53.4258864604092],[10.36460729214582,53.4258864604092],[10.371807436148714,53.4258864604092],[10.37900758015158,53.42250130934616],[10.39340786815734,53.41573100722013],[10.400608012160234,53.41234585615712],[10.415008300165994,53.40557555403106],[10.429408588171754,53.39880525190503],[10.443808876177513,53.392034949778974],[10.45100902018038,53.392034949778974],[10.472609452189033,53.385264647652946],[10.494209884197659,53.375109194463874],[10.501410028200553,53.375109194463874],[10.508610172203419,53.37172404340086],[10.530210604212073,53.37172404340086],[10.544610892217833,53.36833889233782],[10.573411468229352,53.36156859021179],[10.580611612232218,53.358183439148775],[10.595011900237978,53.36156859021179],[10.602212044240872,53.3649537412748],[10.609412188243738,53.36833889233782],[10.616612332246632,53.36833889233782],[10.623812476249498,53.36833889233782],[10.638212764255258,53.37172404340086],[10.703014060281191,53.37172404340086],[10.710214204284057,53.36833889233782],[10.724614492289817,53.358183439148775],[10.731814636292711,53.358183439148775],[10.731814636292711,53.35479828808573],[10.739014780295577,53.3480279859597],[10.739014780295577,53.34464283489669],[10.77501550030999,53.324331928518546],[10.78941578831575,53.31756162639252],[10.83261665233303,53.30402102214043],[10.84701694033879,53.31079132426646],[10.883017660353175,53.32094677745553],[10.89021780435607,53.324331928518546],[10.89021780435607,53.32771707958156],[10.91901838036759,53.3480279859597],[10.983819676393495,53.33448738170762],[11.027020540410774,53.280324964699275],[11.063021260425188,53.236318000880004],[11.063021260425188,53.23293284981699],[11.084621692433814,53.219392245564904],[11.091821836436708,53.21262194343885],[11.135022700453987,53.19231103706073],[11.156623132462613,53.18892588599769],[11.178223564471267,53.185540734934676],[11.192623852477027,53.18215558387166],[11.192623852477027,53.175385281745605],[11.185423708474161,53.16522982855656],[11.185423708474161,53.16184467749352],[11.171023420468401,53.158459526430505],[11.178223564471267,53.148304073241434],[11.214224284485681,53.14491892217842],[11.221424428488547,53.14491892217842],[11.22862457249144,53.141533771115405],[11.235824716494307,53.141533771115405],[11.2430248604972,53.13814862005239],[11.250225004500066,53.13476346898938],[11.25742514850296,53.131378317926334],[11.264625292505826,53.12799316686332],[11.264625292505826,53.124608015800305],[11.264625292505826,53.12122286473729],[11.27182543650872,53.10429710942216],[11.27182543650872,53.10091195835915],[11.27182543650872,53.097526807296134],[11.279025580511586,53.09414165623312],[11.28622572451448,53.09075650517008],[11.32942658853176,53.06029014560289],[11.336626732534626,53.05690499453988],[11.34382687653752,53.05351984347686],[11.351027020540386,53.05351984347686],[11.351027020540386,53.05690499453988],[11.365427308546145,53.06029014560289],[11.379827596551905,53.063675296665906],[11.3870277405548,53.06706044772895],[11.394227884557665,53.06706044772895],[11.394227884557665,53.07044559879196],[11.40142802856056,53.07044559879196],[11.40142802856056,53.07383074985498],[11.437428748574945,53.07721590091799],[11.444628892577839,53.080601051981034],[11.451829036580705,53.080601051981034],[11.451829036580705,53.07721590091799],[11.459029180583599,53.07721590091799],[11.466229324586465,53.07383074985498],[11.473429468589359,53.06706044772895],[11.487829756595119,53.06029014560289],[11.495029900597984,53.05351984347686],[11.502230044600879,53.05013469241382],[11.509430188603744,53.046749541350806],[11.516630332606638,53.046749541350806],[11.581431628632544,53.036594088161735],[11.588631772635438,53.036594088161735],[11.595831916638303,53.036594088161735],[11.567031340626784,53.012898030720606],[11.523830476609504,53.00612772859455],[11.509430188603744,53.00612772859455],[11.495029900597984,52.958735613712264],[11.502230044600879,52.941809858397164],[11.487829756595119,52.941809858397164],[11.466229324586465,52.93842470733412],[11.459029180583599,52.93503955627111],[11.451829036580705,52.93165440520809],[11.3870277405548,52.90118804564091],[11.315026300526,52.87749198819975],[11.307826156523106,52.87749198819975],[11.293425868517346,52.874106837136736],[11.27182543650872,52.880877139262765],[11.235824716494307,52.88764744138882],[11.221424428488547,52.897802894577865],[11.207024140482787,52.90118804564091],[11.199823996479921,52.90118804564091],[11.185423708474161,52.90118804564091],[11.156623132462613,52.90118804564091],[11.135022700453987,52.897802894577865],[11.113422268445333,52.89441774351485],[11.106222124442468,52.897802894577865],[11.099021980439574,52.897802894577865],[11.091821836436708,52.897802894577865],[11.099021980439574,52.91134349882995],[11.099021980439574,52.91472864989299],[11.091821836436708,52.91472864989299],[11.027020540410774,52.91472864989299],[11.005420108402149,52.91134349882995],[10.998219964399254,52.91134349882995],[10.991019820396389,52.907958347766936],[10.991019820396389,52.90118804564091],[10.991019820396389,52.88764744138882],[10.983819676393495,52.88426229032578],[10.983819676393495,52.880877139262765],[10.940618812376215,52.853795930758594],[10.89021780435607,52.847025628632565],[10.87581751635031,52.847025628632565],[10.86141722834455,52.853795930758594],[10.839816796335896,52.853795930758594],[10.83261665233303,52.847025628632565],[10.825416508330136,52.847025628632565],[10.796615932318616,52.85041077969558],[10.767815356307096,52.84364047756952],[10.767815356307096,52.84025532650651],[10.767815356307096,52.83348502438048],[10.76061521230423,52.79963351375025],[10.76061521230423,52.79624836268724],[10.753415068301337,52.786092909498166],[10.76061521230423,52.77593745630912],[10.77501550030999,52.76239685205704],[10.78941578831575,52.73193049248982],[10.796615932318616,52.71500473717472],[10.80381607632151,52.71500473717472],[10.811016220324376,52.71500473717472],[10.825416508330136,52.71838988823774],[10.825416508330136,52.71500473717472],[10.83261665233303,52.708234435048695],[10.839816796335896,52.69469383079661],[10.854217084341656,52.681153226544524],[10.86141722834455,52.67438292441847],[10.87581751635031,52.664227471229395],[10.897417948358935,52.64391656485128],[10.911818236364695,52.62699080953618],[10.911818236364695,52.61683535634711],[10.91901838036759,52.61006505422105],[10.926218524370455,52.61006505422105],[10.940618812376215,52.61683535634711],[10.947818956379109,52.620220507410124],[10.962219244384869,52.62699080953618],[10.976619532390629,52.62360565847314],[10.976619532390629,52.613450205284096],[10.976619532390629,52.61006505422105],[10.976619532390629,52.60667990315804],[10.969419388387735,52.603294752095024],[10.955019100381975,52.59313929890595],[10.940618812376215,52.58975414784294],[10.93341866837335,52.56605809040178],[10.940618812376215,52.55590263721274],[10.947818956379109,52.54574718402367],[10.955019100381975,52.53897688189761],[10.962219244384869,52.5355917308346],[10.976619532390629,52.52205112658251],[11.012620252405014,52.49496991807834],[10.983819676393495,52.49496991807834],[10.947818956379109,52.48481446488927],[10.93341866837335,52.47127386063718],[10.93341866837335,52.46111840744814],[10.969419388387735,52.430652047880926],[11.005420108402149,52.41034114150281],[11.034220684413668,52.3900302351247],[11.041420828416534,52.3900302351247],[11.048620972419428,52.386645084061655],[11.077421548430948,52.37310447980957],[11.070221404428054,52.35617872449447],[11.055821116422294,52.34940842236844],[11.034220684413668,52.3460232713054],[11.027020540410774,52.3460232713054],[11.019820396407908,52.34940842236844],[10.991019820396389,52.342638120242384],[10.983819676393495,52.342638120242384],[10.983819676393495,52.335867818116355],[10.998219964399254,52.335867818116355],[11.034220684413668,52.3121717606752],[11.041420828416534,52.30201630748613],[11.034220684413668,52.29863115642311],[11.027020540410774,52.2952460053601],[11.019820396407908,52.2952460053601],[11.012620252405014,52.291860854297056],[11.012620252405014,52.28847570323404],[11.019820396407908,52.27832025004497],[11.034220684413668,52.27154994791894],[11.048620972419428,52.25462419260384],[11.055821116422294,52.241083588351756],[11.070221404428054,52.241083588351756],[11.084621692433814,52.2343132862257],[11.084621692433814,52.22754298409967],[11.077421548430948,52.2173875309106],[11.070221404428054,52.2173875309106],[11.034220684413668,52.21061722878457],[11.027020540410774,52.21061722878457],[11.019820396407908,52.20723207772153],[11.012620252405014,52.197076624532485],[11.012620252405014,52.19030632240643],[11.012620252405014,52.186921171343414],[11.012620252405014,52.1835360202804],[11.012620252405014,52.18015086921736],[11.019820396407908,52.17676571815434],[11.027020540410774,52.17676571815434],[11.027020540410774,52.17338056709133],[11.034220684413668,52.17338056709133],[11.048620972419428,52.17338056709133],[11.055821116422294,52.17338056709133],[11.063021260425188,52.17338056709133],[11.063021260425188,52.16661026496527],[11.063021260425188,52.153069660713186],[11.034220684413668,52.136143905398086],[11.012620252405014,52.122603301146],[10.991019820396389,52.11244784795693],[10.969419388387735,52.109062696893915],[10.962219244384869,52.109062696893915],[10.962219244384869,52.1056775458309],[10.940618812376215,52.102292394767886],[10.940618812376215,52.09552209264183],[10.940618812376215,52.092136941578815],[10.947818956379109,52.092136941578815],[10.955019100381975,52.0887517905158],[10.962219244384869,52.0887517905158],[10.969419388387735,52.0887517905158],[10.969419388387735,52.08536663945276],[10.969419388387735,52.075211186263715],[10.969419388387735,52.0718260352007],[10.962219244384869,52.058285430948615],[10.955019100381975,52.058285430948615],[10.940618812376215,52.058285430948615],[10.93341866837335,52.058285430948615],[10.87581751635031,52.058285430948615],[10.868617372347416,52.05490027988557],[10.86141722834455,52.05490027988557],[10.86141722834455,52.05151512882256],[10.854217084341656,52.05151512882256],[10.84701694033879,52.05151512882256],[10.83261665233303,52.048129977759544],[10.825416508330136,52.048129977759544],[10.80381607632151,52.048129977759544],[10.78941578831575,52.05151512882256],[10.710214204284057,52.048129977759544],[10.703014060281191,52.048129977759544],[10.695813916278297,52.048129977759544],[10.659813196263912,52.04474482669653],[10.645412908258152,52.04135967563349],[10.652613052261017,52.03458937350746],[10.659813196263912,52.0278190713814],[10.652613052261017,52.02443392031839],[10.638212764255258,52.014278467129316],[10.602212044240872,52.00750816500329],[10.559011180223592,52.00412301394027],[10.566211324226458,52.00073786287723],[10.573411468229352,51.997352711814216],[10.580611612232218,51.987197258625145],[10.587811756235112,51.98381210756213],[10.587811756235112,51.980426956499116],[10.623812476249498,51.95673089905796],[10.631012620252392,51.96011605012097],[10.638212764255258,51.96011605012097],[10.645412908258152,51.963501201184016],[10.652613052261017,51.95673089905796],[10.645412908258152,51.953345747994945],[10.623812476249498,51.94996059693193],[10.616612332246632,51.94319029480587],[10.609412188243738,51.93980514374286],[10.616612332246632,51.92287938842776],[10.631012620252392,51.9161090863017],[10.638212764255258,51.91272393523869],[10.645412908258152,51.909338784175674],[10.645412908258152,51.90595363311263],[10.652613052261017,51.90256848204962],[10.652613052261017,51.8991833309866],[10.652613052261017,51.892413028860574],[10.652613052261017,51.88902787779753],[10.638212764255258,51.87887242460849],[10.631012620252392,51.87210212248243],[10.609412188243738,51.86194666929336],[10.587811756235112,51.85179121610432],[10.580611612232218,51.85179121610432],[10.580611612232218,51.848406065041274],[10.573411468229352,51.84502091397826],[10.573411468229352,51.841635762915246],[10.573411468229352,51.814554554411075],[10.580611612232218,51.780703043780846],[10.595011900237978,51.76716243952876],[10.609412188243738,51.76039213740273],[10.631012620252392,51.74008123102459],[10.667013340266777,51.69607426720532],[10.667013340266777,51.68930396507929],[10.667013340266777,51.67914851189022],[10.674213484269671,51.66899305870115],[10.688613772275431,51.64529700126002],[10.695813916278297,51.64529700126002],[10.695813916278297,51.641911850196976],[10.703014060281191,51.641911850196976],[10.674213484269671,51.63852669913396],[10.674213484269671,51.63175639700793],[10.667013340266777,51.62837124594489],[10.659813196263912,51.624986094881876],[10.638212764255258,51.62160094381886],[10.638212764255258,51.61821579275585],[10.631012620252392,51.60129003744072],[10.631012620252392,51.597904886377705],[10.638212764255258,51.58436428212562],[10.645412908258152,51.58436428212562],[10.667013340266777,51.57759397999959],[10.667013340266777,51.57420882893655],[10.659813196263912,51.56743852681052],[10.652613052261017,51.56066822468446],[10.638212764255258,51.56066822468446],[10.631012620252392,51.564053375747505],[10.631012620252392,51.56743852681052],[10.595011900237978,51.57420882893655],[10.587811756235112,51.56743852681052],[10.559011180223592,51.55728307362145],[10.515810316206313,51.553897922558434],[10.508610172203419,51.55728307362145],[10.501410028200553,51.56066822468446],[10.494209884197659,51.57420882893655],[10.443808876177513,51.587749433188634],[10.429408588171754,51.59113458425168],[10.386207724154474,51.587749433188634],[10.37900758015158,51.580979131062605],[10.37900758015158,51.57759397999959],[10.37900758015158,51.570823677873534],[10.37900758015158,51.56743852681052],[10.37900758015158,51.564053375747505],[10.37900758015158,51.56066822468446],[10.36460729214582,51.553897922558434],[10.371807436148714,51.553897922558434],[10.36460729214582,51.54035731830635],[10.36460729214582,51.536972167243334],[10.343006860137194,51.520046411928234],[10.299805996119915,51.49635035448708],[10.299805996119915,51.49296520342406],[10.235004700093981,51.47942459917198],[10.213404268085327,51.47942459917198],[10.206204124082461,51.486194901298006],[10.191803836076701,51.47942459917198],[10.177403548070941,51.469269145982906],[10.155803116062287,51.432032484289664],[10.148602972059422,51.432032484289664],[10.141402828056528,51.42864733322665],[10.105402108042142,51.43541763535268],[10.091001820036382,51.43541763535268],[10.076601532030622,51.43541763535268],[10.040600812016208,51.42864733322665],[10.033400668013343,51.42187703110059],[10.004600092001823,51.40495127578549],[9.990199803996063,51.398180973659464],[9.93979879597589,51.37787006728132],[9.92539850797013,51.37448491621831],[9.932598651973024,51.381255218344336],[9.92539850797013,51.398180973659464],[9.903798075961504,51.42187703110059],[9.85339706794133,51.415106728974564],[9.85339706794133,51.40156612472248],[9.85339706794133,51.38464036940738],[9.860597211944224,51.37787006728132],[9.86779735594709,51.37448491621831],[9.86779735594709,51.37109976515529],[9.860597211944224,51.37109976515529],[9.85339706794133,51.37109976515529],[9.846196923938464,51.37448491621831],[9.83899677993557,51.381255218344336],[9.83899677993557,51.38464036940738],[9.83899677993557,51.40156612472248],[9.82459649192981,51.40833642684851],[9.817396347926945,51.41172157791155],[9.81019620392405,51.41172157791155],[9.802996059921185,51.41172157791155],[9.79579591591829,51.40833642684851],[9.759795195903905,51.38802552047039],[9.702194043880866,51.364329463029236],[9.702194043880866,51.36094431196622],[9.738194763895251,51.330477952399036],[9.759795195903905,51.337248254525065],[9.774195483909665,51.337248254525065],[9.774195483909665,51.32709280133602],[9.76699533990677,51.30678189495788],[9.759795195903905,51.303396743894865],[9.730994619892385,51.29662644176881],[9.723794475889491,51.29662644176881],[9.680593611872212,51.310167046020894],[9.651793035860692,51.313552197083936],[9.630192603852066,51.320322499209965],[9.615792315846306,51.32709280133602],[9.579791595831892,51.34063340558811],[9.565391307826133,51.34063340558811],[9.558191163823267,51.35078885877715],[9.550991019820373,51.35755916090321],[9.558191163823267,51.381255218344336],[9.558191163823267,51.38464036940738],[9.565391307826133,51.38464036940738],[9.579791595831892,51.40156612472248],[9.615792315846306,51.40833642684851],[9.630192603852066,51.40833642684851],[9.637392747854932,51.415106728974564],[9.644592891857826,51.41849188003758],[9.637392747854932,51.41849188003758],[9.630192603852066,51.442187937478735],[9.615792315846306,51.47942459917198],[9.608592171843412,51.48958005236102],[9.586991739834787,51.51666126086519],[9.586991739834787,51.520046411928234],[9.586991739834787,51.52343156299125],[9.594191883837652,51.52343156299125],[9.601392027840546,51.520046411928234],[9.608592171843412,51.520046411928234],[9.608592171843412,51.52343156299125],[9.615792315846306,51.52343156299125],[9.615792315846306,51.52681671405426],[9.615792315846306,51.53020186511728],[9.622992459849172,51.53020186511728],[9.622992459849172,51.53358701618032],[9.622992459849172,51.536972167243334],[9.630192603852066,51.547127620432406],[9.644592891857826,51.55051277149542],[9.637392747854932,51.55728307362145],[9.630192603852066,51.56743852681052],[9.622992459849172,51.57420882893655],[9.622992459849172,51.57759397999959],[9.630192603852066,51.580979131062605],[9.630192603852066,51.58436428212562],[9.637392747854932,51.58436428212562],[9.651793035860692,51.57759397999959],[9.673393467869346,51.56743852681052],[9.687793755875106,51.580979131062605],[9.673393467869346,51.587749433188634],[9.658993179863586,51.59113458425168],[9.637392747854932,51.60806033956678],[9.637392747854932,51.61144549062979],[9.637392747854932,51.624986094881876],[9.630192603852066,51.63514154807095],[9.622992459849172,51.63852669913396],[9.615792315846306,51.63175639700793],[9.608592171843412,51.62837124594489],[9.594191883837652,51.624986094881876],[9.586991739834787,51.624986094881876],[9.579791595831892,51.624986094881876],[9.565391307826133,51.624986094881876],[9.514990299805987,51.624986094881876],[9.507790155803093,51.62837124594489],[9.500590011800227,51.62837124594489],[9.500590011800227,51.63175639700793],[9.493389867797333,51.63175639700793],[9.493389867797333,51.63514154807095],[9.493389867797333,51.63852669913396],[9.493389867797333,51.641911850196976],[9.500590011800227,51.65545245444906],[9.435788715774294,51.65206730338605],[9.41418828376564,51.64868215232303],[9.392587851757014,51.64529700126002],[9.38538770775412,51.64529700126002],[9.38538770775412,51.64868215232303],[9.378187563751254,51.64868215232303],[9.378187563751254,51.65206730338605],[9.378187563751254,51.66222275657512],[9.378187563751254,51.66560790763813],[9.378187563751254,51.66899305870115],[9.38538770775412,51.66899305870115],[9.392587851757014,51.67914851189022],[9.39978799575988,51.69945941826836],[9.39978799575988,51.702844569331376],[9.39978799575988,51.70622972039439],[9.38538770775412,51.72315547570949],[9.378187563751254,51.74008123102459],[9.378187563751254,51.74346638208763],[9.38538770775412,51.753621835276675],[9.39978799575988,51.75700698633972],[9.450189003780054,51.79424364803293],[9.442988859777188,51.824710007600146],[9.442988859777188,51.84502091397826],[9.421388427768534,51.85517636716733],[9.363787275745494,51.8653318203564],[9.349386987739734,51.86194666929336],[9.34218684373684,51.85517636716733],[9.334986699733975,51.85517636716733],[9.334986699733975,51.858561518230346],[9.334986699733975,51.86194666929336],[9.34218684373684,51.87210212248243],[9.34218684373684,51.8822575756715],[9.34218684373684,51.88902787779753],[9.34218684373684,51.892413028860574],[9.34218684373684,51.89579817992359],[9.34218684373684,51.909338784175674],[9.32778655573108,51.9161090863017],[9.31338626772532,51.92287938842776],[9.306186123722455,51.92287938842776],[9.291785835716695,51.91949423736472],[9.2845856917138,51.92287938842776],[9.270185403708041,51.9330348416168],[9.262985259705175,51.94657544586889],[9.270185403708041,51.953345747994945],[9.277385547710935,51.963501201184016],[9.262985259705175,51.9770418054361],[9.255785115702281,51.9770418054361],[9.226984539690761,51.97365665437306],[9.219784395687896,51.97365665437306],[9.212584251685001,51.96688635224703],[9.212584251685001,51.96011605012097],[9.205384107682136,51.96011605012097],[9.190983819676376,51.963501201184016],[9.176583531670616,51.980426956499116],[9.176583531670616,51.98381210756213],[9.183783675673482,52.00073786287723],[9.198183963679242,52.0108933160663],[9.190983819676376,52.0278190713814],[9.176583531670616,52.031204222444444],[9.176583531670616,52.03458937350746],[9.176583531670616,52.04135967563349],[9.169383387667722,52.048129977759544],[9.176583531670616,52.058285430948615],[9.176583531670616,52.06167058201163],[9.183783675673482,52.06844088413766],[9.190983819676376,52.06844088413766],[9.190983819676376,52.0718260352007],[9.183783675673482,52.081981488389744],[9.176583531670616,52.08536663945276],[9.154983099661962,52.09890724370484],[9.147782955659096,52.09890724370484],[9.154983099661962,52.119218150082986],[9.154983099661962,52.125988452209015],[9.154983099661962,52.12937360327206],[9.147782955659096,52.13275875433507],[9.140582811656202,52.136143905398086],[9.126182523650442,52.1395290564611],[9.111782235644682,52.136143905398086],[9.111782235644682,52.13275875433507],[9.104582091641817,52.13275875433507],[9.097381947638922,52.13275875433507],[9.046980939618777,52.14291420752414],[9.018180363607257,52.14968450965017],[9.018180363607257,52.17338056709133],[9.010980219604363,52.17676571815434],[9.010980219604363,52.18015086921736],[8.989379787595738,52.186921171343414],[8.982179643592843,52.19369147346944],[9.003780075601497,52.19030632240643],[9.018180363607257,52.1835360202804],[9.039780795615883,52.1835360202804],[9.046980939618777,52.197076624532485],[9.046980939618777,52.20723207772153],[9.068581371627403,52.22415783303666],[9.075781515630297,52.230928135162685],[9.075781515630297,52.2343132862257],[9.039780795615883,52.24446873941477],[9.003780075601497,52.25462419260384],[8.982179643592843,52.26139449472987],[8.974979499589978,52.26139449472987],[8.974979499589978,52.264779645792885],[8.960579211584218,52.27832025004497],[8.967779355587084,52.28170540110801],[8.982179643592843,52.28170540110801],[8.989379787595738,52.28509055217103],[8.989379787595738,52.28847570323404],[8.989379787595738,52.31555691173821],[8.996579931598603,52.325712364927284],[9.025380507610123,52.3460232713054],[9.032580651613017,52.3460232713054],[9.032580651613017,52.342638120242384],[9.039780795615883,52.342638120242384],[9.061381227624537,52.33925296917937],[9.075781515630297,52.34940842236844],[9.097381947638922,52.37310447980957],[9.126182523650442,52.4069559904398],[9.126182523650442,52.413726292565826],[9.126182523650442,52.41711144362887],[9.126182523650442,52.42049659469188],[9.111782235644682,52.43403719894397],[9.097381947638922,52.44080750107],[9.097381947638922,52.44419265213301],[9.097381947638922,52.45096295425907],[9.104582091641817,52.4577332563851],[9.126182523650442,52.46788870957417],[9.133382667653336,52.474659011700226],[9.133382667653336,52.481429313826254],[9.126182523650442,52.48481446488927],[9.082981659633163,52.49496991807834],[9.054181083621643,52.5017402202044],[9.032580651613017,52.481429313826254],[9.018180363607257,52.46788870957417],[8.974979499589978,52.42726689681791],[8.938978779575564,52.40357083937678],[8.931778635572698,52.40018568831374],[8.852577051541004,52.3900302351247],[8.809376187523725,52.396800537250726],[8.7877757555151,52.40018568831374],[8.780575611512205,52.396800537250726],[8.77337546750934,52.39341538618771],[8.74457489149782,52.386645084061655],[8.7157743154863,52.39341538618771],[8.708574171483406,52.396800537250726],[8.70137402748054,52.413726292565826],[8.70137402748054,52.44419265213301],[8.70137402748054,52.48481446488927],[8.70137402748054,52.5017402202044],[8.665373307466126,52.52205112658251],[8.650973019460366,52.53220657977158],[8.62937258745174,52.52205112658251],[8.557371147422913,52.5017402202044],[8.506970139402767,52.51528082445648],[8.470969419388354,52.498355069141354],[8.456569131382594,52.49496991807834],[8.456569131382594,52.474659011700226],[8.456569131382594,52.46111840744814],[8.427768555371074,52.447577803196054],[8.384567691353794,52.44419265213301],[8.362967259345169,52.44419265213301],[8.319766395327889,52.45434810532208],[8.298165963319235,52.4577332563851],[8.30536610732213,52.44419265213301],[8.319766395327889,52.42726689681791],[8.319766395327889,52.42049659469188],[8.319766395327889,52.41711144362887],[8.312566251324995,52.4069559904398],[8.319766395327889,52.40018568831374],[8.326966539330755,52.40018568831374],[8.355767115342275,52.39341538618771],[8.391767835356688,52.386645084061655],[8.442168843376834,52.36294902662053],[8.463769275385488,52.31894206280123],[8.456569131382594,52.30540145854914],[8.456569131382594,52.30201630748613],[8.456569131382594,52.291860854297056],[8.463769275385488,52.27154994791894],[8.463769275385488,52.26816479685593],[8.470969419388354,52.247853890477785],[8.449368987379728,52.22415783303666],[8.442168843376834,52.214002379847585],[8.449368987379728,52.2004617755955],[8.463769275385488,52.19369147346944],[8.485369707394113,52.19030632240643],[8.485369707394113,52.186921171343414],[8.492569851397008,52.186921171343414],[8.499769995399873,52.186921171343414],[8.506970139402767,52.18015086921736],[8.492569851397008,52.16661026496527],[8.485369707394113,52.15983996283924],[8.478169563391248,52.15983996283924],[8.470969419388354,52.15645481177623],[8.456569131382594,52.15645481177623],[8.449368987379728,52.15645481177623],[8.434968699373968,52.14629935858716],[8.413368267365314,52.1395290564611],[8.413368267365314,52.136143905398086],[8.406168123362448,52.136143905398086],[8.406168123362448,52.13275875433507],[8.406168123362448,52.12937360327206],[8.406168123362448,52.125988452209015],[8.406168123362448,52.122603301146],[8.413368267365314,52.11583299901997],[8.406168123362448,52.11244784795693],[8.398967979359554,52.109062696893915],[8.391767835356688,52.109062696893915],[8.377367547350929,52.109062696893915],[8.370167403348034,52.109062696893915],[8.370167403348034,52.11244784795693],[8.362967259345169,52.119218150082986],[8.326966539330755,52.125988452209015],[8.319766395327889,52.122603301146],[8.312566251324995,52.119218150082986],[8.298165963319235,52.122603301146],[8.283765675313475,52.125988452209015],[8.283765675313475,52.12937360327206],[8.283765675313475,52.13275875433507],[8.269365387307715,52.13275875433507],[8.24776495529909,52.122603301146],[8.21896437928757,52.1056775458309],[8.211764235284676,52.09552209264183],[8.20456409128181,52.0887517905158],[8.17576351527029,52.0718260352007],[8.125362507250117,52.06844088413766],[8.096561931238597,52.058285430948615],[8.089361787235731,52.065055733074644],[8.067761355227077,52.06844088413766],[8.031760635212692,52.06844088413766],[7.995759915198278,52.05151512882256],[7.995759915198278,52.048129977759544],[7.988559771195412,52.04474482669653],[7.988559771195412,52.04135967563349],[7.981359627192518,52.03797452457047],[7.974159483189652,52.03797452457047],[7.945358907178132,52.04474482669653],[7.930958619172372,52.048129977759544],[7.916558331166613,52.05151512882256],[7.909358187163718,52.065055733074644],[7.8949578991579585,52.07859633732673],[7.880557611152199,52.08536663945276],[7.887757755155093,52.08536663945276],[7.902158043160853,52.092136941578815],[7.959759195183892,52.1056775458309],[8.010160203204038,52.11583299901997],[8.002960059201172,52.14629935858716],[8.024560491209797,52.15983996283924],[8.024560491209797,52.16322511390226],[8.017360347206932,52.169995416028314],[8.010160203204038,52.17676571815434],[7.988559771195412,52.17338056709133],[7.938158763175238,52.17676571815434],[7.930958619172372,52.17676571815434],[7.909358187163718,52.19030632240643],[7.902158043160853,52.21061722878457],[7.916558331166613,52.22415783303666],[7.945358907178132,52.264779645792885],[7.952559051180998,52.27154994791894],[7.930958619172372,52.28847570323404],[7.930958619172372,52.291860854297056],[7.930958619172372,52.30201630748613],[7.945358907178132,52.30540145854914],[7.952559051180998,52.30540145854914],[7.959759195183892,52.30540145854914],[7.974159483189652,52.3121717606752],[7.966959339186758,52.325712364927284],[7.959759195183892,52.325712364927284],[7.952559051180998,52.33248266705331],[7.952559051180998,52.335867818116355],[7.945358907178132,52.335867818116355],[7.945358907178132,52.33925296917937],[7.952559051180998,52.3460232713054],[7.952559051180998,52.34940842236844],[7.938158763175238,52.36294902662053],[7.887757755155093,52.37987478193563],[7.866157323146439,52.37648963087261],[7.858957179143573,52.37310447980957],[7.844556891137813,52.369719328746555],[7.830156603132053,52.369719328746555],[7.808556171123399,52.369719328746555],[7.8013560271205336,52.37310447980957],[7.758155163103254,52.3900302351247],[7.729354587091734,52.396800537250726],[7.714954299085974,52.40018568831374],[7.70775415508308,52.413726292565826],[7.700554011080186,52.43403719894397],[7.700554011080186,52.44080750107],[7.69335386707732,52.44419265213301],[7.686153723074426,52.45434810532208],[7.67895357907156,52.4577332563851],[7.614152283045627,52.47127386063718],[7.606952139042761,52.474659011700226],[7.592551851037001,52.464503558511154],[7.585351707034107,52.4577332563851],[7.578151563031241,52.45096295425907],[7.578151563031241,52.447577803196054],[7.570951419028347,52.430652047880926],[7.592551851037001,52.4238817457549],[7.585351707034107,52.40357083937678],[7.570951419028347,52.37987478193563],[7.563751275025481,52.369719328746555],[7.556551131022587,52.369719328746555],[7.542150843016827,52.369719328746555],[7.534950699013962,52.369719328746555],[7.5277505550110675,52.369719328746555],[7.506150123002442,52.359563875557484],[7.470149402988028,52.3460232713054],[7.4341486829736425,52.325712364927284],[7.398147962959229,52.3121717606752],[7.383747674953469,52.308786609612184],[7.369347386947709,52.29863115642311],[7.362147242944843,52.28847570323404],[7.347746954939083,52.28170540110801],[7.333346666933323,52.28170540110801],[7.3189463789275635,52.28170540110801],[7.2973459469189095,52.264779645792885],[7.290145802916044,52.264779645792885],[7.23974479489587,52.264779645792885],[7.232544650893004,52.264779645792885],[7.160543210864205,52.26816479685593],[7.124542490849791,52.26139449472987],[7.110142202844031,52.25462419260384],[7.110142202844031,52.25123904154083],[7.095741914838271,52.24446873941477],[7.0669413388267515,52.241083588351756],[7.052541050820992,52.247853890477785],[7.045340906818126,52.25462419260384],[7.030940618812366,52.27154994791894],[7.030940618812366,52.274935098981956],[7.023740474809472,52.28847570323404],[7.023740474809472,52.291860854297056],[7.052541050820992,52.33925296917937],[7.059741194823886,52.33925296917937],[7.074141482829646,52.352793573431455],[7.074141482829646,52.37310447980957],[7.0669413388267515,52.3900302351247],[7.059741194823886,52.396800537250726],[7.052541050820992,52.40018568831374],[7.038140762815232,52.40357083937678],[7.030940618812366,52.4069559904398],[7.023740474809472,52.4238817457549],[6.994939898797952,52.464503558511154],[6.994939898797952,52.46788870957417],[6.987739754795086,52.46788870957417],[6.980539610792192,52.464503558511154],[6.9733394667893265,52.46111840744814],[6.966139322786432,52.45096295425907],[6.966139322786432,52.447577803196054],[6.958939178783567,52.44419265213301],[6.9517390347806725,52.44080750107],[6.9517390347806725,52.43742235000698],[6.944538890777807,52.43742235000698],[6.944538890777807,52.43403719894397],[6.865337306746113,52.45096295425907],[6.850937018740353,52.46111840744814],[6.778935578711554,52.46111840744814],[6.77173543470866,52.46111840744814],[6.7573351467029,52.46111840744814],[6.7573351467029,52.464503558511154],[6.74293485869714,52.46788870957417],[6.69973399467986,52.48481446488927],[6.69973399467986,52.5017402202044],[6.69973399467986,52.508510522330425],[6.706934138682755,52.52205112658251],[6.678133562671235,52.552517486149696],[6.6853337066741005,52.552517486149696],[6.692533850676995,52.552517486149696],[6.71413428268562,52.54913233508668],[6.764535290705794,52.56267293933877],[6.764535290705794,52.56605809040178],[6.7573351467029,52.56605809040178],[6.721334426688514,52.58975414784294],[6.721334426688514,52.620220507410124],[6.72853457069138,52.63376111166221],[6.74293485869714,52.64391656485128],[6.7573351467029,52.647301715914296],[6.778935578711554,52.65407201804035],[6.78613572271442,52.65407201804035],[6.793335866717314,52.65407201804035],[6.793335866717314,52.65068686697731],[6.807736154723074,52.65068686697731],[6.814936298725939,52.65068686697731],[6.822136442728834,52.647301715914296],[6.850937018740353,52.65068686697731],[6.8581371627432475,52.65068686697731],[6.865337306746113,52.65068686697731],[6.872537450749007,52.65407201804035],[6.894137882757633,52.65068686697731],[6.901338026760527,52.65068686697731],[6.908538170763393,52.647301715914296],[6.915738314766287,52.647301715914296],[6.915738314766287,52.64053141378827],[6.930138602772047,52.637146262725224],[6.937338746774913,52.637146262725224],[6.9517390347806725,52.64053141378827],[6.966139322786432,52.64053141378827],[6.966139322786432,52.64391656485128],[6.9733394667893265,52.64391656485128],[6.9733394667893265,52.647301715914296],[6.980539610792192,52.64391656485128],[7.002140042800846,52.64053141378827],[7.002140042800846,52.637146262725224],[7.009340186803712,52.637146262725224],[7.038140762815232,52.63376111166221],[7.045340906818126,52.63376111166221],[7.045340906818126,52.64053141378827],[7.052541050820992,52.64391656485128],[7.059741194823886,52.70484928398565],[7.074141482829646,52.79963351375025],[7.0885417708354055,52.836870175443494],[7.0885417708354055,52.847025628632565],[7.0885417708354055,52.85041077969558],[7.102942058841165,52.863951383947665],[7.110142202844031,52.86733653501068],[7.1821436428728305,52.941809858397164],[7.2037440748814845,52.98920197327945],[7.21094421888435,52.99935742646852],[7.21094421888435,53.012898030720606],[7.19654393087859,53.080601051981034],[7.19654393087859,53.08737135410706],[7.2037440748814845,53.09414165623312],[7.2037440748814845,53.11106741154822],[7.2037440748814845,53.114452562611234],[7.1821436428728305,53.12122286473729],[7.1821436428728305,53.13814862005239],[7.189343786875725,53.158459526430505],[7.2037440748814845,53.17200013068259],[7.21094421888435,53.17200013068259],[7.218144362887244,53.17200013068259],[7.232544650893004,53.17877043280865],[7.218144362887244,53.21600709450186],[7.21094421888435,53.24308830300603],[7.218144362887244,53.246473454069076],[7.218144362887244,53.24985860513209],[7.22534450689011,53.253243756195104],[7.22534450689011,53.26001405832116],[7.22534450689011,53.263399209384175],[7.232544650893004,53.280324964699275],[7.232544650893004,53.28371011576229],[7.232544650893004,53.28709526682533],[7.23974479489587,53.30063587107742],[7.246944938898764,53.31756162639252],[7.246944938898764,53.32771707958156],[7.26854537090739,53.32771707958156],[7.261345226904524,53.3311022306446],[7.25414508290163,53.3311022306446],[7.23974479489587,53.3311022306446],[7.167743354867071,53.33448738170762],[7.153343066861311,53.33448738170762],[7.146142922858445,53.33448738170762],[7.131742634852685,53.33448738170762],[7.074141482829646,53.33448738170762],[7.059741194823886,53.33448738170762],[7.030940618812366,53.33787253277063],[7.023740474809472,53.33787253277063],[7.016540330806606,53.33787253277063],[7.016540330806606,53.341257683833646],[7.002140042800846,53.35141313702272],[7.002140042800846,53.35479828808573],[7.002140042800846,53.358183439148775],[7.002140042800846,53.36156859021179],[6.994939898797952,53.37172404340086],[7.009340186803712,53.40557555403106],[7.009340186803712,53.43265676253523],[7.016540330806606,53.43942706466129],[7.023740474809472,53.4766637263545],[7.045340906818126,53.50713008592169],[7.045340906818126,53.51051523698473],[7.038140762815232,53.52067069017377],[7.030940618812366,53.524055841236816],[7.030940618812366,53.530826143362845],[7.030940618812366,53.53421129442586],[7.038140762815232,53.5375964454889],[7.045340906818126,53.5375964454889],[7.052541050820992,53.5375964454889],[7.074141482829646,53.52744099229983],[7.095741914838271,53.52067069017377],[7.124542490849791,53.524055841236816],[7.124542490849791,53.52744099229983],[7.131742634852685,53.530826143362845],[7.138942778855551,53.53421129442586],[7.138942778855551,53.540981596551916],[7.138942778855551,53.54436674761493],[7.117342346846925,53.55113704974099],[7.095741914838271,53.56467765399307],[7.0885417708354055,53.5714479561191],[7.0885417708354055,53.58160340930817],[7.095741914838271,53.58498856037119],[7.160543210864205,53.62899552419046],[7.189343786875725,53.645921279505586],[7.23974479489587,53.669617336946715],[7.25414508290163,53.67300248800973],[7.290145802916044,53.679772790135786],[7.2973459469189095,53.6831579411988],[7.304546090921804,53.6831579411988],[7.3189463789275635,53.6831579411988],[7.333346666933323,53.686543092261815],[7.354947098941949,53.686543092261815],[7.362147242944843,53.686543092261815],[7.369347386947709,53.6831579411988],[7.405348106962123,53.6831579411988],[7.419748394967883,53.6831579411988],[7.426948538970748,53.6831579411988],[7.4341486829736425,53.6831579411988],[7.441348826976508,53.6831579411988],[7.455749114982268,53.6831579411988],[7.477349546990922,53.6831579411988],[7.484549690993788,53.6831579411988],[7.491749834996682,53.679772790135786],[7.498949978999548,53.679772790135786],[7.513350267005308,53.67300248800973],[7.520550411008202,53.67300248800973],[7.5277505550110675,53.669617336946715],[7.5277505550110675,53.67300248800973],[7.5493509870197215,53.67638763907277],[7.556551131022587,53.67638763907277],[7.570951419028347,53.67638763907277],[7.635752715054281,53.68992824332486],[7.671753435068666,53.696698545450886],[7.67895357907156,53.7000836965139],[7.686153723074426,53.7000836965139],[7.700554011080186,53.70346884757694],[7.70775415508308,53.70346884757694],[7.70775415508308,53.7000836965139],[7.714954299085974,53.7000836965139],[7.72215444308884,53.7000836965139],[7.7365547310946,53.7000836965139],[7.743754875097494,53.7000836965139],[7.75095501910036,53.7000836965139],[7.758155163103254,53.7000836965139],[7.76535530710612,53.70346884757694],[7.772555451109014,53.70346884757694],[7.7797555951118795,53.70685399863996],[7.786955739114774,53.71023914970297],[7.808556171123399,53.71023914970297],[7.822956459129159,53.71023914970297],[7.830156603132053,53.71023914970297],[7.837356747134919,53.71023914970297],[7.866157323146439,53.713624300765986],[7.873357467149333,53.713624300765986],[7.873357467149333,53.71700945182903],[7.887757755155093,53.71700945182903],[7.909358187163718,53.71700945182903],[7.916558331166613,53.71700945182903],[7.930958619172372,53.71700945182903],[7.945358907178132,53.71700945182903],[7.952559051180998,53.71700945182903],[7.966959339186758,53.71700945182903],[8.010160203204038,53.713624300765986],[8.024560491209797,53.71023914970297],[8.024560491209797,53.70685399863996],[8.031760635212692,53.70685399863996],[8.031760635212692,53.7000836965139],[8.031760635212692,53.696698545450886],[8.031760635212692,53.69331339438787],[8.024560491209797,53.69331339438787],[8.024560491209797,53.68992824332486],[8.024560491209797,53.686543092261815],[8.031760635212692,53.662847034820686],[8.031760635212692,53.65607673269463],[8.046160923218451,53.64253612844254],[8.060561211224211,53.64253612844254],[8.067761355227077,53.645921279505586],[8.067761355227077,53.6493064305686],[8.074961499229971,53.6493064305686],[8.082161643232837,53.645921279505586],[8.089361787235731,53.63915097737953],[8.096561931238597,53.635765826316515],[8.110962219244357,53.61545491993837],[8.11816236324725,53.61545491993837],[8.11816236324725,53.608684617812344],[8.11816236324725,53.60191431568629],[8.125362507250117,53.59852916462327],[8.13256265125301,53.58498856037119],[8.14696293925877,53.5714479561191],[8.154163083261636,53.56467765399307],[8.168563371267396,53.54436674761493],[8.168563371267396,53.540981596551916],[8.168563371267396,53.5375964454889],[8.168563371267396,53.53421129442586],[8.16136322726453,53.52067069017377],[8.154163083261636,53.513900388047745],[8.096561931238597,53.50035978379566],[8.089361787235731,53.50035978379566],[8.082161643232837,53.50035978379566],[8.074961499229971,53.50035978379566],[8.060561211224211,53.50374493485867],[8.060561211224211,53.496974632732645],[8.060561211224211,53.48681917954357],[8.060561211224211,53.480048877417545],[8.060561211224211,53.47327857529149],[8.067761355227077,53.469893424228474],[8.074961499229971,53.46312312210242],[8.074961499229971,53.4597379710394],[8.082161643232837,53.45635281997639],[8.096561931238597,53.44958251785033],[8.096561931238597,53.44619736678732],[8.110962219244357,53.44619736678732],[8.11816236324725,53.452967668913374],[8.13256265125301,53.452967668913374],[8.139762795255876,53.452967668913374],[8.14696293925877,53.44958251785033],[8.154163083261636,53.44619736678732],[8.168563371267396,53.436041913598245],[8.182963659273156,53.4258864604092],[8.19016380327605,53.419116158283146],[8.197363947278916,53.41234585615712],[8.197363947278916,53.408960705094074],[8.20456409128181,53.402190402968046],[8.23336466729333,53.39880525190503],[8.24776495529909,53.39880525190503],[8.254965099301955,53.39880525190503],[8.26216524330485,53.402190402968046],[8.283765675313475,53.41573100722013],[8.298165963319235,53.43265676253523],[8.312566251324995,53.452967668913374],[8.312566251324995,53.45635281997639],[8.312566251324995,53.46312312210242],[8.312566251324995,53.480048877417545],[8.312566251324995,53.50374493485867],[8.312566251324995,53.513900388047745],[8.312566251324995,53.52067069017377],[8.30536610732213,53.524055841236816],[8.298165963319235,53.524055841236816],[8.27656553131061,53.52067069017377],[8.269365387307715,53.51728553911076],[8.26216524330485,53.51728553911076],[8.23336466729333,53.52067069017377],[8.23336466729333,53.53421129442586],[8.240564811296196,53.56129250293003],[8.240564811296196,53.57821825824516],[8.240564811296196,53.58160340930817],[8.24776495529909,53.591758862497244],[8.254965099301955,53.59514401356026],[8.254965099301955,53.59852916462327],[8.27656553131061,53.60529946674933],[8.27656553131061,53.608684617812344],[8.283765675313475,53.608684617812344],[8.283765675313475,53.61206976887536],[8.29096581931637,53.61206976887536],[8.30536610732213,53.61545491993837],[8.312566251324995,53.61545491993837],[8.326966539330755,53.61545491993837],[8.334166683333649,53.61206976887536],[8.341366827336515,53.61206976887536],[8.348566971339409,53.60529946674933],[8.355767115342275,53.59852916462327],[8.362967259345169,53.591758862497244],[8.370167403348034,53.5883737114342],[8.370167403348034,53.58498856037119],[8.384567691353794,53.57821825824516],[8.384567691353794,53.574833107182116],[8.398967979359554,53.5714479561191],[8.398967979359554,53.56806280505609],[8.456569131382594,53.554522200804],[8.463769275385488,53.554522200804],[8.499769995399873,53.55113704974099],[8.514170283405633,53.547751898677944],[8.550171003420047,53.5375964454889],[8.557371147422913,53.524055841236816],[8.550171003420047,53.513900388047745],[8.521370427408527,53.50374493485867],[8.506970139402767,53.496974632732645],[8.499769995399873,53.48343402848056],[8.492569851397008,53.47327857529149],[8.514170283405633,53.4766637263545],[8.528570571411393,53.48343402848056],[8.550171003420047,53.48343402848056],[8.571771435428673,53.49020433060659],[8.571771435428673,53.48681917954357],[8.578971579431567,53.48681917954357],[8.60057201144022,53.48681917954357],[8.607772155443087,53.48681917954357],[8.61497229944598,53.48681917954357],[8.61497229944598,53.49020433060659],[8.622172443448846,53.4935894816696],[8.650973019460366,53.51051523698473],[8.62937258745174,53.554522200804],[8.61497229944598,53.574833107182116],[8.61497229944598,53.57821825824516],[8.62937258745174,53.58160340930817],[8.636572731454606,53.58498856037119],[8.650973019460366,53.60191431568629],[8.6437728754575,53.60529946674933],[8.636572731454606,53.60529946674933],[8.622172443448846,53.60529946674933],[8.61497229944598,53.60529946674933],[8.607772155443087,53.59852916462327],[8.60057201144022,53.59514401356026],[8.593371867437327,53.591758862497244],[8.571771435428673,53.59852916462327],[8.550171003420047,53.60529946674933],[8.542970859417153,53.60529946674933],[8.521370427408527,53.60529946674933],[8.506970139402767,53.62222522206443],[8.492569851397008,53.645921279505586],[8.485369707394113,53.645921279505586],[8.485369707394113,53.652691581631615],[8.485369707394113,53.65607673269463],[8.478169563391248,53.67638763907277],[8.478169563391248,53.686543092261815],[8.478169563391248,53.69331339438787],[8.499769995399873,53.71700945182903],[8.521370427408527,53.747475811396214],[8.521370427408527,53.75086096245923],[8.528570571411393,53.76778671777433],[8.535770715414287,53.791482775215485],[8.542970859417153,53.801638228404556],[8.542970859417153,53.80502337946757],[8.550171003420047,53.818563983719656],[8.564571291425807,53.84564519222383],[8.60057201144022,53.872726400728],[8.61497229944598,53.88288185391707],[8.636572731454606,53.886267004980084],[8.636572731454606,53.8896521560431],[8.650973019460366,53.8896521560431],[8.665373307466126,53.89303730710611],[8.67257345146902,53.89303730710611],[8.679773595471886,53.89303730710611],[8.68697373947478,53.89303730710611],[8.68697373947478,53.886267004980084],[8.68697373947478,53.88288185391707],[8.68697373947478,53.87949670285403],[8.694173883477646,53.87949670285403],[8.70137402748054,53.87949670285403],[8.7157743154863,53.869341249664984],[8.73017460349206,53.85918579647591],[8.751775035500685,53.84564519222383],[8.77337546750934,53.8388748900978],[8.780575611512205,53.835489739034756],[8.794975899517965,53.83210458797174],[8.823776475529485,53.83210458797174],[8.866977339546764,53.82871943690873],[8.895777915558284,53.82871943690873],[8.910178203564044,53.82871943690873],[8.917378347566938,53.83210458797174],[8.960579211584218,53.8388748900978],[8.974979499589978,53.8388748900978],[8.982179643592843,53.8388748900978],[9.025380507610123,53.835489739034756],[9.018180363607257,53.8388748900978],[8.996579931598603,53.872726400728],[9.025380507610123,53.87949670285403],[9.039780795615883,53.87949670285403],[9.046980939618777,53.88288185391707],[9.054181083621643,53.87949670285403],[9.082981659633163,53.87949670285403],[9.169383387667722,53.87949670285403]],[[8.578971579431567,53.17200013068259],[8.593371867437327,53.17200013068259],[8.607772155443087,53.17200013068259],[8.61497229944598,53.168614979619576],[8.622172443448846,53.168614979619576],[8.622172443448846,53.16522982855656],[8.650973019460366,53.11783771367425],[8.650973019460366,53.107682260485205],[8.67257345146902,53.10429710942216],[8.665373307466126,53.09414165623312],[8.67257345146902,53.08737135410706],[8.679773595471886,53.08398620304405],[8.694173883477646,53.080601051981034],[8.70137402748054,53.080601051981034],[8.708574171483406,53.07721590091799],[8.708574171483406,53.07044559879196],[8.708574171483406,53.063675296665906],[8.708574171483406,53.05690499453988],[8.708574171483406,53.05351984347686],[8.708574171483406,53.05013469241382],[8.708574171483406,53.04336439028779],[8.7157743154863,53.03997923922478],[8.73017460349206,53.036594088161735],[8.751775035500685,53.03997923922478],[8.75897517950358,53.03997923922478],[8.766175323506445,53.046749541350806],[8.75897517950358,53.05013469241382],[8.77337546750934,53.05351984347686],[8.780575611512205,53.04336439028779],[8.780575611512205,53.03997923922478],[8.809376187523725,53.03320893709872],[8.895777915558284,53.012898030720606],[8.917378347566938,53.009512879657564],[8.946178923578458,53.02305348390965],[8.974979499589978,53.03997923922478],[8.982179643592843,53.046749541350806],[8.974979499589978,53.05351984347686],[8.946178923578458,53.11783771367425],[8.953379067581324,53.11783771367425],[8.967779355587084,53.12122286473729],[8.982179643592843,53.124608015800305],[8.953379067581324,53.148304073241434],[8.938978779575564,53.15168922430448],[8.924578491569804,53.14491892217842],[8.917378347566938,53.131378317926334],[8.866977339546764,53.131378317926334],[8.845376907538139,53.14491892217842],[8.845376907538139,53.148304073241434],[8.845376907538139,53.15168922430448],[8.838176763535245,53.15507437536749],[8.838176763535245,53.158459526430505],[8.830976619532379,53.16184467749352],[8.823776475529485,53.16184467749352],[8.794975899517965,53.16522982855656],[8.780575611512205,53.16522982855656],[8.780575611512205,53.16184467749352],[8.766175323506445,53.16184467749352],[8.74457489149782,53.16522982855656],[8.737374747494925,53.175385281745605],[8.73017460349206,53.175385281745605],[8.73017460349206,53.18215558387166],[8.70137402748054,53.185540734934676],[8.650973019460366,53.185540734934676],[8.636572731454606,53.19569618812375],[8.60057201144022,53.21262194343885],[8.578971579431567,53.21600709450186],[8.564571291425807,53.21262194343885],[8.557371147422913,53.20923679237583],[8.528570571411393,53.21600709450186],[8.528570571411393,53.219392245564904],[8.514170283405633,53.22954769875395],[8.506970139402767,53.22954769875395],[8.485369707394113,53.22954769875395],[8.485369707394113,53.22616254769093],[8.478169563391248,53.22616254769093],[8.485369707394113,53.22277739662792],[8.492569851397008,53.21600709450186],[8.499769995399873,53.202466490249776],[8.506970139402767,53.202466490249776],[8.514170283405633,53.19908133918676],[8.521370427408527,53.19231103706073],[8.528570571411393,53.18892588599769],[8.578971579431567,53.175385281745605],[8.578971579431567,53.17200013068259]]]}},{"type":"Feature","properties":{"name":"Bremen","cartodb_id":3,"created_at":"2013-11-30T06:05:29+0100","updated_at":"2013-11-30T06:05:29+0100"},"geometry":{"type":"MultiPolygon","coordinates":[[[[8.506970139402767,53.202466490249776],[8.499769995399873,53.202466490249776],[8.492569851397008,53.21600709450186],[8.485369707394113,53.22277739662792],[8.478169563391248,53.22616254769093],[8.485369707394113,53.22616254769093],[8.485369707394113,53.22954769875395],[8.506970139402767,53.22954769875395],[8.514170283405633,53.22954769875395],[8.528570571411393,53.219392245564904],[8.528570571411393,53.21600709450186],[8.557371147422913,53.20923679237583],[8.564571291425807,53.21262194343885],[8.578971579431567,53.21600709450186],[8.60057201144022,53.21262194343885],[8.636572731454606,53.19569618812375],[8.650973019460366,53.185540734934676],[8.70137402748054,53.185540734934676],[8.73017460349206,53.18215558387166],[8.73017460349206,53.175385281745605],[8.737374747494925,53.175385281745605],[8.74457489149782,53.16522982855656],[8.766175323506445,53.16184467749352],[8.780575611512205,53.16184467749352],[8.780575611512205,53.16522982855656],[8.794975899517965,53.16522982855656],[8.823776475529485,53.16184467749352],[8.830976619532379,53.16184467749352],[8.838176763535245,53.158459526430505],[8.838176763535245,53.15507437536749],[8.845376907538139,53.15168922430448],[8.845376907538139,53.148304073241434],[8.845376907538139,53.14491892217842],[8.866977339546764,53.131378317926334],[8.917378347566938,53.131378317926334],[8.924578491569804,53.14491892217842],[8.938978779575564,53.15168922430448],[8.953379067581324,53.148304073241434],[8.982179643592843,53.124608015800305],[8.967779355587084,53.12122286473729],[8.953379067581324,53.11783771367425],[8.946178923578458,53.11783771367425],[8.974979499589978,53.05351984347686],[8.982179643592843,53.046749541350806],[8.974979499589978,53.03997923922478],[8.946178923578458,53.02305348390965],[8.917378347566938,53.009512879657564],[8.895777915558284,53.012898030720606],[8.809376187523725,53.03320893709872],[8.780575611512205,53.03997923922478],[8.780575611512205,53.04336439028779],[8.77337546750934,53.05351984347686],[8.75897517950358,53.05013469241382],[8.766175323506445,53.046749541350806],[8.75897517950358,53.03997923922478],[8.751775035500685,53.03997923922478],[8.73017460349206,53.036594088161735],[8.7157743154863,53.03997923922478],[8.708574171483406,53.04336439028779],[8.708574171483406,53.05013469241382],[8.708574171483406,53.05351984347686],[8.708574171483406,53.05690499453988],[8.708574171483406,53.063675296665906],[8.708574171483406,53.07044559879196],[8.708574171483406,53.07721590091799],[8.70137402748054,53.080601051981034],[8.694173883477646,53.080601051981034],[8.679773595471886,53.08398620304405],[8.67257345146902,53.08737135410706],[8.665373307466126,53.09414165623312],[8.67257345146902,53.10429710942216],[8.650973019460366,53.107682260485205],[8.650973019460366,53.11783771367425],[8.622172443448846,53.16522982855656],[8.622172443448846,53.168614979619576],[8.61497229944598,53.168614979619576],[8.607772155443087,53.17200013068259],[8.593371867437327,53.17200013068259],[8.578971579431567,53.17200013068259],[8.578971579431567,53.175385281745605],[8.528570571411393,53.18892588599769],[8.521370427408527,53.19231103706073],[8.514170283405633,53.19908133918676],[8.506970139402767,53.202466490249776]]],[[[8.550171003420047,53.513900388047745],[8.557371147422913,53.51051523698473],[8.564571291425807,53.54436674761493],[8.557371147422913,53.554522200804],[8.521370427408527,53.591758862497244],[8.528570571411393,53.59514401356026],[8.521370427408527,53.60529946674933],[8.542970859417153,53.60529946674933],[8.550171003420047,53.60529946674933],[8.571771435428673,53.59852916462327],[8.593371867437327,53.591758862497244],[8.60057201144022,53.59514401356026],[8.607772155443087,53.59852916462327],[8.61497229944598,53.60529946674933],[8.622172443448846,53.60529946674933],[8.636572731454606,53.60529946674933],[8.6437728754575,53.60529946674933],[8.650973019460366,53.60191431568629],[8.636572731454606,53.58498856037119],[8.62937258745174,53.58160340930817],[8.61497229944598,53.57821825824516],[8.61497229944598,53.574833107182116],[8.62937258745174,53.554522200804],[8.650973019460366,53.51051523698473],[8.622172443448846,53.4935894816696],[8.61497229944598,53.49020433060659],[8.61497229944598,53.48681917954357],[8.607772155443087,53.48681917954357],[8.60057201144022,53.48681917954357],[8.578971579431567,53.48681917954357],[8.571771435428673,53.48681917954357],[8.571771435428673,53.49020433060659],[8.550171003420047,53.48343402848056],[8.528570571411393,53.48343402848056],[8.514170283405633,53.4766637263545],[8.492569851397008,53.47327857529149],[8.499769995399873,53.48343402848056],[8.506970139402767,53.496974632732645],[8.521370427408527,53.50374493485867],[8.550171003420047,53.513900388047745]]]]}},{"type":"Feature","properties":{"name":"Nordrhein-Westfalen","cartodb_id":4,"created_at":"2013-11-30T06:05:29+0100","updated_at":"2013-11-30T06:05:29+0100"},"geometry":{"type":"Polygon","coordinates":[[[9.34218684373684,51.85517636716733],[9.349386987739734,51.86194666929336],[9.363787275745494,51.8653318203564],[9.421388427768534,51.85517636716733],[9.442988859777188,51.84502091397826],[9.442988859777188,51.824710007600146],[9.450189003780054,51.79424364803293],[9.39978799575988,51.75700698633972],[9.38538770775412,51.753621835276675],[9.378187563751254,51.74346638208763],[9.378187563751254,51.74008123102459],[9.38538770775412,51.72315547570949],[9.39978799575988,51.70622972039439],[9.39978799575988,51.702844569331376],[9.39978799575988,51.69945941826836],[9.392587851757014,51.67914851189022],[9.38538770775412,51.66899305870115],[9.378187563751254,51.66899305870115],[9.378187563751254,51.66560790763813],[9.378187563751254,51.66222275657512],[9.378187563751254,51.65206730338605],[9.378187563751254,51.64868215232303],[9.38538770775412,51.64868215232303],[9.38538770775412,51.64529700126002],[9.392587851757014,51.64529700126002],[9.41418828376564,51.64868215232303],[9.435788715774294,51.65206730338605],[9.442988859777188,51.64529700126002],[9.435788715774294,51.63514154807095],[9.4285885717714,51.63175639700793],[9.421388427768534,51.63175639700793],[9.41418828376564,51.62837124594489],[9.39978799575988,51.624986094881876],[9.392587851757014,51.62837124594489],[9.378187563751254,51.62837124594489],[9.37098741974836,51.624986094881876],[9.334986699733975,51.614830641692805],[9.334986699733975,51.61144549062979],[9.349386987739734,51.60129003744072],[9.3565871317426,51.597904886377705],[9.363787275745494,51.59451973531469],[9.37098741974836,51.59113458425168],[9.34218684373684,51.570823677873534],[9.32778655573108,51.553897922558434],[9.320586411728215,51.547127620432406],[9.31338626772532,51.54035731830635],[9.31338626772532,51.536972167243334],[9.31338626772532,51.53020186511728],[9.2845856917138,51.51327610980218],[9.241384827696521,51.49635035448708],[9.226984539690761,51.48958005236102],[9.219784395687896,51.48280975023499],[9.219784395687896,51.46249884385685],[9.212584251685001,51.459113692793835],[9.198183963679242,51.46249884385685],[9.183783675673482,51.46588399491989],[9.176583531670616,51.46249884385685],[9.169383387667722,51.459113692793835],[9.162183243664856,51.44557308854175],[9.154983099661962,51.442187937478735],[9.147782955659096,51.442187937478735],[9.097381947638922,51.442187937478735],[9.090181803636057,51.44557308854175],[9.075781515630297,51.46588399491989],[9.090181803636057,51.48280975023499],[9.090181803636057,51.486194901298006],[9.097381947638922,51.49635035448708],[9.075781515630297,51.503120656613106],[9.061381227624537,51.49973550555009],[9.039780795615883,51.503120656613106],[9.025380507610123,51.50989095873916],[9.018180363607257,51.51666126086519],[8.989379787595738,51.50989095873916],[8.967779355587084,51.50650580767615],[8.967779355587084,51.503120656613106],[8.946178923578458,51.49973550555009],[8.910178203564044,51.48958005236102],[8.895777915558284,51.486194901298006],[8.888577771555418,51.48280975023499],[8.888577771555418,51.476039448108935],[8.895777915558284,51.47265429704592],[8.931778635572698,51.432032484289664],[8.946178923578458,51.42864733322665],[8.946178923578458,51.41172157791155],[8.946178923578458,51.398180973659464],[8.938978779575564,51.39141067153341],[8.938978779575564,51.38802552047039],[8.917378347566938,51.39479582259642],[8.910178203564044,51.39479582259642],[8.888577771555418,51.39141067153341],[8.874177483549659,51.38464036940738],[8.859777195543899,51.381255218344336],[8.852577051541004,51.37787006728132],[8.838176763535245,51.38464036940738],[8.816576331526619,51.38802552047039],[8.809376187523725,51.39141067153341],[8.80217604352086,51.39141067153341],[8.77337546750934,51.38464036940738],[8.75897517950358,51.37787006728132],[8.73017460349206,51.37109976515529],[8.708574171483406,51.37448491621831],[8.622172443448846,51.337248254525065],[8.60057201144022,51.32370765027298],[8.564571291425807,51.286470988579765],[8.557371147422913,51.276315535390694],[8.586171723434461,51.24923432688652],[8.593371867437327,51.24584917582351],[8.60057201144022,51.24584917582351],[8.607772155443087,51.24584917582351],[8.679773595471886,51.26954523326464],[8.68697373947478,51.26954523326464],[8.68697373947478,51.27293038432768],[8.694173883477646,51.276315535390694],[8.708574171483406,51.276315535390694],[8.722974459489166,51.27293038432768],[8.73017460349206,51.259389780075594],[8.73017460349206,51.24923432688652],[8.73017460349206,51.23907887369745],[8.751775035500685,51.198457060941195],[8.75897517950358,51.17814615456308],[8.737374747494925,51.16122039924798],[8.722974459489166,51.15106494605891],[8.7157743154863,51.15106494605891],[8.694173883477646,51.13413919074381],[8.694173883477646,51.13075403968077],[8.70137402748054,51.11721343542868],[8.708574171483406,51.11721343542868],[8.722974459489166,51.11382828436567],[8.7157743154863,51.11044313330265],[8.665373307466126,51.10028768011358],[8.622172443448846,51.10028768011358],[8.593371867437327,51.10028768011358],[8.557371147422913,51.103672831176596],[8.550171003420047,51.10028768011358],[8.542970859417153,51.09690252905057],[8.542970859417153,51.09351737798755],[8.528570571411393,51.09690252905057],[8.506970139402767,51.08336192479848],[8.506970139402767,51.07997677373547],[8.506970139402767,51.076591622672424],[8.506970139402767,51.07320647160941],[8.514170283405633,51.069821320546396],[8.521370427408527,51.069821320546396],[8.528570571411393,51.06305101842034],[8.528570571411393,51.059665867357324],[8.521370427408527,51.03596980991617],[8.528570571411393,51.02919950779014],[8.535770715414287,51.01904405460107],[8.528570571411393,51.01227375247504],[8.521370427408527,51.008888601412025],[8.514170283405633,51.00550345034898],[8.499769995399873,50.998733148222954],[8.470969419388354,50.9750370907818],[8.478169563391248,50.96826678865577],[8.463769275385488,50.96826678865577],[8.463769275385488,50.964881637592725],[8.449368987379728,50.9411855801516],[8.449368987379728,50.93441527802554],[8.434968699373968,50.91748952271044],[8.406168123362448,50.903948918458354],[8.398967979359554,50.89379346526928],[8.391767835356688,50.887023163143255],[8.384567691353794,50.87686770995418],[8.370167403348034,50.8633271057021],[8.362967259345169,50.85994195463908],[8.355767115342275,50.8633271057021],[8.355767115342275,50.86671225676511],[8.341366827336515,50.86671225676511],[8.334166683333649,50.86671225676511],[8.319766395327889,50.8633271057021],[8.30536610732213,50.8633271057021],[8.298165963319235,50.870097407828126],[8.29096581931637,50.87686770995418],[8.29096581931637,50.8802528610172],[8.269365387307715,50.8802528610172],[8.26216524330485,50.87686770995418],[8.23336466729333,50.85655680357604],[8.19016380327605,50.8294755950719],[8.17576351527029,50.81932014188283],[8.168563371267396,50.809164688693755],[8.16136322726453,50.80239438656773],[8.14696293925877,50.79562408444167],[8.125362507250117,50.78885378231564],[8.13256265125301,50.77869832912657],[8.139762795255876,50.77192802700051],[8.154163083261636,50.75838742274843],[8.16136322726453,50.74484681849634],[8.168563371267396,50.7346913653073],[8.154163083261636,50.704225005740085],[8.139762795255876,50.69406955255104],[8.13256265125301,50.697454703614056],[8.125362507250117,50.69406955255104],[8.125362507250117,50.690684401488],[8.125362507250117,50.687299250424985],[8.110962219244357,50.697454703614056],[8.096561931238597,50.704225005740085],[8.082161643232837,50.704225005740085],[8.074961499229971,50.704225005740085],[8.074961499229971,50.70083985467707],[8.060561211224211,50.69406955255104],[8.038960779215557,50.697454703614056],[8.046160923218451,50.71099530786614],[8.038960779215557,50.72792106318124],[7.995759915198278,50.75500227168541],[7.988559771195412,50.75838742274843],[7.981359627192518,50.765157724874484],[7.966959339186758,50.775313178063556],[7.966959339186758,50.7854686312526],[7.966959339186758,50.799009235504684],[7.974159483189652,50.80239438656773],[7.974159483189652,50.83286074613491],[7.966959339186758,50.846401350387],[7.959759195183892,50.84978650145001],[7.938158763175238,50.846401350387],[7.923758475169478,50.846401350387],[7.916558331166613,50.84301619932398],[7.902158043160853,50.84978650145001],[7.8949578991579585,50.85994195463908],[7.8949578991579585,50.86671225676511],[7.887757755155093,50.87348255889117],[7.880557611152199,50.87686770995418],[7.873357467149333,50.87686770995418],[7.858957179143573,50.87686770995418],[7.844556891137813,50.8802528610172],[7.837356747134919,50.8802528610172],[7.830156603132053,50.88363801208021],[7.830156603132053,50.89040831420627],[7.830156603132053,50.90733406952137],[7.851757035140679,50.92425982483647],[7.830156603132053,50.92764497589951],[7.786955739114774,50.9411855801516],[7.772555451109014,50.931030126962526],[7.75095501910036,50.91748952271044],[7.743754875097494,50.903948918458354],[7.75095501910036,50.87686770995418],[7.75095501910036,50.86671225676511],[7.743754875097494,50.846401350387],[7.700554011080186,50.826090444008855],[7.671753435068666,50.81932014188283],[7.6645532910658005,50.81932014188283],[7.671753435068666,50.81254983975677],[7.67895357907156,50.80577953763074],[7.67895357907156,50.79562408444167],[7.67895357907156,50.78885378231564],[7.67895357907156,50.77869832912657],[7.6645532910658005,50.7685428759375],[7.657353147062906,50.7685428759375],[7.650153003060041,50.7685428759375],[7.635752715054281,50.7685428759375],[7.614152283045627,50.7685428759375],[7.599751995039867,50.765157724874484],[7.592551851037001,50.75838742274843],[7.592551851037001,50.75500227168541],[7.592551851037001,50.748231969559384],[7.592551851037001,50.74146166743333],[7.585351707034107,50.73807651637031],[7.563751275025481,50.74484681849634],[7.5493509870197215,50.74484681849634],[7.520550411008202,50.7346913653073],[7.477349546990922,50.71776560999217],[7.455749114982268,50.71776560999217],[7.4341486829736425,50.71099530786614],[7.426948538970748,50.71099530786614],[7.4125482509649885,50.71776560999217],[7.398147962959229,50.71776560999217],[7.383747674953469,50.71776560999217],[7.376547530950603,50.71776560999217],[7.369347386947709,50.71776560999217],[7.369347386947709,50.714380458929156],[7.369347386947709,50.71099530786614],[7.362147242944843,50.697454703614056],[7.369347386947709,50.697454703614056],[7.369347386947709,50.68391409936197],[7.369347386947709,50.6737586461729],[7.362147242944843,50.65006258873177],[7.333346666933323,50.643292286605714],[7.326146522930429,50.6399071355427],[7.2973459469189095,50.62975168235363],[7.26854537090739,50.626366531290614],[7.25414508290163,50.6229813802276],[7.25414508290163,50.626366531290614],[7.23974479489587,50.62975168235363],[7.22534450689011,50.626366531290614],[7.21094421888435,50.626366531290614],[7.21094421888435,50.65006258873177],[7.19654393087859,50.643292286605714],[7.189343786875725,50.62975168235363],[7.1821436428728305,50.6229813802276],[7.174943498869965,50.61282592703853],[7.146142922858445,50.59928532278644],[7.138942778855551,50.59928532278644],[7.124542490849791,50.60605562491247],[7.110142202844031,50.60605562491247],[7.102942058841165,50.58912986959737],[7.095741914838271,50.58574471853436],[7.081341626832511,50.58574471853436],[7.0669413388267515,50.592515020660386],[7.0669413388267515,50.59928532278644],[7.059741194823886,50.60605562491247],[7.052541050820992,50.60605562491247],[7.038140762815232,50.59590017172343],[7.023740474809472,50.58574471853436],[7.016540330806606,50.575589265345286],[7.002140042800846,50.565433812156215],[6.9733394667893265,50.55527835896717],[6.958939178783567,50.55527835896717],[6.937338746774913,50.5620486610932],[6.930138602772047,50.558663510030186],[6.922938458769153,50.55189320790413],[6.901338026760527,50.531582301526015],[6.886937738754767,50.528197150463],[6.879737594751873,50.52481199939996],[6.886937738754767,50.521426848336944],[6.886937738754767,50.50788624408486],[6.901338026760527,50.504501093021844],[6.908538170763393,50.50111594195883],[6.901338026760527,50.48419018664373],[6.901338026760527,50.4672644313286],[6.8581371627432475,50.453723827076516],[6.814936298725939,50.470649582391644],[6.807736154723074,50.48080503558069],[6.807736154723074,50.487575337706744],[6.8005360107201795,50.49096048876976],[6.77173543470866,50.48419018664373],[6.74293485869714,50.47403473345466],[6.74293485869714,50.4672644313286],[6.77173543470866,50.43002776963539],[6.78613572271442,50.419872316446316],[6.778935578711554,50.40633171219423],[6.77173543470866,50.39956141006817],[6.77173543470866,50.39617625900516],[6.77173543470866,50.392791107942145],[6.78613572271442,50.375865352627045],[6.8005360107201795,50.36232474837496],[6.78613572271442,50.36232474837496],[6.778935578711554,50.36232474837496],[6.72853457069138,50.35216929518589],[6.692533850676995,50.34539899305983],[6.6853337066741005,50.35893959731192],[6.670933418668341,50.372480201564],[6.663733274665475,50.372480201564],[6.663733274665475,50.36909505050099],[6.656533130662581,50.36909505050099],[6.656533130662581,50.3555544462489],[6.649332986659715,50.348784144122874],[6.634932698653955,50.34539899305983],[6.620532410648195,50.3555544462489],[6.620532410648195,50.36232474837496],[6.627732554651061,50.372480201564],[6.627732554651061,50.375865352627045],[6.606132122642435,50.38602080581609],[6.526930538610742,50.36909505050099],[6.512530250604982,50.35893959731192],[6.505330106602116,50.35216929518589],[6.490929818596356,50.3386286909338],[6.483729674593462,50.3386286909338],[6.4549290985819425,50.33524353987079],[6.447728954579077,50.3386286909338],[6.4549290985819425,50.348784144122874],[6.462129242584837,50.36232474837496],[6.447728954579077,50.372480201564],[6.411728234564663,50.38940595687913],[6.397327946558903,50.38602080581609],[6.382927658553143,50.382635654753074],[6.390127802556037,50.372480201564],[6.404528090561797,50.34539899305983],[6.418928378567557,50.331858388807746],[6.426128522570423,50.3217029356187],[6.404528090561797,50.3217029356187],[6.404528090561797,50.33524353987079],[6.397327946558903,50.34201384199682],[6.397327946558903,50.34539899305983],[6.3613272265445175,50.36909505050099],[6.354127082541623,50.372480201564],[6.3397267945358635,50.37925050369006],[6.346926938538758,50.382635654753074],[6.346926938538758,50.38602080581609],[6.354127082541623,50.39617625900516],[6.3613272265445175,50.39956141006817],[6.368527370547383,50.402946561131216],[6.368527370547383,50.409716863257245],[6.375727514550277,50.4334129206984],[6.375727514550277,50.436798071761416],[6.375727514550277,50.44356837388747],[6.375727514550277,50.4503386760135],[6.375727514550277,50.453723827076516],[6.368527370547383,50.45710897813956],[6.368527370547383,50.453723827076516],[6.3613272265445175,50.453723827076516],[6.346926938538758,50.45710897813956],[6.3397267945358635,50.46387928026559],[6.3397267945358635,50.47403473345466],[6.3397267945358635,50.48419018664373],[6.332526650532998,50.49096048876976],[6.318126362527238,50.49773079089579],[6.310926218524344,50.49773079089579],[6.310926218524344,50.50111594195883],[6.282125642512824,50.50111594195883],[6.2245244904897845,50.50111594195883],[6.195723914478265,50.521426848336944],[6.188523770475399,50.528197150463],[6.181323626472505,50.541737754715086],[6.174123482469639,50.558663510030186],[6.217324346486919,50.58235956747134],[6.2461249224984385,50.58574471853436],[6.267725354507064,50.61621107810154],[6.267725354507064,50.61959622916456],[6.267725354507064,50.6229813802276],[6.267725354507064,50.626366531290614],[6.260525210504198,50.626366531290614],[6.253325066501304,50.626366531290614],[6.231724634492679,50.6229813802276],[6.188523770475399,50.626366531290614],[6.166923338466745,50.643292286605714],[6.174123482469639,50.643292286605714],[6.181323626472505,50.64667743766873],[6.181323626472505,50.65006258873177],[6.1165223304466,50.71776560999217],[6.1165223304466,50.72115076105521],[6.1093221864437055,50.72453591211823],[6.094921898437946,50.72453591211823],[6.07332146642932,50.72115076105521],[6.0445208904178,50.71776560999217],[6.037320746414906,50.71776560999217],[6.037320746414906,50.72115076105521],[6.03012060241204,50.72792106318124],[6.037320746414906,50.7346913653073],[6.037320746414906,50.73807651637031],[6.037320746414906,50.74484681849634],[6.001320026400521,50.7854686312526],[5.979719594391867,50.79562408444167],[5.9725194503889725,50.799009235504684],[5.979719594391867,50.80239438656773],[5.986919738394732,50.81254983975677],[6.001320026400521,50.80239438656773],[6.008520170403386,50.80239438656773],[6.022920458409146,50.81254983975677],[6.03012060241204,50.81932014188283],[6.022920458409146,50.8294755950719],[6.022920458409146,50.83286074613491],[6.022920458409146,50.846401350387],[6.051721034420666,50.85655680357604],[6.05892117842356,50.85655680357604],[6.05892117842356,50.84978650145001],[6.07332146642932,50.846401350387],[6.08772175443508,50.87348255889117],[6.08772175443508,50.87686770995418],[6.080521610432186,50.88363801208021],[6.07332146642932,50.89040831420627],[6.07332146642932,50.89379346526928],[6.07332146642932,50.8971786163323],[6.080521610432186,50.90733406952137],[6.08772175443508,50.914104371647426],[6.094921898437946,50.91748952271044],[6.094921898437946,50.920874673773454],[6.07332146642932,50.92425982483647],[6.05892117842356,50.92764497589951],[6.0157203144062805,50.93441527802554],[6.0157203144062805,50.947955882277626],[6.0157203144062805,50.96149648652971],[6.022920458409146,50.981807392907854],[6.022920458409146,50.98519254397087],[5.986919738394732,50.981807392907854],[5.965319306386107,50.97842224184481],[5.922118442368827,50.97842224184481],[5.907718154363067,50.98857769503388],[5.8789175783515475,51.01904405460107],[5.864517290345788,51.04612526310524],[5.864517290345788,51.04951041416825],[5.914918298365933,51.06643616948338],[5.922118442368827,51.06305101842034],[5.922118442368827,51.05628071629431],[5.929318586371693,51.04951041416825],[5.936518730374587,51.03596980991617],[5.950919018380347,51.03596980991617],[5.965319306386107,51.04612526310524],[5.965319306386107,51.04951041416825],[5.9725194503889725,51.059665867357324],[5.979719594391867,51.069821320546396],[5.979719594391867,51.07320647160941],[5.9941198823976265,51.08336192479848],[6.001320026400521,51.08336192479848],[6.008520170403386,51.09013222692451],[6.0157203144062805,51.09351737798755],[6.022920458409146,51.09351737798755],[6.03012060241204,51.09351737798755],[6.037320746414906,51.09690252905057],[6.080521610432186,51.120598586491724],[6.08772175443508,51.12736888861775],[6.094921898437946,51.13413919074381],[6.1309226184523595,51.14429464393285],[6.138122762455225,51.14429464393285],[6.152523050460985,51.147679794995895],[6.159723194463879,51.147679794995895],[6.174123482469639,51.15783524818494],[6.174123482469639,51.16122039924798],[6.138122762455225,51.17137585243702],[6.138122762455225,51.174761003500066],[6.174123482469639,51.18491645668911],[6.181323626472505,51.18491645668911],[6.181323626472505,51.18830160775215],[6.166923338466745,51.19507190987818],[6.123722474449465,51.181531305626095],[6.1165223304466,51.17814615456308],[6.1165223304466,51.174761003500066],[6.1093221864437055,51.174761003500066],[6.1093221864437055,51.17137585243702],[6.10212204244084,51.17137585243702],[6.094921898437946,51.17137585243702],[6.08772175443508,51.17137585243702],[6.080521610432186,51.17137585243702],[6.07332146642932,51.18491645668911],[6.066121322426426,51.21876796731934],[6.07332146642932,51.242464024760466],[6.08772175443508,51.24923432688652],[6.1165223304466,51.26954523326464],[6.123722474449465,51.27293038432768],[6.152523050460985,51.30678189495788],[6.159723194463879,51.313552197083936],[6.159723194463879,51.32370765027298],[6.166923338466745,51.33386310346205],[6.188523770475399,51.34063340558811],[6.2245244904897845,51.36094431196622],[6.2245244904897845,51.364329463029236],[6.217324346486919,51.38802552047039],[6.202924058481159,51.40156612472248],[6.217324346486919,51.45572854173082],[6.2245244904897845,51.469269145982906],[6.2245244904897845,51.47265429704592],[6.210124202484025,51.51327610980218],[6.210124202484025,51.520046411928234],[6.202924058481159,51.52681671405426],[6.159723194463879,51.56743852681052],[6.123722474449465,51.587749433188634],[6.094921898437946,51.60467518850376],[6.094921898437946,51.62160094381886],[6.1165223304466,51.65206730338605],[6.1165223304466,51.65545245444906],[6.10212204244084,51.658837605512105],[6.080521610432186,51.66222275657512],[6.037320746414906,51.67237820976419],[6.03012060241204,51.675763360827204],[6.03012060241204,51.67914851189022],[6.03012060241204,51.70622972039439],[6.03012060241204,51.709614871457404],[6.03012060241204,51.71300002252045],[6.037320746414906,51.71300002252045],[6.0445208904178,51.71300002252045],[6.0445208904178,51.71638517358346],[6.03012060241204,51.72315547570949],[5.9941198823976265,51.736696079961575],[5.9941198823976265,51.74008123102459],[5.986919738394732,51.74008123102459],[5.965319306386107,51.74008123102459],[5.958119162383213,51.74008123102459],[5.950919018380347,51.74346638208763],[5.950919018380347,51.75023668421366],[5.986919738394732,51.76377728846575],[5.986919738394732,51.76716243952876],[5.9941198823976265,51.770547590591804],[5.979719594391867,51.797628799095975],[5.965319306386107,51.80778425228502],[5.958119162383213,51.81116940334806],[5.943718874377453,51.824710007600146],[5.958119162383213,51.831480309726174],[5.965319306386107,51.83825061185223],[5.9725194503889725,51.83486546078919],[5.986919738394732,51.831480309726174],[5.9941198823976265,51.831480309726174],[6.001320026400521,51.831480309726174],[6.008520170403386,51.83486546078919],[6.051721034420666,51.85179121610432],[6.10212204244084,51.848406065041274],[6.166923338466745,51.841635762915246],[6.166923338466745,51.86194666929336],[6.138122762455225,51.88564272673452],[6.123722474449465,51.892413028860574],[6.1165223304466,51.892413028860574],[6.123722474449465,51.8991833309866],[6.152523050460985,51.90256848204962],[6.166923338466745,51.90256848204962],[6.188523770475399,51.892413028860574],[6.188523770475399,51.88564272673452],[6.188523770475399,51.8822575756715],[6.195723914478265,51.87887242460849],[6.195723914478265,51.875487273545446],[6.202924058481159,51.875487273545446],[6.202924058481159,51.87210212248243],[6.210124202484025,51.87210212248243],[6.217324346486919,51.86871697141942],[6.2461249224984385,51.86871697141942],[6.267725354507064,51.875487273545446],[6.274925498509958,51.875487273545446],[6.282125642512824,51.875487273545446],[6.282125642512824,51.87210212248243],[6.289325786515718,51.87210212248243],[6.296525930518584,51.86871697141942],[6.332526650532998,51.85179121610432],[6.382927658553143,51.83486546078919],[6.397327946558903,51.82809515866316],[6.404528090561797,51.82809515866316],[6.404528090561797,51.83486546078919],[6.390127802556037,51.8653318203564],[6.390127802556037,51.875487273545446],[6.4549290985819425,51.8653318203564],[6.4549290985819425,51.858561518230346],[6.462129242584837,51.858561518230346],[6.462129242584837,51.85517636716733],[6.469329386587702,51.85517636716733],[6.498129962599222,51.86194666929336],[6.526930538610742,51.875487273545446],[6.577331546630916,51.892413028860574],[6.613332266645301,51.8991833309866],[6.634932698653955,51.90256848204962],[6.642132842656821,51.90595363311263],[6.670933418668341,51.9161090863017],[6.6853337066741005,51.9161090863017],[6.692533850676995,51.9161090863017],[6.69973399467986,51.909338784175674],[6.69973399467986,51.90595363311263],[6.71413428268562,51.8991833309866],[6.721334426688514,51.89579817992359],[6.72853457069138,51.8991833309866],[6.750135002700034,51.90595363311263],[6.77173543470866,51.9161090863017],[6.778935578711554,51.92287938842776],[6.78613572271442,51.92964969055379],[6.793335866717314,51.936419992679845],[6.793335866717314,51.94319029480587],[6.8005360107201795,51.96011605012097],[6.807736154723074,51.96011605012097],[6.807736154723074,51.963501201184016],[6.814936298725939,51.963501201184016],[6.829336586731699,51.963501201184016],[6.829336586731699,51.970271503310045],[6.829336586731699,51.97365665437306],[6.829336586731699,51.987197258625145],[6.829336586731699,51.9939675607512],[6.750135002700034,52.0278190713814],[6.71413428268562,52.04135967563349],[6.6853337066741005,52.04135967563349],[6.6853337066741005,52.05490027988557],[6.692533850676995,52.0718260352007],[6.735734714694274,52.075211186263715],[6.750135002700034,52.081981488389744],[6.750135002700034,52.08536663945276],[6.7573351467029,52.09890724370484],[6.7573351467029,52.102292394767886],[6.7573351467029,52.119218150082986],[6.822136442728834,52.119218150082986],[6.8581371627432475,52.119218150082986],[6.872537450749007,52.12937360327206],[6.872537450749007,52.13275875433507],[6.879737594751873,52.15645481177623],[6.908538170763393,52.17676571815434],[6.9517390347806725,52.18015086921736],[6.958939178783567,52.186921171343414],[6.9733394667893265,52.20723207772153],[6.9733394667893265,52.21061722878457],[6.980539610792192,52.220772681973614],[6.987739754795086,52.22415783303666],[6.987739754795086,52.22754298409967],[6.994939898797952,52.22754298409967],[7.002140042800846,52.22754298409967],[7.009340186803712,52.22754298409967],[7.016540330806606,52.22754298409967],[7.016540330806606,52.22415783303666],[7.038140762815232,52.22754298409967],[7.052541050820992,52.230928135162685],[7.059741194823886,52.2343132862257],[7.059741194823886,52.23769843728874],[7.0669413388267515,52.23769843728874],[7.0669413388267515,52.241083588351756],[7.095741914838271,52.24446873941477],[7.110142202844031,52.25123904154083],[7.110142202844031,52.25462419260384],[7.124542490849791,52.26139449472987],[7.160543210864205,52.26816479685593],[7.232544650893004,52.264779645792885],[7.23974479489587,52.264779645792885],[7.290145802916044,52.264779645792885],[7.2973459469189095,52.264779645792885],[7.3189463789275635,52.28170540110801],[7.333346666933323,52.28170540110801],[7.347746954939083,52.28170540110801],[7.362147242944843,52.28847570323404],[7.369347386947709,52.29863115642311],[7.383747674953469,52.308786609612184],[7.398147962959229,52.3121717606752],[7.4341486829736425,52.325712364927284],[7.470149402988028,52.3460232713054],[7.506150123002442,52.359563875557484],[7.5277505550110675,52.369719328746555],[7.534950699013962,52.369719328746555],[7.542150843016827,52.369719328746555],[7.556551131022587,52.369719328746555],[7.563751275025481,52.369719328746555],[7.570951419028347,52.37987478193563],[7.585351707034107,52.40357083937678],[7.592551851037001,52.4238817457549],[7.570951419028347,52.430652047880926],[7.578151563031241,52.447577803196054],[7.578151563031241,52.45096295425907],[7.585351707034107,52.4577332563851],[7.592551851037001,52.464503558511154],[7.606952139042761,52.474659011700226],[7.614152283045627,52.47127386063718],[7.67895357907156,52.4577332563851],[7.686153723074426,52.45434810532208],[7.69335386707732,52.44419265213301],[7.700554011080186,52.44080750107],[7.700554011080186,52.43403719894397],[7.70775415508308,52.413726292565826],[7.714954299085974,52.40018568831374],[7.729354587091734,52.396800537250726],[7.758155163103254,52.3900302351247],[7.8013560271205336,52.37310447980957],[7.808556171123399,52.369719328746555],[7.830156603132053,52.369719328746555],[7.844556891137813,52.369719328746555],[7.858957179143573,52.37310447980957],[7.866157323146439,52.37648963087261],[7.887757755155093,52.37987478193563],[7.938158763175238,52.36294902662053],[7.952559051180998,52.34940842236844],[7.952559051180998,52.3460232713054],[7.945358907178132,52.33925296917937],[7.945358907178132,52.335867818116355],[7.952559051180998,52.335867818116355],[7.952559051180998,52.33248266705331],[7.959759195183892,52.325712364927284],[7.966959339186758,52.325712364927284],[7.974159483189652,52.3121717606752],[7.959759195183892,52.30540145854914],[7.952559051180998,52.30540145854914],[7.945358907178132,52.30540145854914],[7.930958619172372,52.30201630748613],[7.930958619172372,52.291860854297056],[7.930958619172372,52.28847570323404],[7.952559051180998,52.27154994791894],[7.945358907178132,52.264779645792885],[7.916558331166613,52.22415783303666],[7.902158043160853,52.21061722878457],[7.909358187163718,52.19030632240643],[7.930958619172372,52.17676571815434],[7.938158763175238,52.17676571815434],[7.988559771195412,52.17338056709133],[8.010160203204038,52.17676571815434],[8.017360347206932,52.169995416028314],[8.024560491209797,52.16322511390226],[8.024560491209797,52.15983996283924],[8.002960059201172,52.14629935858716],[8.010160203204038,52.11583299901997],[7.959759195183892,52.1056775458309],[7.902158043160853,52.092136941578815],[7.887757755155093,52.08536663945276],[7.880557611152199,52.08536663945276],[7.8949578991579585,52.07859633732673],[7.909358187163718,52.065055733074644],[7.916558331166613,52.05151512882256],[7.930958619172372,52.048129977759544],[7.945358907178132,52.04474482669653],[7.974159483189652,52.03797452457047],[7.981359627192518,52.03797452457047],[7.988559771195412,52.04135967563349],[7.988559771195412,52.04474482669653],[7.995759915198278,52.048129977759544],[7.995759915198278,52.05151512882256],[8.031760635212692,52.06844088413766],[8.067761355227077,52.06844088413766],[8.089361787235731,52.065055733074644],[8.096561931238597,52.058285430948615],[8.125362507250117,52.06844088413766],[8.17576351527029,52.0718260352007],[8.20456409128181,52.0887517905158],[8.211764235284676,52.09552209264183],[8.21896437928757,52.1056775458309],[8.24776495529909,52.122603301146],[8.269365387307715,52.13275875433507],[8.283765675313475,52.13275875433507],[8.283765675313475,52.12937360327206],[8.283765675313475,52.125988452209015],[8.298165963319235,52.122603301146],[8.312566251324995,52.119218150082986],[8.319766395327889,52.122603301146],[8.326966539330755,52.125988452209015],[8.362967259345169,52.119218150082986],[8.370167403348034,52.11244784795693],[8.370167403348034,52.109062696893915],[8.377367547350929,52.109062696893915],[8.391767835356688,52.109062696893915],[8.398967979359554,52.109062696893915],[8.406168123362448,52.11244784795693],[8.413368267365314,52.11583299901997],[8.406168123362448,52.122603301146],[8.406168123362448,52.125988452209015],[8.406168123362448,52.12937360327206],[8.406168123362448,52.13275875433507],[8.406168123362448,52.136143905398086],[8.413368267365314,52.136143905398086],[8.413368267365314,52.1395290564611],[8.434968699373968,52.14629935858716],[8.449368987379728,52.15645481177623],[8.456569131382594,52.15645481177623],[8.470969419388354,52.15645481177623],[8.478169563391248,52.15983996283924],[8.485369707394113,52.15983996283924],[8.492569851397008,52.16661026496527],[8.506970139402767,52.18015086921736],[8.499769995399873,52.186921171343414],[8.492569851397008,52.186921171343414],[8.485369707394113,52.186921171343414],[8.485369707394113,52.19030632240643],[8.463769275385488,52.19369147346944],[8.449368987379728,52.2004617755955],[8.442168843376834,52.214002379847585],[8.449368987379728,52.22415783303666],[8.470969419388354,52.247853890477785],[8.463769275385488,52.26816479685593],[8.463769275385488,52.27154994791894],[8.456569131382594,52.291860854297056],[8.456569131382594,52.30201630748613],[8.456569131382594,52.30540145854914],[8.463769275385488,52.31894206280123],[8.442168843376834,52.36294902662053],[8.391767835356688,52.386645084061655],[8.355767115342275,52.39341538618771],[8.326966539330755,52.40018568831374],[8.319766395327889,52.40018568831374],[8.312566251324995,52.4069559904398],[8.319766395327889,52.41711144362887],[8.319766395327889,52.42049659469188],[8.319766395327889,52.42726689681791],[8.30536610732213,52.44419265213301],[8.298165963319235,52.4577332563851],[8.319766395327889,52.45434810532208],[8.362967259345169,52.44419265213301],[8.384567691353794,52.44419265213301],[8.427768555371074,52.447577803196054],[8.456569131382594,52.46111840744814],[8.456569131382594,52.474659011700226],[8.456569131382594,52.49496991807834],[8.470969419388354,52.498355069141354],[8.506970139402767,52.51528082445648],[8.557371147422913,52.5017402202044],[8.62937258745174,52.52205112658251],[8.650973019460366,52.53220657977158],[8.665373307466126,52.52205112658251],[8.70137402748054,52.5017402202044],[8.70137402748054,52.48481446488927],[8.70137402748054,52.44419265213301],[8.70137402748054,52.413726292565826],[8.708574171483406,52.396800537250726],[8.7157743154863,52.39341538618771],[8.74457489149782,52.386645084061655],[8.77337546750934,52.39341538618771],[8.780575611512205,52.396800537250726],[8.7877757555151,52.40018568831374],[8.809376187523725,52.396800537250726],[8.852577051541004,52.3900302351247],[8.931778635572698,52.40018568831374],[8.938978779575564,52.40357083937678],[8.974979499589978,52.42726689681791],[9.018180363607257,52.46788870957417],[9.032580651613017,52.481429313826254],[9.054181083621643,52.5017402202044],[9.082981659633163,52.49496991807834],[9.126182523650442,52.48481446488927],[9.133382667653336,52.481429313826254],[9.133382667653336,52.474659011700226],[9.126182523650442,52.46788870957417],[9.104582091641817,52.4577332563851],[9.097381947638922,52.45096295425907],[9.097381947638922,52.44419265213301],[9.097381947638922,52.44080750107],[9.111782235644682,52.43403719894397],[9.126182523650442,52.42049659469188],[9.126182523650442,52.41711144362887],[9.126182523650442,52.413726292565826],[9.126182523650442,52.4069559904398],[9.097381947638922,52.37310447980957],[9.075781515630297,52.34940842236844],[9.061381227624537,52.33925296917937],[9.039780795615883,52.342638120242384],[9.032580651613017,52.342638120242384],[9.032580651613017,52.3460232713054],[9.025380507610123,52.3460232713054],[8.996579931598603,52.325712364927284],[8.989379787595738,52.31555691173821],[8.989379787595738,52.28847570323404],[8.989379787595738,52.28509055217103],[8.982179643592843,52.28170540110801],[8.967779355587084,52.28170540110801],[8.960579211584218,52.27832025004497],[8.974979499589978,52.264779645792885],[8.974979499589978,52.26139449472987],[8.982179643592843,52.26139449472987],[9.003780075601497,52.25462419260384],[9.039780795615883,52.24446873941477],[9.075781515630297,52.2343132862257],[9.075781515630297,52.230928135162685],[9.068581371627403,52.22415783303666],[9.046980939618777,52.20723207772153],[9.046980939618777,52.197076624532485],[9.039780795615883,52.1835360202804],[9.018180363607257,52.1835360202804],[9.003780075601497,52.19030632240643],[8.982179643592843,52.19369147346944],[8.989379787595738,52.186921171343414],[9.010980219604363,52.18015086921736],[9.010980219604363,52.17676571815434],[9.018180363607257,52.17338056709133],[9.018180363607257,52.14968450965017],[9.046980939618777,52.14291420752414],[9.097381947638922,52.13275875433507],[9.104582091641817,52.13275875433507],[9.111782235644682,52.13275875433507],[9.111782235644682,52.136143905398086],[9.126182523650442,52.1395290564611],[9.140582811656202,52.136143905398086],[9.147782955659096,52.13275875433507],[9.154983099661962,52.12937360327206],[9.154983099661962,52.125988452209015],[9.154983099661962,52.119218150082986],[9.147782955659096,52.09890724370484],[9.154983099661962,52.09890724370484],[9.176583531670616,52.08536663945276],[9.183783675673482,52.081981488389744],[9.190983819676376,52.0718260352007],[9.190983819676376,52.06844088413766],[9.183783675673482,52.06844088413766],[9.176583531670616,52.06167058201163],[9.176583531670616,52.058285430948615],[9.169383387667722,52.048129977759544],[9.176583531670616,52.04135967563349],[9.176583531670616,52.03458937350746],[9.176583531670616,52.031204222444444],[9.190983819676376,52.0278190713814],[9.198183963679242,52.0108933160663],[9.183783675673482,52.00073786287723],[9.176583531670616,51.98381210756213],[9.176583531670616,51.980426956499116],[9.190983819676376,51.963501201184016],[9.205384107682136,51.96011605012097],[9.212584251685001,51.96011605012097],[9.212584251685001,51.96688635224703],[9.219784395687896,51.97365665437306],[9.226984539690761,51.97365665437306],[9.255785115702281,51.9770418054361],[9.262985259705175,51.9770418054361],[9.277385547710935,51.963501201184016],[9.270185403708041,51.953345747994945],[9.262985259705175,51.94657544586889],[9.270185403708041,51.9330348416168],[9.2845856917138,51.92287938842776],[9.291785835716695,51.91949423736472],[9.306186123722455,51.92287938842776],[9.31338626772532,51.92287938842776],[9.32778655573108,51.9161090863017],[9.34218684373684,51.909338784175674],[9.34218684373684,51.89579817992359],[9.34218684373684,51.892413028860574],[9.34218684373684,51.88902787779753],[9.34218684373684,51.8822575756715],[9.34218684373684,51.87210212248243],[9.334986699733975,51.86194666929336],[9.334986699733975,51.858561518230346],[9.334986699733975,51.85517636716733],[9.34218684373684,51.85517636716733]]]}},{"type":"Feature","properties":{"name":"Hessen","cartodb_id":5,"created_at":"2013-11-30T06:05:29+0100","updated_at":"2013-11-30T06:05:29+0100"},"geometry":{"type":"Polygon","coordinates":[[[9.92539850797013,51.37109976515529],[9.92539850797013,51.35417400984019],[9.932598651973024,51.34063340558811],[9.968599371987409,51.286470988579765],[9.982999659993169,51.28308583751672],[10.040600812016208,51.27970068645371],[10.055001100021968,51.27970068645371],[10.062201244024862,51.276315535390694],[10.062201244024862,51.26954523326464],[10.069401388027728,51.22892342050838],[10.069401388027728,51.225538269445366],[10.076601532030622,51.225538269445366],[10.112602252045008,51.21876796731934],[10.163003260065182,51.21199766519328],[10.177403548070941,51.208612514130266],[10.184603692073807,51.208612514130266],[10.213404268085327,51.191686758815166],[10.227804556091087,51.18830160775215],[10.235004700093981,51.181531305626095],[10.227804556091087,51.174761003500066],[10.206204124082461,51.164605550310995],[10.199003980079567,51.15106494605891],[10.199003980079567,51.147679794995895],[10.206204124082461,51.147679794995895],[10.206204124082461,51.14429464393285],[10.213404268085327,51.14090949286984],[10.213404268085327,51.11721343542868],[10.199003980079567,51.11382828436567],[10.191803836076701,51.11382828436567],[10.191803836076701,51.11721343542868],[10.177403548070941,51.12736888861775],[10.184603692073807,51.13413919074381],[10.184603692073807,51.14090949286984],[10.170203404068047,51.154450097121924],[10.127002540050768,51.14429464393285],[10.119802396047902,51.14090949286984],[10.119802396047902,51.137524341806824],[10.148602972059422,51.12398373755474],[10.163003260065182,51.120598586491724],[10.170203404068047,51.10705798223964],[10.163003260065182,51.09690252905057],[10.155803116062287,51.09690252905057],[10.148602972059422,51.086747075861496],[10.141402828056528,51.059665867357324],[10.148602972059422,51.05628071629431],[10.170203404068047,51.04951041416825],[10.184603692073807,51.04951041416825],[10.199003980079567,51.042740112042225],[10.206204124082461,51.03596980991617],[10.213404268085327,51.025814356727125],[10.206204124082461,51.008888601412025],[10.184603692073807,50.998733148222954],[10.177403548070941,50.998733148222954],[10.148602972059422,50.99534799715994],[10.141402828056528,50.99534799715994],[10.134202684053662,50.99534799715994],[10.134202684053662,50.998733148222954],[10.127002540050768,50.998733148222954],[10.127002540050768,51.00211829928597],[10.105402108042142,51.00550345034898],[10.076601532030622,51.01227375247504],[10.055001100021968,51.01227375247504],[10.040600812016208,51.01227375247504],[10.033400668013343,51.01227375247504],[10.033400668013343,51.008888601412025],[10.019000380007583,50.99534799715994],[10.026200524010449,50.98519254397087],[10.040600812016208,50.96826678865577],[10.062201244024862,50.947955882277626],[10.062201244024862,50.94457073121461],[10.055001100021968,50.9411855801516],[10.047800956019103,50.937800429088554],[10.011800236004689,50.93441527802554],[9.997399947998929,50.937800429088554],[9.982999659993169,50.9411855801516],[9.968599371987409,50.94457073121461],[9.961399227984543,50.9411855801516],[9.95419908398165,50.937800429088554],[9.946998939978783,50.92764497589951],[9.961399227984543,50.92425982483647],[9.968599371987409,50.931030126962526],[9.990199803996063,50.93441527802554],[10.011800236004689,50.920874673773454],[10.055001100021968,50.89040831420627],[10.062201244024862,50.88363801208021],[10.040600812016208,50.87348255889117],[10.026200524010449,50.86671225676511],[10.019000380007583,50.85655680357604],[10.019000380007583,50.84978650145001],[10.026200524010449,50.84978650145001],[10.033400668013343,50.853171652513026],[10.040600812016208,50.853171652513026],[10.040600812016208,50.846401350387],[10.026200524010449,50.83286074613491],[9.997399947998929,50.826090444008855],[9.990199803996063,50.8294755950719],[9.975799515990303,50.83286074613491],[9.968599371987409,50.8294755950719],[9.95419908398165,50.81932014188283],[9.946998939978783,50.81932014188283],[9.946998939978783,50.799009235504684],[9.946998939978783,50.79562408444167],[9.95419908398165,50.7854686312526],[9.95419908398165,50.775313178063556],[9.946998939978783,50.77192802700051],[9.92539850797013,50.7685428759375],[9.93979879597589,50.75500227168541],[9.93979879597589,50.73807651637031],[9.932598651973024,50.72453591211823],[9.918198363967264,50.70083985467707],[9.89659793195861,50.68391409936197],[9.88219764395285,50.66698834404687],[9.874997499949984,50.643292286605714],[9.88219764395285,50.63313683341664],[9.946998939978783,50.626366531290614],[9.961399227984543,50.62975168235363],[9.968599371987409,50.643292286605714],[9.95419908398165,50.6568328908578],[9.946998939978783,50.660218041920814],[9.946998939978783,50.66360319298386],[9.95419908398165,50.66360319298386],[9.95419908398165,50.66698834404687],[9.961399227984543,50.670373495109885],[9.990199803996063,50.6737586461729],[9.997399947998929,50.677143797235914],[10.033400668013343,50.6737586461729],[10.047800956019103,50.6737586461729],[10.055001100021968,50.6737586461729],[10.069401388027728,50.6568328908578],[10.076601532030622,50.636521984479685],[10.083801676033488,50.63313683341664],[10.083801676033488,50.61959622916456],[10.076601532030622,50.61959622916456],[10.069401388027728,50.61959622916456],[10.069401388027728,50.626366531290614],[10.055001100021968,50.626366531290614],[10.047800956019103,50.6229813802276],[10.040600812016208,50.61282592703853],[10.040600812016208,50.60267047384946],[10.047800956019103,50.59928532278644],[10.047800956019103,50.59590017172343],[10.055001100021968,50.55527835896717],[10.047800956019103,50.5451229057781],[10.040600812016208,50.528197150463],[10.040600812016208,50.51804169727393],[10.040600812016208,50.50111594195883],[10.033400668013343,50.49096048876976],[10.019000380007583,50.470649582391644],[10.019000380007583,50.4672644313286],[9.997399947998929,50.46049412920257],[9.975799515990303,50.44356837388747],[9.961399227984543,50.43002776963539],[9.932598651973024,50.419872316446316],[9.92539850797013,50.41310201432026],[9.918198363967264,50.41310201432026],[9.903798075961504,50.402946561131216],[9.88219764395285,50.39956141006817],[9.860597211944224,50.39617625900516],[9.82459649192981,50.40633171219423],[9.81019620392405,50.41310201432026],[9.81019620392405,50.419872316446316],[9.81019620392405,50.42325746750933],[9.802996059921185,50.42325746750933],[9.79579591591829,50.426642618572345],[9.788595771915425,50.426642618572345],[9.78139562791253,50.419872316446316],[9.774195483909665,50.42325746750933],[9.76699533990677,50.426642618572345],[9.759795195903905,50.426642618572345],[9.759795195903905,50.42325746750933],[9.752595051901011,50.4164871653833],[9.759795195903905,50.40633171219423],[9.752595051901011,50.38602080581609],[9.752595051901011,50.382635654753074],[9.745394907898145,50.365709899437974],[9.745394907898145,50.36232474837496],[9.730994619892385,50.3555544462489],[9.745394907898145,50.34539899305983],[9.745394907898145,50.34201384199682],[9.745394907898145,50.3386286909338],[9.745394907898145,50.314932633492646],[9.745394907898145,50.31154748242963],[9.738194763895251,50.30139202924056],[9.730994619892385,50.298006878177546],[9.702194043880866,50.281081122862446],[9.694993899877971,50.27769597179943],[9.687793755875106,50.27769597179943],[9.666193323866452,50.270925669673375],[9.637392747854932,50.25061476329526],[9.637392747854932,50.23368900798013],[9.622992459849172,50.23030385691712],[9.622992459849172,50.226918705854104],[9.622992459849172,50.22353355479109],[9.615792315846306,50.22014840372805],[9.608592171843412,50.22014840372805],[9.579791595831892,50.22014840372805],[9.579791595831892,50.22353355479109],[9.579791595831892,50.226918705854104],[9.572591451829027,50.23368900798013],[9.529390587811747,50.23368900798013],[9.514990299805987,50.23368900798013],[9.500590011800227,50.2438444611692],[9.500590011800227,50.24045931010619],[9.493389867797333,50.226918705854104],[9.500590011800227,50.21337810160202],[9.507790155803093,50.19983749734993],[9.507790155803093,50.19645234628692],[9.507790155803093,50.16937113778275],[9.507790155803093,50.14567508034159],[9.507790155803093,50.132134476089504],[9.514990299805987,50.12197902290043],[9.522190443808853,50.115208720774405],[9.522190443808853,50.11182356971139],[9.522190443808853,50.10505326758533],[9.514990299805987,50.09489781439626],[9.507790155803093,50.09489781439626],[9.500590011800227,50.09489781439626],[9.478989579791573,50.09489781439626],[9.442988859777188,50.08812751227023],[9.435788715774294,50.08474236120722],[9.4285885717714,50.08474236120722],[9.41418828376564,50.08474236120722],[9.406988139762774,50.08812751227023],[9.39978799575988,50.09151266333325],[9.39978799575988,50.09489781439626],[9.392587851757014,50.09489781439626],[9.38538770775412,50.10843841864835],[9.38538770775412,50.11859387183742],[9.378187563751254,50.12874932502649],[9.37098741974836,50.132134476089504],[9.34218684373684,50.132134476089504],[9.31338626772532,50.13551962715252],[9.2845856917138,50.142289929278576],[9.277385547710935,50.142289929278576],[9.226984539690761,50.149060231404604],[9.212584251685001,50.14567508034159],[9.183783675673482,50.13551962715252],[9.169383387667722,50.11859387183742],[9.162183243664856,50.10166811652232],[9.147782955659096,50.10505326758533],[9.147782955659096,50.115208720774405],[9.133382667653336,50.12197902290043],[9.126182523650442,50.125364173963476],[9.118982379647576,50.125364173963476],[9.097381947638922,50.125364173963476],[9.090181803636057,50.11859387183742],[9.075781515630297,50.115208720774405],[9.068581371627403,50.115208720774405],[9.046980939618777,50.115208720774405],[9.025380507610123,50.11182356971139],[9.018180363607257,50.11182356971139],[9.010980219604363,50.10843841864835],[9.010980219604363,50.10505326758533],[8.996579931598603,50.09151266333325],[8.996579931598603,50.081357210144176],[8.996579931598603,50.07458690801815],[8.989379787595738,50.06781660589209],[8.974979499589978,50.05089085057699],[8.974979499589978,50.04750569951398],[8.974979499589978,50.04412054845096],[8.982179643592843,50.04412054845096],[8.982179643592843,50.04073539738792],[8.989379787595738,50.04073539738792],[8.996579931598603,50.04073539738792],[8.996579931598603,50.04412054845096],[9.003780075601497,50.04412054845096],[9.010980219604363,50.04412054845096],[9.018180363607257,50.04412054845096],[9.025380507610123,50.04412054845096],[9.025380507610123,50.04073539738792],[9.032580651613017,50.04073539738792],[9.032580651613017,50.037350246324905],[9.032580651613017,50.003498735694706],[9.025380507610123,49.99672843356865],[9.018180363607257,49.98995813144262],[9.018180363607257,49.98657298037958],[9.018180363607257,49.976417527190534],[9.032580651613017,49.90871450593011],[9.039780795615883,49.89178875061501],[9.046980939618777,49.871477844236864],[9.046980939618777,49.864707542110835],[9.039780795615883,49.86809269317385],[9.032580651613017,49.86809269317385],[9.032580651613017,49.864707542110835],[9.032580651613017,49.85793723998478],[9.039780795615883,49.854552088921764],[9.046980939618777,49.85116693785875],[9.039780795615883,49.84439663573269],[9.039780795615883,49.84101148466968],[9.061381227624537,49.83424118254362],[9.061381227624537,49.83085603148061],[9.068581371627403,49.83085603148061],[9.082981659633163,49.81393027616551],[9.090181803636057,49.80038967191342],[9.090181803636057,49.79023421872435],[9.097381947638922,49.79023421872435],[9.104582091641817,49.793619369787365],[9.104582091641817,49.79700452085041],[9.133382667653336,49.79700452085041],[9.133382667653336,49.78346391659832],[9.133382667653336,49.78007876553531],[9.126182523650442,49.776693614472265],[9.111782235644682,49.77330846340925],[9.104582091641817,49.759767859157165],[9.111782235644682,49.75638270809415],[9.126182523650442,49.75638270809415],[9.147782955659096,49.74622725490508],[9.147782955659096,49.742842103842065],[9.126182523650442,49.70560544214882],[9.090181803636057,49.69544998895975],[9.090181803636057,49.69206483789674],[9.090181803636057,49.68867968683372],[9.090181803636057,49.67175393151862],[9.090181803636057,49.66836878045558],[9.104582091641817,49.66159847832955],[9.104582091641817,49.65821332726654],[9.104582091641817,49.64128757195141],[9.090181803636057,49.63451726982538],[9.082981659633163,49.63451726982538],[9.082981659633163,49.631132118762366],[9.068581371627403,49.62436181663631],[9.068581371627403,49.61759151451028],[9.068581371627403,49.604050910258195],[9.068581371627403,49.60066575919518],[9.075781515630297,49.60066575919518],[9.082981659633163,49.60066575919518],[9.090181803636057,49.59728060813214],[9.104582091641817,49.576969701754024],[9.097381947638922,49.57019939962797],[9.090181803636057,49.54988849324985],[9.097381947638922,49.543118191123796],[9.097381947638922,49.53973304006078],[9.111782235644682,49.53634788899777],[9.111782235644682,49.53296273793475],[9.126182523650442,49.52280728474568],[9.126182523650442,49.516036982619624],[9.126182523650442,49.51265183155661],[9.118982379647576,49.51265183155661],[9.104582091641817,49.509266680493596],[9.104582091641817,49.51265183155661],[9.104582091641817,49.516036982619624],[9.097381947638922,49.526192435808696],[9.082981659633163,49.526192435808696],[9.068581371627403,49.526192435808696],[9.046980939618777,49.51265183155661],[9.039780795615883,49.50249637836754],[9.039780795615883,49.499111227304525],[9.032580651613017,49.499111227304525],[9.018180363607257,49.49572607624151],[9.010980219604363,49.499111227304525],[9.010980219604363,49.50249637836754],[8.989379787595738,49.509266680493596],[8.982179643592843,49.509266680493596],[8.960579211584218,49.50249637836754],[8.931778635572698,49.47541516986337],[8.931778635572698,49.46864486773734],[8.938978779575564,49.465259716674325],[8.953379067581324,49.455104263485254],[8.924578491569804,49.438178508170154],[8.888577771555418,49.41786760179201],[8.859777195543899,49.3975566954139],[8.852577051541004,49.39417154435088],[8.823776475529485,49.39417154435088],[8.816576331526619,49.3975566954139],[8.80217604352086,49.404326997539926],[8.80217604352086,49.41109729966598],[8.809376187523725,49.41786760179201],[8.816576331526619,49.421252752855054],[8.816576331526619,49.42463790391807],[8.823776475529485,49.421252752855054],[8.830976619532379,49.421252752855054],[8.830976619532379,49.42463790391807],[8.838176763535245,49.43479335710714],[8.830976619532379,49.45171911242224],[8.830976619532379,49.46187456561128],[8.823776475529485,49.46187456561128],[8.823776475529485,49.47203001880035],[8.838176763535245,49.47541516986337],[8.852577051541004,49.482185471989425],[8.859777195543899,49.482185471989425],[8.866977339546764,49.47541516986337],[8.859777195543899,49.465259716674325],[8.866977339546764,49.465259716674325],[8.874177483549659,49.465259716674325],[8.888577771555418,49.47541516986337],[8.902978059561178,49.48557062305244],[8.895777915558284,49.50249637836754],[8.888577771555418,49.50588152943058],[8.881377627552524,49.50588152943058],[8.845376907538139,49.499111227304525],[8.794975899517965,49.51265183155661],[8.766175323506445,49.516036982619624],[8.75897517950358,49.516036982619624],[8.722974459489166,49.52280728474568],[8.70137402748054,49.53634788899777],[8.68697373947478,49.57019939962797],[8.68697373947478,49.57358455069101],[8.68697373947478,49.59051030600611],[8.694173883477646,49.59051030600611],[8.694173883477646,49.60066575919518],[8.694173883477646,49.620976665573295],[8.694173883477646,49.62436181663631],[8.679773595471886,49.62436181663631],[8.650973019460366,49.620976665573295],[8.593371867437327,49.610821212384224],[8.593371867437327,49.604050910258195],[8.593371867437327,49.593895457069124],[8.593371867437327,49.59051030600611],[8.60057201144022,49.593895457069124],[8.61497229944598,49.55327364431287],[8.622172443448846,49.543118191123796],[8.607772155443087,49.53296273793475],[8.60057201144022,49.52957758687171],[8.593371867437327,49.52957758687171],[8.578971579431567,49.52280728474568],[8.578971579431567,49.51942213368267],[8.564571291425807,49.51942213368267],[8.557371147422913,49.51942213368267],[8.542970859417153,49.52957758687171],[8.528570571411393,49.53634788899777],[8.528570571411393,49.54650334218684],[8.492569851397008,49.57358455069101],[8.478169563391248,49.58374000388005],[8.463769275385488,49.59051030600611],[8.449368987379728,49.59051030600611],[8.442168843376834,49.59051030600611],[8.420568411368208,49.58374000388005],[8.413368267365314,49.593895457069124],[8.413368267365314,49.604050910258195],[8.406168123362448,49.60743606132121],[8.406168123362448,49.610821212384224],[8.398967979359554,49.61420636344724],[8.391767835356688,49.61759151451028],[8.384567691353794,49.620976665573295],[8.384567691353794,49.62436181663631],[8.384567691353794,49.62774696769932],[8.362967259345169,49.67175393151862],[8.355767115342275,49.67852423364465],[8.355767115342275,49.681909384707666],[8.355767115342275,49.68867968683372],[8.355767115342275,49.69206483789674],[8.362967259345169,49.69544998895975],[8.370167403348034,49.70222029108581],[8.377367547350929,49.70560544214882],[8.384567691353794,49.70899059321184],[8.398967979359554,49.71237574427488],[8.406168123362448,49.71237574427488],[8.420568411368208,49.715760895337894],[8.427768555371074,49.715760895337894],[8.434968699373968,49.71914604640091],[8.442168843376834,49.72253119746392],[8.442168843376834,49.725916348526965],[8.449368987379728,49.72930149958998],[8.449368987379728,49.732686650652994],[8.463769275385488,49.749612405968094],[8.470969419388354,49.75299755703114],[8.478169563391248,49.75638270809415],[8.478169563391248,49.759767859157165],[8.478169563391248,49.76315301022018],[8.478169563391248,49.76653816128322],[8.470969419388354,49.76653816128322],[8.470969419388354,49.769923312346236],[8.463769275385488,49.769923312346236],[8.449368987379728,49.76653816128322],[8.442168843376834,49.76653816128322],[8.434968699373968,49.76653816128322],[8.427768555371074,49.76653816128322],[8.427768555371074,49.769923312346236],[8.420568411368208,49.769923312346236],[8.420568411368208,49.77330846340925],[8.413368267365314,49.776693614472265],[8.413368267365314,49.78007876553531],[8.413368267365314,49.78346391659832],[8.413368267365314,49.786849067661336],[8.406168123362448,49.793619369787365],[8.406168123362448,49.79700452085041],[8.398967979359554,49.803774822976436],[8.384567691353794,49.81731542722852],[8.377367547350929,49.82408572935458],[8.377367547350929,49.82747088041759],[8.377367547350929,49.83424118254362],[8.384567691353794,49.837626333606664],[8.384567691353794,49.84778178679571],[8.384567691353794,49.85116693785875],[8.384567691353794,49.854552088921764],[8.384567691353794,49.85793723998478],[8.377367547350929,49.86132239104779],[8.370167403348034,49.86132239104779],[8.362967259345169,49.864707542110835],[8.355767115342275,49.864707542110835],[8.355767115342275,49.86809269317385],[8.348566971339409,49.871477844236864],[8.348566971339409,49.87486299529988],[8.348566971339409,49.87824814636292],[8.341366827336515,49.87824814636292],[8.341366827336515,49.881633297425935],[8.341366827336515,49.88501844848895],[8.341366827336515,49.888403599551964],[8.341366827336515,49.89178875061501],[8.348566971339409,49.89517390167802],[8.348566971339409,49.898559052741035],[8.348566971339409,49.90194420380405],[8.355767115342275,49.90532935486709],[8.355767115342275,49.90871450593011],[8.355767115342275,49.915484808056135],[8.355767115342275,49.91886995911918],[8.341366827336515,49.942566016560306],[8.341366827336515,49.94933631868636],[8.341366827336515,49.95272146974938],[8.341366827336515,49.95610662081239],[8.334166683333649,49.96287692293845],[8.326966539330755,49.96626207400146],[8.326966539330755,49.96964722506448],[8.319766395327889,49.97303237612749],[8.312566251324995,49.98318782931656],[8.30536610732213,49.98657298037958],[8.29096581931637,49.993343282505634],[8.27656553131061,50.010269037820734],[8.269365387307715,50.010269037820734],[8.26216524330485,50.01703933994679],[8.24776495529909,50.027194793135834],[8.240564811296196,50.027194793135834],[8.240564811296196,50.03057994419888],[8.23336466729333,50.03057994419888],[8.20456409128181,50.037350246324905],[8.197363947278916,50.037350246324905],[8.19016380327605,50.03396509526189],[8.17576351527029,50.03396509526189],[8.14696293925877,50.027194793135834],[7.981359627192518,49.97980267825355],[7.974159483189652,49.97980267825355],[7.966959339186758,49.976417527190534],[7.945358907178132,49.97303237612749],[7.887757755155093,49.97303237612749],[7.880557611152199,49.97303237612749],[7.873357467149333,49.97303237612749],[7.866157323146439,49.976417527190534],[7.866157323146439,49.97980267825355],[7.866157323146439,49.98318782931656],[7.858957179143573,50.00011358463166],[7.858957179143573,50.003498735694706],[7.858957179143573,50.00688388675772],[7.858957179143573,50.010269037820734],[7.851757035140679,50.01365418888375],[7.822956459129159,50.027194793135834],[7.7797555951118795,50.05089085057699],[7.7797555951118795,50.054276001640005],[7.772555451109014,50.05766115270305],[7.772555451109014,50.06104630376606],[7.772555451109014,50.06781660589209],[7.7797555951118795,50.06781660589209],[7.830156603132053,50.081357210144176],[7.837356747134919,50.081357210144176],[7.837356747134919,50.08474236120722],[7.837356747134919,50.08812751227023],[7.830156603132053,50.09489781439626],[7.830156603132053,50.098282965459305],[7.837356747134919,50.10505326758533],[7.837356747134919,50.10843841864835],[7.844556891137813,50.125364173963476],[7.851757035140679,50.125364173963476],[7.851757035140679,50.12874932502649],[7.8949578991579585,50.12197902290043],[7.916558331166613,50.10843841864835],[7.930958619172372,50.10505326758533],[7.930958619172372,50.142289929278576],[7.923758475169478,50.14567508034159],[7.887757755155093,50.16260083565669],[7.887757755155093,50.16937113778275],[7.887757755155093,50.17952659097179],[7.909358187163718,50.19983749734993],[7.916558331166613,50.20660779947596],[7.959759195183892,50.22014840372805],[7.988559771195412,50.226918705854104],[8.002960059201172,50.22353355479109],[8.010160203204038,50.21676325266503],[8.024560491209797,50.21676325266503],[8.031760635212692,50.22014840372805],[8.046160923218451,50.226918705854104],[8.060561211224211,50.23368900798013],[8.046160923218451,50.24045931010619],[8.046160923218451,50.2438444611692],[8.024560491209797,50.253999914358275],[8.024560491209797,50.25738506542129],[8.024560491209797,50.2607702164843],[8.038960779215557,50.270925669673375],[8.053361067221317,50.27431082073639],[8.074961499229971,50.27431082073639],[8.074961499229971,50.270925669673375],[8.074961499229971,50.26754051861036],[8.082161643232837,50.2607702164843],[8.103762075241491,50.2607702164843],[8.110962219244357,50.2607702164843],[8.110962219244357,50.270925669673375],[8.11816236324725,50.27769597179943],[8.11816236324725,50.29462172711453],[8.11816236324725,50.30139202924056],[8.103762075241491,50.3217029356187],[8.103762075241491,50.32847323774473],[8.082161643232837,50.331858388807746],[8.074961499229971,50.348784144122874],[8.067761355227077,50.365709899437974],[8.060561211224211,50.372480201564],[8.024560491209797,50.39956141006817],[7.981359627192518,50.40633171219423],[7.966959339186758,50.40633171219423],[7.966959339186758,50.409716863257245],[7.988559771195412,50.44018322282443],[8.002960059201172,50.46387928026559],[7.995759915198278,50.4672644313286],[7.988559771195412,50.47403473345466],[7.981359627192518,50.48419018664373],[7.981359627192518,50.51127139514787],[7.988559771195412,50.521426848336944],[8.031760635212692,50.55189320790413],[8.038960779215557,50.55189320790413],[8.046160923218451,50.55189320790413],[8.067761355227077,50.548508056841115],[8.067761355227077,50.538352603652044],[8.103762075241491,50.53496745258903],[8.11816236324725,50.53496745258903],[8.11816236324725,50.538352603652044],[8.139762795255876,50.57220411428227],[8.154163083261636,50.592515020660386],[8.154163083261636,50.59928532278644],[8.14696293925877,50.60267047384946],[8.139762795255876,50.61959622916456],[8.11816236324725,50.65006258873177],[8.110962219244357,50.6568328908578],[8.110962219244357,50.66698834404687],[8.110962219244357,50.677143797235914],[8.125362507250117,50.687299250424985],[8.125362507250117,50.690684401488],[8.125362507250117,50.69406955255104],[8.13256265125301,50.697454703614056],[8.139762795255876,50.69406955255104],[8.154163083261636,50.704225005740085],[8.168563371267396,50.7346913653073],[8.16136322726453,50.74484681849634],[8.154163083261636,50.75838742274843],[8.139762795255876,50.77192802700051],[8.13256265125301,50.77869832912657],[8.125362507250117,50.78885378231564],[8.14696293925877,50.79562408444167],[8.16136322726453,50.80239438656773],[8.168563371267396,50.809164688693755],[8.17576351527029,50.81932014188283],[8.19016380327605,50.8294755950719],[8.23336466729333,50.85655680357604],[8.26216524330485,50.87686770995418],[8.269365387307715,50.8802528610172],[8.29096581931637,50.8802528610172],[8.29096581931637,50.87686770995418],[8.298165963319235,50.870097407828126],[8.30536610732213,50.8633271057021],[8.319766395327889,50.8633271057021],[8.334166683333649,50.86671225676511],[8.341366827336515,50.86671225676511],[8.355767115342275,50.86671225676511],[8.355767115342275,50.8633271057021],[8.362967259345169,50.85994195463908],[8.370167403348034,50.8633271057021],[8.384567691353794,50.87686770995418],[8.391767835356688,50.887023163143255],[8.398967979359554,50.89379346526928],[8.406168123362448,50.903948918458354],[8.434968699373968,50.91748952271044],[8.449368987379728,50.93441527802554],[8.449368987379728,50.9411855801516],[8.463769275385488,50.964881637592725],[8.463769275385488,50.96826678865577],[8.478169563391248,50.96826678865577],[8.470969419388354,50.9750370907818],[8.499769995399873,50.998733148222954],[8.514170283405633,51.00550345034898],[8.521370427408527,51.008888601412025],[8.528570571411393,51.01227375247504],[8.535770715414287,51.01904405460107],[8.528570571411393,51.02919950779014],[8.521370427408527,51.03596980991617],[8.528570571411393,51.059665867357324],[8.528570571411393,51.06305101842034],[8.521370427408527,51.069821320546396],[8.514170283405633,51.069821320546396],[8.506970139402767,51.07320647160941],[8.506970139402767,51.076591622672424],[8.506970139402767,51.07997677373547],[8.506970139402767,51.08336192479848],[8.528570571411393,51.09690252905057],[8.542970859417153,51.09351737798755],[8.542970859417153,51.09690252905057],[8.550171003420047,51.10028768011358],[8.557371147422913,51.103672831176596],[8.593371867437327,51.10028768011358],[8.622172443448846,51.10028768011358],[8.665373307466126,51.10028768011358],[8.7157743154863,51.11044313330265],[8.722974459489166,51.11382828436567],[8.708574171483406,51.11721343542868],[8.70137402748054,51.11721343542868],[8.694173883477646,51.13075403968077],[8.694173883477646,51.13413919074381],[8.7157743154863,51.15106494605891],[8.722974459489166,51.15106494605891],[8.737374747494925,51.16122039924798],[8.75897517950358,51.17814615456308],[8.751775035500685,51.198457060941195],[8.73017460349206,51.23907887369745],[8.73017460349206,51.24923432688652],[8.73017460349206,51.259389780075594],[8.722974459489166,51.27293038432768],[8.708574171483406,51.276315535390694],[8.694173883477646,51.276315535390694],[8.68697373947478,51.27293038432768],[8.68697373947478,51.26954523326464],[8.679773595471886,51.26954523326464],[8.607772155443087,51.24584917582351],[8.60057201144022,51.24584917582351],[8.593371867437327,51.24584917582351],[8.586171723434461,51.24923432688652],[8.557371147422913,51.276315535390694],[8.564571291425807,51.286470988579765],[8.60057201144022,51.32370765027298],[8.622172443448846,51.337248254525065],[8.708574171483406,51.37448491621831],[8.73017460349206,51.37109976515529],[8.75897517950358,51.37787006728132],[8.77337546750934,51.38464036940738],[8.80217604352086,51.39141067153341],[8.809376187523725,51.39141067153341],[8.816576331526619,51.38802552047039],[8.838176763535245,51.38464036940738],[8.852577051541004,51.37787006728132],[8.859777195543899,51.381255218344336],[8.874177483549659,51.38464036940738],[8.888577771555418,51.39141067153341],[8.910178203564044,51.39479582259642],[8.917378347566938,51.39479582259642],[8.938978779575564,51.38802552047039],[8.938978779575564,51.39141067153341],[8.946178923578458,51.398180973659464],[8.946178923578458,51.41172157791155],[8.946178923578458,51.42864733322665],[8.931778635572698,51.432032484289664],[8.895777915558284,51.47265429704592],[8.888577771555418,51.476039448108935],[8.888577771555418,51.48280975023499],[8.895777915558284,51.486194901298006],[8.910178203564044,51.48958005236102],[8.946178923578458,51.49973550555009],[8.967779355587084,51.503120656613106],[8.967779355587084,51.50650580767615],[8.989379787595738,51.50989095873916],[9.018180363607257,51.51666126086519],[9.025380507610123,51.50989095873916],[9.039780795615883,51.503120656613106],[9.061381227624537,51.49973550555009],[9.075781515630297,51.503120656613106],[9.097381947638922,51.49635035448708],[9.090181803636057,51.486194901298006],[9.090181803636057,51.48280975023499],[9.075781515630297,51.46588399491989],[9.090181803636057,51.44557308854175],[9.097381947638922,51.442187937478735],[9.147782955659096,51.442187937478735],[9.154983099661962,51.442187937478735],[9.162183243664856,51.44557308854175],[9.169383387667722,51.459113692793835],[9.176583531670616,51.46249884385685],[9.183783675673482,51.46588399491989],[9.198183963679242,51.46249884385685],[9.212584251685001,51.459113692793835],[9.219784395687896,51.46249884385685],[9.219784395687896,51.48280975023499],[9.226984539690761,51.48958005236102],[9.241384827696521,51.49635035448708],[9.2845856917138,51.51327610980218],[9.31338626772532,51.53020186511728],[9.31338626772532,51.536972167243334],[9.31338626772532,51.54035731830635],[9.320586411728215,51.547127620432406],[9.32778655573108,51.553897922558434],[9.34218684373684,51.570823677873534],[9.37098741974836,51.59113458425168],[9.363787275745494,51.59451973531469],[9.3565871317426,51.597904886377705],[9.349386987739734,51.60129003744072],[9.334986699733975,51.61144549062979],[9.334986699733975,51.614830641692805],[9.37098741974836,51.624986094881876],[9.378187563751254,51.62837124594489],[9.392587851757014,51.62837124594489],[9.39978799575988,51.624986094881876],[9.41418828376564,51.62837124594489],[9.421388427768534,51.63175639700793],[9.4285885717714,51.63175639700793],[9.435788715774294,51.63514154807095],[9.442988859777188,51.64529700126002],[9.435788715774294,51.65206730338605],[9.500590011800227,51.65545245444906],[9.493389867797333,51.641911850196976],[9.493389867797333,51.63852669913396],[9.493389867797333,51.63514154807095],[9.493389867797333,51.63175639700793],[9.500590011800227,51.63175639700793],[9.500590011800227,51.62837124594489],[9.507790155803093,51.62837124594489],[9.514990299805987,51.624986094881876],[9.565391307826133,51.624986094881876],[9.579791595831892,51.624986094881876],[9.586991739834787,51.624986094881876],[9.594191883837652,51.624986094881876],[9.608592171843412,51.62837124594489],[9.615792315846306,51.63175639700793],[9.622992459849172,51.63852669913396],[9.630192603852066,51.63514154807095],[9.637392747854932,51.624986094881876],[9.637392747854932,51.61144549062979],[9.637392747854932,51.60806033956678],[9.658993179863586,51.59113458425168],[9.673393467869346,51.587749433188634],[9.687793755875106,51.580979131062605],[9.673393467869346,51.56743852681052],[9.651793035860692,51.57759397999959],[9.637392747854932,51.58436428212562],[9.630192603852066,51.58436428212562],[9.630192603852066,51.580979131062605],[9.622992459849172,51.57759397999959],[9.622992459849172,51.57420882893655],[9.630192603852066,51.56743852681052],[9.637392747854932,51.55728307362145],[9.644592891857826,51.55051277149542],[9.630192603852066,51.547127620432406],[9.622992459849172,51.536972167243334],[9.622992459849172,51.53358701618032],[9.622992459849172,51.53020186511728],[9.615792315846306,51.53020186511728],[9.615792315846306,51.52681671405426],[9.615792315846306,51.52343156299125],[9.608592171843412,51.52343156299125],[9.608592171843412,51.520046411928234],[9.601392027840546,51.520046411928234],[9.594191883837652,51.52343156299125],[9.586991739834787,51.52343156299125],[9.586991739834787,51.520046411928234],[9.586991739834787,51.51666126086519],[9.608592171843412,51.48958005236102],[9.615792315846306,51.47942459917198],[9.630192603852066,51.442187937478735],[9.637392747854932,51.41849188003758],[9.644592891857826,51.41849188003758],[9.637392747854932,51.415106728974564],[9.630192603852066,51.40833642684851],[9.615792315846306,51.40833642684851],[9.579791595831892,51.40156612472248],[9.565391307826133,51.38464036940738],[9.558191163823267,51.38464036940738],[9.558191163823267,51.381255218344336],[9.550991019820373,51.35755916090321],[9.558191163823267,51.35078885877715],[9.565391307826133,51.34063340558811],[9.579791595831892,51.34063340558811],[9.615792315846306,51.32709280133602],[9.630192603852066,51.320322499209965],[9.651793035860692,51.313552197083936],[9.680593611872212,51.310167046020894],[9.723794475889491,51.29662644176881],[9.730994619892385,51.29662644176881],[9.759795195903905,51.303396743894865],[9.76699533990677,51.30678189495788],[9.774195483909665,51.32709280133602],[9.774195483909665,51.337248254525065],[9.759795195903905,51.337248254525065],[9.738194763895251,51.330477952399036],[9.702194043880866,51.36094431196622],[9.702194043880866,51.364329463029236],[9.759795195903905,51.38802552047039],[9.79579591591829,51.40833642684851],[9.802996059921185,51.41172157791155],[9.81019620392405,51.41172157791155],[9.817396347926945,51.41172157791155],[9.82459649192981,51.40833642684851],[9.83899677993557,51.40156612472248],[9.83899677993557,51.38464036940738],[9.83899677993557,51.381255218344336],[9.846196923938464,51.37448491621831],[9.85339706794133,51.37109976515529],[9.860597211944224,51.37109976515529],[9.86779735594709,51.37109976515529],[9.86779735594709,51.37448491621831],[9.860597211944224,51.37787006728132],[9.85339706794133,51.38464036940738],[9.85339706794133,51.40156612472248],[9.85339706794133,51.415106728974564],[9.903798075961504,51.42187703110059],[9.92539850797013,51.398180973659464],[9.932598651973024,51.381255218344336],[9.92539850797013,51.37448491621831],[9.92539850797013,51.37109976515529]]]}},{"type":"Feature","properties":{"name":"Rheinland-Pfalz","cartodb_id":6,"created_at":"2013-11-30T06:05:29+0100","updated_at":"2013-11-30T06:05:29+0100"},"geometry":{"type":"Polygon","coordinates":[[[8.125362507250117,50.687299250424985],[8.110962219244357,50.677143797235914],[8.110962219244357,50.66698834404687],[8.110962219244357,50.6568328908578],[8.11816236324725,50.65006258873177],[8.139762795255876,50.61959622916456],[8.14696293925877,50.60267047384946],[8.154163083261636,50.59928532278644],[8.154163083261636,50.592515020660386],[8.139762795255876,50.57220411428227],[8.11816236324725,50.538352603652044],[8.11816236324725,50.53496745258903],[8.103762075241491,50.53496745258903],[8.067761355227077,50.538352603652044],[8.067761355227077,50.548508056841115],[8.046160923218451,50.55189320790413],[8.038960779215557,50.55189320790413],[8.031760635212692,50.55189320790413],[7.988559771195412,50.521426848336944],[7.981359627192518,50.51127139514787],[7.981359627192518,50.48419018664373],[7.988559771195412,50.47403473345466],[7.995759915198278,50.4672644313286],[8.002960059201172,50.46387928026559],[7.988559771195412,50.44018322282443],[7.966959339186758,50.409716863257245],[7.966959339186758,50.40633171219423],[7.981359627192518,50.40633171219423],[8.024560491209797,50.39956141006817],[8.060561211224211,50.372480201564],[8.067761355227077,50.365709899437974],[8.074961499229971,50.348784144122874],[8.082161643232837,50.331858388807746],[8.103762075241491,50.32847323774473],[8.103762075241491,50.3217029356187],[8.11816236324725,50.30139202924056],[8.11816236324725,50.29462172711453],[8.11816236324725,50.27769597179943],[8.110962219244357,50.270925669673375],[8.110962219244357,50.2607702164843],[8.103762075241491,50.2607702164843],[8.082161643232837,50.2607702164843],[8.074961499229971,50.26754051861036],[8.074961499229971,50.270925669673375],[8.074961499229971,50.27431082073639],[8.053361067221317,50.27431082073639],[8.038960779215557,50.270925669673375],[8.024560491209797,50.2607702164843],[8.024560491209797,50.25738506542129],[8.024560491209797,50.253999914358275],[8.046160923218451,50.2438444611692],[8.046160923218451,50.24045931010619],[8.060561211224211,50.23368900798013],[8.046160923218451,50.226918705854104],[8.031760635212692,50.22014840372805],[8.024560491209797,50.21676325266503],[8.010160203204038,50.21676325266503],[8.002960059201172,50.22353355479109],[7.988559771195412,50.226918705854104],[7.959759195183892,50.22014840372805],[7.916558331166613,50.20660779947596],[7.909358187163718,50.19983749734993],[7.887757755155093,50.17952659097179],[7.887757755155093,50.16937113778275],[7.887757755155093,50.16260083565669],[7.923758475169478,50.14567508034159],[7.930958619172372,50.142289929278576],[7.930958619172372,50.10505326758533],[7.916558331166613,50.10843841864835],[7.8949578991579585,50.12197902290043],[7.851757035140679,50.12874932502649],[7.851757035140679,50.125364173963476],[7.844556891137813,50.125364173963476],[7.837356747134919,50.10843841864835],[7.837356747134919,50.10505326758533],[7.830156603132053,50.098282965459305],[7.830156603132053,50.09489781439626],[7.837356747134919,50.08812751227023],[7.837356747134919,50.08474236120722],[7.837356747134919,50.081357210144176],[7.830156603132053,50.081357210144176],[7.7797555951118795,50.06781660589209],[7.772555451109014,50.06781660589209],[7.772555451109014,50.06104630376606],[7.772555451109014,50.05766115270305],[7.7797555951118795,50.054276001640005],[7.7797555951118795,50.05089085057699],[7.822956459129159,50.027194793135834],[7.851757035140679,50.01365418888375],[7.858957179143573,50.010269037820734],[7.858957179143573,50.00688388675772],[7.858957179143573,50.003498735694706],[7.858957179143573,50.00011358463166],[7.866157323146439,49.98318782931656],[7.866157323146439,49.97980267825355],[7.866157323146439,49.976417527190534],[7.873357467149333,49.97303237612749],[7.880557611152199,49.97303237612749],[7.887757755155093,49.97303237612749],[7.945358907178132,49.97303237612749],[7.966959339186758,49.976417527190534],[7.974159483189652,49.97980267825355],[7.981359627192518,49.97980267825355],[8.14696293925877,50.027194793135834],[8.17576351527029,50.03396509526189],[8.19016380327605,50.03396509526189],[8.197363947278916,50.037350246324905],[8.20456409128181,50.037350246324905],[8.23336466729333,50.03057994419888],[8.240564811296196,50.03057994419888],[8.240564811296196,50.027194793135834],[8.24776495529909,50.027194793135834],[8.26216524330485,50.01703933994679],[8.269365387307715,50.010269037820734],[8.27656553131061,50.010269037820734],[8.29096581931637,49.993343282505634],[8.30536610732213,49.98657298037958],[8.312566251324995,49.98318782931656],[8.319766395327889,49.97303237612749],[8.326966539330755,49.96964722506448],[8.326966539330755,49.96626207400146],[8.334166683333649,49.96287692293845],[8.341366827336515,49.95610662081239],[8.341366827336515,49.95272146974938],[8.341366827336515,49.94933631868636],[8.341366827336515,49.942566016560306],[8.355767115342275,49.91886995911918],[8.355767115342275,49.915484808056135],[8.355767115342275,49.90871450593011],[8.355767115342275,49.90532935486709],[8.348566971339409,49.90194420380405],[8.348566971339409,49.898559052741035],[8.348566971339409,49.89517390167802],[8.341366827336515,49.89178875061501],[8.341366827336515,49.888403599551964],[8.341366827336515,49.88501844848895],[8.341366827336515,49.881633297425935],[8.341366827336515,49.87824814636292],[8.348566971339409,49.87824814636292],[8.348566971339409,49.87486299529988],[8.348566971339409,49.871477844236864],[8.355767115342275,49.86809269317385],[8.355767115342275,49.864707542110835],[8.362967259345169,49.864707542110835],[8.370167403348034,49.86132239104779],[8.377367547350929,49.86132239104779],[8.384567691353794,49.85793723998478],[8.384567691353794,49.854552088921764],[8.384567691353794,49.85116693785875],[8.384567691353794,49.84778178679571],[8.384567691353794,49.837626333606664],[8.377367547350929,49.83424118254362],[8.377367547350929,49.82747088041759],[8.377367547350929,49.82408572935458],[8.384567691353794,49.81731542722852],[8.398967979359554,49.803774822976436],[8.406168123362448,49.79700452085041],[8.406168123362448,49.793619369787365],[8.413368267365314,49.786849067661336],[8.413368267365314,49.78346391659832],[8.413368267365314,49.78007876553531],[8.413368267365314,49.776693614472265],[8.420568411368208,49.77330846340925],[8.420568411368208,49.769923312346236],[8.427768555371074,49.769923312346236],[8.427768555371074,49.76653816128322],[8.434968699373968,49.76653816128322],[8.442168843376834,49.76653816128322],[8.449368987379728,49.76653816128322],[8.463769275385488,49.769923312346236],[8.470969419388354,49.769923312346236],[8.470969419388354,49.76653816128322],[8.478169563391248,49.76653816128322],[8.478169563391248,49.76315301022018],[8.478169563391248,49.759767859157165],[8.478169563391248,49.75638270809415],[8.470969419388354,49.75299755703114],[8.463769275385488,49.749612405968094],[8.449368987379728,49.732686650652994],[8.449368987379728,49.72930149958998],[8.442168843376834,49.725916348526965],[8.442168843376834,49.72253119746392],[8.434968699373968,49.71914604640091],[8.427768555371074,49.715760895337894],[8.420568411368208,49.715760895337894],[8.406168123362448,49.71237574427488],[8.398967979359554,49.71237574427488],[8.384567691353794,49.70899059321184],[8.377367547350929,49.70560544214882],[8.370167403348034,49.70222029108581],[8.362967259345169,49.69544998895975],[8.355767115342275,49.69206483789674],[8.355767115342275,49.68867968683372],[8.355767115342275,49.681909384707666],[8.355767115342275,49.67852423364465],[8.362967259345169,49.67175393151862],[8.384567691353794,49.62774696769932],[8.384567691353794,49.62436181663631],[8.384567691353794,49.620976665573295],[8.391767835356688,49.61759151451028],[8.398967979359554,49.61420636344724],[8.406168123362448,49.610821212384224],[8.406168123362448,49.60743606132121],[8.413368267365314,49.604050910258195],[8.413368267365314,49.593895457069124],[8.420568411368208,49.58374000388005],[8.420568411368208,49.57358455069101],[8.420568411368208,49.57019939962797],[8.420568411368208,49.56681424856495],[8.413368267365314,49.56342909750194],[8.413368267365314,49.560043946438924],[8.413368267365314,49.55665879537588],[8.413368267365314,49.55327364431287],[8.413368267365314,49.54988849324985],[8.420568411368208,49.54650334218684],[8.420568411368208,49.543118191123796],[8.434968699373968,49.51942213368267],[8.456569131382594,49.47880032092641],[8.463769275385488,49.47541516986337],[8.463769275385488,49.47203001880035],[8.463769275385488,49.46864486773734],[8.463769275385488,49.465259716674325],[8.456569131382594,49.46187456561128],[8.449368987379728,49.46187456561128],[8.449368987379728,49.45848941454827],[8.442168843376834,49.45848941454827],[8.442168843376834,49.455104263485254],[8.442168843376834,49.45171911242224],[8.442168843376834,49.4483339613592],[8.449368987379728,49.44494881029618],[8.456569131382594,49.44156365923317],[8.463769275385488,49.44156365923317],[8.470969419388354,49.44156365923317],[8.485369707394113,49.44156365923317],[8.492569851397008,49.44156365923317],[8.499769995399873,49.44156365923317],[8.506970139402767,49.438178508170154],[8.506970139402767,49.43479335710714],[8.506970139402767,49.4314082060441],[8.506970139402767,49.42802305498108],[8.499769995399873,49.41109729966598],[8.499769995399873,49.404326997539926],[8.499769995399873,49.387401242224826],[8.499769995399873,49.38401609116181],[8.499769995399873,49.3806309400988],[8.499769995399873,49.377245789035754],[8.499769995399873,49.37386063797274],[8.499769995399873,49.370475486909726],[8.499769995399873,49.36709033584671],[8.499769995399873,49.36370518478367],[8.499769995399873,49.360320033720654],[8.492569851397008,49.35693488265764],[8.492569851397008,49.353549731594626],[8.485369707394113,49.35016458053158],[8.485369707394113,49.34677942946857],[8.478169563391248,49.343394278405555],[8.470969419388354,49.34000912734254],[8.463769275385488,49.3366239762795],[8.456569131382594,49.33323882521648],[8.456569131382594,49.32985367415347],[8.456569131382594,49.326468523090455],[8.449368987379728,49.326468523090455],[8.449368987379728,49.32308337202741],[8.449368987379728,49.3196982209644],[8.456569131382594,49.31631306990138],[8.456569131382594,49.31292791883837],[8.463769275385488,49.31292791883837],[8.478169563391248,49.309542767775326],[8.478169563391248,49.30615761671231],[8.485369707394113,49.3027724656493],[8.485369707394113,49.29938731458628],[8.485369707394113,49.29600216352324],[8.485369707394113,49.29261701246023],[8.485369707394113,49.28923186139721],[8.463769275385488,49.282461559271155],[8.413368267365314,49.25199519970397],[8.406168123362448,49.24522489757794],[8.398967979359554,49.24183974651493],[8.398967979359554,49.238454595451884],[8.391767835356688,49.238454595451884],[8.391767835356688,49.23506944438887],[8.384567691353794,49.231684293325856],[8.384567691353794,49.22829914226284],[8.384567691353794,49.2249139911998],[8.384567691353794,49.221528840136784],[8.391767835356688,49.221528840136784],[8.391767835356688,49.2249139911998],[8.398967979359554,49.2249139911998],[8.406168123362448,49.221528840136784],[8.406168123362448,49.21814368907377],[8.398967979359554,49.2079882358847],[8.384567691353794,49.187677329506585],[8.370167403348034,49.170751574191456],[8.370167403348034,49.16736642312844],[8.370167403348034,49.16398127206543],[8.370167403348034,49.16059612100241],[8.370167403348034,49.15721096993937],[8.370167403348034,49.153825818876356],[8.370167403348034,49.15044066781334],[8.370167403348034,49.143670365687285],[8.362967259345169,49.10304855293103],[8.355767115342275,49.096278250805],[8.355767115342275,49.092893099741985],[8.348566971339409,49.08612279761593],[8.348566971339409,49.082737646552914],[8.341366827336515,49.0793524954899],[8.334166683333649,49.075967344426886],[8.326966539330755,49.06919704230083],[8.326966539330755,49.065811891237814],[8.319766395327889,49.05904158911176],[8.312566251324995,49.05227128698573],[8.30536610732213,49.048886135922714],[8.30536610732213,49.04550098485967],[8.30536610732213,49.04211583379666],[8.30536610732213,49.03873068273364],[8.30536610732213,49.031960380607586],[8.298165963319235,49.02519007848156],[8.298165963319235,49.02180492741854],[8.298165963319235,49.015034625292486],[8.298165963319235,49.01164947422947],[8.29096581931637,48.998108869977386],[8.283765675313475,48.99472371891437],[8.283765675313475,48.99133856785133],[8.27656553131061,48.987953416788315],[8.26216524330485,48.98118311466229],[8.23336466729333,48.9676425104102],[8.226164523290436,48.97441281253623],[8.21896437928757,48.97441281253623],[8.168563371267396,48.977797963599244],[8.125362507250117,48.9845682657253],[8.089361787235731,48.987953416788315],[8.074961499229971,48.998108869977386],[8.067761355227077,48.998108869977386],[8.067761355227077,49.004879172103415],[8.060561211224211,49.004879172103415],[8.053361067221317,49.01164947422947],[8.053361067221317,49.015034625292486],[8.046160923218451,49.015034625292486],[7.995759915198278,49.02857522954457],[7.945358907178132,49.05565643804874],[7.930958619172372,49.05904158911176],[7.923758475169478,49.04550098485967],[7.923758475169478,49.04211583379666],[7.916558331166613,49.03873068273364],[7.909358187163718,49.04550098485967],[7.887757755155093,49.048886135922714],[7.887757755155093,49.04550098485967],[7.880557611152199,49.04550098485967],[7.873357467149333,49.04211583379666],[7.873357467149333,49.03873068273364],[7.866157323146439,49.031960380607586],[7.851757035140679,49.03534553167063],[7.830156603132053,49.048886135922714],[7.815756315126293,49.05565643804874],[7.808556171123399,49.05904158911176],[7.808556171123399,49.0624267401748],[7.794155883117639,49.065811891237814],[7.7797555951118795,49.05565643804874],[7.772555451109014,49.05565643804874],[7.772555451109014,49.05227128698573],[7.76535530710612,49.048886135922714],[7.76535530710612,49.04550098485967],[7.758155163103254,49.04550098485967],[7.729354587091734,49.04550098485967],[7.69335386707732,49.05227128698573],[7.67895357907156,49.04550098485967],[7.635752715054281,49.05565643804874],[7.628552571051387,49.07258219336384],[7.599751995039867,49.082737646552914],[7.570951419028347,49.0793524954899],[7.563751275025481,49.0793524954899],[7.563751275025481,49.082737646552914],[7.556551131022587,49.082737646552914],[7.5493509870197215,49.08612279761593],[7.5277505550110675,49.096278250805],[7.520550411008202,49.10643370399407],[7.498949978999548,49.13351491249824],[7.506150123002442,49.15044066781334],[7.506150123002442,49.153825818876356],[7.491749834996682,49.16736642312844],[7.441348826976508,49.18429217844354],[7.383747674953469,49.1741367252545],[7.362147242944843,49.170751574191456],[7.362147242944843,49.15721096993937],[7.3189463789275635,49.187677329506585],[7.304546090921804,49.204603084821684],[7.2973459469189095,49.2079882358847],[7.290145802916044,49.231684293325856],[7.290145802916044,49.23506944438887],[7.290145802916044,49.238454595451884],[7.304546090921804,49.25538035076701],[7.311746234924669,49.25538035076701],[7.3189463789275635,49.248610048640955],[7.326146522930429,49.248610048640955],[7.340546810936189,49.26215065289304],[7.347746954939083,49.27230610608211],[7.362147242944843,49.27907640820814],[7.369347386947709,49.27907640820814],[7.383747674953469,49.29261701246023],[7.398147962959229,49.31292791883837],[7.390947818956363,49.31631306990138],[7.383747674953469,49.3196982209644],[7.405348106962123,49.3366239762795],[7.405348106962123,49.34000912734254],[7.405348106962123,49.34677942946857],[7.405348106962123,49.36709033584671],[7.390947818956363,49.370475486909726],[7.369347386947709,49.36370518478367],[7.290145802916044,49.39078639328784],[7.290145802916044,49.39417154435088],[7.2973459469189095,49.3975566954139],[7.2973459469189095,49.404326997539926],[7.290145802916044,49.40771214860297],[7.28294565891315,49.41786760179201],[7.261345226904524,49.42463790391807],[7.25414508290163,49.4314082060441],[7.25414508290163,49.43479335710714],[7.246944938898764,49.44494881029618],[7.25414508290163,49.4483339613592],[7.275745514910284,49.455104263485254],[7.290145802916044,49.45848941454827],[7.2973459469189095,49.465259716674325],[7.304546090921804,49.47541516986337],[7.2973459469189095,49.482185471989425],[7.28294565891315,49.48557062305244],[7.28294565891315,49.50588152943058],[7.28294565891315,49.509266680493596],[7.275745514910284,49.53634788899777],[7.275745514910284,49.54988849324985],[7.275745514910284,49.56342909750194],[7.261345226904524,49.576969701754024],[7.25414508290163,49.57358455069101],[7.23974479489587,49.56681424856495],[7.22534450689011,49.56342909750194],[7.21094421888435,49.56681424856495],[7.189343786875725,49.576969701754024],[7.174943498869965,49.587125154943095],[7.174943498869965,49.593895457069124],[7.174943498869965,49.59728060813214],[7.153343066861311,49.604050910258195],[7.138942778855551,49.604050910258195],[7.138942778855551,49.60066575919518],[7.138942778855551,49.59728060813214],[7.124542490849791,49.593895457069124],[7.0885417708354055,49.60066575919518],[7.081341626832511,49.610821212384224],[7.0669413388267515,49.62436181663631],[7.059741194823886,49.631132118762366],[7.030940618812366,49.637902420888395],[7.009340186803712,49.62774696769932],[6.987739754795086,49.620976665573295],[6.987739754795086,49.62436181663631],[6.987739754795086,49.62774696769932],[6.994939898797952,49.63451726982538],[6.980539610792192,49.63451726982538],[6.944538890777807,49.63451726982538],[6.894137882757633,49.61420636344724],[6.886937738754767,49.61420636344724],[6.865337306746113,49.60743606132121],[6.8581371627432475,49.604050910258195],[6.850937018740353,49.60066575919518],[6.843736874737459,49.59051030600611],[6.822136442728834,49.59051030600611],[6.814936298725939,49.59051030600611],[6.8005360107201795,49.587125154943095],[6.778935578711554,49.57358455069101],[6.778935578711554,49.57019939962797],[6.750135002700034,49.55665879537588],[6.706934138682755,49.55327364431287],[6.634932698653955,49.543118191123796],[6.620532410648195,49.53634788899777],[6.606132122642435,49.526192435808696],[6.577331546630916,49.52957758687171],[6.5701314026280215,49.53634788899777],[6.562931258625156,49.53973304006078],[6.541330826616502,49.53973304006078],[6.519730394607876,49.52957758687171],[6.512530250604982,49.52957758687171],[6.498129962599222,49.52957758687171],[6.483729674593462,49.53296273793475],[6.483729674593462,49.53973304006078],[6.469329386587702,49.543118191123796],[6.433328666573317,49.54988849324985],[6.411728234564663,49.54650334218684],[6.397327946558903,49.54650334218684],[6.390127802556037,49.54650334218684],[6.390127802556037,49.54988849324985],[6.382927658553143,49.54988849324985],[6.382927658553143,49.55327364431287],[6.382927658553143,49.55665879537588],[6.382927658553143,49.560043946438924],[6.368527370547383,49.56342909750194],[6.3613272265445175,49.57019939962797],[6.3613272265445175,49.57358455069101],[6.375727514550277,49.593895457069124],[6.382927658553143,49.59728060813214],[6.382927658553143,49.60066575919518],[6.390127802556037,49.60066575919518],[6.397327946558903,49.60066575919518],[6.397327946558903,49.604050910258195],[6.404528090561797,49.604050910258195],[6.418928378567557,49.61759151451028],[6.418928378567557,49.620976665573295],[6.426128522570423,49.620976665573295],[6.440528810576183,49.65144302514048],[6.440528810576183,49.654828176203495],[6.440528810576183,49.65821332726654],[6.440528810576183,49.66159847832955],[6.433328666573317,49.66159847832955],[6.426128522570423,49.66159847832955],[6.426128522570423,49.664983629392566],[6.426128522570423,49.66836878045558],[6.433328666573317,49.66836878045558],[6.433328666573317,49.67175393151862],[6.447728954579077,49.681909384707666],[6.4765295305905966,49.69544998895975],[6.483729674593462,49.69544998895975],[6.483729674593462,49.698835140022794],[6.498129962599222,49.71237574427488],[6.498129962599222,49.725916348526965],[6.498129962599222,49.749612405968094],[6.498129962599222,49.75299755703114],[6.505330106602116,49.75299755703114],[6.519730394607876,49.769923312346236],[6.512530250604982,49.793619369787365],[6.505330106602116,49.80715997403945],[6.498129962599222,49.81054512510249],[6.483729674593462,49.81731542722852],[6.4765295305905966,49.820700578291536],[6.4549290985819425,49.81054512510249],[6.447728954579077,49.81054512510249],[6.433328666573317,49.81054512510249],[6.426128522570423,49.81054512510249],[6.404528090561797,49.820700578291536],[6.397327946558903,49.820700578291536],[6.397327946558903,49.82408572935458],[6.375727514550277,49.84101148466968],[6.3397267945358635,49.84778178679571],[6.325326506530104,49.85116693785875],[6.296525930518584,49.871477844236864],[6.260525210504198,49.881633297425935],[6.238924778495544,49.898559052741035],[6.231724634492679,49.898559052741035],[6.231724634492679,49.90194420380405],[6.2245244904897845,49.90871450593011],[6.2245244904897845,49.91209965699312],[6.231724634492679,49.91209965699312],[6.2245244904897845,49.93579571443428],[6.2245244904897845,49.94933631868636],[6.202924058481159,49.95610662081239],[6.188523770475399,49.95610662081239],[6.181323626472505,49.95272146974938],[6.181323626472505,49.95610662081239],[6.166923338466745,49.96287692293845],[6.166923338466745,49.96626207400146],[6.152523050460985,49.993343282505634],[6.145322906458119,50.00011358463166],[6.152523050460985,50.003498735694706],[6.152523050460985,50.00688388675772],[6.145322906458119,50.02380964207282],[6.138122762455225,50.04073539738792],[6.1309226184523595,50.04073539738792],[6.1309226184523595,50.04412054845096],[6.1165223304466,50.05766115270305],[6.1165223304466,50.06443145482908],[6.138122762455225,50.11182356971139],[6.152523050460985,50.142289929278576],[6.152523050460985,50.149060231404604],[6.145322906458119,50.159215684593676],[6.138122762455225,50.165985986719704],[6.138122762455225,50.16937113778275],[6.145322906458119,50.176141439908776],[6.145322906458119,50.17952659097179],[6.166923338466745,50.17952659097179],[6.174123482469639,50.17952659097179],[6.181323626472505,50.17952659097179],[6.188523770475399,50.17952659097179],[6.188523770475399,50.18291174203483],[6.188523770475399,50.20322264841295],[6.174123482469639,50.21676325266503],[6.174123482469639,50.22014840372805],[6.166923338466745,50.22014840372805],[6.166923338466745,50.22353355479109],[6.174123482469639,50.23368900798013],[6.210124202484025,50.253999914358275],[6.217324346486919,50.253999914358275],[6.238924778495544,50.2607702164843],[6.260525210504198,50.26754051861036],[6.289325786515718,50.281081122862446],[6.289325786515718,50.28446627392546],[6.282125642512824,50.28446627392546],[6.289325786515718,50.29462172711453],[6.303726074521478,50.31831778455566],[6.325326506530104,50.32508808668172],[6.332526650532998,50.3217029356187],[6.3397267945358635,50.31831778455566],[6.3397267945358635,50.314932633492646],[6.354127082541623,50.30816233136662],[6.3613272265445175,50.3047771803036],[6.375727514550277,50.314932633492646],[6.382927658553143,50.3217029356187],[6.404528090561797,50.3217029356187],[6.426128522570423,50.3217029356187],[6.418928378567557,50.331858388807746],[6.404528090561797,50.34539899305983],[6.390127802556037,50.372480201564],[6.382927658553143,50.382635654753074],[6.397327946558903,50.38602080581609],[6.411728234564663,50.38940595687913],[6.447728954579077,50.372480201564],[6.462129242584837,50.36232474837496],[6.4549290985819425,50.348784144122874],[6.447728954579077,50.3386286909338],[6.4549290985819425,50.33524353987079],[6.483729674593462,50.3386286909338],[6.490929818596356,50.3386286909338],[6.505330106602116,50.35216929518589],[6.512530250604982,50.35893959731192],[6.526930538610742,50.36909505050099],[6.606132122642435,50.38602080581609],[6.627732554651061,50.375865352627045],[6.627732554651061,50.372480201564],[6.620532410648195,50.36232474837496],[6.620532410648195,50.3555544462489],[6.634932698653955,50.34539899305983],[6.649332986659715,50.348784144122874],[6.656533130662581,50.3555544462489],[6.656533130662581,50.36909505050099],[6.663733274665475,50.36909505050099],[6.663733274665475,50.372480201564],[6.670933418668341,50.372480201564],[6.6853337066741005,50.35893959731192],[6.692533850676995,50.34539899305983],[6.72853457069138,50.35216929518589],[6.778935578711554,50.36232474837496],[6.78613572271442,50.36232474837496],[6.8005360107201795,50.36232474837496],[6.78613572271442,50.375865352627045],[6.77173543470866,50.392791107942145],[6.77173543470866,50.39617625900516],[6.77173543470866,50.39956141006817],[6.778935578711554,50.40633171219423],[6.78613572271442,50.419872316446316],[6.77173543470866,50.43002776963539],[6.74293485869714,50.4672644313286],[6.74293485869714,50.47403473345466],[6.77173543470866,50.48419018664373],[6.8005360107201795,50.49096048876976],[6.807736154723074,50.487575337706744],[6.807736154723074,50.48080503558069],[6.814936298725939,50.470649582391644],[6.8581371627432475,50.453723827076516],[6.901338026760527,50.4672644313286],[6.901338026760527,50.48419018664373],[6.908538170763393,50.50111594195883],[6.901338026760527,50.504501093021844],[6.886937738754767,50.50788624408486],[6.886937738754767,50.521426848336944],[6.879737594751873,50.52481199939996],[6.886937738754767,50.528197150463],[6.901338026760527,50.531582301526015],[6.922938458769153,50.55189320790413],[6.930138602772047,50.558663510030186],[6.937338746774913,50.5620486610932],[6.958939178783567,50.55527835896717],[6.9733394667893265,50.55527835896717],[7.002140042800846,50.565433812156215],[7.016540330806606,50.575589265345286],[7.023740474809472,50.58574471853436],[7.038140762815232,50.59590017172343],[7.052541050820992,50.60605562491247],[7.059741194823886,50.60605562491247],[7.0669413388267515,50.59928532278644],[7.0669413388267515,50.592515020660386],[7.081341626832511,50.58574471853436],[7.095741914838271,50.58574471853436],[7.102942058841165,50.58912986959737],[7.110142202844031,50.60605562491247],[7.124542490849791,50.60605562491247],[7.138942778855551,50.59928532278644],[7.146142922858445,50.59928532278644],[7.174943498869965,50.61282592703853],[7.1821436428728305,50.6229813802276],[7.189343786875725,50.62975168235363],[7.19654393087859,50.643292286605714],[7.21094421888435,50.65006258873177],[7.21094421888435,50.626366531290614],[7.22534450689011,50.626366531290614],[7.23974479489587,50.62975168235363],[7.25414508290163,50.626366531290614],[7.25414508290163,50.6229813802276],[7.26854537090739,50.626366531290614],[7.2973459469189095,50.62975168235363],[7.326146522930429,50.6399071355427],[7.333346666933323,50.643292286605714],[7.362147242944843,50.65006258873177],[7.369347386947709,50.6737586461729],[7.369347386947709,50.68391409936197],[7.369347386947709,50.697454703614056],[7.362147242944843,50.697454703614056],[7.369347386947709,50.71099530786614],[7.369347386947709,50.714380458929156],[7.369347386947709,50.71776560999217],[7.376547530950603,50.71776560999217],[7.383747674953469,50.71776560999217],[7.398147962959229,50.71776560999217],[7.4125482509649885,50.71776560999217],[7.426948538970748,50.71099530786614],[7.4341486829736425,50.71099530786614],[7.455749114982268,50.71776560999217],[7.477349546990922,50.71776560999217],[7.520550411008202,50.7346913653073],[7.5493509870197215,50.74484681849634],[7.563751275025481,50.74484681849634],[7.585351707034107,50.73807651637031],[7.592551851037001,50.74146166743333],[7.592551851037001,50.748231969559384],[7.592551851037001,50.75500227168541],[7.592551851037001,50.75838742274843],[7.599751995039867,50.765157724874484],[7.614152283045627,50.7685428759375],[7.635752715054281,50.7685428759375],[7.650153003060041,50.7685428759375],[7.657353147062906,50.7685428759375],[7.6645532910658005,50.7685428759375],[7.67895357907156,50.77869832912657],[7.67895357907156,50.78885378231564],[7.67895357907156,50.79562408444167],[7.67895357907156,50.80577953763074],[7.671753435068666,50.81254983975677],[7.6645532910658005,50.81932014188283],[7.671753435068666,50.81932014188283],[7.700554011080186,50.826090444008855],[7.743754875097494,50.846401350387],[7.75095501910036,50.86671225676511],[7.75095501910036,50.87686770995418],[7.743754875097494,50.903948918458354],[7.75095501910036,50.91748952271044],[7.772555451109014,50.931030126962526],[7.786955739114774,50.9411855801516],[7.830156603132053,50.92764497589951],[7.851757035140679,50.92425982483647],[7.830156603132053,50.90733406952137],[7.830156603132053,50.89040831420627],[7.830156603132053,50.88363801208021],[7.837356747134919,50.8802528610172],[7.844556891137813,50.8802528610172],[7.858957179143573,50.87686770995418],[7.873357467149333,50.87686770995418],[7.880557611152199,50.87686770995418],[7.887757755155093,50.87348255889117],[7.8949578991579585,50.86671225676511],[7.8949578991579585,50.85994195463908],[7.902158043160853,50.84978650145001],[7.916558331166613,50.84301619932398],[7.923758475169478,50.846401350387],[7.938158763175238,50.846401350387],[7.959759195183892,50.84978650145001],[7.966959339186758,50.846401350387],[7.974159483189652,50.83286074613491],[7.974159483189652,50.80239438656773],[7.966959339186758,50.799009235504684],[7.966959339186758,50.7854686312526],[7.966959339186758,50.775313178063556],[7.981359627192518,50.765157724874484],[7.988559771195412,50.75838742274843],[7.995759915198278,50.75500227168541],[8.038960779215557,50.72792106318124],[8.046160923218451,50.71099530786614],[8.038960779215557,50.697454703614056],[8.060561211224211,50.69406955255104],[8.074961499229971,50.70083985467707],[8.074961499229971,50.704225005740085],[8.082161643232837,50.704225005740085],[8.096561931238597,50.704225005740085],[8.110962219244357,50.697454703614056],[8.125362507250117,50.687299250424985]]]}},{"type":"Feature","properties":{"name":"Baden-Württemberg","cartodb_id":7,"created_at":"2013-11-30T06:05:29+0100","updated_at":"2013-11-30T06:05:29+0100"},"geometry":{"type":"Polygon","coordinates":[[[9.601392027840546,47.583115725634485],[9.601392027840546,47.58650087669753],[9.594191883837652,47.58650087669753],[9.579791595831892,47.58650087669753],[9.572591451829027,47.583115725634485],[9.565391307826133,47.583115725634485],[9.558191163823267,47.583115725634485],[9.550991019820373,47.58650087669753],[9.550991019820373,47.58988602776054],[9.536590731814613,47.59665632988657],[9.529390587811747,47.60342663201263],[9.514990299805987,47.62035238732773],[9.514990299805987,47.6305078405168],[9.514990299805987,47.63727814264283],[9.500590011800227,47.644048444768885],[9.500590011800227,47.6474335958319],[9.493389867797333,47.65081874689491],[9.486189723794467,47.65081874689491],[9.450189003780054,47.654203897957956],[9.421388427768534,47.664359351147],[9.41418828376564,47.664359351147],[9.406988139762774,47.66774450221004],[9.39978799575988,47.66774450221004],[9.392587851757014,47.66774450221004],[9.363787275745494,47.660974200083984],[9.3565871317426,47.660974200083984],[9.349386987739734,47.660974200083984],[9.31338626772532,47.671129653273056],[9.31338626772532,47.67451480433607],[9.262985259705175,47.694825710714184],[9.255785115702281,47.694825710714184],[9.248584971699415,47.70159601284024],[9.248584971699415,47.704981163903255],[9.241384827696521,47.704981163903255],[9.234184683693655,47.71513661709233],[9.226984539690761,47.71852176815534],[9.226984539690761,47.721906919218355],[9.226984539690761,47.7252920702814],[9.226984539690761,47.72867722134441],[9.226984539690761,47.73206237240743],[9.226984539690761,47.73544752347044],[9.226984539690761,47.738832674533484],[9.219784395687896,47.7422178255965],[9.212584251685001,47.74560297665951],[9.154983099661962,47.765913883037655],[9.147782955659096,47.765913883037655],[9.140582811656202,47.765913883037655],[9.126182523650442,47.77945448728974],[9.104582091641817,47.78960994047878],[9.097381947638922,47.792995091541826],[9.068581371627403,47.80653569579391],[9.061381227624537,47.81330599791994],[9.039780795615883,47.816691148982954],[9.032580651613017,47.81330599791994],[9.032580651613017,47.809920846856926],[9.032580651613017,47.80653569579391],[9.032580651613017,47.80315054473087],[9.068581371627403,47.77945448728974],[9.075781515630297,47.7760693362267],[9.082981659633163,47.77268418516368],[9.082981659633163,47.76929903410067],[9.090181803636057,47.765913883037655],[9.133382667653336,47.74898812772253],[9.140582811656202,47.74898812772253],[9.154983099661962,47.74560297665951],[9.169383387667722,47.73544752347044],[9.176583531670616,47.73544752347044],[9.176583531670616,47.73206237240743],[9.212584251685001,47.688055408588156],[9.212584251685001,47.68467025752514],[9.219784395687896,47.66774450221004],[9.212584251685001,47.664359351147],[9.205384107682136,47.664359351147],[9.198183963679242,47.664359351147],[9.190983819676376,47.66774450221004],[9.183783675673482,47.66774450221004],[9.176583531670616,47.664359351147],[9.176583531670616,47.65758904902097],[9.183783675673482,47.654203897957956],[9.176583531670616,47.654203897957956],[9.169383387667722,47.654203897957956],[9.118982379647576,47.66774450221004],[9.111782235644682,47.671129653273056],[9.111782235644682,47.67451480433607],[9.104582091641817,47.67451480433607],[9.097381947638922,47.677899955399084],[9.090181803636057,47.677899955399084],[9.054181083621643,47.68467025752514],[9.025380507610123,47.688055408588156],[9.018180363607257,47.688055408588156],[8.996579931598603,47.6812851064621],[8.982179643592843,47.67451480433607],[8.967779355587084,47.66774450221004],[8.938978779575564,47.65758904902097],[8.895777915558284,47.6474335958319],[8.852577051541004,47.6812851064621],[8.852577051541004,47.69821086177723],[8.859777195543899,47.69821086177723],[8.866977339546764,47.69821086177723],[8.866977339546764,47.694825710714184],[8.874177483549659,47.694825710714184],[8.874177483549659,47.69821086177723],[8.874177483549659,47.704981163903255],[8.866977339546764,47.704981163903255],[8.845376907538139,47.71175146602931],[8.830976619532379,47.71513661709233],[8.809376187523725,47.72867722134441],[8.809376187523725,47.738832674533484],[8.794975899517965,47.73544752347044],[8.77337546750934,47.71852176815534],[8.766175323506445,47.70836631496627],[8.7877757555151,47.704981163903255],[8.794975899517965,47.70159601284024],[8.809376187523725,47.694825710714184],[8.809376187523725,47.69144055965117],[8.794975899517965,47.67451480433607],[8.7877757555151,47.67451480433607],[8.7877757555151,47.677899955399084],[8.737374747494925,47.69144055965117],[8.708574171483406,47.72867722134441],[8.7157743154863,47.738832674533484],[8.722974459489166,47.74560297665951],[8.73017460349206,47.74560297665951],[8.737374747494925,47.74560297665951],[8.74457489149782,47.74898812772253],[8.737374747494925,47.75237327878557],[8.73017460349206,47.76252873197461],[8.722974459489166,47.76252873197461],[8.7157743154863,47.765913883037655],[8.70137402748054,47.76252873197461],[8.68697373947478,47.77268418516368],[8.67257345146902,47.78622478941577],[8.65817316346326,47.799765393667855],[8.650973019460366,47.799765393667855],[8.650973019460366,47.79638024260484],[8.6437728754575,47.78960994047878],[8.6437728754575,47.78622478941577],[8.650973019460366,47.782839638352755],[8.650973019460366,47.77268418516368],[8.6437728754575,47.765913883037655],[8.62937258745174,47.7591435809116],[8.622172443448846,47.765913883037655],[8.622172443448846,47.77945448728974],[8.622172443448846,47.78960994047878],[8.61497229944598,47.799765393667855],[8.60057201144022,47.80315054473087],[8.564571291425807,47.80653569579391],[8.564571291425807,47.80315054473087],[8.564571291425807,47.792995091541826],[8.557371147422913,47.782839638352755],[8.514170283405633,47.77268418516368],[8.506970139402767,47.7760693362267],[8.492569851397008,47.77268418516368],[8.478169563391248,47.76252873197461],[8.449368987379728,47.738832674533484],[8.413368267365314,47.694825710714184],[8.406168123362448,47.67451480433607],[8.413368267365314,47.66774450221004],[8.470969419388354,47.63727814264283],[8.478169563391248,47.63727814264283],[8.528570571411393,47.644048444768885],[8.528570571411393,47.6474335958319],[8.535770715414287,47.65081874689491],[8.528570571411393,47.654203897957956],[8.528570571411393,47.65758904902097],[8.528570571411393,47.660974200083984],[8.535770715414287,47.660974200083984],[8.550171003420047,47.66774450221004],[8.564571291425807,47.671129653273056],[8.607772155443087,47.66774450221004],[8.622172443448846,47.65758904902097],[8.62937258745174,47.654203897957956],[8.62937258745174,47.65081874689491],[8.62937258745174,47.6474335958319],[8.622172443448846,47.644048444768885],[8.622172443448846,47.64066329370587],[8.622172443448846,47.63727814264283],[8.61497229944598,47.63727814264283],[8.607772155443087,47.63727814264283],[8.60057201144022,47.63727814264283],[8.60057201144022,47.64066329370587],[8.607772155443087,47.64066329370587],[8.61497229944598,47.644048444768885],[8.61497229944598,47.6474335958319],[8.61497229944598,47.65081874689491],[8.607772155443087,47.65081874689491],[8.60057201144022,47.65081874689491],[8.593371867437327,47.644048444768885],[8.593371867437327,47.64066329370587],[8.593371867437327,47.6305078405168],[8.60057201144022,47.627122689453785],[8.60057201144022,47.62373753839074],[8.607772155443087,47.61696723626471],[8.607772155443087,47.6135820852017],[8.60057201144022,47.6135820852017],[8.60057201144022,47.610196934138656],[8.578971579431567,47.59665632988657],[8.578971579431567,47.59327117882356],[8.564571291425807,47.59665632988657],[8.564571291425807,47.60004148094961],[8.564571291425807,47.610196934138656],[8.571771435428673,47.610196934138656],[8.571771435428673,47.61696723626471],[8.557371147422913,47.62373753839074],[8.535770715414287,47.6305078405168],[8.521370427408527,47.63389299157981],[8.514170283405633,47.63389299157981],[8.456569131382594,47.60342663201263],[8.456569131382594,47.59665632988657],[8.456569131382594,47.59327117882356],[8.463769275385488,47.583115725634485],[8.478169563391248,47.583115725634485],[8.485369707394113,47.583115725634485],[8.485369707394113,47.58650087669753],[8.485369707394113,47.58988602776054],[8.492569851397008,47.57973057457147],[8.485369707394113,47.57634542350846],[8.463769275385488,47.57296027244544],[8.434968699373968,47.566189970319385],[8.377367547350929,47.566189970319385],[8.334166683333649,47.5695751213824],[8.326966539330755,47.57296027244544],[8.319766395327889,47.57296027244544],[8.298165963319235,47.58988602776054],[8.298165963319235,47.59327117882356],[8.298165963319235,47.59665632988657],[8.298165963319235,47.60004148094961],[8.298165963319235,47.60342663201263],[8.298165963319235,47.60681178307564],[8.29096581931637,47.610196934138656],[8.283765675313475,47.610196934138656],[8.26216524330485,47.6135820852017],[8.254965099301955,47.61696723626471],[8.21896437928757,47.61696723626471],[8.110962219244357,47.583115725634485],[8.110962219244357,47.57973057457147],[8.103762075241491,47.57973057457147],[8.103762075241491,47.57634542350846],[8.103762075241491,47.57296027244544],[8.103762075241491,47.566189970319385],[8.096561931238597,47.566189970319385],[8.096561931238597,47.56280481925637],[8.096561931238597,47.55941966819336],[8.089361787235731,47.55941966819336],[8.024560491209797,47.5526493660673],[8.024560491209797,47.549264215004285],[8.017360347206932,47.5526493660673],[8.010160203204038,47.5526493660673],[8.010160203204038,47.556034517130314],[8.002960059201172,47.556034517130314],[7.995759915198278,47.556034517130314],[7.959759195183892,47.556034517130314],[7.952559051180998,47.556034517130314],[7.952559051180998,47.5526493660673],[7.952559051180998,47.54587906394127],[7.945358907178132,47.54587906394127],[7.923758475169478,47.54587906394127],[7.916558331166613,47.549264215004285],[7.909358187163718,47.5526493660673],[7.909358187163718,47.556034517130314],[7.909358187163718,47.55941966819336],[7.909358187163718,47.56280481925637],[7.909358187163718,47.566189970319385],[7.909358187163718,47.5695751213824],[7.909358187163718,47.57296027244544],[7.902158043160853,47.57973057457147],[7.8949578991579585,47.58650087669753],[7.887757755155093,47.58650087669753],[7.887757755155093,47.58988602776054],[7.866157323146439,47.58988602776054],[7.822956459129159,47.58650087669753],[7.815756315126293,47.58650087669753],[7.815756315126293,47.57973057457147],[7.815756315126293,47.57296027244544],[7.815756315126293,47.5695751213824],[7.808556171123399,47.5695751213824],[7.794155883117639,47.55941966819336],[7.794155883117639,47.556034517130314],[7.786955739114774,47.556034517130314],[7.786955739114774,47.5526493660673],[7.75095501910036,47.54587906394127],[7.69335386707732,47.5357236107522],[7.69335386707732,47.532338459689186],[7.686153723074426,47.532338459689186],[7.67895357907156,47.532338459689186],[7.67895357907156,47.5357236107522],[7.671753435068666,47.5357236107522],[7.6645532910658005,47.5357236107522],[7.6645532910658005,47.539108761815214],[7.650153003060041,47.549264215004285],[7.635752715054281,47.55941966819336],[7.635752715054281,47.56280481925637],[7.635752715054281,47.566189970319385],[7.657353147062906,47.56280481925637],[7.686153723074426,47.566189970319385],[7.686153723074426,47.57296027244544],[7.67895357907156,47.583115725634485],[7.6645532910658005,47.59327117882356],[7.657353147062906,47.59327117882356],[7.650153003060041,47.59665632988657],[7.6429528590571465,47.59665632988657],[7.6429528590571465,47.59327117882356],[7.6429528590571465,47.58988602776054],[7.628552571051387,47.57973057457147],[7.621352427048521,47.57973057457147],[7.621352427048521,47.57634542350846],[7.606952139042761,47.57634542350846],[7.592551851037001,47.60004148094961],[7.592551851037001,47.60342663201263],[7.563751275025481,47.6305078405168],[7.563751275025481,47.63389299157981],[7.556551131022587,47.63727814264283],[7.542150843016827,47.6474335958319],[7.534950699013962,47.6474335958319],[7.534950699013962,47.65081874689491],[7.5277505550110675,47.65758904902097],[7.520550411008202,47.660974200083984],[7.520550411008202,47.664359351147],[7.520550411008202,47.66774450221004],[7.513350267005308,47.694825710714184],[7.513350267005308,47.69821086177723],[7.513350267005308,47.70159601284024],[7.513350267005308,47.704981163903255],[7.520550411008202,47.704981163903255],[7.520550411008202,47.70836631496627],[7.534950699013962,47.71852176815534],[7.542150843016827,47.71852176815534],[7.542150843016827,47.721906919218355],[7.542150843016827,47.7252920702814],[7.542150843016827,47.72867722134441],[7.5493509870197215,47.72867722134441],[7.5493509870197215,47.73206237240743],[7.5493509870197215,47.73544752347044],[7.5493509870197215,47.738832674533484],[7.5493509870197215,47.7422178255965],[7.534950699013962,47.76929903410067],[7.534950699013962,47.77268418516368],[7.5277505550110675,47.77268418516368],[7.5277505550110675,47.7760693362267],[7.5277505550110675,47.77945448728974],[7.5277505550110675,47.782839638352755],[7.534950699013962,47.78622478941577],[7.534950699013962,47.78960994047878],[7.534950699013962,47.792995091541826],[7.5493509870197215,47.820076300046],[7.556551131022587,47.83023175323504],[7.556551131022587,47.83361690429808],[7.556551131022587,47.8370020553611],[7.563751275025481,47.8370020553611],[7.563751275025481,47.84038720642411],[7.563751275025481,47.843772357487126],[7.563751275025481,47.84715750855017],[7.563751275025481,47.85054265961318],[7.563751275025481,47.8539278106762],[7.563751275025481,47.85731296173921],[7.556551131022587,47.85731296173921],[7.556551131022587,47.860698112802226],[7.556551131022587,47.86408326386527],[7.556551131022587,47.86746841492828],[7.556551131022587,47.8708535659913],[7.556551131022587,47.87423871705431],[7.556551131022587,47.877623868117354],[7.556551131022587,47.88100901918037],[7.556551131022587,47.88439417024338],[7.563751275025481,47.88439417024338],[7.563751275025481,47.8877793213064],[7.570951419028347,47.8877793213064],[7.578151563031241,47.89116447236944],[7.578151563031241,47.894549623432454],[7.578151563031241,47.89793477449547],[7.578151563031241,47.90131992555848],[7.585351707034107,47.90131992555848],[7.585351707034107,47.904705076621525],[7.585351707034107,47.90809022768454],[7.585351707034107,47.911475378747554],[7.578151563031241,47.91486052981057],[7.578151563031241,47.921630831936625],[7.578151563031241,47.92501598299964],[7.578151563031241,47.92840113406265],[7.585351707034107,47.92840113406265],[7.585351707034107,47.931786285125696],[7.585351707034107,47.93517143618871],[7.592551851037001,47.938556587251725],[7.606952139042761,47.948712040440796],[7.606952139042761,47.95209719150381],[7.621352427048521,47.965637795755896],[7.621352427048521,47.96902294681891],[7.621352427048521,47.97240809788195],[7.621352427048521,47.97579324894497],[7.621352427048521,47.982563551070996],[7.621352427048521,47.98594870213404],[7.614152283045627,47.99271900426007],[7.606952139042761,47.999489306386124],[7.606952139042761,48.00287445744914],[7.606952139042761,48.00625960851215],[7.599751995039867,48.00964475957517],[7.585351707034107,48.01980021276424],[7.585351707034107,48.02318536382725],[7.578151563031241,48.026570514890295],[7.570951419028347,48.02995566595331],[7.570951419028347,48.033340817016324],[7.570951419028347,48.03672596807934],[7.570951419028347,48.08073293189861],[7.578151563031241,48.094273536150695],[7.578151563031241,48.09765868721374],[7.578151563031241,48.10104383827675],[7.578151563031241,48.104428989339766],[7.578151563031241,48.10781414040278],[7.578151563031241,48.11119929146582],[7.578151563031241,48.11458444252884],[7.578151563031241,48.12473989571791],[7.599751995039867,48.15859140634811],[7.6429528590571465,48.20259837016738],[7.6429528590571465,48.205983521230394],[7.650153003060041,48.20936867229344],[7.650153003060041,48.21275382335645],[7.657353147062906,48.21275382335645],[7.657353147062906,48.216138974419465],[7.6645532910658005,48.216138974419465],[7.6645532910658005,48.21952412548248],[7.6645532910658005,48.22290927654552],[7.671753435068666,48.226294427608536],[7.67895357907156,48.24999048504969],[7.67895357907156,48.25676078717572],[7.686153723074426,48.28384199567989],[7.686153723074426,48.293997448868964],[7.69335386707732,48.293997448868964],[7.69335386707732,48.29738259993198],[7.69335386707732,48.30076775099499],[7.69335386707732,48.304152902058036],[7.700554011080186,48.30753805312105],[7.700554011080186,48.310923204184064],[7.714954299085974,48.310923204184064],[7.729354587091734,48.31769350631012],[7.7365547310946,48.31769350631012],[7.7365547310946,48.321078657373135],[7.743754875097494,48.321078657373135],[7.743754875097494,48.32446380843615],[7.743754875097494,48.327848959499164],[7.743754875097494,48.33123411056221],[7.743754875097494,48.33461926162522],[7.743754875097494,48.34138956375125],[7.743754875097494,48.34815986587731],[7.7365547310946,48.35831531906638],[7.7365547310946,48.36170047012939],[7.7365547310946,48.36508562119241],[7.729354587091734,48.37862622544449],[7.729354587091734,48.382011376507506],[7.729354587091734,48.38878167863356],[7.729354587091734,48.39216682969658],[7.729354587091734,48.39555198075959],[7.7365547310946,48.398937131822606],[7.7365547310946,48.40232228288565],[7.743754875097494,48.41247773607469],[7.743754875097494,48.415862887137735],[7.743754875097494,48.42263318926376],[7.76535530710612,48.45309954883095],[7.76535530710612,48.45648469989399],[7.76535530710612,48.459869850957006],[7.76535530710612,48.46325500202002],[7.76535530710612,48.47341045520909],[7.76535530710612,48.48695105946118],[7.76535530710612,48.49033621052419],[7.772555451109014,48.49033621052419],[7.772555451109014,48.493721361587205],[7.7797555951118795,48.49710651265025],[7.786955739114774,48.49710651265025],[7.786955739114774,48.50049166371326],[7.794155883117639,48.50049166371326],[7.794155883117639,48.50387681477628],[7.8013560271205336,48.50387681477628],[7.8013560271205336,48.50726196583929],[7.8013560271205336,48.510647116902334],[7.808556171123399,48.51403226796535],[7.808556171123399,48.51741741902836],[7.808556171123399,48.52080257009138],[7.808556171123399,48.52418772115442],[7.808556171123399,48.55803923178462],[7.808556171123399,48.56142438284763],[7.8013560271205336,48.56480953391065],[7.8013560271205336,48.56819468497369],[7.8013560271205336,48.57496498709972],[7.8013560271205336,48.57835013816273],[7.8013560271205336,48.581735289225776],[7.8013560271205336,48.58512044028879],[7.8013560271205336,48.588505591351804],[7.808556171123399,48.59189074241482],[7.815756315126293,48.60204619560389],[7.822956459129159,48.61220164879296],[7.822956459129159,48.615586799855976],[7.830156603132053,48.615586799855976],[7.830156603132053,48.61897195091899],[7.830156603132053,48.62235710198203],[7.837356747134919,48.62912740410806],[7.837356747134919,48.63928285729713],[7.837356747134919,48.64266800836015],[7.844556891137813,48.64266800836015],[7.844556891137813,48.64605315942316],[7.851757035140679,48.64605315942316],[7.858957179143573,48.649438310486204],[7.866157323146439,48.649438310486204],[7.880557611152199,48.65959376367525],[7.887757755155093,48.65959376367525],[7.887757755155093,48.66297891473829],[7.8949578991579585,48.666364065801304],[7.945358907178132,48.70698587855756],[7.952559051180998,48.71714133174663],[7.959759195183892,48.71714133174663],[7.966959339186758,48.72391163387266],[7.966959339186758,48.727296784935675],[7.966959339186758,48.73068193599872],[7.966959339186758,48.73406708706173],[7.966959339186758,48.74083738918776],[7.966959339186758,48.74760769131382],[7.966959339186758,48.75099284237683],[7.966959339186758,48.754377993439846],[7.966959339186758,48.75776314450286],[7.974159483189652,48.75776314450286],[7.974159483189652,48.7611482955659],[7.981359627192518,48.7611482955659],[7.988559771195412,48.7611482955659],[7.995759915198278,48.75776314450286],[8.002960059201172,48.75776314450286],[8.010160203204038,48.75776314450286],[8.010160203204038,48.7611482955659],[8.017360347206932,48.7611482955659],[8.017360347206932,48.76453344662892],[8.024560491209797,48.76791859769193],[8.024560491209797,48.771303748754946],[8.024560491209797,48.778074050881],[8.024560491209797,48.78145920194402],[8.024560491209797,48.78484435300703],[8.031760635212692,48.78484435300703],[8.031760635212692,48.788229504070074],[8.038960779215557,48.79161465513309],[8.046160923218451,48.79161465513309],[8.053361067221317,48.788229504070074],[8.060561211224211,48.788229504070074],[8.067761355227077,48.788229504070074],[8.067761355227077,48.79161465513309],[8.074961499229971,48.7949998061961],[8.082161643232837,48.79838495725912],[8.089361787235731,48.80177010832216],[8.089361787235731,48.805155259385174],[8.096561931238597,48.8119255615112],[8.103762075241491,48.815310712574245],[8.103762075241491,48.81869586363726],[8.103762075241491,48.822081014700274],[8.110962219244357,48.832236467889345],[8.11816236324725,48.85254737426746],[8.125362507250117,48.86270282745653],[8.125362507250117,48.8728582806456],[8.125362507250117,48.876243431708616],[8.13256265125301,48.876243431708616],[8.13256265125301,48.87962858277163],[8.139762795255876,48.88639888489769],[8.139762795255876,48.893169187023716],[8.14696293925877,48.89993948914977],[8.16136322726453,48.91686524446487],[8.197363947278916,48.954101906158115],[8.197363947278916,48.95748705722113],[8.20456409128181,48.95748705722113],[8.20456409128181,48.960872208284144],[8.23336466729333,48.9676425104102],[8.26216524330485,48.98118311466229],[8.27656553131061,48.987953416788315],[8.283765675313475,48.99133856785133],[8.283765675313475,48.99472371891437],[8.29096581931637,48.998108869977386],[8.298165963319235,49.01164947422947],[8.298165963319235,49.015034625292486],[8.298165963319235,49.02180492741854],[8.298165963319235,49.02519007848156],[8.30536610732213,49.031960380607586],[8.30536610732213,49.03873068273364],[8.30536610732213,49.04211583379666],[8.30536610732213,49.04550098485967],[8.30536610732213,49.048886135922714],[8.312566251324995,49.05227128698573],[8.319766395327889,49.05904158911176],[8.326966539330755,49.065811891237814],[8.326966539330755,49.06919704230083],[8.334166683333649,49.075967344426886],[8.341366827336515,49.0793524954899],[8.348566971339409,49.082737646552914],[8.348566971339409,49.08612279761593],[8.355767115342275,49.092893099741985],[8.355767115342275,49.096278250805],[8.362967259345169,49.10304855293103],[8.370167403348034,49.143670365687285],[8.370167403348034,49.15044066781334],[8.370167403348034,49.153825818876356],[8.370167403348034,49.15721096993937],[8.370167403348034,49.16059612100241],[8.370167403348034,49.16398127206543],[8.370167403348034,49.16736642312844],[8.370167403348034,49.170751574191456],[8.384567691353794,49.187677329506585],[8.398967979359554,49.2079882358847],[8.406168123362448,49.21814368907377],[8.406168123362448,49.221528840136784],[8.398967979359554,49.2249139911998],[8.391767835356688,49.2249139911998],[8.391767835356688,49.221528840136784],[8.384567691353794,49.221528840136784],[8.384567691353794,49.2249139911998],[8.384567691353794,49.22829914226284],[8.384567691353794,49.231684293325856],[8.391767835356688,49.23506944438887],[8.391767835356688,49.238454595451884],[8.398967979359554,49.238454595451884],[8.398967979359554,49.24183974651493],[8.406168123362448,49.24522489757794],[8.413368267365314,49.25199519970397],[8.463769275385488,49.282461559271155],[8.485369707394113,49.28923186139721],[8.485369707394113,49.29261701246023],[8.485369707394113,49.29600216352324],[8.485369707394113,49.29938731458628],[8.485369707394113,49.3027724656493],[8.478169563391248,49.30615761671231],[8.478169563391248,49.309542767775326],[8.463769275385488,49.31292791883837],[8.456569131382594,49.31292791883837],[8.456569131382594,49.31631306990138],[8.449368987379728,49.3196982209644],[8.449368987379728,49.32308337202741],[8.449368987379728,49.326468523090455],[8.456569131382594,49.326468523090455],[8.456569131382594,49.32985367415347],[8.456569131382594,49.33323882521648],[8.463769275385488,49.3366239762795],[8.470969419388354,49.34000912734254],[8.478169563391248,49.343394278405555],[8.485369707394113,49.34677942946857],[8.485369707394113,49.35016458053158],[8.492569851397008,49.353549731594626],[8.492569851397008,49.35693488265764],[8.499769995399873,49.360320033720654],[8.499769995399873,49.36370518478367],[8.499769995399873,49.36709033584671],[8.499769995399873,49.370475486909726],[8.499769995399873,49.37386063797274],[8.499769995399873,49.377245789035754],[8.499769995399873,49.3806309400988],[8.499769995399873,49.38401609116181],[8.499769995399873,49.387401242224826],[8.499769995399873,49.404326997539926],[8.499769995399873,49.41109729966598],[8.506970139402767,49.42802305498108],[8.506970139402767,49.4314082060441],[8.506970139402767,49.43479335710714],[8.506970139402767,49.438178508170154],[8.499769995399873,49.44156365923317],[8.492569851397008,49.44156365923317],[8.485369707394113,49.44156365923317],[8.470969419388354,49.44156365923317],[8.463769275385488,49.44156365923317],[8.456569131382594,49.44156365923317],[8.449368987379728,49.44494881029618],[8.442168843376834,49.4483339613592],[8.442168843376834,49.45171911242224],[8.442168843376834,49.455104263485254],[8.442168843376834,49.45848941454827],[8.449368987379728,49.45848941454827],[8.449368987379728,49.46187456561128],[8.456569131382594,49.46187456561128],[8.463769275385488,49.465259716674325],[8.463769275385488,49.46864486773734],[8.463769275385488,49.47203001880035],[8.463769275385488,49.47541516986337],[8.456569131382594,49.47880032092641],[8.434968699373968,49.51942213368267],[8.420568411368208,49.543118191123796],[8.420568411368208,49.54650334218684],[8.413368267365314,49.54988849324985],[8.413368267365314,49.55327364431287],[8.413368267365314,49.55665879537588],[8.413368267365314,49.560043946438924],[8.413368267365314,49.56342909750194],[8.420568411368208,49.56681424856495],[8.420568411368208,49.57019939962797],[8.420568411368208,49.57358455069101],[8.420568411368208,49.58374000388005],[8.442168843376834,49.59051030600611],[8.449368987379728,49.59051030600611],[8.463769275385488,49.59051030600611],[8.478169563391248,49.58374000388005],[8.492569851397008,49.57358455069101],[8.528570571411393,49.54650334218684],[8.528570571411393,49.53634788899777],[8.542970859417153,49.52957758687171],[8.557371147422913,49.51942213368267],[8.564571291425807,49.51942213368267],[8.578971579431567,49.51942213368267],[8.578971579431567,49.52280728474568],[8.593371867437327,49.52957758687171],[8.60057201144022,49.52957758687171],[8.607772155443087,49.53296273793475],[8.622172443448846,49.543118191123796],[8.61497229944598,49.55327364431287],[8.60057201144022,49.593895457069124],[8.593371867437327,49.59051030600611],[8.593371867437327,49.593895457069124],[8.593371867437327,49.604050910258195],[8.593371867437327,49.610821212384224],[8.650973019460366,49.620976665573295],[8.679773595471886,49.62436181663631],[8.694173883477646,49.62436181663631],[8.694173883477646,49.620976665573295],[8.694173883477646,49.60066575919518],[8.694173883477646,49.59051030600611],[8.68697373947478,49.59051030600611],[8.68697373947478,49.57358455069101],[8.68697373947478,49.57019939962797],[8.70137402748054,49.53634788899777],[8.722974459489166,49.52280728474568],[8.75897517950358,49.516036982619624],[8.766175323506445,49.516036982619624],[8.794975899517965,49.51265183155661],[8.845376907538139,49.499111227304525],[8.881377627552524,49.50588152943058],[8.888577771555418,49.50588152943058],[8.895777915558284,49.50249637836754],[8.902978059561178,49.48557062305244],[8.888577771555418,49.47541516986337],[8.874177483549659,49.465259716674325],[8.866977339546764,49.465259716674325],[8.859777195543899,49.465259716674325],[8.866977339546764,49.47541516986337],[8.859777195543899,49.482185471989425],[8.852577051541004,49.482185471989425],[8.838176763535245,49.47541516986337],[8.823776475529485,49.47203001880035],[8.823776475529485,49.46187456561128],[8.830976619532379,49.46187456561128],[8.830976619532379,49.45171911242224],[8.838176763535245,49.43479335710714],[8.830976619532379,49.42463790391807],[8.830976619532379,49.421252752855054],[8.823776475529485,49.421252752855054],[8.816576331526619,49.42463790391807],[8.816576331526619,49.421252752855054],[8.809376187523725,49.41786760179201],[8.80217604352086,49.41109729966598],[8.80217604352086,49.404326997539926],[8.816576331526619,49.3975566954139],[8.823776475529485,49.39417154435088],[8.852577051541004,49.39417154435088],[8.859777195543899,49.3975566954139],[8.888577771555418,49.41786760179201],[8.924578491569804,49.438178508170154],[8.953379067581324,49.455104263485254],[8.938978779575564,49.465259716674325],[8.931778635572698,49.46864486773734],[8.931778635572698,49.47541516986337],[8.960579211584218,49.50249637836754],[8.982179643592843,49.509266680493596],[8.989379787595738,49.509266680493596],[9.010980219604363,49.50249637836754],[9.010980219604363,49.499111227304525],[9.018180363607257,49.49572607624151],[9.032580651613017,49.499111227304525],[9.039780795615883,49.499111227304525],[9.039780795615883,49.50249637836754],[9.046980939618777,49.51265183155661],[9.068581371627403,49.526192435808696],[9.082981659633163,49.526192435808696],[9.097381947638922,49.526192435808696],[9.104582091641817,49.516036982619624],[9.104582091641817,49.51265183155661],[9.104582091641817,49.509266680493596],[9.118982379647576,49.51265183155661],[9.126182523650442,49.51265183155661],[9.126182523650442,49.516036982619624],[9.126182523650442,49.52280728474568],[9.111782235644682,49.53296273793475],[9.111782235644682,49.53634788899777],[9.097381947638922,49.53973304006078],[9.097381947638922,49.543118191123796],[9.090181803636057,49.54988849324985],[9.097381947638922,49.57019939962797],[9.104582091641817,49.576969701754024],[9.111782235644682,49.58035485281704],[9.154983099661962,49.58035485281704],[9.162183243664856,49.58035485281704],[9.176583531670616,49.576969701754024],[9.183783675673482,49.57358455069101],[9.190983819676376,49.57358455069101],[9.212584251685001,49.576969701754024],[9.241384827696521,49.58035485281704],[9.248584971699415,49.58374000388005],[9.2845856917138,49.61420636344724],[9.2845856917138,49.61759151451028],[9.270185403708041,49.62774696769932],[9.270185403708041,49.631132118762366],[9.277385547710935,49.637902420888395],[9.29898597971956,49.648057874077466],[9.320586411728215,49.65144302514048],[9.349386987739734,49.648057874077466],[9.38538770775412,49.64467272301445],[9.406988139762774,49.64467272301445],[9.41418828376564,49.65144302514048],[9.421388427768534,49.65821332726654],[9.41418828376564,49.66159847832955],[9.406988139762774,49.66159847832955],[9.39978799575988,49.66836878045558],[9.39978799575988,49.67175393151862],[9.39978799575988,49.67513908258164],[9.406988139762774,49.67852423364465],[9.406988139762774,49.681909384707666],[9.421388427768534,49.68867968683372],[9.421388427768534,49.69206483789674],[9.421388427768534,49.69544998895975],[9.41418828376564,49.71237574427488],[9.39978799575988,49.72930149958998],[9.38538770775412,49.72930149958998],[9.378187563751254,49.725916348526965],[9.38538770775412,49.70899059321184],[9.38538770775412,49.70560544214882],[9.378187563751254,49.70560544214882],[9.37098741974836,49.70560544214882],[9.37098741974836,49.70222029108581],[9.3565871317426,49.70560544214882],[9.349386987739734,49.70560544214882],[9.34218684373684,49.715760895337894],[9.349386987739734,49.71914604640091],[9.349386987739734,49.72253119746392],[9.363787275745494,49.72253119746392],[9.37098741974836,49.725916348526965],[9.37098741974836,49.72930149958998],[9.363787275745494,49.732686650652994],[9.34218684373684,49.73607180171601],[9.334986699733975,49.732686650652994],[9.32778655573108,49.732686650652994],[9.320586411728215,49.732686650652994],[9.29898597971956,49.73945695277905],[9.291785835716695,49.73945695277905],[9.31338626772532,49.76653816128322],[9.320586411728215,49.76653816128322],[9.320586411728215,49.769923312346236],[9.363787275745494,49.769923312346236],[9.392587851757014,49.769923312346236],[9.406988139762774,49.776693614472265],[9.406988139762774,49.78007876553531],[9.442988859777188,49.77330846340925],[9.464589291785813,49.769923312346236],[9.471789435788708,49.78007876553531],[9.478989579791573,49.78346391659832],[9.478989579791573,49.786849067661336],[9.486189723794467,49.786849067661336],[9.500590011800227,49.786849067661336],[9.507790155803093,49.786849067661336],[9.507790155803093,49.78346391659832],[9.514990299805987,49.78346391659832],[9.514990299805987,49.78007876553531],[9.514990299805987,49.776693614472265],[9.507790155803093,49.77330846340925],[9.507790155803093,49.769923312346236],[9.507790155803093,49.76653816128322],[9.514990299805987,49.76653816128322],[9.514990299805987,49.76315301022018],[9.514990299805987,49.759767859157165],[9.522190443808853,49.759767859157165],[9.550991019820373,49.76315301022018],[9.622992459849172,49.78346391659832],[9.637392747854932,49.786849067661336],[9.651793035860692,49.79023421872435],[9.651793035860692,49.78007876553531],[9.644592891857826,49.776693614472265],[9.637392747854932,49.75638270809415],[9.637392747854932,49.75299755703114],[9.637392747854932,49.732686650652994],[9.630192603852066,49.715760895337894],[9.622992459849172,49.70560544214882],[9.622992459849172,49.70222029108581],[9.630192603852066,49.698835140022794],[9.651793035860692,49.68867968683372],[9.673393467869346,49.69206483789674],[9.673393467869346,49.70222029108581],[9.680593611872212,49.715760895337894],[9.709394187883731,49.725916348526965],[9.716594331886625,49.71914604640091],[9.716594331886625,49.71237574427488],[9.716594331886625,49.70899059321184],[9.730994619892385,49.68867968683372],[9.738194763895251,49.68867968683372],[9.752595051901011,49.69544998895975],[9.752595051901011,49.698835140022794],[9.752595051901011,49.70222029108581],[9.752595051901011,49.70899059321184],[9.76699533990677,49.71914604640091],[9.788595771915425,49.72930149958998],[9.79579591591829,49.725916348526965],[9.831796635932704,49.70222029108581],[9.83899677993557,49.681909384707666],[9.831796635932704,49.681909384707666],[9.831796635932704,49.67852423364465],[9.82459649192981,49.67175393151862],[9.82459649192981,49.664983629392566],[9.831796635932704,49.648057874077466],[9.83899677993557,49.64467272301445],[9.85339706794133,49.64467272301445],[9.860597211944224,49.62774696769932],[9.86779735594709,49.62436181663631],[9.86779735594709,49.620976665573295],[9.86779735594709,49.60743606132121],[9.846196923938464,49.576969701754024],[9.83899677993557,49.57019939962797],[9.81019620392405,49.55665879537588],[9.846196923938464,49.54650334218684],[9.860597211944224,49.54650334218684],[9.86779735594709,49.55665879537588],[9.86779735594709,49.56681424856495],[9.874997499949984,49.576969701754024],[9.89659793195861,49.587125154943095],[9.91099821996437,49.58374000388005],[9.92539850797013,49.560043946438924],[9.92539850797013,49.54988849324985],[9.92539850797013,49.53634788899777],[9.92539850797013,49.509266680493596],[9.92539850797013,49.50588152943058],[9.918198363967264,49.499111227304525],[9.91099821996437,49.492340925178496],[9.932598651973024,49.48557062305244],[9.95419908398165,49.482185471989425],[10.011800236004689,49.482185471989425],[10.019000380007583,49.48557062305244],[10.062201244024862,49.51942213368267],[10.047800956019103,49.51942213368267],[10.040600812016208,49.526192435808696],[10.040600812016208,49.52957758687171],[10.069401388027728,49.543118191123796],[10.083801676033488,49.543118191123796],[10.091001820036382,49.52957758687171],[10.076601532030622,49.526192435808696],[10.076601532030622,49.51942213368267],[10.083801676033488,49.51265183155661],[10.119802396047902,49.50249637836754],[10.112602252045008,49.47880032092641],[10.119802396047902,49.47203001880035],[10.105402108042142,49.46187456561128],[10.098201964039248,49.455104263485254],[10.091001820036382,49.44494881029618],[10.112602252045008,49.438178508170154],[10.119802396047902,49.44156365923317],[10.134202684053662,49.438178508170154],[10.163003260065182,49.39417154435088],[10.163003260065182,49.39078639328784],[10.141402828056528,49.38401609116181],[10.127002540050768,49.387401242224826],[10.112602252045008,49.38401609116181],[10.105402108042142,49.3806309400988],[10.105402108042142,49.343394278405555],[10.105402108042142,49.34000912734254],[10.112602252045008,49.32985367415347],[10.119802396047902,49.326468523090455],[10.141402828056528,49.326468523090455],[10.141402828056528,49.3196982209644],[10.148602972059422,49.31631306990138],[10.134202684053662,49.30615761671231],[10.134202684053662,49.3027724656493],[10.134202684053662,49.29600216352324],[10.141402828056528,49.29261701246023],[10.141402828056528,49.2858467103342],[10.155803116062287,49.27907640820814],[10.148602972059422,49.26892095501907],[10.134202684053662,49.26215065289304],[10.119802396047902,49.248610048640955],[10.127002540050768,49.20121793375867],[10.127002540050768,49.19444763163261],[10.141402828056528,49.19444763163261],[10.155803116062287,49.19444763163261],[10.227804556091087,49.16059612100241],[10.24940498809974,49.14705551675033],[10.256605132102607,49.13690006356126],[10.256605132102607,49.1301297614352],[10.24940498809974,49.126744610372185],[10.227804556091087,49.11997430824616],[10.206204124082461,49.099663401868014],[10.206204124082461,49.096278250805],[10.213404268085327,49.092893099741985],[10.227804556091087,49.08950794867894],[10.235004700093981,49.092893099741985],[10.24940498809974,49.092893099741985],[10.2638052761055,49.0624267401748],[10.256605132102607,49.05904158911176],[10.24940498809974,49.048886135922714],[10.24940498809974,49.04211583379666],[10.24940498809974,49.03873068273364],[10.2638052761055,49.04550098485967],[10.3358067161343,49.031960380607586],[10.35020700414006,49.02857522954457],[10.37900758015158,48.998108869977386],[10.4078081561631,48.977797963599244],[10.400608012160234,48.97441281253623],[10.400608012160234,48.9676425104102],[10.4078081561631,48.9676425104102],[10.42220844416886,48.960872208284144],[10.443808876177513,48.943946452969044],[10.45100902018038,48.93717615084299],[10.458209164183273,48.92025039552789],[10.458209164183273,48.91686524446487],[10.45100902018038,48.859317676393516],[10.45100902018038,48.8119255615112],[10.43660873217462,48.77468889981799],[10.429408588171754,48.771303748754946],[10.42220844416886,48.771303748754946],[10.415008300165994,48.74760769131382],[10.42220844416886,48.74760769131382],[10.42220844416886,48.744222540250775],[10.43660873217462,48.737452238124746],[10.465409308186139,48.720526482809646],[10.472609452189033,48.71375618068359],[10.479809596191899,48.70698587855756],[10.487009740194793,48.69683042536849],[10.494209884197659,48.68667497217942],[10.465409308186139,48.66974921686432],[10.45100902018038,48.666364065801304],[10.4078081561631,48.65959376367525],[10.4078081561631,48.666364065801304],[10.42220844416886,48.67990467005339],[10.43660873217462,48.68667497217942],[10.43660873217462,48.69006012324246],[10.43660873217462,48.693445274305475],[10.43660873217462,48.69683042536849],[10.429408588171754,48.69683042536849],[10.415008300165994,48.7002155764315],[10.4078081561631,48.69683042536849],[10.39340786815734,48.69006012324246],[10.39340786815734,48.68667497217942],[10.39340786815734,48.67990467005339],[10.386207724154474,48.666364065801304],[10.36460729214582,48.65282346154922],[10.35020700414006,48.65282346154922],[10.35020700414006,48.666364065801304],[10.35020700414006,48.676519518990375],[10.343006860137194,48.67990467005339],[10.3358067161343,48.68667497217942],[10.3358067161343,48.69006012324246],[10.328606572131434,48.69006012324246],[10.30700614012278,48.68667497217942],[10.29260585211702,48.693445274305475],[10.27820556411126,48.7002155764315],[10.271005420108366,48.703600727494546],[10.256605132102607,48.67990467005339],[10.256605132102607,48.666364065801304],[10.256605132102607,48.66297891473829],[10.271005420108366,48.64605315942316],[10.29260585211702,48.62912740410806],[10.32140642812854,48.60881649772995],[10.32140642812854,48.605431346666904],[10.30700614012278,48.605431346666904],[10.299805996119915,48.605431346666904],[10.29260585211702,48.588505591351804],[10.30700614012278,48.581735289225776],[10.30700614012278,48.57835013816273],[10.314206284125675,48.554654080721605],[10.314206284125675,48.52757287221743],[10.314206284125675,48.52418772115442],[10.299805996119915,48.51741741902836],[10.27820556411126,48.51741741902836],[10.227804556091087,48.510647116902334],[10.235004700093981,48.50387681477628],[10.242204844096847,48.49033621052419],[10.235004700093981,48.48695105946118],[10.220604412088221,48.48695105946118],[10.184603692073807,48.476795606272105],[10.177403548070941,48.47002530414608],[10.155803116062287,48.459869850957006],[10.134202684053662,48.45648469989399],[10.127002540050768,48.45648469989399],[10.119802396047902,48.47002530414608],[10.098201964039248,48.47002530414608],[10.083801676033488,48.46325500202002],[10.069401388027728,48.459869850957006],[10.062201244024862,48.45648469989399],[10.055001100021968,48.45648469989399],[10.033400668013343,48.45648469989399],[10.033400668013343,48.45309954883095],[10.026200524010449,48.43617379351585],[10.026200524010449,48.42263318926376],[9.990199803996063,48.39555198075959],[9.968599371987409,48.37862622544449],[9.968599371987409,48.37524107438148],[9.968599371987409,48.37185592331846],[9.975799515990303,48.36170047012939],[9.982999659993169,48.36170047012939],[9.982999659993169,48.36847077225542],[9.990199803996063,48.37185592331846],[9.990199803996063,48.36847077225542],[9.997399947998929,48.36170047012939],[9.997399947998929,48.35154501694032],[10.011800236004689,48.33123411056221],[10.047800956019103,48.293997448868964],[10.062201244024862,48.27030139142781],[10.062201244024862,48.25676078717572],[10.062201244024862,48.243220182923636],[10.062201244024862,48.233064729734565],[10.069401388027728,48.22290927654552],[10.083801676033488,48.19244291697834],[10.098201964039248,48.16197655741112],[10.098201964039248,48.15182110422208],[10.112602252045008,48.12812504678092],[10.112602252045008,48.121354744654866],[10.119802396047902,48.121354744654866],[10.134202684053662,48.10781414040278],[10.134202684053662,48.104428989339766],[10.141402828056528,48.094273536150695],[10.141402828056528,48.07396262977258],[10.141402828056528,48.06380717658351],[10.141402828056528,48.05703687445748],[10.141402828056528,48.05365172339444],[10.141402828056528,48.050266572331424],[10.134202684053662,48.04011111914235],[10.134202684053662,48.03672596807934],[10.127002540050768,48.03672596807934],[10.127002540050768,48.033340817016324],[10.127002540050768,48.02995566595331],[10.134202684053662,48.02318536382725],[10.134202684053662,48.01302991063821],[10.127002540050768,48.00964475957517],[10.119802396047902,48.00287445744914],[10.112602252045008,47.98933385319705],[10.112602252045008,47.97579324894497],[10.105402108042142,47.97579324894497],[10.098201964039248,47.97240809788195],[10.091001820036382,47.97240809788195],[10.091001820036382,47.96902294681891],[10.091001820036382,47.965637795755896],[10.083801676033488,47.965637795755896],[10.083801676033488,47.96225264469288],[10.083801676033488,47.95209719150381],[10.091001820036382,47.95209719150381],[10.091001820036382,47.948712040440796],[10.091001820036382,47.94532688937778],[10.098201964039248,47.94532688937778],[10.098201964039248,47.94194173831474],[10.112602252045008,47.938556587251725],[10.112602252045008,47.93517143618871],[10.105402108042142,47.88439417024338],[10.083801676033488,47.8708535659913],[10.112602252045008,47.84038720642411],[10.127002540050768,47.82346145110901],[10.134202684053662,47.820076300046],[10.134202684053662,47.81330599791994],[10.112602252045008,47.80653569579391],[10.083801676033488,47.79638024260484],[10.069401388027728,47.78960994047878],[10.076601532030622,47.77945448728974],[10.083801676033488,47.77268418516368],[10.119802396047902,47.76252873197461],[10.119802396047902,47.7591435809116],[10.119802396047902,47.74898812772253],[10.112602252045008,47.7422178255965],[10.119802396047902,47.721906919218355],[10.119802396047902,47.71852176815534],[10.119802396047902,47.71513661709233],[10.119802396047902,47.71175146602931],[10.127002540050768,47.71175146602931],[10.127002540050768,47.70836631496627],[10.134202684053662,47.70836631496627],[10.141402828056528,47.704981163903255],[10.141402828056528,47.69821086177723],[10.127002540050768,47.677899955399084],[10.119802396047902,47.67451480433607],[10.112602252045008,47.66774450221004],[10.091001820036382,47.664359351147],[10.076601532030622,47.654203897957956],[10.076601532030622,47.64066329370587],[10.069401388027728,47.644048444768885],[10.069401388027728,47.65081874689491],[10.076601532030622,47.65758904902097],[10.062201244024862,47.67451480433607],[10.062201244024862,47.6812851064621],[10.026200524010449,47.68467025752514],[10.004600092001823,47.6812851064621],[9.990199803996063,47.67451480433607],[9.982999659993169,47.66774450221004],[9.975799515990303,47.660974200083984],[9.975799515990303,47.65758904902097],[9.968599371987409,47.654203897957956],[9.961399227984543,47.65081874689491],[9.932598651973024,47.654203897957956],[9.92539850797013,47.654203897957956],[9.89659793195861,47.664359351147],[9.889397787955744,47.66774450221004],[9.88219764395285,47.66774450221004],[9.88219764395285,47.671129653273056],[9.88219764395285,47.67451480433607],[9.874997499949984,47.67451480433607],[9.85339706794133,47.677899955399084],[9.846196923938464,47.677899955399084],[9.831796635932704,47.67451480433607],[9.831796635932704,47.671129653273056],[9.831796635932704,47.66774450221004],[9.82459649192981,47.660974200083984],[9.82459649192981,47.65758904902097],[9.817396347926945,47.65081874689491],[9.745394907898145,47.60342663201263],[9.709394187883731,47.60004148094961],[9.702194043880866,47.60342663201263],[9.694993899877971,47.60681178307564],[9.694993899877971,47.610196934138656],[9.658993179863586,47.6135820852017],[9.658993179863586,47.610196934138656],[9.637392747854932,47.60004148094961],[9.630192603852066,47.59327117882356],[9.601392027840546,47.583115725634485]]]}},{"type":"Feature","properties":{"name":"Bayern","cartodb_id":8,"created_at":"2013-11-30T06:05:29+0100","updated_at":"2013-11-30T06:05:29+0100"},"geometry":{"type":"Polygon","coordinates":[[[9.630192603852066,47.59327117882356],[9.637392747854932,47.60004148094961],[9.658993179863586,47.610196934138656],[9.658993179863586,47.6135820852017],[9.694993899877971,47.610196934138656],[9.694993899877971,47.60681178307564],[9.702194043880866,47.60342663201263],[9.709394187883731,47.60004148094961],[9.745394907898145,47.60342663201263],[9.817396347926945,47.65081874689491],[9.82459649192981,47.65758904902097],[9.82459649192981,47.660974200083984],[9.831796635932704,47.66774450221004],[9.831796635932704,47.671129653273056],[9.831796635932704,47.67451480433607],[9.846196923938464,47.677899955399084],[9.85339706794133,47.677899955399084],[9.874997499949984,47.67451480433607],[9.88219764395285,47.67451480433607],[9.88219764395285,47.671129653273056],[9.88219764395285,47.66774450221004],[9.889397787955744,47.66774450221004],[9.89659793195861,47.664359351147],[9.92539850797013,47.654203897957956],[9.932598651973024,47.654203897957956],[9.961399227984543,47.65081874689491],[9.968599371987409,47.654203897957956],[9.975799515990303,47.65758904902097],[9.975799515990303,47.660974200083984],[9.982999659993169,47.66774450221004],[9.990199803996063,47.67451480433607],[10.004600092001823,47.6812851064621],[10.026200524010449,47.68467025752514],[10.062201244024862,47.6812851064621],[10.062201244024862,47.67451480433607],[10.076601532030622,47.65758904902097],[10.069401388027728,47.65081874689491],[10.069401388027728,47.644048444768885],[10.076601532030622,47.64066329370587],[10.076601532030622,47.654203897957956],[10.091001820036382,47.664359351147],[10.112602252045008,47.66774450221004],[10.119802396047902,47.67451480433607],[10.127002540050768,47.677899955399084],[10.141402828056528,47.69821086177723],[10.141402828056528,47.704981163903255],[10.134202684053662,47.70836631496627],[10.127002540050768,47.70836631496627],[10.127002540050768,47.71175146602931],[10.119802396047902,47.71175146602931],[10.119802396047902,47.71513661709233],[10.119802396047902,47.71852176815534],[10.119802396047902,47.721906919218355],[10.112602252045008,47.7422178255965],[10.119802396047902,47.74898812772253],[10.119802396047902,47.7591435809116],[10.119802396047902,47.76252873197461],[10.083801676033488,47.77268418516368],[10.076601532030622,47.77945448728974],[10.069401388027728,47.78960994047878],[10.083801676033488,47.79638024260484],[10.112602252045008,47.80653569579391],[10.134202684053662,47.81330599791994],[10.134202684053662,47.820076300046],[10.127002540050768,47.82346145110901],[10.112602252045008,47.84038720642411],[10.083801676033488,47.8708535659913],[10.105402108042142,47.88439417024338],[10.112602252045008,47.93517143618871],[10.112602252045008,47.938556587251725],[10.098201964039248,47.94194173831474],[10.098201964039248,47.94532688937778],[10.091001820036382,47.94532688937778],[10.091001820036382,47.948712040440796],[10.091001820036382,47.95209719150381],[10.083801676033488,47.95209719150381],[10.083801676033488,47.96225264469288],[10.083801676033488,47.965637795755896],[10.091001820036382,47.965637795755896],[10.091001820036382,47.96902294681891],[10.091001820036382,47.97240809788195],[10.098201964039248,47.97240809788195],[10.105402108042142,47.97579324894497],[10.112602252045008,47.97579324894497],[10.112602252045008,47.98933385319705],[10.119802396047902,48.00287445744914],[10.127002540050768,48.00964475957517],[10.134202684053662,48.01302991063821],[10.134202684053662,48.02318536382725],[10.127002540050768,48.02995566595331],[10.127002540050768,48.033340817016324],[10.127002540050768,48.03672596807934],[10.134202684053662,48.03672596807934],[10.134202684053662,48.04011111914235],[10.141402828056528,48.050266572331424],[10.141402828056528,48.05365172339444],[10.141402828056528,48.05703687445748],[10.141402828056528,48.06380717658351],[10.141402828056528,48.07396262977258],[10.141402828056528,48.094273536150695],[10.134202684053662,48.104428989339766],[10.134202684053662,48.10781414040278],[10.119802396047902,48.121354744654866],[10.112602252045008,48.121354744654866],[10.112602252045008,48.12812504678092],[10.098201964039248,48.15182110422208],[10.098201964039248,48.16197655741112],[10.083801676033488,48.19244291697834],[10.069401388027728,48.22290927654552],[10.062201244024862,48.233064729734565],[10.062201244024862,48.243220182923636],[10.062201244024862,48.25676078717572],[10.062201244024862,48.27030139142781],[10.047800956019103,48.293997448868964],[10.011800236004689,48.33123411056221],[9.997399947998929,48.35154501694032],[9.997399947998929,48.36170047012939],[9.990199803996063,48.36847077225542],[9.990199803996063,48.37185592331846],[9.982999659993169,48.36847077225542],[9.982999659993169,48.36170047012939],[9.975799515990303,48.36170047012939],[9.968599371987409,48.37185592331846],[9.968599371987409,48.37524107438148],[9.968599371987409,48.37862622544449],[9.990199803996063,48.39555198075959],[10.026200524010449,48.42263318926376],[10.026200524010449,48.43617379351585],[10.033400668013343,48.45309954883095],[10.033400668013343,48.45648469989399],[10.055001100021968,48.45648469989399],[10.062201244024862,48.45648469989399],[10.069401388027728,48.459869850957006],[10.083801676033488,48.46325500202002],[10.098201964039248,48.47002530414608],[10.119802396047902,48.47002530414608],[10.127002540050768,48.45648469989399],[10.134202684053662,48.45648469989399],[10.155803116062287,48.459869850957006],[10.177403548070941,48.47002530414608],[10.184603692073807,48.476795606272105],[10.220604412088221,48.48695105946118],[10.235004700093981,48.48695105946118],[10.242204844096847,48.49033621052419],[10.235004700093981,48.50387681477628],[10.227804556091087,48.510647116902334],[10.27820556411126,48.51741741902836],[10.299805996119915,48.51741741902836],[10.314206284125675,48.52418772115442],[10.314206284125675,48.52757287221743],[10.314206284125675,48.554654080721605],[10.30700614012278,48.57835013816273],[10.30700614012278,48.581735289225776],[10.29260585211702,48.588505591351804],[10.299805996119915,48.605431346666904],[10.30700614012278,48.605431346666904],[10.32140642812854,48.605431346666904],[10.32140642812854,48.60881649772995],[10.29260585211702,48.62912740410806],[10.271005420108366,48.64605315942316],[10.256605132102607,48.66297891473829],[10.256605132102607,48.666364065801304],[10.256605132102607,48.67990467005339],[10.271005420108366,48.703600727494546],[10.27820556411126,48.7002155764315],[10.29260585211702,48.693445274305475],[10.30700614012278,48.68667497217942],[10.328606572131434,48.69006012324246],[10.3358067161343,48.69006012324246],[10.3358067161343,48.68667497217942],[10.343006860137194,48.67990467005339],[10.35020700414006,48.676519518990375],[10.35020700414006,48.666364065801304],[10.35020700414006,48.65282346154922],[10.36460729214582,48.65282346154922],[10.386207724154474,48.666364065801304],[10.39340786815734,48.67990467005339],[10.39340786815734,48.68667497217942],[10.39340786815734,48.69006012324246],[10.4078081561631,48.69683042536849],[10.415008300165994,48.7002155764315],[10.429408588171754,48.69683042536849],[10.43660873217462,48.69683042536849],[10.43660873217462,48.693445274305475],[10.43660873217462,48.69006012324246],[10.43660873217462,48.68667497217942],[10.42220844416886,48.67990467005339],[10.4078081561631,48.666364065801304],[10.4078081561631,48.65959376367525],[10.45100902018038,48.666364065801304],[10.465409308186139,48.66974921686432],[10.494209884197659,48.68667497217942],[10.487009740194793,48.69683042536849],[10.479809596191899,48.70698587855756],[10.472609452189033,48.71375618068359],[10.465409308186139,48.720526482809646],[10.43660873217462,48.737452238124746],[10.42220844416886,48.744222540250775],[10.42220844416886,48.74760769131382],[10.415008300165994,48.74760769131382],[10.42220844416886,48.771303748754946],[10.429408588171754,48.771303748754946],[10.43660873217462,48.77468889981799],[10.45100902018038,48.8119255615112],[10.45100902018038,48.859317676393516],[10.458209164183273,48.91686524446487],[10.458209164183273,48.92025039552789],[10.45100902018038,48.93717615084299],[10.443808876177513,48.943946452969044],[10.42220844416886,48.960872208284144],[10.4078081561631,48.9676425104102],[10.400608012160234,48.9676425104102],[10.400608012160234,48.97441281253623],[10.4078081561631,48.977797963599244],[10.37900758015158,48.998108869977386],[10.35020700414006,49.02857522954457],[10.3358067161343,49.031960380607586],[10.2638052761055,49.04550098485967],[10.24940498809974,49.03873068273364],[10.24940498809974,49.04211583379666],[10.24940498809974,49.048886135922714],[10.256605132102607,49.05904158911176],[10.2638052761055,49.0624267401748],[10.24940498809974,49.092893099741985],[10.235004700093981,49.092893099741985],[10.227804556091087,49.08950794867894],[10.213404268085327,49.092893099741985],[10.206204124082461,49.096278250805],[10.206204124082461,49.099663401868014],[10.227804556091087,49.11997430824616],[10.24940498809974,49.126744610372185],[10.256605132102607,49.1301297614352],[10.256605132102607,49.13690006356126],[10.24940498809974,49.14705551675033],[10.227804556091087,49.16059612100241],[10.155803116062287,49.19444763163261],[10.141402828056528,49.19444763163261],[10.127002540050768,49.19444763163261],[10.127002540050768,49.20121793375867],[10.119802396047902,49.248610048640955],[10.134202684053662,49.26215065289304],[10.148602972059422,49.26892095501907],[10.155803116062287,49.27907640820814],[10.141402828056528,49.2858467103342],[10.141402828056528,49.29261701246023],[10.134202684053662,49.29600216352324],[10.134202684053662,49.3027724656493],[10.134202684053662,49.30615761671231],[10.148602972059422,49.31631306990138],[10.141402828056528,49.3196982209644],[10.141402828056528,49.326468523090455],[10.119802396047902,49.326468523090455],[10.112602252045008,49.32985367415347],[10.105402108042142,49.34000912734254],[10.105402108042142,49.343394278405555],[10.105402108042142,49.3806309400988],[10.112602252045008,49.38401609116181],[10.127002540050768,49.387401242224826],[10.141402828056528,49.38401609116181],[10.163003260065182,49.39078639328784],[10.163003260065182,49.39417154435088],[10.134202684053662,49.438178508170154],[10.119802396047902,49.44156365923317],[10.112602252045008,49.438178508170154],[10.091001820036382,49.44494881029618],[10.098201964039248,49.455104263485254],[10.105402108042142,49.46187456561128],[10.119802396047902,49.47203001880035],[10.112602252045008,49.47880032092641],[10.119802396047902,49.50249637836754],[10.083801676033488,49.51265183155661],[10.076601532030622,49.51942213368267],[10.076601532030622,49.526192435808696],[10.091001820036382,49.52957758687171],[10.083801676033488,49.543118191123796],[10.069401388027728,49.543118191123796],[10.040600812016208,49.52957758687171],[10.040600812016208,49.526192435808696],[10.047800956019103,49.51942213368267],[10.062201244024862,49.51942213368267],[10.019000380007583,49.48557062305244],[10.011800236004689,49.482185471989425],[9.95419908398165,49.482185471989425],[9.932598651973024,49.48557062305244],[9.91099821996437,49.492340925178496],[9.918198363967264,49.499111227304525],[9.92539850797013,49.50588152943058],[9.92539850797013,49.509266680493596],[9.92539850797013,49.53634788899777],[9.92539850797013,49.54988849324985],[9.92539850797013,49.560043946438924],[9.91099821996437,49.58374000388005],[9.89659793195861,49.587125154943095],[9.874997499949984,49.576969701754024],[9.86779735594709,49.56681424856495],[9.86779735594709,49.55665879537588],[9.860597211944224,49.54650334218684],[9.846196923938464,49.54650334218684],[9.81019620392405,49.55665879537588],[9.83899677993557,49.57019939962797],[9.846196923938464,49.576969701754024],[9.86779735594709,49.60743606132121],[9.86779735594709,49.620976665573295],[9.86779735594709,49.62436181663631],[9.860597211944224,49.62774696769932],[9.85339706794133,49.64467272301445],[9.83899677993557,49.64467272301445],[9.831796635932704,49.648057874077466],[9.82459649192981,49.664983629392566],[9.82459649192981,49.67175393151862],[9.831796635932704,49.67852423364465],[9.831796635932704,49.681909384707666],[9.83899677993557,49.681909384707666],[9.831796635932704,49.70222029108581],[9.79579591591829,49.725916348526965],[9.788595771915425,49.72930149958998],[9.76699533990677,49.71914604640091],[9.752595051901011,49.70899059321184],[9.752595051901011,49.70222029108581],[9.752595051901011,49.698835140022794],[9.752595051901011,49.69544998895975],[9.738194763895251,49.68867968683372],[9.730994619892385,49.68867968683372],[9.716594331886625,49.70899059321184],[9.716594331886625,49.71237574427488],[9.716594331886625,49.71914604640091],[9.709394187883731,49.725916348526965],[9.680593611872212,49.715760895337894],[9.673393467869346,49.70222029108581],[9.673393467869346,49.69206483789674],[9.651793035860692,49.68867968683372],[9.630192603852066,49.698835140022794],[9.622992459849172,49.70222029108581],[9.622992459849172,49.70560544214882],[9.630192603852066,49.715760895337894],[9.637392747854932,49.732686650652994],[9.637392747854932,49.75299755703114],[9.637392747854932,49.75638270809415],[9.644592891857826,49.776693614472265],[9.651793035860692,49.78007876553531],[9.651793035860692,49.79023421872435],[9.637392747854932,49.786849067661336],[9.622992459849172,49.78346391659832],[9.550991019820373,49.76315301022018],[9.522190443808853,49.759767859157165],[9.514990299805987,49.759767859157165],[9.514990299805987,49.76315301022018],[9.514990299805987,49.76653816128322],[9.507790155803093,49.76653816128322],[9.507790155803093,49.769923312346236],[9.507790155803093,49.77330846340925],[9.514990299805987,49.776693614472265],[9.514990299805987,49.78007876553531],[9.514990299805987,49.78346391659832],[9.507790155803093,49.78346391659832],[9.507790155803093,49.786849067661336],[9.500590011800227,49.786849067661336],[9.486189723794467,49.786849067661336],[9.478989579791573,49.786849067661336],[9.478989579791573,49.78346391659832],[9.471789435788708,49.78007876553531],[9.464589291785813,49.769923312346236],[9.442988859777188,49.77330846340925],[9.406988139762774,49.78007876553531],[9.406988139762774,49.776693614472265],[9.392587851757014,49.769923312346236],[9.363787275745494,49.769923312346236],[9.320586411728215,49.769923312346236],[9.320586411728215,49.76653816128322],[9.31338626772532,49.76653816128322],[9.291785835716695,49.73945695277905],[9.29898597971956,49.73945695277905],[9.320586411728215,49.732686650652994],[9.32778655573108,49.732686650652994],[9.334986699733975,49.732686650652994],[9.34218684373684,49.73607180171601],[9.363787275745494,49.732686650652994],[9.37098741974836,49.72930149958998],[9.37098741974836,49.725916348526965],[9.363787275745494,49.72253119746392],[9.349386987739734,49.72253119746392],[9.349386987739734,49.71914604640091],[9.34218684373684,49.715760895337894],[9.349386987739734,49.70560544214882],[9.3565871317426,49.70560544214882],[9.37098741974836,49.70222029108581],[9.37098741974836,49.70560544214882],[9.378187563751254,49.70560544214882],[9.38538770775412,49.70560544214882],[9.38538770775412,49.70899059321184],[9.378187563751254,49.725916348526965],[9.38538770775412,49.72930149958998],[9.39978799575988,49.72930149958998],[9.41418828376564,49.71237574427488],[9.421388427768534,49.69544998895975],[9.421388427768534,49.69206483789674],[9.421388427768534,49.68867968683372],[9.406988139762774,49.681909384707666],[9.406988139762774,49.67852423364465],[9.39978799575988,49.67513908258164],[9.39978799575988,49.67175393151862],[9.39978799575988,49.66836878045558],[9.406988139762774,49.66159847832955],[9.41418828376564,49.66159847832955],[9.421388427768534,49.65821332726654],[9.41418828376564,49.65144302514048],[9.406988139762774,49.64467272301445],[9.38538770775412,49.64467272301445],[9.349386987739734,49.648057874077466],[9.320586411728215,49.65144302514048],[9.29898597971956,49.648057874077466],[9.277385547710935,49.637902420888395],[9.270185403708041,49.631132118762366],[9.270185403708041,49.62774696769932],[9.2845856917138,49.61759151451028],[9.2845856917138,49.61420636344724],[9.248584971699415,49.58374000388005],[9.241384827696521,49.58035485281704],[9.212584251685001,49.576969701754024],[9.190983819676376,49.57358455069101],[9.183783675673482,49.57358455069101],[9.176583531670616,49.576969701754024],[9.162183243664856,49.58035485281704],[9.154983099661962,49.58035485281704],[9.111782235644682,49.58035485281704],[9.104582091641817,49.576969701754024],[9.090181803636057,49.59728060813214],[9.082981659633163,49.60066575919518],[9.075781515630297,49.60066575919518],[9.068581371627403,49.60066575919518],[9.068581371627403,49.604050910258195],[9.068581371627403,49.61759151451028],[9.068581371627403,49.62436181663631],[9.082981659633163,49.631132118762366],[9.082981659633163,49.63451726982538],[9.090181803636057,49.63451726982538],[9.104582091641817,49.64128757195141],[9.104582091641817,49.65821332726654],[9.104582091641817,49.66159847832955],[9.090181803636057,49.66836878045558],[9.090181803636057,49.67175393151862],[9.090181803636057,49.68867968683372],[9.090181803636057,49.69206483789674],[9.090181803636057,49.69544998895975],[9.126182523650442,49.70560544214882],[9.147782955659096,49.742842103842065],[9.147782955659096,49.74622725490508],[9.126182523650442,49.75638270809415],[9.111782235644682,49.75638270809415],[9.104582091641817,49.759767859157165],[9.111782235644682,49.77330846340925],[9.126182523650442,49.776693614472265],[9.133382667653336,49.78007876553531],[9.133382667653336,49.78346391659832],[9.133382667653336,49.79700452085041],[9.104582091641817,49.79700452085041],[9.104582091641817,49.793619369787365],[9.097381947638922,49.79023421872435],[9.090181803636057,49.79023421872435],[9.090181803636057,49.80038967191342],[9.082981659633163,49.81393027616551],[9.068581371627403,49.83085603148061],[9.061381227624537,49.83085603148061],[9.061381227624537,49.83424118254362],[9.039780795615883,49.84101148466968],[9.039780795615883,49.84439663573269],[9.046980939618777,49.85116693785875],[9.039780795615883,49.854552088921764],[9.032580651613017,49.85793723998478],[9.032580651613017,49.864707542110835],[9.032580651613017,49.86809269317385],[9.039780795615883,49.86809269317385],[9.046980939618777,49.864707542110835],[9.046980939618777,49.871477844236864],[9.039780795615883,49.89178875061501],[9.032580651613017,49.90871450593011],[9.018180363607257,49.976417527190534],[9.018180363607257,49.98657298037958],[9.018180363607257,49.98995813144262],[9.025380507610123,49.99672843356865],[9.032580651613017,50.003498735694706],[9.032580651613017,50.037350246324905],[9.032580651613017,50.04073539738792],[9.025380507610123,50.04073539738792],[9.025380507610123,50.04412054845096],[9.018180363607257,50.04412054845096],[9.010980219604363,50.04412054845096],[9.003780075601497,50.04412054845096],[8.996579931598603,50.04412054845096],[8.996579931598603,50.04073539738792],[8.989379787595738,50.04073539738792],[8.982179643592843,50.04073539738792],[8.982179643592843,50.04412054845096],[8.974979499589978,50.04412054845096],[8.974979499589978,50.04750569951398],[8.974979499589978,50.05089085057699],[8.989379787595738,50.06781660589209],[8.996579931598603,50.07458690801815],[8.996579931598603,50.081357210144176],[8.996579931598603,50.09151266333325],[9.010980219604363,50.10505326758533],[9.010980219604363,50.10843841864835],[9.018180363607257,50.11182356971139],[9.025380507610123,50.11182356971139],[9.046980939618777,50.115208720774405],[9.068581371627403,50.115208720774405],[9.075781515630297,50.115208720774405],[9.090181803636057,50.11859387183742],[9.097381947638922,50.125364173963476],[9.118982379647576,50.125364173963476],[9.126182523650442,50.125364173963476],[9.133382667653336,50.12197902290043],[9.147782955659096,50.115208720774405],[9.147782955659096,50.10505326758533],[9.162183243664856,50.10166811652232],[9.169383387667722,50.11859387183742],[9.183783675673482,50.13551962715252],[9.212584251685001,50.14567508034159],[9.226984539690761,50.149060231404604],[9.277385547710935,50.142289929278576],[9.2845856917138,50.142289929278576],[9.31338626772532,50.13551962715252],[9.34218684373684,50.132134476089504],[9.37098741974836,50.132134476089504],[9.378187563751254,50.12874932502649],[9.38538770775412,50.11859387183742],[9.38538770775412,50.10843841864835],[9.392587851757014,50.09489781439626],[9.39978799575988,50.09489781439626],[9.39978799575988,50.09151266333325],[9.406988139762774,50.08812751227023],[9.41418828376564,50.08474236120722],[9.4285885717714,50.08474236120722],[9.435788715774294,50.08474236120722],[9.442988859777188,50.08812751227023],[9.478989579791573,50.09489781439626],[9.500590011800227,50.09489781439626],[9.507790155803093,50.09489781439626],[9.514990299805987,50.09489781439626],[9.522190443808853,50.10505326758533],[9.522190443808853,50.11182356971139],[9.522190443808853,50.115208720774405],[9.514990299805987,50.12197902290043],[9.507790155803093,50.132134476089504],[9.507790155803093,50.14567508034159],[9.507790155803093,50.16937113778275],[9.507790155803093,50.19645234628692],[9.507790155803093,50.19983749734993],[9.500590011800227,50.21337810160202],[9.493389867797333,50.226918705854104],[9.500590011800227,50.24045931010619],[9.500590011800227,50.2438444611692],[9.514990299805987,50.23368900798013],[9.529390587811747,50.23368900798013],[9.572591451829027,50.23368900798013],[9.579791595831892,50.226918705854104],[9.579791595831892,50.22353355479109],[9.579791595831892,50.22014840372805],[9.608592171843412,50.22014840372805],[9.615792315846306,50.22014840372805],[9.622992459849172,50.22353355479109],[9.622992459849172,50.226918705854104],[9.622992459849172,50.23030385691712],[9.637392747854932,50.23368900798013],[9.637392747854932,50.25061476329526],[9.666193323866452,50.270925669673375],[9.687793755875106,50.27769597179943],[9.694993899877971,50.27769597179943],[9.702194043880866,50.281081122862446],[9.730994619892385,50.298006878177546],[9.738194763895251,50.30139202924056],[9.745394907898145,50.31154748242963],[9.745394907898145,50.314932633492646],[9.745394907898145,50.3386286909338],[9.745394907898145,50.34201384199682],[9.745394907898145,50.34539899305983],[9.730994619892385,50.3555544462489],[9.745394907898145,50.36232474837496],[9.745394907898145,50.365709899437974],[9.752595051901011,50.382635654753074],[9.752595051901011,50.38602080581609],[9.759795195903905,50.40633171219423],[9.752595051901011,50.4164871653833],[9.759795195903905,50.42325746750933],[9.759795195903905,50.426642618572345],[9.76699533990677,50.426642618572345],[9.774195483909665,50.42325746750933],[9.78139562791253,50.419872316446316],[9.788595771915425,50.426642618572345],[9.79579591591829,50.426642618572345],[9.802996059921185,50.42325746750933],[9.81019620392405,50.42325746750933],[9.81019620392405,50.419872316446316],[9.81019620392405,50.41310201432026],[9.82459649192981,50.40633171219423],[9.860597211944224,50.39617625900516],[9.88219764395285,50.39956141006817],[9.903798075961504,50.402946561131216],[9.918198363967264,50.41310201432026],[9.92539850797013,50.41310201432026],[9.932598651973024,50.419872316446316],[9.961399227984543,50.43002776963539],[9.975799515990303,50.44356837388747],[9.997399947998929,50.46049412920257],[10.019000380007583,50.4672644313286],[10.019000380007583,50.470649582391644],[10.033400668013343,50.49096048876976],[10.040600812016208,50.50111594195883],[10.040600812016208,50.51804169727393],[10.047800956019103,50.51804169727393],[10.069401388027728,50.528197150463],[10.069401388027728,50.531582301526015],[10.091001820036382,50.548508056841115],[10.098201964039248,50.55527835896717],[10.098201964039248,50.558663510030186],[10.105402108042142,50.5620486610932],[10.119802396047902,50.565433812156215],[10.127002540050768,50.5620486610932],[10.127002540050768,50.558663510030186],[10.127002540050768,50.55189320790413],[10.127002540050768,50.548508056841115],[10.141402828056528,50.541737754715086],[10.148602972059422,50.541737754715086],[10.148602972059422,50.548508056841115],[10.148602972059422,50.55189320790413],[10.191803836076701,50.55527835896717],[10.199003980079567,50.55527835896717],[10.206204124082461,50.55527835896717],[10.235004700093981,50.531582301526015],[10.242204844096847,50.514656546210915],[10.30700614012278,50.49434563983277],[10.328606572131434,50.49434563983277],[10.343006860137194,50.48419018664373],[10.35020700414006,50.46049412920257],[10.36460729214582,50.44695352495049],[10.39340786815734,50.43002776963539],[10.386207724154474,50.409716863257245],[10.386207724154474,50.402946561131216],[10.386207724154474,50.39956141006817],[10.39340786815734,50.39617625900516],[10.42220844416886,50.392791107942145],[10.43660873217462,50.39617625900516],[10.43660873217462,50.39956141006817],[10.43660873217462,50.402946561131216],[10.443808876177513,50.402946561131216],[10.45100902018038,50.402946561131216],[10.458209164183273,50.38940595687913],[10.472609452189033,50.372480201564],[10.501410028200553,50.35893959731192],[10.515810316206313,50.35216929518589],[10.515810316206313,50.348784144122874],[10.523010460209179,50.3555544462489],[10.551811036220698,50.3555544462489],[10.566211324226458,50.3386286909338],[10.573411468229352,50.3386286909338],[10.602212044240872,50.33524353987079],[10.602212044240872,50.30139202924056],[10.595011900237978,50.27769597179943],[10.587811756235112,50.270925669673375],[10.602212044240872,50.2438444611692],[10.609412188243738,50.226918705854104],[10.609412188243738,50.22353355479109],[10.638212764255258,50.22353355479109],[10.659813196263912,50.226918705854104],[10.674213484269671,50.22353355479109],[10.688613772275431,50.22014840372805],[10.695813916278297,50.21337810160202],[10.717414348286951,50.20322264841295],[10.724614492289817,50.20660779947596],[10.731814636292711,50.21337810160202],[10.731814636292711,50.23030385691712],[10.724614492289817,50.23030385691712],[10.724614492289817,50.24722961223222],[10.724614492289817,50.25061476329526],[10.731814636292711,50.25061476329526],[10.74621492429847,50.24722961223222],[10.74621492429847,50.2438444611692],[10.767815356307096,50.24045931010619],[10.825416508330136,50.237074159043175],[10.83261665233303,50.24045931010619],[10.84701694033879,50.2438444611692],[10.854217084341656,50.253999914358275],[10.84701694033879,50.264155367547346],[10.84701694033879,50.270925669673375],[10.839816796335896,50.27431082073639],[10.83261665233303,50.27431082073639],[10.80381607632151,50.27769597179943],[10.767815356307096,50.29462172711453],[10.717414348286951,50.3217029356187],[10.710214204284057,50.3555544462489],[10.717414348286951,50.36232474837496],[10.739014780295577,50.36232474837496],[10.74621492429847,50.35893959731192],[10.753415068301337,50.35893959731192],[10.76061521230423,50.35893959731192],[10.77501550030999,50.372480201564],[10.782215644312856,50.37925050369006],[10.78941578831575,50.38602080581609],[10.86141722834455,50.38602080581609],[10.897417948358935,50.38602080581609],[10.911818236364695,50.38602080581609],[10.93341866837335,50.392791107942145],[10.940618812376215,50.392791107942145],[10.947818956379109,50.38602080581609],[10.947818956379109,50.382635654753074],[10.955019100381975,50.375865352627045],[10.955019100381975,50.36909505050099],[10.983819676393495,50.35216929518589],[10.991019820396389,50.3555544462489],[10.991019820396389,50.365709899437974],[11.005420108402149,50.365709899437974],[11.034220684413668,50.36232474837496],[11.041420828416534,50.35216929518589],[11.034220684413668,50.35216929518589],[11.034220684413668,50.34539899305983],[11.041420828416534,50.34539899305983],[11.084621692433814,50.3555544462489],[11.091821836436708,50.365709899437974],[11.099021980439574,50.36909505050099],[11.113422268445333,50.36909505050099],[11.113422268445333,50.365709899437974],[11.135022700453987,50.348784144122874],[11.156623132462613,50.331858388807746],[11.156623132462613,50.32847323774473],[11.156623132462613,50.32508808668172],[11.149422988459747,50.3217029356187],[11.142222844456853,50.31831778455566],[11.135022700453987,50.31154748242963],[11.135022700453987,50.3047771803036],[11.135022700453987,50.30139202924056],[11.142222844456853,50.287851424988474],[11.149422988459747,50.28446627392546],[11.178223564471267,50.26754051861036],[11.185423708474161,50.270925669673375],[11.192623852477027,50.270925669673375],[11.192623852477027,50.281081122862446],[11.199823996479921,50.29123657605152],[11.214224284485681,50.28446627392546],[11.22862457249144,50.27769597179943],[11.250225004500066,50.26754051861036],[11.264625292505826,50.27431082073639],[11.25742514850296,50.30139202924056],[11.25742514850296,50.3217029356187],[11.264625292505826,50.3555544462489],[11.279025580511586,50.3555544462489],[11.28622572451448,50.35893959731192],[11.28622572451448,50.36232474837496],[11.279025580511586,50.37925050369006],[11.27182543650872,50.392791107942145],[11.264625292505826,50.4164871653833],[11.264625292505826,50.43002776963539],[11.264625292505826,50.4334129206984],[11.264625292505826,50.44356837388747],[11.250225004500066,50.46387928026559],[11.250225004500066,50.4672644313286],[11.2430248604972,50.470649582391644],[11.250225004500066,50.47741988451767],[11.250225004500066,50.48080503558069],[11.25742514850296,50.48080503558069],[11.264625292505826,50.48080503558069],[11.27182543650872,50.48080503558069],[11.28622572451448,50.48419018664373],[11.30062601252024,50.48419018664373],[11.322226444528866,50.49096048876976],[11.322226444528866,50.49773079089579],[11.32942658853176,50.50788624408486],[11.34382687653752,50.521426848336944],[11.365427308546145,50.521426848336944],[11.37262745254904,50.521426848336944],[11.423028460569185,50.514656546210915],[11.43022860457208,50.514656546210915],[11.43022860457208,50.51127139514787],[11.43022860457208,50.50788624408486],[11.437428748574945,50.50111594195883],[11.437428748574945,50.49773079089579],[11.437428748574945,50.49434563983277],[11.437428748574945,50.49096048876976],[11.43022860457208,50.49096048876976],[11.41582831656632,50.49434563983277],[11.41582831656632,50.470649582391644],[11.41582831656632,50.4503386760135],[11.423028460569185,50.44695352495049],[11.423028460569185,50.44356837388747],[11.423028460569185,50.44018322282443],[11.451829036580705,50.43002776963539],[11.480629612592224,50.4334129206984],[11.480629612592224,50.43002776963539],[11.495029900597984,50.39956141006817],[11.523830476609504,50.37925050369006],[11.531030620612398,50.37925050369006],[11.559831196623918,50.382635654753074],[11.567031340626784,50.38602080581609],[11.567031340626784,50.38940595687913],[11.567031340626784,50.392791107942145],[11.567031340626784,50.39617625900516],[11.574231484629678,50.39956141006817],[11.595831916638303,50.402946561131216],[11.595831916638303,50.39956141006817],[11.603032060641198,50.39956141006817],[11.617432348646958,50.38940595687913],[11.617432348646958,50.38602080581609],[11.624632492649823,50.38602080581609],[11.696633932678623,50.39956141006817],[11.739834796695902,50.409716863257245],[11.754235084701662,50.41310201432026],[11.775835516710316,50.4164871653833],[11.790235804716076,50.419872316446316],[11.797435948718942,50.419872316446316],[11.797435948718942,50.4164871653833],[11.804636092721836,50.41310201432026],[11.811836236724702,50.39956141006817],[11.819036380727596,50.392791107942145],[11.819036380727596,50.38940595687913],[11.826236524730461,50.38940595687913],[11.869437388747741,50.39956141006817],[11.876637532750635,50.409716863257245],[11.883837676753501,50.41310201432026],[11.883837676753501,50.4164871653833],[11.91263825276502,50.42325746750933],[11.919838396767915,50.42325746750933],[11.934238684773675,50.42325746750933],[11.948638972779435,50.4164871653833],[11.97023940478806,50.39617625900516],[11.977439548790954,50.38602080581609],[11.98463969279382,50.375865352627045],[11.977439548790954,50.36909505050099],[11.977439548790954,50.36232474837496],[11.977439548790954,50.35216929518589],[11.977439548790954,50.348784144122874],[11.99903998079958,50.3555544462489],[12.027840556811128,50.34201384199682],[12.027840556811128,50.3386286909338],[12.056641132822648,50.331858388807746],[12.063841276825514,50.331858388807746],[12.085441708834168,50.331858388807746],[12.092641852837033,50.331858388807746],[12.099841996839928,50.3217029356187],[12.099841996839928,50.31831778455566],[12.121442428848553,50.31154748242963],[12.121442428848553,50.30816233136662],[12.128642572851447,50.30816233136662],[12.143042860857207,50.27769597179943],[12.135842716854313,50.27431082073639],[12.128642572851447,50.270925669673375],[12.121442428848553,50.26754051861036],[12.114242284845687,50.26754051861036],[12.099841996839928,50.2607702164843],[12.092641852837033,50.25061476329526],[12.092641852837033,50.24722961223222],[12.107042140842793,50.237074159043175],[12.121442428848553,50.23368900798013],[12.135842716854313,50.23030385691712],[12.135842716854313,50.23368900798013],[12.150243004860073,50.23030385691712],[12.157443148862967,50.226918705854104],[12.164643292865833,50.22014840372805],[12.171843436868727,50.21337810160202],[12.179043580871593,50.209992950539004],[12.186243724874487,50.19983749734993],[12.200644012880247,50.18968204416086],[12.215044300886007,50.16937113778275],[12.215044300886007,50.165985986719704],[12.207844156883112,50.159215684593676],[12.200644012880247,50.149060231404604],[12.193443868877353,50.142289929278576],[12.193443868877353,50.13890477821556],[12.193443868877353,50.125364173963476],[12.200644012880247,50.11182356971139],[12.200644012880247,50.10843841864835],[12.207844156883112,50.10166811652232],[12.229444588891766,50.09489781439626],[12.236644732894632,50.09489781439626],[12.258245164903286,50.08474236120722],[12.272645452909046,50.07458690801815],[12.265445308906152,50.06781660589209],[12.258245164903286,50.06443145482908],[12.258245164903286,50.06104630376606],[12.258245164903286,50.05766115270305],[12.272645452909046,50.06104630376606],[12.279845596911912,50.054276001640005],[12.294245884917672,50.05766115270305],[12.301446028920566,50.05766115270305],[12.315846316926326,50.05089085057699],[12.330246604932086,50.03396509526189],[12.380647612952231,50.01365418888375],[12.402248044960885,50.00688388675772],[12.42384847696951,50.00011358463166],[12.459849196983924,49.993343282505634],[12.46704934098679,49.993343282505634],[12.488649772995444,49.98318782931656],[12.49584991699831,49.97303237612749],[12.49584991699831,49.96626207400146],[12.48144962899255,49.959491771875435],[12.48144962899255,49.95610662081239],[12.474249484989684,49.95610662081239],[12.474249484989684,49.94933631868636],[12.46704934098679,49.94933631868636],[12.46704934098679,49.94595116762335],[12.474249484989684,49.94595116762335],[12.48144962899255,49.93579571443428],[12.49584991699831,49.93241056337126],[12.53905078101559,49.925640261245206],[12.53905078101559,49.92225511018219],[12.546250925018484,49.92225511018219],[12.546250925018484,49.91886995911918],[12.55345106902135,49.91209965699312],[12.55345106902135,49.90871450593011],[12.55345106902135,49.90532935486709],[12.55345106902135,49.90194420380405],[12.546250925018484,49.898559052741035],[12.53905078101559,49.89178875061501],[12.517450349006964,49.86809269317385],[12.49584991699831,49.837626333606664],[12.488649772995444,49.84101148466968],[12.48144962899255,49.84101148466968],[12.474249484989684,49.837626333606664],[12.474249484989684,49.83424118254362],[12.474249484989684,49.83085603148061],[12.474249484989684,49.81731542722852],[12.474249484989684,49.79023421872435],[12.474249484989684,49.786849067661336],[12.402248044960885,49.76315301022018],[12.402248044960885,49.759767859157165],[12.402248044960885,49.75638270809415],[12.402248044960885,49.75299755703114],[12.402248044960885,49.742842103842065],[12.416648332966645,49.732686650652994],[12.43824876497527,49.70560544214882],[12.445448908978165,49.70222029108581],[12.45264905298103,49.70222029108581],[12.52465049300983,49.68529453577071],[12.531850637012724,49.66836878045558],[12.531850637012724,49.664983629392566],[12.52465049300983,49.654828176203495],[12.52465049300983,49.631132118762366],[12.531850637012724,49.61759151451028],[12.53905078101559,49.61759151451028],[12.53905078101559,49.620976665573295],[12.546250925018484,49.620976665573295],[12.55345106902135,49.620976665573295],[12.560651213024244,49.620976665573295],[12.575051501030003,49.587125154943095],[12.575051501030003,49.58374000388005],[12.56785135702711,49.57019939962797],[12.575051501030003,49.560043946438924],[12.596651933038629,49.543118191123796],[12.589451789035763,49.53973304006078],[12.589451789035763,49.53634788899777],[12.603852077041523,49.52957758687171],[12.618252365047283,49.52957758687171],[12.618252365047283,49.526192435808696],[12.625452509050149,49.526192435808696],[12.632652653053043,49.52957758687171],[12.632652653053043,49.53296273793475],[12.639852797055909,49.53296273793475],[12.639852797055909,49.52957758687171],[12.647052941058803,49.52280728474568],[12.639852797055909,49.48895577411545],[12.639852797055909,49.48557062305244],[12.632652653053043,49.47541516986337],[12.639852797055909,49.47541516986337],[12.647052941058803,49.46864486773734],[12.661453229064563,49.45171911242224],[12.661453229064563,49.44156365923317],[12.654253085061669,49.438178508170154],[12.654253085061669,49.43479335710714],[12.668653373067428,49.4314082060441],[12.683053661073188,49.42802305498108],[12.704654093081842,49.42463790391807],[12.733454669093362,49.41109729966598],[12.755055101101988,49.39417154435088],[12.762255245104882,49.38401609116181],[12.755055101101988,49.37386063797274],[12.776655533110642,49.34677942946857],[12.805456109122161,49.34000912734254],[12.87745754915096,49.33323882521648],[12.89185783715672,49.33323882521648],[12.884657693153855,49.3366239762795],[12.884657693153855,49.343394278405555],[12.87745754915096,49.343394278405555],[12.87745754915096,49.35016458053158],[12.899057981159615,49.35016458053158],[12.94945898917976,49.343394278405555],[12.971059421188414,49.33323882521648],[13.028660573211454,49.3027724656493],[13.028660573211454,49.2858467103342],[13.028660573211454,49.27907640820814],[13.03586071721432,49.265535803956055],[13.057461149222974,49.25199519970397],[13.071861437228733,49.248610048640955],[13.086261725234493,49.22829914226284],[13.107862157243119,49.204603084821684],[13.115062301246013,49.19783278269563],[13.158263165263293,49.1741367252545],[13.172663453269053,49.1741367252545],[13.179863597271918,49.16398127206543],[13.172663453269053,49.15721096993937],[13.172663453269053,49.153825818876356],[13.172663453269053,49.143670365687285],[13.179863597271918,49.13351491249824],[13.187063741274812,49.13351491249824],[13.208664173283438,49.12335945930917],[13.208664173283438,49.11997430824616],[13.215864317286332,49.11997430824616],[13.237464749294958,49.1132040061201],[13.259065181303612,49.116589157183114],[13.273465469309372,49.11997430824616],[13.280665613312237,49.11997430824616],[13.287865757315132,49.11997430824616],[13.331066621332411,49.096278250805],[13.395867917358316,49.05227128698573],[13.395867917358316,49.048886135922714],[13.40306806136121,49.048886135922714],[13.40306806136121,49.02519007848156],[13.410268205364076,49.0014940210404],[13.40306806136121,48.99472371891437],[13.40306806136121,48.987953416788315],[13.41746834936697,48.98118311466229],[13.43186863737273,48.971027661473215],[13.496669933398636,48.94056130190603],[13.511070221404395,48.94056130190603],[13.50387007740153,48.954101906158115],[13.50387007740153,48.960872208284144],[13.511070221404395,48.9676425104102],[13.525470509410155,48.97441281253623],[13.539870797415915,48.97441281253623],[13.575871517430329,48.9676425104102],[13.619072381447609,48.93717615084299],[13.633472669453369,48.927020697653944],[13.655073101461994,48.893169187023716],[13.669473389467754,48.87962858277163],[13.676673533470648,48.87962858277163],[13.691073821476408,48.87962858277163],[13.719874397487928,48.87962858277163],[13.748674973499448,48.86270282745653],[13.755875117502342,48.8559325253305],[13.763075261505207,48.83562161895236],[13.770275405508102,48.832236467889345],[13.791875837516727,48.82546616576329],[13.813476269525381,48.79838495725912],[13.806276125522487,48.78145920194402],[13.813476269525381,48.77468889981799],[13.827876557531141,48.771303748754946],[13.835076701534007,48.771303748754946],[13.835076701534007,48.7611482955659],[13.820676413528247,48.74083738918776],[13.813476269525381,48.727296784935675],[13.799075981519621,48.71375618068359],[13.799075981519621,48.710371029620575],[13.813476269525381,48.693445274305475],[13.813476269525381,48.69006012324246],[13.813476269525381,48.683289821116404],[13.820676413528247,48.66297891473829],[13.820676413528247,48.64266800836015],[13.827876557531141,48.63589770623412],[13.827876557531141,48.62574225304505],[13.827876557531141,48.61897195091899],[13.806276125522487,48.57835013816273],[13.806276125522487,48.57496498709972],[13.799075981519621,48.57496498709972],[13.770275405508102,48.55803923178462],[13.763075261505207,48.56480953391065],[13.755875117502342,48.56480953391065],[13.748674973499448,48.554654080721605],[13.741474829496553,48.54449862753253],[13.741474829496553,48.54111347646952],[13.748674973499448,48.537728325406505],[13.748674973499448,48.53095802328045],[13.734274685493688,48.51741741902836],[13.727074541490794,48.51403226796535],[13.712674253485034,48.51741741902836],[13.705474109482168,48.51741741902836],[13.669473389467754,48.53434317434346],[13.662273245464888,48.53434317434346],[13.662273245464888,48.537728325406505],[13.655073101461994,48.54449862753253],[13.655073101461994,48.54788377859555],[13.647872957459128,48.55126892965859],[13.611872237444715,48.56142438284763],[13.583071661433195,48.56142438284763],[13.575871517430329,48.56142438284763],[13.568671373427435,48.56142438284763],[13.554271085421675,48.56819468497369],[13.54707094141881,48.571579836036705],[13.54707094141881,48.57496498709972],[13.53267065341305,48.581735289225776],[13.53267065341305,48.58512044028879],[13.525470509410155,48.58512044028879],[13.525470509410155,48.588505591351804],[13.51827036540729,48.588505591351804],[13.51827036540729,48.59189074241482],[13.511070221404395,48.59189074241482],[13.511070221404395,48.588505591351804],[13.50387007740153,48.588505591351804],[13.50387007740153,48.581735289225776],[13.50387007740153,48.57835013816273],[13.511070221404395,48.57835013816273],[13.50387007740153,48.57496498709972],[13.50387007740153,48.571579836036705],[13.48946978939577,48.56480953391065],[13.47506950139001,48.554654080721605],[13.467869357387116,48.554654080721605],[13.453469069381356,48.56480953391065],[13.44626892537849,48.56480953391065],[13.439068781375596,48.55803923178462],[13.439068781375596,48.554654080721605],[13.439068781375596,48.55126892965859],[13.439068781375596,48.54788377859555],[13.44626892537849,48.54111347646952],[13.44626892537849,48.537728325406505],[13.453469069381356,48.537728325406505],[13.453469069381356,48.510647116902334],[13.44626892537849,48.493721361587205],[13.439068781375596,48.47341045520909],[13.424668493369836,48.459869850957006],[13.424668493369836,48.45648469989399],[13.424668493369836,48.45309954883095],[13.424668493369836,48.449714397767934],[13.43186863737273,48.449714397767934],[13.43186863737273,48.44632924670492],[13.439068781375596,48.442944095641906],[13.439068781375596,48.43955894457886],[13.439068781375596,48.43617379351585],[13.439068781375596,48.432788642452834],[13.439068781375596,48.42940349138982],[13.41746834936697,48.37862622544449],[13.410268205364076,48.37862622544449],[13.410268205364076,48.37524107438148],[13.410268205364076,48.37185592331846],[13.323866477329517,48.321078657373135],[13.316666333326651,48.31769350631012],[13.309466189323757,48.31430835524708],[13.266265325306478,48.293997448868964],[13.259065181303612,48.293997448868964],[13.251865037300718,48.293997448868964],[13.244664893297852,48.293997448868964],[13.208664173283438,48.293997448868964],[13.179863597271918,48.293997448868964],[13.172663453269053,48.293997448868964],[13.165463309266158,48.29061229780595],[13.143862877257533,48.28384199567989],[13.136662733254639,48.28045684461688],[13.129462589251773,48.28045684461688],[13.122262445248879,48.277071693553864],[13.115062301246013,48.277071693553864],[13.107862157243119,48.277071693553864],[13.093461869237359,48.277071693553864],[13.086261725234493,48.277071693553864],[13.0790615812316,48.277071693553864],[13.02146042920856,48.25676078717572],[13.014260285205694,48.25676078717572],[13.014260285205694,48.25337563611271],[13.014260285205694,48.24999048504969],[13.0070601412028,48.24999048504969],[13.0070601412028,48.24660533398665],[13.0070601412028,48.243220182923636],[13.0070601412028,48.23983503186062],[12.999859997199934,48.23983503186062],[12.985459709194174,48.226294427608536],[12.96385927718552,48.216138974419465],[12.956659133182654,48.20936867229344],[12.94945898917976,48.20936867229344],[12.94945898917976,48.205983521230394],[12.942258845176895,48.205983521230394],[12.935058701174,48.205983521230394],[12.927858557171135,48.205983521230394],[12.92065841316824,48.205983521230394],[12.87745754915096,48.20259837016738],[12.870257405148067,48.20259837016738],[12.870257405148067,48.199213219104365],[12.863057261145201,48.199213219104365],[12.863057261145201,48.19582806804135],[12.863057261145201,48.189057765915294],[12.855857117142307,48.182287463789265],[12.848656973139441,48.16874685953718],[12.848656973139441,48.165361708474165],[12.834256685133681,48.155206255285094],[12.827056541130787,48.155206255285094],[12.827056541130787,48.15182110422208],[12.819856397127921,48.15182110422208],[12.812656253125027,48.15182110422208],[12.805456109122161,48.14843595315904],[12.798255965119267,48.14843595315904],[12.798255965119267,48.14505080209602],[12.783855677113507,48.121354744654866],[12.762255245104882,48.11796959359185],[12.747854957099122,48.11119929146582],[12.747854957099122,48.10781414040278],[12.747854957099122,48.104428989339766],[12.755055101101988,48.09088838508768],[12.755055101101988,48.087503234024666],[12.755055101101988,48.08411808296165],[12.755055101101988,48.08073293189861],[12.755055101101988,48.077347780835595],[12.762255245104882,48.077347780835595],[12.762255245104882,48.07396262977258],[12.762255245104882,48.070577478709566],[12.769455389107748,48.067192327646524],[12.769455389107748,48.06380717658351],[12.776655533110642,48.06380717658351],[12.783855677113507,48.05703687445748],[12.805456109122161,48.043496270205395],[12.827056541130787,48.033340817016324],[12.834256685133681,48.02995566595331],[12.841456829136547,48.02318536382725],[12.841456829136547,48.01980021276424],[12.848656973139441,48.016415061701224],[12.848656973139441,48.01302991063821],[12.855857117142307,48.01302991063821],[12.855857117142307,48.00964475957517],[12.855857117142307,48.00625960851215],[12.855857117142307,48.00287445744914],[12.855857117142307,47.999489306386124],[12.870257405148067,47.96902294681891],[12.870257405148067,47.965637795755896],[12.870257405148067,47.96225264469288],[12.87745754915096,47.96225264469288],[12.913458269165375,47.955482342566825],[12.92065841316824,47.955482342566825],[12.92065841316824,47.95209719150381],[12.942258845176895,47.931786285125696],[12.96385927718552,47.90131992555848],[12.97825956519128,47.88439417024338],[12.985459709194174,47.87423871705431],[12.985459709194174,47.86746841492828],[12.999859997199934,47.85054265961318],[12.999859997199934,47.84715750855017],[13.0070601412028,47.843772357487126],[12.999859997199934,47.843772357487126],[12.999859997199934,47.84038720642411],[12.971059421188414,47.80653569579391],[12.94945898917976,47.78960994047878],[12.927858557171135,47.77268418516368],[12.927858557171135,47.76929903410067],[12.942258845176895,47.77268418516368],[12.942258845176895,47.76929903410067],[12.942258845176895,47.765913883037655],[12.935058701174,47.74898812772253],[12.927858557171135,47.74560297665951],[12.92065841316824,47.74560297665951],[12.913458269165375,47.738832674533484],[12.90625812516248,47.72867722134441],[12.90625812516248,47.7252920702814],[12.90625812516248,47.721906919218355],[12.927858557171135,47.71175146602931],[12.927858557171135,47.70836631496627],[12.956659133182654,47.70836631496627],[12.985459709194174,47.70836631496627],[12.99265985319704,47.70836631496627],[12.999859997199934,47.71175146602931],[13.0070601412028,47.721906919218355],[13.014260285205694,47.721906919218355],[13.02146042920856,47.721906919218355],[13.043060861217214,47.71175146602931],[13.0790615812316,47.688055408588156],[13.0790615812316,47.677899955399084],[13.0790615812316,47.671129653273056],[13.0790615812316,47.660974200083984],[13.093461869237359,47.64066329370587],[13.100662013240253,47.63727814264283],[13.093461869237359,47.6305078405168],[13.093461869237359,47.627122689453785],[13.086261725234493,47.62373753839074],[13.0790615812316,47.62035238732773],[13.0790615812316,47.61696723626471],[13.06466129322584,47.60004148094961],[13.05026100522008,47.583115725634485],[13.057461149222974,47.56280481925637],[13.057461149222974,47.556034517130314],[13.03586071721432,47.54249391287823],[13.028660573211454,47.5357236107522],[13.028660573211454,47.532338459689186],[13.043060861217214,47.52556815756313],[13.043060861217214,47.522183006500114],[13.05026100522008,47.505257251185014],[13.05026100522008,47.49171664693293],[13.0070601412028,47.46463543842876],[12.99265985319704,47.47817604268084],[12.97825956519128,47.48494634480687],[12.971059421188414,47.48494634480687],[12.971059421188414,47.47479089161783],[12.96385927718552,47.47479089161783],[12.90625812516248,47.49848694905896],[12.884657693153855,47.51202755331104],[12.848656973139441,47.532338459689186],[12.819856397127921,47.54587906394127],[12.805456109122161,47.549264215004285],[12.798255965119267,47.5526493660673],[12.798255965119267,47.556034517130314],[12.783855677113507,47.5695751213824],[12.776655533110642,47.57973057457147],[12.791055821116402,47.60004148094961],[12.805456109122161,47.610196934138656],[12.812656253125027,47.610196934138656],[12.819856397127921,47.610196934138656],[12.827056541130787,47.6135820852017],[12.791055821116402,47.63389299157981],[12.783855677113507,47.63389299157981],[12.769455389107748,47.64066329370587],[12.755055101101988,47.65081874689491],[12.762255245104882,47.654203897957956],[12.769455389107748,47.65758904902097],[12.776655533110642,47.660974200083984],[12.783855677113507,47.66774450221004],[12.783855677113507,47.671129653273056],[12.783855677113507,47.67451480433607],[12.747854957099122,47.67451480433607],[12.711854237084708,47.677899955399084],[12.697453949078948,47.6812851064621],[12.675853517070323,47.6812851064621],[12.611052221044389,47.67451480433607],[12.603852077041523,47.67451480433607],[12.603852077041523,47.671129653273056],[12.596651933038629,47.66774450221004],[12.58225164503287,47.6474335958319],[12.58225164503287,47.64066329370587],[12.575051501030003,47.63389299157981],[12.53905078101559,47.63727814264283],[12.52465049300983,47.63389299157981],[12.51025020500407,47.627122689453785],[12.49584991699831,47.62373753839074],[12.46704934098679,47.65081874689491],[12.43824876497527,47.67451480433607],[12.43824876497527,47.677899955399084],[12.43824876497527,47.6812851064621],[12.445448908978165,47.69144055965117],[12.43824876497527,47.694825710714184],[12.431048620972405,47.694825710714184],[12.402248044960885,47.69144055965117],[12.387847756955125,47.688055408588156],[12.373447468949365,47.68467025752514],[12.366247324946471,47.68467025752514],[12.337446748934951,47.69144055965117],[12.337446748934951,47.69821086177723],[12.294245884917672,47.69144055965117],[12.265445308906152,47.677899955399084],[12.258245164903286,47.677899955399084],[12.243844876897526,47.688055408588156],[12.243844876897526,47.694825710714184],[12.243844876897526,47.69821086177723],[12.243844876897526,47.71175146602931],[12.258245164903286,47.721906919218355],[12.265445308906152,47.73206237240743],[12.265445308906152,47.73544752347044],[12.258245164903286,47.7422178255965],[12.251045020900392,47.7422178255965],[12.229444588891766,47.71852176815534],[12.200644012880247,47.70836631496627],[12.186243724874487,47.704981163903255],[12.164643292865833,47.70159601284024],[12.164643292865833,47.68467025752514],[12.171843436868727,47.6812851064621],[12.171843436868727,47.677899955399084],[12.186243724874487,47.660974200083984],[12.200644012880247,47.644048444768885],[12.200644012880247,47.64066329370587],[12.207844156883112,47.61696723626471],[12.207844156883112,47.6135820852017],[12.207844156883112,47.610196934138656],[12.207844156883112,47.60681178307564],[12.200644012880247,47.60681178307564],[12.186243724874487,47.60342663201263],[12.179043580871593,47.610196934138656],[12.179043580871593,47.6135820852017],[12.171843436868727,47.6135820852017],[12.164643292865833,47.6135820852017],[12.150243004860073,47.610196934138656],[12.135842716854313,47.60681178307564],[12.128642572851447,47.60681178307564],[12.078241564831274,47.6135820852017],[12.063841276825514,47.62035238732773],[12.056641132822648,47.61696723626471],[12.027840556811128,47.610196934138656],[12.020640412808234,47.610196934138656],[12.020640412808234,47.6135820852017],[11.98463969279382,47.62035238732773],[11.92703854077078,47.6135820852017],[11.891037820756395,47.60681178307564],[11.862237244744875,47.60342663201263],[11.847836956739116,47.583115725634485],[11.840636812736221,47.57973057457147],[11.826236524730461,47.583115725634485],[11.826236524730461,47.58650087669753],[11.768635372707422,47.58988602776054],[11.696633932678623,47.58988602776054],[11.682233644672863,47.583115725634485],[11.660633212664237,47.583115725634485],[11.653433068661343,47.58988602776054],[11.646232924658477,47.58988602776054],[11.639032780655583,47.59327117882356],[11.631832636652717,47.59327117882356],[11.610232204644063,47.583115725634485],[11.588631772635438,47.55941966819336],[11.588631772635438,47.556034517130314],[11.588631772635438,47.54587906394127],[11.588631772635438,47.52556815756313],[11.574231484629678,47.51541270437406],[11.567031340626784,47.51541270437406],[11.538230764615264,47.50864240224803],[11.509430188603744,47.505257251185014],[11.444628892577839,47.51202755331104],[11.444628892577839,47.5187978554371],[11.437428748574945,47.5187978554371],[11.43022860457208,47.51541270437406],[11.41582831656632,47.49848694905896],[11.408628172563425,47.49510179799594],[11.3870277405548,47.47817604268084],[11.3870277405548,47.471405740554786],[11.3870277405548,47.46802058949177],[11.394227884557665,47.46802058949177],[11.408628172563425,47.46802058949177],[11.41582831656632,47.45109483417667],[11.41582831656632,47.44770968311366],[11.379827596551905,47.44770968311366],[11.336626732534626,47.45109483417667],[11.336626732534626,47.44770968311366],[11.293425868517346,47.417243323546444],[11.28622572451448,47.4070878703574],[11.28622572451448,47.40370271929436],[11.279025580511586,47.400317568231344],[11.27182543650872,47.39693241716833],[11.22862457249144,47.393547266105315],[11.221424428488547,47.393547266105315],[11.221424428488547,47.39693241716833],[11.221424428488547,47.400317568231344],[11.2430248604972,47.42062847460949],[11.250225004500066,47.427398776735515],[11.250225004500066,47.43078392779853],[11.207024140482787,47.43416907886157],[11.156623132462613,47.42062847460949],[11.127822556451093,47.410473021420415],[11.120622412448228,47.4070878703574],[11.120622412448228,47.40370271929436],[11.120622412448228,47.400317568231344],[11.120622412448228,47.39693241716833],[11.113422268445333,47.39693241716833],[11.099021980439574,47.393547266105315],[11.034220684413668,47.393547266105315],[11.027020540410774,47.393547266105315],[11.005420108402149,47.393547266105315],[10.998219964399254,47.393547266105315],[10.976619532390629,47.39693241716833],[10.969419388387735,47.400317568231344],[10.969419388387735,47.40370271929436],[10.969419388387735,47.41385817248343],[10.969419388387735,47.417243323546444],[10.976619532390629,47.417243323546444],[10.983819676393495,47.417243323546444],[10.983819676393495,47.42062847460949],[10.983819676393495,47.43078392779853],[10.955019100381975,47.45109483417667],[10.926218524370455,47.471405740554786],[10.90461809236183,47.48494634480687],[10.897417948358935,47.48156119374386],[10.89021780435607,47.47817604268084],[10.883017660353175,47.47817604268084],[10.87581751635031,47.47817604268084],[10.868617372347416,47.48156119374386],[10.868617372347416,47.488331495869915],[10.868617372347416,47.49848694905896],[10.87581751635031,47.50187210012197],[10.90461809236183,47.5187978554371],[10.883017660353175,47.5357236107522],[10.868617372347416,47.5357236107522],[10.854217084341656,47.5357236107522],[10.811016220324376,47.52556815756313],[10.796615932318616,47.522183006500114],[10.76061521230423,47.52895330862614],[10.76061521230423,47.532338459689186],[10.76061521230423,47.5357236107522],[10.753415068301337,47.5357236107522],[10.731814636292711,47.539108761815214],[10.695813916278297,47.54587906394127],[10.695813916278297,47.549264215004285],[10.688613772275431,47.5526493660673],[10.674213484269671,47.55941966819336],[10.616612332246632,47.566189970319385],[10.609412188243738,47.566189970319385],[10.595011900237978,47.566189970319385],[10.595011900237978,47.56280481925637],[10.580611612232218,47.556034517130314],[10.580611612232218,47.5526493660673],[10.580611612232218,47.549264215004285],[10.573411468229352,47.532338459689186],[10.523010460209179,47.5357236107522],[10.515810316206313,47.5357236107522],[10.487009740194793,47.539108761815214],[10.458209164183273,47.5526493660673],[10.45100902018038,47.556034517130314],[10.43660873217462,47.52556815756313],[10.429408588171754,47.505257251185014],[10.443808876177513,47.488331495869915],[10.443808876177513,47.48494634480687],[10.45100902018038,47.48494634480687],[10.465409308186139,47.48156119374386],[10.465409308186139,47.47817604268084],[10.472609452189033,47.46802058949177],[10.472609452189033,47.43416907886157],[10.472609452189033,47.43078392779853],[10.458209164183273,47.417243323546444],[10.443808876177513,47.41385817248343],[10.429408588171754,47.383391812916244],[10.386207724154474,47.35631060441207],[10.357407148142954,47.33599969803393],[10.343006860137194,47.31907394271883],[10.285405708114126,47.288607583151645],[10.256605132102607,47.28183728102562],[10.242204844096847,47.278452129962574],[10.177403548070941,47.271681827836545],[10.170203404068047,47.27506697889956],[10.177403548070941,47.288607583151645],[10.177403548070941,47.2953778852777],[10.184603692073807,47.2953778852777],[10.199003980079567,47.298763036340716],[10.213404268085327,47.305533338466745],[10.213404268085327,47.3123036405928],[10.213404268085327,47.31907394271883],[10.199003980079567,47.32584424484489],[10.206204124082461,47.33599969803393],[10.220604412088221,47.35292545334906],[10.235004700093981,47.36985120866416],[10.235004700093981,47.37323635972717],[10.235004700093981,47.383391812916244],[10.227804556091087,47.39016211504227],[10.184603692073807,47.393547266105315],[10.170203404068047,47.38677696397926],[10.170203404068047,47.383391812916244],[10.170203404068047,47.37662151079019],[10.170203404068047,47.36985120866416],[10.163003260065182,47.36985120866416],[10.155803116062287,47.366466057601144],[10.141402828056528,47.366466057601144],[10.119802396047902,47.37662151079019],[10.098201964039248,47.35631060441207],[10.083801676033488,47.393547266105315],[10.069401388027728,47.4070878703574],[10.069401388027728,47.410473021420415],[10.076601532030622,47.41385817248343],[10.083801676033488,47.41385817248343],[10.098201964039248,47.417243323546444],[10.105402108042142,47.427398776735515],[10.091001820036382,47.44770968311366],[10.083801676033488,47.4578651363027],[10.047800956019103,47.488331495869915],[10.040600812016208,47.488331495869915],[10.033400668013343,47.488331495869915],[10.026200524010449,47.48494634480687],[10.011800236004689,47.48156119374386],[10.004600092001823,47.48156119374386],[9.997399947998929,47.48494634480687],[9.968599371987409,47.522183006500114],[9.961399227984543,47.522183006500114],[9.968599371987409,47.54587906394127],[9.961399227984543,47.5357236107522],[9.92539850797013,47.52895330862614],[9.918198363967264,47.532338459689186],[9.91099821996437,47.532338459689186],[9.874997499949984,47.539108761815214],[9.874997499949984,47.5357236107522],[9.874997499949984,47.52895330862614],[9.860597211944224,47.5357236107522],[9.83899677993557,47.54249391287823],[9.82459649192981,47.556034517130314],[9.82459649192981,47.55941966819336],[9.82459649192981,47.57634542350846],[9.82459649192981,47.57973057457147],[9.82459649192981,47.58650087669753],[9.802996059921185,47.59665632988657],[9.774195483909665,47.59327117882356],[9.76699533990677,47.58988602776054],[9.76699533990677,47.58650087669753],[9.759795195903905,47.57973057457147],[9.738194763895251,47.5526493660673],[9.738194763895251,47.54249391287823],[9.730994619892385,47.532338459689186],[9.730994619892385,47.5357236107522],[9.730994619892385,47.539108761815214],[9.723794475889491,47.539108761815214],[9.723794475889491,47.54249391287823],[9.723794475889491,47.54587906394127],[9.716594331886625,47.54587906394127],[9.716594331886625,47.549264215004285],[9.709394187883731,47.549264215004285],[9.680593611872212,47.5526493660673],[9.651793035860692,47.556034517130314],[9.615792315846306,47.5695751213824],[9.608592171843412,47.57296027244544],[9.608592171843412,47.57634542350846],[9.601392027840546,47.583115725634485],[9.630192603852066,47.59327117882356]]]}},{"type":"Feature","properties":{"name":"Saarland","cartodb_id":9,"created_at":"2013-11-30T06:05:29+0100","updated_at":"2013-11-30T06:05:29+0100"},"geometry":{"type":"Polygon","coordinates":[[[7.362147242944843,49.15721096993937],[7.362147242944843,49.143670365687285],[7.347746954939083,49.143670365687285],[7.340546810936189,49.143670365687285],[7.333346666933323,49.143670365687285],[7.326146522930429,49.143670365687285],[7.3189463789275635,49.14028521462427],[7.311746234924669,49.13690006356126],[7.311746234924669,49.1301297614352],[7.2973459469189095,49.116589157183114],[7.290145802916044,49.116589157183114],[7.28294565891315,49.116589157183114],[7.261345226904524,49.12335945930917],[7.246944938898764,49.1301297614352],[7.189343786875725,49.1301297614352],[7.174943498869965,49.1301297614352],[7.167743354867071,49.126744610372185],[7.160543210864205,49.11997430824616],[7.102942058841165,49.14028521462427],[7.102942058841165,49.153825818876356],[7.081341626832511,49.15044066781334],[7.081341626832511,49.14705551675033],[7.081341626832511,49.143670365687285],[7.081341626832511,49.14028521462427],[7.0885417708354055,49.14028521462427],[7.081341626832511,49.126744610372185],[7.0669413388267515,49.116589157183114],[7.0669413388267515,49.1132040061201],[7.059741194823886,49.1132040061201],[7.052541050820992,49.1132040061201],[7.045340906818126,49.1132040061201],[7.045340906818126,49.116589157183114],[7.045340906818126,49.11997430824616],[7.030940618812366,49.15721096993937],[7.023740474809472,49.170751574191456],[7.023740474809472,49.1741367252545],[7.030940618812366,49.1741367252545],[7.009340186803712,49.1910624805696],[6.980539610792192,49.2079882358847],[6.966139322786432,49.20121793375867],[6.958939178783567,49.20121793375867],[6.9517390347806725,49.2079882358847],[6.915738314766287,49.21814368907377],[6.872537450749007,49.214758538010756],[6.843736874737459,49.204603084821684],[6.850937018740353,49.204603084821684],[6.850937018740353,49.20121793375867],[6.8581371627432475,49.18429217844354],[6.8581371627432475,49.18090702738053],[6.8581371627432475,49.1741367252545],[6.843736874737459,49.15721096993937],[6.829336586731699,49.153825818876356],[6.78613572271442,49.16736642312844],[6.778935578711554,49.16736642312844],[6.735734714694274,49.16398127206543],[6.72853457069138,49.170751574191456],[6.721334426688514,49.1741367252545],[6.71413428268562,49.187677329506585],[6.72853457069138,49.204603084821684],[6.721334426688514,49.21814368907377],[6.721334426688514,49.221528840136784],[6.692533850676995,49.214758538010756],[6.692533850676995,49.221528840136784],[6.6853337066741005,49.221528840136784],[6.692533850676995,49.23506944438887],[6.692533850676995,49.248610048640955],[6.670933418668341,49.27907640820814],[6.627732554651061,49.3027724656493],[6.620532410648195,49.3027724656493],[6.613332266645301,49.3027724656493],[6.591731834636676,49.32308337202741],[6.562931258625156,49.34677942946857],[6.562931258625156,49.35016458053158],[6.562931258625156,49.353549731594626],[6.562931258625156,49.35693488265764],[6.577331546630916,49.35693488265764],[6.584531690633781,49.35693488265764],[6.584531690633781,49.35016458053158],[6.591731834636676,49.35016458053158],[6.598931978639541,49.36709033584671],[6.584531690633781,49.38401609116181],[6.577331546630916,49.39078639328784],[6.562931258625156,49.387401242224826],[6.541330826616502,49.40094184647691],[6.534130682613636,49.40771214860297],[6.534130682613636,49.41109729966598],[6.541330826616502,49.41109729966598],[6.541330826616502,49.414482450729],[6.548530970619396,49.41786760179201],[6.555731114622262,49.41786760179201],[6.548530970619396,49.42463790391807],[6.541330826616502,49.4314082060441],[6.541330826616502,49.43479335710714],[6.534130682613636,49.43479335710714],[6.512530250604982,49.44156365923317],[6.483729674593462,49.45171911242224],[6.4549290985819425,49.46187456561128],[6.426128522570423,49.47541516986337],[6.418928378567557,49.47541516986337],[6.411728234564663,49.47203001880035],[6.411728234564663,49.46864486773734],[6.404528090561797,49.46864486773734],[6.404528090561797,49.465259716674325],[6.397327946558903,49.465259716674325],[6.390127802556037,49.465259716674325],[6.382927658553143,49.465259716674325],[6.375727514550277,49.465259716674325],[6.368527370547383,49.46864486773734],[6.3613272265445175,49.526192435808696],[6.3613272265445175,49.52957758687171],[6.3613272265445175,49.53296273793475],[6.3613272265445175,49.53634788899777],[6.382927658553143,49.54988849324985],[6.390127802556037,49.54988849324985],[6.390127802556037,49.54650334218684],[6.397327946558903,49.54650334218684],[6.411728234564663,49.54650334218684],[6.433328666573317,49.54988849324985],[6.469329386587702,49.543118191123796],[6.483729674593462,49.53973304006078],[6.483729674593462,49.53296273793475],[6.498129962599222,49.52957758687171],[6.512530250604982,49.52957758687171],[6.519730394607876,49.52957758687171],[6.541330826616502,49.53973304006078],[6.562931258625156,49.53973304006078],[6.5701314026280215,49.53634788899777],[6.577331546630916,49.52957758687171],[6.606132122642435,49.526192435808696],[6.620532410648195,49.53634788899777],[6.634932698653955,49.543118191123796],[6.706934138682755,49.55327364431287],[6.750135002700034,49.55665879537588],[6.778935578711554,49.57019939962797],[6.778935578711554,49.57358455069101],[6.8005360107201795,49.587125154943095],[6.814936298725939,49.59051030600611],[6.822136442728834,49.59051030600611],[6.843736874737459,49.59051030600611],[6.850937018740353,49.60066575919518],[6.8581371627432475,49.604050910258195],[6.865337306746113,49.60743606132121],[6.886937738754767,49.61420636344724],[6.894137882757633,49.61420636344724],[6.944538890777807,49.63451726982538],[6.980539610792192,49.63451726982538],[6.994939898797952,49.63451726982538],[6.987739754795086,49.62774696769932],[6.987739754795086,49.62436181663631],[6.987739754795086,49.620976665573295],[7.009340186803712,49.62774696769932],[7.030940618812366,49.637902420888395],[7.059741194823886,49.631132118762366],[7.0669413388267515,49.62436181663631],[7.081341626832511,49.610821212384224],[7.0885417708354055,49.60066575919518],[7.124542490849791,49.593895457069124],[7.138942778855551,49.59728060813214],[7.138942778855551,49.60066575919518],[7.138942778855551,49.604050910258195],[7.153343066861311,49.604050910258195],[7.174943498869965,49.59728060813214],[7.174943498869965,49.593895457069124],[7.174943498869965,49.587125154943095],[7.189343786875725,49.576969701754024],[7.21094421888435,49.56681424856495],[7.22534450689011,49.56342909750194],[7.23974479489587,49.56681424856495],[7.25414508290163,49.57358455069101],[7.261345226904524,49.576969701754024],[7.275745514910284,49.56342909750194],[7.275745514910284,49.54988849324985],[7.275745514910284,49.53634788899777],[7.28294565891315,49.509266680493596],[7.28294565891315,49.50588152943058],[7.28294565891315,49.48557062305244],[7.2973459469189095,49.482185471989425],[7.304546090921804,49.47541516986337],[7.2973459469189095,49.465259716674325],[7.290145802916044,49.45848941454827],[7.275745514910284,49.455104263485254],[7.25414508290163,49.4483339613592],[7.246944938898764,49.44494881029618],[7.25414508290163,49.43479335710714],[7.25414508290163,49.4314082060441],[7.261345226904524,49.42463790391807],[7.28294565891315,49.41786760179201],[7.290145802916044,49.40771214860297],[7.2973459469189095,49.404326997539926],[7.2973459469189095,49.3975566954139],[7.290145802916044,49.39417154435088],[7.290145802916044,49.39078639328784],[7.369347386947709,49.36370518478367],[7.390947818956363,49.370475486909726],[7.405348106962123,49.36709033584671],[7.405348106962123,49.34677942946857],[7.405348106962123,49.34000912734254],[7.405348106962123,49.3366239762795],[7.383747674953469,49.3196982209644],[7.390947818956363,49.31631306990138],[7.398147962959229,49.31292791883837],[7.383747674953469,49.29261701246023],[7.369347386947709,49.27907640820814],[7.362147242944843,49.27907640820814],[7.347746954939083,49.27230610608211],[7.340546810936189,49.26215065289304],[7.326146522930429,49.248610048640955],[7.3189463789275635,49.248610048640955],[7.311746234924669,49.25538035076701],[7.304546090921804,49.25538035076701],[7.290145802916044,49.238454595451884],[7.290145802916044,49.23506944438887],[7.290145802916044,49.231684293325856],[7.2973459469189095,49.2079882358847],[7.304546090921804,49.204603084821684],[7.3189463789275635,49.187677329506585],[7.362147242944843,49.15721096993937]]]}},{"type":"Feature","properties":{"name":"Berlin","cartodb_id":10,"created_at":"2013-11-30T06:05:29+0100","updated_at":"2013-11-30T06:05:29+0100"},"geometry":{"type":"Polygon","coordinates":[[[13.611872237444715,52.54236203296065],[13.626272525450474,52.53897688189761],[13.655073101461994,52.53220657977158],[13.655073101461994,52.525436277645525],[13.647872957459128,52.52205112658251],[13.640672813456234,52.5186659755195],[13.633472669453369,52.51189567339344],[13.626272525450474,52.50512537126741],[13.611872237444715,52.481429313826254],[13.611872237444715,52.47127386063718],[13.619072381447609,52.46788870957417],[13.626272525450474,52.46788870957417],[13.626272525450474,52.474659011700226],[13.640672813456234,52.47804416276324],[13.647872957459128,52.47804416276324],[13.669473389467754,52.474659011700226],[13.705474109482168,52.464503558511154],[13.755875117502342,52.447577803196054],[13.755875117502342,52.44419265213301],[13.763075261505207,52.43742235000698],[13.763075261505207,52.43403719894397],[13.755875117502342,52.43742235000698],[13.727074541490794,52.413726292565826],[13.698273965479274,52.3900302351247],[13.683873677473514,52.386645084061655],[13.683873677473514,52.38325993299864],[13.698273965479274,52.37987478193563],[13.698273965479274,52.37648963087261],[13.698273965479274,52.37310447980957],[13.647872957459128,52.342638120242384],[13.647872957459128,52.36633417768354],[13.647872957459128,52.369719328746555],[13.640672813456234,52.37648963087261],[13.626272525450474,52.38325993299864],[13.590271805436089,52.39341538618771],[13.575871517430329,52.3900302351247],[13.568671373427435,52.386645084061655],[13.539870797415915,52.3900302351247],[13.53267065341305,52.3900302351247],[13.53267065341305,52.40018568831374],[13.51827036540729,52.40018568831374],[13.482269645392876,52.396800537250726],[13.467869357387116,52.42049659469188],[13.46066921338425,52.42049659469188],[13.41746834936697,52.41034114150281],[13.424668493369836,52.386645084061655],[13.41746834936697,52.37648963087261],[13.38866777335545,52.37648963087261],[13.38866777335545,52.386645084061655],[13.345466909338171,52.41034114150281],[13.323866477329517,52.40357083937678],[13.309466189323757,52.40018568831374],[13.295065901317997,52.413726292565826],[13.273465469309372,52.40357083937678],[13.266265325306478,52.40357083937678],[13.251865037300718,52.40357083937678],[13.244664893297852,52.413726292565826],[13.244664893297852,52.42049659469188],[13.223064461289198,52.42049659469188],[13.201464029280572,52.413726292565826],[13.158263165263293,52.40357083937678],[13.158263165263293,52.396800537250726],[13.165463309266158,52.39341538618771],[13.158263165263293,52.39341538618771],[13.122262445248879,52.396800537250726],[13.093461869237359,52.41034114150281],[13.086261725234493,52.41034114150281],[13.086261725234493,52.42049659469188],[13.093461869237359,52.4238817457549],[13.100662013240253,52.4238817457549],[13.107862157243119,52.4238817457549],[13.115062301246013,52.42726689681791],[13.122262445248879,52.43742235000698],[13.122262445248879,52.44080750107],[13.115062301246013,52.44419265213301],[13.107862157243119,52.45096295425907],[13.107862157243119,52.46788870957417],[13.115062301246013,52.47804416276324],[13.129462589251773,52.481429313826254],[13.158263165263293,52.5017402202044],[13.165463309266158,52.508510522330425],[13.143862877257533,52.5186659755195],[13.129462589251773,52.5186659755195],[13.115062301246013,52.51528082445648],[13.122262445248879,52.52882142870857],[13.122262445248879,52.54574718402367],[13.129462589251773,52.55590263721274],[13.136662733254639,52.552517486149696],[13.143862877257533,52.552517486149696],[13.151063021260399,52.569443241464825],[13.151063021260399,52.57282839252784],[13.151063021260399,52.57959869465387],[13.151063021260399,52.58298384571691],[13.151063021260399,52.59313929890595],[13.165463309266158,52.59990960103201],[13.208664173283438,52.586368996779925],[13.215864317286332,52.586368996779925],[13.215864317286332,52.58975414784294],[13.215864317286332,52.59313929890595],[13.215864317286332,52.596524449968996],[13.201464029280572,52.603294752095024],[13.201464029280572,52.60667990315804],[13.223064461289198,52.62699080953618],[13.237464749294958,52.62699080953618],[13.266265325306478,52.62699080953618],[13.273465469309372,52.64053141378827],[13.280665613312237,52.65407201804035],[13.302266045320891,52.65068686697731],[13.302266045320891,52.637146262725224],[13.309466189323757,52.62699080953618],[13.338266765335277,52.62360565847314],[13.345466909338171,52.62360565847314],[13.359867197343931,52.62360565847314],[13.367067341346797,52.62699080953618],[13.37426748534969,52.62699080953618],[13.37426748534969,52.630375960599196],[13.38866777335545,52.637146262725224],[13.395867917358316,52.647301715914296],[13.40306806136121,52.64053141378827],[13.424668493369836,52.637146262725224],[13.43186863737273,52.637146262725224],[13.46066921338425,52.65745716910337],[13.453469069381356,52.664227471229395],[13.46066921338425,52.67099777335545],[13.47506950139001,52.66761262229244],[13.51827036540729,52.647301715914296],[13.51827036540729,52.64391656485128],[13.525470509410155,52.64391656485128],[13.51827036540729,52.64053141378827],[13.51827036540729,52.630375960599196],[13.50387007740153,52.62699080953618],[13.496669933398636,52.60667990315804],[13.50387007740153,52.59313929890595],[13.525470509410155,52.59313929890595],[13.539870797415915,52.58975414784294],[13.554271085421675,52.586368996779925],[13.583071661433195,52.569443241464825],[13.590271805436089,52.55590263721274],[13.590271805436089,52.552517486149696],[13.583071661433195,52.54913233508668],[13.611872237444715,52.54236203296065]]]}},{"type":"Feature","properties":{"name":"Brandenburg","cartodb_id":11,"created_at":"2013-11-30T06:05:29+0100","updated_at":"2013-11-30T06:05:29+0100"},"geometry":{"type":"Polygon","coordinates":[[[14.411088221764402,53.32771707958156],[14.418288365767296,53.324331928518546],[14.418288365767296,53.30063587107742],[14.418288365767296,53.29048041788835],[14.418288365767296,53.27693981363626],[14.432688653773056,53.27693981363626],[14.439888797775922,53.27355466257325],[14.447088941778816,53.27355466257325],[14.447088941778816,53.263399209384175],[14.447088941778816,53.26001405832116],[14.432688653773056,53.24308830300603],[14.411088221764402,53.219392245564904],[14.382287645752882,53.20585164131282],[14.382287645752882,53.202466490249776],[14.375087501750016,53.202466490249776],[14.367887357747122,53.18215558387166],[14.367887357747122,53.175385281745605],[14.367887357747122,53.17200013068259],[14.367887357747122,53.168614979619576],[14.367887357747122,53.16184467749352],[14.367887357747122,53.158459526430505],[14.375087501750016,53.15507437536749],[14.375087501750016,53.15168922430448],[14.382287645752882,53.148304073241434],[14.382287645752882,53.14491892217842],[14.389487789755776,53.141533771115405],[14.389487789755776,53.13814862005239],[14.382287645752882,53.12122286473729],[14.367887357747122,53.08737135410706],[14.360687213744256,53.080601051981034],[14.353487069741362,53.06706044772895],[14.353487069741362,53.063675296665906],[14.353487069741362,53.06029014560289],[14.346286925738497,53.05690499453988],[14.346286925738497,53.05351984347686],[14.339086781735602,53.05013469241382],[14.339086781735602,53.046749541350806],[14.331886637732737,53.046749541350806],[14.295885917718323,53.02305348390965],[14.259885197703937,53.00612772859455],[14.259885197703937,53.002742577531535],[14.252685053701043,53.002742577531535],[14.231084621692418,52.992587124342464],[14.216684333686658,52.98920197327945],[14.209484189683764,52.985816822216435],[14.202284045680898,52.985816822216435],[14.173483469669378,52.975661369027364],[14.173483469669378,52.97227621796435],[14.166283325666484,52.97227621796435],[14.144682893657858,52.96212076477528],[14.144682893657858,52.958735613712264],[14.137482749654964,52.95196531158621],[14.144682893657858,52.93503955627111],[14.144682893657858,52.93165440520809],[14.151883037660724,52.897802894577865],[14.151883037660724,52.89441774351485],[14.159083181663618,52.89441774351485],[14.159083181663618,52.891032592451836],[14.159083181663618,52.88764744138882],[14.159083181663618,52.88426229032578],[14.159083181663618,52.87749198819975],[14.159083181663618,52.874106837136736],[14.151883037660724,52.87072168607369],[14.151883037660724,52.86733653501068],[14.144682893657858,52.863951383947665],[14.137482749654964,52.853795930758594],[14.130282605652098,52.853795930758594],[14.130282605652098,52.85041077969558],[14.130282605652098,52.847025628632565],[14.123082461649204,52.847025628632565],[14.123082461649204,52.84364047756952],[14.123082461649204,52.84025532650651],[14.123082461649204,52.836870175443494],[14.123082461649204,52.83348502438048],[14.130282605652098,52.83009987331744],[14.130282605652098,52.82671472225442],[14.137482749654964,52.82671472225442],[14.144682893657858,52.82671472225442],[14.144682893657858,52.82332957119141],[14.209484189683764,52.819944420128394],[14.216684333686658,52.81655926906535],[14.223884477689523,52.81317411800234],[14.223884477689523,52.80978896693932],[14.238284765695283,52.79963351375025],[14.252685053701043,52.78947806056118],[14.281485629712563,52.77593745630912],[14.281485629712563,52.77255230524608],[14.303086061721217,52.76578200312005],[14.310286205724083,52.76578200312005],[14.317486349726977,52.76239685205704],[14.324686493729843,52.76239685205704],[14.331886637732737,52.759011700993995],[14.353487069741362,52.752241398867966],[14.353487069741362,52.74885624780495],[14.375087501750016,52.735315643552866],[14.425488509770162,52.69469383079661],[14.461489229784576,52.664227471229395],[14.461489229784576,52.66084232016638],[14.468689373787441,52.66084232016638],[14.511890237804721,52.64053141378827],[14.56949138982776,52.620220507410124],[14.591091821836415,52.61006505422105],[14.59829196583928,52.61006505422105],[14.59829196583928,52.60667990315804],[14.634292685853694,52.57621354359085],[14.634292685853694,52.57282839252784],[14.634292685853694,52.569443241464825],[14.634292685853694,52.56605809040178],[14.619892397847934,52.55928778827575],[14.619892397847934,52.55590263721274],[14.619892397847934,52.552517486149696],[14.605492109842174,52.5355917308346],[14.605492109842174,52.53220657977158],[14.605492109842174,52.52882142870857],[14.605492109842174,52.525436277645525],[14.612692253845069,52.51189567339344],[14.612692253845069,52.508510522330425],[14.619892397847934,52.508510522330425],[14.619892397847934,52.50512537126741],[14.627092541850828,52.50512537126741],[14.634292685853694,52.5017402202044],[14.634292685853694,52.498355069141354],[14.634292685853694,52.49496991807834],[14.634292685853694,52.491584767015325],[14.634292685853694,52.48819961595231],[14.627092541850828,52.48819961595231],[14.612692253845069,52.46788870957417],[14.59829196583928,52.4577332563851],[14.576691533830655,52.44080750107],[14.56949138982776,52.44080750107],[14.562291245824895,52.44080750107],[14.555091101822,52.44080750107],[14.555091101822,52.43742235000698],[14.547890957819135,52.43403719894397],[14.547890957819135,52.430652047880926],[14.533490669813375,52.40018568831374],[14.533490669813375,52.39341538618771],[14.547890957819135,52.37987478193563],[14.555091101822,52.34940842236844],[14.562291245824895,52.335867818116355],[14.56949138982776,52.32232721386427],[14.576691533830655,52.2952460053601],[14.576691533830655,52.291860854297056],[14.591091821836415,52.274935098981956],[14.59829196583928,52.274935098981956],[14.59829196583928,52.27154994791894],[14.605492109842174,52.27154994791894],[14.612692253845069,52.27154994791894],[14.619892397847934,52.27154994791894],[14.684693693873868,52.258009343666856],[14.691893837876734,52.258009343666856],[14.691893837876734,52.25462419260384],[14.699093981879628,52.25462419260384],[14.699093981879628,52.25123904154083],[14.713494269885388,52.23769843728874],[14.713494269885388,52.2343132862257],[14.706294125882494,52.169995416028314],[14.706294125882494,52.16661026496527],[14.699093981879628,52.16322511390226],[14.699093981879628,52.15983996283924],[14.691893837876734,52.15645481177623],[14.684693693873868,52.14629935858716],[14.677493549870974,52.14629935858716],[14.677493549870974,52.14291420752414],[14.677493549870974,52.1395290564611],[14.684693693873868,52.11583299901997],[14.684693693873868,52.11244784795693],[14.691893837876734,52.102292394767886],[14.699093981879628,52.102292394767886],[14.699093981879628,52.09890724370484],[14.706294125882494,52.09552209264183],[14.713494269885388,52.09552209264183],[14.720694413888253,52.09552209264183],[14.727894557891148,52.092136941578815],[14.735094701894013,52.0887517905158],[14.742294845896907,52.08536663945276],[14.742294845896907,52.081981488389744],[14.756695133902667,52.06844088413766],[14.756695133902667,52.065055733074644],[14.749494989899773,52.031204222444444],[14.742294845896907,52.02443392031839],[14.742294845896907,52.02104876925537],[14.735094701894013,52.01766361819236],[14.713494269885388,52.00412301394027],[14.713494269885388,52.00073786287723],[14.720694413888253,52.00073786287723],[14.720694413888253,51.997352711814216],[14.720694413888253,51.9939675607512],[14.713494269885388,51.936419992679845],[14.691893837876734,51.90256848204962],[14.684693693873868,51.89579817992359],[14.655893117862348,51.8822575756715],[14.612692253845069,51.858561518230346],[14.612692253845069,51.85517636716733],[14.591091821836415,51.841635762915246],[14.591091821836415,51.83825061185223],[14.591091821836415,51.82809515866316],[14.591091821836415,51.8213248565371],[14.605492109842174,51.80778425228502],[14.605492109842174,51.804399101222],[14.619892397847934,51.80101395015899],[14.627092541850828,51.80101395015899],[14.634292685853694,51.80101395015899],[14.641492829856588,51.797628799095975],[14.648692973859454,51.79424364803293],[14.655893117862348,51.78408819484389],[14.663093261865214,51.75700698633972],[14.655893117862348,51.75023668421366],[14.655893117862348,51.74346638208763],[14.655893117862348,51.74008123102459],[14.670293405868108,51.726540626772504],[14.691893837876734,51.709614871457404],[14.713494269885388,51.69607426720532],[14.735094701894013,51.68930396507929],[14.756695133902667,51.65545245444906],[14.763895277905533,51.61821579275585],[14.763895277905533,51.61144549062979],[14.763895277905533,51.60806033956678],[14.763895277905533,51.60467518850376],[14.749494989899773,51.59451973531469],[14.742294845896907,51.59451973531469],[14.727894557891148,51.58436428212562],[14.727894557891148,51.580979131062605],[14.720694413888253,51.58436428212562],[14.706294125882494,51.580979131062605],[14.706294125882494,51.57759397999959],[14.691893837876734,51.56066822468446],[14.684693693873868,51.553897922558434],[14.677493549870974,51.55051277149542],[14.670293405868108,51.55051277149542],[14.627092541850828,51.55051277149542],[14.612692253845069,51.55051277149542],[14.605492109842174,51.553897922558434],[14.59829196583928,51.57420882893655],[14.58389167783352,51.580979131062605],[14.56949138982776,51.580979131062605],[14.562291245824895,51.580979131062605],[14.555091101822,51.570823677873534],[14.547890957819135,51.564053375747505],[14.54069081381624,51.56066822468446],[14.519090381807615,51.553897922558434],[14.497489949798961,51.56066822468446],[14.454289085781681,51.55728307362145],[14.447088941778816,51.55728307362145],[14.447088941778816,51.553897922558434],[14.447088941778816,51.55051277149542],[14.447088941778816,51.54374246936936],[14.439888797775922,51.54374246936936],[14.389487789755776,51.54374246936936],[14.389487789755776,51.54035731830635],[14.375087501750016,51.53358701618032],[14.353487069741362,51.520046411928234],[14.324686493729843,51.51327610980218],[14.317486349726977,51.51666126086519],[14.317486349726977,51.520046411928234],[14.310286205724083,51.52343156299125],[14.303086061721217,51.52681671405426],[14.274285485709697,51.53358701618032],[14.209484189683764,51.54035731830635],[14.187883757675138,51.54035731830635],[14.166283325666484,51.54035731830635],[14.144682893657858,51.54374246936936],[14.137482749654964,51.54374246936936],[14.108682173643444,51.520046411928234],[14.101482029640579,51.51327610980218],[14.087081741634819,51.49296520342406],[14.087081741634819,51.47942459917198],[14.058281165623299,51.459113692793835],[14.065481309626165,51.44557308854175],[14.036680733614645,51.41849188003758],[14.022280445608885,51.40833642684851],[14.01508030160602,51.40495127578549],[14.007880157603125,51.39479582259642],[14.00068001360026,51.39141067153341],[14.00068001360026,51.381255218344336],[13.97187943758874,51.38464036940738],[13.94307886157722,51.39141067153341],[13.907078141562806,51.37787006728132],[13.88547770955418,51.37448491621831],[13.878277565551286,51.37448491621831],[13.87107742154842,51.37787006728132],[13.863877277545527,51.37787006728132],[13.863877277545527,51.381255218344336],[13.85667713354266,51.381255218344336],[13.835076701534007,51.38464036940738],[13.835076701534007,51.381255218344336],[13.835076701534007,51.37787006728132],[13.820676413528247,51.37109976515529],[13.777475549510967,51.36094431196622],[13.741474829496553,51.36094431196622],[13.719874397487928,51.364329463029236],[13.705474109482168,51.36771461409228],[13.698273965479274,51.37109976515529],[13.691073821476408,51.37448491621831],[13.683873677473514,51.36771461409228],[13.597471949438955,51.37109976515529],[13.590271805436089,51.38464036940738],[13.568671373427435,51.38464036940738],[13.554271085421675,51.381255218344336],[13.54707094141881,51.37109976515529],[13.539870797415915,51.37109976515529],[13.525470509410155,51.38464036940738],[13.51827036540729,51.40156612472248],[13.46066921338425,51.41849188003758],[13.43186863737273,51.42864733322665],[13.424668493369836,51.42864733322665],[13.410268205364076,51.442187937478735],[13.331066621332411,51.43541763535268],[13.323866477329517,51.432032484289664],[13.287865757315132,51.41172157791155],[13.287865757315132,51.398180973659464],[13.251865037300718,51.39479582259642],[13.215864317286332,51.39479582259642],[13.215864317286332,51.398180973659464],[13.208664173283438,51.40833642684851],[13.201464029280572,51.41849188003758],[13.187063741274812,51.425262182163635],[13.194263885277678,51.442187937478735],[13.201464029280572,51.459113692793835],[13.201464029280572,51.48958005236102],[13.201464029280572,51.49296520342406],[13.208664173283438,51.50650580767615],[13.208664173283438,51.50989095873916],[13.208664173283438,51.52343156299125],[13.187063741274812,51.54035731830635],[13.158263165263293,51.56066822468446],[13.151063021260399,51.564053375747505],[13.143862877257533,51.570823677873534],[13.151063021260399,51.57759397999959],[13.158263165263293,51.59113458425168],[13.158263165263293,51.60129003744072],[13.115062301246013,51.614830641692805],[13.100662013240253,51.60806033956678],[13.086261725234493,51.61144549062979],[13.0790615812316,51.62160094381886],[13.05026100522008,51.64868215232303],[13.122262445248879,51.675763360827204],[13.143862877257533,51.68253366295323],[13.151063021260399,51.685918814016276],[13.158263165263293,51.692689116142304],[13.187063741274812,51.71638517358346],[13.187063741274812,51.72315547570949],[13.179863597271918,51.73331092889856],[13.165463309266158,51.74008123102459],[13.158263165263293,51.74685153315065],[13.151063021260399,51.76039213740273],[13.151063021260399,51.76716243952876],[13.158263165263293,51.77731789271783],[13.172663453269053,51.780703043780846],[13.172663453269053,51.7874733459069],[13.165463309266158,51.804399101222],[13.151063021260399,51.8213248565371],[13.143862877257533,51.824710007600146],[13.136662733254639,51.831480309726174],[13.122262445248879,51.85517636716733],[13.122262445248879,51.858561518230346],[13.151063021260399,51.86194666929336],[13.151063021260399,51.87210212248243],[13.136662733254639,51.87887242460849],[13.129462589251773,51.8822575756715],[13.115062301246013,51.8822575756715],[13.122262445248879,51.875487273545446],[13.0790615812316,51.86871697141942],[13.03586071721432,51.87210212248243],[13.03586071721432,51.875487273545446],[13.028660573211454,51.87887242460849],[13.03586071721432,51.87887242460849],[13.05026100522008,51.892413028860574],[13.043060861217214,51.8991833309866],[13.02146042920856,51.90256848204962],[13.0070601412028,51.90256848204962],[12.985459709194174,51.90256848204962],[12.97825956519128,51.91949423736472],[12.956659133182654,51.936419992679845],[12.92065841316824,51.93980514374286],[12.913458269165375,51.9330348416168],[12.89185783715672,51.926264539490774],[12.884657693153855,51.926264539490774],[12.848656973139441,51.936419992679845],[12.848656973139441,51.94657544586889],[12.848656973139441,51.95673089905796],[12.841456829136547,51.96688635224703],[12.834256685133681,51.96688635224703],[12.827056541130787,51.963501201184016],[12.819856397127921,51.963501201184016],[12.812656253125027,51.963501201184016],[12.805456109122161,51.963501201184016],[12.798255965119267,51.963501201184016],[12.791055821116402,51.963501201184016],[12.783855677113507,51.963501201184016],[12.776655533110642,51.96688635224703],[12.769455389107748,51.980426956499116],[12.762255245104882,51.980426956499116],[12.733454669093362,51.987197258625145],[12.683053661073188,52.00412301394027],[12.675853517070323,52.0108933160663],[12.668653373067428,52.0108933160663],[12.668653373067428,52.014278467129316],[12.661453229064563,52.014278467129316],[12.654253085061669,52.014278467129316],[12.654253085061669,52.0108933160663],[12.647052941058803,52.00750816500329],[12.647052941058803,52.00073786287723],[12.647052941058803,51.9939675607512],[12.618252365047283,51.98381210756213],[12.603852077041523,51.980426956499116],[12.53905078101559,51.98381210756213],[12.53905078101559,51.99058240968819],[12.53905078101559,52.00073786287723],[12.53905078101559,52.00412301394027],[12.503050061001204,52.00750816500329],[12.49584991699831,52.0108933160663],[12.48144962899255,52.01766361819236],[12.48144962899255,52.0278190713814],[12.48144962899255,52.03458937350746],[12.46704934098679,52.03458937350746],[12.459849196983924,52.03458937350746],[12.45264905298103,52.02443392031839],[12.45264905298103,52.01766361819236],[12.445448908978165,52.01766361819236],[12.43824876497527,52.01766361819236],[12.431048620972405,52.01766361819236],[12.373447468949365,52.04135967563349],[12.359047180943605,52.048129977759544],[12.337446748934951,52.065055733074644],[12.330246604932086,52.065055733074644],[12.330246604932086,52.06844088413766],[12.323046460929191,52.075211186263715],[12.323046460929191,52.08536663945276],[12.315846316926326,52.0887517905158],[12.315846316926326,52.092136941578815],[12.308646172923432,52.09552209264183],[12.301446028920566,52.09552209264183],[12.294245884917672,52.09890724370484],[12.279845596911912,52.102292394767886],[12.279845596911912,52.1056775458309],[12.272645452909046,52.1056775458309],[12.243844876897526,52.1395290564611],[12.236644732894632,52.14968450965017],[12.215044300886007,52.169995416028314],[12.222244444888872,52.17676571815434],[12.243844876897526,52.21061722878457],[12.258245164903286,52.214002379847585],[12.258245164903286,52.2173875309106],[12.272645452909046,52.214002379847585],[12.294245884917672,52.22754298409967],[12.272645452909046,52.23769843728874],[12.272645452909046,52.241083588351756],[12.258245164903286,52.24446873941477],[12.251045020900392,52.24446873941477],[12.243844876897526,52.247853890477785],[12.251045020900392,52.274935098981956],[12.265445308906152,52.2952460053601],[12.265445308906152,52.29863115642311],[12.279845596911912,52.31894206280123],[12.279845596911912,52.32232721386427],[12.287045740914806,52.32232721386427],[12.287045740914806,52.325712364927284],[12.308646172923432,52.3460232713054],[12.294245884917672,52.352793573431455],[12.279845596911912,52.36633417768354],[12.287045740914806,52.369719328746555],[12.301446028920566,52.37310447980957],[12.301446028920566,52.37987478193563],[12.294245884917672,52.4069559904398],[12.287045740914806,52.4238817457549],[12.301446028920566,52.44080750107],[12.315846316926326,52.45434810532208],[12.315846316926326,52.474659011700226],[12.315846316926326,52.491584767015325],[12.301446028920566,52.49496991807834],[12.294245884917672,52.49496991807834],[12.287045740914806,52.491584767015325],[12.279845596911912,52.48819961595231],[12.272645452909046,52.48819961595231],[12.265445308906152,52.49496991807834],[12.258245164903286,52.51189567339344],[12.258245164903286,52.51528082445648],[12.258245164903286,52.5186659755195],[12.236644732894632,52.525436277645525],[12.229444588891766,52.525436277645525],[12.229444588891766,52.52205112658251],[12.222244444888872,52.51189567339344],[12.222244444888872,52.508510522330425],[12.229444588891766,52.508510522330425],[12.229444588891766,52.50512537126741],[12.222244444888872,52.5017402202044],[12.200644012880247,52.498355069141354],[12.186243724874487,52.498355069141354],[12.171843436868727,52.50512537126741],[12.164643292865833,52.51528082445648],[12.150243004860073,52.52882142870857],[12.143042860857207,52.52882142870857],[12.143042860857207,52.5355917308346],[12.143042860857207,52.53897688189761],[12.157443148862967,52.55928778827575],[12.157443148862967,52.56267293933877],[12.179043580871593,52.57621354359085],[12.171843436868727,52.596524449968996],[12.171843436868727,52.60667990315804],[12.171843436868727,52.61683535634711],[12.171843436868727,52.62699080953618],[12.186243724874487,52.62360565847314],[12.193443868877353,52.620220507410124],[12.200644012880247,52.620220507410124],[12.222244444888872,52.62699080953618],[12.229444588891766,52.630375960599196],[12.236644732894632,52.64053141378827],[12.236644732894632,52.64391656485128],[12.236644732894632,52.66761262229244],[12.236644732894632,52.67438292441847],[12.236644732894632,52.681153226544524],[12.229444588891766,52.69130867973357],[12.222244444888872,52.69130867973357],[12.200644012880247,52.72177503930078],[12.207844156883112,52.76239685205704],[12.215044300886007,52.77255230524608],[12.222244444888872,52.786092909498166],[12.243844876897526,52.78947806056118],[12.251045020900392,52.79286321162422],[12.258245164903286,52.79963351375025],[12.258245164903286,52.80640381587631],[12.229444588891766,52.853795930758594],[12.200644012880247,52.874106837136736],[12.171843436868727,52.863951383947665],[12.128642572851447,52.853795930758594],[12.121442428848553,52.853795930758594],[12.121442428848553,52.87749198819975],[12.121442428848553,52.88764744138882],[12.121442428848553,52.891032592451836],[12.128642572851447,52.891032592451836],[12.121442428848553,52.89441774351485],[12.107042140842793,52.87749198819975],[12.078241564831274,52.880877139262765],[12.071041420828408,52.88426229032578],[12.035040700813994,52.88764744138882],[12.020640412808234,52.891032592451836],[12.006240124802474,52.88764744138882],[12.006240124802474,52.88426229032578],[11.98463969279382,52.87749198819975],[11.977439548790954,52.87749198819975],[11.9558391167823,52.880877139262765],[11.9558391167823,52.88426229032578],[11.948638972779435,52.88426229032578],[11.948638972779435,52.88764744138882],[11.94143882877654,52.88764744138882],[11.94143882877654,52.891032592451836],[11.934238684773675,52.891032592451836],[11.883837676753501,52.897802894577865],[11.833436668733356,52.91134349882995],[11.826236524730461,52.91134349882995],[11.826236524730461,52.91472864989299],[11.819036380727596,52.91811380095601],[11.819036380727596,52.92149895201902],[11.819036380727596,52.924884103082036],[11.826236524730461,52.92826925414508],[11.826236524730461,52.93165440520809],[11.840636812736221,52.93842470733412],[11.840636812736221,52.941809858397164],[11.847836956739116,52.94519500946018],[11.847836956739116,52.94858016052319],[11.840636812736221,52.95196531158621],[11.833436668733356,52.95535046264925],[11.826236524730461,52.958735613712264],[11.819036380727596,52.958735613712264],[11.804636092721836,52.958735613712264],[11.797435948718942,52.958735613712264],[11.790235804716076,52.958735613712264],[11.783035660713182,52.958735613712264],[11.783035660713182,52.96212076477528],[11.775835516710316,52.96550591583829],[11.775835516710316,52.96889106690131],[11.768635372707422,52.97227621796435],[11.768635372707422,52.975661369027364],[11.768635372707422,52.97904652009038],[11.761435228704556,52.98243167115339],[11.754235084701662,52.985816822216435],[11.747034940698796,52.98920197327945],[11.739834796695902,52.98920197327945],[11.732634652693037,52.98920197327945],[11.725434508690142,52.985816822216435],[11.718234364687277,52.98243167115339],[11.703834076681517,52.97904652009038],[11.696633932678623,52.975661369027364],[11.696633932678623,52.97904652009038],[11.689433788675757,52.97904652009038],[11.689433788675757,52.98243167115339],[11.682233644672863,52.985816822216435],[11.682233644672863,52.98920197327945],[11.682233644672863,52.992587124342464],[11.682233644672863,52.99597227540548],[11.682233644672863,52.99935742646852],[11.682233644672863,53.002742577531535],[11.682233644672863,53.00612772859455],[11.675033500669997,53.00612772859455],[11.675033500669997,53.009512879657564],[11.639032780655583,53.00612772859455],[11.631832636652717,53.009512879657564],[11.624632492649823,53.012898030720606],[11.624632492649823,53.01628318178362],[11.624632492649823,53.019668332846635],[11.624632492649823,53.02305348390965],[11.631832636652717,53.02643863497269],[11.631832636652717,53.029823786035706],[11.639032780655583,53.029823786035706],[11.639032780655583,53.03320893709872],[11.639032780655583,53.036594088161735],[11.639032780655583,53.03997923922478],[11.631832636652717,53.03997923922478],[11.631832636652717,53.04336439028779],[11.624632492649823,53.04336439028779],[11.617432348646958,53.03997923922478],[11.610232204644063,53.03997923922478],[11.595831916638303,53.036594088161735],[11.588631772635438,53.036594088161735],[11.581431628632544,53.036594088161735],[11.516630332606638,53.046749541350806],[11.509430188603744,53.046749541350806],[11.502230044600879,53.05013469241382],[11.495029900597984,53.05351984347686],[11.487829756595119,53.06029014560289],[11.473429468589359,53.06706044772895],[11.466229324586465,53.07383074985498],[11.459029180583599,53.07721590091799],[11.451829036580705,53.07721590091799],[11.451829036580705,53.080601051981034],[11.444628892577839,53.080601051981034],[11.437428748574945,53.07721590091799],[11.40142802856056,53.07383074985498],[11.40142802856056,53.07044559879196],[11.394227884557665,53.07044559879196],[11.394227884557665,53.06706044772895],[11.3870277405548,53.06706044772895],[11.379827596551905,53.063675296665906],[11.365427308546145,53.06029014560289],[11.351027020540386,53.05690499453988],[11.351027020540386,53.05351984347686],[11.34382687653752,53.05351984347686],[11.336626732534626,53.05690499453988],[11.32942658853176,53.06029014560289],[11.28622572451448,53.09075650517008],[11.279025580511586,53.09414165623312],[11.27182543650872,53.097526807296134],[11.27182543650872,53.10091195835915],[11.27182543650872,53.10429710942216],[11.264625292505826,53.12122286473729],[11.28622572451448,53.12122286473729],[11.315026300526,53.11783771367425],[11.365427308546145,53.114452562611234],[11.394227884557665,53.12799316686332],[11.394227884557665,53.13476346898938],[11.394227884557665,53.141533771115405],[11.459029180583599,53.141533771115405],[11.473429468589359,53.13476346898938],[11.487829756595119,53.12799316686332],[11.509430188603744,53.124608015800305],[11.538230764615264,53.124608015800305],[11.545430908618158,53.131378317926334],[11.559831196623918,53.13814862005239],[11.567031340626784,53.16522982855656],[11.567031340626784,53.168614979619576],[11.567031340626784,53.17200013068259],[11.567031340626784,53.175385281745605],[11.559831196623918,53.17877043280865],[11.559831196623918,53.18892588599769],[11.559831196623918,53.202466490249776],[11.574231484629678,53.21262194343885],[11.624632492649823,53.23970315194302],[11.660633212664237,53.24308830300603],[11.689433788675757,53.24308830300603],[11.703834076681517,53.23970315194302],[11.725434508690142,53.23293284981699],[11.761435228704556,53.22616254769093],[11.819036380727596,53.22616254769093],[11.826236524730461,53.22954769875395],[11.833436668733356,53.23293284981699],[11.819036380727596,53.246473454069076],[11.804636092721836,53.246473454069076],[11.797435948718942,53.253243756195104],[11.811836236724702,53.253243756195104],[11.819036380727596,53.253243756195104],[11.855037100741981,53.24985860513209],[11.862237244744875,53.24985860513209],[11.876637532750635,53.263399209384175],[11.891037820756395,53.27355466257325],[11.905438108762155,53.27355466257325],[11.91263825276502,53.27355466257325],[11.919838396767915,53.27355466257325],[11.94143882877654,53.27693981363626],[11.9558391167823,53.280324964699275],[12.01344026880534,53.30063587107742],[12.020640412808234,53.30402102214043],[12.020640412808234,53.32094677745553],[12.020640412808234,53.32771707958156],[12.01344026880534,53.33448738170762],[12.056641132822648,53.35141313702272],[12.049440988819754,53.36156859021179],[12.049440988819754,53.37172404340086],[12.063841276825514,53.37172404340086],[12.078241564831274,53.36833889233782],[12.078241564831274,53.3480279859597],[12.107042140842793,53.34464283489669],[12.135842716854313,53.3480279859597],[12.222244444888872,53.358183439148775],[12.229444588891766,53.358183439148775],[12.236644732894632,53.34464283489669],[12.243844876897526,53.33448738170762],[12.258245164903286,53.324331928518546],[12.272645452909046,53.324331928518546],[12.279845596911912,53.324331928518546],[12.279845596911912,53.32771707958156],[12.294245884917672,53.32771707958156],[12.301446028920566,53.32771707958156],[12.308646172923432,53.32771707958156],[12.323046460929191,53.32094677745553],[12.330246604932086,53.31756162639252],[12.344646892937845,53.31756162639252],[12.351847036940711,53.314176475329475],[12.380647612952231,53.30402102214043],[12.40944818896375,53.280324964699275],[12.431048620972405,53.263399209384175],[12.431048620972405,53.26001405832116],[12.445448908978165,53.24985860513209],[12.45264905298103,53.24985860513209],[12.49584991699831,53.25662890725812],[12.503050061001204,53.25662890725812],[12.503050061001204,53.263399209384175],[12.531850637012724,53.26678436044719],[12.596651933038629,53.246473454069076],[12.611052221044389,53.246473454069076],[12.611052221044389,53.24985860513209],[12.625452509050149,53.25662890725812],[12.661453229064563,53.25662890725812],[12.668653373067428,53.24985860513209],[12.668653373067428,53.246473454069076],[12.668653373067428,53.24308830300603],[12.661453229064563,53.24308830300603],[12.661453229064563,53.23293284981699],[12.668653373067428,53.23293284981699],[12.668653373067428,53.22954769875395],[12.690253805076082,53.22616254769093],[12.719054381087602,53.22277739662792],[12.733454669093362,53.22277739662792],[12.740654813096228,53.22277739662792],[12.747854957099122,53.22616254769093],[12.755055101101988,53.22277739662792],[12.755055101101988,53.21262194343885],[12.747854957099122,53.20923679237583],[12.747854957099122,53.20585164131282],[12.740654813096228,53.202466490249776],[12.733454669093362,53.202466490249776],[12.762255245104882,53.18892588599769],[12.769455389107748,53.18892588599769],[12.776655533110642,53.18892588599769],[12.783855677113507,53.18892588599769],[12.812656253125027,53.19231103706073],[12.812656253125027,53.19569618812375],[12.819856397127921,53.19569618812375],[12.841456829136547,53.202466490249776],[12.848656973139441,53.202466490249776],[12.855857117142307,53.19569618812375],[12.855857117142307,53.18892588599769],[12.87745754915096,53.18215558387166],[12.89185783715672,53.17877043280865],[12.89185783715672,53.18215558387166],[12.89185783715672,53.18892588599769],[12.90625812516248,53.19569618812375],[12.913458269165375,53.19569618812375],[12.956659133182654,53.202466490249776],[12.96385927718552,53.202466490249776],[12.96385927718552,53.19908133918676],[12.97825956519128,53.19908133918676],[12.97825956519128,53.19231103706073],[12.96385927718552,53.185540734934676],[12.942258845176895,53.17877043280865],[12.942258845176895,53.175385281745605],[12.97825956519128,53.16184467749352],[12.985459709194174,53.16522982855656],[12.99265985319704,53.168614979619576],[13.02146042920856,53.18215558387166],[13.02146042920856,53.185540734934676],[13.028660573211454,53.19231103706073],[13.03586071721432,53.19569618812375],[13.057461149222974,53.19908133918676],[13.06466129322584,53.202466490249776],[13.071861437228733,53.19908133918676],[13.107862157243119,53.21600709450186],[13.107862157243119,53.22616254769093],[13.100662013240253,53.23293284981699],[13.100662013240253,53.236318000880004],[13.107862157243119,53.23970315194302],[13.151063021260399,53.24985860513209],[13.179863597271918,53.24985860513209],[13.187063741274812,53.24985860513209],[13.187063741274812,53.246473454069076],[13.187063741274812,53.236318000880004],[13.208664173283438,53.219392245564904],[13.230264605292092,53.21600709450186],[13.237464749294958,53.22277739662792],[13.237464749294958,53.22616254769093],[13.237464749294958,53.22954769875395],[13.237464749294958,53.23970315194302],[13.244664893297852,53.25662890725812],[13.251865037300718,53.25662890725812],[13.251865037300718,53.26001405832116],[13.287865757315132,53.27693981363626],[13.302266045320891,53.280324964699275],[13.359867197343931,53.27693981363626],[13.367067341346797,53.27355466257325],[13.37426748534969,53.25662890725812],[13.40306806136121,53.246473454069076],[13.41746834936697,53.270169511510204],[13.43186863737273,53.29048041788835],[13.453469069381356,53.29386556895136],[13.46066921338425,53.29048041788835],[13.46066921338425,53.28709526682533],[13.482269645392876,53.29048041788835],[13.525470509410155,53.32094677745553],[13.51827036540729,53.33448738170762],[13.51827036540729,53.33787253277063],[13.51827036540729,53.35141313702272],[13.525470509410155,53.3649537412748],[13.53267065341305,53.3649537412748],[13.539870797415915,53.3649537412748],[13.554271085421675,53.3818794965899],[13.554271085421675,53.392034949778974],[13.54707094141881,53.392034949778974],[13.54707094141881,53.39542010084199],[13.54707094141881,53.39880525190503],[13.554271085421675,53.39880525190503],[13.568671373427435,53.408960705094074],[13.611872237444715,53.41234585615712],[13.640672813456234,53.44619736678732],[13.655073101461994,53.44958251785033],[13.698273965479274,53.47327857529149],[13.705474109482168,53.4766637263545],[13.712674253485034,53.48343402848056],[13.748674973499448,53.480048877417545],[13.755875117502342,53.480048877417545],[13.777475549510967,53.47327857529149],[13.784675693513861,53.47327857529149],[13.799075981519621,53.480048877417545],[13.813476269525381,53.48343402848056],[13.827876557531141,53.496974632732645],[13.791875837516727,53.51051523698473],[13.777475549510967,53.513900388047745],[13.777475549510967,53.530826143362845],[13.784675693513861,53.55113704974099],[13.784675693513861,53.554522200804],[13.791875837516727,53.557907351867016],[13.799075981519621,53.557907351867016],[13.799075981519621,53.55113704974099],[13.799075981519621,53.54436674761493],[13.820676413528247,53.52067069017377],[13.878277565551286,53.50374493485867],[13.878277565551286,53.50035978379566],[13.87107742154842,53.4935894816696],[13.87107742154842,53.49020433060659],[13.87107742154842,53.4766637263545],[13.9142782855657,53.45635281997639],[13.9142782855657,53.452967668913374],[13.9142782855657,53.44958251785033],[13.9142782855657,53.44619736678732],[13.907078141562806,53.436041913598245],[13.94307886157722,53.42927161147222],[14.00068001360026,53.436041913598245],[14.04388087761754,53.42927161147222],[14.051081021620405,53.41234585615712],[14.058281165623299,53.41234585615712],[14.079881597631925,53.41234585615712],[14.108682173643444,53.42250130934616],[14.108682173643444,53.42927161147222],[14.123082461649204,53.4428122157243],[14.137482749654964,53.43942706466129],[14.144682893657858,53.436041913598245],[14.159083181663618,53.42927161147222],[14.173483469669378,53.4258864604092],[14.180683613672244,53.42250130934616],[14.187883757675138,53.42250130934616],[14.195083901678004,53.42250130934616],[14.202284045680898,53.42250130934616],[14.209484189683764,53.42250130934616],[14.209484189683764,53.4258864604092],[14.216684333686658,53.42927161147222],[14.223884477689523,53.43265676253523],[14.238284765695283,53.42927161147222],[14.238284765695283,53.4258864604092],[14.238284765695283,53.42250130934616],[14.245484909698177,53.402190402968046],[14.245484909698177,53.39880525190503],[14.245484909698177,53.39542010084199],[14.245484909698177,53.392034949778974],[14.245484909698177,53.38864979871596],[14.238284765695283,53.38864979871596],[14.231084621692418,53.37172404340086],[14.231084621692418,53.3649537412748],[14.223884477689523,53.36156859021179],[14.223884477689523,53.358183439148775],[14.202284045680898,53.34464283489669],[14.187883757675138,53.3311022306446],[14.173483469669378,53.32094677745553],[14.159083181663618,53.314176475329475],[14.151883037660724,53.30740617320345],[14.144682893657858,53.30402102214043],[14.137482749654964,53.30402102214043],[14.130282605652098,53.30063587107742],[14.108682173643444,53.28371011576229],[14.108682173643444,53.280324964699275],[14.101482029640579,53.280324964699275],[14.101482029640579,53.27693981363626],[14.101482029640579,53.27355466257325],[14.101482029640579,53.263399209384175],[14.130282605652098,53.26001405832116],[14.144682893657858,53.26678436044719],[14.159083181663618,53.26678436044719],[14.187883757675138,53.26001405832116],[14.209484189683764,53.253243756195104],[14.245484909698177,53.25662890725812],[14.267085341706803,53.26001405832116],[14.267085341706803,53.26678436044719],[14.259885197703937,53.27693981363626],[14.281485629712563,53.28371011576229],[14.295885917718323,53.28371011576229],[14.303086061721217,53.28709526682533],[14.310286205724083,53.30063587107742],[14.353487069741362,53.31079132426646],[14.367887357747122,53.31756162639252],[14.382287645752882,53.324331928518546],[14.396687933758642,53.32771707958156],[14.396687933758642,53.3311022306446],[14.403888077761536,53.3311022306446],[14.411088221764402,53.32771707958156]],[[13.611872237444715,52.54236203296065],[13.583071661433195,52.54913233508668],[13.590271805436089,52.552517486149696],[13.590271805436089,52.55590263721274],[13.583071661433195,52.569443241464825],[13.554271085421675,52.586368996779925],[13.539870797415915,52.58975414784294],[13.525470509410155,52.59313929890595],[13.50387007740153,52.59313929890595],[13.496669933398636,52.60667990315804],[13.50387007740153,52.62699080953618],[13.51827036540729,52.630375960599196],[13.51827036540729,52.64053141378827],[13.525470509410155,52.64391656485128],[13.51827036540729,52.64391656485128],[13.51827036540729,52.647301715914296],[13.47506950139001,52.66761262229244],[13.46066921338425,52.67099777335545],[13.453469069381356,52.664227471229395],[13.46066921338425,52.65745716910337],[13.43186863737273,52.637146262725224],[13.424668493369836,52.637146262725224],[13.40306806136121,52.64053141378827],[13.395867917358316,52.647301715914296],[13.38866777335545,52.637146262725224],[13.37426748534969,52.630375960599196],[13.37426748534969,52.62699080953618],[13.367067341346797,52.62699080953618],[13.359867197343931,52.62360565847314],[13.345466909338171,52.62360565847314],[13.338266765335277,52.62360565847314],[13.309466189323757,52.62699080953618],[13.302266045320891,52.637146262725224],[13.302266045320891,52.65068686697731],[13.280665613312237,52.65407201804035],[13.273465469309372,52.64053141378827],[13.266265325306478,52.62699080953618],[13.237464749294958,52.62699080953618],[13.223064461289198,52.62699080953618],[13.201464029280572,52.60667990315804],[13.201464029280572,52.603294752095024],[13.215864317286332,52.596524449968996],[13.215864317286332,52.59313929890595],[13.215864317286332,52.58975414784294],[13.215864317286332,52.586368996779925],[13.208664173283438,52.586368996779925],[13.165463309266158,52.59990960103201],[13.151063021260399,52.59313929890595],[13.151063021260399,52.58298384571691],[13.151063021260399,52.57959869465387],[13.151063021260399,52.57282839252784],[13.151063021260399,52.569443241464825],[13.143862877257533,52.552517486149696],[13.136662733254639,52.552517486149696],[13.129462589251773,52.55590263721274],[13.122262445248879,52.54574718402367],[13.122262445248879,52.52882142870857],[13.115062301246013,52.51528082445648],[13.129462589251773,52.5186659755195],[13.143862877257533,52.5186659755195],[13.165463309266158,52.508510522330425],[13.158263165263293,52.5017402202044],[13.129462589251773,52.481429313826254],[13.115062301246013,52.47804416276324],[13.107862157243119,52.46788870957417],[13.107862157243119,52.45096295425907],[13.115062301246013,52.44419265213301],[13.122262445248879,52.44080750107],[13.122262445248879,52.43742235000698],[13.115062301246013,52.42726689681791],[13.107862157243119,52.4238817457549],[13.100662013240253,52.4238817457549],[13.093461869237359,52.4238817457549],[13.086261725234493,52.42049659469188],[13.086261725234493,52.41034114150281],[13.093461869237359,52.41034114150281],[13.122262445248879,52.396800537250726],[13.158263165263293,52.39341538618771],[13.165463309266158,52.39341538618771],[13.158263165263293,52.396800537250726],[13.158263165263293,52.40357083937678],[13.201464029280572,52.413726292565826],[13.223064461289198,52.42049659469188],[13.244664893297852,52.42049659469188],[13.244664893297852,52.413726292565826],[13.251865037300718,52.40357083937678],[13.266265325306478,52.40357083937678],[13.273465469309372,52.40357083937678],[13.295065901317997,52.413726292565826],[13.309466189323757,52.40018568831374],[13.323866477329517,52.40357083937678],[13.345466909338171,52.41034114150281],[13.38866777335545,52.386645084061655],[13.38866777335545,52.37648963087261],[13.41746834936697,52.37648963087261],[13.424668493369836,52.386645084061655],[13.41746834936697,52.41034114150281],[13.46066921338425,52.42049659469188],[13.467869357387116,52.42049659469188],[13.482269645392876,52.396800537250726],[13.51827036540729,52.40018568831374],[13.53267065341305,52.40018568831374],[13.53267065341305,52.3900302351247],[13.539870797415915,52.3900302351247],[13.568671373427435,52.386645084061655],[13.575871517430329,52.3900302351247],[13.590271805436089,52.39341538618771],[13.626272525450474,52.38325993299864],[13.640672813456234,52.37648963087261],[13.647872957459128,52.369719328746555],[13.647872957459128,52.36633417768354],[13.647872957459128,52.342638120242384],[13.698273965479274,52.37310447980957],[13.698273965479274,52.37648963087261],[13.698273965479274,52.37987478193563],[13.683873677473514,52.38325993299864],[13.683873677473514,52.386645084061655],[13.698273965479274,52.3900302351247],[13.727074541490794,52.413726292565826],[13.755875117502342,52.43742235000698],[13.763075261505207,52.43403719894397],[13.763075261505207,52.43742235000698],[13.755875117502342,52.44419265213301],[13.755875117502342,52.447577803196054],[13.705474109482168,52.464503558511154],[13.669473389467754,52.474659011700226],[13.647872957459128,52.47804416276324],[13.640672813456234,52.47804416276324],[13.626272525450474,52.474659011700226],[13.626272525450474,52.46788870957417],[13.619072381447609,52.46788870957417],[13.611872237444715,52.47127386063718],[13.611872237444715,52.481429313826254],[13.626272525450474,52.50512537126741],[13.633472669453369,52.51189567339344],[13.640672813456234,52.5186659755195],[13.647872957459128,52.52205112658251],[13.655073101461994,52.525436277645525],[13.655073101461994,52.53220657977158],[13.626272525450474,52.53897688189761],[13.611872237444715,52.54236203296065]]]}},{"type":"Feature","properties":{"name":"Mecklenburg-Vorpommern","cartodb_id":12,"created_at":"2013-11-30T06:05:29+0100","updated_at":"2013-11-30T06:05:29+0100"},"geometry":{"type":"MultiPolygon","coordinates":[[[[13.748674973499448,54.035213651753025],[13.748674973499448,54.03182850068998],[13.741474829496553,54.03182850068998],[13.741474829496553,54.02844334962697],[13.763075261505207,54.01490274537488],[13.791875837516727,53.99797699005978],[13.791875837516727,53.99459183899677],[13.799075981519621,53.99459183899677],[13.806276125522487,53.99459183899677],[13.813476269525381,53.99459183899677],[13.827876557531141,53.98782153687071],[13.892677853557046,53.94381457305144],[13.892677853557046,53.940429421988426],[13.907078141562806,53.930273968799355],[13.9142782855657,53.92350366667333],[13.9142782855657,53.920118515610284],[13.9142782855657,53.91673336454727],[13.907078141562806,53.91673336454727],[13.907078141562806,53.913348213484255],[13.89987799755994,53.90996306242124],[13.892677853557046,53.90996306242124],[13.88547770955418,53.90996306242124],[13.88547770955418,53.9065779113582],[13.863877277545527,53.89980760923217],[13.820676413528247,53.872726400728],[13.806276125522487,53.85918579647591],[13.806276125522487,53.8558006454129],[13.813476269525381,53.84226004116081],[13.820676413528247,53.84226004116081],[13.835076701534007,53.84564519222383],[13.849476989539767,53.84226004116081],[13.87107742154842,53.835489739034756],[13.87107742154842,53.83210458797174],[13.878277565551286,53.818563983719656],[13.89987799755994,53.80502337946757],[13.89987799755994,53.801638228404556],[13.907078141562806,53.801638228404556],[13.921478429568566,53.801638228404556],[13.92867857357146,53.79825307734154],[13.94307886157722,53.78809762415247],[13.95747914958298,53.7779421709634],[13.964679293585846,53.774557019900385],[13.97187943758874,53.774557019900385],[13.97187943758874,53.77117186883737],[14.101482029640579,53.74070550927016],[14.115882317646339,53.73732035820714],[14.123082461649204,53.73732035820714],[14.180683613672244,53.73732035820714],[14.187883757675138,53.73732035820714],[14.187883757675138,53.74070550927016],[14.195083901678004,53.74070550927016],[14.209484189683764,53.747475811396214],[14.216684333686658,53.75424611352224],[14.223884477689523,53.75424611352224],[14.223884477689523,53.7610164156483],[14.231084621692418,53.7610164156483],[14.238284765695283,53.7610164156483],[14.252685053701043,53.757631264585285],[14.259885197703937,53.75424611352224],[14.267085341706803,53.75086096245923],[14.267085341706803,53.747475811396214],[14.267085341706803,53.7440906603332],[14.267085341706803,53.73732035820714],[14.267085341706803,53.730550056081114],[14.252685053701043,53.72039460289204],[14.245484909698177,53.71700945182903],[14.238284765695283,53.713624300765986],[14.231084621692418,53.71023914970297],[14.223884477689523,53.71023914970297],[14.216684333686658,53.71023914970297],[14.216684333686658,53.70685399863996],[14.216684333686658,53.70346884757694],[14.216684333686658,53.7000836965139],[14.238284765695283,53.696698545450886],[14.245484909698177,53.69331339438787],[14.252685053701043,53.69331339438787],[14.267085341706803,53.696698545450886],[14.281485629712563,53.6831579411988],[14.281485629712563,53.679772790135786],[14.281485629712563,53.67638763907277],[14.281485629712563,53.65946188375767],[14.281485629712563,53.64253612844254],[14.281485629712563,53.635765826316515],[14.288685773715457,53.6323806752535],[14.317486349726977,53.618840071001415],[14.310286205724083,53.56467765399307],[14.310286205724083,53.56129250293003],[14.303086061721217,53.554522200804],[14.310286205724083,53.54436674761493],[14.317486349726977,53.524055841236816],[14.324686493729843,53.50374493485867],[14.353487069741362,53.496974632732645],[14.353487069741362,53.49020433060659],[14.353487069741362,53.48681917954357],[14.353487069741362,53.48343402848056],[14.360687213744256,53.45635281997639],[14.375087501750016,53.408960705094074],[14.375087501750016,53.40557555403106],[14.396687933758642,53.37172404340086],[14.403888077761536,53.341257683833646],[14.411088221764402,53.32771707958156],[14.403888077761536,53.3311022306446],[14.396687933758642,53.3311022306446],[14.396687933758642,53.32771707958156],[14.382287645752882,53.324331928518546],[14.367887357747122,53.31756162639252],[14.353487069741362,53.31079132426646],[14.310286205724083,53.30063587107742],[14.303086061721217,53.28709526682533],[14.295885917718323,53.28371011576229],[14.281485629712563,53.28371011576229],[14.259885197703937,53.27693981363626],[14.267085341706803,53.26678436044719],[14.267085341706803,53.26001405832116],[14.245484909698177,53.25662890725812],[14.209484189683764,53.253243756195104],[14.187883757675138,53.26001405832116],[14.159083181663618,53.26678436044719],[14.144682893657858,53.26678436044719],[14.130282605652098,53.26001405832116],[14.101482029640579,53.263399209384175],[14.101482029640579,53.27355466257325],[14.101482029640579,53.27693981363626],[14.101482029640579,53.280324964699275],[14.108682173643444,53.280324964699275],[14.108682173643444,53.28371011576229],[14.130282605652098,53.30063587107742],[14.137482749654964,53.30402102214043],[14.144682893657858,53.30402102214043],[14.151883037660724,53.30740617320345],[14.159083181663618,53.314176475329475],[14.173483469669378,53.32094677745553],[14.187883757675138,53.3311022306446],[14.202284045680898,53.34464283489669],[14.223884477689523,53.358183439148775],[14.223884477689523,53.36156859021179],[14.231084621692418,53.3649537412748],[14.231084621692418,53.37172404340086],[14.238284765695283,53.38864979871596],[14.245484909698177,53.38864979871596],[14.245484909698177,53.392034949778974],[14.245484909698177,53.39542010084199],[14.245484909698177,53.39880525190503],[14.245484909698177,53.402190402968046],[14.238284765695283,53.42250130934616],[14.238284765695283,53.4258864604092],[14.238284765695283,53.42927161147222],[14.223884477689523,53.43265676253523],[14.216684333686658,53.42927161147222],[14.209484189683764,53.4258864604092],[14.209484189683764,53.42250130934616],[14.202284045680898,53.42250130934616],[14.195083901678004,53.42250130934616],[14.187883757675138,53.42250130934616],[14.180683613672244,53.42250130934616],[14.173483469669378,53.4258864604092],[14.159083181663618,53.42927161147222],[14.144682893657858,53.436041913598245],[14.137482749654964,53.43942706466129],[14.123082461649204,53.4428122157243],[14.108682173643444,53.42927161147222],[14.108682173643444,53.42250130934616],[14.079881597631925,53.41234585615712],[14.058281165623299,53.41234585615712],[14.051081021620405,53.41234585615712],[14.04388087761754,53.42927161147222],[14.00068001360026,53.436041913598245],[13.94307886157722,53.42927161147222],[13.907078141562806,53.436041913598245],[13.9142782855657,53.44619736678732],[13.9142782855657,53.44958251785033],[13.9142782855657,53.452967668913374],[13.9142782855657,53.45635281997639],[13.87107742154842,53.4766637263545],[13.87107742154842,53.49020433060659],[13.87107742154842,53.4935894816696],[13.878277565551286,53.50035978379566],[13.878277565551286,53.50374493485867],[13.820676413528247,53.52067069017377],[13.799075981519621,53.54436674761493],[13.799075981519621,53.55113704974099],[13.799075981519621,53.557907351867016],[13.791875837516727,53.557907351867016],[13.784675693513861,53.554522200804],[13.784675693513861,53.55113704974099],[13.777475549510967,53.530826143362845],[13.777475549510967,53.513900388047745],[13.791875837516727,53.51051523698473],[13.827876557531141,53.496974632732645],[13.813476269525381,53.48343402848056],[13.799075981519621,53.480048877417545],[13.784675693513861,53.47327857529149],[13.777475549510967,53.47327857529149],[13.755875117502342,53.480048877417545],[13.748674973499448,53.480048877417545],[13.712674253485034,53.48343402848056],[13.705474109482168,53.4766637263545],[13.698273965479274,53.47327857529149],[13.655073101461994,53.44958251785033],[13.640672813456234,53.44619736678732],[13.611872237444715,53.41234585615712],[13.568671373427435,53.408960705094074],[13.554271085421675,53.39880525190503],[13.54707094141881,53.39880525190503],[13.54707094141881,53.39542010084199],[13.54707094141881,53.392034949778974],[13.554271085421675,53.392034949778974],[13.554271085421675,53.3818794965899],[13.539870797415915,53.3649537412748],[13.53267065341305,53.3649537412748],[13.525470509410155,53.3649537412748],[13.51827036540729,53.35141313702272],[13.51827036540729,53.33787253277063],[13.51827036540729,53.33448738170762],[13.525470509410155,53.32094677745553],[13.482269645392876,53.29048041788835],[13.46066921338425,53.28709526682533],[13.46066921338425,53.29048041788835],[13.453469069381356,53.29386556895136],[13.43186863737273,53.29048041788835],[13.41746834936697,53.270169511510204],[13.40306806136121,53.246473454069076],[13.37426748534969,53.25662890725812],[13.367067341346797,53.27355466257325],[13.359867197343931,53.27693981363626],[13.302266045320891,53.280324964699275],[13.287865757315132,53.27693981363626],[13.251865037300718,53.26001405832116],[13.251865037300718,53.25662890725812],[13.244664893297852,53.25662890725812],[13.237464749294958,53.23970315194302],[13.237464749294958,53.22954769875395],[13.237464749294958,53.22616254769093],[13.237464749294958,53.22277739662792],[13.230264605292092,53.21600709450186],[13.208664173283438,53.219392245564904],[13.187063741274812,53.236318000880004],[13.187063741274812,53.246473454069076],[13.187063741274812,53.24985860513209],[13.179863597271918,53.24985860513209],[13.151063021260399,53.24985860513209],[13.107862157243119,53.23970315194302],[13.100662013240253,53.236318000880004],[13.100662013240253,53.23293284981699],[13.107862157243119,53.22616254769093],[13.107862157243119,53.21600709450186],[13.071861437228733,53.19908133918676],[13.06466129322584,53.202466490249776],[13.057461149222974,53.19908133918676],[13.03586071721432,53.19569618812375],[13.028660573211454,53.19231103706073],[13.02146042920856,53.185540734934676],[13.02146042920856,53.18215558387166],[12.99265985319704,53.168614979619576],[12.985459709194174,53.16522982855656],[12.97825956519128,53.16184467749352],[12.942258845176895,53.175385281745605],[12.942258845176895,53.17877043280865],[12.96385927718552,53.185540734934676],[12.97825956519128,53.19231103706073],[12.97825956519128,53.19908133918676],[12.96385927718552,53.19908133918676],[12.96385927718552,53.202466490249776],[12.956659133182654,53.202466490249776],[12.913458269165375,53.19569618812375],[12.90625812516248,53.19569618812375],[12.89185783715672,53.18892588599769],[12.89185783715672,53.18215558387166],[12.89185783715672,53.17877043280865],[12.87745754915096,53.18215558387166],[12.855857117142307,53.18892588599769],[12.855857117142307,53.19569618812375],[12.848656973139441,53.202466490249776],[12.841456829136547,53.202466490249776],[12.819856397127921,53.19569618812375],[12.812656253125027,53.19569618812375],[12.812656253125027,53.19231103706073],[12.783855677113507,53.18892588599769],[12.776655533110642,53.18892588599769],[12.769455389107748,53.18892588599769],[12.762255245104882,53.18892588599769],[12.733454669093362,53.202466490249776],[12.740654813096228,53.202466490249776],[12.747854957099122,53.20585164131282],[12.747854957099122,53.20923679237583],[12.755055101101988,53.21262194343885],[12.755055101101988,53.22277739662792],[12.747854957099122,53.22616254769093],[12.740654813096228,53.22277739662792],[12.733454669093362,53.22277739662792],[12.719054381087602,53.22277739662792],[12.690253805076082,53.22616254769093],[12.668653373067428,53.22954769875395],[12.668653373067428,53.23293284981699],[12.661453229064563,53.23293284981699],[12.661453229064563,53.24308830300603],[12.668653373067428,53.24308830300603],[12.668653373067428,53.246473454069076],[12.668653373067428,53.24985860513209],[12.661453229064563,53.25662890725812],[12.625452509050149,53.25662890725812],[12.611052221044389,53.24985860513209],[12.611052221044389,53.246473454069076],[12.596651933038629,53.246473454069076],[12.531850637012724,53.26678436044719],[12.503050061001204,53.263399209384175],[12.503050061001204,53.25662890725812],[12.49584991699831,53.25662890725812],[12.45264905298103,53.24985860513209],[12.445448908978165,53.24985860513209],[12.431048620972405,53.26001405832116],[12.431048620972405,53.263399209384175],[12.40944818896375,53.280324964699275],[12.380647612952231,53.30402102214043],[12.351847036940711,53.314176475329475],[12.344646892937845,53.31756162639252],[12.330246604932086,53.31756162639252],[12.323046460929191,53.32094677745553],[12.308646172923432,53.32771707958156],[12.301446028920566,53.32771707958156],[12.294245884917672,53.32771707958156],[12.279845596911912,53.32771707958156],[12.279845596911912,53.324331928518546],[12.272645452909046,53.324331928518546],[12.258245164903286,53.324331928518546],[12.243844876897526,53.33448738170762],[12.236644732894632,53.34464283489669],[12.229444588891766,53.358183439148775],[12.222244444888872,53.358183439148775],[12.135842716854313,53.3480279859597],[12.107042140842793,53.34464283489669],[12.078241564831274,53.3480279859597],[12.078241564831274,53.36833889233782],[12.063841276825514,53.37172404340086],[12.049440988819754,53.37172404340086],[12.049440988819754,53.36156859021179],[12.056641132822648,53.35141313702272],[12.01344026880534,53.33448738170762],[12.020640412808234,53.32771707958156],[12.020640412808234,53.32094677745553],[12.020640412808234,53.30402102214043],[12.01344026880534,53.30063587107742],[11.9558391167823,53.280324964699275],[11.94143882877654,53.27693981363626],[11.919838396767915,53.27355466257325],[11.91263825276502,53.27355466257325],[11.905438108762155,53.27355466257325],[11.891037820756395,53.27355466257325],[11.876637532750635,53.263399209384175],[11.862237244744875,53.24985860513209],[11.855037100741981,53.24985860513209],[11.819036380727596,53.253243756195104],[11.811836236724702,53.253243756195104],[11.797435948718942,53.253243756195104],[11.804636092721836,53.246473454069076],[11.819036380727596,53.246473454069076],[11.833436668733356,53.23293284981699],[11.826236524730461,53.22954769875395],[11.819036380727596,53.22616254769093],[11.761435228704556,53.22616254769093],[11.725434508690142,53.23293284981699],[11.703834076681517,53.23970315194302],[11.689433788675757,53.24308830300603],[11.660633212664237,53.24308830300603],[11.624632492649823,53.23970315194302],[11.574231484629678,53.21262194343885],[11.559831196623918,53.202466490249776],[11.559831196623918,53.18892588599769],[11.559831196623918,53.17877043280865],[11.567031340626784,53.175385281745605],[11.567031340626784,53.17200013068259],[11.567031340626784,53.168614979619576],[11.567031340626784,53.16522982855656],[11.559831196623918,53.13814862005239],[11.545430908618158,53.131378317926334],[11.538230764615264,53.124608015800305],[11.509430188603744,53.124608015800305],[11.487829756595119,53.12799316686332],[11.473429468589359,53.13476346898938],[11.459029180583599,53.141533771115405],[11.394227884557665,53.141533771115405],[11.394227884557665,53.13476346898938],[11.394227884557665,53.12799316686332],[11.365427308546145,53.114452562611234],[11.315026300526,53.11783771367425],[11.28622572451448,53.12122286473729],[11.264625292505826,53.12122286473729],[11.264625292505826,53.124608015800305],[11.264625292505826,53.12799316686332],[11.25742514850296,53.131378317926334],[11.250225004500066,53.13476346898938],[11.2430248604972,53.13814862005239],[11.235824716494307,53.141533771115405],[11.22862457249144,53.141533771115405],[11.221424428488547,53.14491892217842],[11.214224284485681,53.14491892217842],[11.178223564471267,53.148304073241434],[11.171023420468401,53.158459526430505],[11.185423708474161,53.16184467749352],[11.185423708474161,53.16522982855656],[11.192623852477027,53.175385281745605],[11.192623852477027,53.18215558387166],[11.178223564471267,53.185540734934676],[11.156623132462613,53.18892588599769],[11.135022700453987,53.19231103706073],[11.091821836436708,53.21262194343885],[11.084621692433814,53.219392245564904],[11.063021260425188,53.23293284981699],[11.063021260425188,53.236318000880004],[11.027020540410774,53.280324964699275],[10.983819676393495,53.33448738170762],[10.91901838036759,53.3480279859597],[10.89021780435607,53.32771707958156],[10.89021780435607,53.324331928518546],[10.883017660353175,53.32094677745553],[10.84701694033879,53.31079132426646],[10.83261665233303,53.30402102214043],[10.78941578831575,53.31756162639252],[10.77501550030999,53.324331928518546],[10.739014780295577,53.34464283489669],[10.739014780295577,53.3480279859597],[10.731814636292711,53.35479828808573],[10.731814636292711,53.358183439148775],[10.724614492289817,53.358183439148775],[10.710214204284057,53.36833889233782],[10.703014060281191,53.37172404340086],[10.638212764255258,53.37172404340086],[10.623812476249498,53.36833889233782],[10.616612332246632,53.36833889233782],[10.609412188243738,53.36833889233782],[10.602212044240872,53.3649537412748],[10.595011900237978,53.36156859021179],[10.595011900237978,53.3649537412748],[10.595011900237978,53.37849434552689],[10.602212044240872,53.37849434552689],[10.616612332246632,53.3818794965899],[10.616612332246632,53.385264647652946],[10.623812476249498,53.39542010084199],[10.623812476249498,53.39880525190503],[10.616612332246632,53.41234585615712],[10.616612332246632,53.419116158283146],[10.616612332246632,53.42250130934616],[10.616612332246632,53.4258864604092],[10.631012620252392,53.452967668913374],[10.638212764255258,53.45635281997639],[10.652613052261017,53.4597379710394],[10.659813196263912,53.4597379710394],[10.695813916278297,53.45635281997639],[10.717414348286951,53.4766637263545],[10.753415068301337,53.48343402848056],[10.77501550030999,53.496974632732645],[10.811016220324376,53.513900388047745],[10.83261665233303,53.54436674761493],[10.825416508330136,53.554522200804],[10.825416508330136,53.5714479561191],[10.825416508330136,53.574833107182116],[10.839816796335896,53.574833107182116],[10.84701694033879,53.5714479561191],[10.84701694033879,53.56806280505609],[10.84701694033879,53.56467765399307],[10.854217084341656,53.56467765399307],[10.86141722834455,53.56467765399307],[10.911818236364695,53.5714479561191],[10.926218524370455,53.58498856037119],[10.926218524370455,53.591758862497244],[10.926218524370455,53.61545491993837],[10.926218524370455,53.62899552419046],[10.93341866837335,53.6323806752535],[10.955019100381975,53.6493064305686],[10.940618812376215,53.6662321858837],[10.940618812376215,53.67300248800973],[10.947818956379109,53.67300248800973],[10.940618812376215,53.6831579411988],[10.926218524370455,53.7000836965139],[10.90461809236183,53.70346884757694],[10.883017660353175,53.70685399863996],[10.883017660353175,53.70346884757694],[10.87581751635031,53.7000836965139],[10.86141722834455,53.70346884757694],[10.854217084341656,53.70346884757694],[10.825416508330136,53.71023914970297],[10.825416508330136,53.713624300765986],[10.811016220324376,53.72039460289204],[10.767815356307096,53.75086096245923],[10.76061521230423,53.76778671777433],[10.767815356307096,53.77117186883737],[10.767815356307096,53.774557019900385],[10.77501550030999,53.791482775215485],[10.77501550030999,53.7948679262785],[10.77501550030999,53.79825307734154],[10.767815356307096,53.81179368159363],[10.76061521230423,53.818563983719656],[10.76061521230423,53.82194913478267],[10.76061521230423,53.82533428584571],[10.76061521230423,53.82871943690873],[10.753415068301337,53.82871943690873],[10.753415068301337,53.83210458797174],[10.74621492429847,53.835489739034756],[10.74621492429847,53.852415494349856],[10.77501550030999,53.872726400728],[10.77501550030999,53.87611155179101],[10.78941578831575,53.87611155179101],[10.80381607632151,53.87611155179101],[10.84701694033879,53.89980760923217],[10.868617372347416,53.913348213484255],[10.90461809236183,53.9065779113582],[10.90461809236183,53.903192760295184],[10.90461809236183,53.89980760923217],[10.911818236364695,53.89980760923217],[10.911818236364695,53.896422458169155],[10.962219244384869,53.9065779113582],[10.969419388387735,53.9065779113582],[10.969419388387735,53.90996306242124],[10.969419388387735,53.913348213484255],[10.962219244384869,53.913348213484255],[10.911818236364695,53.92350366667333],[10.911818236364695,53.94381457305144],[10.90461809236183,53.957355177303526],[10.926218524370455,53.96412547942958],[10.93341866837335,53.9675106304926],[10.940618812376215,53.9675106304926],[10.947818956379109,53.974280932618626],[10.955019100381975,53.974280932618626],[10.976619532390629,53.98782153687071],[10.983819676393495,53.98782153687071],[11.019820396407908,54.0013621411228],[11.034220684413668,54.00474729218584],[11.055821116422294,54.008132443248854],[11.091821836436708,54.01490274537488],[11.099021980439574,54.01490274537488],[11.113422268445333,54.01151759431187],[11.120622412448228,54.01151759431187],[11.142222844456853,54.01151759431187],[11.149422988459747,54.01151759431187],[11.156623132462613,54.01151759431187],[11.163823276465507,54.01490274537488],[11.171023420468401,54.01490274537488],[11.178223564471267,54.01490274537488],[11.185423708474161,54.01490274537488],[11.185423708474161,54.01151759431187],[11.192623852477027,54.008132443248854],[11.192623852477027,54.00474729218584],[11.192623852477027,54.0013621411228],[11.199823996479921,53.991206687933754],[11.214224284485681,53.9844363858077],[11.2430248604972,53.97089578155561],[11.2430248604972,53.96412547942958],[11.2430248604972,53.957355177303526],[11.2430248604972,53.95397002624051],[11.2430248604972,53.9505848751775],[11.2430248604972,53.947199724114455],[11.2430248604972,53.94381457305144],[11.250225004500066,53.94381457305144],[11.250225004500066,53.940429421988426],[11.250225004500066,53.93704427092541],[11.25742514850296,53.93704427092541],[11.264625292505826,53.93365911986237],[11.27182543650872,53.930273968799355],[11.279025580511586,53.930273968799355],[11.28622572451448,53.930273968799355],[11.315026300526,53.940429421988426],[11.315026300526,53.94381457305144],[11.351027020540386,53.94381457305144],[11.40142802856056,53.930273968799355],[11.40142802856056,53.92350366667333],[11.41582831656632,53.91673336454727],[11.43022860457208,53.913348213484255],[11.444628892577839,53.913348213484255],[11.473429468589359,53.930273968799355],[11.480629612592224,53.93704427092541],[11.480629612592224,53.940429421988426],[11.480629612592224,53.94381457305144],[11.487829756595119,53.9675106304926],[11.495029900597984,53.98782153687071],[11.495029900597984,53.991206687933754],[11.495029900597984,53.99459183899677],[11.516630332606638,54.025058198563954],[11.538230764615264,54.02844334962697],[11.545430908618158,54.025058198563954],[11.559831196623918,54.02844334962697],[11.567031340626784,54.02844334962697],[11.567031340626784,54.03182850068998],[11.574231484629678,54.035213651753025],[11.581431628632544,54.03859880281604],[11.624632492649823,54.0792206155723],[11.624632492649823,54.08937606876137],[11.624632492649823,54.09276121982438],[11.617432348646958,54.09953152195041],[11.610232204644063,54.09953152195041],[11.610232204644063,54.10291667301345],[11.603032060641198,54.10291667301345],[11.610232204644063,54.10630182407647],[11.617432348646958,54.113072126202496],[11.624632492649823,54.11645727726554],[11.624632492649823,54.11984242832855],[11.639032780655583,54.12661273045458],[11.667833356667103,54.14353848576971],[11.667833356667103,54.146923636832724],[11.675033500669997,54.15030878789574],[11.682233644672863,54.15369393895875],[11.689433788675757,54.15369393895875],[11.703834076681517,54.15369393895875],[11.754235084701662,54.157079090021796],[11.761435228704556,54.15369393895875],[11.775835516710316,54.15369393895875],[11.783035660713182,54.15030878789574],[11.797435948718942,54.15030878789574],[11.811836236724702,54.146923636832724],[11.840636812736221,54.14353848576971],[11.855037100741981,54.146923636832724],[11.869437388747741,54.146923636832724],[11.89823796475926,54.15369393895875],[11.905438108762155,54.157079090021796],[11.91263825276502,54.16046424108481],[11.919838396767915,54.16046424108481],[11.934238684773675,54.163849392147824],[11.94143882877654,54.163849392147824],[11.99903998079958,54.17738999639991],[12.027840556811128,54.17738999639991],[12.107042140842793,54.17738999639991],[12.107042140842793,54.180775147462924],[12.114242284845687,54.180775147462924],[12.128642572851447,54.18416029852597],[12.135842716854313,54.190930600651996],[12.150243004860073,54.20447120490408],[12.157443148862967,54.21124150703011],[12.157443148862967,54.21462665809315],[12.164643292865833,54.21801180915617],[12.171843436868727,54.22139696021918],[12.171843436868727,54.22816726234524],[12.171843436868727,54.23155241340825],[12.179043580871593,54.23155241340825],[12.179043580871593,54.23493756447127],[12.186243724874487,54.23832271553428],[12.193443868877353,54.241707866597324],[12.279845596911912,54.27555937722752],[12.287045740914806,54.27555937722752],[12.301446028920566,54.27894452829054],[12.308646172923432,54.28232967935358],[12.323046460929191,54.28909998147961],[12.330246604932086,54.29248513254262],[12.337446748934951,54.295870283605666],[12.344646892937845,54.302640585731695],[12.351847036940711,54.30941088785775],[12.359047180943605,54.319566341046794],[12.366247324946471,54.32633664317285],[12.366247324946471,54.329721794235866],[12.373447468949365,54.33649209636192],[12.380647612952231,54.35003270061401],[12.402248044960885,54.37034360699212],[12.402248044960885,54.37372875805514],[12.402248044960885,54.37711390911815],[12.40944818896375,54.380499060181194],[12.42384847696951,54.38388421124421],[12.431048620972405,54.38726936230722],[12.431048620972405,54.39065451337024],[12.445448908978165,54.40080996655931],[12.45264905298103,54.40419511762232],[12.46704934098679,54.41773572187441],[12.46704934098679,54.42112087293745],[12.474249484989684,54.43127632612649],[12.48144962899255,54.44481693037858],[12.488649772995444,54.468512987819736],[12.49584991699831,54.468512987819736],[12.503050061001204,54.47528328994579],[12.503050061001204,54.47866844100881],[12.51025020500407,54.48205359207182],[12.517450349006964,54.485438743134836],[12.52465049300983,54.485438743134836],[12.531850637012724,54.48205359207182],[12.531850637012724,54.47528328994579],[12.52465049300983,54.47528328994579],[12.52465049300983,54.47189813888275],[12.531850637012724,54.46512783675672],[12.53905078101559,54.46174268569371],[12.53905078101559,54.458357534630665],[12.546250925018484,54.458357534630665],[12.55345106902135,54.45497238356765],[12.560651213024244,54.45497238356765],[12.56785135702711,54.45497238356765],[12.596651933038629,54.451587232504636],[12.603852077041523,54.451587232504636],[12.611052221044389,54.451587232504636],[12.625452509050149,54.44820208144162],[12.654253085061669,54.44481693037858],[12.661453229064563,54.44481693037858],[12.668653373067428,54.441431779315565],[12.719054381087602,54.44481693037858],[12.776655533110642,54.44481693037858],[12.798255965119267,54.441431779315565],[12.848656973139441,54.441431779315565],[12.855857117142307,54.441431779315565],[12.89185783715672,54.44481693037858],[12.927858557171135,54.44481693037858],[12.927858557171135,54.42789117506348],[12.927858557171135,54.424506024000465],[12.92065841316824,54.424506024000465],[12.913458269165375,54.42112087293745],[12.87745754915096,54.41773572187441],[12.762255245104882,54.41435057081139],[12.755055101101988,54.41435057081139],[12.740654813096228,54.41435057081139],[12.733454669093362,54.41773572187441],[12.726254525090468,54.42789117506348],[12.726254525090468,54.43127632612649],[12.719054381087602,54.43127632612649],[12.697453949078948,54.43127632612649],[12.704654093081842,54.42789117506348],[12.711854237084708,54.424506024000465],[12.719054381087602,54.424506024000465],[12.726254525090468,54.424506024000465],[12.726254525090468,54.42112087293745],[12.726254525090468,54.41773572187441],[12.726254525090468,54.41435057081139],[12.719054381087602,54.41435057081139],[12.704654093081842,54.41773572187441],[12.697453949078948,54.41773572187441],[12.690253805076082,54.41773572187441],[12.683053661073188,54.41773572187441],[12.683053661073188,54.41435057081139],[12.675853517070323,54.41435057081139],[12.675853517070323,54.41773572187441],[12.675853517070323,54.42112087293745],[12.690253805076082,54.43127632612649],[12.625452509050149,54.42112087293745],[12.618252365047283,54.41773572187441],[12.58225164503287,54.407580268685365],[12.575051501030003,54.40419511762232],[12.575051501030003,54.40080996655931],[12.575051501030003,54.397424815496294],[12.56785135702711,54.39065451337024],[12.49584991699831,54.38388421124421],[12.474249484989684,54.38388421124421],[12.459849196983924,54.380499060181194],[12.43824876497527,54.380499060181194],[12.431048620972405,54.37711390911815],[12.416648332966645,54.37034360699212],[12.416648332966645,54.36695845592911],[12.416648332966645,54.35680300274004],[12.416648332966645,54.33649209636192],[12.380647612952231,54.30941088785775],[12.373447468949365,54.30941088785775],[12.366247324946471,54.30941088785775],[12.359047180943605,54.30602573679471],[12.359047180943605,54.302640585731695],[12.359047180943605,54.29925543466868],[12.366247324946471,54.26540392403845],[12.373447468949365,54.26201877297544],[12.402248044960885,54.251863319786366],[12.416648332966645,54.24847816872335],[12.43824876497527,54.24509301766034],[12.445448908978165,54.24509301766034],[12.45264905298103,54.24847816872335],[12.459849196983924,54.24847816872335],[12.459849196983924,54.251863319786366],[12.45264905298103,54.251863319786366],[12.445448908978165,54.25524847084941],[12.43824876497527,54.25524847084941],[12.431048620972405,54.25863362191242],[12.42384847696951,54.25863362191242],[12.416648332966645,54.25863362191242],[12.40944818896375,54.268789075101495],[12.40944818896375,54.27555937722752],[12.40944818896375,54.27894452829054],[12.416648332966645,54.28909998147961],[12.43824876497527,54.295870283605666],[12.46704934098679,54.302640585731695],[12.474249484989684,54.319566341046794],[12.474249484989684,54.32295149210984],[12.474249484989684,54.329721794235866],[12.51025020500407,54.33649209636192],[12.517450349006964,54.33649209636192],[12.517450349006964,54.33310694529888],[12.52465049300983,54.33310694529888],[12.531850637012724,54.33649209636192],[12.531850637012724,54.33987724742494],[12.53905078101559,54.33987724742494],[12.546250925018484,54.35341785167702],[12.546250925018484,54.36018815380305],[12.546250925018484,54.37034360699212],[12.55345106902135,54.37372875805514],[12.560651213024244,54.37372875805514],[12.575051501030003,54.37372875805514],[12.575051501030003,54.36695845592911],[12.596651933038629,54.36695845592911],[12.654253085061669,54.38388421124421],[12.668653373067428,54.39065451337024],[12.668653373067428,54.39403966443328],[12.668653373067428,54.397424815496294],[12.661453229064563,54.397424815496294],[12.661453229064563,54.40080996655931],[12.661453229064563,54.40419511762232],[12.668653373067428,54.407580268685365],[12.704654093081842,54.41096541974838],[12.711854237084708,54.41096541974838],[12.711854237084708,54.407580268685365],[12.711854237084708,54.40419511762232],[12.697453949078948,54.40080996655931],[12.704654093081842,54.40080996655931],[12.711854237084708,54.40080996655931],[12.711854237084708,54.397424815496294],[12.719054381087602,54.380499060181194],[12.719054381087602,54.37372875805514],[12.733454669093362,54.37034360699212],[12.755055101101988,54.37034360699212],[12.762255245104882,54.37034360699212],[12.769455389107748,54.37372875805514],[12.776655533110642,54.39065451337024],[12.783855677113507,54.397424815496294],[12.791055821116402,54.39403966443328],[12.798255965119267,54.37711390911815],[12.812656253125027,54.35680300274004],[12.819856397127921,54.35341785167702],[12.841456829136547,54.35003270061401],[12.848656973139441,54.35341785167702],[12.87745754915096,54.36695845592911],[12.884657693153855,54.37034360699212],[12.884657693153855,54.39065451337024],[12.899057981159615,54.40080996655931],[12.92065841316824,54.41435057081139],[12.927858557171135,54.41435057081139],[12.956659133182654,54.41773572187441],[12.985459709194174,54.424506024000465],[12.985459709194174,54.42789117506348],[12.99265985319704,54.42789117506348],[12.99265985319704,54.43127632612649],[12.999859997199934,54.434661477189536],[13.0070601412028,54.43804662825255],[13.014260285205694,54.43804662825255],[13.02146042920856,54.43804662825255],[13.028660573211454,54.43804662825255],[13.028660573211454,54.434661477189536],[13.03586071721432,54.434661477189536],[13.03586071721432,54.43127632612649],[13.03586071721432,54.424506024000465],[13.028660573211454,54.424506024000465],[13.028660573211454,54.42112087293745],[13.02146042920856,54.42112087293745],[13.02146042920856,54.41773572187441],[13.02146042920856,54.41435057081139],[13.02146042920856,54.40419511762232],[13.028660573211454,54.397424815496294],[13.043060861217214,54.38388421124421],[13.043060861217214,54.380499060181194],[13.05026100522008,54.380499060181194],[13.057461149222974,54.380499060181194],[13.06466129322584,54.380499060181194],[13.071861437228733,54.38388421124421],[13.0790615812316,54.38388421124421],[13.0790615812316,54.380499060181194],[13.086261725234493,54.380499060181194],[13.086261725234493,54.37711390911815],[13.093461869237359,54.37034360699212],[13.093461869237359,54.36695845592911],[13.093461869237359,54.363573304866094],[13.0790615812316,54.346647549550966],[13.0790615812316,54.34326239848795],[13.086261725234493,54.32295149210984],[13.100662013240253,54.28909998147961],[13.100662013240253,54.28232967935358],[13.107862157243119,54.28232967935358],[13.115062301246013,54.27894452829054],[13.122262445248879,54.27217422616451],[13.129462589251773,54.268789075101495],[13.136662733254639,54.268789075101495],[13.143862877257533,54.268789075101495],[13.151063021260399,54.268789075101495],[13.143862877257533,54.25863362191242],[13.143862877257533,54.25524847084941],[13.165463309266158,54.26540392403845],[13.187063741274812,54.26540392403845],[13.201464029280572,54.25524847084941],[13.215864317286332,54.24847816872335],[13.287865757315132,54.23493756447127],[13.295065901317997,54.224782111282195],[13.302266045320891,54.21462665809315],[13.302266045320891,54.207856355967095],[13.309466189323757,54.20447120490408],[13.309466189323757,54.20108605384107],[13.316666333326651,54.19431575171501],[13.331066621332411,54.18416029852597],[13.331066621332411,54.16723454321084],[13.345466909338171,54.163849392147824],[13.359867197343931,54.16723454321084],[13.367067341346797,54.17061969427388],[13.37426748534969,54.174004845336896],[13.37426748534969,54.17738999639991],[13.381467629352557,54.17738999639991],[13.410268205364076,54.16723454321084],[13.439068781375596,54.12322757939157],[13.439068781375596,54.11984242832855],[13.439068781375596,54.113072126202496],[13.439068781375596,54.10968697513948],[13.453469069381356,54.09276121982438],[13.46066921338425,54.09276121982438],[13.46066921338425,54.08937606876137],[13.467869357387116,54.08937606876137],[13.467869357387116,54.085990917698325],[13.48946978939577,54.08260576663531],[13.496669933398636,54.08260576663531],[13.496669933398636,54.085990917698325],[13.50387007740153,54.085990917698325],[13.48946978939577,54.096146370887396],[13.48946978939577,54.10291667301345],[13.47506950139001,54.11645727726554],[13.47506950139001,54.11984242832855],[13.496669933398636,54.12661273045458],[13.511070221404395,54.129997881517625],[13.53267065341305,54.129997881517625],[13.539870797415915,54.129997881517625],[13.54707094141881,54.129997881517625],[13.56147122942457,54.129997881517625],[13.575871517430329,54.13338303258064],[13.583071661433195,54.13338303258064],[13.604672093441849,54.13676818364365],[13.626272525450474,54.14015333470667],[13.633472669453369,54.14353848576971],[13.647872957459128,54.15030878789574],[13.647872957459128,54.15369393895875],[13.676673533470648,54.163849392147824],[13.691073821476408,54.174004845336896],[13.698273965479274,54.174004845336896],[13.705474109482168,54.174004845336896],[13.712674253485034,54.17061969427388],[13.712674253485034,54.16723454321084],[13.719874397487928,54.163849392147824],[13.705474109482168,54.16046424108481],[13.727074541490794,54.14015333470667],[13.770275405508102,54.10968697513948],[13.777475549510967,54.10968697513948],[13.784675693513861,54.10630182407647],[13.791875837516727,54.10630182407647],[13.799075981519621,54.10291667301345],[13.799075981519621,54.09953152195041],[13.799075981519621,54.096146370887396],[13.784675693513861,54.052139407068125],[13.777475549510967,54.04875425600511],[13.777475549510967,54.04536910494207],[13.772675453509047,54.041983953879054],[13.770275405508102,54.041983953879054],[13.76787535750716,54.03859880281606],[13.763075261505207,54.035213651753025],[13.755875117502342,54.035213651753025],[13.748674973499448,54.035213651753025]]],[[[13.777475549510967,54.041983953879054],[13.777475549510967,54.03859880281604],[13.784675693513861,54.04875425600511],[13.799075981519621,54.0622948602572],[13.806276125522487,54.0792206155723],[13.806276125522487,54.08260576663531],[13.813476269525381,54.096146370887396],[13.813476269525381,54.09953152195041],[13.806276125522487,54.10630182407647],[13.806276125522487,54.10968697513948],[13.799075981519621,54.10968697513948],[13.791875837516727,54.10968697513948],[13.791875837516727,54.113072126202496],[13.777475549510967,54.11984242832855],[13.755875117502342,54.13676818364365],[13.755875117502342,54.14015333470667],[13.748674973499448,54.15030878789574],[13.748674973499448,54.157079090021796],[13.755875117502342,54.163849392147824],[13.755875117502342,54.16723454321084],[13.763075261505207,54.16723454321084],[13.770275405508102,54.17061969427388],[13.777475549510967,54.174004845336896],[13.784675693513861,54.174004845336896],[13.791875837516727,54.174004845336896],[13.799075981519621,54.174004845336896],[13.806276125522487,54.17061969427388],[13.813476269525381,54.163849392147824],[13.813476269525381,54.157079090021796],[13.820676413528247,54.15369393895875],[13.827876557531141,54.14015333470667],[13.835076701534007,54.129997881517625],[13.835076701534007,54.12661273045458],[13.849476989539767,54.11645727726554],[13.863877277545527,54.10630182407647],[13.87107742154842,54.10291667301345],[13.878277565551286,54.096146370887396],[13.892677853557046,54.09276121982438],[13.89987799755994,54.08937606876137],[13.907078141562806,54.085990917698325],[13.921478429568566,54.0792206155723],[13.935878717574326,54.07583546450928],[13.94307886157722,54.07583546450928],[13.964679293585846,54.07245031344624],[13.97187943758874,54.069065162383225],[14.00068001360026,54.058909709194154],[14.01508030160602,54.052139407068125],[14.022280445608885,54.052139407068125],[14.022280445608885,54.04875425600511],[14.036680733614645,54.03859880281604],[14.051081021620405,54.03182850068998],[14.072681453629059,54.01490274537488],[14.115882317646339,53.99459183899677],[14.137482749654964,53.98105123474468],[14.159083181663618,53.96412547942958],[14.173483469669378,53.95397002624051],[14.180683613672244,53.9505848751775],[14.187883757675138,53.94381457305144],[14.202284045680898,53.940429421988426],[14.209484189683764,53.93365911986237],[14.216684333686658,53.93365911986237],[14.223884477689523,53.92688881773634],[14.209484189683764,53.91673336454727],[14.202284045680898,53.90996306242124],[14.209484189683764,53.903192760295184],[14.216684333686658,53.89980760923217],[14.216684333686658,53.886267004980084],[14.216684333686658,53.86595609860194],[14.202284045680898,53.869341249664984],[14.195083901678004,53.872726400728],[14.187883757675138,53.872726400728],[14.173483469669378,53.872726400728],[14.115882317646339,53.869341249664984],[14.065481309626165,53.869341249664984],[14.04388087761754,53.872726400728],[14.04388087761754,53.87611155179101],[14.036680733614645,53.87611155179101],[14.036680733614645,53.872726400728],[14.022280445608885,53.869341249664984],[14.01508030160602,53.869341249664984],[14.01508030160602,53.86595609860194],[14.007880157603125,53.85918579647591],[13.993479869597365,53.852415494349856],[13.979079581591606,53.84903034328684],[13.95747914958298,53.84564519222383],[13.950279005580086,53.84564519222383],[13.94307886157722,53.84564519222383],[13.935878717574326,53.84564519222383],[13.92867857357146,53.84564519222383],[13.921478429568566,53.84564519222383],[13.921478429568566,53.84903034328684],[13.9142782855657,53.84564519222383],[13.9142782855657,53.84226004116081],[13.89987799755994,53.8388748900978],[13.892677853557046,53.8388748900978],[13.88547770955418,53.84226004116081],[13.863877277545527,53.84226004116081],[13.827876557531141,53.84903034328684],[13.827876557531141,53.852415494349856],[13.820676413528247,53.8558006454129],[13.820676413528247,53.85918579647591],[13.835076701534007,53.869341249664984],[13.835076701534007,53.872726400728],[13.842276845536901,53.872726400728],[13.849476989539767,53.869341249664984],[13.85667713354266,53.869341249664984],[13.85667713354266,53.872726400728],[13.892677853557046,53.87949670285403],[13.89987799755994,53.87949670285403],[13.921478429568566,53.8896521560431],[13.92867857357146,53.896422458169155],[13.92867857357146,53.89980760923217],[13.935878717574326,53.90996306242124],[13.935878717574326,53.913348213484255],[13.92867857357146,53.93704427092541],[13.921478429568566,53.947199724114455],[13.921478429568566,53.9505848751775],[13.9142782855657,53.95397002624051],[13.89987799755994,53.96412547942958],[13.892677853557046,53.96412547942958],[13.892677853557046,53.9675106304926],[13.89987799755994,53.98105123474468],[13.89987799755994,53.9844363858077],[13.907078141562806,53.98782153687071],[13.907078141562806,53.991206687933754],[13.9142782855657,53.991206687933754],[13.935878717574326,53.99459183899677],[13.94307886157722,53.99459183899677],[13.950279005580086,53.99459183899677],[13.95747914958298,53.991206687933754],[13.964679293585846,53.991206687933754],[13.964679293585846,53.98782153687071],[13.97187943758874,53.97089578155561],[13.95747914958298,53.96412547942958],[13.95747914958298,53.96074032836654],[13.950279005580086,53.96074032836654],[13.950279005580086,53.957355177303526],[13.950279005580086,53.94381457305144],[13.950279005580086,53.93704427092541],[13.95747914958298,53.93365911986237],[13.964679293585846,53.947199724114455],[13.964679293585846,53.95397002624051],[13.964679293585846,53.957355177303526],[13.979079581591606,53.96074032836654],[13.993479869597365,53.96074032836654],[14.022280445608885,53.96412547942958],[14.022280445608885,53.96074032836654],[14.022280445608885,53.957355177303526],[14.01508030160602,53.957355177303526],[14.007880157603125,53.95397002624051],[14.007880157603125,53.9505848751775],[14.01508030160602,53.9505848751775],[14.01508030160602,53.947199724114455],[14.02948058961178,53.94381457305144],[14.036680733614645,53.940429421988426],[14.04388087761754,53.940429421988426],[14.04388087761754,53.94381457305144],[14.04388087761754,53.947199724114455],[14.04388087761754,53.99797699005978],[14.04388087761754,54.008132443248854],[14.04388087761754,54.01151759431187],[14.036680733614645,54.01490274537488],[14.02948058961178,54.0182878964379],[14.022280445608885,54.02167304750094],[14.01508030160602,54.02167304750094],[13.993479869597365,54.04536910494207],[13.97187943758874,54.058909709194154],[13.964679293585846,54.0622948602572],[13.921478429568566,54.0622948602572],[13.9142782855657,54.0622948602572],[13.907078141562806,54.04536910494207],[13.9142782855657,54.041983953879054],[13.92867857357146,54.035213651753025],[13.935878717574326,54.02844334962697],[13.935878717574326,54.025058198563954],[13.92867857357146,54.0182878964379],[13.863877277545527,54.0013621411228],[13.85667713354266,54.0013621411228],[13.849476989539767,54.008132443248854],[13.849476989539767,54.01151759431187],[13.849476989539767,54.01490274537488],[13.85667713354266,54.01490274537488],[13.85667713354266,54.0182878964379],[13.863877277545527,54.025058198563954],[13.87107742154842,54.03182850068998],[13.878277565551286,54.035213651753025],[13.878277565551286,54.03859880281604],[13.878277565551286,54.041983953879054],[13.87107742154842,54.04536910494207],[13.85667713354266,54.04875425600511],[13.849476989539767,54.04536910494207],[13.842276845536901,54.04536910494207],[13.813476269525381,54.03182850068998],[13.806276125522487,54.02844334962697],[13.799075981519621,54.02167304750094],[13.799075981519621,54.0182878964379],[13.784675693513861,54.0182878964379],[13.777475549510967,54.0182878964379],[13.770275405508102,54.0182878964379],[13.770275405508102,54.02167304750094],[13.763075261505207,54.025058198563954],[13.763075261505207,54.02844334962697],[13.763075261505207,54.03182850068998],[13.76787535750716,54.03859880281606],[13.772675453509047,54.041983953879054],[13.777475549510967,54.041983953879054]],[[13.92867857357146,53.852415494349856],[13.92867857357146,53.84903034328684],[13.935878717574326,53.84903034328684],[13.94307886157722,53.84903034328684],[13.950279005580086,53.852415494349856],[13.950279005580086,53.8558006454129],[13.95747914958298,53.8558006454129],[13.950279005580086,53.85918579647591],[13.950279005580086,53.86257094753893],[13.92867857357146,53.869341249664984],[13.92867857357146,53.86257094753893],[13.923278465569286,53.852415494349856],[13.92867857357146,53.852415494349856]]],[[[13.208664173283438,54.458357534630665],[13.251865037300718,54.47189813888275],[13.266265325306478,54.47528328994579],[13.266265325306478,54.47866844100881],[13.273465469309372,54.47866844100881],[13.273465469309372,54.48205359207182],[13.230264605292092,54.502364498449964],[13.201464029280572,54.502364498449964],[13.194263885277678,54.502364498449964],[13.172663453269053,54.50574964951298],[13.165463309266158,54.51251995163901],[13.165463309266158,54.51590510270205],[13.151063021260399,54.54298631120622],[13.165463309266158,54.546371462269235],[13.230264605292092,54.553141764395264],[13.244664893297852,54.553141764395264],[13.287865757315132,54.54298631120622],[13.287865757315132,54.53283085801715],[13.287865757315132,54.52267540482808],[13.302266045320891,54.51590510270205],[13.309466189323757,54.51590510270205],[13.309466189323757,54.52267540482808],[13.302266045320891,54.546371462269235],[13.295065901317997,54.546371462269235],[13.295065901317997,54.54975661333225],[13.295065901317997,54.553141764395264],[13.302266045320891,54.55652691545828],[13.323866477329517,54.56668236864735],[13.345466909338171,54.57683782183642],[13.352667053341037,54.580222972899435],[13.359867197343931,54.580222972899435],[13.367067341346797,54.580222972899435],[13.367067341346797,54.57683782183642],[13.367067341346797,54.573452670773406],[13.352667053341037,54.55652691545828],[13.345466909338171,54.553141764395264],[13.345466909338171,54.52267540482808],[13.345466909338171,54.519290253765064],[13.352667053341037,54.519290253765064],[13.37426748534969,54.52267540482808],[13.381467629352557,54.529445706954135],[13.38866777335545,54.529445706954135],[13.38866777335545,54.53283085801715],[13.38866777335545,54.536216009080164],[13.38866777335545,54.53960116014318],[13.37426748534969,54.54298631120622],[13.359867197343931,54.546371462269235],[13.352667053341037,54.546371462269235],[13.352667053341037,54.54975661333225],[13.359867197343931,54.54975661333225],[13.359867197343931,54.55652691545828],[13.367067341346797,54.55652691545828],[13.37426748534969,54.55991206652132],[13.40306806136121,54.529445706954135],[13.410268205364076,54.52606055589109],[13.410268205364076,54.519290253765064],[13.41746834936697,54.51590510270205],[13.410268205364076,54.51590510270205],[13.410268205364076,54.51251995163901],[13.40306806136121,54.50913480057599],[13.40306806136121,54.50574964951298],[13.40306806136121,54.502364498449964],[13.410268205364076,54.49559419632391],[13.410268205364076,54.49220904526089],[13.44626892537849,54.485438743134836],[13.482269645392876,54.47189813888275],[13.47506950139001,54.458357534630665],[13.467869357387116,54.45497238356765],[13.467869357387116,54.451587232504636],[13.47506950139001,54.451587232504636],[13.496669933398636,54.451587232504636],[13.50387007740153,54.451587232504636],[13.511070221404395,54.44481693037858],[13.511070221404395,54.441431779315565],[13.50387007740153,54.434661477189536],[13.482269645392876,54.434661477189536],[13.482269645392876,54.43804662825255],[13.48946978939577,54.441431779315565],[13.496669933398636,54.44481693037858],[13.496669933398636,54.44820208144162],[13.48946978939577,54.44481693037858],[13.482269645392876,54.441431779315565],[13.47506950139001,54.43804662825255],[13.47506950139001,54.42789117506348],[13.47506950139001,54.424506024000465],[13.482269645392876,54.424506024000465],[13.511070221404395,54.41773572187441],[13.53267065341305,54.41773572187441],[13.539870797415915,54.41773572187441],[13.554271085421675,54.43804662825255],[13.554271085421675,54.441431779315565],[13.54707094141881,54.47189813888275],[13.54707094141881,54.47528328994579],[13.539870797415915,54.47528328994579],[13.539870797415915,54.47866844100881],[13.53267065341305,54.47866844100881],[13.525470509410155,54.47866844100881],[13.51827036540729,54.47866844100881],[13.511070221404395,54.47866844100881],[13.511070221404395,54.50913480057599],[13.511070221404395,54.55652691545828],[13.482269645392876,54.55652691545828],[13.482269645392876,54.553141764395264],[13.44626892537849,54.54975661333225],[13.44626892537849,54.553141764395264],[13.40306806136121,54.573452670773406],[13.381467629352557,54.590378426088506],[13.381467629352557,54.59376357715152],[13.381467629352557,54.597148728214535],[13.367067341346797,54.61407448352966],[13.359867197343931,54.61068933246662],[13.352667053341037,54.61068933246662],[13.331066621332411,54.590378426088506],[13.316666333326651,54.580222972899435],[13.273465469309372,54.563297217584335],[13.244664893297852,54.55652691545828],[13.244664893297852,54.55991206652132],[13.244664893297852,54.563297217584335],[13.251865037300718,54.590378426088506],[13.259065181303612,54.590378426088506],[13.259065181303612,54.59376357715152],[13.266265325306478,54.60053387927758],[13.273465469309372,54.60391903034059],[13.273465469309372,54.607304181403606],[13.280665613312237,54.61407448352966],[13.287865757315132,54.63100023884476],[13.287865757315132,54.63777054097079],[13.287865757315132,54.641155692033834],[13.280665613312237,54.64454084309685],[13.273465469309372,54.64454084309685],[13.266265325306478,54.641155692033834],[13.259065181303612,54.641155692033834],[13.244664893297852,54.63438538990778],[13.237464749294958,54.63100023884476],[13.230264605292092,54.624229936718706],[13.223064461289198,54.624229936718706],[13.215864317286332,54.63438538990778],[13.215864317286332,54.63777054097079],[13.223064461289198,54.64454084309685],[13.230264605292092,54.64792599415986],[13.237464749294958,54.65131114522288],[13.244664893297852,54.658081447348934],[13.273465469309372,54.668236900538005],[13.287865757315132,54.675007202664034],[13.359867197343931,54.68177750479009],[13.40306806136121,54.68177750479009],[13.424668493369836,54.685162655853105],[13.43186863737273,54.68177750479009],[13.43186863737273,54.66485174947496],[13.43186863737273,54.66146659841195],[13.424668493369836,54.658081447348934],[13.41746834936697,54.65469629628592],[13.395867917358316,54.65131114522288],[13.38866777335545,54.65131114522288],[13.381467629352557,54.64792599415986],[13.381467629352557,54.64454084309685],[13.37426748534969,54.63777054097079],[13.37426748534969,54.63438538990778],[13.37426748534969,54.63100023884476],[13.37426748534969,54.624229936718706],[13.381467629352557,54.62084478565569],[13.381467629352557,54.61068933246662],[13.38866777335545,54.60391903034059],[13.395867917358316,54.597148728214535],[13.40306806136121,54.58699327502549],[13.41746834936697,54.580222972899435],[13.424668493369836,54.57683782183642],[13.424668493369836,54.573452670773406],[13.43186863737273,54.573452670773406],[13.439068781375596,54.573452670773406],[13.44626892537849,54.57006751971036],[13.453469069381356,54.57006751971036],[13.46066921338425,54.57006751971036],[13.511070221404395,54.573452670773406],[13.54707094141881,54.580222972899435],[13.604672093441849,54.58699327502549],[13.619072381447609,54.58699327502549],[13.633472669453369,54.58360812396245],[13.640672813456234,54.58360812396245],[13.662273245464888,54.57683782183642],[13.662273245464888,54.573452670773406],[13.676673533470648,54.56668236864735],[13.676673533470648,54.563297217584335],[13.676673533470648,54.546371462269235],[13.676673533470648,54.54298631120622],[13.676673533470648,54.536216009080164],[13.676673533470648,54.53283085801715],[13.676673533470648,54.529445706954135],[13.669473389467754,54.52267540482808],[13.669473389467754,54.519290253765064],[13.662273245464888,54.519290253765064],[13.647872957459128,54.51251995163901],[13.633472669453369,54.50913480057599],[13.611872237444715,54.49897934738692],[13.604672093441849,54.49897934738692],[13.575871517430329,54.47866844100881],[13.575871517430329,54.47528328994579],[13.568671373427435,54.47528328994579],[13.568671373427435,54.47189813888275],[13.568671373427435,54.468512987819736],[13.568671373427435,54.46512783675672],[13.568671373427435,54.458357534630665],[13.568671373427435,54.451587232504636],[13.575871517430329,54.44820208144162],[13.575871517430329,54.441431779315565],[13.590271805436089,54.424506024000465],[13.590271805436089,54.42112087293745],[13.597471949438955,54.41773572187441],[13.604672093441849,54.407580268685365],[13.611872237444715,54.40419511762232],[13.619072381447609,54.40080996655931],[13.626272525450474,54.40080996655931],[13.647872957459128,54.40080996655931],[13.655073101461994,54.40080996655931],[13.662273245464888,54.40080996655931],[13.662273245464888,54.40419511762232],[13.669473389467754,54.40419511762232],[13.669473389467754,54.40080996655931],[13.698273965479274,54.38388421124421],[13.734274685493688,54.35003270061401],[13.734274685493688,54.33310694529888],[13.719874397487928,54.312796038920766],[13.719874397487928,54.30941088785775],[13.712674253485034,54.302640585731695],[13.712674253485034,54.29248513254262],[13.712674253485034,54.28909998147961],[13.719874397487928,54.285714830416595],[13.719874397487928,54.27894452829054],[13.719874397487928,54.27555937722752],[13.719874397487928,54.27217422616451],[13.712674253485034,54.268789075101495],[13.705474109482168,54.268789075101495],[13.683873677473514,54.27894452829054],[13.683873677473514,54.28232967935358],[13.683873677473514,54.285714830416595],[13.691073821476408,54.28909998147961],[13.691073821476408,54.285714830416595],[13.691073821476408,54.28232967935358],[13.698273965479274,54.28232967935358],[13.698273965479274,54.27894452829054],[13.705474109482168,54.27894452829054],[13.705474109482168,54.28232967935358],[13.705474109482168,54.28909998147961],[13.705474109482168,54.29248513254262],[13.705474109482168,54.295870283605666],[13.698273965479274,54.295870283605666],[13.676673533470648,54.29248513254262],[13.662273245464888,54.28909998147961],[13.655073101461994,54.28909998147961],[13.647872957459128,54.28909998147961],[13.647872957459128,54.29248513254262],[13.647872957459128,54.295870283605666],[13.647872957459128,54.29925543466868],[13.647872957459128,54.302640585731695],[13.655073101461994,54.302640585731695],[13.662273245464888,54.30602573679471],[13.676673533470648,54.30941088785775],[13.698273965479274,54.31618118998378],[13.698273965479274,54.319566341046794],[13.705474109482168,54.32295149210984],[13.705474109482168,54.32633664317285],[13.683873677473514,54.35003270061401],[13.597471949438955,54.35003270061401],[13.50387007740153,54.34326239848795],[13.467869357387116,54.32633664317285],[13.37426748534969,54.27894452829054],[13.352667053341037,54.268789075101495],[13.359867197343931,54.24847816872335],[13.367067341346797,54.251863319786366],[13.367067341346797,54.25524847084941],[13.359867197343931,54.25524847084941],[13.359867197343931,54.25863362191242],[13.359867197343931,54.26201877297544],[13.367067341346797,54.26540392403845],[13.40306806136121,54.26540392403845],[13.40306806136121,54.26201877297544],[13.41746834936697,54.25524847084941],[13.41746834936697,54.24847816872335],[13.424668493369836,54.24509301766034],[13.424668493369836,54.23832271553428],[13.41746834936697,54.23493756447127],[13.41746834936697,54.23155241340825],[13.40306806136121,54.22816726234524],[13.38866777335545,54.224782111282195],[13.323866477329517,54.23832271553428],[13.316666333326651,54.23832271553428],[13.295065901317997,54.251863319786366],[13.316666333326651,54.24509301766034],[13.323866477329517,54.24509301766034],[13.323866477329517,54.24847816872335],[13.338266765335277,54.27555937722752],[13.338266765335277,54.27894452829054],[13.331066621332411,54.27894452829054],[13.309466189323757,54.268789075101495],[13.309466189323757,54.26540392403845],[13.287865757315132,54.25863362191242],[13.273465469309372,54.25524847084941],[13.266265325306478,54.251863319786366],[13.266265325306478,54.25524847084941],[13.259065181303612,54.25524847084941],[13.208664173283438,54.27217422616451],[13.201464029280572,54.28909998147961],[13.151063021260399,54.285714830416595],[13.143862877257533,54.295870283605666],[13.115062301246013,54.33310694529888],[13.115062301246013,54.33987724742494],[13.115062301246013,54.346647549550966],[13.122262445248879,54.36695845592911],[13.129462589251773,54.37034360699212],[13.129462589251773,54.37372875805514],[13.136662733254639,54.37372875805514],[13.143862877257533,54.37372875805514],[13.151063021260399,54.37372875805514],[13.194263885277678,54.37711390911815],[13.201464029280572,54.37372875805514],[13.201464029280572,54.37034360699212],[13.215864317286332,54.37034360699212],[13.223064461289198,54.37034360699212],[13.237464749294958,54.37034360699212],[13.259065181303612,54.380499060181194],[13.259065181303612,54.38388421124421],[13.230264605292092,54.41096541974838],[13.215864317286332,54.41773572187441],[13.201464029280572,54.424506024000465],[13.187063741274812,54.424506024000465],[13.158263165263293,54.42112087293745],[13.151063021260399,54.42112087293745],[13.151063021260399,54.424506024000465],[13.151063021260399,54.42789117506348],[13.158263165263293,54.434661477189536],[13.158263165263293,54.43804662825255],[13.165463309266158,54.44820208144162],[13.165463309266158,54.451587232504636],[13.172663453269053,54.451587232504636],[13.179863597271918,54.45497238356765],[13.187063741274812,54.45497238356765],[13.194263885277678,54.45497238356765],[13.208664173283438,54.458357534630665]]]]}},{"type":"Feature","properties":{"name":"Sachsen","cartodb_id":13,"created_at":"2013-11-30T06:05:29+0100","updated_at":"2013-11-30T06:05:29+0100"},"geometry":{"type":"Polygon","coordinates":[[[13.0790615812316,51.62160094381886],[13.086261725234493,51.61144549062979],[13.100662013240253,51.60806033956678],[13.115062301246013,51.614830641692805],[13.158263165263293,51.60129003744072],[13.158263165263293,51.59113458425168],[13.151063021260399,51.57759397999959],[13.143862877257533,51.570823677873534],[13.151063021260399,51.564053375747505],[13.158263165263293,51.56066822468446],[13.187063741274812,51.54035731830635],[13.208664173283438,51.52343156299125],[13.208664173283438,51.50989095873916],[13.208664173283438,51.50650580767615],[13.201464029280572,51.49296520342406],[13.201464029280572,51.48958005236102],[13.201464029280572,51.459113692793835],[13.194263885277678,51.442187937478735],[13.187063741274812,51.425262182163635],[13.201464029280572,51.41849188003758],[13.208664173283438,51.40833642684851],[13.215864317286332,51.398180973659464],[13.215864317286332,51.39479582259642],[13.251865037300718,51.39479582259642],[13.287865757315132,51.398180973659464],[13.287865757315132,51.41172157791155],[13.323866477329517,51.432032484289664],[13.331066621332411,51.43541763535268],[13.410268205364076,51.442187937478735],[13.424668493369836,51.42864733322665],[13.43186863737273,51.42864733322665],[13.46066921338425,51.41849188003758],[13.51827036540729,51.40156612472248],[13.525470509410155,51.38464036940738],[13.539870797415915,51.37109976515529],[13.54707094141881,51.37109976515529],[13.554271085421675,51.381255218344336],[13.568671373427435,51.38464036940738],[13.590271805436089,51.38464036940738],[13.597471949438955,51.37109976515529],[13.683873677473514,51.36771461409228],[13.691073821476408,51.37448491621831],[13.698273965479274,51.37109976515529],[13.705474109482168,51.36771461409228],[13.719874397487928,51.364329463029236],[13.741474829496553,51.36094431196622],[13.777475549510967,51.36094431196622],[13.820676413528247,51.37109976515529],[13.835076701534007,51.37787006728132],[13.835076701534007,51.381255218344336],[13.835076701534007,51.38464036940738],[13.85667713354266,51.381255218344336],[13.863877277545527,51.381255218344336],[13.863877277545527,51.37787006728132],[13.87107742154842,51.37787006728132],[13.878277565551286,51.37448491621831],[13.88547770955418,51.37448491621831],[13.907078141562806,51.37787006728132],[13.94307886157722,51.39141067153341],[13.97187943758874,51.38464036940738],[14.00068001360026,51.381255218344336],[14.00068001360026,51.39141067153341],[14.007880157603125,51.39479582259642],[14.01508030160602,51.40495127578549],[14.022280445608885,51.40833642684851],[14.036680733614645,51.41849188003758],[14.065481309626165,51.44557308854175],[14.058281165623299,51.459113692793835],[14.087081741634819,51.47942459917198],[14.087081741634819,51.49296520342406],[14.101482029640579,51.51327610980218],[14.108682173643444,51.520046411928234],[14.137482749654964,51.54374246936936],[14.144682893657858,51.54374246936936],[14.166283325666484,51.54035731830635],[14.187883757675138,51.54035731830635],[14.209484189683764,51.54035731830635],[14.274285485709697,51.53358701618032],[14.303086061721217,51.52681671405426],[14.310286205724083,51.52343156299125],[14.317486349726977,51.520046411928234],[14.317486349726977,51.51666126086519],[14.324686493729843,51.51327610980218],[14.353487069741362,51.520046411928234],[14.375087501750016,51.53358701618032],[14.389487789755776,51.54035731830635],[14.389487789755776,51.54374246936936],[14.439888797775922,51.54374246936936],[14.447088941778816,51.54374246936936],[14.447088941778816,51.55051277149542],[14.447088941778816,51.553897922558434],[14.447088941778816,51.55728307362145],[14.454289085781681,51.55728307362145],[14.497489949798961,51.56066822468446],[14.519090381807615,51.553897922558434],[14.54069081381624,51.56066822468446],[14.547890957819135,51.564053375747505],[14.555091101822,51.570823677873534],[14.562291245824895,51.580979131062605],[14.56949138982776,51.580979131062605],[14.58389167783352,51.580979131062605],[14.59829196583928,51.57420882893655],[14.605492109842174,51.553897922558434],[14.612692253845069,51.55051277149542],[14.627092541850828,51.55051277149542],[14.670293405868108,51.55051277149542],[14.677493549870974,51.55051277149542],[14.684693693873868,51.553897922558434],[14.691893837876734,51.56066822468446],[14.706294125882494,51.57759397999959],[14.706294125882494,51.580979131062605],[14.720694413888253,51.58436428212562],[14.727894557891148,51.580979131062605],[14.713494269885388,51.564053375747505],[14.713494269885388,51.56066822468446],[14.727894557891148,51.53020186511728],[14.735094701894013,51.52681671405426],[14.749494989899773,51.52343156299125],[14.763895277905533,51.520046411928234],[14.771095421908427,51.520046411928234],[14.835896717934332,51.49973550555009],[14.850297005940092,51.48958005236102],[14.871897437948746,51.486194901298006],[14.879097581951612,51.486194901298006],[14.886297725954506,51.486194901298006],[14.915098301966026,51.48280975023499],[14.922298445968892,51.48280975023499],[14.943898877977546,51.47265429704592],[14.951099021980411,51.47265429704592],[14.951099021980411,51.469269145982906],[14.951099021980411,51.46588399491989],[14.958299165983306,51.46249884385685],[14.965499309986171,51.448958239604764],[14.972699453989065,51.432032484289664],[14.965499309986171,51.425262182163635],[14.965499309986171,51.41172157791155],[14.965499309986171,51.39141067153341],[14.965499309986171,51.38802552047039],[14.979899597991931,51.34063340558811],[14.994299885997691,51.32370765027298],[14.994299885997691,51.320322499209965],[15.008700174003451,51.313552197083936],[15.030300606012105,51.293241290705794],[15.03750075001497,51.27293038432768],[15.030300606012105,51.242464024760466],[15.015900318006345,51.22892342050838],[15.015900318006345,51.225538269445366],[15.015900318006345,51.21876796731934],[15.015900318006345,51.208612514130266],[15.001500030000585,51.164605550310995],[14.994299885997691,51.14429464393285],[14.994299885997691,51.12398373755474],[14.994299885997691,51.120598586491724],[14.979899597991931,51.076591622672424],[14.972699453989065,51.076591622672424],[14.972699453989065,51.07320647160941],[14.965499309986171,51.07320647160941],[14.965499309986171,51.069821320546396],[14.965499309986171,51.05628071629431],[14.951099021980411,51.03596980991617],[14.936698733974652,51.01904405460107],[14.915098301966026,50.98857769503388],[14.915098301966026,50.9750370907818],[14.886297725954506,50.93441527802554],[14.871897437948746,50.92764497589951],[14.821496429928573,50.887023163143255],[14.821496429928573,50.88363801208021],[14.814296285925707,50.88363801208021],[14.814296285925707,50.8802528610172],[14.814296285925707,50.87686770995418],[14.821496429928573,50.87348255889117],[14.814296285925707,50.853171652513026],[14.799895997919947,50.8294755950719],[14.799895997919947,50.82270529294584],[14.792695853917053,50.81932014188283],[14.763895277905533,50.81932014188283],[14.756695133902667,50.826090444008855],[14.720694413888253,50.83286074613491],[14.684693693873868,50.83963104826094],[14.648692973859454,50.84978650145001],[14.641492829856588,50.853171652513026],[14.619892397847934,50.85655680357604],[14.619892397847934,50.86671225676511],[14.634292685853694,50.8971786163323],[14.641492829856588,50.90056376739534],[14.641492829856588,50.903948918458354],[14.648692973859454,50.903948918458354],[14.648692973859454,50.90733406952137],[14.648692973859454,50.931030126962526],[14.619892397847934,50.92425982483647],[14.605492109842174,50.920874673773454],[14.59829196583928,50.920874673773454],[14.591091821836415,50.91748952271044],[14.58389167783352,50.914104371647426],[14.562291245824895,50.920874673773454],[14.562291245824895,50.92764497589951],[14.56949138982776,50.93441527802554],[14.576691533830655,50.9411855801516],[14.591091821836415,50.96149648652971],[14.591091821836415,50.964881637592725],[14.59829196583928,50.981807392907854],[14.59829196583928,50.98519254397087],[14.562291245824895,51.008888601412025],[14.52629052581048,51.01904405460107],[14.519090381807615,51.01904405460107],[14.497489949798961,51.02242920566408],[14.497489949798961,51.02919950779014],[14.504690093801855,51.03258465885315],[14.511890237804721,51.042740112042225],[14.504690093801855,51.04612526310524],[14.497489949798961,51.04612526310524],[14.490289805796095,51.042740112042225],[14.490289805796095,51.03596980991617],[14.490289805796095,51.02919950779014],[14.490289805796095,51.02242920566408],[14.475889517790336,51.025814356727125],[14.475889517790336,51.02919950779014],[14.468689373787441,51.03596980991617],[14.454289085781681,51.03596980991617],[14.447088941778816,51.03596980991617],[14.425488509770162,51.02242920566408],[14.418288365767296,51.01904405460107],[14.411088221764402,51.01904405460107],[14.339086781735602,51.03935496097921],[14.331886637732737,51.03935496097921],[14.331886637732737,51.042740112042225],[14.317486349726977,51.052895565231296],[14.317486349726977,51.05628071629431],[14.303086061721217,51.05628071629431],[14.288685773715457,51.04612526310524],[14.259885197703937,50.98857769503388],[14.288685773715457,50.97842224184481],[14.310286205724083,50.95472618440368],[14.317486349726977,50.95134103334064],[14.324686493729843,50.95134103334064],[14.375087501750016,50.9411855801516],[14.389487789755776,50.9411855801516],[14.396687933758642,50.93441527802554],[14.396687933758642,50.931030126962526],[14.403888077761536,50.92425982483647],[14.389487789755776,50.90056376739534],[14.382287645752882,50.90056376739534],[14.367887357747122,50.8971786163323],[14.303086061721217,50.88363801208021],[14.288685773715457,50.887023163143255],[14.281485629712563,50.89379346526928],[14.267085341706803,50.8971786163323],[14.245484909698177,50.887023163143255],[14.238284765695283,50.8802528610172],[14.238284765695283,50.87686770995418],[14.231084621692418,50.87348255889117],[14.231084621692418,50.86671225676511],[14.223884477689523,50.85994195463908],[14.202284045680898,50.853171652513026],[14.202284045680898,50.84978650145001],[14.159083181663618,50.846401350387],[14.101482029640579,50.8294755950719],[14.087081741634819,50.826090444008855],[14.079881597631925,50.81932014188283],[14.079881597631925,50.81254983975677],[14.065481309626165,50.81254983975677],[14.022280445608885,50.809164688693755],[14.00068001360026,50.81254983975677],[13.993479869597365,50.81593499081981],[13.993479869597365,50.81932014188283],[13.95747914958298,50.809164688693755],[13.950279005580086,50.792238933378655],[13.935878717574326,50.78885378231564],[13.921478429568566,50.78885378231564],[13.89987799755994,50.792238933378655],[13.89987799755994,50.78885378231564],[13.892677853557046,50.77869832912657],[13.89987799755994,50.75500227168541],[13.89987799755994,50.7516171206224],[13.892677853557046,50.74146166743333],[13.85667713354266,50.72792106318124],[13.849476989539767,50.72453591211823],[13.842276845536901,50.72453591211823],[13.827876557531141,50.72453591211823],[13.820676413528247,50.72453591211823],[13.820676413528247,50.72792106318124],[13.813476269525381,50.731306214244256],[13.806276125522487,50.7346913653073],[13.777475549510967,50.73807651637031],[13.755875117502342,50.7346913653073],[13.755875117502342,50.731306214244256],[13.748674973499448,50.731306214244256],[13.748674973499448,50.72792106318124],[13.741474829496553,50.72792106318124],[13.683873677473514,50.72115076105521],[13.683873677473514,50.72453591211823],[13.669473389467754,50.731306214244256],[13.662273245464888,50.731306214244256],[13.655073101461994,50.731306214244256],[13.640672813456234,50.72792106318124],[13.626272525450474,50.72453591211823],[13.626272525450474,50.714380458929156],[13.597471949438955,50.71099530786614],[13.583071661433195,50.714380458929156],[13.56147122942457,50.714380458929156],[13.554271085421675,50.714380458929156],[13.525470509410155,50.704225005740085],[13.525470509410155,50.70083985467707],[13.525470509410155,50.697454703614056],[13.53267065341305,50.697454703614056],[13.53267065341305,50.69406955255104],[13.539870797415915,50.690684401488],[13.54707094141881,50.677143797235914],[13.525470509410155,50.6399071355427],[13.496669933398636,50.62975168235363],[13.496669933398636,50.626366531290614],[13.496669933398636,50.6229813802276],[13.47506950139001,50.61282592703853],[13.47506950139001,50.609440775975514],[13.467869357387116,50.60267047384946],[13.46066921338425,50.60267047384946],[13.43186863737273,50.609440775975514],[13.41746834936697,50.61621107810154],[13.410268205364076,50.61621107810154],[13.410268205364076,50.61959622916456],[13.410268205364076,50.6229813802276],[13.40306806136121,50.63313683341664],[13.395867917358316,50.6399071355427],[13.381467629352557,50.643292286605714],[13.37426748534969,50.64667743766873],[13.37426748534969,50.643292286605714],[13.37426748534969,50.636521984479685],[13.37426748534969,50.62975168235363],[13.37426748534969,50.626366531290614],[13.367067341346797,50.61959622916456],[13.367067341346797,50.61621107810154],[13.359867197343931,50.61621107810154],[13.338266765335277,50.61282592703853],[13.323866477329517,50.60605562491247],[13.323866477329517,50.60267047384946],[13.323866477329517,50.59928532278644],[13.323866477329517,50.58912986959737],[13.323866477329517,50.58235956747134],[13.323866477329517,50.5789744164083],[13.295065901317997,50.57220411428227],[13.287865757315132,50.58235956747134],[13.280665613312237,50.58912986959737],[13.280665613312237,50.592515020660386],[13.280665613312237,50.59590017172343],[13.259065181303612,50.59590017172343],[13.251865037300718,50.59590017172343],[13.251865037300718,50.592515020660386],[13.237464749294958,50.58574471853436],[13.237464749294958,50.5789744164083],[13.223064461289198,50.565433812156215],[13.223064461289198,50.5620486610932],[13.223064461289198,50.558663510030186],[13.223064461289198,50.55527835896717],[13.230264605292092,50.55527835896717],[13.230264605292092,50.55189320790413],[13.230264605292092,50.548508056841115],[13.194263885277678,50.50111594195883],[13.172663453269053,50.504501093021844],[13.136662733254639,50.51127139514787],[13.100662013240253,50.504501093021844],[13.086261725234493,50.50111594195883],[13.057461149222974,50.50111594195883],[13.043060861217214,50.51127139514787],[13.03586071721432,50.50788624408486],[13.028660573211454,50.50788624408486],[13.02146042920856,50.48419018664373],[13.02146042920856,50.48080503558069],[13.02146042920856,50.47741988451767],[13.02146042920856,50.470649582391644],[13.02146042920856,50.46387928026559],[13.02146042920856,50.46049412920257],[13.014260285205694,50.44018322282443],[12.985459709194174,50.419872316446316],[12.985459709194174,50.4164871653833],[12.97825956519128,50.4164871653833],[12.971059421188414,50.41310201432026],[12.942258845176895,50.40633171219423],[12.90625812516248,50.42325746750933],[12.89185783715672,50.43002776963539],[12.855857117142307,50.44356837388747],[12.841456829136547,50.4503386760135],[12.827056541130787,50.45710897813956],[12.819856397127921,50.45710897813956],[12.791055821116402,50.44695352495049],[12.733454669093362,50.43002776963539],[12.711854237084708,50.41310201432026],[12.704654093081842,50.402946561131216],[12.697453949078948,50.39956141006817],[12.661453229064563,50.409716863257245],[12.603852077041523,50.40633171219423],[12.58225164503287,50.40633171219423],[12.575051501030003,50.402946561131216],[12.575051501030003,50.39956141006817],[12.56785135702711,50.39956141006817],[12.560651213024244,50.39956141006817],[12.546250925018484,50.39956141006817],[12.531850637012724,50.39956141006817],[12.52465049300983,50.39617625900516],[12.51025020500407,50.39617625900516],[12.49584991699831,50.375865352627045],[12.488649772995444,50.375865352627045],[12.488649772995444,50.372480201564],[12.488649772995444,50.36232474837496],[12.46704934098679,50.35216929518589],[12.402248044960885,50.3217029356187],[12.402248044960885,50.31154748242963],[12.402248044960885,50.30816233136662],[12.373447468949365,50.28446627392546],[12.366247324946471,50.281081122862446],[12.366247324946471,50.27431082073639],[12.351847036940711,50.2607702164843],[12.330246604932086,50.226918705854104],[12.323046460929191,50.20660779947596],[12.323046460929191,50.20322264841295],[12.330246604932086,50.20322264841295],[12.330246604932086,50.19983749734993],[12.337446748934951,50.193067195223875],[12.337446748934951,50.17275628884576],[12.330246604932086,50.17275628884576],[12.323046460929191,50.17275628884576],[12.294245884917672,50.176141439908776],[12.287045740914806,50.176141439908776],[12.279845596911912,50.18968204416086],[12.272645452909046,50.19645234628692],[12.279845596911912,50.19983749734993],[12.287045740914806,50.19983749734993],[12.287045740914806,50.20322264841295],[12.287045740914806,50.209992950539004],[12.287045740914806,50.22353355479109],[12.279845596911912,50.226918705854104],[12.272645452909046,50.23368900798013],[12.265445308906152,50.23368900798013],[12.243844876897526,50.2438444611692],[12.236644732894632,50.24722961223222],[12.243844876897526,50.25061476329526],[12.251045020900392,50.253999914358275],[12.215044300886007,50.270925669673375],[12.200644012880247,50.270925669673375],[12.200644012880247,50.29123657605152],[12.200644012880247,50.30816233136662],[12.186243724874487,50.3217029356187],[12.179043580871593,50.3217029356187],[12.107042140842793,50.3217029356187],[12.099841996839928,50.31831778455566],[12.099841996839928,50.3217029356187],[12.092641852837033,50.331858388807746],[12.085441708834168,50.331858388807746],[12.063841276825514,50.331858388807746],[12.056641132822648,50.331858388807746],[12.027840556811128,50.3386286909338],[12.027840556811128,50.34201384199682],[11.99903998079958,50.3555544462489],[11.977439548790954,50.348784144122874],[11.977439548790954,50.35216929518589],[11.977439548790954,50.36232474837496],[11.977439548790954,50.36909505050099],[11.98463969279382,50.375865352627045],[11.977439548790954,50.38602080581609],[11.97023940478806,50.39617625900516],[11.948638972779435,50.4164871653833],[11.934238684773675,50.42325746750933],[11.919838396767915,50.42325746750933],[11.92703854077078,50.426642618572345],[11.92703854077078,50.4334129206984],[11.91263825276502,50.4334129206984],[11.89823796475926,50.436798071761416],[11.891037820756395,50.44356837388747],[11.891037820756395,50.4503386760135],[11.905438108762155,50.453723827076516],[11.934238684773675,50.46049412920257],[11.94143882877654,50.46049412920257],[11.963039260785195,50.48419018664373],[11.963039260785195,50.487575337706744],[11.9558391167823,50.49434563983277],[11.934238684773675,50.51804169727393],[11.919838396767915,50.51804169727393],[11.91263825276502,50.51804169727393],[11.89823796475926,50.514656546210915],[11.883837676753501,50.51804169727393],[11.869437388747741,50.538352603652044],[11.876637532750635,50.5451229057781],[11.883837676753501,50.55189320790413],[11.891037820756395,50.55189320790413],[11.905438108762155,50.55527835896717],[11.92703854077078,50.5620486610932],[11.934238684773675,50.56881896321926],[11.92703854077078,50.575589265345286],[11.92703854077078,50.58574471853436],[11.94143882877654,50.592515020660386],[11.963039260785195,50.59928532278644],[11.977439548790954,50.60605562491247],[11.991839836796714,50.609440775975514],[11.98463969279382,50.61621107810154],[11.977439548790954,50.6229813802276],[11.99903998079958,50.63313683341664],[12.01344026880534,50.636521984479685],[12.020640412808234,50.626366531290614],[12.020640412808234,50.6229813802276],[12.01344026880534,50.61621107810154],[12.027840556811128,50.59928532278644],[12.035040700813994,50.592515020660386],[12.027840556811128,50.5789744164083],[12.027840556811128,50.57220411428227],[12.020640412808234,50.56881896321926],[12.035040700813994,50.55189320790413],[12.049440988819754,50.55189320790413],[12.078241564831274,50.55527835896717],[12.078241564831274,50.56881896321926],[12.078241564831274,50.575589265345286],[12.085441708834168,50.5789744164083],[12.099841996839928,50.575589265345286],[12.121442428848553,50.56881896321926],[12.135842716854313,50.57220411428227],[12.157443148862967,50.57220411428227],[12.157443148862967,50.575589265345286],[12.157443148862967,50.5789744164083],[12.157443148862967,50.58574471853436],[12.143042860857207,50.58574471853436],[12.143042860857207,50.58235956747134],[12.121442428848553,50.58574471853436],[12.114242284845687,50.58912986959737],[12.114242284845687,50.59590017172343],[12.150243004860073,50.62975168235363],[12.157443148862967,50.62975168235363],[12.164643292865833,50.62975168235363],[12.171843436868727,50.6229813802276],[12.179043580871593,50.61282592703853],[12.186243724874487,50.61282592703853],[12.236644732894632,50.626366531290614],[12.265445308906152,50.62975168235363],[12.294245884917672,50.65006258873177],[12.315846316926326,50.66360319298386],[12.323046460929191,50.677143797235914],[12.323046460929191,50.68391409936197],[12.315846316926326,50.687299250424985],[12.308646172923432,50.68391409936197],[12.279845596911912,50.687299250424985],[12.272645452909046,50.687299250424985],[12.265445308906152,50.69406955255104],[12.251045020900392,50.714380458929156],[12.265445308906152,50.72115076105521],[12.272645452909046,50.72453591211823],[12.272645452909046,50.731306214244256],[12.265445308906152,50.73807651637031],[12.243844876897526,50.7346913653073],[12.236644732894632,50.7346913653073],[12.222244444888872,50.74484681849634],[12.229444588891766,50.75838742274843],[12.243844876897526,50.7685428759375],[12.243844876897526,50.765157724874484],[12.258245164903286,50.76177257381147],[12.265445308906152,50.76177257381147],[12.287045740914806,50.775313178063556],[12.287045740914806,50.782083480189584],[12.287045740914806,50.78885378231564],[12.272645452909046,50.78885378231564],[12.265445308906152,50.78885378231564],[12.258245164903286,50.78885378231564],[12.251045020900392,50.78885378231564],[12.251045020900392,50.81593499081981],[12.251045020900392,50.81932014188283],[12.258245164903286,50.81254983975677],[12.279845596911912,50.809164688693755],[12.344646892937845,50.82270529294584],[12.344646892937845,50.83624589719793],[12.351847036940711,50.83963104826094],[12.373447468949365,50.84978650145001],[12.380647612952231,50.84978650145001],[12.387847756955125,50.84978650145001],[12.402248044960885,50.84978650145001],[12.40944818896375,50.846401350387],[12.42384847696951,50.83963104826094],[12.43824876497527,50.846401350387],[12.445448908978165,50.853171652513026],[12.445448908978165,50.8633271057021],[12.459849196983924,50.8802528610172],[12.48144962899255,50.89379346526928],[12.488649772995444,50.89379346526928],[12.52465049300983,50.903948918458354],[12.55345106902135,50.90733406952137],[12.560651213024244,50.90733406952137],[12.56785135702711,50.903948918458354],[12.575051501030003,50.90056376739534],[12.639852797055909,50.903948918458354],[12.654253085061669,50.920874673773454],[12.654253085061669,50.92425982483647],[12.647052941058803,50.92425982483647],[12.639852797055909,50.92764497589951],[12.639852797055909,50.931030126962526],[12.632652653053043,50.937800429088554],[12.625452509050149,50.95134103334064],[12.625452509050149,50.96149648652971],[12.618252365047283,50.981807392907854],[12.611052221044389,50.99534799715994],[12.603852077041523,50.998733148222954],[12.596651933038629,50.9919628460969],[12.58225164503287,50.98857769503388],[12.575051501030003,50.98857769503388],[12.55345106902135,50.998733148222954],[12.53905078101559,51.00550345034898],[12.53905078101559,51.02242920566408],[12.531850637012724,51.025814356727125],[12.517450349006964,51.025814356727125],[12.517450349006964,51.01565890353805],[12.51025020500407,51.01565890353805],[12.503050061001204,51.01565890353805],[12.503050061001204,51.03258465885315],[12.503050061001204,51.052895565231296],[12.46704934098679,51.06305101842034],[12.459849196983924,51.06643616948338],[12.459849196983924,51.08336192479848],[12.42384847696951,51.07997677373547],[12.40944818896375,51.076591622672424],[12.373447468949365,51.076591622672424],[12.359047180943605,51.07997677373547],[12.351847036940711,51.08336192479848],[12.351847036940711,51.09013222692451],[12.351847036940711,51.09690252905057],[12.337446748934951,51.10028768011358],[12.330246604932086,51.103672831176596],[12.294245884917672,51.09013222692451],[12.279845596911912,51.09013222692451],[12.279845596911912,51.09351737798755],[12.279845596911912,51.10028768011358],[12.265445308906152,51.10028768011358],[12.251045020900392,51.10028768011358],[12.229444588891766,51.103672831176596],[12.222244444888872,51.11044313330265],[12.222244444888872,51.120598586491724],[12.229444588891766,51.12398373755474],[12.236644732894632,51.12398373755474],[12.236644732894632,51.12736888861775],[12.243844876897526,51.13075403968077],[12.229444588891766,51.137524341806824],[12.193443868877353,51.14090949286984],[12.193443868877353,51.16122039924798],[12.200644012880247,51.16799070137401],[12.200644012880247,51.18491645668911],[12.200644012880247,51.215382816256295],[12.193443868877353,51.242464024760466],[12.186243724874487,51.25600462901255],[12.171843436868727,51.259389780075594],[12.171843436868727,51.27293038432768],[12.171843436868727,51.276315535390694],[12.171843436868727,51.286470988579765],[12.164643292865833,51.293241290705794],[12.157443148862967,51.303396743894865],[12.150243004860073,51.320322499209965],[12.171843436868727,51.32709280133602],[12.179043580871593,51.32709280133602],[12.193443868877353,51.330477952399036],[12.193443868877353,51.33386310346205],[12.193443868877353,51.35417400984019],[12.193443868877353,51.36094431196622],[12.193443868877353,51.37109976515529],[12.193443868877353,51.37787006728132],[12.186243724874487,51.37787006728132],[12.179043580871593,51.38802552047039],[12.171843436868727,51.41172157791155],[12.179043580871593,51.41172157791155],[12.186243724874487,51.415106728974564],[12.186243724874487,51.42187703110059],[12.186243724874487,51.432032484289664],[12.171843436868727,51.43541763535268],[12.171843436868727,51.42864733322665],[12.157443148862967,51.432032484289664],[12.150243004860073,51.459113692793835],[12.171843436868727,51.469269145982906],[12.200644012880247,51.486194901298006],[12.207844156883112,51.49973550555009],[12.207844156883112,51.503120656613106],[12.200644012880247,51.503120656613106],[12.193443868877353,51.50650580767615],[12.193443868877353,51.520046411928234],[12.193443868877353,51.52343156299125],[12.193443868877353,51.53020186511728],[12.200644012880247,51.53358701618032],[12.207844156883112,51.53358701618032],[12.229444588891766,51.547127620432406],[12.236644732894632,51.553897922558434],[12.251045020900392,51.56066822468446],[12.294245884917672,51.56066822468446],[12.315846316926326,51.56743852681052],[12.323046460929191,51.57759397999959],[12.337446748934951,51.587749433188634],[12.344646892937845,51.587749433188634],[12.366247324946471,51.587749433188634],[12.387847756955125,51.587749433188634],[12.42384847696951,51.59451973531469],[12.431048620972405,51.597904886377705],[12.43824876497527,51.60806033956678],[12.445448908978165,51.60806033956678],[12.445448908978165,51.61144549062979],[12.46704934098679,51.60467518850376],[12.488649772995444,51.60129003744072],[12.49584991699831,51.60129003744072],[12.53905078101559,51.60467518850376],[12.575051501030003,51.614830641692805],[12.58225164503287,51.624986094881876],[12.596651933038629,51.624986094881876],[12.611052221044389,51.614830641692805],[12.611052221044389,51.61144549062979],[12.632652653053043,51.61821579275585],[12.661453229064563,51.63175639700793],[12.675853517070323,51.64868215232303],[12.675853517070323,51.65545245444906],[12.675853517070323,51.658837605512105],[12.683053661073188,51.658837605512105],[12.683053661073188,51.66222275657512],[12.690253805076082,51.66222275657512],[12.711854237084708,51.66222275657512],[12.719054381087602,51.66222275657512],[12.733454669093362,51.65545245444906],[12.747854957099122,51.65206730338605],[12.747854957099122,51.64868215232303],[12.762255245104882,51.64868215232303],[12.776655533110642,51.64868215232303],[12.834256685133681,51.675763360827204],[12.827056541130787,51.68253366295323],[12.841456829136547,51.68253366295323],[12.848656973139441,51.68253366295323],[12.863057261145201,51.675763360827204],[12.863057261145201,51.66560790763813],[12.863057261145201,51.66222275657512],[12.863057261145201,51.65545245444906],[12.899057981159615,51.64868215232303],[12.913458269165375,51.64529700126002],[12.96385927718552,51.65206730338605],[12.96385927718552,51.66560790763813],[12.97825956519128,51.66899305870115],[12.99265985319704,51.66899305870115],[13.014260285205694,51.66560790763813],[13.02146042920856,51.658837605512105],[13.02146042920856,51.65545245444906],[13.02146042920856,51.65206730338605],[13.014260285205694,51.64868215232303],[13.014260285205694,51.64529700126002],[13.02146042920856,51.641911850196976],[13.02146042920856,51.63514154807095],[13.05026100522008,51.64868215232303],[13.0790615812316,51.62160094381886]]]}},{"type":"Feature","properties":{"name":"Sachsen-Anhalt","cartodb_id":14,"created_at":"2013-11-30T06:05:29+0100","updated_at":"2013-11-30T06:05:29+0100"},"geometry":{"type":"Polygon","coordinates":[[[13.02146042920856,51.63514154807095],[13.02146042920856,51.641911850196976],[13.014260285205694,51.64529700126002],[13.014260285205694,51.64868215232303],[13.02146042920856,51.65206730338605],[13.02146042920856,51.65545245444906],[13.02146042920856,51.658837605512105],[13.014260285205694,51.66560790763813],[12.99265985319704,51.66899305870115],[12.97825956519128,51.66899305870115],[12.96385927718552,51.66560790763813],[12.96385927718552,51.65206730338605],[12.913458269165375,51.64529700126002],[12.899057981159615,51.64868215232303],[12.863057261145201,51.65545245444906],[12.863057261145201,51.66222275657512],[12.863057261145201,51.66560790763813],[12.863057261145201,51.675763360827204],[12.848656973139441,51.68253366295323],[12.841456829136547,51.68253366295323],[12.827056541130787,51.68253366295323],[12.834256685133681,51.675763360827204],[12.776655533110642,51.64868215232303],[12.762255245104882,51.64868215232303],[12.747854957099122,51.64868215232303],[12.747854957099122,51.65206730338605],[12.733454669093362,51.65545245444906],[12.719054381087602,51.66222275657512],[12.711854237084708,51.66222275657512],[12.690253805076082,51.66222275657512],[12.683053661073188,51.66222275657512],[12.683053661073188,51.658837605512105],[12.675853517070323,51.658837605512105],[12.675853517070323,51.65545245444906],[12.675853517070323,51.64868215232303],[12.661453229064563,51.63175639700793],[12.632652653053043,51.61821579275585],[12.611052221044389,51.61144549062979],[12.611052221044389,51.614830641692805],[12.596651933038629,51.624986094881876],[12.58225164503287,51.624986094881876],[12.575051501030003,51.614830641692805],[12.53905078101559,51.60467518850376],[12.49584991699831,51.60129003744072],[12.488649772995444,51.60129003744072],[12.46704934098679,51.60467518850376],[12.445448908978165,51.61144549062979],[12.445448908978165,51.60806033956678],[12.43824876497527,51.60806033956678],[12.431048620972405,51.597904886377705],[12.42384847696951,51.59451973531469],[12.387847756955125,51.587749433188634],[12.366247324946471,51.587749433188634],[12.344646892937845,51.587749433188634],[12.337446748934951,51.587749433188634],[12.323046460929191,51.57759397999959],[12.315846316926326,51.56743852681052],[12.294245884917672,51.56066822468446],[12.251045020900392,51.56066822468446],[12.236644732894632,51.553897922558434],[12.229444588891766,51.547127620432406],[12.207844156883112,51.53358701618032],[12.200644012880247,51.53358701618032],[12.193443868877353,51.53020186511728],[12.193443868877353,51.52343156299125],[12.193443868877353,51.520046411928234],[12.193443868877353,51.50650580767615],[12.200644012880247,51.503120656613106],[12.207844156883112,51.503120656613106],[12.207844156883112,51.49973550555009],[12.200644012880247,51.486194901298006],[12.171843436868727,51.469269145982906],[12.150243004860073,51.459113692793835],[12.157443148862967,51.432032484289664],[12.171843436868727,51.42864733322665],[12.171843436868727,51.43541763535268],[12.186243724874487,51.432032484289664],[12.186243724874487,51.42187703110059],[12.186243724874487,51.415106728974564],[12.179043580871593,51.41172157791155],[12.171843436868727,51.41172157791155],[12.179043580871593,51.38802552047039],[12.186243724874487,51.37787006728132],[12.193443868877353,51.37787006728132],[12.193443868877353,51.37109976515529],[12.193443868877353,51.36094431196622],[12.193443868877353,51.35417400984019],[12.193443868877353,51.33386310346205],[12.193443868877353,51.330477952399036],[12.179043580871593,51.32709280133602],[12.171843436868727,51.32709280133602],[12.150243004860073,51.320322499209965],[12.157443148862967,51.303396743894865],[12.164643292865833,51.293241290705794],[12.171843436868727,51.286470988579765],[12.171843436868727,51.276315535390694],[12.171843436868727,51.27293038432768],[12.171843436868727,51.259389780075594],[12.186243724874487,51.25600462901255],[12.193443868877353,51.242464024760466],[12.200644012880247,51.215382816256295],[12.200644012880247,51.18491645668911],[12.200644012880247,51.16799070137401],[12.193443868877353,51.16122039924798],[12.193443868877353,51.14090949286984],[12.229444588891766,51.137524341806824],[12.243844876897526,51.13075403968077],[12.236644732894632,51.12736888861775],[12.236644732894632,51.12398373755474],[12.229444588891766,51.12398373755474],[12.222244444888872,51.120598586491724],[12.222244444888872,51.11044313330265],[12.229444588891766,51.103672831176596],[12.251045020900392,51.10028768011358],[12.265445308906152,51.10028768011358],[12.279845596911912,51.10028768011358],[12.279845596911912,51.09351737798755],[12.279845596911912,51.09013222692451],[12.279845596911912,51.08336192479848],[12.272645452909046,51.07320647160941],[12.258245164903286,51.06643616948338],[12.251045020900392,51.042740112042225],[12.251045020900392,51.03596980991617],[12.265445308906152,51.03935496097921],[12.279845596911912,51.03935496097921],[12.287045740914806,51.03935496097921],[12.294245884917672,51.03258465885315],[12.294245884917672,51.01904405460107],[12.287045740914806,51.01565890353805],[12.265445308906152,50.9919628460969],[12.258245164903286,50.98857769503388],[12.258245164903286,50.98519254397087],[12.243844876897526,50.9750370907818],[12.236644732894632,50.9750370907818],[12.236644732894632,50.96149648652971],[12.243844876897526,50.96149648652971],[12.243844876897526,50.9581113354667],[12.243844876897526,50.95472618440368],[12.236644732894632,50.95472618440368],[12.222244444888872,50.94457073121461],[12.222244444888872,50.9411855801516],[12.215044300886007,50.937800429088554],[12.200644012880247,50.95472618440368],[12.186243724874487,50.9750370907818],[12.179043580871593,50.97842224184481],[12.171843436868727,50.97165193971878],[12.164643292865833,50.96826678865577],[12.164643292865833,50.9581113354667],[12.143042860857207,50.96149648652971],[12.128642572851447,50.96826678865577],[12.107042140842793,50.9750370907818],[12.092641852837033,50.97842224184481],[12.035040700813994,50.97165193971878],[12.020640412808234,50.96826678865577],[12.020640412808234,50.97842224184481],[12.01344026880534,50.98519254397087],[11.977439548790954,51.01565890353805],[11.97023940478806,51.01904405460107],[11.905438108762155,51.04951041416825],[11.883837676753501,51.05628071629431],[11.876637532750635,51.05628071629431],[11.833436668733356,51.052895565231296],[11.804636092721836,51.04612526310524],[11.775835516710316,51.052895565231296],[11.754235084701662,51.05628071629431],[11.711034220684382,51.069821320546396],[11.703834076681517,51.07997677373547],[11.696633932678623,51.086747075861496],[11.696633932678623,51.09351737798755],[11.689433788675757,51.10028768011358],[11.667833356667103,51.11044313330265],[11.646232924658477,51.11044313330265],[11.603032060641198,51.11382828436567],[11.574231484629678,51.11721343542868],[11.567031340626784,51.11721343542868],[11.552631052621024,51.11382828436567],[11.545430908618158,51.103672831176596],[11.487829756595119,51.103672831176596],[11.480629612592224,51.10705798223964],[11.466229324586465,51.11382828436567],[11.459029180583599,51.137524341806824],[11.473429468589359,51.147679794995895],[11.473429468589359,51.15106494605891],[11.487829756595119,51.164605550310995],[11.487829756595119,51.16799070137401],[11.444628892577839,51.208612514130266],[11.43022860457208,51.21199766519328],[11.408628172563425,51.208612514130266],[11.3870277405548,51.208612514130266],[11.365427308546145,51.22215311838235],[11.365427308546145,51.22892342050838],[11.379827596551905,51.23907887369745],[11.379827596551905,51.24584917582351],[11.3870277405548,51.24584917582351],[11.394227884557665,51.23569372263444],[11.40142802856056,51.23569372263444],[11.423028460569185,51.24584917582351],[11.466229324586465,51.28985613964278],[11.473429468589359,51.29662644176881],[11.473429468589359,51.30001159283185],[11.451829036580705,51.313552197083936],[11.43022860457208,51.320322499209965],[11.423028460569185,51.32709280133602],[11.423028460569185,51.33386310346205],[11.423028460569185,51.337248254525065],[11.43022860457208,51.34063340558811],[11.41582831656632,51.34063340558811],[11.40142802856056,51.35078885877715],[11.394227884557665,51.37448491621831],[11.37262745254904,51.38464036940738],[11.365427308546145,51.38464036940738],[11.35822716454328,51.38464036940738],[11.34382687653752,51.38464036940738],[11.32942658853176,51.39141067153341],[11.32942658853176,51.40156612472248],[11.322226444528866,51.41172157791155],[11.30062601252024,51.40833642684851],[11.28622572451448,51.40156612472248],[11.27182543650872,51.40156612472248],[11.250225004500066,51.40156612472248],[11.2430248604972,51.40156612472248],[11.22862457249144,51.40495127578549],[11.207024140482787,51.40833642684851],[11.199823996479921,51.40495127578549],[11.149422988459747,51.40156612472248],[11.127822556451093,51.40833642684851],[11.127822556451093,51.41172157791155],[11.120622412448228,51.415106728974564],[11.070221404428054,51.42864733322665],[11.063021260425188,51.42864733322665],[11.055821116422294,51.42864733322665],[11.048620972419428,51.425262182163635],[11.034220684413668,51.42187703110059],[11.019820396407908,51.41849188003758],[11.012620252405014,51.41849188003758],[11.005420108402149,51.41849188003758],[10.998219964399254,51.41849188003758],[11.005420108402149,51.42864733322665],[10.976619532390629,51.42864733322665],[10.976619532390629,51.432032484289664],[10.969419388387735,51.45234339066781],[10.969419388387735,51.48280975023499],[10.955019100381975,51.49296520342406],[10.947818956379109,51.49973550555009],[10.93341866837335,51.51666126086519],[10.93341866837335,51.53358701618032],[10.897417948358935,51.56066822468446],[10.883017660353175,51.580979131062605],[10.89021780435607,51.597904886377705],[10.89021780435607,51.60129003744072],[10.897417948358935,51.60129003744072],[10.897417948358935,51.597904886377705],[10.897417948358935,51.59451973531469],[10.90461809236183,51.59451973531469],[10.911818236364695,51.59451973531469],[10.926218524370455,51.59451973531469],[10.93341866837335,51.59451973531469],[10.93341866837335,51.597904886377705],[10.93341866837335,51.60129003744072],[10.940618812376215,51.60129003744072],[10.93341866837335,51.60467518850376],[10.926218524370455,51.614830641692805],[10.91901838036759,51.61821579275585],[10.897417948358935,51.61144549062979],[10.86141722834455,51.62837124594489],[10.86141722834455,51.63175639700793],[10.81821636432727,51.641911850196976],[10.811016220324376,51.641911850196976],[10.78941578831575,51.641911850196976],[10.76061521230423,51.64868215232303],[10.724614492289817,51.64529700126002],[10.703014060281191,51.641911850196976],[10.695813916278297,51.641911850196976],[10.695813916278297,51.64529700126002],[10.688613772275431,51.64529700126002],[10.674213484269671,51.66899305870115],[10.667013340266777,51.67914851189022],[10.667013340266777,51.68930396507929],[10.667013340266777,51.69607426720532],[10.631012620252392,51.74008123102459],[10.609412188243738,51.76039213740273],[10.595011900237978,51.76716243952876],[10.580611612232218,51.780703043780846],[10.573411468229352,51.814554554411075],[10.573411468229352,51.841635762915246],[10.573411468229352,51.84502091397826],[10.580611612232218,51.848406065041274],[10.580611612232218,51.85179121610432],[10.587811756235112,51.85179121610432],[10.609412188243738,51.86194666929336],[10.631012620252392,51.87210212248243],[10.638212764255258,51.87887242460849],[10.652613052261017,51.88902787779753],[10.652613052261017,51.892413028860574],[10.652613052261017,51.8991833309866],[10.652613052261017,51.90256848204962],[10.645412908258152,51.90595363311263],[10.645412908258152,51.909338784175674],[10.638212764255258,51.91272393523869],[10.631012620252392,51.9161090863017],[10.616612332246632,51.92287938842776],[10.609412188243738,51.93980514374286],[10.616612332246632,51.94319029480587],[10.623812476249498,51.94996059693193],[10.645412908258152,51.953345747994945],[10.652613052261017,51.95673089905796],[10.645412908258152,51.963501201184016],[10.638212764255258,51.96011605012097],[10.631012620252392,51.96011605012097],[10.623812476249498,51.95673089905796],[10.587811756235112,51.980426956499116],[10.587811756235112,51.98381210756213],[10.580611612232218,51.987197258625145],[10.573411468229352,51.997352711814216],[10.566211324226458,52.00073786287723],[10.559011180223592,52.00412301394027],[10.602212044240872,52.00750816500329],[10.638212764255258,52.014278467129316],[10.652613052261017,52.02443392031839],[10.659813196263912,52.0278190713814],[10.652613052261017,52.03458937350746],[10.645412908258152,52.04135967563349],[10.659813196263912,52.04474482669653],[10.695813916278297,52.048129977759544],[10.703014060281191,52.048129977759544],[10.710214204284057,52.048129977759544],[10.78941578831575,52.05151512882256],[10.80381607632151,52.048129977759544],[10.825416508330136,52.048129977759544],[10.83261665233303,52.048129977759544],[10.84701694033879,52.05151512882256],[10.854217084341656,52.05151512882256],[10.86141722834455,52.05151512882256],[10.86141722834455,52.05490027988557],[10.868617372347416,52.05490027988557],[10.87581751635031,52.058285430948615],[10.93341866837335,52.058285430948615],[10.940618812376215,52.058285430948615],[10.955019100381975,52.058285430948615],[10.962219244384869,52.058285430948615],[10.969419388387735,52.0718260352007],[10.969419388387735,52.075211186263715],[10.969419388387735,52.08536663945276],[10.969419388387735,52.0887517905158],[10.962219244384869,52.0887517905158],[10.955019100381975,52.0887517905158],[10.947818956379109,52.092136941578815],[10.940618812376215,52.092136941578815],[10.940618812376215,52.09552209264183],[10.940618812376215,52.102292394767886],[10.962219244384869,52.1056775458309],[10.962219244384869,52.109062696893915],[10.969419388387735,52.109062696893915],[10.991019820396389,52.11244784795693],[11.012620252405014,52.122603301146],[11.034220684413668,52.136143905398086],[11.063021260425188,52.153069660713186],[11.063021260425188,52.16661026496527],[11.063021260425188,52.17338056709133],[11.055821116422294,52.17338056709133],[11.048620972419428,52.17338056709133],[11.034220684413668,52.17338056709133],[11.027020540410774,52.17338056709133],[11.027020540410774,52.17676571815434],[11.019820396407908,52.17676571815434],[11.012620252405014,52.18015086921736],[11.012620252405014,52.1835360202804],[11.012620252405014,52.186921171343414],[11.012620252405014,52.19030632240643],[11.012620252405014,52.197076624532485],[11.019820396407908,52.20723207772153],[11.027020540410774,52.21061722878457],[11.034220684413668,52.21061722878457],[11.070221404428054,52.2173875309106],[11.077421548430948,52.2173875309106],[11.084621692433814,52.22754298409967],[11.084621692433814,52.2343132862257],[11.070221404428054,52.241083588351756],[11.055821116422294,52.241083588351756],[11.048620972419428,52.25462419260384],[11.034220684413668,52.27154994791894],[11.019820396407908,52.27832025004497],[11.012620252405014,52.28847570323404],[11.012620252405014,52.291860854297056],[11.019820396407908,52.2952460053601],[11.027020540410774,52.2952460053601],[11.034220684413668,52.29863115642311],[11.041420828416534,52.30201630748613],[11.034220684413668,52.3121717606752],[10.998219964399254,52.335867818116355],[10.983819676393495,52.335867818116355],[10.983819676393495,52.342638120242384],[10.991019820396389,52.342638120242384],[11.019820396407908,52.34940842236844],[11.027020540410774,52.3460232713054],[11.034220684413668,52.3460232713054],[11.055821116422294,52.34940842236844],[11.070221404428054,52.35617872449447],[11.077421548430948,52.37310447980957],[11.048620972419428,52.386645084061655],[11.041420828416534,52.3900302351247],[11.034220684413668,52.3900302351247],[11.005420108402149,52.41034114150281],[10.969419388387735,52.430652047880926],[10.93341866837335,52.46111840744814],[10.93341866837335,52.47127386063718],[10.947818956379109,52.48481446488927],[10.983819676393495,52.49496991807834],[11.012620252405014,52.49496991807834],[10.976619532390629,52.52205112658251],[10.962219244384869,52.5355917308346],[10.955019100381975,52.53897688189761],[10.947818956379109,52.54574718402367],[10.940618812376215,52.55590263721274],[10.93341866837335,52.56605809040178],[10.940618812376215,52.58975414784294],[10.955019100381975,52.59313929890595],[10.969419388387735,52.603294752095024],[10.976619532390629,52.60667990315804],[10.976619532390629,52.61006505422105],[10.976619532390629,52.613450205284096],[10.976619532390629,52.62360565847314],[10.962219244384869,52.62699080953618],[10.947818956379109,52.620220507410124],[10.940618812376215,52.61683535634711],[10.926218524370455,52.61006505422105],[10.91901838036759,52.61006505422105],[10.911818236364695,52.61683535634711],[10.911818236364695,52.62699080953618],[10.897417948358935,52.64391656485128],[10.87581751635031,52.664227471229395],[10.86141722834455,52.67438292441847],[10.854217084341656,52.681153226544524],[10.839816796335896,52.69469383079661],[10.83261665233303,52.708234435048695],[10.825416508330136,52.71500473717472],[10.825416508330136,52.71838988823774],[10.811016220324376,52.71500473717472],[10.80381607632151,52.71500473717472],[10.796615932318616,52.71500473717472],[10.78941578831575,52.73193049248982],[10.77501550030999,52.76239685205704],[10.76061521230423,52.77593745630912],[10.753415068301337,52.786092909498166],[10.76061521230423,52.79624836268724],[10.76061521230423,52.79963351375025],[10.767815356307096,52.83348502438048],[10.767815356307096,52.84025532650651],[10.767815356307096,52.84364047756952],[10.796615932318616,52.85041077969558],[10.825416508330136,52.847025628632565],[10.83261665233303,52.847025628632565],[10.839816796335896,52.853795930758594],[10.86141722834455,52.853795930758594],[10.87581751635031,52.847025628632565],[10.89021780435607,52.847025628632565],[10.940618812376215,52.853795930758594],[10.983819676393495,52.880877139262765],[10.983819676393495,52.88426229032578],[10.991019820396389,52.88764744138882],[10.991019820396389,52.90118804564091],[10.991019820396389,52.907958347766936],[10.998219964399254,52.91134349882995],[11.005420108402149,52.91134349882995],[11.027020540410774,52.91472864989299],[11.091821836436708,52.91472864989299],[11.099021980439574,52.91472864989299],[11.099021980439574,52.91134349882995],[11.091821836436708,52.897802894577865],[11.099021980439574,52.897802894577865],[11.106222124442468,52.897802894577865],[11.113422268445333,52.89441774351485],[11.135022700453987,52.897802894577865],[11.156623132462613,52.90118804564091],[11.185423708474161,52.90118804564091],[11.199823996479921,52.90118804564091],[11.207024140482787,52.90118804564091],[11.221424428488547,52.897802894577865],[11.235824716494307,52.88764744138882],[11.27182543650872,52.880877139262765],[11.293425868517346,52.874106837136736],[11.307826156523106,52.87749198819975],[11.315026300526,52.87749198819975],[11.3870277405548,52.90118804564091],[11.451829036580705,52.93165440520809],[11.459029180583599,52.93503955627111],[11.466229324586465,52.93842470733412],[11.487829756595119,52.941809858397164],[11.502230044600879,52.941809858397164],[11.495029900597984,52.958735613712264],[11.509430188603744,53.00612772859455],[11.523830476609504,53.00612772859455],[11.567031340626784,53.012898030720606],[11.595831916638303,53.036594088161735],[11.610232204644063,53.03997923922478],[11.617432348646958,53.03997923922478],[11.624632492649823,53.04336439028779],[11.631832636652717,53.04336439028779],[11.631832636652717,53.03997923922478],[11.639032780655583,53.03997923922478],[11.639032780655583,53.036594088161735],[11.639032780655583,53.03320893709872],[11.639032780655583,53.029823786035706],[11.631832636652717,53.029823786035706],[11.631832636652717,53.02643863497269],[11.624632492649823,53.02305348390965],[11.624632492649823,53.019668332846635],[11.624632492649823,53.01628318178362],[11.624632492649823,53.012898030720606],[11.631832636652717,53.009512879657564],[11.639032780655583,53.00612772859455],[11.675033500669997,53.009512879657564],[11.675033500669997,53.00612772859455],[11.682233644672863,53.00612772859455],[11.682233644672863,53.002742577531535],[11.682233644672863,52.99935742646852],[11.682233644672863,52.99597227540548],[11.682233644672863,52.992587124342464],[11.682233644672863,52.98920197327945],[11.682233644672863,52.985816822216435],[11.689433788675757,52.98243167115339],[11.689433788675757,52.97904652009038],[11.696633932678623,52.97904652009038],[11.696633932678623,52.975661369027364],[11.703834076681517,52.97904652009038],[11.718234364687277,52.98243167115339],[11.725434508690142,52.985816822216435],[11.732634652693037,52.98920197327945],[11.739834796695902,52.98920197327945],[11.747034940698796,52.98920197327945],[11.754235084701662,52.985816822216435],[11.761435228704556,52.98243167115339],[11.768635372707422,52.97904652009038],[11.768635372707422,52.975661369027364],[11.768635372707422,52.97227621796435],[11.775835516710316,52.96889106690131],[11.775835516710316,52.96550591583829],[11.783035660713182,52.96212076477528],[11.783035660713182,52.958735613712264],[11.790235804716076,52.958735613712264],[11.797435948718942,52.958735613712264],[11.804636092721836,52.958735613712264],[11.819036380727596,52.958735613712264],[11.826236524730461,52.958735613712264],[11.833436668733356,52.95535046264925],[11.840636812736221,52.95196531158621],[11.847836956739116,52.94858016052319],[11.847836956739116,52.94519500946018],[11.840636812736221,52.941809858397164],[11.840636812736221,52.93842470733412],[11.826236524730461,52.93165440520809],[11.826236524730461,52.92826925414508],[11.819036380727596,52.924884103082036],[11.819036380727596,52.92149895201902],[11.819036380727596,52.91811380095601],[11.826236524730461,52.91472864989299],[11.826236524730461,52.91134349882995],[11.833436668733356,52.91134349882995],[11.883837676753501,52.897802894577865],[11.934238684773675,52.891032592451836],[11.94143882877654,52.891032592451836],[11.94143882877654,52.88764744138882],[11.948638972779435,52.88764744138882],[11.948638972779435,52.88426229032578],[11.9558391167823,52.88426229032578],[11.9558391167823,52.880877139262765],[11.977439548790954,52.87749198819975],[11.98463969279382,52.87749198819975],[12.006240124802474,52.88426229032578],[12.006240124802474,52.88764744138882],[12.020640412808234,52.891032592451836],[12.035040700813994,52.88764744138882],[12.071041420828408,52.88426229032578],[12.078241564831274,52.880877139262765],[12.107042140842793,52.87749198819975],[12.121442428848553,52.89441774351485],[12.128642572851447,52.891032592451836],[12.121442428848553,52.891032592451836],[12.121442428848553,52.88764744138882],[12.121442428848553,52.87749198819975],[12.121442428848553,52.853795930758594],[12.128642572851447,52.853795930758594],[12.171843436868727,52.863951383947665],[12.200644012880247,52.874106837136736],[12.229444588891766,52.853795930758594],[12.258245164903286,52.80640381587631],[12.258245164903286,52.79963351375025],[12.251045020900392,52.79286321162422],[12.243844876897526,52.78947806056118],[12.222244444888872,52.786092909498166],[12.215044300886007,52.77255230524608],[12.207844156883112,52.76239685205704],[12.200644012880247,52.72177503930078],[12.222244444888872,52.69130867973357],[12.229444588891766,52.69130867973357],[12.236644732894632,52.681153226544524],[12.236644732894632,52.67438292441847],[12.236644732894632,52.66761262229244],[12.236644732894632,52.64391656485128],[12.236644732894632,52.64053141378827],[12.229444588891766,52.630375960599196],[12.222244444888872,52.62699080953618],[12.200644012880247,52.620220507410124],[12.193443868877353,52.620220507410124],[12.186243724874487,52.62360565847314],[12.171843436868727,52.62699080953618],[12.171843436868727,52.61683535634711],[12.171843436868727,52.60667990315804],[12.171843436868727,52.596524449968996],[12.179043580871593,52.57621354359085],[12.157443148862967,52.56267293933877],[12.157443148862967,52.55928778827575],[12.143042860857207,52.53897688189761],[12.143042860857207,52.5355917308346],[12.143042860857207,52.52882142870857],[12.150243004860073,52.52882142870857],[12.164643292865833,52.51528082445648],[12.171843436868727,52.50512537126741],[12.186243724874487,52.498355069141354],[12.200644012880247,52.498355069141354],[12.222244444888872,52.5017402202044],[12.229444588891766,52.50512537126741],[12.229444588891766,52.508510522330425],[12.222244444888872,52.508510522330425],[12.222244444888872,52.51189567339344],[12.229444588891766,52.52205112658251],[12.229444588891766,52.525436277645525],[12.236644732894632,52.525436277645525],[12.258245164903286,52.5186659755195],[12.258245164903286,52.51528082445648],[12.258245164903286,52.51189567339344],[12.265445308906152,52.49496991807834],[12.272645452909046,52.48819961595231],[12.279845596911912,52.48819961595231],[12.287045740914806,52.491584767015325],[12.294245884917672,52.49496991807834],[12.301446028920566,52.49496991807834],[12.315846316926326,52.491584767015325],[12.315846316926326,52.474659011700226],[12.315846316926326,52.45434810532208],[12.301446028920566,52.44080750107],[12.287045740914806,52.4238817457549],[12.294245884917672,52.4069559904398],[12.301446028920566,52.37987478193563],[12.301446028920566,52.37310447980957],[12.287045740914806,52.369719328746555],[12.279845596911912,52.36633417768354],[12.294245884917672,52.352793573431455],[12.308646172923432,52.3460232713054],[12.287045740914806,52.325712364927284],[12.287045740914806,52.32232721386427],[12.279845596911912,52.32232721386427],[12.279845596911912,52.31894206280123],[12.265445308906152,52.29863115642311],[12.265445308906152,52.2952460053601],[12.251045020900392,52.274935098981956],[12.243844876897526,52.247853890477785],[12.251045020900392,52.24446873941477],[12.258245164903286,52.24446873941477],[12.272645452909046,52.241083588351756],[12.272645452909046,52.23769843728874],[12.294245884917672,52.22754298409967],[12.272645452909046,52.214002379847585],[12.258245164903286,52.2173875309106],[12.258245164903286,52.214002379847585],[12.243844876897526,52.21061722878457],[12.222244444888872,52.17676571815434],[12.215044300886007,52.169995416028314],[12.236644732894632,52.14968450965017],[12.243844876897526,52.1395290564611],[12.272645452909046,52.1056775458309],[12.279845596911912,52.1056775458309],[12.279845596911912,52.102292394767886],[12.294245884917672,52.09890724370484],[12.301446028920566,52.09552209264183],[12.308646172923432,52.09552209264183],[12.315846316926326,52.092136941578815],[12.315846316926326,52.0887517905158],[12.323046460929191,52.08536663945276],[12.323046460929191,52.075211186263715],[12.330246604932086,52.06844088413766],[12.330246604932086,52.065055733074644],[12.337446748934951,52.065055733074644],[12.359047180943605,52.048129977759544],[12.373447468949365,52.04135967563349],[12.431048620972405,52.01766361819236],[12.43824876497527,52.01766361819236],[12.445448908978165,52.01766361819236],[12.45264905298103,52.01766361819236],[12.45264905298103,52.02443392031839],[12.459849196983924,52.03458937350746],[12.46704934098679,52.03458937350746],[12.48144962899255,52.03458937350746],[12.48144962899255,52.0278190713814],[12.48144962899255,52.01766361819236],[12.49584991699831,52.0108933160663],[12.503050061001204,52.00750816500329],[12.53905078101559,52.00412301394027],[12.53905078101559,52.00073786287723],[12.53905078101559,51.99058240968819],[12.53905078101559,51.98381210756213],[12.603852077041523,51.980426956499116],[12.618252365047283,51.98381210756213],[12.647052941058803,51.9939675607512],[12.647052941058803,52.00073786287723],[12.647052941058803,52.00750816500329],[12.654253085061669,52.0108933160663],[12.654253085061669,52.014278467129316],[12.661453229064563,52.014278467129316],[12.668653373067428,52.014278467129316],[12.668653373067428,52.0108933160663],[12.675853517070323,52.0108933160663],[12.683053661073188,52.00412301394027],[12.733454669093362,51.987197258625145],[12.762255245104882,51.980426956499116],[12.769455389107748,51.980426956499116],[12.776655533110642,51.96688635224703],[12.783855677113507,51.963501201184016],[12.791055821116402,51.963501201184016],[12.798255965119267,51.963501201184016],[12.805456109122161,51.963501201184016],[12.812656253125027,51.963501201184016],[12.819856397127921,51.963501201184016],[12.827056541130787,51.963501201184016],[12.834256685133681,51.96688635224703],[12.841456829136547,51.96688635224703],[12.848656973139441,51.95673089905796],[12.848656973139441,51.94657544586889],[12.848656973139441,51.936419992679845],[12.884657693153855,51.926264539490774],[12.89185783715672,51.926264539490774],[12.913458269165375,51.9330348416168],[12.92065841316824,51.93980514374286],[12.956659133182654,51.936419992679845],[12.97825956519128,51.91949423736472],[12.985459709194174,51.90256848204962],[13.0070601412028,51.90256848204962],[13.02146042920856,51.90256848204962],[13.043060861217214,51.8991833309866],[13.05026100522008,51.892413028860574],[13.03586071721432,51.87887242460849],[13.028660573211454,51.87887242460849],[13.03586071721432,51.875487273545446],[13.03586071721432,51.87210212248243],[13.0790615812316,51.86871697141942],[13.122262445248879,51.875487273545446],[13.115062301246013,51.8822575756715],[13.129462589251773,51.8822575756715],[13.136662733254639,51.87887242460849],[13.151063021260399,51.87210212248243],[13.151063021260399,51.86194666929336],[13.122262445248879,51.858561518230346],[13.122262445248879,51.85517636716733],[13.136662733254639,51.831480309726174],[13.143862877257533,51.824710007600146],[13.151063021260399,51.8213248565371],[13.165463309266158,51.804399101222],[13.172663453269053,51.7874733459069],[13.172663453269053,51.780703043780846],[13.158263165263293,51.77731789271783],[13.151063021260399,51.76716243952876],[13.151063021260399,51.76039213740273],[13.158263165263293,51.74685153315065],[13.165463309266158,51.74008123102459],[13.179863597271918,51.73331092889856],[13.187063741274812,51.72315547570949],[13.187063741274812,51.71638517358346],[13.158263165263293,51.692689116142304],[13.151063021260399,51.685918814016276],[13.143862877257533,51.68253366295323],[13.122262445248879,51.675763360827204],[13.05026100522008,51.64868215232303],[13.02146042920856,51.63514154807095]]]}},{"type":"Feature","properties":{"name":"Thüringen","cartodb_id":15,"created_at":"2013-11-30T06:05:29+0100","updated_at":"2013-11-30T06:05:29+0100"},"geometry":{"type":"Polygon","coordinates":[[[11.005420108402149,51.41849188003758],[11.012620252405014,51.41849188003758],[11.019820396407908,51.41849188003758],[11.034220684413668,51.42187703110059],[11.048620972419428,51.425262182163635],[11.055821116422294,51.42864733322665],[11.063021260425188,51.42864733322665],[11.070221404428054,51.42864733322665],[11.120622412448228,51.415106728974564],[11.127822556451093,51.41172157791155],[11.127822556451093,51.40833642684851],[11.149422988459747,51.40156612472248],[11.199823996479921,51.40495127578549],[11.207024140482787,51.40833642684851],[11.22862457249144,51.40495127578549],[11.2430248604972,51.40156612472248],[11.250225004500066,51.40156612472248],[11.27182543650872,51.40156612472248],[11.28622572451448,51.40156612472248],[11.30062601252024,51.40833642684851],[11.322226444528866,51.41172157791155],[11.32942658853176,51.40156612472248],[11.32942658853176,51.39141067153341],[11.34382687653752,51.38464036940738],[11.35822716454328,51.38464036940738],[11.365427308546145,51.38464036940738],[11.37262745254904,51.38464036940738],[11.394227884557665,51.37448491621831],[11.40142802856056,51.35078885877715],[11.41582831656632,51.34063340558811],[11.43022860457208,51.34063340558811],[11.423028460569185,51.337248254525065],[11.423028460569185,51.33386310346205],[11.423028460569185,51.32709280133602],[11.43022860457208,51.320322499209965],[11.451829036580705,51.313552197083936],[11.473429468589359,51.30001159283185],[11.473429468589359,51.29662644176881],[11.466229324586465,51.28985613964278],[11.423028460569185,51.24584917582351],[11.40142802856056,51.23569372263444],[11.394227884557665,51.23569372263444],[11.3870277405548,51.24584917582351],[11.379827596551905,51.24584917582351],[11.379827596551905,51.23907887369745],[11.365427308546145,51.22892342050838],[11.365427308546145,51.22215311838235],[11.3870277405548,51.208612514130266],[11.408628172563425,51.208612514130266],[11.43022860457208,51.21199766519328],[11.444628892577839,51.208612514130266],[11.487829756595119,51.16799070137401],[11.487829756595119,51.164605550310995],[11.473429468589359,51.15106494605891],[11.473429468589359,51.147679794995895],[11.459029180583599,51.137524341806824],[11.466229324586465,51.11382828436567],[11.480629612592224,51.10705798223964],[11.487829756595119,51.103672831176596],[11.545430908618158,51.103672831176596],[11.552631052621024,51.11382828436567],[11.567031340626784,51.11721343542868],[11.574231484629678,51.11721343542868],[11.603032060641198,51.11382828436567],[11.646232924658477,51.11044313330265],[11.667833356667103,51.11044313330265],[11.689433788675757,51.10028768011358],[11.696633932678623,51.09351737798755],[11.696633932678623,51.086747075861496],[11.703834076681517,51.07997677373547],[11.711034220684382,51.069821320546396],[11.754235084701662,51.05628071629431],[11.775835516710316,51.052895565231296],[11.804636092721836,51.04612526310524],[11.833436668733356,51.052895565231296],[11.876637532750635,51.05628071629431],[11.883837676753501,51.05628071629431],[11.905438108762155,51.04951041416825],[11.97023940478806,51.01904405460107],[11.977439548790954,51.01565890353805],[12.01344026880534,50.98519254397087],[12.020640412808234,50.97842224184481],[12.020640412808234,50.96826678865577],[12.035040700813994,50.97165193971878],[12.092641852837033,50.97842224184481],[12.107042140842793,50.9750370907818],[12.128642572851447,50.96826678865577],[12.143042860857207,50.96149648652971],[12.164643292865833,50.9581113354667],[12.164643292865833,50.96826678865577],[12.171843436868727,50.97165193971878],[12.179043580871593,50.97842224184481],[12.186243724874487,50.9750370907818],[12.200644012880247,50.95472618440368],[12.215044300886007,50.937800429088554],[12.222244444888872,50.9411855801516],[12.222244444888872,50.94457073121461],[12.236644732894632,50.95472618440368],[12.243844876897526,50.95472618440368],[12.243844876897526,50.9581113354667],[12.243844876897526,50.96149648652971],[12.236644732894632,50.96149648652971],[12.236644732894632,50.9750370907818],[12.243844876897526,50.9750370907818],[12.258245164903286,50.98519254397087],[12.258245164903286,50.98857769503388],[12.265445308906152,50.9919628460969],[12.287045740914806,51.01565890353805],[12.294245884917672,51.01904405460107],[12.294245884917672,51.03258465885315],[12.287045740914806,51.03935496097921],[12.279845596911912,51.03935496097921],[12.265445308906152,51.03935496097921],[12.251045020900392,51.03596980991617],[12.251045020900392,51.042740112042225],[12.258245164903286,51.06643616948338],[12.272645452909046,51.07320647160941],[12.279845596911912,51.08336192479848],[12.279845596911912,51.09013222692451],[12.294245884917672,51.09013222692451],[12.330246604932086,51.103672831176596],[12.337446748934951,51.10028768011358],[12.351847036940711,51.09690252905057],[12.351847036940711,51.09013222692451],[12.351847036940711,51.08336192479848],[12.359047180943605,51.07997677373547],[12.373447468949365,51.076591622672424],[12.40944818896375,51.076591622672424],[12.42384847696951,51.07997677373547],[12.459849196983924,51.08336192479848],[12.459849196983924,51.06643616948338],[12.46704934098679,51.06305101842034],[12.503050061001204,51.052895565231296],[12.503050061001204,51.03258465885315],[12.503050061001204,51.01565890353805],[12.51025020500407,51.01565890353805],[12.517450349006964,51.01565890353805],[12.517450349006964,51.025814356727125],[12.531850637012724,51.025814356727125],[12.53905078101559,51.02242920566408],[12.53905078101559,51.00550345034898],[12.55345106902135,50.998733148222954],[12.575051501030003,50.98857769503388],[12.58225164503287,50.98857769503388],[12.596651933038629,50.9919628460969],[12.603852077041523,50.998733148222954],[12.611052221044389,50.99534799715994],[12.618252365047283,50.981807392907854],[12.625452509050149,50.96149648652971],[12.625452509050149,50.95134103334064],[12.632652653053043,50.937800429088554],[12.639852797055909,50.931030126962526],[12.639852797055909,50.92764497589951],[12.647052941058803,50.92425982483647],[12.654253085061669,50.92425982483647],[12.654253085061669,50.920874673773454],[12.639852797055909,50.903948918458354],[12.575051501030003,50.90056376739534],[12.56785135702711,50.903948918458354],[12.560651213024244,50.90733406952137],[12.55345106902135,50.90733406952137],[12.52465049300983,50.903948918458354],[12.488649772995444,50.89379346526928],[12.48144962899255,50.89379346526928],[12.459849196983924,50.8802528610172],[12.445448908978165,50.8633271057021],[12.445448908978165,50.853171652513026],[12.43824876497527,50.846401350387],[12.42384847696951,50.83963104826094],[12.40944818896375,50.846401350387],[12.402248044960885,50.84978650145001],[12.387847756955125,50.84978650145001],[12.380647612952231,50.84978650145001],[12.373447468949365,50.84978650145001],[12.351847036940711,50.83963104826094],[12.344646892937845,50.83624589719793],[12.344646892937845,50.82270529294584],[12.279845596911912,50.809164688693755],[12.258245164903286,50.81254983975677],[12.251045020900392,50.81932014188283],[12.251045020900392,50.81593499081981],[12.251045020900392,50.78885378231564],[12.258245164903286,50.78885378231564],[12.265445308906152,50.78885378231564],[12.272645452909046,50.78885378231564],[12.287045740914806,50.78885378231564],[12.287045740914806,50.782083480189584],[12.287045740914806,50.775313178063556],[12.265445308906152,50.76177257381147],[12.258245164903286,50.76177257381147],[12.243844876897526,50.765157724874484],[12.243844876897526,50.7685428759375],[12.229444588891766,50.75838742274843],[12.222244444888872,50.74484681849634],[12.236644732894632,50.7346913653073],[12.243844876897526,50.7346913653073],[12.265445308906152,50.73807651637031],[12.272645452909046,50.731306214244256],[12.272645452909046,50.72453591211823],[12.265445308906152,50.72115076105521],[12.251045020900392,50.714380458929156],[12.265445308906152,50.69406955255104],[12.272645452909046,50.687299250424985],[12.279845596911912,50.687299250424985],[12.308646172923432,50.68391409936197],[12.315846316926326,50.687299250424985],[12.323046460929191,50.68391409936197],[12.323046460929191,50.677143797235914],[12.315846316926326,50.66360319298386],[12.294245884917672,50.65006258873177],[12.265445308906152,50.62975168235363],[12.236644732894632,50.626366531290614],[12.186243724874487,50.61282592703853],[12.179043580871593,50.61282592703853],[12.171843436868727,50.6229813802276],[12.164643292865833,50.62975168235363],[12.157443148862967,50.62975168235363],[12.150243004860073,50.62975168235363],[12.114242284845687,50.59590017172343],[12.114242284845687,50.58912986959737],[12.121442428848553,50.58574471853436],[12.143042860857207,50.58235956747134],[12.143042860857207,50.58574471853436],[12.157443148862967,50.58574471853436],[12.157443148862967,50.5789744164083],[12.157443148862967,50.575589265345286],[12.157443148862967,50.57220411428227],[12.135842716854313,50.57220411428227],[12.121442428848553,50.56881896321926],[12.099841996839928,50.575589265345286],[12.085441708834168,50.5789744164083],[12.078241564831274,50.575589265345286],[12.078241564831274,50.56881896321926],[12.078241564831274,50.55527835896717],[12.049440988819754,50.55189320790413],[12.035040700813994,50.55189320790413],[12.020640412808234,50.56881896321926],[12.027840556811128,50.57220411428227],[12.027840556811128,50.5789744164083],[12.035040700813994,50.592515020660386],[12.027840556811128,50.59928532278644],[12.01344026880534,50.61621107810154],[12.020640412808234,50.6229813802276],[12.020640412808234,50.626366531290614],[12.01344026880534,50.636521984479685],[11.99903998079958,50.63313683341664],[11.977439548790954,50.6229813802276],[11.98463969279382,50.61621107810154],[11.991839836796714,50.609440775975514],[11.977439548790954,50.60605562491247],[11.963039260785195,50.59928532278644],[11.94143882877654,50.592515020660386],[11.92703854077078,50.58574471853436],[11.92703854077078,50.575589265345286],[11.934238684773675,50.56881896321926],[11.92703854077078,50.5620486610932],[11.905438108762155,50.55527835896717],[11.891037820756395,50.55189320790413],[11.883837676753501,50.55189320790413],[11.876637532750635,50.5451229057781],[11.869437388747741,50.538352603652044],[11.883837676753501,50.51804169727393],[11.89823796475926,50.514656546210915],[11.91263825276502,50.51804169727393],[11.919838396767915,50.51804169727393],[11.934238684773675,50.51804169727393],[11.9558391167823,50.49434563983277],[11.963039260785195,50.487575337706744],[11.963039260785195,50.48419018664373],[11.94143882877654,50.46049412920257],[11.934238684773675,50.46049412920257],[11.905438108762155,50.453723827076516],[11.891037820756395,50.4503386760135],[11.891037820756395,50.44356837388747],[11.89823796475926,50.436798071761416],[11.91263825276502,50.4334129206984],[11.92703854077078,50.4334129206984],[11.92703854077078,50.426642618572345],[11.919838396767915,50.42325746750933],[11.91263825276502,50.42325746750933],[11.883837676753501,50.4164871653833],[11.883837676753501,50.41310201432026],[11.876637532750635,50.409716863257245],[11.869437388747741,50.39956141006817],[11.826236524730461,50.38940595687913],[11.819036380727596,50.38940595687913],[11.819036380727596,50.392791107942145],[11.811836236724702,50.39956141006817],[11.804636092721836,50.41310201432026],[11.797435948718942,50.4164871653833],[11.797435948718942,50.419872316446316],[11.790235804716076,50.419872316446316],[11.775835516710316,50.4164871653833],[11.754235084701662,50.41310201432026],[11.739834796695902,50.409716863257245],[11.696633932678623,50.39956141006817],[11.624632492649823,50.38602080581609],[11.617432348646958,50.38602080581609],[11.617432348646958,50.38940595687913],[11.603032060641198,50.39956141006817],[11.595831916638303,50.39956141006817],[11.595831916638303,50.402946561131216],[11.574231484629678,50.39956141006817],[11.567031340626784,50.39617625900516],[11.567031340626784,50.392791107942145],[11.567031340626784,50.38940595687913],[11.567031340626784,50.38602080581609],[11.559831196623918,50.382635654753074],[11.531030620612398,50.37925050369006],[11.523830476609504,50.37925050369006],[11.495029900597984,50.39956141006817],[11.480629612592224,50.43002776963539],[11.480629612592224,50.4334129206984],[11.451829036580705,50.43002776963539],[11.423028460569185,50.44018322282443],[11.423028460569185,50.44356837388747],[11.423028460569185,50.44695352495049],[11.41582831656632,50.4503386760135],[11.41582831656632,50.470649582391644],[11.41582831656632,50.49434563983277],[11.43022860457208,50.49096048876976],[11.437428748574945,50.49096048876976],[11.437428748574945,50.49434563983277],[11.437428748574945,50.49773079089579],[11.437428748574945,50.50111594195883],[11.43022860457208,50.50788624408486],[11.43022860457208,50.51127139514787],[11.43022860457208,50.514656546210915],[11.423028460569185,50.514656546210915],[11.37262745254904,50.521426848336944],[11.365427308546145,50.521426848336944],[11.34382687653752,50.521426848336944],[11.32942658853176,50.50788624408486],[11.322226444528866,50.49773079089579],[11.322226444528866,50.49096048876976],[11.30062601252024,50.48419018664373],[11.28622572451448,50.48419018664373],[11.27182543650872,50.48080503558069],[11.264625292505826,50.48080503558069],[11.25742514850296,50.48080503558069],[11.250225004500066,50.48080503558069],[11.250225004500066,50.47741988451767],[11.2430248604972,50.470649582391644],[11.250225004500066,50.4672644313286],[11.250225004500066,50.46387928026559],[11.264625292505826,50.44356837388747],[11.264625292505826,50.4334129206984],[11.264625292505826,50.43002776963539],[11.264625292505826,50.4164871653833],[11.27182543650872,50.392791107942145],[11.279025580511586,50.37925050369006],[11.28622572451448,50.36232474837496],[11.28622572451448,50.35893959731192],[11.279025580511586,50.3555544462489],[11.264625292505826,50.3555544462489],[11.25742514850296,50.3217029356187],[11.25742514850296,50.30139202924056],[11.264625292505826,50.27431082073639],[11.250225004500066,50.26754051861036],[11.22862457249144,50.27769597179943],[11.214224284485681,50.28446627392546],[11.199823996479921,50.29123657605152],[11.192623852477027,50.281081122862446],[11.192623852477027,50.270925669673375],[11.185423708474161,50.270925669673375],[11.178223564471267,50.26754051861036],[11.149422988459747,50.28446627392546],[11.142222844456853,50.287851424988474],[11.135022700453987,50.30139202924056],[11.135022700453987,50.3047771803036],[11.135022700453987,50.31154748242963],[11.142222844456853,50.31831778455566],[11.149422988459747,50.3217029356187],[11.156623132462613,50.32508808668172],[11.156623132462613,50.32847323774473],[11.156623132462613,50.331858388807746],[11.135022700453987,50.348784144122874],[11.113422268445333,50.365709899437974],[11.113422268445333,50.36909505050099],[11.099021980439574,50.36909505050099],[11.091821836436708,50.365709899437974],[11.084621692433814,50.3555544462489],[11.041420828416534,50.34539899305983],[11.034220684413668,50.34539899305983],[11.034220684413668,50.35216929518589],[11.041420828416534,50.35216929518589],[11.034220684413668,50.36232474837496],[11.005420108402149,50.365709899437974],[10.991019820396389,50.365709899437974],[10.991019820396389,50.3555544462489],[10.983819676393495,50.35216929518589],[10.955019100381975,50.36909505050099],[10.955019100381975,50.375865352627045],[10.947818956379109,50.382635654753074],[10.947818956379109,50.38602080581609],[10.940618812376215,50.392791107942145],[10.93341866837335,50.392791107942145],[10.911818236364695,50.38602080581609],[10.897417948358935,50.38602080581609],[10.86141722834455,50.38602080581609],[10.78941578831575,50.38602080581609],[10.782215644312856,50.37925050369006],[10.77501550030999,50.372480201564],[10.76061521230423,50.35893959731192],[10.753415068301337,50.35893959731192],[10.74621492429847,50.35893959731192],[10.739014780295577,50.36232474837496],[10.717414348286951,50.36232474837496],[10.710214204284057,50.3555544462489],[10.717414348286951,50.3217029356187],[10.767815356307096,50.29462172711453],[10.80381607632151,50.27769597179943],[10.83261665233303,50.27431082073639],[10.839816796335896,50.27431082073639],[10.84701694033879,50.270925669673375],[10.84701694033879,50.264155367547346],[10.854217084341656,50.253999914358275],[10.84701694033879,50.2438444611692],[10.83261665233303,50.24045931010619],[10.825416508330136,50.237074159043175],[10.767815356307096,50.24045931010619],[10.74621492429847,50.2438444611692],[10.74621492429847,50.24722961223222],[10.731814636292711,50.25061476329526],[10.724614492289817,50.25061476329526],[10.724614492289817,50.24722961223222],[10.724614492289817,50.23030385691712],[10.731814636292711,50.23030385691712],[10.731814636292711,50.21337810160202],[10.724614492289817,50.20660779947596],[10.717414348286951,50.20322264841295],[10.695813916278297,50.21337810160202],[10.688613772275431,50.22014840372805],[10.674213484269671,50.22353355479109],[10.659813196263912,50.226918705854104],[10.638212764255258,50.22353355479109],[10.609412188243738,50.22353355479109],[10.609412188243738,50.226918705854104],[10.602212044240872,50.2438444611692],[10.587811756235112,50.270925669673375],[10.595011900237978,50.27769597179943],[10.602212044240872,50.30139202924056],[10.602212044240872,50.33524353987079],[10.573411468229352,50.3386286909338],[10.566211324226458,50.3386286909338],[10.551811036220698,50.3555544462489],[10.523010460209179,50.3555544462489],[10.515810316206313,50.348784144122874],[10.515810316206313,50.35216929518589],[10.501410028200553,50.35893959731192],[10.472609452189033,50.372480201564],[10.458209164183273,50.38940595687913],[10.45100902018038,50.402946561131216],[10.443808876177513,50.402946561131216],[10.43660873217462,50.402946561131216],[10.43660873217462,50.39956141006817],[10.43660873217462,50.39617625900516],[10.42220844416886,50.392791107942145],[10.39340786815734,50.39617625900516],[10.386207724154474,50.39956141006817],[10.386207724154474,50.402946561131216],[10.386207724154474,50.409716863257245],[10.39340786815734,50.43002776963539],[10.36460729214582,50.44695352495049],[10.35020700414006,50.46049412920257],[10.343006860137194,50.48419018664373],[10.328606572131434,50.49434563983277],[10.30700614012278,50.49434563983277],[10.242204844096847,50.514656546210915],[10.235004700093981,50.531582301526015],[10.206204124082461,50.55527835896717],[10.199003980079567,50.55527835896717],[10.191803836076701,50.55527835896717],[10.148602972059422,50.55189320790413],[10.148602972059422,50.548508056841115],[10.148602972059422,50.541737754715086],[10.141402828056528,50.541737754715086],[10.127002540050768,50.548508056841115],[10.127002540050768,50.55189320790413],[10.127002540050768,50.558663510030186],[10.127002540050768,50.5620486610932],[10.119802396047902,50.565433812156215],[10.105402108042142,50.5620486610932],[10.098201964039248,50.558663510030186],[10.098201964039248,50.55527835896717],[10.091001820036382,50.548508056841115],[10.069401388027728,50.531582301526015],[10.069401388027728,50.528197150463],[10.047800956019103,50.51804169727393],[10.040600812016208,50.51804169727393],[10.040600812016208,50.528197150463],[10.047800956019103,50.5451229057781],[10.055001100021968,50.55527835896717],[10.047800956019103,50.59590017172343],[10.047800956019103,50.59928532278644],[10.040600812016208,50.60267047384946],[10.040600812016208,50.61282592703853],[10.047800956019103,50.6229813802276],[10.055001100021968,50.626366531290614],[10.069401388027728,50.626366531290614],[10.069401388027728,50.61959622916456],[10.076601532030622,50.61959622916456],[10.083801676033488,50.61959622916456],[10.083801676033488,50.63313683341664],[10.076601532030622,50.636521984479685],[10.069401388027728,50.6568328908578],[10.055001100021968,50.6737586461729],[10.047800956019103,50.6737586461729],[10.033400668013343,50.6737586461729],[9.997399947998929,50.677143797235914],[9.990199803996063,50.6737586461729],[9.961399227984543,50.670373495109885],[9.95419908398165,50.66698834404687],[9.95419908398165,50.66360319298386],[9.946998939978783,50.66360319298386],[9.946998939978783,50.660218041920814],[9.95419908398165,50.6568328908578],[9.968599371987409,50.643292286605714],[9.961399227984543,50.62975168235363],[9.946998939978783,50.626366531290614],[9.88219764395285,50.63313683341664],[9.874997499949984,50.643292286605714],[9.88219764395285,50.66698834404687],[9.89659793195861,50.68391409936197],[9.918198363967264,50.70083985467707],[9.932598651973024,50.72453591211823],[9.93979879597589,50.73807651637031],[9.93979879597589,50.75500227168541],[9.92539850797013,50.7685428759375],[9.946998939978783,50.77192802700051],[9.95419908398165,50.775313178063556],[9.95419908398165,50.7854686312526],[9.946998939978783,50.79562408444167],[9.946998939978783,50.799009235504684],[9.946998939978783,50.81932014188283],[9.95419908398165,50.81932014188283],[9.968599371987409,50.8294755950719],[9.975799515990303,50.83286074613491],[9.990199803996063,50.8294755950719],[9.997399947998929,50.826090444008855],[10.026200524010449,50.83286074613491],[10.040600812016208,50.846401350387],[10.040600812016208,50.853171652513026],[10.033400668013343,50.853171652513026],[10.026200524010449,50.84978650145001],[10.019000380007583,50.84978650145001],[10.019000380007583,50.85655680357604],[10.026200524010449,50.86671225676511],[10.040600812016208,50.87348255889117],[10.062201244024862,50.88363801208021],[10.055001100021968,50.89040831420627],[10.011800236004689,50.920874673773454],[9.990199803996063,50.93441527802554],[9.968599371987409,50.931030126962526],[9.961399227984543,50.92425982483647],[9.946998939978783,50.92764497589951],[9.95419908398165,50.937800429088554],[9.961399227984543,50.9411855801516],[9.968599371987409,50.94457073121461],[9.982999659993169,50.9411855801516],[9.997399947998929,50.937800429088554],[10.011800236004689,50.93441527802554],[10.047800956019103,50.937800429088554],[10.055001100021968,50.9411855801516],[10.062201244024862,50.94457073121461],[10.062201244024862,50.947955882277626],[10.040600812016208,50.96826678865577],[10.026200524010449,50.98519254397087],[10.019000380007583,50.99534799715994],[10.033400668013343,51.008888601412025],[10.033400668013343,51.01227375247504],[10.040600812016208,51.01227375247504],[10.055001100021968,51.01227375247504],[10.076601532030622,51.01227375247504],[10.105402108042142,51.00550345034898],[10.127002540050768,51.00211829928597],[10.127002540050768,50.998733148222954],[10.134202684053662,50.998733148222954],[10.134202684053662,50.99534799715994],[10.141402828056528,50.99534799715994],[10.148602972059422,50.99534799715994],[10.177403548070941,50.998733148222954],[10.184603692073807,50.998733148222954],[10.206204124082461,51.008888601412025],[10.213404268085327,51.025814356727125],[10.206204124082461,51.03596980991617],[10.199003980079567,51.042740112042225],[10.184603692073807,51.04951041416825],[10.170203404068047,51.04951041416825],[10.148602972059422,51.05628071629431],[10.141402828056528,51.059665867357324],[10.148602972059422,51.086747075861496],[10.155803116062287,51.09690252905057],[10.163003260065182,51.09690252905057],[10.170203404068047,51.10705798223964],[10.163003260065182,51.120598586491724],[10.148602972059422,51.12398373755474],[10.119802396047902,51.137524341806824],[10.119802396047902,51.14090949286984],[10.127002540050768,51.14429464393285],[10.170203404068047,51.154450097121924],[10.184603692073807,51.14090949286984],[10.184603692073807,51.13413919074381],[10.177403548070941,51.12736888861775],[10.191803836076701,51.11721343542868],[10.191803836076701,51.11382828436567],[10.199003980079567,51.11382828436567],[10.213404268085327,51.11721343542868],[10.213404268085327,51.14090949286984],[10.206204124082461,51.14429464393285],[10.206204124082461,51.147679794995895],[10.199003980079567,51.147679794995895],[10.199003980079567,51.15106494605891],[10.206204124082461,51.164605550310995],[10.227804556091087,51.174761003500066],[10.235004700093981,51.181531305626095],[10.227804556091087,51.18830160775215],[10.213404268085327,51.191686758815166],[10.184603692073807,51.208612514130266],[10.177403548070941,51.208612514130266],[10.163003260065182,51.21199766519328],[10.112602252045008,51.21876796731934],[10.076601532030622,51.225538269445366],[10.069401388027728,51.225538269445366],[10.069401388027728,51.22892342050838],[10.062201244024862,51.26954523326464],[10.062201244024862,51.276315535390694],[10.055001100021968,51.27970068645371],[10.040600812016208,51.27970068645371],[9.982999659993169,51.28308583751672],[9.968599371987409,51.286470988579765],[9.932598651973024,51.34063340558811],[9.92539850797013,51.35417400984019],[9.92539850797013,51.37109976515529],[9.92539850797013,51.37448491621831],[9.93979879597589,51.37787006728132],[9.990199803996063,51.398180973659464],[10.004600092001823,51.40495127578549],[10.033400668013343,51.42187703110059],[10.040600812016208,51.42864733322665],[10.076601532030622,51.43541763535268],[10.091001820036382,51.43541763535268],[10.105402108042142,51.43541763535268],[10.141402828056528,51.42864733322665],[10.148602972059422,51.432032484289664],[10.155803116062287,51.432032484289664],[10.177403548070941,51.469269145982906],[10.191803836076701,51.47942459917198],[10.206204124082461,51.486194901298006],[10.213404268085327,51.47942459917198],[10.235004700093981,51.47942459917198],[10.299805996119915,51.49296520342406],[10.299805996119915,51.49635035448708],[10.343006860137194,51.520046411928234],[10.36460729214582,51.536972167243334],[10.36460729214582,51.54035731830635],[10.371807436148714,51.553897922558434],[10.36460729214582,51.553897922558434],[10.37900758015158,51.56066822468446],[10.37900758015158,51.564053375747505],[10.37900758015158,51.56743852681052],[10.37900758015158,51.570823677873534],[10.37900758015158,51.57759397999959],[10.37900758015158,51.580979131062605],[10.386207724154474,51.587749433188634],[10.429408588171754,51.59113458425168],[10.443808876177513,51.587749433188634],[10.494209884197659,51.57420882893655],[10.501410028200553,51.56066822468446],[10.508610172203419,51.55728307362145],[10.515810316206313,51.553897922558434],[10.559011180223592,51.55728307362145],[10.587811756235112,51.56743852681052],[10.595011900237978,51.57420882893655],[10.631012620252392,51.56743852681052],[10.631012620252392,51.564053375747505],[10.638212764255258,51.56066822468446],[10.652613052261017,51.56066822468446],[10.659813196263912,51.56743852681052],[10.667013340266777,51.57420882893655],[10.667013340266777,51.57759397999959],[10.645412908258152,51.58436428212562],[10.638212764255258,51.58436428212562],[10.631012620252392,51.597904886377705],[10.631012620252392,51.60129003744072],[10.638212764255258,51.61821579275585],[10.638212764255258,51.62160094381886],[10.659813196263912,51.624986094881876],[10.667013340266777,51.62837124594489],[10.674213484269671,51.63175639700793],[10.674213484269671,51.63852669913396],[10.703014060281191,51.641911850196976],[10.724614492289817,51.64529700126002],[10.76061521230423,51.64868215232303],[10.78941578831575,51.641911850196976],[10.811016220324376,51.641911850196976],[10.81821636432727,51.641911850196976],[10.86141722834455,51.63175639700793],[10.86141722834455,51.62837124594489],[10.897417948358935,51.61144549062979],[10.91901838036759,51.61821579275585],[10.926218524370455,51.614830641692805],[10.93341866837335,51.60467518850376],[10.940618812376215,51.60129003744072],[10.93341866837335,51.60129003744072],[10.93341866837335,51.597904886377705],[10.93341866837335,51.59451973531469],[10.926218524370455,51.59451973531469],[10.911818236364695,51.59451973531469],[10.90461809236183,51.59451973531469],[10.897417948358935,51.59451973531469],[10.897417948358935,51.597904886377705],[10.897417948358935,51.60129003744072],[10.89021780435607,51.60129003744072],[10.89021780435607,51.597904886377705],[10.883017660353175,51.580979131062605],[10.897417948358935,51.56066822468446],[10.93341866837335,51.53358701618032],[10.93341866837335,51.51666126086519],[10.947818956379109,51.49973550555009],[10.955019100381975,51.49296520342406],[10.969419388387735,51.48280975023499],[10.969419388387735,51.45234339066781],[10.976619532390629,51.432032484289664],[10.976619532390629,51.42864733322665],[11.005420108402149,51.42864733322665],[10.998219964399254,51.41849188003758],[11.005420108402149,51.41849188003758]]]}},{"type":"Feature","properties":{"name":"Schleswig-Holstein","cartodb_id":16,"created_at":"2013-11-30T06:05:29+0100","updated_at":"2013-11-30T06:05:29+0100"},"geometry":{"type":"MultiPolygon","coordinates":[[[[8.470969419388354,54.68177750479009],[8.398967979359554,54.69870326010519],[8.398967979359554,54.702088411168205],[8.391767835356688,54.70547356223122],[8.391767835356688,54.712243864357276],[8.391767835356688,54.71562901542029],[8.398967979359554,54.72239931754632],[8.398967979359554,54.729169619672376],[8.406168123362448,54.73255477073539],[8.406168123362448,54.735939921798405],[8.413368267365314,54.73932507286145],[8.420568411368208,54.74271022392446],[8.427768555371074,54.746095374987476],[8.427768555371074,54.74948052605049],[8.434968699373968,54.74948052605049],[8.470969419388354,54.75286567711353],[8.521370427408527,54.75625082817655],[8.535770715414287,54.75625082817655],[8.542970859417153,54.75625082817655],[8.557371147422913,54.75286567711353],[8.571771435428673,54.74948052605049],[8.578971579431567,54.746095374987476],[8.586171723434461,54.746095374987476],[8.586171723434461,54.74271022392446],[8.60057201144022,54.719014166483305],[8.564571291425807,54.68177750479009],[8.564571291425807,54.67839235372705],[8.550171003420047,54.67839235372705],[8.499769995399873,54.67839235372705],[8.485369707394113,54.67839235372705],[8.478169563391248,54.68177750479009],[8.470969419388354,54.68177750479009]]],[[[10.969419388387735,53.913348213484255],[10.969419388387735,53.90996306242124],[10.969419388387735,53.9065779113582],[10.962219244384869,53.9065779113582],[10.911818236364695,53.896422458169155],[10.911818236364695,53.89980760923217],[10.90461809236183,53.89980760923217],[10.90461809236183,53.903192760295184],[10.90461809236183,53.9065779113582],[10.868617372347416,53.913348213484255],[10.84701694033879,53.89980760923217],[10.80381607632151,53.87611155179101],[10.78941578831575,53.87611155179101],[10.77501550030999,53.87611155179101],[10.77501550030999,53.872726400728],[10.74621492429847,53.852415494349856],[10.74621492429847,53.835489739034756],[10.753415068301337,53.83210458797174],[10.753415068301337,53.82871943690873],[10.76061521230423,53.82871943690873],[10.76061521230423,53.82533428584571],[10.76061521230423,53.82194913478267],[10.76061521230423,53.818563983719656],[10.767815356307096,53.81179368159363],[10.77501550030999,53.79825307734154],[10.77501550030999,53.7948679262785],[10.77501550030999,53.791482775215485],[10.767815356307096,53.774557019900385],[10.767815356307096,53.77117186883737],[10.76061521230423,53.76778671777433],[10.767815356307096,53.75086096245923],[10.811016220324376,53.72039460289204],[10.825416508330136,53.713624300765986],[10.825416508330136,53.71023914970297],[10.854217084341656,53.70346884757694],[10.86141722834455,53.70346884757694],[10.87581751635031,53.7000836965139],[10.883017660353175,53.70346884757694],[10.883017660353175,53.70685399863996],[10.90461809236183,53.70346884757694],[10.926218524370455,53.7000836965139],[10.940618812376215,53.6831579411988],[10.947818956379109,53.67300248800973],[10.940618812376215,53.67300248800973],[10.940618812376215,53.6662321858837],[10.955019100381975,53.6493064305686],[10.93341866837335,53.6323806752535],[10.926218524370455,53.62899552419046],[10.926218524370455,53.61545491993837],[10.926218524370455,53.591758862497244],[10.926218524370455,53.58498856037119],[10.911818236364695,53.5714479561191],[10.86141722834455,53.56467765399307],[10.854217084341656,53.56467765399307],[10.84701694033879,53.56467765399307],[10.84701694033879,53.56806280505609],[10.84701694033879,53.5714479561191],[10.839816796335896,53.574833107182116],[10.825416508330136,53.574833107182116],[10.825416508330136,53.5714479561191],[10.825416508330136,53.554522200804],[10.83261665233303,53.54436674761493],[10.811016220324376,53.513900388047745],[10.77501550030999,53.496974632732645],[10.753415068301337,53.48343402848056],[10.717414348286951,53.4766637263545],[10.695813916278297,53.45635281997639],[10.659813196263912,53.4597379710394],[10.652613052261017,53.4597379710394],[10.638212764255258,53.45635281997639],[10.631012620252392,53.452967668913374],[10.616612332246632,53.4258864604092],[10.616612332246632,53.42250130934616],[10.616612332246632,53.419116158283146],[10.616612332246632,53.41234585615712],[10.623812476249498,53.39880525190503],[10.623812476249498,53.39542010084199],[10.616612332246632,53.385264647652946],[10.616612332246632,53.3818794965899],[10.602212044240872,53.37849434552689],[10.595011900237978,53.37849434552689],[10.595011900237978,53.3649537412748],[10.595011900237978,53.36156859021179],[10.580611612232218,53.358183439148775],[10.573411468229352,53.36156859021179],[10.544610892217833,53.36833889233782],[10.530210604212073,53.37172404340086],[10.508610172203419,53.37172404340086],[10.501410028200553,53.375109194463874],[10.494209884197659,53.375109194463874],[10.472609452189033,53.385264647652946],[10.45100902018038,53.392034949778974],[10.443808876177513,53.392034949778974],[10.429408588171754,53.39880525190503],[10.415008300165994,53.40557555403106],[10.400608012160234,53.41234585615712],[10.39340786815734,53.41573100722013],[10.37900758015158,53.42250130934616],[10.371807436148714,53.4258864604092],[10.36460729214582,53.4258864604092],[10.35020700414006,53.4258864604092],[10.3358067161343,53.4258864604092],[10.328606572131434,53.4258864604092],[10.30700614012278,53.43265676253523],[10.314206284125675,53.43942706466129],[10.32140642812854,53.44958251785033],[10.314206284125675,53.44958251785033],[10.30700614012278,53.44958251785033],[10.30700614012278,53.44619736678732],[10.30700614012278,53.4428122157243],[10.242204844096847,53.48343402848056],[10.235004700093981,53.4935894816696],[10.220604412088221,53.50035978379566],[10.163003260065182,53.52067069017377],[10.163003260065182,53.52744099229983],[10.148602972059422,53.557907351867016],[10.148602972059422,53.56467765399307],[10.148602972059422,53.57821825824516],[10.163003260065182,53.58498856037119],[10.170203404068047,53.58160340930817],[10.191803836076701,53.58498856037119],[10.191803836076701,53.5883737114342],[10.199003980079567,53.59852916462327],[10.191803836076701,53.608684617812344],[10.220604412088221,53.625610373127444],[10.220604412088221,53.6323806752535],[10.177403548070941,53.662847034820686],[10.141402828056528,53.67638763907277],[10.141402828056528,53.679772790135786],[10.155803116062287,53.68992824332486],[10.184603692073807,53.71023914970297],[10.191803836076701,53.72377975395506],[10.191803836076701,53.730550056081114],[10.163003260065182,53.73732035820714],[10.141402828056528,53.72716490501807],[10.127002540050768,53.72039460289204],[10.098201964039248,53.72039460289204],[10.091001820036382,53.72039460289204],[10.083801676033488,53.72039460289204],[10.069401388027728,53.71023914970297],[10.069401388027728,53.70685399863996],[10.076601532030622,53.70346884757694],[10.069401388027728,53.679772790135786],[10.047800956019103,53.67638763907277],[10.040600812016208,53.6831579411988],[9.997399947998929,53.679772790135786],[9.990199803996063,53.67300248800973],[9.990199803996063,53.669617336946715],[9.990199803996063,53.662847034820686],[9.990199803996063,53.65946188375767],[9.982999659993169,53.6493064305686],[9.968599371987409,53.6493064305686],[9.946998939978783,53.652691581631615],[9.918198363967264,53.652691581631615],[9.903798075961504,53.652691581631615],[9.903798075961504,53.64253612844254],[9.903798075961504,53.635765826316515],[9.89659793195861,53.6323806752535],[9.88219764395285,53.62222522206443],[9.83899677993557,53.591758862497244],[9.831796635932704,53.58498856037119],[9.82459649192981,53.58498856037119],[9.817396347926945,53.5883737114342],[9.81019620392405,53.5883737114342],[9.81019620392405,53.591758862497244],[9.79579591591829,53.59852916462327],[9.76699533990677,53.61545491993837],[9.76699533990677,53.62222522206443],[9.76699533990677,53.62899552419046],[9.759795195903905,53.625610373127444],[9.745394907898145,53.59852916462327],[9.745394907898145,53.591758862497244],[9.738194763895251,53.56467765399307],[9.730994619892385,53.557907351867016],[9.723794475889491,53.557907351867016],[9.716594331886625,53.557907351867016],[9.702194043880866,53.557907351867016],[9.702194043880866,53.56129250293003],[9.673393467869346,53.56467765399307],[9.586991739834787,53.59852916462327],[9.550991019820373,53.61545491993837],[9.543790875817507,53.625610373127444],[9.536590731814613,53.6323806752535],[9.529390587811747,53.64253612844254],[9.529390587811747,53.645921279505586],[9.529390587811747,53.65607673269463],[9.529390587811747,53.662847034820686],[9.522190443808853,53.6662321858837],[9.522190443808853,53.67300248800973],[9.514990299805987,53.686543092261815],[9.507790155803093,53.68992824332486],[9.507790155803093,53.69331339438787],[9.500590011800227,53.696698545450886],[9.486189723794467,53.70685399863996],[9.450189003780054,53.72377975395506],[9.442988859777188,53.72716490501807],[9.4285885717714,53.73393520714413],[9.421388427768534,53.74070550927016],[9.41418828376564,53.75086096245923],[9.392587851757014,53.781327322026414],[9.378187563751254,53.7948679262785],[9.378187563751254,53.79825307734154],[9.378187563751254,53.801638228404556],[9.37098741974836,53.808408530530585],[9.363787275745494,53.81179368159363],[9.320586411728215,53.84903034328684],[9.29898597971956,53.85918579647591],[9.291785835716695,53.86257094753893],[9.270185403708041,53.869341249664984],[9.234184683693655,53.87611155179101],[9.205384107682136,53.87949670285403],[9.198183963679242,53.87949670285403],[9.169383387667722,53.87949670285403],[9.082981659633163,53.87949670285403],[9.054181083621643,53.87949670285403],[9.046980939618777,53.88288185391707],[9.039780795615883,53.87949670285403],[9.025380507610123,53.87949670285403],[9.018180363607257,53.896422458169155],[8.996579931598603,53.89303730710611],[8.982179643592843,53.8896521560431],[8.974979499589978,53.8896521560431],[8.967779355587084,53.89303730710611],[8.953379067581324,53.89980760923217],[8.924578491569804,53.920118515610284],[8.917378347566938,53.92688881773634],[8.902978059561178,53.93365911986237],[8.895777915558284,53.9505848751775],[8.874177483549659,53.974280932618626],[8.874177483549659,53.97766608368167],[8.852577051541004,54.0013621411228],[8.830976619532379,54.025058198563954],[8.823776475529485,54.025058198563954],[8.816576331526619,54.025058198563954],[8.845376907538139,54.03859880281604],[8.852577051541004,54.041983953879054],[8.866977339546764,54.041983953879054],[8.881377627552524,54.04536910494207],[8.924578491569804,54.041983953879054],[8.931778635572698,54.03859880281604],[8.938978779575564,54.035213651753025],[8.946178923578458,54.03182850068998],[8.953379067581324,54.035213651753025],[8.960579211584218,54.035213651753025],[8.967779355587084,54.03859880281604],[8.974979499589978,54.03859880281604],[8.974979499589978,54.041983953879054],[8.982179643592843,54.04536910494207],[8.982179643592843,54.04875425600511],[8.982179643592843,54.052139407068125],[8.982179643592843,54.05552455813114],[8.982179643592843,54.058909709194154],[8.982179643592843,54.0622948602572],[8.974979499589978,54.069065162383225],[8.946178923578458,54.096146370887396],[8.924578491569804,54.129997881517625],[8.924578491569804,54.13338303258064],[8.910178203564044,54.13338303258064],[8.895777915558284,54.13338303258064],[8.888577771555418,54.129997881517625],[8.881377627552524,54.12661273045458],[8.866977339546764,54.12661273045458],[8.852577051541004,54.12661273045458],[8.838176763535245,54.13338303258064],[8.830976619532379,54.13676818364365],[8.830976619532379,54.14015333470667],[8.823776475529485,54.14353848576971],[8.809376187523725,54.17061969427388],[8.809376187523725,54.174004845336896],[8.80217604352086,54.174004845336896],[8.80217604352086,54.17738999639991],[8.809376187523725,54.197700902778024],[8.816576331526619,54.197700902778024],[8.823776475529485,54.207856355967095],[8.823776475529485,54.21124150703011],[8.823776475529485,54.21462665809315],[8.830976619532379,54.21462665809315],[8.838176763535245,54.23155241340825],[8.845376907538139,54.26540392403845],[8.845376907538139,54.27555937722752],[8.838176763535245,54.27894452829054],[8.830976619532379,54.285714830416595],[8.830976619532379,54.28909998147961],[8.823776475529485,54.28909998147961],[8.766175323506445,54.28232967935358],[8.751775035500685,54.28909998147961],[8.74457489149782,54.28909998147961],[8.7157743154863,54.28909998147961],[8.708574171483406,54.28909998147961],[8.708574171483406,54.285714830416595],[8.70137402748054,54.285714830416595],[8.694173883477646,54.28232967935358],[8.68697373947478,54.27217422616451],[8.68697373947478,54.268789075101495],[8.65817316346326,54.26540392403845],[8.60057201144022,54.285714830416595],[8.60057201144022,54.28909998147961],[8.593371867437327,54.28909998147961],[8.593371867437327,54.29248513254262],[8.586171723434461,54.29248513254262],[8.578971579431567,54.302640585731695],[8.578971579431567,54.30941088785775],[8.578971579431567,54.32295149210984],[8.586171723434461,54.33649209636192],[8.586171723434461,54.33987724742494],[8.593371867437327,54.34326239848795],[8.593371867437327,54.346647549550966],[8.593371867437327,54.35003270061401],[8.60057201144022,54.35003270061401],[8.60057201144022,54.35341785167702],[8.607772155443087,54.35341785167702],[8.607772155443087,54.35680300274004],[8.61497229944598,54.35680300274004],[8.622172443448846,54.35680300274004],[8.622172443448846,54.34326239848795],[8.636572731454606,54.33649209636192],[8.6437728754575,54.33987724742494],[8.68697373947478,54.35341785167702],[8.694173883477646,54.35680300274004],[8.694173883477646,54.36018815380305],[8.694173883477646,54.36695845592911],[8.68697373947478,54.37372875805514],[8.67257345146902,54.37372875805514],[8.665373307466126,54.37034360699212],[8.65817316346326,54.37034360699212],[8.65817316346326,54.37372875805514],[8.636572731454606,54.38388421124421],[8.6437728754575,54.38726936230722],[8.6437728754575,54.39403966443328],[8.65817316346326,54.397424815496294],[8.665373307466126,54.397424815496294],[8.68697373947478,54.40080996655931],[8.722974459489166,54.40419511762232],[8.722974459489166,54.407580268685365],[8.751775035500685,54.407580268685365],[8.816576331526619,54.41435057081139],[8.852577051541004,54.41096541974838],[8.852577051541004,54.407580268685365],[8.874177483549659,54.407580268685365],[8.888577771555418,54.41096541974838],[8.895777915558284,54.41435057081139],[8.917378347566938,54.424506024000465],[8.917378347566938,54.42789117506348],[8.917378347566938,54.43127632612649],[8.938978779575564,54.441431779315565],[8.953379067581324,54.451587232504636],[8.967779355587084,54.458357534630665],[8.974979499589978,54.458357534630665],[8.996579931598603,54.46174268569371],[9.003780075601497,54.47528328994579],[9.010980219604363,54.485438743134836],[9.010980219604363,54.48882389419788],[9.010980219604363,54.49897934738692],[9.003780075601497,54.49897934738692],[8.996579931598603,54.51251995163901],[8.989379787595738,54.519290253765064],[8.989379787595738,54.52267540482808],[8.989379787595738,54.52606055589109],[8.982179643592843,54.52606055589109],[8.946178923578458,54.51251995163901],[8.917378347566938,54.47528328994579],[8.917378347566938,54.47189813888275],[8.924578491569804,54.468512987819736],[8.924578491569804,54.46512783675672],[8.917378347566938,54.46512783675672],[8.895777915558284,54.458357534630665],[8.888577771555418,54.458357534630665],[8.881377627552524,54.458357534630665],[8.845376907538139,54.458357534630665],[8.823776475529485,54.46174268569371],[8.809376187523725,54.468512987819736],[8.80217604352086,54.468512987819736],[8.80217604352086,54.47189813888275],[8.80217604352086,54.49559419632391],[8.809376187523725,54.49897934738692],[8.809376187523725,54.502364498449964],[8.816576331526619,54.50574964951298],[8.830976619532379,54.50913480057599],[8.838176763535245,54.50913480057599],[8.852577051541004,54.51590510270205],[8.859777195543899,54.519290253765064],[8.866977339546764,54.52606055589109],[8.866977339546764,54.529445706954135],[8.874177483549659,54.529445706954135],[8.874177483549659,54.53283085801715],[8.874177483549659,54.536216009080164],[8.874177483549659,54.53960116014318],[8.874177483549659,54.54298631120622],[8.874177483549659,54.546371462269235],[8.874177483549659,54.54975661333225],[8.874177483549659,54.553141764395264],[8.866977339546764,54.55652691545828],[8.866977339546764,54.563297217584335],[8.888577771555418,54.590378426088506],[8.895777915558284,54.60053387927758],[8.888577771555418,54.61068933246662],[8.881377627552524,54.61068933246662],[8.866977339546764,54.61407448352966],[8.852577051541004,54.624229936718706],[8.830976619532379,54.64792599415986],[8.809376187523725,54.658081447348934],[8.809376187523725,54.65469629628592],[8.77337546750934,54.668236900538005],[8.766175323506445,54.67162205160102],[8.75897517950358,54.675007202664034],[8.751775035500685,54.67839235372705],[8.751775035500685,54.68177750479009],[8.74457489149782,54.68854780691612],[8.74457489149782,54.70547356223122],[8.74457489149782,54.70885871329426],[8.74457489149782,54.71562901542029],[8.7157743154863,54.72578446860936],[8.708574171483406,54.72239931754632],[8.694173883477646,54.72239931754632],[8.68697373947478,54.729169619672376],[8.694173883477646,54.729169619672376],[8.70137402748054,54.735939921798405],[8.708574171483406,54.73932507286145],[8.70137402748054,54.746095374987476],[8.694173883477646,54.76979143242863],[8.68697373947478,54.77656173455466],[8.68697373947478,54.779946885617704],[8.679773595471886,54.78333203668072],[8.636572731454606,54.81718354731092],[8.607772155443087,54.83410930262605],[8.607772155443087,54.83749445368906],[8.607772155443087,54.840879604752075],[8.60057201144022,54.840879604752075],[8.607772155443087,54.86457566219323],[8.607772155443087,54.867960813256246],[8.593371867437327,54.88150141750833],[8.578971579431567,54.88150141750833],[8.521370427408527,54.88150141750833],[8.514170283405633,54.88150141750833],[8.506970139402767,54.87811626644532],[8.492569851397008,54.8747311153823],[8.485369707394113,54.87134596431926],[8.478169563391248,54.87134596431926],[8.456569131382594,54.857805360067175],[8.420568411368208,54.84764990687813],[8.413368267365314,54.84764990687813],[8.413368267365314,54.84426475581509],[8.406168123362448,54.84426475581509],[8.406168123362448,54.84764990687813],[8.398967979359554,54.84764990687813],[8.377367547350929,54.857805360067175],[8.370167403348034,54.86119051113022],[8.370167403348034,54.867960813256246],[8.362967259345169,54.867960813256246],[8.362967259345169,54.87134596431926],[8.362967259345169,54.8747311153823],[8.341366827336515,54.87811626644532],[8.30536610732213,54.857805360067175],[8.30536610732213,54.85442020900416],[8.298165963319235,54.85103505794115],[8.298165963319235,54.84764990687813],[8.298165963319235,54.840879604752075],[8.29096581931637,54.82733900049999],[8.29096581931637,54.78671718774373],[8.298165963319235,54.746095374987476],[8.298165963319235,54.74271022392446],[8.298165963319235,54.73932507286145],[8.29096581931637,54.73932507286145],[8.29096581931637,54.74271022392446],[8.283765675313475,54.746095374987476],[8.27656553131061,54.75286567711353],[8.27656553131061,54.763021130302576],[8.27656553131061,54.79348748986979],[8.283765675313475,54.830724151563004],[8.283765675313475,54.857805360067175],[8.283765675313475,54.867960813256246],[8.283765675313475,54.87811626644532],[8.283765675313475,54.884886568571346],[8.29096581931637,54.8916568706974],[8.298165963319235,54.90519747494949],[8.298165963319235,54.918738079201574],[8.312566251324995,54.93227868345366],[8.319766395327889,54.952589589831774],[8.319766395327889,54.95597474089479],[8.326966539330755,54.962745043020846],[8.377367547350929,55.03383321534429],[8.384567691353794,55.04398866853336],[8.391767835356688,55.04737381959637],[8.391767835356688,55.05075897065939],[8.398967979359554,55.05414412172243],[8.406168123362448,55.057529272785445],[8.413368267365314,55.057529272785445],[8.420568411368208,55.057529272785445],[8.427768555371074,55.05414412172243],[8.449368987379728,55.05075897065939],[8.463769275385488,55.04737381959637],[8.463769275385488,55.04398866853336],[8.449368987379728,55.040603517470345],[8.442168843376834,55.040603517470345],[8.442168843376834,55.04398866853336],[8.434968699373968,55.04737381959637],[8.398967979359554,55.04737381959637],[8.398967979359554,55.04398866853336],[8.398967979359554,55.0372183664073],[8.398967979359554,55.03383321534429],[8.406168123362448,55.03383321534429],[8.413368267365314,55.03383321534429],[8.420568411368208,55.0372183664073],[8.420568411368208,55.03383321534429],[8.427768555371074,55.03383321534429],[8.434968699373968,55.02706291321826],[8.442168843376834,55.023677762155216],[8.442168843376834,55.01690746002919],[8.434968699373968,55.013522308966174],[8.420568411368208,55.00675200684012],[8.413368267365314,55.00675200684012],[8.406168123362448,55.0033668557771],[8.398967979359554,55.0033668557771],[8.391767835356688,55.0033668557771],[8.384567691353794,54.996596553651045],[8.377367547350929,54.996596553651045],[8.377367547350929,54.98982625152502],[8.370167403348034,54.98982625152502],[8.370167403348034,54.986441100462],[8.355767115342275,54.969515345146874],[8.362967259345169,54.918738079201574],[8.362967259345169,54.9085826260125],[8.370167403348034,54.901812323886446],[8.370167403348034,54.89842717282343],[8.377367547350929,54.89504202176042],[8.384567691353794,54.8916568706974],[8.427768555371074,54.87811626644532],[8.434968699373968,54.87811626644532],[8.485369707394113,54.87811626644532],[8.499769995399873,54.88150141750833],[8.506970139402767,54.884886568571346],[8.514170283405633,54.884886568571346],[8.593371867437327,54.88827171963439],[8.60057201144022,54.88827171963439],[8.62937258745174,54.89504202176042],[8.636572731454606,54.89842717282343],[8.636572731454606,54.91196777707552],[8.65817316346326,54.9085826260125],[8.665373307466126,54.91196777707552],[8.67257345146902,54.91196777707552],[8.679773595471886,54.91196777707552],[8.70137402748054,54.90519747494949],[8.722974459489166,54.89504202176042],[8.73017460349206,54.89504202176042],[8.77337546750934,54.8916568706974],[8.794975899517965,54.90519747494949],[8.80217604352086,54.90519747494949],[8.809376187523725,54.90519747494949],[8.823776475529485,54.90519747494949],[8.830976619532379,54.90519747494949],[8.946178923578458,54.901812323886446],[8.953379067581324,54.901812323886446],[8.974979499589978,54.89504202176042],[9.010980219604363,54.884886568571346],[9.025380507610123,54.88150141750833],[9.025380507610123,54.87811626644532],[9.032580651613017,54.8747311153823],[9.046980939618777,54.87134596431926],[9.061381227624537,54.87134596431926],[9.090181803636057,54.87134596431926],[9.111782235644682,54.8747311153823],[9.118982379647576,54.8747311153823],[9.133382667653336,54.8747311153823],[9.140582811656202,54.8747311153823],[9.147782955659096,54.87134596431926],[9.205384107682136,54.857805360067175],[9.241384827696521,54.85103505794115],[9.241384827696521,54.84426475581509],[9.234184683693655,54.83749445368906],[9.234184683693655,54.830724151563004],[9.248584971699415,54.81041324518489],[9.34218684373684,54.80364294305883],[9.37098741974836,54.82056869837396],[9.378187563751254,54.830724151563004],[9.37098741974836,54.830724151563004],[9.38538770775412,54.83749445368906],[9.406988139762774,54.84426475581509],[9.421388427768534,54.83749445368906],[9.421388427768534,54.830724151563004],[9.421388427768534,54.823953849436975],[9.435788715774294,54.81041324518489],[9.435788715774294,54.80364294305883],[9.457389147782948,54.813798396247904],[9.457389147782948,54.81718354731092],[9.464589291785813,54.823953849436975],[9.478989579791573,54.823953849436975],[9.493389867797333,54.823953849436975],[9.514990299805987,54.83749445368906],[9.536590731814613,54.84764990687813],[9.586991739834787,54.87811626644532],[9.615792315846306,54.87811626644532],[9.615792315846306,54.8747311153823],[9.601392027840546,54.867960813256246],[9.594191883837652,54.86119051113022],[9.594191883837652,54.857805360067175],[9.586991739834787,54.85442020900416],[9.586991739834787,54.85103505794115],[9.586991739834787,54.84764990687813],[9.594191883837652,54.840879604752075],[9.601392027840546,54.83410930262605],[9.601392027840546,54.830724151563004],[9.608592171843412,54.830724151563004],[9.615792315846306,54.830724151563004],[9.622992459849172,54.830724151563004],[9.666193323866452,54.823953849436975],[9.680593611872212,54.82056869837396],[9.687793755875106,54.81718354731092],[9.730994619892385,54.80364294305883],[9.774195483909665,54.796872640932804],[9.788595771915425,54.796872640932804],[9.79579591591829,54.796872640932804],[9.79579591591829,54.79348748986979],[9.79579591591829,54.79010233880675],[9.79579591591829,54.78671718774373],[9.802996059921185,54.78333203668072],[9.817396347926945,54.76979143242863],[9.831796635932704,54.75963597923956],[9.85339706794133,54.75625082817655],[9.85339706794133,54.75286567711353],[9.86779735594709,54.75286567711353],[9.874997499949984,54.75286567711353],[9.89659793195861,54.76979143242863],[9.903798075961504,54.78671718774373],[9.903798075961504,54.796872640932804],[9.91099821996437,54.796872640932804],[9.932598651973024,54.79010233880675],[9.93979879597589,54.78671718774373],[9.946998939978783,54.779946885617704],[9.961399227984543,54.77317658349165],[9.975799515990303,54.763021130302576],[9.975799515990303,54.75963597923956],[9.975799515990303,54.75286567711353],[9.982999659993169,54.73932507286145],[9.982999659993169,54.73255477073539],[9.982999659993169,54.72578446860936],[9.982999659993169,54.72239931754632],[9.990199803996063,54.719014166483305],[9.997399947998929,54.712243864357276],[10.011800236004689,54.702088411168205],[10.019000380007583,54.69870326010519],[10.033400668013343,54.691932957979134],[10.033400668013343,54.68854780691612],[10.040600812016208,54.685162655853105],[10.040600812016208,54.68177750479009],[10.033400668013343,54.67162205160102],[10.033400668013343,54.66146659841195],[10.033400668013343,54.65469629628592],[10.033400668013343,54.63777054097079],[10.033400668013343,54.63438538990778],[10.033400668013343,54.63100023884476],[10.033400668013343,54.62084478565569],[10.033400668013343,54.61745963459268],[10.026200524010449,54.607304181403606],[10.026200524010449,54.60391903034059],[10.026200524010449,54.590378426088506],[10.026200524010449,54.56668236864735],[10.026200524010449,54.55991206652132],[10.026200524010449,54.55652691545828],[10.026200524010449,54.54975661333225],[9.997399947998929,54.52267540482808],[9.982999659993169,54.51251995163901],[9.968599371987409,54.50574964951298],[9.961399227984543,54.502364498449964],[9.93979879597589,54.49220904526089],[9.88219764395285,54.47528328994579],[9.86779735594709,54.47189813888275],[9.860597211944224,54.47189813888275],[9.85339706794133,54.47528328994579],[9.846196923938464,54.47528328994579],[9.83899677993557,54.47528328994579],[9.83899677993557,54.468512987819736],[9.83899677993557,54.46512783675672],[9.85339706794133,54.45497238356765],[9.85339706794133,54.451587232504636],[9.860597211944224,54.451587232504636],[9.860597211944224,54.44820208144162],[9.86779735594709,54.44820208144162],[9.88219764395285,54.44820208144162],[9.91099821996437,54.451587232504636],[9.92539850797013,54.458357534630665],[9.932598651973024,54.46174268569371],[9.961399227984543,54.46512783675672],[10.062201244024862,54.47866844100881],[10.112602252045008,54.485438743134836],[10.119802396047902,54.485438743134836],[10.127002540050768,54.485438743134836],[10.134202684053662,54.485438743134836],[10.155803116062287,54.47528328994579],[10.163003260065182,54.47189813888275],[10.199003980079567,54.45497238356765],[10.177403548070941,54.43804662825255],[10.177403548070941,54.434661477189536],[10.170203404068047,54.43127632612649],[10.191803836076701,54.41096541974838],[10.191803836076701,54.407580268685365],[10.191803836076701,54.40419511762232],[10.191803836076701,54.39065451337024],[10.184603692073807,54.39065451337024],[10.177403548070941,54.38726936230722],[10.163003260065182,54.38388421124421],[10.141402828056528,54.35680300274004],[10.141402828056528,54.35341785167702],[10.148602972059422,54.35003270061401],[10.148602972059422,54.346647549550966],[10.155803116062287,54.34326239848795],[10.155803116062287,54.33987724742494],[10.155803116062287,54.33649209636192],[10.155803116062287,54.33310694529888],[10.148602972059422,54.32295149210984],[10.141402828056528,54.31618118998378],[10.148602972059422,54.319566341046794],[10.170203404068047,54.329721794235866],[10.177403548070941,54.33310694529888],[10.177403548070941,54.33649209636192],[10.170203404068047,54.346647549550966],[10.170203404068047,54.35003270061401],[10.177403548070941,54.36018815380305],[10.177403548070941,54.363573304866094],[10.184603692073807,54.363573304866094],[10.191803836076701,54.36695845592911],[10.206204124082461,54.38726936230722],[10.220604412088221,54.407580268685365],[10.227804556091087,54.41096541974838],[10.235004700093981,54.41435057081139],[10.30700614012278,54.43127632612649],[10.314206284125675,54.434661477189536],[10.32140642812854,54.434661477189536],[10.328606572131434,54.434661477189536],[10.343006860137194,54.434661477189536],[10.357407148142954,54.43127632612649],[10.386207724154474,54.42789117506348],[10.429408588171754,54.407580268685365],[10.443808876177513,54.40419511762232],[10.479809596191899,54.39065451337024],[10.487009740194793,54.38726936230722],[10.523010460209179,54.380499060181194],[10.544610892217833,54.380499060181194],[10.544610892217833,54.37711390911815],[10.595011900237978,54.363573304866094],[10.616612332246632,54.35680300274004],[10.631012620252392,54.35003270061401],[10.638212764255258,54.35003270061401],[10.638212764255258,54.346647549550966],[10.645412908258152,54.34326239848795],[10.652613052261017,54.33649209636192],[10.645412908258152,54.33649209636192],[10.652613052261017,54.33310694529888],[10.681413628272537,54.312796038920766],[10.681413628272537,54.30941088785775],[10.688613772275431,54.30941088785775],[10.695813916278297,54.30602573679471],[10.703014060281191,54.30602573679471],[10.710214204284057,54.30602573679471],[10.717414348286951,54.30602573679471],[10.724614492289817,54.30941088785775],[10.731814636292711,54.30941088785775],[10.739014780295577,54.30941088785775],[10.74621492429847,54.30941088785775],[10.753415068301337,54.30602573679471],[10.76061521230423,54.30602573679471],[10.767815356307096,54.30941088785775],[10.782215644312856,54.30941088785775],[10.78941578831575,54.312796038920766],[10.796615932318616,54.31618118998378],[10.81821636432727,54.32633664317285],[10.825416508330136,54.329721794235866],[10.83261665233303,54.33310694529888],[10.839816796335896,54.33649209636192],[10.839816796335896,54.33987724742494],[10.854217084341656,54.346647549550966],[10.868617372347416,54.35680300274004],[10.926218524370455,54.380499060181194],[10.93341866837335,54.380499060181194],[10.947818956379109,54.38388421124421],[10.991019820396389,54.380499060181194],[10.998219964399254,54.37711390911815],[10.991019820396389,54.37711390911815],[10.983819676393495,54.37711390911815],[10.983819676393495,54.37372875805514],[10.991019820396389,54.37034360699212],[10.998219964399254,54.37034360699212],[11.019820396407908,54.36695845592911],[11.027020540410774,54.36695845592911],[11.048620972419428,54.37372875805514],[11.063021260425188,54.37372875805514],[11.077421548430948,54.37711390911815],[11.077421548430948,54.380499060181194],[11.084621692433814,54.39065451337024],[11.091821836436708,54.39065451337024],[11.106222124442468,54.397424815496294],[11.113422268445333,54.39403966443328],[11.106222124442468,54.39065451337024],[11.120622412448228,54.39403966443328],[11.127822556451093,54.39065451337024],[11.127822556451093,54.38726936230722],[11.135022700453987,54.38726936230722],[11.135022700453987,54.38388421124421],[11.127822556451093,54.38388421124421],[11.127822556451093,54.37711390911815],[11.127822556451093,54.37372875805514],[11.120622412448228,54.37034360699212],[11.106222124442468,54.363573304866094],[11.099021980439574,54.36018815380305],[11.077421548430948,54.35341785167702],[11.070221404428054,54.346647549550966],[11.070221404428054,54.33987724742494],[11.077421548430948,54.329721794235866],[11.084621692433814,54.27894452829054],[11.091821836436708,54.22139696021918],[11.091821836436708,54.20108605384107],[11.091821836436708,54.197700902778024],[11.055821116422294,54.180775147462924],[11.027020540410774,54.17061969427388],[10.998219964399254,54.16046424108481],[10.955019100381975,54.14015333470667],[10.947818956379109,54.13338303258064],[10.91901838036759,54.11645727726554],[10.89021780435607,54.09276121982438],[10.883017660353175,54.09276121982438],[10.883017660353175,54.08937606876137],[10.87581751635031,54.08937606876137],[10.868617372347416,54.085990917698325],[10.86141722834455,54.085990917698325],[10.825416508330136,54.08937606876137],[10.80381607632151,54.08260576663531],[10.76061521230423,54.058909709194154],[10.76061521230423,54.05552455813114],[10.753415068301337,54.05552455813114],[10.753415068301337,54.052139407068125],[10.753415068301337,54.04875425600511],[10.753415068301337,54.04536910494207],[10.753415068301337,54.041983953879054],[10.753415068301337,54.03859880281604],[10.76061521230423,54.025058198563954],[10.767815356307096,54.0182878964379],[10.77501550030999,54.01151759431187],[10.77501550030999,54.00474729218584],[10.782215644312856,54.0013621411228],[10.78941578831575,53.99797699005978],[10.796615932318616,53.99459183899677],[10.80381607632151,53.991206687933754],[10.84701694033879,53.991206687933754],[10.854217084341656,53.99459183899677],[10.86141722834455,53.99459183899677],[10.868617372347416,53.991206687933754],[10.87581751635031,53.991206687933754],[10.87581751635031,53.98782153687071],[10.883017660353175,53.9844363858077],[10.883017660353175,53.98105123474468],[10.883017660353175,53.97766608368167],[10.883017660353175,53.974280932618626],[10.883017660353175,53.97089578155561],[10.883017660353175,53.9675106304926],[10.883017660353175,53.96412547942958],[10.883017660353175,53.957355177303526],[10.89021780435607,53.957355177303526],[10.90461809236183,53.957355177303526],[10.911818236364695,53.94381457305144],[10.911818236364695,53.92350366667333],[10.962219244384869,53.913348213484255],[10.969419388387735,53.913348213484255]]],[[[11.315026300526,54.40419511762232],[11.315026300526,54.40080996655931],[11.307826156523106,54.40080996655931],[11.293425868517346,54.40419511762232],[11.27182543650872,54.407580268685365],[11.264625292505826,54.407580268685365],[11.199823996479921,54.42112087293745],[11.192623852477027,54.42112087293745],[11.178223564471267,54.42112087293745],[11.171023420468401,54.42112087293745],[11.163823276465507,54.41435057081139],[11.171023420468401,54.41096541974838],[11.178223564471267,54.40419511762232],[11.178223564471267,54.40080996655931],[11.171023420468401,54.40080996655931],[11.120622412448228,54.40419511762232],[11.099021980439574,54.407580268685365],[11.091821836436708,54.41096541974838],[11.091821836436708,54.42112087293745],[11.091821836436708,54.424506024000465],[11.099021980439574,54.424506024000465],[11.099021980439574,54.42789117506348],[11.099021980439574,54.43127632612649],[11.099021980439574,54.434661477189536],[11.099021980439574,54.441431779315565],[11.091821836436708,54.44481693037858],[11.084621692433814,54.44820208144162],[11.063021260425188,54.451587232504636],[11.027020540410774,54.44481693037858],[11.019820396407908,54.44481693037858],[11.019820396407908,54.441431779315565],[11.019820396407908,54.43804662825255],[11.041420828416534,54.43127632612649],[11.034220684413668,54.43127632612649],[11.005420108402149,54.441431779315565],[11.005420108402149,54.44481693037858],[11.005420108402149,54.44820208144162],[11.005420108402149,54.451587232504636],[11.005420108402149,54.45497238356765],[11.012620252405014,54.48205359207182],[11.012620252405014,54.49220904526089],[11.027020540410774,54.50574964951298],[11.027020540410774,54.50913480057599],[11.034220684413668,54.51590510270205],[11.034220684413668,54.519290253765064],[11.041420828416534,54.519290253765064],[11.048620972419428,54.52606055589109],[11.055821116422294,54.529445706954135],[11.055821116422294,54.53283085801715],[11.063021260425188,54.536216009080164],[11.070221404428054,54.536216009080164],[11.077421548430948,54.529445706954135],[11.091821836436708,54.529445706954135],[11.099021980439574,54.529445706954135],[11.163823276465507,54.52267540482808],[11.171023420468401,54.52267540482808],[11.171023420468401,54.519290253765064],[11.22862457249144,54.502364498449964],[11.2430248604972,54.49559419632391],[11.2430248604972,54.49220904526089],[11.2430248604972,54.48882389419788],[11.250225004500066,54.47866844100881],[11.250225004500066,54.47189813888275],[11.279025580511586,54.44820208144162],[11.293425868517346,54.434661477189536],[11.293425868517346,54.43127632612649],[11.315026300526,54.407580268685365],[11.315026300526,54.40419511762232]]]]}}]}