{"type":"FeatureCollection","features":[{"type":"Feature","id":"AFG","properties":{"name":"Afghanistan"},"geometry":{"type":"Polygon","coordinates":[[[61.212024240484794,35.65045822848455],[62.22724454489088,35.27132130942617],[62.98325966519329,35.403342200884],[63.19206384127679,35.85695244332885],[63.98407968159361,36.009284241164806],[64.54569091381825,36.310562685773704],[64.74729494589889,37.11284348770974],[65.58971179423585,37.30579709830195],[65.74811496229921,37.66123795991918],[66.21612432248642,37.39381102594051],[66.51853037060738,37.36334466637331],[67.07294145882915,37.356574364247265],[67.82895657913156,37.143309847276925],[68.13856277125541,37.02144440900817],[68.8585771715434,37.34303375999518],[69.19698393967877,37.15008014940297],[69.52099041980836,37.61046069397386],[70.1186023720474,37.58676463653272],[70.2698053961079,37.73571128330565],[70.37780755615108,38.13854425980519],[70.80981619632391,38.48721481929637],[71.34982699653989,38.26040969807394],[71.2418248364967,37.95236095133902],[71.54423088461766,37.90496883645672],[71.45062901258024,37.06545137282744],[71.84663693273862,36.737091719714385],[72.19224384487686,36.9469710856217],[72.63865277305544,37.04852561751234],[73.25786515730312,37.495365557831136],[73.94907898157959,37.42089223444468],[74.97869957399146,37.42089223444468],[75.15870317406345,37.13315439408787],[74.57549150983016,37.02144440900817],[74.0642812856257,36.835261100542],[72.91945838916774,36.72016596439927],[71.84663693273862,36.51028659849196],[71.26342526850533,36.073602111362206],[71.50103002060038,35.65045822848455],[71.61623232464646,35.15284102222043],[71.11222224444487,34.73308229040579],[71.15542310846214,34.35056022028439],[70.88181763635271,33.98834905654111],[69.93139862797253,34.01881541610831],[70.32020640412804,33.35871095881916],[69.68659373187461,33.10482462909256],[69.26178523570468,32.50226773987478],[69.31938638772772,31.903096001720016],[68.92337846756934,31.618743312426233],[68.55617112342244,31.713527542190832],[67.79295585911714,31.581506650733004],[67.68495369907396,31.30392426356525],[66.93613872277442,31.30392426356525],[66.38172763455267,30.738604036040712],[66.34572691453826,29.888931119222377],[65.04970099401984,29.472557538470753],[64.35128702574048,29.56057146610931],[64.14968299365984,29.340536647012925],[63.55207104142079,29.46917238740774],[62.55125102502046,29.320225740634797],[60.87361747234942,29.827998400087992],[61.780835616712295,30.735218884977684],[61.70163403268063,31.37839758695172],[60.93841876837533,31.54765514010279],[60.86641732834653,32.184063539950785],[60.53521070421405,32.982959190823806],[60.96721934438685,33.52796851197023],[60.528010560211186,33.67691515874316],[60.801616032320624,34.404722637292735],[61.212024240484794,35.65045822848455]]]}},{"type":"Feature","id":"AGO","properties":{"name":"Angola"},"geometry":{"type":"MultiPolygon","coordinates":[[[[23.91527830556609,-10.92583524762496],[24.01608032160641,-11.237269145422914],[23.90087801756033,-11.721345747434953],[24.080881617632343,-12.191881745194905],[23.92967859357185,-12.564248362127245],[24.01608032160641,-12.909533770555413],[21.935238704774065,-12.899378317366356],[21.88483769675392,-16.08142031660634],[22.561651233024634,-16.897241722794462],[23.216864337286722,-17.5234946694534],[21.37362747254943,-17.929712797015952],[18.954379087581742,-17.787536452369054],[18.26316526330524,-17.310230152483058],[14.209484189683764,-17.35423711630233],[14.058281165623299,-17.421940137562757],[13.46066921338425,-16.971715046180933],[12.812656253125027,-16.941248686613747],[12.215044300886007,-17.110506239764803],[11.732634652693037,-17.303459850357015],[11.639032780655583,-16.673821752635064],[11.775835516710316,-15.79368247624953],[12.121442428848553,-14.879691689233795],[12.179043580871593,-14.449777504230099],[12.503050061001204,-13.549327321466436],[12.740654813096228,-13.13633889177784],[13.309466189323757,-12.483004736614745],[13.633472669453369,-12.03954994735895],[13.741474829496553,-11.2982018645573],[13.683873677473514,-10.729496485969733],[13.38866777335545,-10.374055624352494],[13.122262445248879,-9.768113584071685],[12.87745754915096,-9.165556694853905],[12.927858557171135,-8.959062480009607],[13.237464749294958,-8.562999805636125],[12.935058701174,-7.594846601612048],[12.726254525090468,-6.927971842196854],[12.229444588891766,-6.294948593411874],[12.323046460929191,-6.098609831756647],[12.733454669093362,-5.96658894029882],[13.02146042920856,-5.98351469561392],[13.37426748534969,-5.865034408408178],[16.326326526530522,-5.878575012660264],[16.57113142262844,-6.623308246524942],[16.859137182743638,-7.222479984679708],[17.089541790835796,-7.54406933566672],[17.471149422988447,-8.068767750435015],[18.1335626712534,-7.987524124922501],[18.464769295385878,-7.845347780275617],[19.019180383607647,-7.987524124922501],[19.163183263665246,-7.737022946258932],[19.415188303766058,-7.15477696341928],[20.034400688013733,-7.117540301726038],[20.092001840036772,-6.9415124464489395],[20.603212064241262,-6.938127295385911],[20.516810336206703,-7.300338459129193],[21.72643452869056,-7.290183005940122],[21.748034960699187,-7.919821103662088],[21.949638992779825,-8.305728324846513],[21.79843596871936,-8.908285214064293],[21.877637552751025,-9.524382707534158],[22.208844176883503,-9.893364173403484],[22.158443168863357,-11.084937347586958],[22.403248064961275,-10.993538268885388],[22.83525670513407,-11.01723432632653],[23.454469089381774,-10.868287679553603],[23.91527830556609,-10.92583524762496]]],[[[12.179043580871593,-5.790561085021707],[11.91263825276502,-5.039057549030986],[12.315846316926326,-4.605758212964275],[12.618252365047283,-4.4365006598132055],[12.99265985319704,-4.781786068241374],[12.632652653053043,-4.991665434148686],[12.46704934098679,-5.248936914938312],[12.43824876497527,-5.685621402068051],[12.179043580871593,-5.790561085021707]]]]}},{"type":"Feature","id":"ALB","properties":{"name":"Albania"},"geometry":{"type":"Polygon","coordinates":[[[20.588811776235502,41.855440127002524],[20.46640932818653,41.513539869637384],[20.603212064241262,41.0870108356967],[21.0208204164083,40.84327995915916],[20.999219984399673,40.57923817624351],[20.67521350427006,40.433676680533594],[20.617612352247022,40.108702178483554],[20.149602992059812,39.624625576471516],[19.976799535990693,39.69571374879496],[19.962399247984933,39.91574856789134],[19.407988159763164,40.25087852313045],[19.321586431728605,40.72818482301645],[19.4007880157603,41.408600186683714],[19.537590751815003,41.72003408448167],[19.37198743974878,41.87913618444367],[19.307186143722845,42.19734038436768],[19.73919478389564,42.68818728850576],[19.803996079921575,42.49861882897656],[20.070401408028147,42.590017907678146],[20.286405728114545,42.319205822636434],[20.52401048020957,42.217651290745806],[20.588811776235502,41.855440127002524]]]}},{"type":"Feature","id":"ARE","properties":{"name":"United Arab Emirates"},"geometry":{"type":"Polygon","coordinates":[[[51.57823156463127,24.24588429716593],[51.75823516470328,24.29327641204823],[51.794235884717665,24.019079175943503],[52.57905158103159,24.1781812759055],[53.4070681413628,24.15110006740133],[54.00468009360185,24.120633707834145],[54.69589391787832,24.797663920438396],[55.43750875017497,25.43745747134942],[56.07112142242843,26.0569401158823],[56.25832516650331,25.71503985851716],[56.395127902558016,24.92629966083321],[55.88391767835353,24.919529358707166],[55.80471609432186,24.269580354607072],[55.984719694393874,24.130789161023202],[55.531110622212424,23.934450399367975],[55.52391047820953,23.524847120742407],[55.23590471809433,23.11185869105381],[55.20710414208281,22.709025714554272],[55.005500110002174,22.495761197583946],[52.0030400608012,23.000148705974112],[51.61423228464565,24.01569402488049],[51.57823156463127,24.24588429716593]]]}},{"type":"Feature","id":"ARG","properties":{"name":"Argentina"},"geometry":{"type":"MultiPolygon","coordinates":[[[[-66.95773915478311,-54.89556240520811],[-67.56255125102503,-54.86848119670394],[-68.63537270745417,-54.86848119670394],[-68.63537270745417,-52.637666646172924],[-68.24656493129864,-53.10143234180684],[-67.74975499509992,-53.849550726734535],[-66.44652893057862,-54.4487224648893],[-65.0497009940199,-54.69922364355287],[-65.50331006620134,-55.20022600088002],[-66.44652893057862,-55.251003266825336],[-66.95773915478311,-54.89556240520811]]],[[[-62.68805376107524,-22.249165553431077],[-60.844816896337946,-23.880808365807326],[-60.0312006240125,-24.03314016364328],[-58.80717614352288,-24.771103095381918],[-57.777555551111035,-25.16378061869238],[-57.63355267105344,-25.603850256885146],[-58.619972399448,-27.12378308418169],[-57.6119522390448,-27.394595169223393],[-56.48872977459551,-27.54692696705935],[-55.696713934278705,-27.38782486709735],[-54.78949578991582,-26.622780726854543],[-54.623892477849566,-25.739256299405994],[-54.12708254165085,-25.546302688813782],[-53.63027260545212,-26.12516352059042],[-53.65187303746076,-26.924059171463433],[-54.49428988579773,-27.4758387947359],[-55.163903278065575,-27.882056922298453],[-56.29432588651774,-28.85359527738555],[-57.62635252705056,-30.217811155783124],[-57.878357567151355,-31.01670680665614],[-58.14476289525791,-32.0457927298146],[-58.13036260725215,-33.041027142342855],[-58.346366927338565,-33.26444711250225],[-58.425568511370244,-33.91101096553932],[-58.49756995139904,-34.43232422924459],[-57.223144462889266,-35.28876744818897],[-57.359947198944,-35.975953113982285],[-56.74073481469631,-36.412637601112024],[-56.79113582271647,-36.90009935418709],[-57.748754975099516,-38.183071607072144],[-59.23198463969281,-38.721310626092524],[-61.24082481649634,-38.92780484093682],[-62.33524670493411,-38.82625030904619],[-62.12644252885059,-39.42542204720095],[-62.32804656093123,-40.17354043212865],[-62.14804296085923,-40.67792794051881],[-62.74565491309828,-41.029983651073024],[-63.76807536150724,-41.16538969359387],[-64.73289465789317,-40.8031785298506],[-65.11450229004582,-41.06383516170324],[-64.97769955399109,-42.059069574231486],[-64.30088601772037,-42.360348018840384],[-63.75367507350148,-42.04214381891638],[-63.458469169383406,-42.56345708262165],[-64.38008760175205,-42.874890980419615],[-65.17930358607174,-43.4943736249525],[-65.33050661013222,-44.499763490669814],[-65.56811136222726,-45.038002509690195],[-66.51133022660454,-45.038002509690195],[-67.29614592291847,-45.55254547126943],[-67.57695153903079,-46.300663856197126],[-66.5977319546391,-47.03524163687274],[-65.64011280225606,-47.234965549590996],[-65.9857197143943,-48.13203058129163],[-67.16654333086663,-48.69735080881618],[-67.81455629112584,-49.868613076621536],[-68.7289745794916,-50.264675750995025],[-69.13938278765576,-50.731826597691956],[-68.81537630752617,-51.77106797403948],[-68.1529630592612,-52.34992880581612],[-68.57057141142825,-52.2991515398708],[-69.49938998779977,-52.14343459097182],[-71.91143822876458,-52.00802854845097],[-72.32904658093163,-51.425782565611314],[-72.30744614892299,-50.677664180683614],[-72.97705954119084,-50.74198205088102],[-73.32986659733196,-50.379770887137745],[-73.41626832536652,-49.31683345334907],[-72.64585291705835,-48.88014896621933],[-72.32904658093163,-48.24374056637133],[-72.44424888497771,-47.73935305798116],[-71.91863837276746,-46.886294990099806],[-71.55143102862058,-45.55931577339547],[-71.65943318866378,-44.973684639492795],[-71.2202244044881,-44.784116179963604],[-71.3282265645313,-44.40836441196824],[-71.7962359247185,-44.20864049924999],[-71.46502930058602,-43.788881767435356],[-71.91863837276746,-43.409744848376974],[-72.14904298085963,-42.25540833588672],[-71.74583491669834,-42.052299272105444],[-71.91863837276746,-40.83364488941779],[-71.68103362067242,-39.80794411732235],[-71.41462829256587,-38.91764938774776],[-70.81701634032682,-38.55205307294146],[-71.11942238844779,-37.57712956679134],[-71.11942238844779,-36.65975362871258],[-70.36340726814538,-36.00641947354948],[-70.38500770015402,-35.17028716098322],[-69.81619632392649,-34.19197850377008],[-69.81619632392649,-33.27460256569132],[-70.07540150803017,-33.09180440828817],[-70.5362107242145,-31.365377366147328],[-69.91699833996681,-30.336291442988866],[-70.01060021200425,-29.368138238964782],[-69.65779315586313,-28.45753260301207],[-69.00258005160104,-27.519845758555178],[-68.2969659393188,-26.900363114022284],[-68.59217184343689,-26.507685590711823],[-68.38336766735335,-26.186096239724797],[-68.41936838736775,-24.51721676565532],[-67.32494649892999,-24.02636986151724],[-66.98653973079463,-22.987128485169713],[-67.10894217884359,-22.736627306506136],[-66.2737254745095,-21.83279197267946],[-64.96329926598533,-22.076522849216992],[-64.38008760175205,-22.79756002564052],[-63.98407968159364,-21.99527922370448],[-62.8464569291386,-22.035901036460736],[-62.68805376107524,-22.249165553431077]]]]}},{"type":"Feature","id":"ARM","properties":{"name":"Armenia"},"geometry":{"type":"Polygon","coordinates":[[[43.586071721434394,41.093781137822745],[44.975699513990264,41.249498086721715],[45.1773035460709,40.98545630380606],[45.558911178223525,40.812813599591976],[45.35730714614289,40.56231242092841],[45.89011780235603,40.21702701250024],[45.6093121862437,39.89882281257624],[46.03412068241363,39.62801072753453],[46.480529610592185,39.46552347650952],[46.50213004260084,38.77156750859015],[46.142122842456814,38.74110114902297],[45.73891477829554,39.319961980799604],[45.73891477829554,39.475678929698574],[45.29970599411985,39.47229377863556],[45.004500090001784,39.73972071261424],[44.79569591391825,39.71263950411007],[44.39968799375984,40.0037624955299],[43.65807316146319,40.25426367419347],[43.751675033500646,40.741725427268534],[43.586071721434394,41.093781137822745]]]}},{"type":"Feature","id":"ATA","properties":{"name":"Antarctica"},"geometry":{"type":"MultiPolygon","coordinates":[[[[-148.53537070741416,-85.609038],[-150.9402188043761,-85.29421895113902],[-155.1955039100782,-85.09788018948379],[-158.06836136722734,-85.37546257665153],[-161.92763855277104,-85.13850200224005],[-164.1812836256725,-84.82368295337906],[-165.32352677337414,-84.72171596307425],[-142.95990826913,-84.72108499355916],[-143.10646212924257,-85.04033262141243],[-145.88571771435429,-85.31452985751714],[-148.53537070741416,-85.609038]]],[[[-177.14154283085662,-84.41746482581651],[-176.08312166243326,-84.09926062589251],[-175.94631892637852,-84.10941607908158],[-175.83111662233244,-84.11957153227064],[-174.38388767775356,-84.53594511302227],[-173.11666233324667,-84.11957153227064],[-172.8862577251545,-84.06202396419928],[-169.94859897197944,-83.88599610892217],[-168.99817996359928,-84.11957153227064],[-168.53017060341207,-84.23805181947638],[-167.02534050681012,-84.56979662365246],[-165.32352677337414,-84.72171596307425],[-179.94239884797696,-84.72212842148843],[-179.0567811356227,-84.13988243864877],[-177.2567451349027,-84.45131633644672],[-177.14154283085662,-84.41746482581651]]],[[[-64.48808976179525,-80.92060377771556],[-65.74091481829637,-80.58885897353947],[-65.74091481829637,-80.54823716078322],[-66.28812576251526,-80.25711416936339],[-64.0344806896138,-80.29435083105662],[-61.88163763275267,-80.39252021188423],[-61.14002280045602,-79.98291693325866],[-60.607212144242894,-79.62747607164144],[-59.57039140782817,-80.04046450133002],[-59.865597311946246,-80.54823716078322],[-60.16080321606434,-81.00184740322807],[-62.25604512090243,-80.86305620964418],[-64.48808976179525,-80.92060377771556]]],[[[-44.88209764195287,-80.33835779487589],[-46.509330186603734,-80.59562927566552],[-48.38856777135544,-80.82920469901399],[-50.483809676193545,-81.02554346066921],[-52.85265705314107,-80.96799589259786],[-54.16308326166525,-80.63286593735874],[-53.99027980559613,-80.22326265873318],[-51.85183703674076,-79.94906542262845],[-50.98781975639514,-79.61393546738935],[-50.36140722814457,-79.18402128238564],[-49.914998299966015,-78.8116546654533],[-49.3101862037241,-78.45959895489909],[-48.66217324346488,-78.0466105252105],[-48.15096301926039,-78.0466105252105],[-46.66053321066423,-77.82996085717714],[-45.155703114062305,-78.0466105252105],[-43.91727834556693,-78.4765247102142],[-43.492469849397,-79.08585190155803],[-43.37006740134805,-79.51576608656173],[-43.33406668133364,-80.02692389707794],[-44.88209764195287,-80.33835779487589]]],[[[-163.71327426548532,-78.59500499741995],[-163.10846216924338,-78.22263838048761],[-161.24362487249746,-78.38174048044961],[-160.2428048560971,-78.69317437824756],[-159.47958959179184,-79.04523008880177],[-159.2059841196824,-79.4954551801836],[-161.12842256845136,-79.63424637376747],[-162.43884877697553,-79.28219066321326],[-163.02926058521172,-78.93013495265905],[-163.0652613052261,-78.86920223352467],[-163.71327426548532,-78.59500499741995]]],[[[-61.29842596851938,-64.5432429348187],[-62.02564051281027,-64.80051441560832],[-62.51525030500612,-65.09163740702814],[-62.65205304106084,-65.48431493033861],[-62.58725174503492,-65.85668154727094],[-62.11924238484771,-66.19181150251005],[-62.80325606512132,-66.42538692585852],[-63.7464749294986,-66.503245400308],[-64.2936858737175,-66.83837535554711],[-64.88409768195365,-67.14980925334507],[-65.51051021020422,-67.5831085894118],[-65.6617132342647,-67.95547520634413],[-65.31610632212646,-68.3650784849697],[-64.78329566591333,-68.67989753383068],[-63.962479249585,-68.91347295717915],[-63.199263985279714,-69.22829200604012],[-62.78885577711556,-69.62096952935059],[-62.57285145702916,-69.99333614628293],[-62.27764555291107,-70.38262851853037],[-61.80963619272387,-70.71775847376948],[-61.51443028860578,-71.09012509070182],[-61.37762755255106,-72.0108861798436],[-61.082421648432984,-72.38325279677593],[-61.003220064401305,-72.7759303200864],[-60.69361387227745,-73.16522269233384],[-60.830416608332186,-73.69669140922818],[-61.37762755255106,-74.10629468785376],[-61.96083921678435,-74.44142464309286],[-63.29286585731715,-74.57683068561371],[-63.7464749294986,-74.92888639616793],[-64.35128702574053,-75.26401635140702],[-65.86331726634533,-75.63638296833936],[-67.19534390687815,-75.79209991723835],[-68.44816896337927,-76.0087495852717],[-69.79459589191785,-76.22201410224204],[-70.60101202024042,-76.63500253193064],[-72.20664413288267,-76.67223919362387],[-73.97067941358829,-76.63500253193064],[-75.5547110942219,-76.71286100638012],[-77.23954479089583,-76.71286100638012],[-76.92993859877198,-77.10553852969059],[-75.39630792615854,-77.2815663849677],[-74.28028560571212,-77.55576362107242],[-73.65387307746155,-77.90781933162663],[-74.76989539790797,-78.22263838048761],[-76.49792995859919,-78.12446899966],[-77.92355847116943,-78.3783553293866],[-77.98115962319248,-78.79134375907518],[-78.02436048720976,-79.18063613132263],[-76.8507370147403,-79.51576608656173],[-76.6347326946539,-79.88813270349407],[-75.36030720614413,-80.2604993204264],[-73.2434648692974,-80.41621626932539],[-71.44342886857739,-80.6904135054301],[-70.01060021200425,-81.00523255429108],[-68.1889637792756,-81.31666645208904],[-65.70491409828198,-81.47576855205104],[-63.25686513730275,-81.74996578815576],[-61.55043100862018,-82.04108877957559],[-59.69279385587713,-82.3762187348147],[-58.71357427148544,-82.84675473257465],[-58.223964479289606,-83.21912134950699],[-57.00714014280287,-82.86706563895278],[-55.365507310146214,-82.57255749646993],[-53.62307246144924,-82.25773844760896],[-51.54223084461691,-82.00385211788236],[-49.76379527590552,-81.72965488177763],[-47.272545450909035,-81.7093439753995],[-44.82449648992983,-81.84813516898338],[-42.80845616912339,-82.08171059233185],[-42.160443208864194,-81.65179640732815],[-40.77081541630835,-81.3572882648453],[-38.24356487129745,-81.33697735846717],[-36.263525270505426,-81.12032769043381],[-34.38428768575372,-80.90706317346347],[-32.31064621292427,-80.7682719798796],[-30.100202004040085,-80.59224412460249],[-28.552171043420884,-80.33835779487589],[-29.257785155703118,-79.98630208432168],[-29.68259365187305,-79.63086122270445],[-29.68259365187305,-79.26187975683513],[-31.62663253265066,-79.29911641852837],[-33.678673573471485,-79.45483336742734],[-35.63711274225486,-79.45483336742734],[-35.910718214364294,-79.08246675049502],[-35.77391547830959,-78.33773351663034],[-35.327506550131005,-78.12446899966],[-33.89467789355788,-77.8875084252485],[-32.20984419688395,-77.65393300190004],[-31.00022000440009,-77.35942485941719],[-29.783395667913368,-77.06491671693433],[-28.88337766755336,-76.67223919362387],[-27.515350307006145,-76.49621133834677],[-26.161723234464716,-76.36080529582591],[-25.477709554191108,-76.28294682137643],[-23.92967859357188,-76.24232500862017],[-22.46084921698437,-76.10691896609933],[-21.222424448488994,-75.91058020444409],[-20.012800256005136,-75.6736196300326],[-18.91117822356449,-75.44004420668414],[-17.52155043100865,-75.12522515782315],[-16.643132862657268,-74.79348035364707],[-15.699913998279982,-74.49897221116422],[-15.40470809416189,-74.10629468785376],[-16.463129262585284,-73.87271926450529],[-16.110322206444152,-73.4597308348167],[-15.44790895817917,-73.14491178595571],[-14.411088221764459,-72.9519581753635],[-13.309466189323814,-72.71499760095202],[-12.294245884917729,-72.40356370315406],[-11.509430188603801,-72.0108861798436],[-11.019820396407937,-71.54035018208364],[-10.292605852117049,-71.26615294597892],[-9.104582091641845,-71.32370051405029],[-8.61497229944601,-71.65883046928938],[-7.419748394967911,-71.69606713098261],[-7.376547530950631,-71.32370051405029],[-6.865337306746142,-70.93102299073982],[-5.792515850317017,-71.02919237156743],[-5.533310666213339,-71.40155898849977],[-4.338086761735241,-71.46249170763416],[-3.0492609852197177,-71.28646385235704],[-1.7964359287186085,-71.1679835651513],[-0.6588131762635498,-71.22553113322266],[-0.22680453609075357,-71.63851956291126],[0.8676173523470254,-71.30338960767216],[1.890037800756005,-71.12736175239505],[3.0204604092081695,-70.99195570987419],[4.136482729654574,-70.85316451629032],[5.158903178063554,-70.61958909294187],[6.274925498509958,-70.46048699297987],[7.138942778855551,-70.24722247600953],[7.743754875097494,-69.89516676545531],[8.485369707394113,-70.1490530951819],[9.522190443808853,-70.01026190159803],[10.24940498809974,-70.48079789935798],[10.81821636432727,-70.8328536099122],[11.9558391167823,-70.63989999932],[12.402248044960885,-70.24722247600953],[13.424668493369836,-69.9730252399048],[14.735094701894013,-70.03057280797616],[15.12390247804953,-70.4029394249085],[15.951919038380737,-70.03057280797616],[17.024740494809862,-69.91209252077041],[18.198363967279334,-69.87485585907719],[19.2567851357027,-69.89516676545531],[20.372807456149104,-70.01026190159803],[21.452829056581095,-70.07119462073241],[21.920838416768305,-70.4029394249085],[22.568851377027528,-70.69744756739135],[23.66327326546528,-70.52141971211424],[24.844096881937617,-70.48079789935798],[25.97451949038978,-70.48079789935798],[27.090541810836186,-70.46048699297987],[28.09136182723651,-70.32508095045901],[29.149782995659876,-70.20660066325327],[30.028200564011257,-69.93240342714854],[30.971419428388543,-69.75637557187144],[31.98663973279463,-69.65820619104382],[32.757055141102796,-69.3840089549391],[33.30426608532167,-68.83561448272965],[33.8730774615492,-68.50386967855357],[34.90989819796394,-68.65958662745255],[35.29870597411946,-69.01164233800677],[36.16272325446508,-69.24860291241825],[37.19954399087979,-69.16735928690574],[37.90515810316205,-69.52280014852298],[38.64677293545867,-69.77668647824956],[39.66919338386765,-69.53972590383808],[40.02200044000878,-69.10981171883438],[40.92201844036879,-68.93378386355727],[41.9588391767835,-68.60203905938118],[42.9380587611752,-68.46324786579731],[44.11168223364464,-68.26690910414209],[44.89649792995857,-68.05025943610872],[45.71731434628691,-67.81668401276025],[46.50213004260084,-67.6000343447269],[47.445348906978126,-67.71851463193263],[48.34536690733813,-67.36645892137842],[48.993379867597326,-67.09226168527371],[49.92939858797175,-67.11257259165183],[50.75021500430006,-66.87561201724034],[50.9518190363807,-66.52355630668613],[51.794235884717665,-66.24935907058142],[52.615052301046006,-66.05302030892618],[53.61587231744633,-65.8973033600272],[54.5302906058121,-65.81944488557771],[55.415908318166345,-65.87699245364908],[56.35192703854074,-65.9751618344767],[57.15834316686332,-66.24935907058142],[57.25914518290364,-66.67927325558512],[58.13756275125499,-67.01440321082421],[58.74237484749693,-67.28860044692894],[59.937598751975,-67.40369558307167],[60.60721214424285,-67.6812779702394],[61.42802856057119,-67.95547520634413],[62.38564771295424,-68.01302277441549],[63.19206384127679,-67.81668401276025],[64.04888097761952,-67.40369558307167],[64.9920998419968,-67.62034525110502],[65.9713194263885,-67.73882553831076],[66.91453829076579,-67.8573058255165],[67.89375787515746,-67.935164299966],[68.88737774755492,-67.935164299966],[69.71539430788613,-68.97440567631352],[69.67219344386885,-69.22829200604012],[69.55699113982277,-69.67851709742195],[68.59937198743972,-69.93240342714854],[67.8145562911258,-70.30477004408088],[67.9513590271805,-70.69744756739135],[69.06738134762693,-70.67713666101322],[68.9305786115722,-71.06981418432369],[68.41936838736771,-71.44218080125603],[67.9513590271805,-71.8517840798816],[68.7145742914858,-72.16660312874258],[69.86659733194662,-72.2647725095702],[71.0258205164103,-72.08874465429308],[71.57303146062918,-71.69606713098261],[71.90423808476166,-71.32370051405029],[72.45144902898056,-71.01226661625233],[73.0778615572311,-70.71775847376948],[73.33706674133481,-70.36570276321527],[73.86267725354503,-69.87485585907719],[74.4890897817956,-69.77668647824956],[75.62671253425066,-69.73606466549332],[76.62753255065098,-69.62096952935059],[77.6427528550571,-69.46186742938859],[78.13236264725293,-69.06918990607812],[78.427568551371,-68.69682328914578],[79.1115822316446,-68.32784182327646],[80.09080181603628,-68.07057034248685],[80.93321866437327,-67.87423158083162],[81.48042960859215,-67.54248677665554],[82.04924098481968,-67.36645892137842],[82.77645552911054,-67.21074197247945],[83.77727554551086,-67.30891135330707],[84.6772935458709,-67.21074197247945],[85.65651313026257,-67.09226168527371],[86.75093501870032,-67.14980925334507],[87.47814956299123,-66.87561201724034],[87.98935978719572,-66.20873725782516],[88.35656713134262,-66.48293449392987],[88.83177663553266,-66.95347049168984],[89.67419348386966,-67.14980925334507],[90.63181263625268,-67.22766772779455],[91.58943178863575,-67.11257259165183],[92.61185223704473,-67.19043106610133],[93.5478709574191,-67.21074197247945],[94.17428348566966,-67.11257259165183],[95.01670033400666,-67.1701201597232],[95.77991559831196,-67.38676982775655],[96.67993359867194,-67.24797863417268],[97.75995519910396,-67.24797863417268],[98.68157363147259,-67.11257259165183],[99.7183943678873,-67.24797863417268],[100.38080761615231,-66.9162338299966],[100.8920178403568,-66.5811038747575],[101.57603152063041,-66.30690663865278],[102.82885657713149,-65.5621734047881],[103.47686953739071,-65.70096459837197],[104.24008480169601,-65.9751618344767],[104.90969819396383,-66.3272175450309],[106.18412368247363,-66.93654473637473],[107.1633432668653,-66.95347049168984],[108.08496169923393,-66.95347049168984],[109.15778315566308,-66.83837535554711],[110.2378047560951,-66.69958416196324],[111.05862117242344,-66.42538692585852],[111.742634852697,-66.13087878337566],[112.85865717314346,-66.09364212168244],[113.60747214944297,-65.87699245364908],[114.385087701754,-66.07333121530431],[114.89629792595849,-66.38476511310226],[115.60191203824076,-66.69958416196324],[116.6963339266785,-66.65896234920699],[117.38754775095498,-66.9162338299966],[118.58277165543308,-67.1701201597232],[119.83559671193422,-67.26828954055081],[120.87241744834893,-67.19043106610133],[121.65723314466288,-66.87561201724034],[122.31964639292784,-66.56417811944239],[123.21966439328781,-66.48293449392987],[124.11968239364785,-66.62172568751376],[125.16370327406543,-66.71989506834137],[126.09972199443985,-66.56417811944239],[126.99973999479988,-66.56417811944239],[127.88535770715413,-66.65896234920699],[128.7997759955199,-66.7571317300346],[129.70699413988274,-66.5811038747575],[130.7798155963119,-66.42538692585852],[131.80223604472087,-66.38476511310226],[132.932658653173,-66.38476511310226],[133.8542770855417,-66.28998088333766],[134.75429508590167,-66.20873725782516],[135.035100702014,-65.7212755047501],[135.0711014220284,-65.3082870750615],[135.69751395027896,-65.58248431116623],[135.87031740634808,-66.03270940254805],[136.20872417448345,-66.44569783223665],[136.6191323826476,-66.77744263641273],[137.4615492309846,-66.95347049168984],[138.59917198343965,-66.89592292361847],[139.90959819196382,-66.87561201724034],[140.8096161923238,-66.81806444916899],[142.12004240084798,-66.81806444916899],[143.06326126522526,-66.79775354279086],[144.37368747374944,-66.83837535554711],[145.48970979419585,-66.9162338299966],[146.1953239064781,-67.22766772779455],[146.00092001840034,-67.6000343447269],[146.64893297865956,-67.89454248720975],[147.72175443508866,-68.13150306162123],[148.83777675553506,-68.38538939134783],[150.1338026760535,-68.56141724662493],[151.48022960459207,-68.71713419552391],[152.50265005300105,-68.87623629548591],[153.64027280545605,-68.89316205080101],[154.2810856217124,-68.56141724662493],[155.16670333406665,-68.83561448272965],[155.92991859837196,-69.15043353159064],[156.80833616672328,-69.3840089549391],[158.02516050321003,-69.48217833576672],[159.1843836876737,-69.60065862297246],[159.67399347986958,-69.99333614628293],[160.80441608832172,-70.2269115696314],[161.56763135262702,-70.57896728018561],[162.68365367307342,-70.73468422908458],[163.84287685753714,-70.71775847376948],[164.9228984579691,-70.77530604184084],[166.11092221844433,-70.7549951354627],[167.30614612292243,-70.8328536099122],[168.42216844336883,-70.97164480349608],[169.4661893237864,-71.20522022684453],[170.50301006020118,-71.40155898849977],[171.20862417248338,-71.69606713098261],[171.08622172443444,-72.08874465429308],[170.56061121222422,-72.44080036484729],[170.10700214004277,-72.89102545622913],[169.75419508390166,-73.24308116678334],[169.28618572371442,-73.65606959647192],[167.97575951519025,-73.81178654537091],[167.38534770695412,-74.16384225592512],[166.09652193043854,-74.38049192395847],[165.64291285825715,-74.77316944726894],[164.95889917798354,-75.14553606420128],[164.23168463369262,-75.46035511306226],[163.82127642552848,-75.86995839168783],[163.56927138542767,-76.24232500862017],[163.46846936938732,-76.692550100002],[163.49006980139598,-77.06491671693433],[164.0588811776235,-77.4575942402448],[164.27488549770993,-77.82996085717714],[164.7428948578971,-78.18201656773135],[166.60053201064017,-78.32080776131522],[166.99653993079858,-78.75072194631892],[165.19650393007856,-78.9064388952179],[163.6628732574651,-79.12308856325126],[161.76923538470766,-79.16371037600751],[160.92681853637066,-79.72903060353207],[160.74681493629868,-80.19956660129202],[160.31480629612588,-80.57193321822436],[159.78919578391566,-80.9442998351567],[161.12122242444843,-81.27942979039581],[161.63243264865292,-81.68903306902138],[162.48924978499565,-82.06139968595372],[163.7060741214824,-82.39652964119283],[165.09570191403822,-82.70796353899078],[166.60053201064017,-83.02278258785175],[168.89737794755894,-83.33760163671273],[169.4013880277605,-83.8250633897878],[172.28144562891254,-84.04171305782116],[172.4758495169903,-84.11957153227064],[173.22466449328982,-84.4140796747535],[175.9823196463929,-84.1601933450269],[178.27916558331162,-84.47162724282485],[179.99999999999994,-84.71197296829936],[-142.95990826913,-84.72108499355916],[-142.8904578091562,-84.56979662365246],[-146.82893657873157,-84.53255996195924],[-150.06180123602473,-84.29559938754775],[-150.9042180843617,-83.90292186423729],[-153.58267165343307,-83.68965734726694],[-153.40986819736395,-83.23943225588512],[-153.0354607092142,-82.82644382619652],[-152.6682533650673,-82.45407720926418],[-152.86265725314507,-82.04108877957559],[-154.52589051781035,-81.76689154347086],[-155.28910578211566,-81.41483583291665],[-156.83713674273486,-81.1034019351187],[-154.41068821376427,-81.16094950319007],[-152.09944198883977,-81.00523255429108],[-150.645012900258,-81.33697735846717],[-148.86657733154664,-81.04246921598431],[-147.2177443548871,-80.67010259905197],[-146.4185283705674,-80.33835779487589],[-146.77133542670853,-79.92536936518731],[-148.06016120322408,-79.65117212908258],[-149.5289905798116,-79.35666398659973],[-151.58823176463528,-79.29911641852837],[-153.3882677653553,-79.16371037600751],[-155.33230664613293,-79.0655409951799],[-155.97311946238926,-78.69317437824756],[-157.26914538290765,-78.3783553293866],[-158.05396107922158,-78.02629961883238],[-158.36356727134543,-76.88888886165724],[-157.8739574791496,-76.98705824248485],[-156.9739394787896,-77.30187729134583],[-155.33230664613293,-77.2037079105182],[-153.74107482149643,-77.06491671693433],[-152.9202584051681,-77.49821605300106],[-151.3362267245345,-77.40004667217345],[-150.0042000840017,-77.18339700414008],[-148.75137502750056,-76.90919976803536],[-147.6137522750455,-76.57406981279625],[-146.10172203444068,-76.47928558303165],[-146.14492289845796,-76.10691896609933],[-146.4977299545991,-75.73455234916699],[-146.202524050481,-75.37911148754975],[-144.90649812996259,-75.20308363227264],[-144.32328646572932,-75.53821358751175],[-142.79685593711875,-75.34187482585652],[-141.63763275265507,-75.08798849612992],[-140.2120042400848,-75.0676775897518],[-138.85837716754335,-74.96950820892418],[-137.5047500950019,-74.73254763451268],[-136.43192863857277,-74.51928311754236],[-135.21510430208605,-74.30263344950899],[-134.43028860577212,-74.36018101758035],[-133.7462749254985,-74.44142464309286],[-132.25584511690235,-74.30263344950899],[-130.92381847636955,-74.4786613047861],[-129.55579111582233,-74.45835039840797],[-128.24536490729815,-74.32294435588712],[-126.8917378347567,-74.42111373671473],[-125.40130802616054,-74.51928311754236],[-124.01168023360468,-74.4786613047861],[-122.56445128902578,-74.49897221116422],[-121.07402148042962,-74.51928311754236],[-119.7059941198824,-74.4786613047861],[-118.68357367147344,-74.18415316230325],[-117.4667493349867,-74.02843621340426],[-116.21392427848558,-74.24508588143763],[-115.0187003740075,-74.06905802616052],[-113.94587891757836,-73.7136171645433],[-113.29786595731916,-74.02843621340426],[-112.94505890117803,-74.38049192395847],[-112.29704594091882,-74.71562187919758],[-111.2602252045041,-74.42111373671473],[-110.06500130002601,-74.79348035364707],[-108.71137422748455,-74.9085754897898],[-107.55935118702375,-75.18277272589452],[-106.14812296245925,-75.12522515782315],[-104.87369747394949,-74.94919730254605],[-103.36886737734756,-74.98981911530231],[-102.0152403048061,-75.12522515782315],[-100.6472129442589,-75.30125301310026],[-100.11440228804577,-74.87133882809655],[-100.76241524830498,-74.53620887285746],[-101.25202504050083,-74.18415316230325],[-102.54805096101923,-74.10629468785376],[-103.11686233724676,-73.73392807092142],[-103.32566651333028,-73.36156145398908],[-103.6784735694714,-72.6168282201244],[-102.9152583051661,-72.75561941370827],[-101.60483209664194,-72.81316698177963],[-100.3160063201264,-72.75561941370827],[-99.13518270365408,-72.91133636260724],[-98.119962399248,-73.2058445050901],[-97.68795375907519,-73.55790021564431],[-96.33432668653374,-73.61544778371567],[-95.0455009100182,-73.48004174119482],[-93.67027340546812,-73.28370297953958],[-92.43904878097563,-73.16522269233384],[-91.42382847656954,-73.40218326674534],[-90.09180183603674,-73.32432479229584],[-89.22778455569113,-72.55928065205305],[-88.42136842736856,-73.00950574343487],[-87.26934538690774,-73.18553359871197],[-86.01652033040662,-73.08736421788436],[-85.1957039140783,-73.48004174119482],[-83.87807756155124,-73.51727840288805],[-82.6684533690674,-73.63575869009381],[-81.47322946458931,-73.85240835812716],[-80.68841376827538,-73.48004174119482],[-80.29240584811697,-73.12798603064061],[-79.29878597571953,-73.51727840288805],[-77.92355847116943,-73.42249417312347],[-76.90833816676334,-73.63575869009381],[-76.22432448648973,-73.9708886453329],[-74.89229784595693,-73.87271926450529],[-73.8554771095422,-73.65606959647192],[-72.83305666113324,-73.40218326674534],[-71.6162323246465,-73.26339207316147],[-70.21220424408489,-73.14491178595571],[-68.93777875557512,-73.00950574343487],[-67.95855917118344,-72.7928560754015],[-67.36814736294727,-72.48142217760355],[-67.13054261085223,-72.04812284153684],[-67.25294505890119,-71.63851956291126],[-67.56255125102503,-71.24584203960079],[-67.91535830716616,-70.85316451629032],[-68.23216464329288,-70.46048699297987],[-68.48416968339367,-70.10843128242564],[-68.54177083541673,-69.71575375911519],[-68.44816896337927,-69.32646138686773],[-67.9729594591892,-68.9540947699354],[-67.58415168303367,-68.54110634024681],[-67.42574851497031,-68.14842881693633],[-67.62015240304807,-67.71851463193263],[-67.74255485109704,-67.32583710862218],[-67.25294505890119,-66.87561201724034],[-66.7057341146823,-66.5811038747575],[-66.0577211544231,-66.20873725782516],[-65.3737074741495,-65.8973033600272],[-64.56729134582693,-65.60279521754435],[-64.1784835696714,-65.17288103254066],[-63.631272625452524,-64.89868379643593],[-63.004860097201956,-64.6414123156463],[-62.04004080081603,-64.58386474757495],[-61.41362827256546,-64.26904569871397],[-60.70801416028321,-64.07270693705874],[-59.8871977439549,-63.95761180091602],[-59.15998319966401,-63.7003403201264],[-58.59117182343648,-63.388906422328446],[-57.813556271125435,-63.270426135122705],[-57.223144462889266,-63.5243124648493],[-57.59755195103904,-63.8594424200884],[-58.61277225544512,-64.15395056257125],[-59.04478089561793,-64.3672150795416],[-59.78639572791457,-64.21149813064261],[-60.614412288245774,-64.30966751147022],[-61.29842596851938,-64.5432429348187]]],[[[-120.23160463209265,-74.08936893253865],[-121.6212324246485,-74.01151045808916],[-122.62205244104882,-73.65945474753495],[-122.40604812096242,-73.32432479229584],[-121.21082421648433,-73.50035264757295],[-119.9219984399688,-73.65606959647192],[-118.72677453549072,-73.48004174119482],[-119.29558591171823,-73.83548260281205],[-120.23160463209265,-74.08936893253865]]],[[[-127.28054561091223,-73.46311598587971],[-126.56053121062422,-73.24646631784636],[-125.5597111942239,-73.48004174119482],[-124.03328066561332,-73.87271926450529],[-124.61649232984661,-73.83548260281205],[-125.91251825036501,-73.73731322198444],[-127.28054561091223,-73.46311598587971]]],[[[-98.19916398327967,-72.48142217760355],[-99.43038860777216,-72.44418551591032],[-100.78401568031362,-72.50173308398168],[-101.7992359847197,-72.30539432232645],[-102.33204664093283,-71.89579104370088],[-101.70563411268226,-71.71637803736076],[-100.4312086241725,-71.85516923094463],[-98.9839796795936,-71.93302770539411],[-97.88235764715296,-72.07181889897798],[-96.78793575871518,-71.95333861177224],[-96.19752395047902,-72.5220439903598],[-96.98233964679295,-72.44418551591032],[-98.19916398327967,-72.48142217760355]]],[[[-71.07622152443051,-72.5051182350447],[-72.38664773295467,-72.48480732866658],[-71.89703794075882,-72.09212980535611],[-73.07066141322828,-72.23092099893998],[-74.18668373367468,-72.36632704146083],[-74.95709914198285,-72.07181889897798],[-75.01470029400589,-71.66221562035241],[-73.91307826156525,-71.26953809704194],[-73.22906458129164,-71.1510578098362],[-72.07704154083083,-71.19167962259246],[-71.78183563671274,-70.68052181207624],[-71.7242344846897,-70.30815519514391],[-71.73863477269546,-69.50587439320786],[-71.17702354047083,-69.03533839544791],[-70.25540510810218,-68.87962144654892],[-69.72259445188905,-69.25198806348126],[-69.4921898437969,-69.6243546804136],[-69.06018120362408,-70.07457977179544],[-68.7289745794916,-70.50449395679914],[-68.44816896337927,-70.95471904818096],[-68.3329666593332,-71.40494413956279],[-68.51297025940521,-71.79762166287325],[-68.78657573151465,-72.1699882798056],[-69.96019920398409,-72.30877947338946],[-71.07622152443051,-72.5051182350447]]]]}},{"type":"Feature","id":"ATF","properties":{"name":"French Southern and Antarctic Lands"},"geometry":{"type":"Polygon","coordinates":[[[68.9377787555751,-48.62626263649273],[69.5785915718314,-48.94108168535371],[70.52181043620868,-49.0663322746855],[70.5578111562231,-49.255900734214684],[70.27700554011076,-49.70951097665954],[68.74337486749732,-49.773828846856944],[68.72177443548867,-49.242360129962606],[68.8657773155463,-48.82937170027401],[68.9377787555751,-48.62626263649273]]]}},{"type":"Feature","id":"AUS","properties":{"name":"Australia"},"geometry":{"type":"MultiPolygon","coordinates":[[[[145.39610792215842,-40.79302307666154],[146.36092721854436,-41.13830848508971],[146.90813816276324,-40.99951729150583],[147.68575371507427,-40.80994883197664],[148.29056581131618,-40.87426670217405],[148.362567251345,-42.06245472529451],[148.01696033920672,-42.407740133722676],[147.91615832316643,-43.21002093565872],[147.56335126702533,-42.939208850617014],[146.8721374427488,-43.63316481853637],[146.6633332666653,-43.58238755259106],[146.0513210264205,-43.548536041960844],[145.4321086421728,-42.692092823016466],[145.29530590611807,-42.031988365727315],[144.71929438588768,-41.16200454253085],[144.74089481789633,-40.705009149022985],[145.39610792215842,-40.79302307666154]]],[[[117.43794875897515,-20.74615848144964],[118.22996459929197,-20.3737918645173],[118.83477669553389,-20.262081879437602],[118.98597971959435,-20.045432211404233],[119.2523850477009,-19.954033132702662],[119.8067961359227,-19.977729190143805],[120.8580171603432,-19.683221047660965],[121.3980279605592,-19.23976625840517],[121.65723314466288,-18.704912390447817],[122.24044480889614,-18.19713973099462],[122.28364567291345,-17.797691905558125],[122.31244624892497,-17.256067735474716],[123.01086021720431,-16.40639481865638],[123.43566871337424,-17.2696083397268],[123.86047720954417,-17.069884427008546],[123.50047000940015,-16.595963278185565],[123.81727634552686,-16.111886676173526],[124.25648512970258,-16.328536344206896],[124.37888757775153,-15.566877355027103],[124.9260985219704,-15.076030450889021],[125.16370327406543,-14.67996777651554],[125.66771335426705,-14.51071022336447],[125.6893137862757,-14.229742685133715],[126.12852257045137,-14.348222972339457],[126.14292285845715,-14.09433664261286],[126.58213164263282,-13.95216029796596],[127.06454129082579,-13.816754255445119],[127.80615612312243,-14.277134800016015],[128.36056721134418,-14.869536236044723],[128.98697973959474,-14.876306538170766],[129.62059241184818,-14.971090767935365],[129.41178823576467,-14.419311144662899],[129.88699773995478,-13.617030342726864],[130.34060681213623,-13.356373710874223],[130.18220364407284,-13.105872532210654],[130.61421228424564,-12.537167153623088],[131.22622452449048,-12.185111443068877],[131.73743474869497,-12.303591730274618],[132.57265145302904,-12.11402327074542],[132.55825116502325,-11.60286546022921],[131.82383647672953,-11.274505807116157],[132.3566471329426,-11.128944311406244],[133.01906038120757,-11.376060339006784],[133.5518710374207,-11.785663617632366],[134.3942878857577,-12.042935098421978],[134.67509350186998,-11.941380566531336],[135.30150603012055,-12.249429313266276],[135.88471769435387,-11.961691472909465],[136.25912518250362,-12.04970540054802],[136.48952979059578,-11.856751789955808],[136.9503390067801,-12.350983845156918],[136.68393367867355,-12.88583771311427],[136.30232604652088,-13.292055840676824],[135.9639192783855,-13.325907351307038],[136.07912158243164,-13.725355176743548],[135.78391567831352,-14.222972383007672],[135.43110862217242,-14.713819287145753],[135.5031100622012,-14.998171976439536],[136.295125902518,-15.549951599712003],[137.06554131082618,-15.871540950699028],[137.58395167903353,-16.213441208064168],[138.30396607932153,-16.809227795155905],[138.58477169543386,-16.80584264409289],[139.11038220764414,-17.063114124882503],[139.2615852317046,-17.371162871617443],[140.21200424008475,-17.70967797791957],[140.8744174883497,-17.367777720554415],[141.06882137642748,-16.832923852597062],[141.27762555251104,-16.38946906334128],[141.40002800055998,-15.841074591131829],[141.7024340486809,-15.045564091321836],[141.56563131262624,-14.561487489309798],[141.637632752655,-14.270364497889972],[141.52243044860893,-13.698273968239377],[141.6520330406608,-12.943385281185627],[141.83923678473565,-12.740276217404357],[141.68803376067518,-12.408531413228275],[141.9256385127702,-11.877062696333937],[142.12004240084798,-11.328668224124485],[142.14164283285663,-11.044315534830702],[142.5160503210064,-10.668563766835348],[142.79685593711872,-11.1560255199104],[142.8688573771475,-11.785663617632366],[143.11366227324544,-11.904143904838108],[143.1568631372627,-12.327287787715761],[143.52407048140958,-12.835060447168956],[143.5960719214384,-13.400380674693508],[143.56007120142397,-13.762591838436776],[143.920078401568,-14.547946885057712],[144.5608912178243,-14.172195117062344],[144.8920978419568,-14.595338999940012],[145.37450749014977,-14.984631372187451],[145.27370547410942,-15.428086161443233],[145.48250965019298,-16.28452938038761],[145.63371267425345,-16.785531737714763],[145.88571771435426,-16.907397175983533],[146.15932318646367,-17.760455243864882],[146.06572131442624,-18.278383356507135],[146.38972779455588,-18.958798720174414],[147.46974939498784,-19.48011198387968],[148.1753635072701,-19.957418283765676],[148.84497689953793,-20.3907176198324],[148.71537430748612,-20.63444849636994],[149.2913858277165,-21.260701443028864],[149.68019360387206,-22.34394978319567],[150.07620152403047,-22.123914964099292],[150.47940958819174,-22.55721430016601],[150.72421448428963,-22.401497351267032],[150.89701794035875,-23.461049633992687],[151.60983219664388,-24.077147127462553],[152.0706414128282,-24.456284046520935],[152.85545710914215,-25.26872030164604],[153.13626272525448,-26.071001103582077],[153.165063301266,-26.63970648216965],[153.09306186123717,-27.259189126702537],[153.56827136542728,-28.10886204352088],[153.51067021340424,-28.99577162203245],[153.33786675733512,-29.45953731766636],[153.07146142922852,-30.34983204724095],[153.09306186123717,-30.925307727954568],[152.89145782915654,-31.639574602252054],[152.45224904498087,-32.55018023820477],[151.71063421268423,-33.041027142342855],[151.34342686853734,-33.81622673577472],[151.01222024440483,-34.31045879097582],[150.71701434028677,-35.17367231204624],[150.32820656413122,-35.671289518310374],[150.07620152403047,-36.41940790323807],[149.9465989319786,-37.109978720094404],[149.99699993999877,-37.424797768955386],[149.42098841976838,-37.773468328446576],[148.30496609932197,-37.810704990139804],[147.38334766695328,-38.22030826876538],[146.92253845076897,-38.606215489949804],[146.31772635452705,-39.03612967495351],[145.48970979419585,-38.59267488569772],[144.87769755395107,-38.41664703042061],[145.02890057801153,-37.89533376671534],[144.48888977779552,-38.08490222624453],[143.61047220944414,-38.80932455373108],[142.74645492909855,-38.538512468689376],[142.17764355287102,-38.37941036872738],[141.6088321766435,-38.308322196403935],[140.63681273625468,-38.020584356047124],[139.98879977599546,-37.40448686257726],[139.80879617592348,-36.64282787339747],[139.57119142382845,-36.138440365007305],[139.08158163163262,-35.73222223744475],[138.12396247924954,-35.61374195023901],[138.44796895937912,-35.12628019716395],[138.2103642072841,-34.38493211436229],[137.72075441508827,-35.07550293121863],[136.82793655873115,-35.2616862396848],[137.35354707094137,-34.70652146534931],[137.50475009500184,-34.131045784635695],[137.89355787115738,-33.640198880497614],[137.80715614312282,-32.89885079769596],[136.9935398707974,-33.75190886557732],[136.3743274865497,-34.09380912294247],[135.98551971039416,-34.88931962275246],[135.20790415808312,-34.479716344126885],[135.23670473409464,-33.94824762723255],[134.61029220584408,-33.223825299746004],[134.08468169363385,-32.84807353175064],[134.2718854377087,-32.617883259465195],[132.99025980519605,-32.011941219184386],[132.28464569291384,-31.9814748596172],[131.32702654053077,-31.497398257605155],[129.53419068381362,-31.588797336306733],[128.23816476329523,-31.947623348986987],[127.10054201084017,-32.28275330422609],[126.15012300246002,-32.21505028296566],[125.09170183403666,-32.729593244544894],[124.22048440968814,-32.95978351683034],[124.02608052161042,-33.48448193159864],[123.65887317746353,-33.89070005916119],[122.80925618512367,-33.91439611660234],[122.1828436568731,-34.00241004424089],[121.29722594451886,-33.81961188683774],[120.57721154423086,-33.93132187191745],[119.89319786395725,-33.97532883573672],[119.2955859117182,-34.51018270369408],[119.00758015160301,-34.46279058881178],[118.50357007140138,-34.74714327810557],[118.02836056721134,-35.065347478029565],[117.29394587891755,-35.02472566527331],[116.62433248664968,-35.02472566527331],[115.56591131822631,-34.38493211436229],[115.0259005180103,-34.1953636548331],[115.04750095001896,-33.62327312518251],[115.54431088621772,-33.48786708266166],[115.71711434228683,-33.26106196143923],[115.68111362227239,-32.89885079769596],[115.8035160703214,-32.2048948297766],[115.68831376627531,-31.612493393747883],[115.16270325406504,-30.60033322590452],[114.99709994199878,-30.031627847316955],[115.04030080601609,-29.45953731766636],[114.64429288585768,-28.80958831356628],[114.61549230984616,-28.515080171083426],[114.1762835256705,-28.119017496709944],[114.04668093361863,-27.333662450089008],[113.4778695573911,-26.54153710134203],[113.34106682133637,-26.115008067401355],[113.78027560551209,-26.548307403468073],[113.44186883737672,-25.620776012200253],[113.93867877357542,-25.91189900362008],[114.23388467769354,-26.297806224804503],[114.21948438968775,-25.786648414288294],[113.72267445348905,-24.997908216604337],[113.6218724374487,-24.68308916774336],[113.39146782935654,-24.385195874197493],[113.49946998939976,-23.806335042420855],[113.70827416548326,-23.5592190148203],[113.845076901538,-23.061601808556176],[113.73707474149478,-22.475970674653503],[114.14748294965898,-21.754933498229974],[114.22668453369062,-22.516592487409753],[114.64429288585768,-21.829406821616438],[115.45790915818316,-21.494276866377334],[115.94751895037899,-21.067747832436652],[116.71073421468424,-20.702151517630355],[117.16434328686569,-20.62429304318087],[117.43794875897515,-20.74615848144964]]]]}},{"type":"Feature","id":"AUT","properties":{"name":"Austria"},"geometry":{"type":"Polygon","coordinates":[[[16.981539630792582,48.12473989571791],[16.902338046760917,47.71513661709233],[16.340726814536282,47.71175146602931],[16.535130702614026,47.49510179799594],[16.20392407848155,46.85192309602189],[16.009520190403776,46.682665542870836],[15.13830276605529,46.65896948542968],[14.634292685853694,46.43216436420727],[13.806276125522487,46.51002283865677],[12.373447468949365,46.767294319446364],[12.150243004860073,47.115964878937575],[11.163823276465507,46.93993702366046],[11.048620972419428,46.750368564131264],[10.443808876177513,46.89254490877815],[9.932598651973024,46.91962611728232],[9.478989579791573,47.10242427468549],[9.630192603852066,47.346155151223],[9.594191883837652,47.52556815756313],[9.89659793195861,47.57973057457147],[10.400608012160234,47.30214818740373],[10.544610892217833,47.566189970319385],[11.423028460569185,47.522183006500114],[12.143042860857207,47.70159601284024],[12.618252365047283,47.671129653273056],[12.935058701174,47.46802058949177],[13.028660573211454,47.63727814264283],[12.884657693153855,48.29061229780595],[13.244664893297852,48.415862887137735],[13.597471949438955,48.876243431708616],[14.339086781735602,48.554654080721605],[14.900698013960266,48.96425735934716],[15.253505070101369,49.03873068273364],[16.03112062241243,48.73406708706173],[16.49912998259964,48.78484435300703],[16.959939198783957,48.598661044540876],[16.880737614752263,48.47002530414608],[16.981539630792582,48.12473989571791]]]}},{"type":"Feature","id":"AZE","properties":{"name":"Azerbaijan"},"geometry":{"type":"MultiPolygon","coordinates":[[[[46.142122842456814,38.74110114902297],[45.458109162183206,38.873122040480794],[44.95409908198161,39.336887736114704],[44.79569591391825,39.71263950411007],[45.004500090001784,39.73972071261424],[45.29970599411985,39.47229377863556],[45.73891477829554,39.475678929698574],[45.73891477829554,39.319961980799604],[46.142122842456814,38.74110114902297]]],[[[48.582971659433156,41.808048012120224],[49.108582171643405,41.28334959735193],[49.619792395847895,40.572467874117464],[50.087801756035105,40.525075759235165],[50.39020780415606,40.257648825256496],[49.56939138782772,40.17640519974398],[49.3965879317586,39.39782045524909],[49.223784475689484,39.04914989575789],[48.85657713154259,38.81557447240944],[48.88537770755411,38.32134241720833],[48.63337266745333,38.270565151263014],[48.01416028320563,38.79526356603131],[48.352567051341,39.289495621232405],[48.057361147222906,39.58061861265223],[47.68295365907315,39.50953044032879],[46.50213004260084,38.77156750859015],[46.480529610592185,39.46552347650952],[46.03412068241363,39.62801072753453],[45.6093121862437,39.89882281257624],[45.89011780235603,40.21702701250024],[45.35730714614289,40.56231242092841],[45.558911178223525,40.812813599591976],[45.1773035460709,40.98545630380606],[44.975699513990264,41.249498086721715],[45.22050441008818,41.41198533774674],[45.96211924238483,41.12424749738993],[46.50213004260084,41.063314778255545],[46.638932778655544,41.18179506546129],[46.142122842456814,41.7234192355447],[46.408528170563386,41.86221042912857],[46.68933378667572,41.82835891849835],[47.373347466949326,41.21903172715453],[47.81255625112499,41.1513287058941],[47.98535970719411,41.4052150356207],[48.582971659433156,41.808048012120224]]]]}},{"type":"Feature","id":"BDI","properties":{"name":"Burundi"},"geometry":{"type":"Polygon","coordinates":[[[29.336986739734783,-4.500818530010605],[29.279385587711744,-3.292319600512016],[29.02738054761093,-2.8387093580671774],[29.632192643852846,-2.9165678325166624],[29.941798835976698,-2.347862453929082],[30.467409348186948,-2.4121803241264956],[30.525010500209987,-2.8082429984999777],[30.741014820296385,-3.035048119722404],[30.755415108302145,-3.360022621772444],[30.503410068201333,-3.5699019876797564],[30.114602292045817,-4.091215251385037],[29.75459509190182,-4.453426415128305],[29.336986739734783,-4.500818530010605]]]}},{"type":"Feature","id":"BEL","properties":{"name":"Belgium"},"geometry":{"type":"Polygon","coordinates":[[[3.3156663133262327,51.347403707714136],[4.050081001620015,51.26616008220162],[4.971699433988647,51.476039448108935],[5.60531210624211,51.03596980991617],[6.159723194463879,50.80239438656773],[6.0445208904178,50.12874932502649],[5.785315706314094,50.09151266333325],[5.677313546270909,49.52957758687171],[4.798895977919528,49.98657298037958],[4.287685753715067,49.90871450593011],[3.589271785435699,50.37925050369006],[3.1212624252484886,50.77869832912657],[2.6604532090641726,50.79562408444167],[2.5164503290065454,51.147679794995895],[3.3156663133262327,51.347403707714136]]]}},{"type":"Feature","id":"BEN","properties":{"name":"Benin"},"geometry":{"type":"Polygon","coordinates":[[[2.6892537850756923,6.257191548270953],[1.868437368747351,6.142096412128225],[1.616432328646539,6.832667228984562],[1.6668333366667127,9.127799649712983],[1.4652293045860745,9.334293864557281],[1.4220284405687948,9.825140768695363],[1.0764215284305578,10.177196479249574],[0.774015480309572,10.471704621732428],[0.8964179283585452,10.996403036500723],[1.2420248404967822,11.111498172643437],[1.4436288725774205,11.54818265977319],[1.9332386647732847,11.63958173847476],[2.1564431288625485,11.940860183083643],[2.4876497529950257,12.231983174503483],[2.847656953139051,12.235368325566498],[3.6108722174443244,11.659892644852889],[3.574871497429939,11.328147840676806],[3.798075961519203,10.735746404648083],[3.5964719294385645,10.332913428148558],[3.704474089481778,10.062101343106846],[3.2220644412888078,9.442618698573966],[2.912458249164956,9.13795510290204],[2.725254505090078,8.50831700518009],[2.746854937098732,7.871908605332095],[2.6892537850756923,6.257191548270953]]]}},{"type":"Feature","id":"BFA","properties":{"name":"Burkina Faso"},"geometry":{"type":"Polygon","coordinates":[[[-2.826056521130454,9.642342611292221],[-3.510070201404062,9.899614092081833],[-3.978079561591244,9.862377430388591],[-4.330886617732375,9.611876251725022],[-4.777295545910931,9.821755617632334],[-4.957299145982944,10.153500421808431],[-5.4037080741615,10.370150089841786],[-5.468509370187434,10.952396072681438],[-5.194903898077968,11.375539955559105],[-5.223704474089516,11.714055061861231],[-4.4244884897698284,12.543417072301438],[-4.280485609712201,13.227217587031731],[-4.006880137602764,13.470948463569258],[-3.524470489409822,13.33892757211143],[-3.106862137242757,13.5420366358927],[-2.9700594011880526,13.799308116682326],[-2.192443848876991,14.246148057001122],[-1.9980399607992467,14.55758195479909],[-1.0692213844277205,14.9739555355507],[-0.5148102962059511,15.116131880197585],[-0.26280525610513905,14.923178269605387],[0.37800756015118964,14.929948571731416],[0.2988059761194961,14.445871969719377],[0.428408568171335,13.98887657621151],[0.9900198003959986,13.335542421048416],[1.026020520410384,12.851465819036363],[2.1780435608712025,12.624660697813951],[2.1564431288625485,11.940860183083643],[1.9332386647732847,11.63958173847476],[1.4436288725774205,11.54818265977319],[1.2420248404967822,11.111498172643437],[0.8964179283585452,10.996403036500723],[0.025200504010058467,11.020099093941866],[-0.43560871217425756,11.097957568391351],[-0.759615192303869,10.935470317366338],[-1.2060241204824251,11.009943640752809],[-2.941258825176533,10.96255152587051],[-2.9628592571851584,10.393846147282929],[-2.826056521130454,9.642342611292221]]]}},{"type":"Feature","id":"BGD","properties":{"name":"Bangladesh"},"geometry":{"type":"Polygon","coordinates":[[[92.66945338906777,22.042150955139093],[92.65505310106198,21.324498929778585],[92.30224604492088,21.47683072761454],[92.36704734094678,20.671164774615477],[92.08624172483445,21.192478038320758],[92.02864057281141,21.70025069777394],[91.83423668473364,22.184327299785977],[91.41662833256663,22.766573282625643],[90.495009900198,22.80380994431887],[90.58861177223542,22.394206665693304],[90.2718054361087,21.835656740294795],[89.84699693993878,22.038765804076064],[89.70299405988118,21.855967646672923],[89.42218844376885,21.967677631752622],[89.0333806676133,22.055691559391178],[88.87497749954997,22.878283267705342],[88.52937058741173,23.629786803696064],[88.70217404348085,24.232343692913844],[88.08296165923315,24.50315577795554],[88.30616612332244,24.865366941698824],[88.93257865157301,25.237733558631163],[88.21256425128502,25.7692022755255],[88.56537130742612,26.446232488129752],[89.35738714774294,26.012933152063027],[89.83259665193299,25.965541037180728],[89.91899837996755,25.26819991819835],[90.86941738834776,25.132793875677507],[91.79823596471925,25.14633447992958],[92.37424748494965,24.977076926778523],[91.91343826876533,24.130789161023202],[91.4670293405868,24.073241592951845],[91.15742314846295,23.50453621436428],[91.70463409268183,22.986608101722027],[91.87023740474808,23.62301650157002],[92.14384287685749,23.626401652633035],[92.66945338906777,22.042150955139093]]]}},{"type":"Feature","id":"BGR","properties":{"name":"Bulgaria"},"geometry":{"type":"Polygon","coordinates":[[[22.655253105062087,44.23520132430647],[22.943258865177285,43.82221289461788],[23.3320666413328,43.896686218004334],[24.10248204964097,43.74096926910536],[25.571311426228505,43.68680685209702],[26.068121362427235,43.94407833288665],[27.24174483489668,44.17765375623512],[27.968959379187567,43.812057441428806],[28.55937118742372,43.707117758475164],[28.040960819216366,43.29412932878657],[27.673753475069475,42.57647730342606],[27.997759955199086,42.00777192483848],[27.133742674853465,42.13979281629631],[26.11852237044738,41.82835891849835],[26.10412208244162,41.327356561171214],[25.196903938078748,41.23595748246963],[24.491289825796486,41.584628041960826],[23.692073841476798,41.3104308058561],[22.95045900918015,41.33751201436027],[22.87845756915135,41.99761647164942],[22.38164763295265,42.319205822636434],[22.547250945018874,42.46138216728332],[22.43924878497569,42.579862454489074],[22.604852097041913,42.89806665441307],[22.986459729194564,43.20950055221104],[22.49684993699873,43.64279988827775],[22.41044820896417,44.00839620308403],[22.655253105062087,44.23520132430647]]]}},{"type":"Feature","id":"BHS","properties":{"name":"The Bahamas"},"geometry":{"type":"MultiPolygon","coordinates":[[[[-77.53475069501391,23.758422544090863],[-77.77955559111183,23.711030429208577],[-78.03156063121264,24.286506109922186],[-78.4059681193624,24.574243950278998],[-78.189963799276,25.210652350126992],[-77.88755775115503,25.170030537370735],[-77.54195083901679,24.34066852693053],[-77.53475069501391,23.758422544090863]]],[[[-77.82275645512911,26.581638530650594],[-78.90997819956401,26.41915127962558],[-78.98197963959281,26.79151789655792],[-78.50677013540272,26.869376371007405],[-77.85155703114063,26.83891001144022],[-77.82275645512911,26.581638530650594]]],[[[-77.00194003880078,26.588408832776636],[-77.17474349486992,25.87752710954217],[-77.35474709494191,26.006162849936985],[-77.34034680693615,26.53086126470528],[-77.78675573511471,26.923538788015748],[-77.78675573511471,27.038633924158475],[-77.00194003880078,26.588408832776636]]]]}},{"type":"Feature","id":"BIH","properties":{"name":"Bosnia and Herzegovina"},"geometry":{"type":"Polygon","coordinates":[[[19.004780095601888,44.861454270965396],[19.364787295745884,44.861454270965396],[19.119982399647967,44.42138463277263],[19.602392047840937,44.038862562651246],[19.451189023780444,43.568326564891294],[19.220784415688286,43.524319601071994],[19.033580671613407,43.43292052237044],[18.709574191483796,43.19934509902197],[18.55837116742333,42.65095062681252],[17.672753455069085,43.03008754587091],[17.298345966919328,43.44646112662252],[16.916738334766677,43.66649594571891],[16.45592911858236,44.04224771371426],[16.239924798495935,44.35029646044919],[15.750315006300099,44.817447307146125],[15.959119182383631,45.233820887897735],[16.319126382527628,45.00363061561231],[16.535130702614026,45.21012483045661],[17.003140062801236,45.233820887897735],[17.859957199143963,45.067948485809694],[18.551171023420437,45.08148909006178],[19.004780095601888,44.861454270965396]]]}},{"type":"Feature","id":"BLR","properties":{"name":"Belarus"},"geometry":{"type":"Polygon","coordinates":[[[23.483269665393294,53.913348213484255],[24.448088961779206,53.9065779113582],[25.53531070621409,54.28232967935358],[25.76571531430625,54.84764990687813],[26.58653173063459,55.16585410680213],[26.492929858597137,55.61607919818394],[27.104942098841946,55.78195160027198],[28.17776355527107,56.167858821456406],[29.22898457969157,55.91735764279284],[29.37298745974917,55.67024161519228],[29.89859797195942,55.78872190239804],[30.870617412348224,55.551761327986554],[30.971419428388543,55.08122533022657],[30.755415108302145,54.81041324518489],[31.381827636552714,54.157079090021796],[31.792235844716856,53.974280932618626],[31.734634692693817,53.7948679262785],[32.404248084961665,53.618840071001415],[32.69225384507689,53.35141313702272],[32.303446068921346,53.131378317926334],[31.497029940598793,53.168614979619576],[31.30262605252102,53.07383074985498],[31.540230804616073,52.742085945678895],[31.78503570071399,52.102292394767886],[30.928218564371264,52.04135967563349],[30.618612372247412,51.8213248565371],[30.553811076221507,51.320322499209965],[30.157803156063096,51.415106728974564],[29.25778515570309,51.36771461409228],[28.991379827596518,51.60129003744072],[28.61697233944676,51.42864733322665],[28.242564851297004,51.570823677873534],[27.450549010980183,51.59113458425168],[26.334526690533778,51.831480309726174],[25.326506530130587,51.909338784175674],[24.55609112182242,51.88902787779753],[24.00168003360065,51.61821579275585],[23.526470529410574,51.57759397999959],[23.50487009740192,52.02443392031839],[23.202464049280962,52.48819961595231],[23.80007600152001,52.69130867973357],[23.807276145522877,53.09075650517008],[23.526470529410574,53.469893424228474],[23.483269665393294,53.913348213484255]]]}},{"type":"Feature","id":"BLZ","properties":{"name":"Belize"},"geometry":{"type":"Polygon","coordinates":[[[-89.14138282765656,17.80732697529949],[-89.14858297165944,17.95627362207243],[-89.03338066761336,18.0002805858917],[-88.84617692353848,17.88180029868596],[-88.49336986739736,18.48774233896677],[-88.2989659793196,18.501282943218854],[-88.2989659793196,18.352336296445912],[-88.10456209124183,18.348951145382898],[-88.12616252325047,18.0781390603412],[-88.28456569131383,17.644839724274476],[-88.19816396327927,17.489122775375492],[-88.30616612332248,17.130296762695238],[-88.24136482729655,17.035512532930653],[-88.35656713134264,16.531125024540472],[-88.5509710194204,16.267083241624817],[-88.7309746194924,16.233231730994603],[-88.93257865157304,15.887946322566435],[-89.22778455569113,15.887946322566435],[-89.14858297165944,17.015201626552525],[-89.14138282765656,17.80732697529949]]]}},{"type":"Feature","id":"BMU","properties":{"name":"Bermuda"},"geometry":{"type":"Polygon","coordinates":[[[-64.78329566591333,32.305928978219555],[-64.79049580991621,32.302543827156526],[-64.79769595391909,32.302543827156526],[-64.81209624192485,32.30931412928257],[-64.81929638592773,32.305928978219555],[-64.81209624192485,32.302543827156526],[-64.79769595391909,32.29238837396747],[-64.78329566591333,32.28561807184143],[-64.79769595391909,32.278847769715384],[-64.80489609792197,32.275462618652355],[-64.81929638592773,32.2653071654633],[-64.82649652993061,32.2653071654633],[-64.83369667393349,32.258536863337255],[-64.84089681793637,32.25515171227423],[-64.85529710594213,32.25515171227423],[-64.86969739394789,32.26192201440027],[-64.86249724994501,32.27207746758934],[-64.87689753795077,32.275462618652355],[-64.86969739394789,32.2822329207784],[-64.86969739394789,32.29238837396747],[-64.85529710594213,32.295773525030484],[-64.86249724994501,32.302543827156526],[-64.84089681793637,32.3126992803456],[-64.83369667393349,32.322854733534655],[-64.83369667393349,32.3296250356607],[-64.85529710594213,32.3126992803456],[-64.86249724994501,32.305928978219555],[-64.86969739394789,32.30931412928257],[-64.86969739394789,32.302543827156526],[-64.87689753795077,32.302543827156526],[-64.87689753795077,32.29238837396747],[-64.88409768195365,32.2822329207784],[-64.87689753795077,32.26192201440027],[-64.86249724994501,32.24499625908517],[-64.85529710594213,32.248381410148184],[-64.84089681793637,32.248381410148184],[-64.83369667393349,32.24499625908517],[-64.82649652993061,32.248381410148184],[-64.81929638592773,32.25176656121121],[-64.81209624192485,32.25515171227423],[-64.79049580991621,32.2653071654633],[-64.77609552191045,32.27207746758934],[-64.76169523390469,32.28561807184143],[-64.75449508990181,32.29238837396747],[-64.74009480189605,32.29915867609351],[-64.71849436988741,32.3126992803456],[-64.71129422588453,32.31608443140861],[-64.69689393787877,32.32623988459768],[-64.67529350587013,32.333010186723726],[-64.65369307386149,32.34655079097581],[-64.65369307386149,32.349935942038826],[-64.66089321786437,32.36009139522788],[-64.65369307386149,32.36009139522788],[-64.64649292985861,32.370246848416954],[-64.66089321786437,32.377017150543],[-64.66809336186725,32.387172603732054],[-64.68249364987301,32.387172603732054],[-64.69689393787877,32.377017150543],[-64.70409408188165,32.370246848416954],[-64.71129422588453,32.366861697353926],[-64.70409408188165,32.36009139522788],[-64.69689393787877,32.36347654629091],[-64.68969379387589,32.36347654629091],[-64.68969379387589,32.353321093101854],[-64.68249364987301,32.353321093101854],[-64.68249364987301,32.36347654629091],[-64.66809336186725,32.36009139522788],[-64.66089321786437,32.349935942038826],[-64.67529350587013,32.33978048884977],[-64.68969379387589,32.333010186723726],[-64.70409408188165,32.34316563991278],[-64.71849436988741,32.35670624416487],[-64.71849436988741,32.353321093101854],[-64.72569451389029,32.34655079097581],[-64.73289465789317,32.34316563991278],[-64.74009480189605,32.33978048884977],[-64.74009480189605,32.3296250356607],[-64.74009480189605,32.322854733534655],[-64.74729494589893,32.31946958247164],[-64.75449508990181,32.3126992803456],[-64.76889537790757,32.30931412928257],[-64.78329566591333,32.305928978219555]]]}},{"type":"Feature","id":"BOL","properties":{"name":"Bolivia"},"geometry":{"type":"Polygon","coordinates":[[[-67.10894217884359,-22.736627306506136],[-67.8289565791316,-22.872033349026985],[-68.21776435528712,-21.494276866377334],[-68.75777515550313,-20.3737918645173],[-68.4409688193764,-19.405638660493224],[-68.96657933158664,-18.982494777615557],[-69.10338206764136,-18.261457601192035],[-69.59299185983721,-17.581042237524755],[-68.95937918758376,-16.50117904842098],[-69.39138782775657,-15.661661584791702],[-69.1609832196644,-15.323146478489576],[-69.3409868197364,-14.954165012620265],[-68.95217904358088,-14.453162655293113],[-68.93057861157224,-13.603489738474778],[-68.88017760355208,-12.899378317366356],[-68.66417328346569,-12.56086321106423],[-69.5281905638113,-10.952916456129131],[-68.78657573151465,-11.037545232704659],[-68.26816536330728,-11.013849175263516],[-68.044960899218,-10.712570730654619],[-67.17374347486951,-10.306352603092066],[-66.64813296265926,-9.930600835096712],[-65.3377067541351,-9.761343281945642],[-65.4457089141783,-10.512846817936364],[-65.32330646612934,-10.895368888057774],[-65.40250805016102,-11.565628798535982],[-64.31528630572613,-12.462693830236617],[-63.199263985279714,-12.628566232324658],[-62.80325606512132,-13.000932849256998],[-62.12644252885059,-13.197271610912225],[-61.71603432068643,-13.48839460233205],[-61.082421648432984,-13.478239149142993],[-60.506410128202575,-13.776132442688862],[-60.456009120182415,-14.3549932744655],[-60.26160523210466,-14.646116265885325],[-60.25440508810178,-15.076030450889021],[-60.542410848216974,-15.092956206204136],[-60.16080321606434,-16.25744817188344],[-58.238364767295366,-16.298069984639696],[-58.389567791355844,-16.876930816416333],[-58.281565631312645,-17.27299349078983],[-57.734354687093756,-17.553961029020584],[-57.49674993499872,-18.17344367355348],[-57.676753535070716,-18.96218387123743],[-57.950359007180154,-19.39886835836718],[-57.856757135142715,-19.970958888017762],[-58.166363327266566,-20.17745310286206],[-58.180763615272326,-19.869404356127134],[-59.11678233564673,-19.358246545610925],[-60.04560091201826,-19.34132079029581],[-61.78803576071523,-19.632443781715637],[-62.26324526490531,-20.51258305810117],[-62.29204584091683,-21.050822077121552],[-62.68805376107524,-22.249165553431077],[-62.8464569291386,-22.035901036460736],[-63.98407968159364,-21.99527922370448],[-64.38008760175205,-22.79756002564052],[-64.96329926598533,-22.076522849216992],[-66.2737254745095,-21.83279197267946],[-67.10894217884359,-22.736627306506136]]]}},{"type":"Feature","id":"BRA","properties":{"name":"Brazil"},"geometry":{"type":"Polygon","coordinates":[[[-57.62635252705056,-30.217811155783124],[-56.29432588651774,-28.85359527738555],[-55.163903278065575,-27.882056922298453],[-54.49428988579773,-27.4758387947359],[-53.65187303746076,-26.924059171463433],[-53.63027260545212,-26.12516352059042],[-54.12708254165085,-25.546302688813782],[-54.623892477849566,-25.739256299405994],[-54.42948858977181,-25.16378061869238],[-54.29268585371709,-24.571379182663662],[-54.29268585371709,-24.019599559391196],[-54.652693053861086,-23.84018655305107],[-55.02710054201086,-24.00267380407609],[-55.40150803016061,-23.95528168919379],[-55.51671033420669,-23.572759619072386],[-55.610312206244146,-22.65538368099363],[-55.797515950319024,-22.357490387447754],[-56.47432948658975,-22.086678302406057],[-56.88473769475391,-22.28301706406129],[-57.935958719174394,-22.090063453469078],[-57.871157423148475,-20.732617877197555],[-58.166363327266566,-20.17745310286206],[-57.856757135142715,-19.970958888017762],[-57.950359007180154,-19.39886835836718],[-57.676753535070716,-18.96218387123743],[-57.49674993499872,-18.17344367355348],[-57.734354687093756,-17.553961029020584],[-58.281565631312645,-17.27299349078983],[-58.389567791355844,-16.876930816416333],[-58.238364767295366,-16.298069984639696],[-60.16080321606434,-16.25744817188344],[-60.542410848216974,-15.092956206204136],[-60.25440508810178,-15.076030450889021],[-60.26160523210466,-14.646116265885325],[-60.456009120182415,-14.3549932744655],[-60.506410128202575,-13.776132442688862],[-61.082421648432984,-13.478239149142993],[-61.71603432068643,-13.48839460233205],[-62.12644252885059,-13.197271610912225],[-62.80325606512132,-13.000932849256998],[-63.199263985279714,-12.628566232324658],[-64.31528630572613,-12.462693830236617],[-65.40250805016102,-11.565628798535982],[-65.32330646612934,-10.895368888057774],[-65.4457089141783,-10.512846817936364],[-65.3377067541351,-9.761343281945642],[-66.64813296265926,-9.930600835096712],[-67.17374347486951,-10.306352603092066],[-68.044960899218,-10.712570730654619],[-68.26816536330728,-11.013849175263516],[-68.78657573151465,-11.037545232704659],[-69.5281905638113,-10.952916456129131],[-70.09700194003881,-11.125559160343215],[-70.55061101222026,-11.010464024200488],[-70.47860957219146,-9.490531196903945],[-71.29942598851979,-10.07954748186964],[-72.18504370087403,-10.052466273365482],[-72.55945118902379,-9.520997556471144],[-73.22906458129164,-9.463449988399773],[-73.01306026120524,-9.033535803396077],[-73.567471349427,-8.424208612052254],[-73.98507970159405,-7.523758429288591],[-73.72587451749037,-7.34096027188545],[-73.72587451749037,-6.917816389007783],[-73.12106242124844,-6.630078548650985],[-73.22186443728876,-6.088454378567576],[-72.96265925318508,-5.7397838190763935],[-72.89065781315628,-5.276018123442483],[-71.74583491669834,-4.595602759775204],[-70.9322186443729,-4.4026491491829916],[-70.79541590831818,-4.250317351347036],[-69.89539790795817,-4.297709466229335],[-69.44178883577673,-1.5557371051821178],[-69.4201884037681,-1.1224377691153933],[-69.57859157183145,-0.5503472394647986],[-70.01780035600713,-0.18475092465850196],[-70.01780035600713,0.5430565538910628],[-69.44898897977961,0.7055438049160898],[-69.25458509170184,0.6039892730254479],[-69.21858437168744,0.9865113431468586],[-69.80179603592073,1.0880658750374863],[-69.81619632392649,1.7143188216964234],[-67.87215744314888,1.694007915318295],[-67.54095081901639,2.035908172683449],[-67.26014520290407,1.7210891238224661],[-67.06574131482631,1.128687687793743],[-66.87853757075143,1.2539382771255276],[-66.32412648252966,0.7258547112942182],[-65.54651093021862,0.7901725814916176],[-65.35210704214086,1.094836177163529],[-64.61049220984421,1.3284116005119984],[-64.20008400168005,1.4942840026000397],[-64.08488169763396,1.917427885477693],[-63.37206744134885,2.2017805747714903],[-63.422468449369006,2.4116599406788026],[-64.27208544170885,2.4962887172543304],[-64.40888817776357,3.125926814976296],[-64.36568731374629,3.796186725454504],[-64.81929638592773,4.05684335730713],[-64.63209264185285,4.148242436008715],[-63.8904778095562,4.019606695613902],[-63.091261825236515,3.769105516950333],[-62.80325606512132,4.0060660913618165],[-62.08324166483331,4.161783040260801],[-60.967219344386905,4.537534808256154],[-60.600012000240014,4.916671727314537],[-60.73681473629473,5.20102441660832],[-60.2112042240845,5.245031380427591],[-59.98079961599234,5.01484110814215],[-60.11040220804418,4.574771469949383],[-59.76479529590593,4.422439672113427],[-59.54159083181665,3.958673976479517],[-59.815196303926086,3.606618265925306],[-59.97359947198946,2.7535601980439566],[-59.72159443188865,2.24917268965379],[-59.64959299185985,1.7854069940198656],[-59.03038060761217,1.3182561473229413],[-58.54077081541632,1.2674788813776132],[-58.432768655373124,1.4638176430328542],[-58.11596231924639,1.5078246068521253],[-57.66235324706496,1.683852462129238],[-57.33834676693536,1.9478942450448926],[-56.78393567871359,1.8632654684693648],[-56.53913078261567,1.900502130162593],[-55.99911998239966,1.8192585046500795],[-55.90551811036222,2.0223675684313633],[-56.07112142242846,2.2220914811496186],[-55.97031940638814,2.509829321506416],[-55.56711134222685,2.421815393867874],[-55.099101982039656,2.5233699257585016],[-54.52309046180925,2.3134905598511892],[-54.09108182163645,2.106996345006891],[-53.7814756295126,2.3778084300485887],[-53.55827116542332,2.3338014662293176],[-53.4214684293686,2.052833927998549],[-52.93905878117563,2.123922100321991],[-52.557451149022995,2.5030590193803732],[-52.24784495689916,3.2410219511190093],[-51.65743314866299,4.155012738134758],[-51.31902638052762,4.202404853017043],[-51.067021340426834,3.650625229744591],[-50.50541010820217,1.900502130162593],[-49.972599451989055,1.738014879137566],[-49.943798875977535,1.0474440622812295],[-50.69981399627994,0.22146720290405142],[-50.39020780415609,-0.07981124170484577],[-48.6189723794476,-0.2355281906038158],[-48.58297165943321,-1.2375329052581208],[-47.826956539130805,-0.580813599031984],[-46.5669313386268,-0.9396396117122379],[-44.90369807396149,-1.5523519541190893],[-44.41408828176566,-2.1379830880217696],[-44.57969159383188,-2.689762711294236],[-43.4204684093682,-2.381713964559296],[-41.46922938458772,-2.913182681453634],[-39.97879957599153,-2.872560868697377],[-38.50277005540113,-3.701922879137598],[-37.22114442288847,-4.8224078809976305],[-36.450729014580304,-5.110145721354442],[-35.60111202224047,-5.150767534110685],[-35.23390467809358,-5.465586582971667],[-34.89549790995821,-6.738403382667656],[-34.729894597891985,-7.344345422948464],[-35.12590251805037,-8.996299141702849],[-35.63711274225486,-9.649633296865943],[-37.04834096681935,-11.040930383767687],[-37.68195363907279,-12.171570838816791],[-38.423568471369435,-13.038169510950226],[-38.67557351147025,-13.058480417328354],[-38.95637912758258,-13.793058198003962],[-38.88437768755378,-15.668431886917745],[-39.15798315966322,-17.208675620592416],[-39.2659853197064,-17.868780077881567],[-39.58279165583312,-18.261457601192035],[-39.76279525590513,-19.598592271085423],[-40.77801556031122,-20.90526058141164],[-40.94361887237747,-21.937731655633122],[-41.75723514470292,-22.37103099169984],[-41.987639752795076,-22.970202729854606],[-43.07486149722996,-22.966817578791584],[-44.644492889857815,-23.35272479997601],[-45.35010700214005,-23.79617958923179],[-46.47332946658935,-24.087302580651617],[-47.64695293905879,-24.886198231524638],[-48.49656993139865,-25.878047492989865],[-48.64057281145625,-26.622780726854543],[-48.47496949939,-27.17456035012701],[-48.66217324346488,-28.186720517970365],[-48.88537770755417,-28.674182271045424],[-49.58379167583354,-29.22596189431789],[-50.69981399627994,-30.982855296025924],[-51.578231564631295,-31.778365795835924],[-52.25504510090204,-32.245516642532856],[-52.708654173083474,-33.19674409124183],[-53.37106742134844,-33.76883462089242],[-53.65187303746076,-33.203514393367875],[-53.212664253285084,-32.72620809348187],[-53.78867577351548,-32.0457927298146],[-54.573491469829406,-31.494013106542134],[-55.603112062241266,-30.85421955563112],[-55.97031940638814,-30.88468591519831],[-56.97833956679135,-30.10948632176644],[-57.62635252705056,-30.217811155783124]]]}},{"type":"Feature","id":"BRN","properties":{"name":"Brunei"},"geometry":{"type":"Polygon","coordinates":[[[114.20508410168202,4.527379355067097],[114.60109202184043,4.8997459719994225],[115.45070901418023,5.4481404442088746],[115.40750815016298,4.953908389007765],[115.34990699813994,4.317499989159771],[114.86749734994697,4.34796634872697],[114.65869317386347,4.0060660913618165],[114.20508410168202,4.527379355067097]]]}},{"type":"Feature","id":"BTN","properties":{"name":"Bhutan"},"geometry":{"type":"Polygon","coordinates":[[[91.69743394867896,27.773211704834083],[92.10064201284024,27.451622353847057],[92.03584071681428,26.83891001144022],[91.215024300486,26.80844365187302],[90.372607452149,26.876146673133448],[89.74619492389843,26.720429724234478],[88.83897677953559,27.099566643292846],[88.81737634752693,27.2992905560111],[89.47258945178902,28.04402378987578],[90.01260025200503,28.297910119602378],[90.73261465229302,28.06433469625391],[91.25822516450324,28.040638638812766],[91.69743394867896,27.773211704834083]]]}},{"type":"Feature","id":"BWA","properties":{"name":"Botswana"},"geometry":{"type":"Polygon","coordinates":[[[29.430588611772208,-22.090063453469078],[28.019360387207712,-22.828026385207714],[27.119342386847705,-23.572759619072386],[26.78813576271523,-24.23963437848758],[26.48572971459427,-24.615386146482933],[25.938518770375396,-24.696629771995447],[25.76571531430625,-25.173936071881442],[25.66491329826593,-25.485369969679397],[25.02410048200963,-25.718945393027866],[24.210484209684182,-25.671553278145566],[23.735274705494078,-25.390585739914805],[23.310466209324176,-25.26872030164604],[22.82085641712831,-25.498910573931482],[22.576051521030394,-25.979602024880506],[22.108042160843183,-26.280880469489396],[21.604032080641588,-26.7277204098082],[20.89121782435646,-26.82927494169884],[20.668013360267196,-26.47721923114463],[20.76161523230462,-25.8678920398008],[20.16400328006557,-24.91666459109183],[19.89759795195903,-24.767717944318896],[19.89759795195903,-21.849717727994566],[20.884017680353594,-21.815866217364352],[20.912818256365114,-18.251302148002964],[21.65443308866176,-18.220835788435778],[23.19526390527807,-17.868780077881567],[23.57687153743072,-18.281768507570163],[24.217684353687048,-17.889090984259695],[24.520090401808005,-17.885705833196667],[25.08170163403267,-17.66228586303727],[25.261705234104653,-17.73675918642374],[25.65051301026017,-18.535654837296747],[25.852117042340836,-18.715067843636874],[26.16172323446466,-19.29392867541351],[27.299345986919718,-20.3907176198324],[27.72415448308965,-20.499042453849086],[27.72415448308965,-20.851098164403297],[28.019360387207712,-21.48750656425129],[28.796975939518774,-21.639838362087247],[29.430588611772208,-22.090063453469078]]]}},{"type":"Feature","id":"CAF","properties":{"name":"Central African Republic"},"geometry":{"type":"Polygon","coordinates":[[[15.282305646112889,7.421683513950271],[16.10312206244123,7.496156837336741],[16.29032580651611,7.753428318126353],[16.45592911858236,7.733117411748225],[16.707934158683145,7.509697441588827],[17.967959359187148,7.892219511710223],[18.39276785535708,8.281511883957663],[18.911178223564463,8.63018244344886],[18.810376207524115,8.98223815400307],[19.091181823636447,9.073637232704641],[20.063201264025253,9.012704513570256],[20.999219984399673,9.476470209204166],[21.72643452869056,10.566488851497013],[22.230444608892157,10.972706979059566],[22.86405728114559,11.141964532210636],[22.97925958519167,10.715435498269954],[23.555271105422094,10.089182551611017],[23.555271105422094,9.67957927298545],[23.396867937358735,9.266590843296854],[23.46166923338464,8.9551569454989],[23.807276145522877,8.667419105142088],[24.57049140982818,8.230734618012349],[25.117702354047054,7.8245164904497955],[25.12490249804995,7.499541988399756],[25.79451589031777,6.978228724694489],[26.212124242484833,6.544929388627764],[26.464129282585617,5.9457576504729985],[27.21294425888516,5.5496949760995165],[27.371347426948518,5.234875927238534],[27.047340946818906,5.126551093221849],[26.39932798655971,5.150247150663006],[25.65051301026017,5.255186833616662],[25.276105522110413,5.170558057041134],[25.132102642052814,4.926827180503594],[24.808096161923203,4.896360820936408],[24.41208824176482,5.109625337906749],[23.296065921318416,4.608622980579597],[22.842456849136966,4.7101775124702385],[22.705654113082232,4.6323190380207535],[22.403248064961275,4.029762148802959],[21.661633232664627,4.222715759395172],[20.927218544370874,4.3242702912858135],[20.29360587211741,4.693251757155139],[19.465589311786204,5.031766863457264],[18.932778655573088,4.7101775124702385],[18.54397087941757,4.202404853017043],[18.450369007380118,3.505063734034664],[17.80955619112379,3.5592261510430063],[17.132742654853075,3.728483704194076],[16.535130702614026,3.197014987299738],[16.009520190403776,2.2660984449688897],[15.908718174363457,2.5572214363887156],[15.865517310346178,3.014216829896583],[15.404708094161862,3.3358061808836084],[15.03750075001497,3.850349142462832],[14.951099021980411,4.209175155143086],[14.475889517790336,4.733873569911381],[14.562291245824895,5.031766863457264],[14.461489229784576,5.451525595271889],[14.533490669813375,6.226725188703767],[14.778295565911293,6.4095233461069085],[15.282305646112889,7.421683513950271]]]}},{"type":"Feature","id":"CAN","properties":{"name":"Canada"},"geometry":{"type":"MultiPolygon","coordinates":[[[[-63.667273345466924,46.55064465141302],[-62.940058801176036,46.41523860889217],[-62.01124022480451,46.44231981739634],[-62.50085001700036,46.03271653877076],[-62.87525750515012,45.96839866857334],[-64.142482849657,46.39154255145101],[-64.39448788975781,46.72667250669011],[-64.01288025760516,47.03472125342506],[-63.667273345466924,46.55064465141302]]],[[[-61.80963619272387,49.10643370399407],[-62.29204584091683,49.08612279761593],[-63.588071761435245,49.40094184647691],[-64.51689033780677,49.871477844236864],[-64.17128342566852,49.95610662081239],[-62.86085721714436,49.70560544214882],[-61.83843676873539,49.28923186139721],[-61.80963619272387,49.10643370399407]]],[[[-123.50767015340307,48.510647116902334],[-124.01168023360468,48.37185592331846],[-125.65331306626133,48.82546616576329],[-125.95571911438229,49.18090702738053],[-126.84853697073942,49.52957758687171],[-127.02854057081143,49.81393027616551],[-128.05816116322328,49.993343282505634],[-128.4469689393788,50.538352603652044],[-128.36056721134423,50.77192802700051],[-127.30934618692375,50.55189320790413],[-126.69733394667894,50.39956141006817],[-125.75411508230165,50.29462172711453],[-125.4157083141663,49.94933631868636],[-124.91889837796757,49.47541516986337],[-123.92527850557012,49.0624267401748],[-123.50767015340307,48.510647116902334]]],[[[-56.13592271845438,50.687299250424985],[-56.79833596671935,49.81393027616551],[-56.14312286245726,50.149060231404604],[-55.47350947018941,49.93579571443428],[-55.819116382327664,49.587125154943095],[-54.93349866997342,49.31292791883837],[-54.47268945378909,49.55665879537588],[-53.47906958139164,49.248610048640955],[-53.78867577351548,48.51741741902836],[-53.083061661233245,48.68667497217942],[-52.96065921318427,48.15859140634811],[-52.651053021060434,47.5357236107522],[-53.068661373227485,46.655584334366665],[-53.52227044540892,46.61834767267345],[-54.17748354967101,46.80791613220262],[-53.96147922958461,47.62373753839074],[-54.24228484569693,47.75237327878557],[-55.40150803016061,46.88577460665212],[-55.99911998239966,46.91962611728232],[-55.293505870117414,47.39016211504227],[-56.25112502250046,47.63389299157981],[-57.3239464789296,47.57296027244544],[-59.26798535970721,47.60342663201263],[-59.41918838376769,47.89793477449547],[-58.79997599952,48.24999048504969],[-59.23198463969281,48.52418772115442],[-58.389567791355844,49.126744610372185],[-57.359947198944,50.71776560999217],[-56.74073481469631,51.286470988579765],[-55.86951739034782,51.63175639700793],[-55.40870817416349,51.587749433188634],[-55.603112062241266,51.31693734814695],[-56.13592271845438,50.687299250424985]]],[[[-132.70945418908377,54.03859880281604],[-131.75183503670075,54.11984242832855],[-132.04704094081882,52.985816822216435],[-131.17582351647033,52.18015086921736],[-131.57903158063164,52.1835360202804],[-132.18384367687355,52.64053141378827],[-132.55105102102044,53.10091195835915],[-133.05506110122204,53.41234585615712],[-133.24226484529692,53.852415494349856],[-133.17746354927098,54.17061969427388],[-132.70945418908377,54.03859880281604]]],[[[-79.26278525570513,62.159576203004036],[-79.65879317586352,61.63149263717273],[-80.09800196003921,61.71950656481127],[-80.36440728814577,62.01739985835715],[-80.31400628012561,62.08510287961758],[-79.93239864797297,62.38638132422648],[-79.5219904398088,62.36268526678532],[-79.26278525570513,62.159576203004036]]],[[[-81.89803796075923,62.7113558262765],[-83.07166143322867,62.159576203004036],[-83.77727554551092,62.18327226044519],[-83.99327986559733,62.454084345486905],[-83.25166503330068,62.914464890057786],[-81.87643752875059,62.904309436868715],[-81.89803796075923,62.7113558262765]]],[[[-85.1597031940639,65.65643725110499],[-84.97249944998902,65.21636761291225],[-84.46128922578453,65.37208456181122],[-83.88527770555412,65.10804277889557],[-82.79085581711635,64.76614252153041],[-81.63883277665555,64.45470862373244],[-81.55243104862099,63.98078747490948],[-80.81801636032722,64.05864594935898],[-80.10520210404209,63.72690114518289],[-80.99081981639634,63.41208209632191],[-82.54605092101843,63.65242782179641],[-83.10766215324307,64.10265291317825],[-84.10128202564053,63.571184196283895],[-85.52691053821077,63.05325608364166],[-85.86531730634614,63.63888721754432],[-87.21894437888758,63.54071783671671],[-86.35492709854198,64.03494989191782],[-86.22532450649014,64.82369008960177],[-85.88691773835478,65.7376808766175],[-85.1597031940639,65.65643725110499]]],[[[-75.86431728634574,67.14928886989739],[-76.98753975079502,67.09851160395206],[-77.23954479089583,67.58935850809013],[-76.8147362947259,68.14790843348865],[-75.89311786235726,68.28669962707252],[-75.11550231004621,68.00911723990478],[-75.10110202204045,67.5825882059641],[-75.21630432608653,67.44379701238023],[-75.86431728634574,67.14928886989739]]],[[[-95.65031300626013,69.1092913353867],[-96.26952539050782,68.75723562483248],[-97.61595231904639,69.05851406944137],[-98.42956859137183,68.95018923542469],[-99.79759595191905,69.40041432680653],[-98.91917838356768,69.70846307354145],[-98.22076441528831,70.1451475606712],[-97.15514310286207,69.86079487137741],[-96.55753115062302,69.68138186503728],[-96.25512510250206,69.48842825444507],[-95.65031300626013,69.1092913353867]]],[[[-67.13774275485511,45.139036658133136],[-67.7929558591172,45.70435688565769],[-67.7929558591172,47.06518761299225],[-68.23216464329288,47.35631060441207],[-68.90177803556072,47.183667900197975],[-69.24018480369608,47.44770968311366],[-70.00340006800137,46.69282099605991],[-70.30580611612234,45.91423625156503],[-70.65861317226346,45.460626009120176],[-71.08342166843339,45.30490906022118],[-71.40742814856299,45.25413179427588],[-71.5082301646033,45.00701576667532],[-73.34426688533772,45.00701576667532],[-74.86349726994541,45.000245464549266],[-75.31710634212685,44.817447307146125],[-76.37552751055023,44.0964101307226],[-76.49792995859919,44.018551656273104],[-76.82193643872878,43.629259284025665],[-77.73635472709455,43.629259284025665],[-78.72277445548912,43.62587413296265],[-79.16918338366769,43.46677203300064],[-79.01078021560433,43.27043327134541],[-78.91717834356689,42.9657696756735],[-78.93877877557553,42.86421514378287],[-80.24920498409969,42.36659793751873],[-81.27882557651154,42.207495837556735],[-82.43804876097524,41.6760271206624],[-82.69005380107603,41.6760271206624],[-83.02846056921139,41.83174406956138],[-83.14366287325748,41.977305565271294],[-83.12206244124883,42.07886009716192],[-82.89885797715955,42.43091580771613],[-82.43084861697236,42.979310279925585],[-82.13564271285426,43.57171171595431],[-82.33724674493492,44.43831038808776],[-82.55325106502131,45.34891602404048],[-83.59007180143604,45.81606687073739],[-83.46766935338708,45.995479877077514],[-83.61887237744756,46.117345315346284],[-83.892477849557,46.117345315346284],[-84.09408188163765,46.2764474153083],[-84.14448288965781,46.51340798971978],[-84.33888677773557,46.40846830676611],[-84.60529210584212,46.438934666333324],[-84.5404908098162,46.53710404716094],[-84.77809556191124,46.638658579051565],[-84.87889757795158,46.899315210904206],[-85.64931298625973,47.22090456189122],[-86.46292925858518,47.5526493660673],[-87.44214884297688,47.938556587251725],[-88.37816756335128,48.304152902058036],[-89.27098541970841,48.01980021276424],[-89.60219204384089,48.00964475957517],[-90.83341666833337,48.27030139142781],[-91.63983279665594,48.14166565103301],[-92.61185223704476,48.449714397767934],[-93.63427268545372,48.60881649772995],[-94.33268665373309,48.66974921686432],[-94.64229284585693,48.839006770015374],[-94.81509630192605,49.387401242224826],[-95.1535030700614,49.38401609116181],[-95.16070321406428,49.0014940210404],[-97.22714454289087,49.0014940210404],[-100.6472129442589,49.0014940210404],[-104.04568091361828,49.0014940210404],[-107.04814096281926,49.0014940210404],[-110.05060101202025,49.0014940210404],[-113.00266005320107,49.0014940210404],[-116.04832096641934,49.0014940210404],[-117.0347406948139,49.0014940210404],[-120.0012000240005,49.0014940210404],[-122.83805676113522,49.0014940210404],[-122.97485949718995,49.0014940210404],[-124.91169823396469,49.98318782931656],[-125.62451249024981,50.4164871653833],[-127.43894877897559,50.8294755950719],[-127.99335986719734,51.71638517358346],[-127.84935698713974,52.3290975159903],[-129.1309826196524,52.75562654993098],[-129.30378607572152,53.56129250293003],[-130.51341026820538,54.28909998147961],[-130.535010700214,54.80364294305883],[-129.98059961199226,55.28433439400786],[-130.00940018800378,55.91735764279284],[-131.70863417268345,56.55376604264083],[-132.73105462109243,57.694561950879006],[-133.357467149343,58.4088288251765],[-134.27188543770876,58.862439067621324],[-134.9414988299766,59.272042346246906],[-135.47430948618972,59.78658530782613],[-136.48232964659294,59.46499595683912],[-137.45434908698175,58.90644603144062],[-138.339966799336,59.56316533766673],[-139.03838076761537,59.999849824796485],[-140.01040020800417,60.277432211964225],[-140.99681993639874,60.30789857153141],[-140.98961979239584,65.99833750847014],[-140.98241964839298,69.71184822460447],[-139.11758235164703,69.47150249912997],[-137.54795095901918,68.99081104818094],[-136.50393007860157,68.89941196947936],[-135.62551251025022,69.315785550231],[-134.41588831776636,69.62721944802894],[-132.93265865317306,69.50535400976017],[-131.42782855657114,69.94542364795294],[-129.79339586791735,70.19253967555349],[-129.10938218764375,69.7795512458649],[-128.36056721134423,70.01312666921336],[-128.13736274725494,70.48366266697332],[-127.44614892297847,70.37872298401967],[-125.75411508230165,69.48165795231904],[-124.42208844176884,70.15868816492329],[-124.292485849717,69.40041432680653],[-123.06126122522451,69.56290157783152],[-122.68685373707476,69.85402456925138],[-121.47002940058802,69.79647700118],[-119.94359887197746,69.37671826936537],[-117.60355207104143,69.01112195455906],[-116.22832456649134,68.841864401408],[-115.24910498209965,68.90618227160542],[-113.8954779095582,68.39840961215222],[-115.30670613412269,67.90417755695111],[-113.4994699893998,67.68752788891777],[-110.79941598831978,67.8060081761235],[-109.94259885197705,67.98203603140061],[-108.8769775395508,67.38286429324586],[-107.78975579511591,67.88725180163601],[-108.81217624352487,68.31039568451368],[-108.16416328326568,68.6522959418788],[-106.94733894677894,68.69968805676112],[-106.14812296245925,68.80124258865175],[-105.34170683413669,68.56089686317725],[-104.34088681773636,68.01927269309385],[-103.21766435328708,68.09713116754332],[-101.45362907258146,67.64690607616151],[-99.89839796795937,67.8060081761235],[-98.44396887937759,67.78231211868234],[-98.55917118342367,68.40517991427828],[-97.66635332706655,68.57782261849235],[-96.11832236644734,68.23930751219024],[-96.12552251045022,67.29485036560729],[-95.49190983819678,68.0903608654173],[-94.68549370987421,68.06327965691312],[-94.23188463769276,69.06866952263044],[-95.3047060941219,69.6847670161003],[-96.47112942258846,70.09098514366286],[-96.39192783855678,71.1945443902078],[-95.21110422208446,71.91896671769433],[-93.8934778695574,71.75986461773235],[-92.87825756515132,71.31979497953958],[-91.51743034860698,70.19253967555349],[-92.4102482049641,69.69830762035238],[-90.54541090821817,69.49858370763414],[-90.55261105222105,68.47626808660172],[-89.21338426768537,69.25823798215961],[-88.01816036320727,68.61505928018559],[-88.32056641132824,67.87371119738393],[-87.34854697093942,67.20006613584269],[-86.30452609052182,67.92110331226624],[-85.57731154623093,68.78431683333665],[-85.51971039420789,69.88110577775552],[-84.10128202564053,69.80663245436907],[-82.62525250505011,69.65768580759612],[-81.27882557651154,69.16345375239501],[-81.2212244244885,68.66583654613089],[-81.96283925678514,68.13098267817355],[-81.2572251445029,67.59612881021619],[-81.38682773655474,67.11205220820415],[-83.34526690533812,66.41132593815874],[-84.73489469789396,66.25560898925977],[-85.7717154343087,66.55688743386867],[-86.06692133842678,66.0558850765415],[-87.0317406348127,65.21298246184921],[-87.3197463949279,64.77629797471948],[-88.48616972339448,64.09926776211523],[-89.91179823596472,64.0315647408548],[-90.70381407628153,63.61180600904015],[-90.76861537230745,62.96185700494007],[-91.93503870077403,62.83660641560829],[-93.15906318126363,62.02417016048318],[-94.23908478169564,60.90030000756013],[-94.62789255785117,60.111559809876184],[-94.68549370987421,58.950452995259894],[-93.21666433328667,58.78119544210881],[-92.76305526110524,57.84689374871496],[-92.29504590091803,57.0886199105982],[-90.8982179643593,57.284958672253424],[-89.04058081161624,56.851659336186714],[-88.03976079521591,56.47252241712832],[-87.32694653893078,55.99860126830535],[-86.07412148242966,55.724404032200624],[-85.00850017000342,55.30126014932296],[-83.35966719334388,55.2437125812516],[-82.272445448909,55.148928351487],[-82.43804876097524,54.28232967935358],[-82.12844256885138,53.27693981363626],[-81.4012280245605,52.15645481177623],[-79.91079821596433,51.208612514130266],[-79.14038280765617,51.53358701618032],[-78.60037200744016,52.56267293933877],[-79.1259825196504,54.14015333470667],[-79.83159663193265,54.668236900538005],[-78.2259645192904,55.135387747234915],[-77.09554191083822,55.83611401728032],[-76.54113082261647,56.53345513626272],[-76.62033240664815,57.20371504674091],[-77.30434608692175,58.05338796355926],[-78.5139702794056,58.80489149954997],[-77.34034680693615,59.85428832908656],[-77.77235544710895,60.75812366291325],[-78.10356207124144,62.31867830296605],[-77.41234824696495,62.548868575251475],[-75.6987139742795,62.27805649020979],[-74.66909338186765,62.17988710938218],[-73.84107682153645,62.44392889229783],[-72.90505810116204,62.105413785995694],[-71.67383347666954,61.526552954219056],[-71.37142742854859,61.13726058197162],[-69.59299185983721,61.06278725858516],[-69.62179243584873,60.21988464389287],[-69.29058581171624,58.95722329738592],[-68.37616752335047,58.80150634848695],[-67.6489529790596,58.212490063521244],[-66.2017240344807,58.76765483785675],[-65.24410488209766,59.87121408440166],[-64.58169163383269,60.33497978003558],[-63.80407608152164,59.44129989939796],[-62.50085001700036,58.16848309970197],[-61.3992279845597,56.96675447232943],[-61.79523590471811,56.340501525670504],[-60.470409408188175,55.77518129814595],[-59.57039140782817,55.20309076849534],[-57.971959439188794,54.945819287705746],[-57.33114662293248,54.62761508778175],[-56.93513870277407,53.781327322026414],[-56.15752315046302,53.645921279505586],[-55.754315086301744,53.270169511510204],[-55.682313646272945,52.14629935858716],[-56.40952819056382,51.770547590591804],[-57.12954259085183,51.41849188003758],[-58.77837556751136,51.06305101842034],[-60.0312006240125,50.2438444611692],[-61.72323446468931,50.081357210144176],[-63.86167723354468,50.29123657605152],[-65.36650733014662,50.298006878177546],[-66.39612792255846,50.23030385691712],[-67.23854477089543,49.51265183155661],[-68.51297025940521,49.06919704230083],[-69.95299905998121,47.74560297665951],[-71.10502210044203,46.82145673645471],[-70.25540510810218,46.98732913854275],[-68.64977299545993,48.30076775099499],[-66.55453109062182,49.13351491249824],[-65.05690113802278,49.231684293325856],[-64.17128342566852,48.74083738918776],[-65.11450229004582,48.070577478709566],[-64.79769595391909,46.994099440668805],[-64.47368947378949,46.239210753615055],[-63.170463409268194,45.73820839628792],[-61.52163043260866,45.883769891997815],[-60.520810416208334,47.00764004492089],[-60.448808976179535,46.283217717434326],[-59.80079601592033,45.92100655369106],[-61.039220784415704,45.26428724746492],[-63.25686513730275,44.668500660373184],[-64.24328486569733,44.26566768387366],[-65.36650733014662,43.54463050745014],[-66.12252245044903,43.61910383083659],[-66.15852317046343,44.46539159659193],[-64.42328846576933,45.29136845596909],[-66.02892057841159,45.26090209640191],[-67.13774275485511,45.139036658133136]]],[[[-114.16908338166765,73.12069534506688],[-114.66589331786636,72.65354449836994],[-112.44104882097643,72.95482294297884],[-111.05142102842058,72.45043543458868],[-109.92099841996841,72.9615932451049],[-109.00658013160265,72.63323359199183],[-108.18576371527432,71.65153978371566],[-107.68895377907559,72.06452821340426],[-108.39456789135784,73.09022898549969],[-107.51615032300647,73.23579048120959],[-106.52253045060903,73.0766883812476],[-105.39930798615973,72.67385540474808],[-104.77289545790917,71.69893189859795],[-104.46328926578532,70.99143532642651],[-102.78565571311427,70.4972032712254],[-100.97841956839137,70.02328212240243],[-101.08642172843457,69.58321248420967],[-102.72805456109123,69.50535400976017],[-102.09444188883779,69.11944678857574],[-102.43284865697315,68.75385047376946],[-104.24008480169604,68.90956742266843],[-105.96091921838438,69.18037950771014],[-107.12014240284806,69.11944678857574],[-108.99937998759977,68.78093168227363],[-111.53383067661353,68.62859988443768],[-113.31226624532492,68.53720080573609],[-113.85227704554092,69.00773680349604],[-115.22030440608813,69.27854888853776],[-116.10592211844238,69.16683890345806],[-117.33714674293486,69.95896425220502],[-116.67473349466991,70.0672890862217],[-115.13390267805357,70.23654663937276],[-113.72267445348908,70.19253967555349],[-112.4194483889678,70.36518237976759],[-114.34908698173965,70.59875780311603],[-116.48752975059502,70.52089932866656],[-117.90595811916239,70.54121023504467],[-118.43156863137264,70.910191700914],[-116.11312226244526,71.30963952635051],[-117.65395307906158,71.29609892209842],[-119.40358807176145,71.56014070501408],[-118.56117122342448,72.30825908994177],[-117.86995739914799,72.70432176431527],[-115.19150383007661,73.31364895565909],[-114.16908338166765,73.12069534506688]]],[[[-104.49928998579972,73.41858863861276],[-105.37770755415109,72.75848418132361],[-106.94013880277606,73.45921045136902],[-106.6017320346407,73.6013867960159],[-105.26250525010501,73.63862345770914],[-104.49928998579972,73.41858863861276]]],[[[-76.33952679053583,73.10376958975178],[-76.25312506250127,72.82618720258404],[-77.31154623092463,72.85665356215122],[-78.39156783135664,72.87696446852934],[-79.4859897197944,72.74155842600851],[-79.77399547990962,72.80249114514288],[-80.87561751235026,73.33395986203723],[-80.83241664833298,73.69278587471749],[-80.35000700014001,73.76048889597789],[-78.06756135122704,73.65216406196123],[-76.33952679053583,73.10376958975178]]],[[[-86.5637312746255,73.15793200676012],[-85.7717154343087,72.53506421116421],[-84.85009700194004,73.34073016416326],[-82.31564631292628,73.75033344278884],[-80.60201204024082,72.71786236856735],[-80.74601492029842,72.06114306234122],[-78.77317546350928,72.35226605376104],[-77.82275645512911,72.74832872813454],[-75.60511210224206,72.24394121974439],[-74.22988459769196,71.76663491985838],[-74.10028200564012,71.32995043272862],[-72.24264485289707,71.55675555395106],[-71.19862397247947,70.92034715410307],[-68.78657573151465,70.52428447972957],[-67.91535830716616,70.12145150323005],[-66.97213944278887,69.18714980983617],[-68.80817616352329,68.71999896313923],[-66.44652893057862,68.06666480797614],[-64.86249724994501,67.84662998887976],[-63.422468449369006,66.929254050801],[-61.85283705674115,66.86155102954058],[-62.16244324886499,66.16082475949517],[-63.91927838556772,64.99971794487888],[-65.15050301006022,65.42624697881956],[-66.72013440268806,66.38762988071758],[-68.01616032320648,66.2623792913858],[-68.13856277125544,65.69028876173522],[-67.08734174683495,65.10804277889557],[-65.7337146742935,64.64766223432466],[-65.32330646612934,64.383620451409],[-64.66809336186725,63.39177118994377],[-65.01370027400549,62.67411916458326],[-66.2737254745095,62.94493124962497],[-68.78657573151465,63.74721205156101],[-67.36814736294727,62.8839985304906],[-66.33132662653254,62.28144164127281],[-66.1657233144663,61.92938593071861],[-68.88017760355208,62.32883375615509],[-71.02582051641033,62.91107973899477],[-72.23544470889419,63.398541492069825],[-71.88983779675594,63.67950903030058],[-73.38026760535212,64.19405199187983],[-74.83469669393389,64.67812859389187],[-74.82029640592813,64.39039075353506],[-77.70755415108303,64.22790350251003],[-78.55717114342288,64.5731889109382],[-77.89475789515791,65.3077666916138],[-76.01552031040622,65.32807759799195],[-73.95627912558253,65.45332818732373],[-74.29468589371788,65.81215420000399],[-73.94187883757677,66.30977140626811],[-72.65305306106123,67.28469491241822],[-72.92665853317068,67.72814970167403],[-73.30826616532332,68.07004995903915],[-74.84189683793677,68.55412656105119],[-76.87233744674894,68.89602681841635],[-76.23152463049261,69.14652799707991],[-77.289945798916,69.76939579267582],[-78.16836336726736,69.82694336074721],[-78.96037920758417,70.16545846704932],[-79.49318986379728,69.87095032456648],[-81.30762615252306,69.74231458417165],[-84.9436988739775,69.96573455433108],[-87.06054121082423,70.26024269681392],[-88.68057361147224,70.40918934358686],[-89.51579031580633,70.76124505414106],[-88.46456929138584,71.21824044764892],[-89.89019780395608,71.22162559871197],[-90.20700414008282,72.23378576655531],[-89.43658873177465,73.13085079825595],[-88.4069681393628,73.53706892581849],[-85.82931658633174,73.80449585979719],[-86.5637312746255,73.15793200676012]]],[[[-100.3592071841437,73.84511767255344],[-99.1639832796656,73.63185315558309],[-97.37834756695135,73.76048889597789],[-97.11914238284767,73.46936590455806],[-98.05516110322208,72.99205960467208],[-96.54313086261726,72.55876026860534],[-96.72313446268926,71.65831008584169],[-98.35756715134303,71.27240286465727],[-99.32238644772896,71.3570316412328],[-100.01360027200545,71.7395537113542],[-102.49764995299907,72.51136815372305],[-102.48324966499331,72.82957235364705],[-100.43840876817538,72.70432176431527],[-101.54003080061602,73.3610410705414],[-100.3592071841437,73.84511767255344]]],[[[-93.19506390127803,72.7720247855757],[-94.26788535770716,72.023906400648],[-95.4127082541651,72.06114306234122],[-96.03192063841277,72.94128233872675],[-96.01752035040701,73.43889954499087],[-95.49910998219966,73.86204342786854],[-94.50549010980221,74.13624066397327],[-92.41744834896699,74.09900400228003],[-90.50941018820377,73.85527312574249],[-92.00704014080283,72.96497839616791],[-93.19506390127803,72.7720247855757]]],[[[-120.46200924018481,71.38411284973697],[-123.09006180123603,70.90003624772493],[-123.62287245744915,71.3401058859177],[-125.92691853837077,71.868189451749],[-125.50211004220085,72.29133333462667],[-124.80369607392149,73.02252596423926],[-123.93967879357588,73.6792452704654],[-124.91889837796757,74.29195761287224],[-121.53483069661394,74.44767456177121],[-120.10920218404368,74.24118034692691],[-117.55315106302126,74.18701792991857],[-116.58113162263245,73.89589493849874],[-115.50831016620333,73.47613620668412],[-116.76833536670733,73.2222498769575],[-119.22358447168943,72.52152360691213],[-120.46200924018481,71.82079733686672],[-120.46200924018481,71.38411284973697]]],[[[-93.61267225344508,74.97914327866556],[-94.15988319766396,74.59323605748114],[-95.60711214224285,74.66770938086759],[-96.82393647872958,74.92836601272023],[-96.29112582251646,75.37859110410207],[-94.85109702194045,75.64601803808074],[-93.97987959759196,75.29734747858956],[-93.61267225344508,74.97914327866556]]],[[[-98.50157003140063,76.71911092505849],[-97.73835476709534,76.25534522942456],[-97.70235404708095,75.74418741890835],[-98.16316326326528,74.99945418504367],[-99.81199623992481,74.89789965315305],[-100.88481769635393,75.05700175311503],[-100.8632172643453,75.63924773595471],[-102.50485009700195,75.56477441256823],[-102.56245124902499,76.33658885493708],[-101.48962979259586,76.30612249536989],[-99.98479969599393,76.64802275273505],[-98.57357147142943,76.58709003360065],[-98.50157003140063,76.71911092505849]]],[[[-108.21456429128584,76.20118281241622],[-107.81855637112743,75.84574195079901],[-106.9257385147703,76.01161435288705],[-105.8817176343527,75.9709925401308],[-105.7017140342807,75.4801456359927],[-106.3137262745255,75.00622448716973],[-109.69779395587912,74.85050753827073],[-112.22504450089002,74.41720820220402],[-113.74427488549772,74.39351214476287],[-113.87387747754956,74.72187179787593],[-111.79303586071723,75.1619414360687],[-116.3147262945259,75.04346114886295],[-117.71155423108462,75.22287415520307],[-116.34352687053742,76.1977976613532],[-115.40750815016301,76.47876519958396],[-112.59225184503691,76.14025009328185],[-110.81381627632554,75.54784865725313],[-109.06418128362569,75.47337533386667],[-110.49700994019881,76.43137308470168],[-109.58259165183304,76.79358424844494],[-108.54577091541832,76.67848911230223],[-108.21456429128584,76.20118281241622]]],[[[-94.68549370987421,77.09824784411686],[-93.57667153343068,76.77665849312984],[-91.60383207664154,76.78004364419286],[-90.73981479629593,76.44829884001678],[-90.9702194043881,76.07254707202142],[-89.82539650793017,75.84912710186202],[-89.18458369167385,75.6087813763875],[-87.83815676313527,75.56477441256823],[-86.37652753055062,75.48353078705571],[-84.792495849917,75.70018045508908],[-82.75485509710195,75.78480923166461],[-81.12762255245106,75.71372105934117],[-80.05480109602193,75.33796929134581],[-79.83159663193265,74.9215957105942],[-80.45800916018321,74.65755392767852],[-81.94843896877939,74.44090425964518],[-83.23006460129204,74.56276969791395],[-86.0957219144383,74.410437900078],[-88.14776295525911,74.39351214476287],[-89.76779535590713,74.51537758303164],[-92.42464849296987,74.83696693401865],[-92.77025540510812,75.3853614062281],[-92.89265785315708,75.88297861249222],[-93.8934778695574,76.31966309962198],[-95.95991919838397,76.44152853789075],[-97.11914238284767,76.74957728462567],[-96.7447348946979,77.16256571431427],[-94.68549370987421,77.09824784411686]]],[[[-116.19952399047982,77.64664231632631],[-116.33632672653454,76.87821302502047],[-117.1067421348427,76.52954246552929],[-118.04276085521711,76.482150350647],[-119.90039800796016,76.05223616564328],[-121.49882997659954,75.89990436780732],[-122.85245704914098,76.1165540358407],[-121.16042320846418,76.86467242076839],[-119.10118202364049,77.51123627380545],[-117.56755135102702,77.49769566955337],[-116.19952399047982,77.64664231632631]]],[[[-93.84307686153724,77.52139172699452],[-94.29668593371868,77.49092536742734],[-96.1687233744675,77.55524323762472],[-96.43512870257406,77.8362107758555],[-94.41908838176765,77.81928502054038],[-93.72067441348828,77.63310171207422],[-93.84307686153724,77.52139172699452]]],[[[-110.18740374807497,77.69741958227164],[-112.0522410448209,77.40968174191482],[-113.5354707094142,77.73127109290184],[-112.72185443708875,78.04947529282583],[-111.26742534850698,78.1544149757795],[-109.8561971239425,77.99531287581749],[-110.18740374807497,77.69741958227164]]],[[[-109.66179323586472,78.6012549160983],[-110.87861757235146,78.40830130550609],[-112.54185083701675,78.40830130550609],[-112.527450549011,78.55047765015297],[-111.49782995659913,78.84837094369885],[-110.96501930038602,78.80436397987958],[-109.66179323586472,78.6012549160983]]],[[[-95.83031660633213,78.05624559495189],[-97.30634612692255,77.84975138010759],[-98.12716254325088,78.08332680345606],[-98.55197103942079,78.45907857145141],[-98.63117262345249,78.87206700114001],[-97.33514670293407,78.83144518838375],[-96.75193503870078,78.76712731818634],[-95.5567111342227,78.41845675869516],[-95.83031660633213,78.05624559495189]]],[[[-100.05680113602273,78.32367252893056],[-99.66799335986721,77.90729894817895],[-101.30242604852099,78.01900893325865],[-102.95125902518052,78.34398343530867],[-105.17610352207045,78.38122009700191],[-104.21128422568452,78.67572823948476],[-105.42090841816837,78.9194591160223],[-105.49290985819717,79.3019811861437],[-103.52727054541091,79.16657514362285],[-100.8272165443309,78.80097882881657],[-100.05680113602273,78.32367252893056]]],[[[-87.01734034680695,79.66080719882396],[-85.81491629832598,79.3358326967739],[-87.19014380287607,79.03793940322805],[-89.03338066761336,78.28643586723732],[-90.80461609232185,78.21534769491387],[-92.87825756515132,78.34398343530867],[-93.95107902158044,78.75020156287124],[-93.93667873357468,79.11241272661451],[-93.14466289325787,79.37983966059318],[-94.9734994699894,79.37306935846715],[-96.07512150243006,79.70481416264323],[-96.7087341746835,80.15842440508808],[-96.01752035040701,80.60187919434387],[-95.32630652613054,80.90654279001578],[-94.29668593371868,80.97763096233922],[-94.73589471789437,81.20782123462467],[-92.4102482049641,81.25859850057],[-91.13582271645434,80.72374463261264],[-89.45098901978041,80.51048011564228],[-87.80935618712375,80.32091165611311],[-87.01734034680695,79.66080719882396]]],[[[-68.49856997139945,83.10689098097959],[-65.82731654633093,83.02903250653011],[-63.681673633472684,82.90039676613529],[-61.85283705674115,82.6295846810936],[-61.89603792075843,82.36215774711494],[-64.33688673773477,81.9288584110482],[-66.75613512270246,81.72574934726691],[-67.65615312306248,81.50232937710751],[-65.4817096341927,81.50571452817053],[-67.84335686713736,80.89977248788975],[-69.47058941178825,80.61541979859595],[-71.17702354047083,79.79959839240783],[-73.2434648692974,79.63372599031979],[-73.87707754155085,79.4306169265385],[-76.90833816676334,79.32229209252182],[-75.52591051821038,79.19704150319004],[-76.21712434248685,79.01762849684991],[-75.39630792615854,78.52678159271184],[-76.34672693453871,78.18149618428367],[-77.88755775115503,77.90052864605289],[-78.36276725534512,77.50785112274244],[-79.75959519190386,77.20995782919655],[-79.62279245584912,76.98315270797414],[-77.90915818316367,77.02038936966738],[-77.88755775115503,76.77665849312984],[-80.55881117622354,76.17748675497509],[-83.172463449269,76.45506914214283],[-86.11012220244406,76.29935219324383],[-87.60055201104024,76.4212176315126],[-89.49418988379769,76.47199489745793],[-89.61659233184665,76.95268634840696],[-87.76615532310647,77.17949146962937],[-88.26296525930519,77.90052864605289],[-87.6509530190604,77.97161681837633],[-84.9796995939919,77.53831748230962],[-86.34052681053622,78.18149618428367],[-87.96055921118423,78.37106464381284],[-87.15414308286167,78.76035701606031],[-85.37570751415029,78.9973175904718],[-85.09490189803797,79.34598814996298],[-86.50613012260246,79.73528052221042],[-86.93093861877239,80.24982348378964],[-84.19488389767797,80.20920167103341],[-83.41006820136404,80.10087683701673],[-81.84763695273907,80.46308800076],[-84.10128202564053,80.58156828796575],[-87.60055201104024,80.51725041776834],[-89.36458729174585,80.85576552407045],[-90.19980399607994,81.25859850057],[-91.3662273245465,81.55310664305284],[-91.58943178863578,81.895006900418],[-90.09900198003962,82.08457535994717],[-88.93257865157304,82.1184268705774],[-86.96693933878679,82.28091412160242],[-85.49810996219925,82.65328073853476],[-84.25968519370389,82.59911832152642],[-83.17966359327188,82.32153593435868],[-82.4164483289666,82.85977495337906],[-81.09882197643954,83.01887705334104],[-79.3059861197224,83.13058703842074],[-76.25312506250127,83.171208851177],[-75.72031440628814,83.06288401716031],[-72.83305666113324,83.2321415703114],[-70.66581331626634,83.171208851177],[-68.49856997139945,83.10689098097959]]]]}},{"type":"Feature","id":"CHE","properties":{"name":"Switzerland"},"geometry":{"type":"Polygon","coordinates":[[[9.594191883837652,47.52556815756313],[9.630192603852066,47.346155151223],[9.478989579791573,47.10242427468549],[9.932598651973024,46.91962611728232],[10.443808876177513,46.89254490877815],[10.36460729214582,46.482941630152595],[9.92539850797013,46.31368407700151],[9.183783675673482,46.438934666333324],[8.967779355587084,46.03610168983377],[8.492569851397008,46.005635330266585],[8.319766395327889,46.1647374302286],[7.758155163103254,45.822837172863444],[7.275745514910284,45.77544505798113],[6.843736874737459,45.9920947260145],[6.498129962599222,46.42877921314425],[6.022920458409146,46.273062264245254],[6.037320746414906,46.72667250669011],[6.77173543470866,47.288607583151645],[6.735734714694274,47.54249391287823],[7.189343786875725,47.45109483417667],[7.470149402988028,47.62035238732773],[8.319766395327889,47.6135820852017],[8.521370427408527,47.83023175323504],[9.594191883837652,47.52556815756313]]]}},{"type":"Feature","id":"CHL","properties":{"name":"Chile"},"geometry":{"type":"MultiPolygon","coordinates":[[[[-68.63537270745417,-52.637666646172924],[-68.63537270745417,-54.86848119670394],[-67.56255125102503,-54.86848119670394],[-66.95773915478311,-54.89556240520811],[-67.28894577891559,-55.30178053277066],[-68.14576291525832,-55.61321443056862],[-68.64257285145705,-55.579362919938404],[-69.2329846596932,-55.49811929442589],[-69.96019920398409,-55.196840849816994],[-71.0042200844017,-55.05466450517011],[-72.26424528490571,-54.4961145797716],[-73.28666573331468,-53.95787556075122],[-74.66189323786477,-52.83739055889118],[-73.84107682153645,-53.0472699247985],[-72.43704874097483,-53.714144684213686],[-71.10502210044203,-54.07297069689394],[-70.59381187623754,-53.615975303386065],[-70.26980539610794,-52.93217478865578],[-69.34818696373928,-52.51918635896718],[-68.63537270745417,-52.637666646172924]]],[[[-67.10894217884359,-22.736627306506136],[-66.98653973079463,-22.987128485169713],[-67.32494649892999,-24.02636986151724],[-68.41936838736775,-24.51721676565532],[-68.38336766735335,-26.186096239724797],[-68.59217184343689,-26.507685590711823],[-68.2969659393188,-26.900363114022284],[-69.00258005160104,-27.519845758555178],[-69.65779315586313,-28.45753260301207],[-70.01060021200425,-29.368138238964782],[-69.91699833996681,-30.336291442988866],[-70.5362107242145,-31.365377366147328],[-70.07540150803017,-33.09180440828817],[-69.81619632392649,-33.27460256569132],[-69.81619632392649,-34.19197850377008],[-70.38500770015402,-35.17028716098322],[-70.36340726814538,-36.00641947354948],[-71.11942238844779,-36.65975362871258],[-71.11942238844779,-37.57712956679134],[-70.81701634032682,-38.55205307294146],[-71.41462829256587,-38.91764938774776],[-71.68103362067242,-39.80794411732235],[-71.91863837276746,-40.83364488941779],[-71.74583491669834,-42.052299272105444],[-72.14904298085963,-42.25540833588672],[-71.91863837276746,-43.409744848376974],[-71.46502930058602,-43.788881767435356],[-71.7962359247185,-44.20864049924999],[-71.3282265645313,-44.40836441196824],[-71.2202244044881,-44.784116179963604],[-71.65943318866378,-44.973684639492795],[-71.55143102862058,-45.55931577339547],[-71.91863837276746,-46.886294990099806],[-72.44424888497771,-47.73935305798116],[-72.32904658093163,-48.24374056637133],[-72.64585291705835,-48.88014896621933],[-73.41626832536652,-49.31683345334907],[-73.32986659733196,-50.379770887137745],[-72.97705954119084,-50.74198205088102],[-72.30744614892299,-50.677664180683614],[-72.32904658093163,-51.425782565611314],[-71.91143822876458,-52.00802854845097],[-69.49938998779977,-52.14343459097182],[-68.57057141142825,-52.2991515398708],[-69.46338926778537,-52.292381237744756],[-69.94579891597833,-52.53949726534531],[-70.84581691633834,-52.898323278025565],[-71.0042200844017,-53.832624971419435],[-71.42902858057163,-53.85632102886058],[-72.55945118902379,-53.53134652681054],[-73.70427408548173,-52.83400540782816],[-74.94989899797997,-52.26191487817756],[-75.25950519010381,-51.62889162939259],[-74.97869957399149,-51.04326049548991],[-75.4827096541931,-50.379770887137745],[-75.60511210224206,-48.67365475137503],[-75.18030360607213,-47.71227184947699],[-74.12908258165164,-46.94045740710815],[-75.64111282225646,-46.649334415688315],[-74.6906938138763,-45.762424837176745],[-74.35228704574092,-44.10370081629633],[-73.2434648692974,-44.45575652685054],[-72.71785435708715,-42.384044076281526],[-73.387467749355,-42.11661714230285],[-73.70427408548173,-43.365737884557696],[-74.33068661373228,-43.223561539910804],[-74.02108042160845,-41.79502779131583],[-73.67547350947021,-39.9433501598432],[-73.21466429328588,-39.259549645112905],[-73.50267005340108,-38.281240987899764],[-73.58907178143563,-37.1573708349767],[-73.16426328526572,-37.12351932434649],[-72.55225104502091,-35.508802267285354],[-71.86103722074442,-33.9076258144763],[-71.4362287245745,-32.41815934674694],[-71.66663333266666,-30.921922576891546],[-71.37142742854859,-30.095945717514354],[-71.48662973259466,-28.860365579511594],[-70.90341806836138,-27.64171119682394],[-70.72341446828938,-25.70540478877578],[-70.40660813216266,-23.63030718714375],[-70.08980179603593,-21.39272233448669],[-70.16180323606473,-19.757694371047435],[-70.37060741214826,-18.34947152883059],[-69.85939718794377,-18.092200048040965],[-69.59299185983721,-17.581042237524755],[-69.10338206764136,-18.261457601192035],[-68.96657933158664,-18.982494777615557],[-68.4409688193764,-19.405638660493224],[-68.75777515550313,-20.3737918645173],[-68.21776435528712,-21.494276866377334],[-67.8289565791316,-22.872033349026985],[-67.10894217884359,-22.736627306506136]]]]}},{"type":"Feature","id":"CHN","properties":{"name":"China"},"geometry":{"type":"MultiPolygon","coordinates":[[[[110.33860677213539,18.677310798495952],[109.4745894917898,18.196619347546942],[108.65377307546146,18.508053245344897],[108.62497249944994,19.36788161535229],[109.1217824356487,19.82149185779714],[110.20900418008358,20.10245939602791],[110.78501570031398,20.078763338586754],[111.00822016440327,19.696241268465357],[110.56901138022755,19.25617163027259],[110.33860677213539,18.677310798495952]]],[[[130.64301286025716,42.39367914602292],[129.994999899998,42.98608058205161],[129.59899197983958,42.424145505590104],[128.05096101922032,41.994231320586394],[128.2093641872837,41.466147754755085],[127.34534690693812,41.50338441644831],[126.87013740274801,41.818203465309296],[126.17892357847154,41.10732174207483],[125.07730154603087,40.56908272305445],[124.26368527370545,39.92928917214343],[122.86685733714671,39.6381661807236],[122.13244264885293,39.17101533402666],[121.05242104842091,38.89681809792194],[121.58523170463405,39.36058379355586],[121.37642752855055,39.7498761658033],[122.16844336886732,40.42352122734454],[121.6428328566571,40.944834491049804],[120.77161543230864,40.59277878049559],[119.64119282385644,39.89882281257624],[119.02198043960874,39.252258959539176],[118.04276085521707,39.20486684465688],[117.53155063101258,38.73771599795994],[118.05716114322286,38.06068578535569],[118.87797755955114,37.898198534330675],[118.91397827956558,37.44797344294885],[119.70599411988235,37.15685045152901],[120.82201644032875,37.8711173258265],[121.71483429668592,37.48182495357905],[122.35564711294222,37.45474374507489],[122.52125042500847,36.9300453303066],[121.10282205644108,36.65246294313884],[120.6348126962539,36.11083877305545],[119.6627932558651,35.609836415728296],[119.1515830316606,34.9091101456829],[120.2244044880897,34.36071567347345],[120.62041240824811,33.375636714134274],[121.23242464849295,32.461645927118525],[121.90923818476364,31.693216635812703],[121.8948378967579,30.948483401948025],[121.26122522450447,30.677671316906327],[121.50603012060236,30.14281744894896],[122.08924178483568,29.831383551151006],[121.93803876077516,29.0189472960259],[121.6860337206744,28.226821947278935],[121.12442248844974,28.13542286857735],[120.39720794415882,27.05217452841056],[119.5835916718334,25.74212106702133],[118.65477309546185,24.547162741774827],[117.27954559091177,23.62301650157002],[115.88991779835595,22.783499037940743],[114.76669533390663,22.66840390179803],[114.15468309366184,22.224949112542234],[113.80907618152361,22.549923614592274],[113.24026480529608,22.05230640832815],[111.84343686873734,21.55130405100101],[110.78501570031398,21.395587102102027],[110.4466089321786,20.339419970439394],[109.89219784395686,20.281872402368037],[109.62579251585026,21.009679880917602],[109.86339726794534,21.395587102102027],[108.52417048340965,21.713791302026024],[108.04896097921954,21.55130405100101],[107.04094081881635,21.811960682853638],[106.56573131462625,22.21817881041619],[106.72413448268964,22.793654491129814],[105.80971619432387,22.976452648532955],[105.3273065461309,23.352204416528323],[104.47768955379104,22.820735699633985],[103.50567011340223,22.70225541242823],[102.70645412908254,22.709025714554272],[102.1736434728694,22.465294838016746],[101.65523310466205,22.319733342306833],[101.80643612872257,21.175552283005644],[101.27362547250942,21.202633491509815],[101.180023600472,21.436208914858284],[101.15122302446048,21.84919734454688],[100.4168083361667,21.558074353127054],[99.9847996959939,21.744257661593224],[99.24318486369725,22.116624278525563],[99.53119062381245,22.949371440028784],[98.89757795155901,23.142325050620997],[98.65997319946393,24.063086139762788],[97.60155203104057,23.897213737674747],[97.72395447908957,25.08201660973218],[98.67437348746972,25.91814892229843],[98.71037420748411,26.74412578167562],[98.68157363147259,27.509169921918428],[98.24956499129979,27.74613049632991],[97.91115822316442,28.335146781295606],[97.32794655893116,28.26067345790915],[96.24792495849914,28.409620104682077],[96.58633172663451,28.829378836496716],[96.11832236644727,29.452246632092624],[95.40550811016215,29.032487900277985],[94.5630912618252,29.276218776815526],[93.41106822136442,28.63981037696753],[92.50385007700152,27.898462294165867],[91.69743394867896,27.773211704834083],[91.25822516450324,28.040638638812766],[90.73261465229302,28.06433469625391],[90.01260025200503,28.297910119602378],[89.47258945178902,28.04402378987578],[88.81737634752693,27.2992905560111],[88.73097461949237,28.088030753695065],[88.11896237924753,27.87815138778774],[86.95253905078101,27.972935617552338],[85.82211644232882,28.20312588983778],[85.00850017000334,28.643195528030546],[84.23808476169518,28.839534289685773],[83.89967799355986,29.320225740634797],[83.3380667613352,29.462402085281695],[82.33004660093201,30.11573624044479],[81.5236304726094,30.42378498717973],[81.11322226444526,30.183439261705217],[79.72359447188938,30.884165531750625],[78.73717474349485,31.51718878053559],[78.45636912738252,32.61736287601751],[79.17638352767051,32.48534198455968],[79.21238424768495,32.99311464401286],[78.80917618352362,33.5076576055921],[78.90997819956397,34.32347901178022],[77.83715674313481,35.49474127958558],[76.19552391047819,35.89757425608511],[75.9003180063601,36.66600354739093],[75.15870317406345,37.13315439408787],[74.97869957399146,37.42089223444468],[74.82749654993097,37.989597613032245],[74.86349726994536,38.378889985279685],[74.25868517370344,38.60569510650211],[73.92747854957096,38.50414057461148],[73.67547350947015,39.4316719658793],[73.96347926958535,39.65847708710173],[73.81947638952775,39.89543766151321],[74.7770955419108,40.365973659273166],[75.4683093661873,40.56231242092841],[76.52673053461064,40.42690637840755],[76.90113802276045,41.066699929318574],[78.18996379927597,41.185180216524316],[78.54277085541707,41.5812428908978],[80.1196023920478,42.12286706098121],[80.25640512810253,42.34967218220363],[80.17720354407084,42.918377560791214],[80.86841736834731,43.179034192643826],[79.96839936798733,44.91900183903675],[81.94843896877933,45.31844966447326],[82.45964919298382,45.53848448356965],[83.17966359327181,47.3292293959079],[85.16690333806673,47.00086974279483],[85.72131442628847,47.454479985239686],[85.77171543430865,48.45648469989399],[86.59973199463985,48.54788377859555],[87.36294725894516,49.214758538010756],[87.75175503510064,49.29600216352324],[88.01096021920438,48.598661044540876],[88.85337706754132,48.070577478709566],[90.27900558011157,47.694825710714184],[90.97021940438805,46.889159757715134],[90.58861177223542,45.72128264097282],[90.94861897237939,45.28459815384306],[92.13664273285463,45.11534060069201],[93.48306966139319,44.97654940710814],[94.68549370987415,44.3536816115122],[95.30470609412185,44.2419716264325],[95.76551531030617,43.317825386227696],[96.34872697453943,42.725423950199],[97.4503490069801,42.74912000764013],[99.51679033580666,42.52570003748073],[100.84881697633949,42.6644912310646],[101.83523670473409,42.51554458429166],[103.31126622532446,41.90621739294784],[104.52089041780835,41.909602544010866],[104.96729934598687,41.59816864621291],[106.12652253045059,42.133022514170264],[107.74655493109861,42.48169307366146],[109.24418488369764,42.5189297353547],[110.41060821216422,42.8709854459089],[111.13062261245221,43.40583931386627],[111.82903658073155,43.74435442016838],[111.67063341266822,44.072714073281446],[111.34662693253864,44.45862129446587],[111.87223744474886,45.10179999643992],[112.43384867697353,45.01040091773834],[113.46346926938537,44.807291853957054],[114.45708914178277,45.338760570851406],[115.98351967039338,45.728052943098845],[116.71793435868716,46.388157400387996],[117.42354847096937,46.672510089681765],[118.87077741554828,46.80453098113961],[119.6627932558651,46.69282099605991],[119.77079541590831,47.04826185767715],[118.86357727154541,47.74560297665951],[118.06436128722572,48.067192327646524],[117.29394587891755,47.69821086177723],[116.30752615052296,47.8539278106762],[115.74591491829835,47.7252920702814],[115.48670973419468,48.13489534890695],[116.19232384647688,49.13351491249824],[116.68193363867272,49.888403599551964],[117.87715754315082,49.51265183155661],[119.28838576771534,50.142289929278576],[119.28118562371242,50.58235956747134],[120.18120362407245,51.641911850196976],[120.7356147122942,51.963501201184016],[120.72841456829133,52.51528082445648],[120.17400348006959,52.752241398867966],[121.0020200404008,53.24985860513209],[122.24764495289901,53.43265676253523],[123.57247144942897,53.4597379710394],[125.070101402028,53.16184467749352],[125.94851897037938,52.79286321162422],[126.56773135462709,51.78408819484389],[126.94213884277684,51.35417400984019],[127.28774575491508,50.74146166743333],[127.65495309906197,49.759767859157165],[129.39738794775894,49.44156365923317],[130.58541170823412,48.73068193599872],[130.9886197723954,47.78960994047878],[132.50785015700308,47.78960994047878],[133.37186743734873,48.182287463789265],[135.02790055801114,48.476795606272105],[134.50229004580086,47.57973057457147],[134.11348226964537,47.21413425976519],[133.76787535750714,46.117345315346284],[133.09826196523926,45.14242180919618],[131.88143762875256,45.321834815536306],[131.02462049240984,44.96639395391907],[131.29102582051638,44.10995073497469],[131.14702294045878,42.92853301398026],[130.6358127162543,42.901451805476086],[130.64301286025716,42.39367914602292]]]]}},{"type":"Feature","id":"CIV","properties":{"name":"Ivory Coast"},"geometry":{"type":"Polygon","coordinates":[[[-2.8548570971419736,4.994530201764022],[-3.3084661693233954,4.9843747485749645],[-4.006880137602764,5.180713510230191],[-4.647692953859092,5.167172905978106],[-5.835716714334296,4.994530201764022],[-6.526930538610799,4.703407210344196],[-7.52055041100823,4.337810895537899],[-7.714954299086003,4.36489210404207],[-7.635752715054309,5.187483812356234],[-7.542150843016884,5.312734401688019],[-7.570951419028404,5.708797076061515],[-7.9957599151983345,6.1251706568131254],[-8.312566251325052,6.192873678073553],[-8.60057201144025,6.467070914178279],[-8.384567691353851,6.910525703434061],[-8.48536970739417,7.394602305446099],[-8.44216884337689,7.685725296865925],[-8.283765675313532,7.685725296865925],[-8.218964379287598,8.122409783995664],[-8.298165963319292,8.315363394587877],[-8.204564091281839,8.454154588171747],[-7.830156603132082,8.576020026440517],[-8.082161643232894,9.374915677313538],[-8.312566251325052,9.787904107002134],[-8.226164523290493,10.129804364367274],[-8.03176063521272,10.20766283881676],[-7.902158043160881,10.299061917518344],[-7.621352427048549,10.146730119682388],[-6.850937018740382,10.139959817556345],[-6.663733274665503,10.431082808976171],[-6.490929818596385,10.410771902598043],[-6.202924058481187,10.522481887677742],[-6.051721034420694,10.09595285373706],[-5.814116282325671,10.221203443068845],[-5.4037080741615,10.370150089841786],[-4.957299145982944,10.153500421808431],[-4.777295545910931,9.821755617632334],[-4.330886617732375,9.611876251725022],[-3.978079561591244,9.862377430388591],[-3.510070201404062,9.899614092081833],[-2.826056521130454,9.642342611292221],[-2.559651193023882,8.220579164823292],[-2.9844596891938124,7.381061701194014],[-3.24366487329749,6.25042124614491],[-2.811656233124694,5.390592876137518],[-2.8548570971419736,4.994530201764022]]]}},{"type":"Feature","id":"CMR","properties":{"name":"Cameroon"},"geometry":{"type":"Polygon","coordinates":[[[13.0790615812316,2.2660984449688897],[12.94945898917976,2.320260861977232],[12.359047180943605,2.191625121582419],[11.754235084701662,2.327031164103275],[11.279025580511586,2.262713293905861],[9.651793035860692,2.2830242002839896],[9.79579591591829,3.0717643979679536],[9.406988139762774,3.735254006320119],[8.946178923578458,3.9045115594711746],[8.74457489149782,4.351351499789985],[8.485369707394113,4.496912995499898],[8.499769995399873,4.771110231604624],[8.75897517950358,5.47860680377606],[9.234184683693655,6.4433748567371225],[9.522190443808853,6.453530309926194],[10.119802396047902,7.03916144382886],[10.494209884197659,7.056087199143974],[11.055821116422294,6.643098769455378],[11.747034940698796,6.981613875757503],[11.840636812736221,7.397987456509114],[12.063841276825514,7.800820433008653],[12.222244444888872,8.30520794139882],[12.755055101101988,8.718196371087416],[12.956659133182654,9.41892264113281],[13.165463309266158,9.638957460229193],[13.309466189323757,10.160270723934474],[13.575871517430329,10.800064274845482],[14.418288365767296,11.571878717214332],[14.468689373787441,11.903623521390415],[14.576691533830655,12.08642167879357],[14.180683613672244,12.482484353167052],[14.216684333686658,12.80068855309105],[14.497489949798961,12.858236121162406],[14.893497869957372,12.218442570251398],[14.958299165983306,11.554952961899232],[14.922298445968892,10.891463353547053],[15.469509390187795,9.980857717594347],[14.907898157963132,9.991013170783404],[14.627092541850828,9.919924998459962],[14.173483469669378,10.02147953035059],[13.95747914958298,9.550943532590637],[14.547890957819135,8.965312398687956],[14.979899597991931,8.7960548455369],[15.12390247804953,8.383066415848305],[15.433508670173381,7.692495598991968],[15.282305646112889,7.421683513950271],[14.778295565911293,6.4095233461069085],[14.533490669813375,6.226725188703767],[14.461489229784576,5.451525595271889],[14.562291245824895,5.031766863457264],[14.475889517790336,4.733873569911381],[14.951099021980411,4.209175155143086],[15.03750075001497,3.850349142462832],[15.404708094161862,3.3358061808836084],[15.865517310346178,3.014216829896583],[15.908718174363457,2.5572214363887156],[16.009520190403776,2.2660984449688897],[15.937518750374977,1.727859425948509],[15.145502910058184,1.9648200003599925],[14.339086781735602,2.2288617832756614],[13.0790615812316,2.2660984449688897]]]}},{"type":"Feature","id":"COD","properties":{"name":"Democratic Republic of the Congo"},"geometry":{"type":"Polygon","coordinates":[[[30.83461669233381,3.5084488850976925],[30.769815396307905,2.3405717683553604],[31.17302346046918,2.2051657258345045],[30.856217124342464,1.8497248642172792],[30.467409348186948,1.582297930238596],[30.085801716034297,1.0609846665333151],[29.876997539950764,0.5972189708994051],[29.819396387927725,-0.20506183103663034],[29.588991779835567,-0.5875839011580268],[29.5817916358327,-1.342472588211777],[29.293785875717504,-1.6200549753795173],[29.25778515570309,-2.2158415624712546],[29.120982419648357,-2.293700036920754],[29.02738054761093,-2.8387093580671774],[29.279385587711744,-3.292319600512016],[29.336986739734783,-4.500818530010605],[29.516990339806767,-5.421579619152396],[29.423388467769342,-5.939507731794649],[29.617792355847087,-6.518368563571286],[30.201004020080376,-7.08030364003281],[30.741014820296385,-8.339579835476712],[30.345006900137975,-8.238025303586085],[29.005780115602278,-8.40728285673714],[28.73217464349284,-8.525763143942882],[28.451369027380537,-9.165556694853905],[28.6745734914698,-9.605626333046672],[28.494569891397816,-10.790429205104104],[28.372167443348843,-11.792433919758409],[28.64577291545828,-11.971846926098536],[29.34418688373765,-12.361139298345975],[29.617792355847087,-12.178341140942834],[29.69699393987878,-13.25820433004661],[28.93377867557348,-13.248048876857538],[28.523370467409336,-12.6996544046481],[28.156163123262445,-12.273125370707419],[27.385747714954277,-12.134334177123549],[27.162543250864985,-11.609635762355254],[26.550531010620176,-11.924454811216236],[25.75131502630049,-11.785663617632366],[25.42010840216801,-11.332053375187513],[24.786495729914577,-11.237269145422914],[24.3112862257245,-11.264350353927085],[24.25368507370146,-10.952916456129131],[23.91527830556609,-10.92583524762496],[23.454469089381774,-10.868287679553603],[22.83525670513407,-11.01723432632653],[22.403248064961275,-10.993538268885388],[22.158443168863357,-11.084937347586958],[22.208844176883503,-9.893364173403484],[21.877637552751025,-9.524382707534158],[21.79843596871936,-8.908285214064293],[21.949638992779825,-8.305728324846513],[21.748034960699187,-7.919821103662088],[21.72643452869056,-7.290183005940122],[20.516810336206703,-7.300338459129193],[20.603212064241262,-6.938127295385911],[20.092001840036772,-6.9415124464489395],[20.034400688013733,-7.117540301726038],[19.415188303766058,-7.15477696341928],[19.163183263665246,-7.737022946258932],[19.019180383607647,-7.987524124922501],[18.464769295385878,-7.845347780275617],[18.1335626712534,-7.987524124922501],[17.471149422988447,-8.068767750435015],[17.089541790835796,-7.54406933566672],[16.859137182743638,-7.222479984679708],[16.57113142262844,-6.623308246524942],[16.326326526530522,-5.878575012660264],[13.37426748534969,-5.865034408408178],[13.02146042920856,-5.98351469561392],[12.733454669093362,-5.96658894029882],[12.323046460929191,-6.098609831756647],[12.179043580871593,-5.790561085021707],[12.43824876497527,-5.685621402068051],[12.46704934098679,-5.248936914938312],[12.632652653053043,-4.991665434148686],[12.99265985319704,-4.781786068241374],[13.259065181303612,-4.883340600132016],[13.597471949438955,-4.500818530010605],[14.144682893657858,-4.510973983199676],[14.209484189683764,-4.791941521430445],[14.58389167783352,-4.971354527770558],[15.174303486069704,-4.345101581111635],[15.750315006300099,-3.8542546769735537],[16.009520190403776,-3.5360504770495567],[15.973519470389391,-2.7134587687353786],[16.405528110562187,-1.7419204136482875],[16.866337326746503,-1.2273774520690495],[17.521550431008592,-0.7433008500570111],[17.63675273505467,-0.425096650133014],[17.66555331106619,-0.05950033532671739],[17.82395647912955,0.28917022416447935],[17.773555471109404,0.854490451689017],[17.89595791915835,1.7414000302005945],[18.097561951239015,2.364267825796503],[18.39276785535708,2.8991216937538695],[18.450369007380118,3.505063734034664],[18.54397087941757,4.202404853017043],[18.932778655573088,4.7101775124702385],[19.465589311786204,5.031766863457264],[20.29360587211741,4.693251757155139],[20.927218544370874,4.3242702912858135],[21.661633232664627,4.222715759395172],[22.403248064961275,4.029762148802959],[22.705654113082232,4.6323190380207535],[22.842456849136966,4.7101775124702385],[23.296065921318416,4.608622980579597],[24.41208824176482,5.109625337906749],[24.808096161923203,4.896360820936408],[25.132102642052814,4.926827180503594],[25.276105522110413,5.170558057041134],[25.65051301026017,5.255186833616662],[26.39932798655971,5.150247150663006],[27.047340946818906,5.126551093221849],[27.371347426948518,5.234875927238534],[27.983359667193326,4.408899067861341],[28.429768595371883,4.287033629592585],[28.696173923478455,4.456291182743641],[29.15698313966277,4.388588161483213],[29.718594371887406,4.601852678453554],[29.956199123982458,4.175323644512886],[30.83461669233381,3.5084488850976925]]]}},{"type":"Feature","id":"COG","properties":{"name":"Republic of the Congo"},"geometry":{"type":"Polygon","coordinates":[[[12.99265985319704,-4.781786068241374],[12.618252365047283,-4.4365006598132055],[12.315846316926326,-4.605758212964275],[11.91263825276502,-5.039057549030986],[11.091821836436708,-3.9795052663053383],[11.855037100741981,-3.427725643032872],[11.480629612592224,-2.7642360346807067],[11.819036380727596,-2.5137348560171233],[12.49584991699831,-2.3918694177483673],[12.575051501030003,-1.9484146284925856],[13.107862157243119,-2.4291060794415955],[13.993479869597365,-2.4697278921978523],[14.295885917718323,-1.9991918944378995],[14.425488509770162,-1.3323171350227057],[14.317486349726977,-0.5537323905278271],[13.842276845536901,0.038669045500896004],[14.274285485709697,1.196390709054171],[14.02948058961178,1.3961146217724263],[13.280665613312237,1.3148709962599128],[12.999859997199934,1.8294139578391508],[13.0790615812316,2.2660984449688897],[14.339086781735602,2.2288617832756614],[15.145502910058184,1.9648200003599925],[15.937518750374977,1.727859425948509],[16.009520190403776,2.2660984449688897],[16.535130702614026,3.197014987299738],[17.132742654853075,3.728483704194076],[17.80955619112379,3.5592261510430063],[18.450369007380118,3.505063734034664],[18.39276785535708,2.8991216937538695],[18.097561951239015,2.364267825796503],[17.89595791915835,1.7414000302005945],[17.773555471109404,0.854490451689017],[17.82395647912955,0.28917022416447935],[17.66555331106619,-0.05950033532671739],[17.63675273505467,-0.425096650133014],[17.521550431008592,-0.7433008500570111],[16.866337326746503,-1.2273774520690495],[16.405528110562187,-1.7419204136482875],[15.973519470389391,-2.7134587687353786],[16.009520190403776,-3.5360504770495567],[15.750315006300099,-3.8542546769735537],[15.174303486069704,-4.345101581111635],[14.58389167783352,-4.971354527770558],[14.209484189683764,-4.791941521430445],[14.144682893657858,-4.510973983199676],[13.597471949438955,-4.500818530010605],[13.259065181303612,-4.883340600132016],[12.99265985319704,-4.781786068241374]]]}},{"type":"Feature","id":"COL","properties":{"name":"Colombia"},"geometry":{"type":"Polygon","coordinates":[[[-75.37470749414989,-0.150899414028288],[-75.79951599031982,0.08606116038319556],[-76.28912578251567,0.4144208134962639],[-76.57713154263087,0.2553187135342654],[-77.42674853497071,0.39410990711813554],[-77.67155343106863,0.8274092431848601],[-77.85155703114063,0.810483487869746],[-78.85237704754097,1.3825740175203407],[-78.98917978359569,1.6906227642552807],[-78.61477229544592,1.7650960876417372],[-78.66517330346608,2.2660984449688897],[-78.42756855137104,2.628309608712158],[-77.93075861517231,2.6960126299725857],[-77.51315026300527,3.325650727694537],[-77.12434248684976,3.850349142462832],[-77.49874997499951,4.08730971687433],[-77.30434608692175,4.669555699713982],[-77.53475069501391,5.58354648672973],[-77.31874637492751,5.844203118582357],[-77.47714954299087,6.690490884337677],[-77.88035760715215,7.22534475229503],[-77.75075501510031,7.709421354307068],[-77.4339486789736,7.638333181983626],[-77.23954479089583,7.9362264755294945],[-77.47714954299087,8.525242760495203],[-77.35474709494191,8.670804256205116],[-76.83633672673454,8.640337896637917],[-76.08752175043502,9.337679015620296],[-75.67711354227086,9.442618698573966],[-75.6627132542651,9.774363502750049],[-75.4827096541931,10.620651268505355],[-74.90669813396269,11.084416964139265],[-74.28028560571212,11.10134271945438],[-74.19388387767756,11.311222085361692],[-73.41626832536652,11.226593308786164],[-72.62425248504971,11.73098081717633],[-72.23544470889419,11.954400787335729],[-71.75303506070122,12.438477389347781],[-71.4002280045601,12.377544670213396],[-71.14102282045643,12.113502887297727],[-71.3282265645313,11.774987780995602],[-71.97623952479051,11.60911537890756],[-72.22824456489131,11.108113021580422],[-72.61705234104683,10.82037518122361],[-72.90505810116204,10.4513937153543],[-73.027460549211,9.737126841056806],[-73.30826616532332,9.151495707154126],[-72.78985579711595,9.083792685893712],[-72.66025320506411,8.626797292385831],[-72.43704874097483,8.406762473289461],[-72.35784715694315,8.003929496789922],[-72.48024960499211,7.631562879857583],[-72.44424888497771,7.425068665013285],[-72.19944398887979,7.340439888437757],[-71.96183923678475,6.9917693289465745],[-70.67301346026922,7.086553558711159],[-70.08980179603593,6.961302969379375],[-69.39138782775657,6.101474599371983],[-68.98817976359528,6.206414282325639],[-68.26816536330728,6.152251865317297],[-67.69215384307688,6.267347001460024],[-67.33934678693575,6.09470429724594],[-67.51935038700775,5.556465278225559],[-67.74255485109704,5.221335322986448],[-67.82175643512872,4.50368329762594],[-67.62015240304807,3.840193689273775],[-67.33934678693575,3.5423003957279064],[-67.30334606692135,3.3188804255684943],[-67.80735614712296,2.8212632193043703],[-67.44734894697895,2.601228400208001],[-67.18094361887239,2.24917268965379],[-66.87853757075143,1.2539382771255276],[-67.06574131482631,1.128687687793743],[-67.26014520290407,1.7210891238224661],[-67.54095081901639,2.035908172683449],[-67.87215744314888,1.694007915318295],[-69.81619632392649,1.7143188216964234],[-69.80179603592073,1.0880658750374863],[-69.21858437168744,0.9865113431468586],[-69.25458509170184,0.6039892730254479],[-69.44898897977961,0.7055438049160898],[-70.01780035600713,0.5430565538910628],[-70.01780035600713,-0.18475092465850196],[-69.57859157183145,-0.5503472394647986],[-69.4201884037681,-1.1224377691153933],[-69.44178883577673,-1.5557371051821178],[-69.89539790795817,-4.297709466229335],[-70.3922078441569,-3.7662407493349974],[-70.69461389227786,-3.7425446918938405],[-70.04660093201865,-2.72361422192445],[-70.81701634032682,-2.2564633752275114],[-71.41462829256587,-2.3444773028660677],[-71.77463549270986,-2.168449447588955],[-72.32904658093163,-2.4358763815676383],[-73.07066141322828,-2.3106257922358537],[-73.66107322146445,-1.2612289626992634],[-74.12188243764876,-1.0039574819096515],[-74.43868877377548,-0.5300363330866702],[-75.10830216604333,-0.05611518426368889],[-75.37470749414989,-0.150899414028288]]]}},{"type":"Feature","id":"CRI","properties":{"name":"Costa Rica"},"geometry":{"type":"Polygon","coordinates":[[[-82.96365927318547,8.223964315886306],[-83.51087021740436,8.447384286045704],[-83.712474249485,8.65726365195303],[-83.59727194543892,8.829906356167115],[-83.63327266545332,9.049941175263498],[-83.90687813756276,9.29028690073801],[-84.30288605772117,9.486625662393237],[-84.6484929698594,9.61526140278805],[-84.71329426588532,9.906384394207876],[-84.97249944998902,10.085797400548003],[-84.91489829796598,9.794674409128177],[-85.10930218604373,9.55771383471668],[-85.33970679413589,9.83529622188442],[-85.66371327426549,9.933465602712047],[-85.80051601032022,10.136574666493317],[-85.79331586631734,10.437853111102214],[-85.65651313026261,10.752672159963183],[-85.94451889037782,10.894848504610081],[-85.71411428228566,11.087802115202294],[-85.56291125822517,11.216437855597107],[-84.90049800996022,10.952396072681438],[-84.67009340186804,11.081031813076251],[-84.35328706574133,10.999788187563738],[-84.18768375367509,10.79329397271944],[-83.892477849557,10.725590951459012],[-83.65487309746196,10.938855468429352],[-83.40286805736116,10.393846147282929],[-83.01406028120563,9.994398321846433],[-82.54605092101843,9.564484136842722],[-82.93485869717395,9.476470209204166],[-82.92765855317107,9.073637232704641],[-82.71885437708755,8.924690585931714],[-82.87005740114803,8.806210298725958],[-82.82685653713075,8.626797292385831],[-82.91325826516531,8.423688228604561],[-82.96365927318547,8.223964315886306]]]}},{"type":"Feature","id":"CUB","properties":{"name":"Cuba"},"geometry":{"type":"Polygon","coordinates":[[[-82.2652453049061,23.189717165503296],[-81.4012280245605,23.118628993179854],[-80.61641232824658,23.10508838892777],[-79.68039360787216,22.766573282625643],[-79.28438568771377,22.397591816756318],[-78.34836696733936,22.512686952899045],[-77.99555991119824,22.275726378487562],[-77.1459429188584,21.656243733954668],[-76.5267305346107,21.206018642572843],[-76.19552391047822,21.21955924682493],[-75.59791195823918,21.016450183043645],[-75.66991339826798,20.73548264481289],[-74.93549870997421,20.694860832056634],[-74.1794835896718,20.28525755343105],[-74.29468589371788,20.051682130082582],[-74.96429928598573,19.923046389687784],[-75.63391267825358,19.872269123742456],[-76.32512650253007,19.95351274925497],[-77.75795515910319,19.855343368427356],[-77.08834176683534,20.413893293825865],[-77.49154983099663,20.674549925678505],[-78.13956279125584,20.738867795875905],[-78.48516970339408,21.02999078729573],[-78.72277445548912,21.59869616588331],[-79.28438568771377,21.558074353127054],[-80.22040440808817,21.82888643816875],[-80.51561031220625,22.038765804076064],[-81.81883637672755,22.19109760191202],[-82.17164343286866,22.38743636356726],[-81.7972359447189,22.63793754223083],[-82.77645552911059,22.688714808176144],[-83.4964699293986,22.167401544470877],[-83.90687813756276,22.15386094021879],[-84.05088101762037,21.910130063681265],[-84.54769095381909,21.80180522966458],[-84.97249944998902,21.89658945942918],[-84.44688893777877,22.204638206164105],[-84.23088461769237,22.566849369907388],[-83.77727554551092,22.78688418900377],[-83.26606532130644,22.983222950659],[-82.51005020100403,23.078007180423597],[-82.2652453049061,23.189717165503296]]]}},{"type":"Feature","id":"-99","properties":{"name":"Northern Cyprus"},"geometry":{"type":"Polygon","coordinates":[[[32.72825456509128,35.13930041796834],[32.800256005120076,35.146070720094386],[32.944258885177675,35.3864164455689],[33.6642732854657,35.37287584131681],[34.57869157383146,35.67076913486268],[33.90187803756072,35.244240100922],[33.97387947758952,35.05805679245583],[33.865877317546335,35.09190830308604],[33.67867357347146,35.01743497969957],[33.527470549410964,35.0377458860777],[33.47706954139079,35.00050922438447],[33.455469109382165,35.102063756275115],[33.383467669353365,35.1629964754095],[33.18906378127559,35.17315192859856],[32.92265845316905,35.08852315202303],[32.72825456509128,35.13930041796834]]]}},{"type":"Feature","id":"CYP","properties":{"name":"Cyprus"},"geometry":{"type":"Polygon","coordinates":[[[33.97387947758952,35.05805679245583],[34.00268005360104,34.97681316694333],[32.98025960519209,34.57059503938078],[32.490649812996224,34.702615930838604],[32.260245204904066,35.102063756275115],[32.72825456509128,35.13930041796834],[32.92265845316905,35.08852315202303],[33.18906378127559,35.17315192859856],[33.383467669353365,35.1629964754095],[33.455469109382165,35.102063756275115],[33.47706954139079,35.00050922438447],[33.527470549410964,35.0377458860777],[33.67867357347146,35.01743497969957],[33.865877317546335,35.09190830308604],[33.97387947758952,35.05805679245583]]]}},{"type":"Feature","id":"CZE","properties":{"name":"Czech Republic"},"geometry":{"type":"Polygon","coordinates":[[[16.959939198783957,48.598661044540876],[16.49912998259964,48.78484435300703],[16.03112062241243,48.73406708706173],[15.253505070101369,49.03873068273364],[14.900698013960266,48.96425735934716],[14.339086781735602,48.554654080721605],[13.597471949438955,48.876243431708616],[13.028660573211454,49.30615761671231],[12.517450349006964,49.54650334218684],[12.416648332966645,49.96964722506448],[12.236644732894632,50.26754051861036],[12.96385927718552,50.48419018664373],[13.338266765335277,50.7346913653073],[14.058281165623299,50.92764497589951],[14.310286205724083,51.11721343542868],[14.56949138982776,51.00211829928597],[15.015900318006345,51.10705798223964],[15.491109822196421,50.7854686312526],[16.239924798495935,50.697454703614056],[16.17512350247003,50.42325746750933],[16.722334446688905,50.21676325266503],[16.866337326746503,50.47403473345466],[17.557551151023006,50.36232474837496],[17.65115302306043,50.04750569951398],[18.39276785535708,49.98995813144262],[18.853577071541395,49.49572607624151],[18.55837116742333,49.49572607624151],[18.399967999359973,49.31631306990138],[18.169563391267815,49.27230610608211],[18.10476209524188,49.04550098485967],[17.91035820716411,48.998108869977386],[17.888757775155483,48.90332464021279],[17.543150863017246,48.79838495725912],[17.103942078841555,48.815310712574245],[16.959939198783957,48.598661044540876]]]}},{"type":"Feature","id":"DEU","properties":{"name":"Germany"},"geometry":{"type":"Polygon","coordinates":[[[9.92539850797013,54.98305594939896],[9.93979879597589,54.597148728214535],[10.947818956379109,54.363573304866094],[10.940618812376215,54.008132443248854],[11.9558391167823,54.197700902778024],[12.517450349006964,54.47189813888275],[13.647872957459128,54.07583546450928],[14.123082461649204,53.757631264585285],[14.353487069741362,53.24985860513209],[14.072681453629059,52.98243167115339],[14.439888797775922,52.62360565847314],[14.684693693873868,52.0887517905158],[14.605492109842174,51.74685153315065],[15.015900318006345,51.10705798223964],[14.56949138982776,51.00211829928597],[14.310286205724083,51.11721343542868],[14.058281165623299,50.92764497589951],[13.338266765335277,50.7346913653073],[12.96385927718552,50.48419018664373],[12.236644732894632,50.26754051861036],[12.416648332966645,49.96964722506448],[12.517450349006964,49.54650334218684],[13.028660573211454,49.30615761671231],[13.597471949438955,48.876243431708616],[13.244664893297852,48.415862887137735],[12.884657693153855,48.29061229780595],[13.028660573211454,47.63727814264283],[12.935058701174,47.46802058949177],[12.618252365047283,47.671129653273056],[12.143042860857207,47.70159601284024],[11.423028460569185,47.522183006500114],[10.544610892217833,47.566189970319385],[10.400608012160234,47.30214818740373],[9.89659793195861,47.57973057457147],[9.594191883837652,47.52556815756313],[8.521370427408527,47.83023175323504],[8.319766395327889,47.6135820852017],[7.470149402988028,47.62035238732773],[7.592551851037001,48.33461926162522],[8.096561931238597,49.0184197763555],[6.656533130662581,49.20121793375867],[6.188523770475399,49.465259716674325],[6.2461249224984385,49.90194420380405],[6.0445208904178,50.12874932502649],[6.159723194463879,50.80239438656773],[5.986919738394732,51.85179121610432],[6.591731834636676,51.85179121610432],[6.843736874737459,52.22754298409967],[7.0885417708354055,53.14491892217842],[6.908538170763393,53.48343402848056],[7.102942058841165,53.69331339438787],[7.938158763175238,53.747475811396214],[8.11816236324725,53.52744099229983],[8.80217604352086,54.02167304750094],[8.571771435428673,54.39403966443328],[8.528570571411393,54.962745043020846],[9.2845856917138,54.830724151563004],[9.92539850797013,54.98305594939896]]]}},{"type":"Feature","id":"DJI","properties":{"name":"Djibouti"},"geometry":{"type":"Polygon","coordinates":[[[43.0820616412328,12.699134021200408],[43.31966639332785,12.391085274465482],[43.283665673313436,11.974711693713857],[42.71485429708591,11.73436596823936],[43.14686293725873,11.463553883197648],[42.77965559311184,10.925314864177267],[42.55645112902255,11.104727870517394],[42.31164623292463,11.033639698193952],[41.75723514470286,11.050565453509066],[41.7428348566971,11.355229049180977],[41.663633272665436,11.632811436348717],[42.00204004080078,12.099962283045656],[42.35484709694191,12.543417072301438],[42.77965559311184,12.455403144662881],[43.0820616412328,12.699134021200408]]]}},{"type":"Feature","id":"DNK","properties":{"name":"Denmark"},"geometry":{"type":"MultiPolygon","coordinates":[[[[12.690253805076082,55.60930889605791],[12.092641852837033,54.80025779199582],[11.041420828416534,55.36557801952037],[10.90461809236183,55.77856644920897],[12.373447468949365,56.11031125338505],[12.690253805076082,55.60930889605791]]],[[[9.92539850797013,54.98305594939896],[9.2845856917138,54.830724151563004],[8.528570571411393,54.962745043020846],[8.11816236324725,55.517909817356326],[8.089361787235731,56.540225438388745],[8.254965099301955,56.81103752343046],[8.542970859417153,57.10893081697631],[9.421388427768534,57.173248687173725],[9.774195483909665,57.44744592327845],[10.580611612232218,57.728413461509206],[10.544610892217833,57.217255650992996],[10.24940498809974,56.88889599787993],[10.371807436148714,56.61131361071219],[10.911818236364695,56.45898181287623],[10.667013340266777,56.079844893817864],[10.371807436148714,56.19155487889756],[9.651793035860692,55.47051770247404],[9.92539850797013,54.98305594939896]]]]}},{"type":"Feature","id":"DOM","properties":{"name":"Dominican Republic"},"geometry":{"type":"Polygon","coordinates":[[[-71.70983419668394,19.713167023780457],[-71.58743174863498,19.88580972799454],[-70.80981619632394,19.8790394258685],[-70.21220424408489,19.621767945078886],[-69.95299905998121,19.648849153583058],[-69.76579531590633,19.293408291965832],[-69.21858437168744,19.31371919834396],[-69.25458509170184,19.015825904798078],[-68.80817616352329,18.97858924310485],[-68.31856637132744,18.612992928298553],[-68.68577371547433,18.206774800736],[-69.16818336366728,18.42342446876937],[-69.62179243584873,18.379417504950084],[-69.95299905998121,18.426809619832383],[-70.13300266005321,18.247396613492256],[-70.51461029220586,18.183078743294857],[-70.66581331626634,18.426809619832383],[-70.99701994039881,18.284633275185485],[-71.4002280045601,17.597447609392177],[-71.65943318866378,17.756549709354175],[-71.70983419668394,18.044287549710987],[-71.6882337646753,18.315099634752684],[-71.947438948779,18.61637807936158],[-71.70263405268106,18.785635632512637],[-71.62343246864938,19.168157702634034],[-71.70983419668394,19.713167023780457]]]}},{"type":"Feature","id":"DZA","properties":{"name":"Algeria"},"geometry":{"type":"Polygon","coordinates":[[[11.99903998079958,23.470684703734065],[8.571771435428673,21.564844655253097],[5.677313546270909,19.601457038700758],[4.266085321706413,19.154617098381948],[3.157263145262874,19.056447717554335],[3.1500630012600084,19.69285611740233],[2.682053641072798,19.855343368427356],[2.0628412568251235,20.143081208784167],[1.8252365047300714,20.61023205548109],[-1.5516310326206622,22.793654491129814],[-4.92129842596853,24.973691775715494],[-8.686973739474809,27.3940747857757],[-8.665373307466183,27.59041354743094],[-8.665373307466183,27.658116568691355],[-8.672573451469049,28.8429194407488],[-7.059741194823914,29.580882372487437],[-6.058921178423589,29.733214170323393],[-5.245304906098141,30.000641104302076],[-4.856497129942625,30.501643461629214],[-3.6900738014760464,30.89770613600271],[-3.6468729374587667,31.635669067741347],[-3.0708614172283717,31.72368299537989],[-2.6172523450469214,32.092664461249214],[-1.3068261365227443,32.26192201440027],[-1.12682253645076,32.65121438664772],[-1.3860277205544378,32.864478903618064],[-1.7316346326926748,33.9206460352807],[-1.7964359287186085,34.52658807556149],[-2.1708434168683652,35.16976677753554],[-1.2060241204824251,35.71477609868195],[-0.12600252005043444,35.887418802896036],[0.5004100082001344,36.30040723258463],[1.4652293045860745,36.605070828256544],[3.1644632892657683,36.78448383459667],[4.813296265925288,36.865727460109184],[5.317306346126912,36.71678081333626],[6.260525210504198,37.109458336646725],[7.333346666933323,37.11961378983578],[7.7365547310946,36.88603836648731],[8.420568411368208,36.9469710856217],[8.21896437928757,36.43242812404246],[8.377367547350929,35.4812006753335],[8.139762795255876,34.655223815956305],[7.5277505550110675,34.096673890557796],[7.614152283045627,33.345170354567074],[8.427768555371074,32.74938376747534],[8.442168843376834,32.50565289093781],[9.054181083621643,32.10281991443827],[9.478989579791573,30.308689851037002],[9.802996059921185,29.425165423588453],[9.860597211944224,28.961399727954543],[9.680593611872212,28.145578321766422],[9.752595051901011,27.688582928258555],[9.630192603852066,27.140188456049103],[9.716594331886625,26.51055035832715],[9.320586411728215,26.09417677757554],[9.91099821996437,25.366369299025962],[9.946998939978783,24.936455114022266],[10.30700614012278,24.377905188623757],[10.767815356307096,24.564088497089926],[11.559831196623918,24.096937650392988],[11.99903998079958,23.470684703734065]]]}},{"type":"Feature","id":"ECU","properties":{"name":"Ecuador"},"geometry":{"type":"Polygon","coordinates":[[[-80.29960599211985,-3.404029585591715],[-79.76679533590674,-2.655911200664022],[-79.98999979999601,-2.219226713534283],[-80.37160743214865,-2.6863775602312074],[-80.9692193843877,-2.2463079220384543],[-80.76761535230706,-1.9653403838076855],[-80.9332186643733,-1.0581198989179939],[-80.58041160823218,-0.9057881010820381],[-80.40040800816017,-0.28292030548611535],[-80.01880037600753,0.3602583964879216],[-80.09080181603633,0.7698616751134892],[-79.54359087181744,0.9831261920838301],[-78.85237704754097,1.3825740175203407],[-77.85155703114063,0.810483487869746],[-77.67155343106863,0.8274092431848601],[-77.42674853497071,0.39410990711813554],[-76.57713154263087,0.2553187135342654],[-76.28912578251567,0.4144208134962639],[-75.79951599031982,0.08606116038319556],[-75.37470749414989,-0.150899414028288],[-75.23070461409229,-0.9125584032080809],[-75.54751095021902,-1.5625074073081606],[-76.6347326946539,-2.6085190857817224],[-77.83715674313487,-3.0045817601552187],[-78.44916898337968,-3.874565583351682],[-78.63637272745456,-4.5482106448929045],[-79.20518410368209,-4.957813923518486],[-79.62279245584912,-4.453426415128305],[-80.02600052001041,-4.345101581111635],[-80.44360887217745,-4.426345206624148],[-80.47240944818897,-4.060748891817852],[-80.18440368807377,-3.8204031663433398],[-80.29960599211985,-3.404029585591715]]]}},{"type":"Feature","id":"EGY","properties":{"name":"Egypt"},"geometry":{"type":"Polygon","coordinates":[[[34.9242984859697,29.499638746974924],[34.64349286985737,29.100190921538413],[34.42748854977097,28.345302234484677],[34.15388307766153,27.823988970779396],[33.923478469569375,27.647961115502298],[33.585071701434,27.972935617552338],[33.13866277325545,28.41639040680812],[32.42584851697032,29.851694457529135],[32.317846356927106,29.760295378827564],[32.73545470909417,28.70412824716493],[33.34746694933895,27.698738381447612],[34.10348206964136,26.14156889245784],[34.47068941378825,25.59994472237443],[34.79469589391786,25.03462449484988],[35.69471389427787,23.927680097241932],[35.49310986219723,23.75165224196482],[35.529110582211615,23.10170323786474],[36.6883337666753,22.204638206164105],[36.86833736674731,22.001529142382836],[32.901058021160395,22.001529142382836],[29.020180403608038,22.001529142382836],[25.002500050000975,22.001529142382836],[25.002500050000975,25.681188347886945],[25.002500050000975,29.238982115122283],[24.700094001880018,30.044648068121347],[24.959299185983696,30.660745561591213],[24.800896017920337,31.090659746594923],[25.168103362067228,31.56796604648092],[26.492929858597137,31.58489180179602],[27.457749154983077,31.320850018880364],[28.451369027380537,31.02634187639751],[28.912178243564853,30.87062492749854],[29.68259365187302,31.185443976359508],[30.093001860037162,31.47318181671632],[30.978619572391437,31.554425442228833],[31.691433828676537,31.42917485289705],[31.95783915678311,30.93494279769594],[32.19544390887816,31.25991729974598],[32.99465989319785,31.022956725334495],[33.77227544550888,30.968794308326153],[34.26188523770472,31.219295486989722],[34.9242984859697,29.499638746974924]]]}},{"type":"Feature","id":"ERI","properties":{"name":"Eritrea"},"geometry":{"type":"Polygon","coordinates":[[[42.35484709694191,12.543417072301438],[42.00924018480367,12.865006423288449],[41.5988319766395,13.45063755719113],[41.152423048460946,13.772226908178155],[40.89321786435727,14.117512316606323],[40.02920058401165,14.520345293105848],[39.33798675973517,14.53050074629492],[39.10038200764012,14.740380112202232],[38.509970199403966,14.506804688853762],[37.90515810316205,14.960414931298615],[37.5955519110382,14.212296546370922],[36.42912858257162,14.422175912278234],[36.32112642252844,14.821623737714745],[36.75313506270123,16.290779299065974],[36.85393707874155,16.957654058481154],[37.17074341486827,17.262317654153065],[37.90515810316205,17.428190056241107],[38.40916818336365,17.996895434828687],[38.992379847596936,16.839173771275412],[39.265985319706374,15.92179783319665],[39.81319626392525,15.434336080121597],[41.181223624472466,14.489878933538662],[41.735634712694235,13.921173554951082],[42.275645512910245,13.342312723174459],[42.59245184903696,13.000412465809305],[43.0820616412328,12.699134021200408],[42.77965559311184,12.455403144662881],[42.35484709694191,12.543417072301438]]]}},{"type":"Feature","id":"ESP","properties":{"name":"Spain"},"geometry":{"type":"Polygon","coordinates":[[[-9.032580651613046,41.87913618444367],[-8.9821796435929,42.59340305874116],[-9.392587851757042,43.02670239480787],[-7.981359627192575,43.74773957123142],[-6.757335146702957,43.568326564891294],[-5.410908218164394,43.57509686701732],[-4.345286905738135,43.40245416280325],[-3.517270345406928,43.456616579811566],[-1.9044380887617933,43.42276506918137],[-1.5012300246005168,43.03347269693393],[0.33480669613391,42.579862454489074],[0.7020140402807726,42.796512122522444],[1.8252365047300714,42.34290188007759],[2.9844596891937556,42.47153762047239],[3.042060841216795,41.89267678869575],[2.0916418328366433,41.22580202928057],[0.8100162003239859,41.015922663373246],[0.7236144722894267,40.67740755707112],[0.104402088041752,40.12224278273564],[-0.2772055441108989,39.30980652761053],[0.11160223204461772,38.73771599795994],[-0.4644092881857773,38.29087605764114],[-0.6804136082721755,37.64092705354105],[-1.4364287285745831,37.44458829188582],[-2.149242984859711,36.67277384951697],[-3.4164683293666087,36.659233245264886],[-4.366887337746789,36.67615900058],[-4.993299865997329,36.32410329002579],[-5.37490749814998,35.94835152203042],[-5.864517290345816,36.029595147542935],[-6.238924778495601,36.36811025384506],[-6.519730394607905,36.94358593455867],[-7.455749114982325,37.09930288345765],[-7.53495069901399,37.42766253657072],[-7.167743354867127,37.803414304566076],[-7.030940618812394,38.07422638960777],[-7.376547530950631,38.37211968315364],[-7.095741914838328,39.02883898937978],[-7.498949978999605,39.62801072753453],[-7.066941338826808,39.71263950411007],[-7.023740474809529,40.183175501870025],[-6.865337306746142,40.33212214864295],[-6.850937018740382,41.110706893137845],[-6.390127802556066,41.38151897817954],[-6.6709334186683975,41.882521335506695],[-7.254145082901687,41.91975799719992],[-7.419748394967911,41.791122256805124],[-8.010160203204094,41.791122256805124],[-8.262165243304878,42.281969160943206],[-8.672573451469049,42.133022514170264],[-9.032580651613046,41.87913618444367]]]}},{"type":"Feature","id":"EST","properties":{"name":"Estonia"},"geometry":{"type":"Polygon","coordinates":[[[24.3112862257245,57.79273133170662],[24.42648852977058,58.38174761667233],[24.05928118562369,58.256497027340515],[23.425668513370255,58.611937888957755],[23.339266785335695,59.18741356967138],[24.606492129842565,59.46499595683912],[25.866517330346596,59.610557452549045],[26.946538930778587,59.444685050461004],[27.983359667193326,59.47515141002819],[28.13456269125379,59.30250870581409],[27.421748434968663,58.723647874037454],[27.716954339086755,57.79273133170662],[27.28494569891396,57.47452713178262],[26.464129282585617,57.47791228284564],[25.600112002240024,57.84689374871496],[25.168103362067228,57.96875918698373],[24.3112862257245,57.79273133170662]]]}},{"type":"Feature","id":"ETH","properties":{"name":"Ethiopia"},"geometry":{"type":"Polygon","coordinates":[[[42.35484709694191,12.543417072301438],[42.00204004080078,12.099962283045656],[41.663633272665436,11.632811436348717],[41.7428348566971,11.355229049180977],[41.75723514470286,11.050565453509066],[42.31164623292463,11.033639698193952],[42.55645112902255,11.104727870517394],[42.77965559311184,10.925314864177267],[42.55645112902255,10.573259153623056],[42.930858617172305,10.02147953035059],[43.298065961319196,9.54078807940158],[43.67967359347185,9.181962066721326],[46.948538970779396,7.99715919466388],[47.79095581911636,8.003929496789922],[44.961299225984504,5.001300503890064],[43.65807316146319,4.957293540070793],[42.772455449108946,4.253182118962371],[42.13164263285262,4.232871212584243],[41.85803716074318,3.91805216372326],[41.17402348046957,3.91805216372326],[40.770815416308295,4.256567270025386],[39.85639712794253,3.840193689273775],[39.56119122382444,3.420434957459136],[38.89157783155662,3.5016785829716497],[38.668373367467325,3.616773719114377],[38.43796875937517,3.589692510610206],[38.12116242324845,3.599847963799263],[36.85393707874155,4.449520880617598],[36.155523110462184,4.449520880617598],[35.81711634232681,4.7778805337306665],[35.81711634232681,5.33981561019219],[35.29870597411946,5.505688012280231],[34.7082941658833,6.595706654573078],[34.24748494969896,6.825896926858533],[34.07468149362984,7.22534475229503],[33.570671413428244,7.7128065053700965],[32.95145902918057,7.783894677693539],[33.297065941318806,8.355985207344133],[33.822676453529056,8.37968126478529],[33.97387947758952,8.684344860457202],[33.95947918958376,9.58479504322085],[34.25468509370185,10.630806721694427],[34.72989459789193,10.911774259925181],[34.83069661393225,11.317992387487735],[35.26270525410504,12.083036527730542],[35.86031720634409,12.577268582931652],[36.27072541450826,13.562347542270828],[36.42912858257162,14.422175912278234],[37.5955519110382,14.212296546370922],[37.90515810316205,14.960414931298615],[38.509970199403966,14.506804688853762],[39.10038200764012,14.740380112202232],[39.33798675973517,14.53050074629492],[40.02920058401165,14.520345293105848],[40.89321786435727,14.117512316606323],[41.152423048460946,13.772226908178155],[41.5988319766395,13.45063755719113],[42.00924018480367,12.865006423288449],[42.35484709694191,12.543417072301438]]]}},{"type":"Feature","id":"FIN","properties":{"name":"Finland"},"geometry":{"type":"Polygon","coordinates":[[[28.595371907438135,69.0652843715674],[28.444168883377642,68.36455810152202],[29.977799555991083,67.69768334210681],[29.05618112362245,66.94279465505309],[30.215404308086136,65.80538389787793],[29.545790915818287,64.94894067893355],[30.445808916178294,64.20420744506887],[30.035400708014123,63.554258440968795],[31.51863037260742,62.86707277517547],[31.137022740454796,62.359300115722306],[30.20820416408327,61.78043928394567],[28.069761395227886,60.50423733318664],[26.255325106502113,60.422993707674124],[24.49848996979938,60.05739739286784],[22.871257425148485,59.84751802696053],[22.288045760915196,60.39252734810694],[21.323226464529256,60.72088700122001],[21.54643092861855,61.70596596055918],[21.056821136422712,62.60641614332286],[21.539230784615683,63.18866212616251],[22.43924878497569,63.81830022388445],[24.728894577891538,64.90154856405127],[25.398507970159386,65.11142792995858],[25.290505810116173,65.53457181283625],[23.90087801756033,66.00849296165921],[23.56247124942496,66.39440018284364],[23.540870817416334,67.9346439165183],[21.978439568791345,68.6184444312486],[20.646412928258542,69.10590618432366],[21.24402488049759,69.36994796723931],[22.35284705694113,68.841864401408],[23.66327326546528,68.89264166735333],[24.736094721894403,68.64891079081579],[25.686513730274584,69.09236558007157],[26.17612352247042,69.82694336074721],[27.731354627092514,70.16545846704932],[29.012980259605172,69.76601064161281],[28.595371907438135,69.0652843715674]]]}},{"type":"Feature","id":"FJI","properties":{"name":"Fiji"},"geometry":{"type":"MultiPolygon","coordinates":[[[[178.37276745534905,-17.340696512050243],[178.71837436748729,-17.628434352407055],[178.5527710554211,-18.149747616112336],[177.9335586711734,-18.288538809696206],[177.37914758295165,-18.16328822036442],[177.28554571091416,-17.723218582171654],[177.6743534870697,-17.3813183248065],[178.12796255925116,-17.50318376307527],[178.37276745534905,-17.340696512050243]]],[[[179.3663873277465,-16.802457493029863],[178.7255745114902,-17.01233685893719],[178.59597191943834,-16.63997024200485],[179.09998199963997,-16.433476027160552],[179.41678833576668,-16.37931361015221],[179.99999999999994,-16.067879712354255],[179.99999999999994,-16.555341465429322],[179.3663873277465,-16.802457493029863]]],[[[-179.9207984159683,-16.50117904842098],[-180.0,-16.555341465429322],[-180.0,-16.067879712354255],[-179.79119582391647,-16.020487597471956],[-179.9207984159683,-16.50117904842098]]]]}},{"type":"Feature","id":"FLK","properties":{"name":"Falkland Islands"},"geometry":{"type":"Polygon","coordinates":[[[-61.19762395247906,-51.848926448488974],[-60.00240004800098,-51.24975471033421],[-59.15278305566113,-51.500255888997785],[-58.5479709594192,-51.100808063561274],[-57.748754975099516,-51.5510331549431],[-58.05116102322047,-51.89970371443429],[-59.39758795175905,-52.200982159043186],[-59.851197023940486,-51.848926448488974],[-60.70081401628033,-52.2991515398708],[-61.19762395247906,-51.848926448488974]]]}},{"type":"Feature","id":"FRA","properties":{"name":"France"},"geometry":{"type":"MultiPolygon","coordinates":[[[[9.558191163823267,42.15333342054839],[9.226984539690761,41.38151897817954],[8.77337546750934,41.584628041960826],[8.542970859417153,42.254887952439034],[8.74457489149782,42.62725456937136],[9.392587851757014,43.00977663949277],[9.558191163823267,42.15333342054839]]],[[[5.677313546270909,49.52957758687171],[5.900518010360173,49.44156365923317],[6.188523770475399,49.465259716674325],[6.656533130662581,49.20121793375867],[8.096561931238597,49.0184197763555],[7.592551851037001,48.33461926162522],[7.470149402988028,47.62035238732773],[7.189343786875725,47.45109483417667],[6.735734714694274,47.54249391287823],[6.77173543470866,47.288607583151645],[6.037320746414906,46.72667250669011],[6.022920458409146,46.273062264245254],[6.498129962599222,46.42877921314425],[6.843736874737459,45.9920947260145],[6.8005360107201795,45.70774203672073],[7.095741914838271,45.33199026872535],[6.750135002700034,45.02732667305344],[7.009340186803712,44.25551223068459],[7.5493509870197215,44.12687649028979],[7.4341486829736425,43.69357715422308],[6.526930538610742,43.128256926698526],[4.5540910818216105,43.39906901174021],[3.0996619932398346,43.074094509690184],[2.9844596891937556,42.47153762047239],[1.8252365047300714,42.34290188007759],[0.7020140402807726,42.796512122522444],[0.33480669613391,42.579862454489074],[-1.5012300246005168,43.03347269693393],[-1.9044380887617933,43.42276506918137],[-1.3860277205544378,44.02193680733612],[-1.1916238324766653,46.01579078345566],[-2.2284445688914047,47.06518761299225],[-2.9628592571851584,47.5695751213824],[-4.489289785795734,47.955482342566825],[-4.590091801836053,48.683289821116404],[-3.2940658813176356,48.90332464021279],[-1.6164323286465958,48.64605315942316],[-1.933238664773313,49.776693614472265],[-0.990019800396027,49.34677942946857],[1.3356267125342356,50.12874932502649],[1.638032760655193,50.947955882277626],[2.5164503290065454,51.147679794995895],[2.6604532090641726,50.79562408444167],[3.1212624252484886,50.77869832912657],[3.589271785435699,50.37925050369006],[4.287685753715067,49.90871450593011],[4.798895977919528,49.98657298037958],[5.677313546270909,49.52957758687171]]]]}},{"type":"Feature","id":"GAB","properties":{"name":"Gabon"},"geometry":{"type":"Polygon","coordinates":[[[11.091821836436708,-3.9795052663053383],[10.069401388027728,-2.9707302495250048],[9.406988139762774,-2.1447533901478124],[8.794975899517965,-1.112282315926322],[8.830976619532379,-0.7805375117502393],[9.046980939618777,-0.458948160763228],[9.291785835716695,0.26885931778635097],[9.493389867797333,1.0102074005880013],[9.831796635932704,1.067754968659358],[11.28622572451448,1.0575995154703008],[11.279025580511586,2.262713293905861],[11.754235084701662,2.327031164103275],[12.359047180943605,2.191625121582419],[12.94945898917976,2.320260861977232],[13.0790615812316,2.2660984449688897],[12.999859997199934,1.8294139578391508],[13.280665613312237,1.3148709962599128],[14.02948058961178,1.3961146217724263],[14.274285485709697,1.196390709054171],[13.842276845536901,0.038669045500896004],[14.317486349726977,-0.5537323905278271],[14.425488509770162,-1.3323171350227057],[14.295885917718323,-1.9991918944378995],[13.993479869597365,-2.4697278921978523],[13.107862157243119,-2.4291060794415955],[12.575051501030003,-1.9484146284925856],[12.49584991699831,-2.3918694177483673],[11.819036380727596,-2.5137348560171233],[11.480629612592224,-2.7642360346807067],[11.855037100741981,-3.427725643032872],[11.091821836436708,-3.9795052663053383]]]}},{"type":"Feature","id":"GBR","properties":{"name":"United Kingdom"},"geometry":{"type":"MultiPolygon","coordinates":[[[[-6.195723914478322,53.86595609860194],[-6.951739034780729,54.07245031344624],[-7.570951419028404,54.058909709194154],[-7.369347386947766,54.597148728214535],[-7.570951419028404,55.1320025961719],[-6.735734714694303,55.17262440892816],[-5.662913258265178,54.553141764395264],[-6.195723914478322,53.86595609860194]]],[[[-3.006060121202438,58.63563394639891],[-4.071681433628697,57.55238560623209],[-3.056461129222612,57.69117679981599],[-1.9620392407848328,57.684406497689935],[-2.2212444248885106,56.868585091501814],[-3.121262425248517,55.97490521086419],[-2.084441688833806,55.91058734066681],[-2.0052401048021125,55.80564765771314],[-1.1124222484450002,54.624229936718706],[-0.42840856817139183,54.46512783675672],[0.1836036720734171,53.324331928518546],[0.4716094321886146,52.93165440520809],[1.6812336246724726,52.73870079461588],[1.5588311766234995,52.09890724370484],[1.047620952419038,51.80778425228502],[1.4508290165803146,51.28985613964278],[0.5508110162203081,50.765157724874484],[-0.7884157683153887,50.775313178063556],[-2.4876497529950825,50.50111594195883],[-2.9556591131822927,50.697454703614056],[-3.618072361447247,50.226918705854104],[-4.5396907938159075,50.34201384199682],[-5.245304906098141,49.959491771875435],[-5.778115562311257,50.159215684593676],[-4.309286185723721,51.208612514130266],[-3.4164683293666087,51.425262182163635],[-3.4236684733694744,51.425262182163635],[-4.986099721994464,51.59451973531469],[-5.266905338106795,51.99058240968819],[-4.222884457689162,52.30201630748613],[-4.7700954019080655,52.84025532650651],[-4.582891657833187,53.4935894816696],[-3.0924618492369973,53.40557555403106],[-2.9484589691793985,53.9844363858077],[-3.618072361447247,54.60053387927758],[-3.632472649453007,54.61407448352966],[-4.842096841936865,54.79010233880675],[-5.079701594031889,55.06091442384846],[-4.719694393887892,55.507754364167255],[-5.050901018020369,55.785336751334995],[-5.583711674233513,55.31141560251203],[-5.648512970259418,56.27618365547309],[-6.152523050461042,56.783956314926286],[-5.785315706314151,57.81981254021079],[-5.007700154003089,58.628863644272855],[-4.208484169683402,58.551005169823384],[-3.006060121202438,58.63563394639891]]]]}},{"type":"Feature","id":"GEO","properties":{"name":"Georgia"},"geometry":{"type":"Polygon","coordinates":[[[41.55563111262222,41.53723592707853],[41.69963399267982,41.96376496101921],[41.4548290965819,42.64418032468649],[40.87881757635151,43.013161790555785],[40.32440648812974,43.128256926698526],[39.95719914398285,43.43630567343345],[40.07960159203182,43.55478596063921],[40.92201844036879,43.38214325642511],[42.390847816956324,43.21965600540008],[43.75887517750351,42.7423497055141],[43.93167863357266,42.55616639704792],[44.536490729814574,42.711883345946916],[45.472509450188966,42.502003980039575],[45.77491549830995,42.09240070141401],[46.408528170563386,41.86221042912857],[46.142122842456814,41.7234192355447],[46.638932778655544,41.18179506546129],[46.50213004260084,41.063314778255545],[45.96211924238483,41.12424749738993],[45.22050441008818,41.41198533774674],[44.975699513990264,41.249498086721715],[43.586071721434394,41.093781137822745],[42.62125242504848,41.584628041960826],[41.55563111262222,41.53723592707853]]]}},{"type":"Feature","id":"GHA","properties":{"name":"Ghana"},"geometry":{"type":"Polygon","coordinates":[[[1.062021240424798,5.928831895157899],[-0.5076101522030569,5.343200761255218],[-1.0620212404248264,5.001300503890064],[-1.9620392407848328,4.7101775124702385],[-2.8548570971419736,4.994530201764022],[-2.811656233124694,5.390592876137518],[-3.24366487329749,6.25042124614491],[-2.9844596891938124,7.381061701194014],[-2.559651193023882,8.220579164823292],[-2.826056521130454,9.642342611292221],[-2.9628592571851584,10.393846147282929],[-2.941258825176533,10.96255152587051],[-1.2060241204824251,11.009943640752809],[-0.759615192303869,10.935470317366338],[-0.43560871217425756,11.097957568391351],[0.025200504010058467,11.020099093941866],[-0.04680093601874091,10.705280045080883],[0.3708074161482955,10.19073708350166],[0.36360727214542976,9.466314756015109],[0.4644092881857489,8.677574558331159],[0.7092141842836668,8.311978243524862],[0.49320986419726864,7.411528060761199],[0.5724114482289338,6.913910854497075],[0.8388167763355057,6.28088760571211],[1.062021240424798,5.928831895157899]]]}},{"type":"Feature","id":"GIN","properties":{"name":"Guinea"},"geometry":{"type":"Polygon","coordinates":[[[-8.44216884337689,7.685725296865925],[-8.722974459489222,7.7128065053700965],[-8.92457849156986,7.309973528870572],[-9.205384107682164,7.313358679933586],[-9.399787995759937,7.526623196903927],[-9.334986699734003,7.929456173403452],[-9.752595051901068,8.542168515810303],[-10.019000380007611,8.427073379667576],[-10.227804556091144,8.406762473289461],[-10.508610172203475,8.34921490521809],[-10.494209884197716,8.714811220024387],[-10.652613052261074,8.978853002940042],[-10.623812476249554,9.266590843296854],[-10.839816796335953,9.689734726174507],[-11.120622412448256,10.045175587791746],[-11.919838396767943,10.04856073885476],[-12.15024300486013,9.858992279325577],[-12.423848476969567,9.83529622188442],[-12.596651933038686,9.618646553851065],[-12.711854237084765,9.341064166683324],[-13.24466489329788,8.904379679553585],[-13.68387367747357,9.49339596451928],[-14.072681453629087,9.886073487829748],[-14.331886637732765,10.014709228224547],[-14.576691533830683,10.214433140942802],[-14.69189383787679,10.657887930198598],[-14.843096861937255,10.877922749294967],[-15.131102622052452,11.040410000319994],[-14.684693693873896,11.527871753395061],[-14.382287645752939,11.510945998079947],[-14.123082461649261,11.676818400167988],[-13.899877997559969,11.680203551231017],[-13.74147482949661,11.812224442688844],[-13.82787655753117,12.143969246864927],[-13.719874397487956,12.245523778755569],[-13.69827396547933,12.587424036120709],[-13.21586431728636,12.577268582931652],[-12.495849916998367,12.333537706394111],[-12.279845596911969,12.35384861277224],[-12.200644012880275,12.465558597851938],[-11.660633212664266,12.387700123402453],[-11.516630332606667,12.441862540410796],[-11.459029180583627,12.076266225604499],[-11.300626012520269,12.079651376667528],[-11.034220684413697,12.211672268125355],[-10.868617372347472,12.177820757495141],[-10.595011900238035,11.923934427768543],[-10.16300326006521,11.84269080225603],[-9.889397787955772,12.0593404702894],[-9.56539130782619,12.19474651281024],[-9.327786555731137,12.333537706394111],[-9.126182523650499,12.30645649788994],[-8.902978059561207,12.089806829856585],[-8.787775755515128,11.812224442688844],[-8.377367547350957,11.392465710874205],[-8.578971579431595,11.135194230084593],[-8.622172443448875,10.810219728034554],[-8.406168123362477,10.908389108862167],[-8.283765675313532,10.79329397271944],[-8.334166683333677,10.49540067917357],[-8.03176063521272,10.20766283881676],[-8.226164523290493,10.129804364367274],[-8.312566251325052,9.787904107002134],[-8.082161643232894,9.374915677313538],[-7.830156603132082,8.576020026440517],[-8.204564091281839,8.454154588171747],[-8.298165963319292,8.315363394587877],[-8.218964379287598,8.122409783995664],[-8.283765675313532,7.685725296865925],[-8.44216884337689,7.685725296865925]]]}},{"type":"Feature","id":"GMB","properties":{"name":"Gambia"},"geometry":{"type":"Polygon","coordinates":[[[-16.844736894737906,13.15274426364526],[-16.715134302686067,13.596199052901042],[-15.627912558251182,13.623280261405213],[-15.397507950159024,13.860240835816711],[-15.080701614032307,13.877166591131811],[-14.684693693873896,13.630050563531256],[-14.375087501750045,13.626665412468242],[-14.043880877617568,13.792537814556283],[-13.84227684553693,13.504799974199472],[-14.274285485709726,13.281380004040074],[-14.713494269885416,13.298305759355173],[-15.138302766055347,13.5081851252625],[-15.512710254205103,13.277994852977045],[-15.692713854277116,13.271224550851002],[-15.93031860637214,13.129048206204118],[-16.844736894737906,13.15274426364526]]]}},{"type":"Feature","id":"GNB","properties":{"name":"Guinea Bissau"},"geometry":{"type":"Polygon","coordinates":[[[-15.131102622052452,11.040410000319994],[-15.663913278265596,11.456783581071605],[-16.0887217744355,11.524486602332033],[-16.31192623852479,11.805454140562802],[-16.31192623852479,11.957785938398757],[-16.614332286645748,12.171050455369098],[-16.679133582671682,12.384314972339439],[-16.146322926458538,12.546802223364452],[-15.81511630232606,12.516335863797266],[-15.548710974219517,12.628045848876965],[-13.69827396547933,12.587424036120709],[-13.719874397487956,12.245523778755569],[-13.82787655753117,12.143969246864927],[-13.74147482949661,11.812224442688844],[-13.899877997559969,11.680203551231017],[-14.123082461649261,11.676818400167988],[-14.382287645752939,11.510945998079947],[-14.684693693873896,11.527871753395061],[-15.131102622052452,11.040410000319994]]]}},{"type":"Feature","id":"GNQ","properties":{"name":"Equatorial Guinea"},"geometry":{"type":"Polygon","coordinates":[[[9.493389867797333,1.0102074005880013],[9.306186123722455,1.162539198423957],[9.651793035860692,2.2830242002839896],[11.279025580511586,2.262713293905861],[11.28622572451448,1.0575995154703008],[9.831796635932704,1.067754968659358],[9.493389867797333,1.0102074005880013]]]}},{"type":"Feature","id":"GRC","properties":{"name":"Greece"},"geometry":{"type":"MultiPolygon","coordinates":[[[[23.699273985479692,35.704620645492895],[24.246484929698568,35.369490690253784],[25.02410048200963,35.423653107262126],[25.76571531430625,35.352564934938684],[25.744114882297623,35.1799222307246],[26.2913258265165,35.29840251793034],[26.16172323446466,35.00389437544749],[24.721694433888644,34.91926559887196],[24.736094721894403,35.08513800096],[23.512070241404814,35.28147676261524],[23.699273985479692,35.704620645492895]]],[[[26.053721074421475,40.82296905278103],[25.44890897817953,40.85343541234823],[24.923298465969282,40.94821964211283],[23.713674273485452,40.68756301026019],[24.404888097761926,40.125627933798654],[23.90087801756033,39.96314068277364],[23.34646692933856,39.95975553171061],[22.813656273125446,40.477683644352865],[22.626452529050567,40.257648825256496],[22.84965699313983,39.65847708710173],[23.34646692933856,39.19132624040479],[22.972059441188804,38.97129142130841],[23.526470529410574,38.510910876737526],[24.023280465609275,38.219787885317686],[24.037680753615035,37.654467657793134],[23.116062321246403,37.9185094407088],[23.411268225364495,37.41073678125561],[22.777655553111032,37.30579709830195],[23.15206304126079,36.4222726708534],[22.489649792995834,36.40873206660132],[21.66883337666752,36.845416553731056],[21.294425888517736,37.64431220460408],[21.121622432448618,38.31118696401927],[20.7328146562931,38.77156750859015],[20.214404288085746,39.34027288717773],[20.149602992059812,39.624625576471516],[20.617612352247022,40.108702178483554],[20.67521350427006,40.433676680533594],[20.999219984399673,40.57923817624351],[21.0208204164083,40.84327995915916],[21.676033520670387,40.93129388679772],[22.057641152823038,41.1513287058941],[22.597651953039048,41.13101779951597],[22.763255265105272,41.30366050373006],[22.95045900918015,41.33751201436027],[23.692073841476798,41.3104308058561],[24.491289825796486,41.584628041960826],[25.196903938078748,41.23595748246963],[26.10412208244162,41.327356561171214],[26.11852237044738,41.82835891849835],[26.60093201864035,41.56093198451967],[26.2913258265165,40.93467903786075],[26.053721074421475,40.82296905278103]]]]}},{"type":"Feature","id":"GRL","properties":{"name":"Greenland"},"geometry":{"type":"Polygon","coordinates":[[[-46.761335226704546,82.6295846810936],[-43.40606812136244,83.22537126818534],[-39.899597991959865,83.18136430436607],[-38.625172503450074,83.5503457702354],[-35.08990179803598,83.64512999999997],[-27.09774195483911,83.51987941066818],[-20.848016960339237,82.72775406192122],[-22.69125382507653,82.34184684073679],[-26.51453029060582,82.29783987691752],[-31.900238004760126,82.19967049608991],[-31.396227924558502,82.02025748974978],[-27.853757075141516,82.13196747482948],[-24.844096881937645,81.78668206640131],[-22.900058001160033,82.09473081313624],[-22.072041440828826,81.73590480045598],[-23.166463329266605,81.15365881761633],[-20.624812496249945,81.52602543454867],[-15.764715294305915,81.9119326557331],[-12.769455389107804,81.71897904514088],[-12.20784415688317,81.2924500112002],[-16.28312566251327,80.58156828796575],[-16.8519370387408,80.3513780156803],[-20.04880097601955,80.1787353114662],[-17.730354607092153,80.1279580455209],[-18.89677793555873,79.40015056697132],[-19.703194063881284,78.75020156287124],[-19.674393487869764,77.63987201420025],[-18.4719694393888,76.98653785903716],[-20.03440068801379,76.9459160462809],[-21.676033520670444,76.6277118463569],[-19.832796655933123,76.0996282805256],[-19.602392047840965,75.24995536370724],[-20.668013360267224,75.15517113394264],[-19.371987439748807,74.29534276393525],[-21.59683193663875,74.22425459161181],[-20.437608752175066,73.81803646404927],[-20.761615232304678,73.46598075349505],[-22.172843456869145,73.31026380459608],[-23.562471249425016,73.30687865353306],[-22.30964619292388,72.62984844092881],[-22.302446048920984,72.18300850060999],[-24.275285505710144,72.5993820813616],[-24.7936958739175,72.32856999631991],[-23.440068801376043,72.08145396871936],[-22.129642592851866,71.4687416263125],[-21.75523510470211,70.66307567331344],[-23.533670673413496,70.47012206272123],[-24.304086081721664,70.85602928390566],[-25.542510850217013,71.43150496461928],[-25.20410408208167,70.75108960095199],[-26.363327266545355,70.22639118618369],[-23.72807456149124,70.18238422236442],[-22.345646912938264,70.12822180535608],[-25.031300626012552,69.25823798215961],[-27.74575491509833,68.46949778447566],[-30.67621352427051,68.1242123760475],[-31.777835556711153,68.12082722498448],[-32.807456149123,67.73492000380006],[-34.204284085681735,66.67875287213744],[-36.349926998539985,65.97802660209203],[-37.04114082281646,65.93740478933577],[-38.37316746334929,65.69367391279823],[-39.813196263925306,65.46009848944976],[-40.67001340026803,64.84061584491687],[-40.68441368827379,64.13988957487149],[-41.18842376847539,63.48317026864535],[-42.82285645712915,62.68088946670932],[-42.41964839296787,61.90230472221444],[-42.86605732114643,61.0729427117742],[-43.37726754535092,60.0980192056241],[-44.788495769915414,60.0370864864897],[-46.264525290505816,60.85290789267785],[-48.266165323306495,60.85967819480388],[-49.23098461969241,61.40807266701333],[-49.900598011960255,62.382996173163434],[-51.635832716654335,63.62534661329224],[-52.13984279685596,64.27868076845536],[-52.27664553291068,65.175745800156],[-53.65907318146364,66.0998920403608],[-53.29906598131964,66.83785497209942],[-53.96867937358749,67.18991068265365],[-52.98225964519291,68.35778779939596],[-51.477429548590976,68.7301544163283],[-51.081421628432594,69.14652799707991],[-50.87261745234906,69.92849789263784],[-52.010240204804106,69.57644218208361],[-52.557451149022995,69.4274955353107],[-53.457469149383,69.28193403960077],[-54.681493629872605,69.61029369271384],[-54.75349506990142,70.2907090563811],[-54.35748714974301,70.82217777327546],[-53.42866857337148,70.83571837752754],[-51.39102782055642,70.56829144354884],[-53.111862237244765,71.20469984339684],[-54.00468009360189,71.54660010076199],[-54.99829996599934,71.40780890717812],[-55.833516670333424,71.65492493477868],[-54.71749434988702,72.58584147710951],[-55.329506590131814,72.95820809404185],[-56.12152243044862,73.64877891089819],[-57.3239464789296,74.71171634468686],[-58.59837196743936,75.09762356587129],[-58.5839716794336,75.51738229768594],[-61.26962539250786,76.10301343158861],[-63.39366787335749,76.17410160391205],[-66.06492129842599,76.13347979115579],[-68.50577011540233,76.06239161883235],[-69.66499329986601,76.38059581875635],[-71.4002280045601,77.01023391647831],[-68.77937558751177,77.32166781427625],[-66.76333526670534,77.3758302312846],[-71.0402208044161,77.63648686313724],[-73.29386587731756,78.0427049906998],[-73.15706314126284,78.43199736294724],[-69.37698753975081,78.91268881389627],[-65.71211424228485,79.39338026484526],[-65.32330646612934,79.75897657965157],[-68.02336046720936,80.11780259233183],[-67.15214304286087,80.51725041776834],[-63.688873777475564,81.2145915367507],[-62.23444468889379,81.31953121970437],[-62.65205304106084,81.76975631108621],[-60.2832056641133,82.03379809400187],[-57.208744174883506,82.18951504290084],[-54.13428268565373,82.19967049608991],[-53.039860797215965,81.88823659829194],[-50.39020780415609,82.4400162215644],[-48.00696013920279,82.06426445356905],[-46.60293205864119,81.98640597911955],[-44.52209044180884,81.66143147706953],[-46.89813796275928,82.19967049608991],[-46.761335226704546,82.6295846810936]]]}},{"type":"Feature","id":"GTM","properties":{"name":"Guatemala"},"geometry":{"type":"Polygon","coordinates":[[[-90.09900198003962,13.734990246484912],[-90.61021220424409,13.911018101762025],[-91.22942458849178,13.927943857077125],[-91.6902338046761,14.12766776979538],[-92.2302446048921,14.537271048420962],[-92.20144402888059,14.831779190903802],[-92.08624172483451,15.065354614252271],[-92.2302446048921,15.251537922718441],[-91.74783495669915,16.067359328906562],[-90.4662093241865,16.07074447996959],[-90.43740874817497,16.409259586271716],[-90.60301206024121,16.4701923054061],[-90.71101422028441,16.686841973439456],[-91.0782215644313,16.917032245724897],[-91.45262905258106,17.25216220096401],[-90.99901998039962,17.255547352027023],[-90.99901998039962,17.81748242848856],[-90.0702014040281,17.820867579551575],[-89.14138282765656,17.80732697529949],[-89.14858297165944,17.015201626552525],[-89.22778455569113,15.887946322566435],[-88.93257865157304,15.887946322566435],[-88.60137202744056,15.705148165163294],[-88.514970299406,15.854094811936221],[-88.22696453929079,15.728844222604437],[-88.68057361147224,15.34632215248304],[-89.15578311566232,15.065354614252271],[-89.22778455569113,14.875786154723087],[-89.14858297165944,14.679447393067846],[-89.35018700374009,14.425561063341249],[-89.58779175583513,14.36124319314385],[-89.53739074781497,14.246148057001122],[-89.72459449188985,14.134438071921423],[-90.06300126002522,13.880551742194825],[-90.09900198003962,13.734990246484912]]]}},{"type":"Feature","id":"GUF","properties":{"name":"French Guiana"},"geometry":{"type":"Polygon","coordinates":[[[-54.52309046180925,2.3134905598511892],[-54.27108542170845,2.740019593791871],[-54.18468369367389,3.1936298362367097],[-54.01188023760477,3.62354402124042],[-54.40068801376029,4.2125603062061145],[-54.47988959779197,4.896360820936408],[-53.96147922958461,5.7561891909438145],[-53.61587231744636,5.64786435692713],[-52.88145762915259,5.410903782515646],[-51.82303646072924,4.564616016760326],[-51.65743314866299,4.155012738134758],[-52.24784495689916,3.2410219511190093],[-52.557451149022995,2.5030590193803732],[-52.93905878117563,2.123922100321991],[-53.4214684293686,2.052833927998549],[-53.55827116542332,2.3338014662293176],[-53.7814756295126,2.3778084300485887],[-54.09108182163645,2.106996345006891],[-54.52309046180925,2.3134905598511892]]]}},{"type":"Feature","id":"GUY","properties":{"name":"Guyana"},"geometry":{"type":"Polygon","coordinates":[[[-59.75759515190305,8.366140660533205],[-59.10238204764097,8.000544345726908],[-58.483169663393284,7.3472101905638],[-58.454369087381764,6.832667228984562],[-58.07996159923199,6.808971171543419],[-57.539950799016,6.321509418468352],[-57.14394287885759,5.97283885897717],[-57.30954619092384,5.072388676213507],[-57.914358287165754,4.81173204436088],[-57.856757135142715,4.578156621012411],[-58.04396087921759,4.060228508370159],[-57.60475209504192,3.3358061808836084],[-57.280745614912306,3.33242102982058],[-57.15114302286047,2.7704859533590565],[-56.53913078261567,1.900502130162593],[-56.78393567871359,1.8632654684693648],[-57.33834676693536,1.9478942450448926],[-57.66235324706496,1.683852462129238],[-58.11596231924639,1.5078246068521253],[-58.432768655373124,1.4638176430328542],[-58.54077081541632,1.2674788813776132],[-59.03038060761217,1.3182561473229413],[-59.64959299185985,1.7854069940198656],[-59.72159443188865,2.24917268965379],[-59.97359947198946,2.7535601980439566],[-59.815196303926086,3.606618265925306],[-59.54159083181665,3.958673976479517],[-59.76479529590593,4.422439672113427],[-60.11040220804418,4.574771469949383],[-59.98079961599234,5.01484110814215],[-60.2112042240845,5.245031380427591],[-60.73681473629473,5.20102441660832],[-61.41362827256546,5.959298254725084],[-61.14002280045602,6.23349549082981],[-61.16162323246466,6.69726118646372],[-60.542410848216974,6.856363286425719],[-60.297605952119056,7.042546594891888],[-60.63601272025441,7.414913211824228],[-60.549610992219854,7.780509526630524],[-59.75759515190305,8.366140660533205]]]}},{"type":"Feature","id":"HND","properties":{"name":"Honduras"},"geometry":{"type":"Polygon","coordinates":[[[-87.3197463949279,12.983486710494205],[-87.49254985099704,13.298305759355173],[-87.794955899118,13.382934535930701],[-87.7229544590892,13.78576751243024],[-87.85975719514391,13.89409234644691],[-88.06856137122743,13.965180518770367],[-88.50057001140024,13.846700231564625],[-88.54377087541752,13.978721123022453],[-88.84617692353848,14.141208374047466],[-89.054981099622,14.340932286765721],[-89.35018700374009,14.425561063341249],[-89.14858297165944,14.679447393067846],[-89.22778455569113,14.875786154723087],[-89.15578311566232,15.065354614252271],[-88.68057361147224,15.34632215248304],[-88.22696453929079,15.728844222604437],[-88.11896237924759,15.68822240984818],[-87.9029580591612,15.864250265125293],[-87.614952299046,15.877790869377378],[-87.52135042700856,15.796547243864865],[-87.37014740294806,15.847324509810178],[-86.90213804276087,15.755925431108608],[-86.44132882657654,15.783006639612779],[-86.11732234644694,15.894716624692478],[-86.00212004240086,16.006426609772177],[-85.68531370627413,15.952264192763849],[-85.44050881017621,15.884561171503421],[-85.18130362607253,15.908257228944564],[-84.98689973799478,15.99627115658312],[-84.52609052181045,15.85747996299925],[-84.36768735374709,15.833783905558093],[-84.06528130562613,15.647600597091923],[-83.77727554551092,15.424180626932525],[-83.41006820136404,15.27184882909657],[-83.14366287325748,14.99426644192883],[-83.48926978539572,15.014577348306958],[-83.62607252145044,14.879171305786102],[-83.97887957759156,14.750535565391303],[-84.23088461769237,14.747150414328274],[-84.44688893777877,14.62189982499649],[-84.6484929698594,14.66590678881576],[-84.82129642592852,14.818238586651717],[-84.92209844196886,14.791157378147545],[-85.0517010340207,14.550811652673048],[-85.14530290605813,14.560967105862105],[-85.16690333806677,14.354472891017807],[-85.51251025020501,14.08027565491308],[-85.69971399427989,13.958410216644324],[-85.80051601032022,13.836544778375554],[-86.0957219144383,14.039653842156838],[-86.3117262345247,13.772226908178155],[-86.52053041060822,13.778997210304198],[-86.75813516270327,13.75530115286304],[-86.73653473069463,13.26445424872496],[-86.88053761075223,13.254298795535902],[-87.00294005880119,13.024108523250447],[-87.3197463949279,12.983486710494205]]]}},{"type":"Feature","id":"HRV","properties":{"name":"Croatia"},"geometry":{"type":"Polygon","coordinates":[[[18.83197663953277,45.90746594943897],[19.06958139162782,45.52155872825455],[19.393587871757404,45.23720603896075],[19.004780095601888,44.861454270965396],[18.551171023420437,45.08148909006178],[17.859957199143963,45.067948485809694],[17.003140062801236,45.233820887897735],[16.535130702614026,45.21012483045661],[16.319126382527628,45.00363061561231],[15.959119182383631,45.233820887897735],[15.750315006300099,44.817447307146125],[16.239924798495935,44.35029646044919],[16.45592911858236,44.04224771371426],[16.916738334766677,43.66649594571891],[17.298345966919328,43.44646112662252],[17.672753455069085,43.03008754587091],[18.55837116742333,42.65095062681252],[18.450369007380118,42.47830792259845],[17.507150143002832,42.850674539530786],[16.931138622772437,43.20950055221104],[16.01672033440667,43.507393845756894],[15.174303486069704,44.2419716264325],[15.375907518150342,44.31644494981899],[14.922298445968892,44.739588832696626],[14.900698013960266,45.07471878793575],[14.259885197703937,45.233820887897735],[13.950279005580086,44.800521551831025],[13.655073101461994,45.13565150707012],[13.676673533470648,45.484322066561305],[13.712674253485034,45.50124782187643],[14.411088221764402,45.467396311246205],[14.59829196583928,45.633268713334246],[14.936698733974652,45.47078146230922],[15.325506510130168,45.45385570699412],[15.325506510130168,45.73143809416186],[15.671113422268434,45.832992626052516],[15.771915438308753,46.239210753615055],[16.563931278625546,46.50325253653071],[16.880737614752263,46.38138709826194],[17.629552591051805,45.95147291325824],[18.457569151383012,45.75851930266603],[18.83197663953277,45.90746594943897]]]}},{"type":"Feature","id":"HTI","properties":{"name":"Haiti"},"geometry":{"type":"Polygon","coordinates":[[[-71.70983419668394,19.713167023780457],[-71.62343246864938,19.168157702634034],[-71.70263405268106,18.785635632512637],[-71.947438948779,18.61637807936158],[-71.6882337646753,18.315099634752684],[-71.70983419668394,18.044287549710987],[-72.37224744494891,18.213545102862042],[-72.847456949139,18.145842081601614],[-73.45226904538092,18.21693025392507],[-73.92027840556813,18.0307469454589],[-74.46028920578412,18.342180843256855],[-74.36668733374668,18.663770194243867],[-73.45226904538092,18.524979000659997],[-72.69625392507851,18.44712052621051],[-72.33624672493451,18.667155345306895],[-72.78985579711595,19.10045468137362],[-72.78265565311307,19.482976751495016],[-73.41626832536652,19.638693700394],[-73.19306386127724,19.91627608756174],[-72.58105162103243,19.872269123742456],[-71.70983419668394,19.713167023780457]]]}},{"type":"Feature","id":"HUN","properties":{"name":"Hungary"},"geometry":{"type":"Polygon","coordinates":[[[16.20392407848155,46.85192309602189],[16.535130702614026,47.49510179799594],[16.340726814536282,47.71175146602931],[16.902338046760917,47.71513661709233],[16.981539630792582,48.12473989571791],[17.485549710994206,47.86746841492828],[17.859957199143963,47.7591435809116],[18.695173903478036,47.88100901918037],[18.77437548750973,48.08073293189861],[19.177583551671006,48.11119929146582],[19.659993199863976,48.26691624036479],[19.76799535990716,48.20259837016738],[20.23600472009437,48.327848959499164],[20.473609472189423,48.56142438284763],[20.8048160963219,48.62235710198203],[21.87043740874816,48.321078657373135],[22.086441728834558,48.42263318926376],[22.640852817056327,48.15182110422208],[22.712854257085127,47.88100901918037],[22.100842016840318,47.671129653273056],[21.625632512650242,46.994099440668805],[21.0208204164083,46.317069228064554],[20.22160443208861,46.127500768535356],[19.595191903838042,46.17150773235463],[18.83197663953277,45.90746594943897],[18.457569151383012,45.75851930266603],[17.629552591051805,45.95147291325824],[16.880737614752263,46.38138709826194],[16.563931278625546,46.50325253653071],[16.369527390547802,46.84176764283285],[16.20392407848155,46.85192309602189]]]}},{"type":"Feature","id":"IDN","properties":{"name":"Indonesia"},"geometry":{"type":"MultiPolygon","coordinates":[[[[120.7140142802856,-10.238649581831652],[120.29640592811853,-10.258960488209766],[118.9643792875857,-9.558234218164372],[119.90039800796012,-9.361895456509146],[120.42600852017034,-9.666559052181057],[120.7788155763115,-9.971222647852969],[120.7140142802856,-10.238649581831652]]],[[[124.96929938598771,-8.891359458749179],[125.070101402028,-9.091083371467434],[125.09170183403666,-9.392361816076331],[124.43648872977457,-10.140480201004024],[123.57967159343184,-10.360515020100408],[123.4572691453829,-10.238649581831652],[123.55087101742032,-9.900134475529512],[123.98287965759312,-9.29080728418569],[124.96929938598771,-8.891359458749179]]],[[[117.89875797515947,-8.095848958939186],[118.2587651753035,-8.36327589291787],[118.87797755955114,-8.282032267405356],[119.12998259965195,-8.705176150283009],[117.9707594151883,-8.908285214064293],[117.27954559091177,-9.04030610552212],[116.73953479069576,-9.033535803396077],[117.08514170283405,-8.458060122682468],[117.63235264705293,-8.447904669493397],[117.89875797515947,-8.095848958939186]]],[[[122.9028580571611,-8.095848958939186],[122.7588551771035,-8.65101373327468],[121.25402508050155,-8.931981271505435],[119.92199843996877,-8.81011583323668],[119.92199843996877,-8.444519518430383],[120.7140142802856,-8.238025303586085],[121.34042680853611,-8.535918597131953],[122.01004020080399,-8.461445273745483],[122.9028580571611,-8.095848958939186]]],[[[108.62497249944994,-6.7790251954239125],[110.54021080421603,-6.87719457625154],[110.75621512430246,-6.464206146562944],[112.61385227704551,-6.944897597511954],[112.9810596211924,-7.594846601612048],[114.47868957379143,-7.777644759015189],[115.70271405428105,-8.370046195043912],[114.56509130182599,-8.752568265165309],[113.46346926938537,-8.349735288665784],[112.55625112502247,-8.376816497169955],[111.51943038860776,-8.302343173783484],[110.58341166823334,-8.122930167443357],[109.42418848376963,-7.740408097321961],[108.69697393947877,-7.642238716494333],[108.2793655873117,-7.767489305826132],[106.45052901058017,-7.354500876137536],[106.27772555451105,-6.924586691133825],[105.36330726614528,-6.850113367747369],[106.05452109042176,-5.8955007679753635],[107.26414528290564,-5.956433487109749],[108.0705614112282,-6.345725859357202],[108.48816976339526,-6.423584333806687],[108.62497249944994,-6.7790251954239125]]],[[[134.72549450989015,-6.2137049678993606],[134.2070841416828,-6.89412033156664],[134.11348226964537,-6.142616795575918],[134.29348586971736,-5.7837907828956645],[134.50229004580086,-5.445275676593539],[134.72549450989015,-5.736398668013365],[134.72549450989015,-6.2137049678993606]]],[[[127.25174503490064,-3.4581920026000574],[126.87733754675088,-3.78993680677614],[126.1861237224744,-3.607138649372999],[125.99171983439663,-3.177224464369303],[126.99973999479988,-3.1298323494870033],[127.25174503490064,-3.4581920026000574]]],[[[130.47020940418804,-3.092595687793761],[130.83741674833493,-3.857639828036568],[129.98779975599507,-3.444651398347972],[129.152583051661,-3.3634077728354725],[128.59097181943633,-3.427725643032872],[127.89975799515986,-3.393874132402658],[128.13736274725488,-2.8420945091301917],[129.36858737174742,-2.801472696373935],[130.47020940418804,-3.092595687793761]]],[[[140.9968199363987,-2.6017487836556796],[141.0184203684073,-5.858264106282135],[141.0328206564131,-9.118164579971605],[140.14000280005598,-8.295572871657441],[139.12478249564987,-8.095848958939186],[138.87997759955198,-8.380201648232969],[137.61275225504505,-8.410668007800169],[138.03756075121498,-7.598231752675062],[138.67117342346842,-7.320649365507322],[138.40476809536187,-6.234015874277489],[137.92955859117177,-5.394498410648225],[135.99271985439702,-4.5482106448929045],[135.16470329406587,-4.463581868317377],[133.65987319746392,-3.539435628112571],[133.3646672933458,-4.023512230124609],[132.98305966119318,-4.111526157763166],[132.7598551971039,-3.745929842956869],[132.75265505310102,-3.3126305068901445],[131.98943978879572,-2.8217836027520633],[133.06946138922774,-2.459572439008795],[133.78227564551287,-2.4798833453869236],[133.6958739174783,-2.2158415624712546],[132.23424468489367,-2.2124564114082403],[131.83823676473526,-1.616669824316503],[130.94541890837814,-1.4338716669133476],[130.5206104122082,-0.9362544606492236],[131.86703734074678,-0.6959087351747115],[132.37824756495127,-0.37093423312467166],[133.9838796775935,-0.7805375117502393],[134.1422828456569,-1.1529041286825787],[134.42308846176923,-2.767621185743721],[135.45990919818394,-3.366792923898487],[136.295125902518,-2.3072406411728394],[137.43994879897593,-1.704683751955045],[138.33276665533305,-1.7012986008920308],[139.1823836476729,-2.0499691603832133],[139.92399847996955,-2.408795173063467],[140.9968199363987,-2.6017487836556796]]],[[[125.24290485809712,1.419810679213569],[124.43648872977457,0.4279614177483495],[123.68767375347505,0.235007807156137],[122.72285445708911,0.4313465688113638],[121.05962119242383,0.38056930286604995],[120.18120362407245,0.2383929582191513],[120.04440088801772,-0.5198808798976131],[120.93721874437483,-1.4101756094722049],[121.47722954459084,-0.956565367027352],[123.34206684133682,-0.614665109662198],[123.25566511330226,-1.0750456542330937],[122.8236564731294,-0.9294841585231808],[122.39164783295661,-1.5185004434888754],[121.50603012060236,-1.9044076646733004],[122.45644912898257,-3.18737991755836],[122.26924538490766,-3.529280174923514],[123.1692633852677,-4.68361668741376],[123.16206324126478,-5.340335993639883],[122.62925258505169,-5.634844136122737],[122.23324466489328,-5.282788425568526],[122.72285445708911,-4.463581868317377],[121.73643472869452,-4.852874240564816],[121.49162983259663,-4.575291853397076],[121.62123242464844,-4.189384632212651],[120.90121802436045,-3.6037534983099704],[120.97321946438927,-2.628829992159851],[120.3036060721214,-2.930108436768748],[120.39000780015596,-4.09798555351108],[120.43320866417326,-5.529904453169067],[119.79959599191983,-5.6720807978159655],[119.36758735174698,-5.38095780639614],[119.65559311186223,-4.460196717254348],[119.49718994379884,-3.4954286642933],[119.07958159163178,-3.488658362167257],[118.76997539950793,-2.801472696373935],[119.18038360767213,-2.148138541210841],[119.32438648772973,-1.352628041400834],[119.82839656793135,0.1537641816436235],[120.03720074401485,0.5667526113322197],[120.88681773635471,1.30810069413387],[121.66443328866575,1.0135925516510298],[122.92445848916975,0.8748013580671454],[124.07648152963054,0.9154231708234022],[125.06290125802514,1.6432306493729811],[125.24290485809712,1.419810679213569]]],[[[128.69177383547668,1.1320728388567716],[128.63417268345364,0.2587038645972797],[128.12296245924915,0.35687324542489307],[127.96455929118576,-0.2524539459189299],[128.38216764335283,-0.7805375117502393],[128.1013620272405,-0.8990177989559953],[127.69815396307922,-0.2659945501710155],[127.40294805896116,1.0102074005880013],[127.59735194703893,1.8091030514610225],[127.93575871517425,2.174699366267319],[128.0005600112002,1.6296900451208955],[128.59097181943633,1.5416761174823392],[128.69177383547668,1.1320728388567716]]],[[[109.6617932358647,2.0054418131162493],[109.8273965479309,1.3385670537010697],[110.51141022820451,0.7732468261765177],[111.15942318846373,0.9763558899577873],[111.80023600472003,0.9052677176343451],[112.38344766895335,1.4096552260245119],[112.85865717314346,1.4976691536630682],[113.80907618152361,1.2167016154322994],[114.62269245384903,1.4299661324026403],[115.13390267805352,2.8212632193043703],[115.5155103102062,3.169933778795567],[115.8683173663473,4.307344535970714],[117.01314026280522,4.307344535970714],[117.88435768715368,4.138086982819644],[117.31554631092621,3.2342516489929665],[118.04996099921993,2.286409351347018],[117.87715754315082,1.8260288067761223],[118.99317986359722,0.9018825665713166],[117.81235624712491,0.7834022793655748],[117.4811496229924,0.10298691569830964],[117.52435048700971,-0.8042335691913962],[116.55953119062377,-1.48803408392169],[116.53073061461225,-2.483268496449938],[116.14912298245963,-4.013356776935552],[115.99791995839911,-3.6579159153183127],[114.86749734994697,-4.108141006700137],[114.47148942978856,-3.4954286642933],[113.75867517350343,-3.437881096221929],[113.25466509330181,-3.119676896297932],[112.06664133282663,-3.478502908978186],[111.70663413268261,-2.9944263069661474],[111.05142102842052,-3.0485887239744898],[110.22340446808931,-2.9334935878317623],[110.07220144402885,-1.592973766875346],[109.57539150783015,-1.3153913797076058],[109.09298185963718,-0.458948160763228],[108.95617912358244,0.4144208134962639],[109.07138142762852,1.341952204764084],[109.6617932358647,2.0054418131162493]]],[[[105.81691633832673,-5.851493804156092],[104.7080941618832,-5.871804710534221],[103.86567731354626,-5.035672397967971],[102.5840516810336,-4.21985099177985],[102.15924318486367,-3.6139089514990417],[101.39602792055837,-2.7980875453109206],[100.89921798435967,-2.0499691603832133],[100.14320286405723,-0.6519017713554405],[99.2647852957059,0.18423054121080895],[98.96957939158779,1.0440589112182153],[98.6023720474409,1.822643655713108],[97.70235404708092,2.4522817534350594],[97.17674353487064,3.308724972379437],[96.42072841456826,3.8672748977779463],[95.38390767815355,4.970834144322879],[95.29030580611607,5.47860680377606],[95.93831876637529,5.437984991019803],[97.48634972699449,5.245031380427591],[98.37196743934874,4.266722723214457],[99.1423828476569,3.589692510610206],[99.6967939358787,3.1733189298585813],[100.64001280025599,2.1002260428808484],[101.65523310466205,2.0833002875657343],[102.49764995299904,1.3994997728354406],[103.07366147322944,0.5599823092061769],[103.83687673753474,0.10298691569830964],[103.44086881737633,-0.7128344904898256],[104.00968019360386,-1.0581198989179939],[104.36968739374782,-1.085201107422165],[104.54249084981694,-1.7825422264045443],[104.88809776195518,-2.341092151803039],[105.62251245024896,-2.4291060794415955],[106.1121222424448,-3.0621293282265754],[105.86011720234399,-4.304479768355378],[105.81691633832673,-5.851493804156092]]]]}},{"type":"Feature","id":"IND","properties":{"name":"India"},"geometry":{"type":"Polygon","coordinates":[[[77.83715674313481,35.49474127958558],[78.90997819956397,34.32347901178022],[78.80917618352362,33.5076576055921],[79.21238424768495,32.99311464401286],[79.17638352767051,32.48534198455968],[78.45636912738252,32.61736287601751],[78.73717474349485,31.51718878053559],[79.72359447188938,30.884165531750625],[81.11322226444526,30.183439261705217],[80.47960959219182,29.729829019260364],[80.09080181603628,28.7955273258665],[81.05562111242222,28.41639040680812],[81.9988399767995,27.92554350267004],[83.30206604132081,27.363608426208515],[84.6772935458709,27.234972685813702],[85.25330506610129,26.727200026360507],[86.02372047440946,26.63241579659592],[87.22614452289042,26.398840373247452],[88.0613612272245,26.415766128562552],[88.17656353127057,26.81182880293605],[88.0397607952159,27.444852051721014],[88.11896237924753,27.87815138778774],[88.73097461949237,28.088030753695065],[88.81737634752693,27.2992905560111],[88.83897677953559,27.099566643292846],[89.74619492389843,26.720429724234478],[90.372607452149,26.876146673133448],[91.215024300486,26.80844365187302],[92.03584071681428,26.83891001144022],[92.10064201284024,27.451622353847057],[91.69743394867896,27.773211704834083],[92.50385007700152,27.898462294165867],[93.41106822136442,28.63981037696753],[94.5630912618252,29.276218776815526],[95.40550811016215,29.032487900277985],[96.11832236644727,29.452246632092624],[96.58633172663451,28.829378836496716],[96.24792495849914,28.409620104682077],[97.32794655893116,28.26067345790915],[97.39994799895993,27.881536538850767],[97.0543410868217,27.698738381447612],[97.13354267085339,27.082640887977746],[96.42072841456826,27.265439045380887],[95.12470249404987,26.57486822852455],[95.15350307006139,26.00277769887397],[94.60629212584246,25.163260235244692],[94.55589111782234,24.675798482169625],[94.10948218964376,23.849821622792447],[93.32466649332986,24.080011895077888],[93.28866577331542,23.044155669793383],[93.05826116522326,22.70225541242823],[93.16626332526647,22.279111529550576],[92.66945338906777,22.042150955139093],[92.14384287685749,23.626401652633035],[91.87023740474808,23.62301650157002],[91.70463409268183,22.986608101722027],[91.15742314846295,23.50453621436428],[91.4670293405868,24.073241592951845],[91.91343826876533,24.130789161023202],[92.37424748494965,24.977076926778523],[91.79823596471925,25.14633447992958],[90.86941738834776,25.132793875677507],[89.91899837996755,25.26819991819835],[89.83259665193299,25.965541037180728],[89.35738714774294,26.012933152063027],[88.56537130742612,26.446232488129752],[88.21256425128502,25.7692022755255],[88.93257865157301,25.237733558631163],[88.30616612332244,24.865366941698824],[88.08296165923315,24.50315577795554],[88.70217404348085,24.232343692913844],[88.52937058741173,23.629786803696064],[88.87497749954997,22.878283267705342],[89.0333806676133,22.055691559391178],[88.8893777875557,21.69009524458488],[88.2053641072821,21.703635848836967],[86.97413948278961,21.49714163399267],[87.03174063481265,20.74225294693892],[86.49892997859956,20.153236661973224],[85.05890117802352,19.479591600432002],[83.94287885757711,18.3015590305006],[83.18686373727473,17.671920932778647],[82.19324386487727,17.015201626552525],[82.19324386487727,16.558206233044643],[81.68923378467565,16.311090205444103],[80.78921578431567,15.952264192763849],[80.32840656813136,15.898101775755507],[80.02600052001037,15.136442786575714],[80.23480469609387,13.836544778375554],[80.28520570411405,13.007182767935348],[79.86039720794412,12.05595531922637],[79.86039720794412,10.3566094855897],[79.34198683973676,10.309217370707401],[78.88837776755531,9.547558381527622],[79.1907838156763,9.21581357735154],[78.27636552731053,8.931460888057757],[77.93795875917516,8.254430675453492],[77.54195083901675,7.966692835096694],[76.5915318306366,8.897609377427543],[76.13072261445228,10.299061917518344],[75.74911498229963,11.307836934298678],[75.3963079261585,11.781758083121645],[74.86349726994536,12.743140985019693],[74.61869237384744,13.992261727274538],[74.44588891777832,14.618514673933461],[73.53147062941255,15.989500854457077],[73.12106242124838,17.92919241356826],[72.81865637312742,19.20877951539029],[72.82585651713032,20.420663595951908],[72.63145262905255,21.35496528934577],[71.17702354047077,20.755793551191005],[70.47140942818854,20.877658989459775],[69.16098321966436,22.089543070021392],[69.64339286785733,22.45175423376466],[69.34818696373924,22.844431757075128],[68.1745634912698,23.69071952283045],[68.84417688353764,24.35759428224563],[71.04022080441607,24.35759428224563],[70.8458169163383,25.214037501190006],[70.28420568411366,25.7218101606432],[70.16900338006758,26.490239451949023],[69.51379027580549,26.940464543330847],[70.61541230824614,27.989861372867438],[71.77463549270982,27.912002898417953],[72.82585651713032,28.961399727954543],[73.45226904538089,29.97694504686092],[74.4242884857697,30.97894976151521],[74.40268805376104,31.693216635812703],[75.25950519010377,32.27207746758934],[74.45308906178121,32.766309522790436],[74.10748214964298,33.43995458433167],[73.74747494949895,34.31670870965418],[74.23708474169482,34.750008045720904],[75.7563151263025,34.50627716918336],[76.87233744674893,34.655223815956305],[77.83715674313481,35.49474127958558]]]}},{"type":"Feature","id":"IRL","properties":{"name":"Ireland"},"geometry":{"type":"Polygon","coordinates":[[[-6.195723914478322,53.86595609860194],[-6.030120602412069,53.15168922430448],[-6.7861357227144765,52.26139449472987],[-8.564571291425835,51.66899305870115],[-9.975799515990332,51.8213248565371],[-9.169383387667779,52.863951383947665],[-9.687793755875134,53.88288185391707],[-8.326966539330812,54.66485174947496],[-7.570951419028404,55.1320025961719],[-7.369347386947766,54.597148728214535],[-7.570951419028404,54.058909709194154],[-6.951739034780729,54.07245031344624],[-6.195723914478322,53.86595609860194]]]}},{"type":"Feature","id":"IRN","properties":{"name":"Iran"},"geometry":{"type":"Polygon","coordinates":[[[53.91827836556729,37.19747226428527],[54.803896077921536,37.39381102594051],[55.50951019020377,37.962516404528074],[56.17912358247162,37.9354351960239],[56.61833236664731,38.12161850449007],[57.33114662293244,38.0302194257885],[58.43276865537308,37.52244676633531],[59.23198463969277,37.414121932318636],[60.37680753615069,36.52721235380706],[61.125622512450235,36.48997569211383],[61.212024240484794,35.65045822848455],[60.801616032320624,34.404722637292735],[60.528010560211186,33.67691515874316],[60.96721934438685,33.52796851197023],[60.53521070421405,32.982959190823806],[60.86641732834653,32.184063539950785],[60.93841876837533,31.54765514010279],[61.70163403268063,31.37839758695172],[61.780835616712295,30.735218884977684],[60.87361747234942,29.827998400087992],[61.37042740854815,29.303299985319697],[61.77363547270943,28.700743096101903],[62.731254625092475,28.26067345790915],[62.7528550571011,27.380534181523615],[63.23526470529407,27.218046930498602],[63.314466289325765,26.757666385927706],[61.87443748874975,26.239738273285454],[61.50003000059999,25.078631458669165],[59.61359227184542,25.379909903278048],[58.526370527410535,25.610100175563502],[57.39594791895834,25.7387359159583],[56.97113942278844,26.96754575183502],[56.48872977459547,27.14357360711213],[55.72551451029017,26.964160600772004],[54.71749434988698,26.480083998759966],[53.49346986939736,26.81182880293605],[52.48544970899414,27.58025809424187],[51.52063041260823,27.864610783535653],[50.85101702034038,28.81583823224463],[50.116602332046625,30.14620260001199],[49.576591531830616,29.98710050004999],[48.94297885957715,30.315460153163045],[48.568571371427396,29.926167780915605],[48.01416028320563,30.4508661956839],[48.00696013920276,30.985720063641253],[47.68295365907315,30.985720063641253],[47.8485569711394,31.710142391127803],[47.33734674693491,32.46841622924457],[46.10612212244243,33.01681070145402],[45.414908298165926,33.96803815016298],[45.64531290625811,34.746622894657875],[46.14932298645971,35.09190830308604],[46.07732154643091,35.677539436988724],[45.42210844216882,35.97881788159762],[44.774095481909626,37.170391055781096],[44.22688453769072,37.972671857717145],[44.421288425768495,38.28072060445207],[44.11168223364464,39.428286814816275],[44.79569591391825,39.71263950411007],[44.95409908198161,39.336887736114704],[45.458109162183206,38.873122040480794],[46.142122842456814,38.74110114902297],[46.50213004260084,38.77156750859015],[47.68295365907315,39.50953044032879],[48.057361147222906,39.58061861265223],[48.352567051341,39.289495621232405],[48.01416028320563,38.79526356603131],[48.63337266745333,38.270565151263014],[48.88537770755411,38.32134241720833],[49.20218404368086,37.58337948546969],[50.145402908058145,37.37350011956238],[50.84381687633751,36.87249776223523],[52.262245244904875,36.69985505802114],[53.824676493529836,36.9638968409368],[53.91827836556729,37.19747226428527]]]}},{"type":"Feature","id":"IRQ","properties":{"name":"Iraq"},"geometry":{"type":"Polygon","coordinates":[[[48.568571371427396,29.926167780915605],[47.97095941918835,29.97694504686092],[47.3013460269205,30.058188672373433],[46.566931338626745,29.100190921538413],[44.70929418588369,29.178049395987912],[41.8868377367547,31.188829127422537],[40.39640792815854,31.88955539746793],[39.193983879677575,32.16036748250964],[38.7907758155163,33.37902186519729],[41.00842016840335,34.41826324154482],[41.382827656553104,35.62676217104341],[41.28922578451565,36.357954800656],[41.836436728734554,36.605070828256544],[42.347646952939044,37.23132377491548],[42.77965559311184,37.38365557275144],[43.938878777575525,37.25501983235664],[44.291685833716656,37.00113350263004],[44.774095481909626,37.170391055781096],[45.42210844216882,35.97881788159762],[46.07732154643091,35.677539436988724],[46.14932298645971,35.09190830308604],[45.64531290625811,34.746622894657875],[45.414908298165926,33.96803815016298],[46.10612212244243,33.01681070145402],[47.33734674693491,32.46841622924457],[47.8485569711394,31.710142391127803],[47.68295365907315,30.985720063641253],[48.00696013920276,30.985720063641253],[48.01416028320563,30.4508661956839],[48.568571371427396,29.926167780915605]]]}},{"type":"Feature","id":"ISL","properties":{"name":"Iceland"},"geometry":{"type":"Polygon","coordinates":[[[-14.511890237804778,66.45533290197801],[-14.742294845896936,65.80876904894097],[-13.611872237444771,65.12835368527368],[-14.907898157963189,64.36330954503089],[-17.795155903118086,63.67950903030058],[-18.65917318346368,63.49671087289744],[-19.969599391987856,63.642272368607365],[-22.76325526510533,63.96047656853136],[-21.776835536710763,64.40054620672413],[-23.9584791695834,64.8913931108622],[-22.187243744874905,65.08434672145441],[-22.230444608892185,65.37885486393725],[-24.32568651373029,65.61243028728572],[-23.648872977459575,66.2623792913858],[-22.13684273685476,66.41132593815874],[-20.57441148822977,65.73091057449147],[-19.05518110362209,66.27591989563788],[-17.795155903118086,65.99495235740713],[-16.167923358467192,66.52642107430145],[-14.511890237804778,66.45533290197801]]]}},{"type":"Feature","id":"ISR","properties":{"name":"Israel"},"geometry":{"type":"Polygon","coordinates":[[[35.72351447028939,32.70876195471908],[35.543510870217375,32.3939429058581],[35.18350367007338,32.53273409944198],[34.974699493989846,31.865859340026788],[35.22670453409066,31.75414935494709],[34.96749934998698,31.61535816136322],[34.9242984859697,31.354701529510578],[35.399507990159776,31.49010757203142],[35.42110842216843,31.10081519978398],[34.9242984859697,29.499638746974924],[34.26188523770472,31.219295486989722],[34.55709114182281,31.54765514010279],[34.48508970179401,31.605202708174147],[34.75149502990058,32.072353554871086],[34.95309906198122,32.82724224192482],[35.09710194203882,33.08112857165142],[35.12590251805034,33.091284024840476],[35.457109142182816,33.08789887377746],[35.55071101422027,33.26392672905456],[35.82431648632971,33.277467333306646],[35.83871677433547,32.86786405468108],[35.701914038280734,32.71553225684512],[35.72351447028939,32.70876195471908]]]}},{"type":"Feature","id":"ITA","properties":{"name":"Italy"},"geometry":{"type":"MultiPolygon","coordinates":[[[[15.51991039820794,38.22994333850676],[15.159903198063944,37.44458829188582],[15.311106222124408,37.13315439408787],[15.102302046040904,36.61861143250863],[14.331886637732737,36.99774835156701],[13.827876557531141,37.106073185583696],[12.431048620972405,37.61384584503689],[12.56785135702711,38.1250036555531],[13.741474829496553,38.033604576851516],[14.763895277905533,38.14531456193123],[15.51991039820794,38.22994333850676]]],[[[8.391767835356688,40.37951426352525],[8.16136322726453,40.95160479317585],[8.708574171483406,40.90082752723053],[9.212584251685001,41.20887627396546],[9.81019620392405,40.50137970179402],[9.666193323866452,39.177785636152706],[9.212584251685001,39.242103506350105],[8.809376187523725,38.90697355111101],[8.427768555371074,39.17101533402666],[8.391767835356688,40.37951426352525]]],[[[13.806276125522487,46.51002283865677],[13.698273965479274,46.01579078345566],[13.935878717574326,45.59264690057799],[13.143862877257533,45.73820839628792],[12.330246604932086,45.38276753467068],[12.380647612952231,44.88515032840655],[12.258245164903286,44.600797639112756],[12.589451789035763,44.09302497965959],[13.525470509410155,43.58863747126941],[14.02948058961178,42.762660611892215],[15.145502910058184,41.95360950783014],[15.923118462369217,41.96037980995618],[16.167923358467135,41.740344990859796],[15.887117742354832,41.54062107814154],[16.787135742714838,41.17840991439827],[17.521550431008592,40.877131469789376],[18.37836756735132,40.35581820608411],[18.479169583391638,40.16963489761794],[18.29196583931676,39.810808884937686],[17.73755475109499,40.277959731634624],[16.866337326746503,40.443832133722665],[16.448728974579467,39.79388312962257],[17.16874337486746,39.42490166375326],[17.05354107082138,38.90358840004798],[16.635932718654345,38.84265568091361],[16.10312206244123,37.98621246196923],[15.685513710274193,37.90835398751973],[15.685513710274193,38.21301758319164],[15.894317886357697,38.751256602212024],[16.110322206444096,38.964521119182365],[15.721514430288579,39.543381950959],[15.411908238164727,40.04776945934917],[15.001500030000585,40.173020048680954],[14.706294125882494,40.602934233684664],[14.058281165623299,40.785732391087805],[13.626272525450474,41.18856536758733],[12.884657693153855,41.252883237784744],[12.107042140842793,41.70310832916657],[11.192623852477027,42.356442484329676],[10.508610172203419,42.93191816504327],[10.199003980079567,43.92038227544549],[9.702194043880866,44.035477411588204],[8.888577771555418,44.367222215764286],[8.427768555371074,44.23181617324346],[7.851757035140679,43.768050477609535],[7.4341486829736425,43.69357715422308],[7.5493509870197215,44.12687649028979],[7.009340186803712,44.25551223068459],[6.750135002700034,45.02732667305344],[7.095741914838271,45.33199026872535],[6.8005360107201795,45.70774203672073],[6.843736874737459,45.9920947260145],[7.275745514910284,45.77544505798113],[7.758155163103254,45.822837172863444],[8.319766395327889,46.1647374302286],[8.492569851397008,46.005635330266585],[8.967779355587084,46.03610168983377],[9.183783675673482,46.438934666333324],[9.92539850797013,46.31368407700151],[10.36460729214582,46.482941630152595],[10.443808876177513,46.89254490877815],[11.048620972419428,46.750368564131264],[11.163823276465507,46.93993702366046],[12.150243004860073,47.115964878937575],[12.373447468949365,46.767294319446364],[13.806276125522487,46.51002283865677]]]]}},{"type":"Feature","id":"JAM","properties":{"name":"Jamaica"},"geometry":{"type":"Polygon","coordinates":[[[-77.57075141502831,18.491127490029783],[-76.89393787875758,18.399728411328212],[-76.36832736654735,18.1593826858537],[-76.2027240544811,17.885185449748988],[-76.90113802276046,17.868259694433874],[-77.20354407088143,17.702387292345833],[-77.76515530310607,17.86148939230783],[-78.34116682333648,18.227085707114128],[-78.21876437528752,18.453890828336554],[-77.79395587911759,18.524979000659997],[-77.57075141502831,18.491127490029783]]]}},{"type":"Feature","id":"JOR","properties":{"name":"Jordan"},"geometry":{"type":"Polygon","coordinates":[[[35.543510870217375,32.3939429058581],[35.72351447028939,32.70876195471908],[36.8323366467329,32.3126992803456],[38.7907758155163,33.37902186519729],[39.193983879677575,32.16036748250964],[39.006780135602696,32.0114208357367],[37.005140102802045,31.507033327346534],[37.99875997519948,30.508413763755257],[37.667553351067,30.3391562106042],[37.50195003900075,30.00402625536509],[36.73873477469547,29.86523506178122],[36.50113002260042,29.506409049100967],[36.069121382427625,29.198360302366027],[34.95309906198122,29.35746240232804],[34.9242984859697,29.499638746974924],[35.42110842216843,31.10081519978398],[35.399507990159776,31.49010757203142],[35.543510870217375,31.78123056345126],[35.543510870217375,32.3939429058581]]]}},{"type":"Feature","id":"JPN","properties":{"name":"Japan"},"geometry":{"type":"MultiPolygon","coordinates":[[[[134.6390927818556,34.15083630756614],[134.76869537390746,33.80555089913797],[134.19988399767993,33.19960885885716],[133.78947578951573,33.52119820984419],[133.27826556531124,33.29100793755873],[133.0118602372047,32.705376803656065],[132.36384727694548,32.98972949294985],[132.3710474209484,33.463650641772816],[132.92545850917014,34.05943722886457],[133.49426988539767,33.94434209272184],[133.9046780935618,34.36410082453648],[134.6390927818556,34.15083630756614]]],[[[140.97521950439005,37.143309847276925],[140.6008120162403,36.34441419640392],[140.77361547230942,35.843411839076765],[140.25520510410206,35.13930041796834],[138.9735794715894,34.66876442020839],[137.21674433488664,34.607831701074005],[135.79111582231639,33.463650641772816],[135.12150243004857,33.84955786295724],[135.07830156603126,34.59767624788495],[133.3430668613372,34.374256277725536],[132.15504310086197,33.90372027996558],[130.9886197723954,33.88679452465048],[131.99663993279864,33.14883159291185],[131.33422668453363,31.449485759275177],[130.68621372427447,31.029727027460538],[130.2038040760815,31.419019399707977],[130.4486089721794,32.31946958247164],[129.81499629992595,32.610592573891466],[129.41178823576467,33.29439308862176],[130.35500710014196,33.605826986419714],[130.88061761235224,34.23207993307865],[131.88143762875256,34.750008045720904],[132.6158523170463,35.4338085604512],[134.61029220584408,35.731701853997066],[135.6759135182703,35.52859279021578],[136.7271345426908,37.30579709830195],[137.38954779095576,36.828490798415956],[138.85837716754332,37.82711036200722],[139.42718854377085,38.21640273425467],[140.05360107202142,39.438442268005346],[139.8807976159523,40.56231242092841],[140.30560611212218,41.19533566971337],[141.37122742454847,41.37813382711653],[141.91123822476447,39.99022189127781],[141.88243764875295,39.181170787215734],[140.96081921638427,38.17239577043539],[140.97521950439005,37.143309847276925]]],[[[143.91287825756513,44.174268605172074],[144.61129222584447,43.96100408820175],[145.3241064821296,44.384147971079415],[145.54011080221602,43.26366296921938],[144.05688113762272,42.989465733114656],[143.1856637132742,41.994231320586394],[141.6088321766435,42.67803183531669],[141.06882137642748,41.584628041960826],[139.95279905598107,41.57108743770874],[139.81599631992634,42.562936699173974],[140.3128062561251,43.334751141542824],[141.37842756855133,43.38891355855117],[141.6736334726694,44.773440343326854],[141.9688393767875,45.55202508782173],[143.14246284925696,44.5093985604112],[143.91287825756513,44.174268605172074]]]]}},{"type":"Feature","id":"KAZ","properties":{"name":"Kazakhstan"},"geometry":{"type":"Polygon","coordinates":[[[70.96101922038437,42.26504340562809],[70.39220784415684,42.08224524822495],[69.06738134762693,41.38490412924257],[68.63537270745411,40.66725210388206],[68.26096521930435,40.663866952819035],[67.98735974719492,41.134402950579],[66.71293425868515,41.1682544612092],[66.51133022660451,41.98746101846035],[66.02172043440865,41.994231320586394],[66.10092201844034,42.996236035240685],[64.89849796995938,43.72742866485328],[63.184863697273926,43.64957019040378],[62.01124022480448,43.50400869469388],[61.0608212164243,44.40445887745753],[60.24000480009599,44.783595796515925],[58.69197383947676,45.50124782187643],[58.50477009540188,45.58587659845196],[55.927118542370806,44.99686031348625],[55.970319406388114,41.307045654793086],[55.45190903818073,41.259653539910786],[54.75349506990136,42.04500858653171],[54.07668153363065,42.32259097369946],[52.94625892517848,42.116096758855164],[52.49984999699993,41.78435195467908],[52.44944898897975,42.02808283121661],[52.69425388507767,42.44445641196822],[52.49984999699993,42.7931269714594],[51.340626812536215,43.13164207776154],[50.89421788435766,44.03209226052519],[50.33980679613589,44.28259343918876],[50.303806076121504,44.61095309230183],[51.27582551651031,44.51616886253723],[51.31902638052759,45.24736149214982],[52.16864337286742,45.40984874317485],[53.03986079721591,45.25751694533889],[53.21986439728792,46.23582560255204],[53.03986079721591,46.85192309602189],[52.03904078081558,46.80453098113961],[51.18942378847575,47.04826185767715],[50.03740074801493,46.60819221948438],[49.10138202764054,46.39831285357707],[48.59017180343605,46.560800104602066],[48.698173963479235,47.07534306618132],[48.057361147222906,47.7422178255965],[47.31574631492626,47.71513661709233],[46.466129322586426,48.39555198075959],[47.04214084281682,49.15044066781334],[46.75413508270162,49.35693488265764],[47.546150923018445,50.453723827076516],[48.57577151543029,49.87486299529988],[48.70537410748213,50.60605562491247],[50.76461529230582,51.692689116142304],[52.32704654093078,51.719770324646476],[54.5302906058121,51.025814356727125],[55.7183143662873,50.6229813802276],[56.77673553471067,51.042740112042225],[58.36076721534428,51.06305101842034],[59.64239284785694,50.5451229057781],[59.93039860797214,50.84301619932398],[61.33442668853374,50.799009235504684],[61.58643172863455,51.27293038432768],[59.96639932798652,51.96011605012097],[60.92401848036957,52.447577803196054],[60.73681473629469,52.71838988823774],[61.70163403268063,52.97904652009038],[60.98161963239261,53.6662321858837],[61.43522870457406,54.00474729218584],[65.17930358607168,54.35341785167702],[65.66891337826755,54.60053387927758],[68.16736334726693,54.969515345146874],[69.06738134762693,55.38588892589851],[70.86741734834695,55.169239257865144],[71.17702354047077,54.13338303258064],[72.22104442088838,54.37711390911815],[73.50987019740393,54.035213651753025],[73.42346846936937,53.49020433060659],[74.38828776575528,53.547751898677944],[76.89393787875753,54.49220904526089],[76.52673053461064,54.17738999639991],[77.80115602312043,53.40557555403106],[80.03320066401324,50.8633271057021],[80.56601132022638,51.38802552047039],[81.94843896877933,50.81254983975677],[83.38126762535245,51.069821320546396],[83.93567871357425,50.89040831420627],[84.41808836176722,50.31154748242963],[85.11650233004656,50.11859387183742],[85.54131082621649,49.69206483789674],[86.83013660273201,49.82747088041759],[87.36294725894516,49.214758538010756],[86.59973199463985,48.54788377859555],[85.77171543430865,48.45648469989399],[85.72131442628847,47.454479985239686],[85.16690333806673,47.00086974279483],[83.17966359327181,47.3292293959079],[82.45964919298382,45.53848448356965],[81.94843896877933,45.31844966447326],[79.96839936798733,44.91900183903675],[80.86841736834731,43.179034192643826],[80.17720354407084,42.918377560791214],[80.25640512810253,42.34967218220363],[79.64439288785775,42.495233677913546],[79.14038280765612,42.857444841656815],[77.65715314306283,42.95899937354744],[76.00112002240041,42.989465733114656],[75.63391267825352,42.87775574803496],[74.21548430968616,43.29751447984958],[73.64667293345863,43.091020265005284],[73.48826976539527,42.502003980039575],[71.84663693273862,42.84390423740473],[71.18422368447366,42.70511304382086],[70.96101922038437,42.26504340562809]]]}},{"type":"Feature","id":"KEN","properties":{"name":"Kenya"},"geometry":{"type":"Polygon","coordinates":[[[41.58443168863374,-1.6843728455769167],[40.886017720354374,-2.0838206710134273],[40.641212824256456,-2.500194251765052],[40.259605192103805,-2.5746675751515085],[40.1228024560491,-3.2787789962599305],[39.79879597591949,-3.6816119727594696],[39.604392087841745,-4.345101581111635],[39.20118402368044,-4.676846385287718],[37.76835536710732,-3.678226821696441],[37.69635392707852,-3.0959808388567893],[34.07468149362984,-1.0615050499810081],[33.90187803756072,-0.9497950649013092],[33.894677893557855,0.10975721782435244],[34.18268365367305,0.5159753453868916],[34.67229344586889,1.1760798026760426],[35.03950079001578,1.9072724322886359],[34.59309186183722,3.0548386426528396],[34.477889557791144,3.555840999979992],[34.00268005360104,4.249796967899343],[34.62189243784874,4.845583554991094],[35.29870597411946,5.505688012280231],[35.81711634232681,5.33981561019219],[35.81711634232681,4.7778805337306665],[36.155523110462184,4.449520880617598],[36.85393707874155,4.449520880617598],[38.12116242324845,3.599847963799263],[38.43796875937517,3.589692510610206],[38.668373367467325,3.616773719114377],[38.89157783155662,3.5016785829716497],[39.56119122382444,3.420434957459136],[39.85639712794253,3.840193689273775],[40.770815416308295,4.256567270025386],[41.17402348046957,3.91805216372326],[41.85803716074318,3.91805216372326],[40.97961959239183,2.784026557611142],[40.99401988039759,-0.8583959861997386],[41.58443168863374,-1.6843728455769167]]]}},{"type":"Feature","id":"KGZ","properties":{"name":"Kyrgyzstan"},"geometry":{"type":"Polygon","coordinates":[[[70.96101922038437,42.26504340562809],[71.18422368447366,42.70511304382086],[71.84663693273862,42.84390423740473],[73.48826976539527,42.502003980039575],[73.64667293345863,43.091020265005284],[74.21548430968616,43.29751447984958],[75.63391267825352,42.87775574803496],[76.00112002240041,42.989465733114656],[77.65715314306283,42.95899937354744],[79.14038280765612,42.857444841656815],[79.64439288785775,42.495233677913546],[80.25640512810253,42.34967218220363],[80.1196023920478,42.12286706098121],[78.54277085541707,41.5812428908978],[78.18996379927597,41.185180216524316],[76.90113802276045,41.066699929318574],[76.52673053461064,40.42690637840755],[75.4683093661873,40.56231242092841],[74.7770955419108,40.365973659273166],[73.81947638952775,39.89543766151321],[73.96347926958535,39.65847708710173],[73.67547350947015,39.4316719658793],[71.78183563671271,39.27934016804335],[70.5506110122202,39.60431467009339],[69.46338926778532,39.5264561956439],[69.55699113982277,40.10193187635751],[70.65141302826055,39.93605947426947],[71.01142022840455,40.24410822100441],[71.77463549270982,40.14593884017678],[73.05626112522248,40.86697601660032],[71.86823736474727,41.391674431368614],[71.15542310846214,41.14455840376806],[70.42100842016836,41.52031017176341],[71.25622512450246,42.16687402480048],[70.96101922038437,42.26504340562809]]]}},{"type":"Feature","id":"KHM","properties":{"name":"Cambodia"},"geometry":{"type":"Polygon","coordinates":[[[102.5840516810336,12.187976210684198],[102.34644692893852,13.393089989119773],[102.98725974519488,14.225837150622993],[104.28328566571327,14.415405610152192],[105.21930438608769,14.273229265505293],[106.04732094641889,13.880551742194825],[106.49372987459748,14.571122559051176],[107.37934758695172,14.20214109318185],[107.61695233904675,13.535266333766657],[107.4945498909978,12.33692285745714],[105.80971619432387,11.568493566151318],[106.24892497849953,10.96255152587051],[105.19770395407903,10.888078202484039],[104.33368667373344,10.485245225984514],[103.49846996939937,10.634191872757441],[103.08806176123517,11.152119985399693],[102.5840516810336,12.187976210684198]]]}},{"type":"Feature","id":"KOR","properties":{"name":"South Korea"},"geometry":{"type":"Polygon","coordinates":[[[128.34616692333844,38.612465408628154],[129.21018420368404,37.431047687633736],[129.46218924378485,36.78448383459667],[129.46938938778771,35.63353247316945],[129.0877817556351,35.081752849896986],[128.18776375527506,34.888799239304774],[127.38854777095537,34.47581080961618],[126.48852977059539,34.39118203304065],[126.37332746654931,34.93619135418707],[126.56053121062416,35.68430973911477],[126.11412228244563,36.726936266525314],[126.86293725874515,36.892808668613355],[126.17172343446867,37.74925188755773],[126.23652473049458,37.840650966259304],[126.68293365867316,37.803414304566076],[127.07174143482865,38.25702454701093],[127.77735554711091,38.30441666189323],[128.20216404328085,38.36873453209063],[128.34616692333844,38.612465408628154]]]}},{"type":"Feature","id":"CS-KM","properties":{"name":"Kosovo"},"geometry":{"type":"Polygon","coordinates":[[[20.588811776235502,41.855440127002524],[20.52401048020957,42.217651290745806],[20.286405728114545,42.319205822636434],[20.070401408028147,42.590017907678146],[20.257605152103025,42.81343787783754],[20.49520990419805,42.884526050160986],[20.632012640252782,43.21627085433707],[20.812016240324795,43.27043327134541],[20.956019120382393,43.13164207776154],[21.14322286445727,43.06732420756413],[21.27282545650911,42.90822210760214],[21.438428768575335,42.86421514378287],[21.632832656653108,42.67803183531669],[21.776835536710706,42.6814169863797],[21.661633232664627,42.43768610984219],[21.54643092861855,42.319205822636434],[21.575231504630068,42.24473249924996],[21.352027040540776,42.207495837556735],[20.76161523230462,42.05177888865775],[20.71841436828734,41.84866982487648],[20.588811776235502,41.855440127002524]]]}},{"type":"Feature","id":"KWT","properties":{"name":"Kuwait"},"geometry":{"type":"Polygon","coordinates":[[[47.97095941918835,29.97694504686092],[48.17976359527188,29.533490257605138],[48.09336186723732,29.30668513638271],[48.41736834736693,28.551796449328975],[47.71175423508467,28.524715240824804],[47.459749194983885,29.0020215407108],[46.566931338626745,29.100190921538413],[47.3013460269205,30.058188672373433],[47.97095941918835,29.97694504686092]]]}},{"type":"Feature","id":"LAO","properties":{"name":"Laos"},"geometry":{"type":"Polygon","coordinates":[[[105.21930438608769,14.273229265505293],[105.54331086621727,14.723454356887132],[105.58651173023458,15.569742122642438],[104.78009560191202,16.44311109690193],[104.71529430588606,17.428190056241107],[103.95927918558368,18.240626311366213],[103.20326406528125,18.30832933262664],[103.00166003320061,17.963043924198473],[102.41124822496448,17.932577564631274],[102.11604232084636,18.108605419908386],[101.057621152423,17.51281883281665],[101.0360207204144,18.409883864517283],[101.28082561651229,19.462665845116888],[100.60401208024155,19.50667280893616],[100.5464109282185,20.109229698153953],[100.11440228804571,20.41727844488888],[100.33040660813214,20.786259910758204],[101.180023600472,21.436208914858284],[101.27362547250942,21.202633491509815],[101.80643612872257,21.175552283005644],[101.65523310466205,22.319733342306833],[102.1736434728694,22.465294838016746],[102.75685513710272,21.676554640332796],[103.20326406528125,20.765949004380076],[104.43448868977379,20.759178702254033],[104.82329646592927,19.88580972799454],[104.18248364967297,19.625153096141915],[103.89447788955778,19.26632708346166],[105.09690193803874,18.667155345306895],[105.92491849836995,17.485737624312478],[106.55853117062338,16.605598347926943],[107.31454629092576,15.908257228944564],[107.56655133102657,15.200760656773127],[107.37934758695172,14.20214109318185],[106.49372987459748,14.571122559051176],[106.04732094641889,13.880551742194825],[105.21930438608769,14.273229265505293]]]}},{"type":"Feature","id":"LBN","properties":{"name":"Lebanon"},"geometry":{"type":"Polygon","coordinates":[[[35.82431648632971,33.277467333306646],[35.55071101422027,33.26392672905456],[35.457109142182816,33.08789887377746],[35.12590251805034,33.091284024840476],[35.47870957419147,33.90710543102861],[35.982719654393065,34.611216852137034],[35.997119942398825,34.64506836276725],[36.450729014580276,34.59429109682192],[36.609132182643634,34.20161357351145],[36.069121382427625,33.8258618055161],[35.82431648632971,33.277467333306646]]]}},{"type":"Feature","id":"LBR","properties":{"name":"Liberia"},"geometry":{"type":"Polygon","coordinates":[[[-7.714954299086003,4.36489210404207],[-7.9741594831896805,4.354736650853013],[-9.003780075601526,4.832042950739009],[-9.910998219964426,5.5937019399187875],[-10.767815356307153,6.142096412128225],[-11.437428748575002,6.7852751141022765],[-11.19982399647995,7.106864465089288],[-11.149422988459776,7.397987456509114],[-10.695813916278354,7.939611626592523],[-10.227804556091144,8.406762473289461],[-10.019000380007611,8.427073379667576],[-9.752595051901068,8.542168515810303],[-9.334986699734003,7.929456173403452],[-9.399787995759937,7.526623196903927],[-9.205384107682164,7.313358679933586],[-8.92457849156986,7.309973528870572],[-8.722974459489222,7.7128065053700965],[-8.44216884337689,7.685725296865925],[-8.48536970739417,7.394602305446099],[-8.384567691353851,6.910525703434061],[-8.60057201144025,6.467070914178279],[-8.312566251325052,6.192873678073553],[-7.9957599151983345,6.1251706568131254],[-7.570951419028404,5.708797076061515],[-7.542150843016884,5.312734401688019],[-7.635752715054309,5.187483812356234],[-7.714954299086003,4.36489210404207]]]}},{"type":"Feature","id":"LBY","properties":{"name":"Libya"},"geometry":{"type":"Polygon","coordinates":[[[14.850297005940092,22.861357512390228],[14.144682893657858,22.492376046520917],[13.583071661433195,23.040770518730355],[11.99903998079958,23.470684703734065],[11.559831196623918,24.096937650392988],[10.767815356307096,24.564088497089926],[10.30700614012278,24.377905188623757],[9.946998939978783,24.936455114022266],[9.91099821996437,25.366369299025962],[9.320586411728215,26.09417677757554],[9.716594331886625,26.51055035832715],[9.630192603852066,27.140188456049103],[9.752595051901011,27.688582928258555],[9.680593611872212,28.145578321766422],[9.860597211944224,28.961399727954543],[9.802996059921185,29.425165423588453],[9.478989579791573,30.308689851037002],[9.968599371987409,30.538880123322457],[10.055001100021968,30.96202400620011],[9.946998939978783,31.375012435888706],[10.638212764255258,31.76091965707313],[10.947818956379109,32.08250900806014],[11.43022860457208,32.370246848416954],[11.487829756595119,33.138676139722776],[12.661453229064563,32.79339073129461],[13.086261725234493,32.87801950787015],[13.921478429568566,32.712147105782094],[15.246304926098503,32.2653071654633],[15.714314286285713,31.375012435888706],[16.61433228664572,31.182058825296494],[18.018360367207322,30.762300093481855],[19.08398167963358,30.268068038280745],[19.573591471829417,30.52533951907037],[20.056001120022387,30.985720063641253],[19.818396367927335,31.75076420388406],[20.135202704054052,32.23822595695913],[20.855217104342074,32.705376803656065],[21.54643092861855,32.844167997239936],[22.89285785715711,32.63767378239564],[23.238464769295376,32.19083384207683],[23.60567211344224,32.1874486910138],[23.92967859357185,32.01819113786274],[24.923298465969282,31.899710850657],[25.168103362067228,31.56796604648092],[24.800896017920337,31.090659746594923],[24.959299185983696,30.660745561591213],[24.700094001880018,30.044648068121347],[25.002500050000975,29.238982115122283],[25.002500050000975,25.681188347886945],[25.002500050000975,22.001529142382836],[25.002500050000975,20.004290015200297],[23.850477009540157,20.00090486413727],[23.836076721534397,19.58114613232263],[19.847196943938854,21.49375648292964],[15.858317166343312,23.40975198459968],[14.850297005940092,22.861357512390228]]]}},{"type":"Feature","id":"LKA","properties":{"name":"Sri Lanka"},"geometry":{"type":"Polygon","coordinates":[[[81.790035800716,7.5232380458409125],[81.63883277665548,6.480611518430351],[81.22122442448847,6.196258829136568],[80.35000700013995,5.969453707914141],[79.8747974959499,6.764964207724148],[79.69479389587786,8.200268258445163],[80.14840296805932,9.825140768695363],[80.83961679233579,9.269975994359882],[81.30762615252303,8.56586457325146],[81.790035800716,7.5232380458409125]]]}},{"type":"Feature","id":"LSO","properties":{"name":"Lesotho"},"geometry":{"type":"Polygon","coordinates":[[[28.976979539590758,-28.955149809276193],[29.322586451729023,-29.256428253885083],[29.020180403608038,-29.743890006960143],[28.84737694753892,-30.068864509010183],[28.29296585931715,-30.224581457909167],[28.10576211524227,-30.546170808896186],[27.75295505910117,-30.6443401897238],[26.99693993879876,-29.875910898417978],[27.529750595011876,-29.242887649632998],[28.07696153923075,-28.85021012632253],[28.54497089941796,-28.64710106254126],[28.976979539590758,-28.955149809276193]]]}},{"type":"Feature","id":"LTU","properties":{"name":"Lithuania"},"geometry":{"type":"Polygon","coordinates":[[[22.734454689093752,54.32633664317285],[22.648052961059193,54.58360812396245],[22.756055121102406,54.857805360067175],[22.316846336926716,55.01690746002919],[21.265625312506216,55.18955016424326],[21.056821136422712,56.03245277893555],[22.201644032880637,56.33711637460746],[23.879277585551677,56.272798504410076],[24.858497169943377,56.37096788523769],[25.002500050000975,56.16447367039339],[25.53531070621409,56.10015580019598],[26.492929858597137,55.61607919818394],[26.58653173063459,55.16585410680213],[25.76571531430625,54.84764990687813],[25.53531070621409,54.28232967935358],[24.448088961779206,53.9065779113582],[23.483269665393294,53.913348213484255],[23.245664913298242,54.22139696021918],[22.734454689093752,54.32633664317285]]]}},{"type":"Feature","id":"LUX","properties":{"name":"Luxembourg"},"geometry":{"type":"Polygon","coordinates":[[[6.0445208904178,50.12874932502649],[6.2461249224984385,49.90194420380405],[6.188523770475399,49.465259716674325],[5.900518010360173,49.44156365923317],[5.677313546270909,49.52957758687171],[5.785315706314094,50.09151266333325],[6.0445208904178,50.12874932502649]]]}},{"type":"Feature","id":"LVA","properties":{"name":"Latvia"},"geometry":{"type":"Polygon","coordinates":[[[21.056821136422712,56.03245277893555],[21.092821856437098,56.783956314926286],[21.582431648632962,57.41020926158521],[22.52565051301025,57.75210951895036],[23.31766635332704,57.007376285085684],[24.124082481649623,57.024302040400784],[24.3112862257245,57.79273133170662],[25.168103362067228,57.96875918698373],[25.600112002240024,57.84689374871496],[26.464129282585617,57.47791228284564],[27.28494569891396,57.47452713178262],[27.76735534710693,57.24433685949717],[27.853757075141488,56.76026025748513],[28.17776355527107,56.167858821456406],[27.104942098841946,55.78195160027198],[26.492929858597137,55.61607919818394],[25.53531070621409,56.10015580019598],[25.002500050000975,56.16447367039339],[24.858497169943377,56.37096788523769],[23.879277585551677,56.272798504410076],[22.201644032880637,56.33711637460746],[21.056821136422712,56.03245277893555]]]}},{"type":"Feature","id":"MAR","properties":{"name":"Morocco"},"geometry":{"type":"Polygon","coordinates":[[[-2.1708434168683652,35.16976677753554],[-1.7964359287186085,34.52658807556149],[-1.7316346326926748,33.9206460352807],[-1.3860277205544378,32.864478903618064],[-1.12682253645076,32.65121438664772],[-1.3068261365227443,32.26192201440027],[-2.6172523450469214,32.092664461249214],[-3.0708614172283717,31.72368299537989],[-3.6468729374587667,31.635669067741347],[-3.6900738014760464,30.89770613600271],[-4.856497129942625,30.501643461629214],[-5.245304906098141,30.000641104302076],[-6.058921178423589,29.733214170323393],[-7.059741194823914,29.580882372487437],[-8.672573451469049,28.8429194407488],[-8.665373307466183,27.658116568691355],[-8.816576331526647,27.658116568691355],[-8.794975899518022,27.119877549670974],[-9.414188283765696,27.08941119010379],[-9.738194763895308,26.862606068881362],[-10.19180383607673,26.862606068881362],[-10.551811036220755,26.991241809276175],[-11.394227884557722,26.88291697525949],[-11.718234364687305,26.104332230764598],[-12.027840556811157,26.029858907378127],[-12.503050061001233,24.770582711934225],[-13.892677853557103,23.69071952283045],[-14.22388447768958,22.309577889117776],[-14.634292685853723,21.859352797735937],[-14.74949498989983,21.500526785055683],[-17.003140062801265,21.419283159543184],[-17.017540350807025,21.4226683106062],[-16.974339486789745,21.88643400624011],[-16.592731854637123,22.157246091281806],[-16.261525230504617,22.678559354987087],[-16.32632652653055,23.017074461289212],[-15.980719614392314,23.724571033460663],[-15.426308526170544,24.35759428224563],[-15.087901758035173,24.520081533270655],[-14.82149642992863,25.102327516110307],[-14.799895997919975,25.637181384067674],[-14.439888797775978,26.25327887753754],[-13.77027540550813,26.618875192343836],[-13.136662733254695,27.641190813376255],[-13.122262445248936,27.65473141762834],[-12.618252365047312,28.037253487749737],[-11.689433788675785,28.148963472829436],[-10.897417948358992,28.832763987559744],[-10.400608012160262,29.100190921538413],[-9.56539130782619,29.93293808304165],[-9.817396347926973,31.178673674233465],[-9.435788715774322,32.03850204424087],[-9.298985979719617,32.56320045900917],[-8.658173163463289,33.24023067161342],[-7.657353147062963,33.697226065121285],[-6.915738314766315,34.11021449480988],[-6.246124922498467,35.146070720094386],[-5.92931858637175,35.75878306250124],[-5.194903898077968,35.75539791143821],[-4.590091801836053,35.332254028560556],[-3.639672793455901,35.39995704982098],[-2.6028520570411615,35.1799222307246],[-2.1708434168683652,35.16976677753554]]]}},{"type":"Feature","id":"MDA","properties":{"name":"Moldova"},"geometry":{"type":"Polygon","coordinates":[[[26.622532450648976,48.21952412548248],[26.860137202744028,48.36847077225542],[27.52255045100901,48.466640153083034],[28.256965139302764,48.155206255285094],[28.667373347466935,48.11796959359185],[29.120982419648357,47.85054265961318],[29.048980979619557,47.50864240224803],[29.41618832376645,47.346155151223],[29.560191203824047,46.92978157047139],[29.905798115962284,46.67589524074481],[29.84099681993638,46.526948593971866],[30.028200564011257,46.42539406208124],[29.761795235904685,46.350920738694754],[29.17138342766853,46.378001947198925],[29.07058141162821,46.516793140782795],[28.86177723554468,46.438934666333324],[28.93377867557348,46.2595216599932],[28.66017320346404,45.94131746006917],[28.487369747394922,45.596032051641004],[28.23536470729411,45.48770721762435],[28.055361107222126,45.944702611132215],[28.16336326726531,46.371231645072896],[28.127362547250925,46.811301283265635],[27.55135102702053,47.40370271929436],[27.234544690893784,47.826846602172026],[26.92493849876996,48.12473989571791],[26.622532450648976,48.21952412548248]]]}},{"type":"Feature","id":"MDG","properties":{"name":"Madagascar"},"geometry":{"type":"Polygon","coordinates":[[[49.5405908118162,-12.46946413236266],[49.806996139922774,-12.895993166303327],[50.059001180023586,-13.556097623592478],[50.217404348086944,-14.757826250965024],[50.47660953219062,-15.224977097661963],[50.3758075161503,-15.705668548610987],[50.203004060081184,-16.000176691093827],[49.85739714794292,-15.414545557191147],[49.67019340386804,-15.709053699674001],[49.86459729194581,-16.45040178247565],[49.77099541990836,-16.87354566535332],[49.49738994779892,-17.10712108870179],[49.43258865177302,-17.953408854457095],[49.04378087561747,-19.117900820136413],[48.54697093941877,-20.495657302786057],[47.92775855517107,-22.391341898077968],[47.546150923018445,-23.782638984979705],[47.092541850836994,-24.94036064853298],[46.27892557851155,-25.177321222944464],[45.40770815416306,-25.600465105822124],[44.831696633932665,-25.346578776095527],[44.039680793615844,-24.987752763415273],[43.766075321506406,-24.459669197583956],[43.70127402548047,-23.572759619072386],[43.34846696933937,-22.777249119262393],[43.254865097301916,-22.056211942838864],[43.43486869737393,-21.335174766415335],[43.895677913558245,-21.16253206220125],[43.895677913558245,-20.83078725802517],[44.37088741774832,-20.072513419908404],[44.464489289785774,-19.43610502006041],[44.234084681693616,-18.96218387123743],[44.039680793615844,-18.332545773515477],[43.96047920958418,-17.40839953331067],[44.31328626572528,-16.849849607912162],[44.450089001780015,-16.216826359127197],[44.946898937978744,-16.179589697433954],[45.501310026200485,-15.973095482589656],[45.87571751435027,-15.79368247624953],[46.31492629852593,-15.780141871997444],[46.88373767475346,-15.211436493409877],[47.7045540910818,-14.595338999940012],[48.00696013920276,-14.090951491549845],[47.87015740314803,-13.664422457609163],[48.29496589931796,-13.782902744814905],[48.84217684353683,-13.08894677689554],[48.86377727554549,-12.48638988767776],[49.194983899677965,-12.03954994735895],[49.5405908118162,-12.46946413236266]]]}},{"type":"Feature","id":"MEX","properties":{"name":"Mexico"},"geometry":{"type":"Polygon","coordinates":[[[-97.14074281485631,25.87075680741613],[-97.52955059101183,24.99061753103061],[-97.70235404708095,24.2729655056701],[-97.77435548710976,22.932445684713684],[-97.87515750315008,22.444983931638617],[-97.70235404708095,21.899974610492194],[-97.38554771095423,21.41251285741714],[-97.19114382287647,20.63392811292225],[-96.5287305746115,19.892580030120584],[-96.29112582251646,19.320489500470003],[-95.90231804636093,18.829642596331908],[-94.83669673393469,18.56221566235324],[-94.42628852577053,18.145842081601614],[-93.54787095741916,18.42342446876937],[-92.78465569311388,18.524979000659997],[-92.03584071681435,18.704392007000123],[-91.40942818856378,18.877034711214208],[-90.76861537230745,19.28325283877676],[-90.53101062021241,19.86888397267944],[-90.45180903618073,20.70840143630872],[-90.27900558011162,20.999524427728545],[-89.60219204384089,21.260181059581186],[-88.54377087541752,21.49375648292964],[-87.65815316306328,21.459904972299427],[-87.05334106682135,21.54453374887497],[-86.80853617072343,21.331269231904628],[-86.84453689073783,20.850577780955604],[-87.38454769095382,20.254791193863866],[-87.62215244304888,19.645464002520043],[-87.434948698974,19.47282129830596],[-87.58615172303448,19.039521962239235],[-87.83815676313527,18.260937217744342],[-88.09016180323607,18.518208698533954],[-88.2989659793196,18.501282943218854],[-88.49336986739736,18.48774233896677],[-88.84617692353848,17.88180029868596],[-89.03338066761336,18.0002805858917],[-89.14858297165944,17.95627362207243],[-89.14138282765656,17.80732697529949],[-90.0702014040281,17.820867579551575],[-90.99901998039962,17.81748242848856],[-90.99901998039962,17.255547352027023],[-91.45262905258106,17.25216220096401],[-91.0782215644313,16.917032245724897],[-90.71101422028441,16.686841973439456],[-90.60301206024121,16.4701923054061],[-90.43740874817497,16.409259586271716],[-90.4662093241865,16.07074447996959],[-91.74783495669915,16.067359328906562],[-92.2302446048921,15.251537922718441],[-92.08624172483451,15.065354614252271],[-92.20144402888059,14.831779190903802],[-92.2302446048921,14.537271048420962],[-93.36066721334427,15.613749086461723],[-93.87187743754876,15.938723588511763],[-94.69269385387709,16.19938022036439],[-95.24710494209886,16.128292048040947],[-96.05352107042143,15.752540280045594],[-96.55753115062302,15.654370899217966],[-97.26314526290527,15.918412682133635],[-98.0119602392048,16.10798114166282],[-98.9479789595792,16.564976535170686],[-99.69679393587873,16.707152879817585],[-100.8272165443309,17.170918575451495],[-101.66963339266786,17.64822487533749],[-101.92163843276866,17.915651809316174],[-102.47604952099043,17.97658452845056],[-103.4984699693994,18.291403577311527],[-103.91607832156645,18.74839897081941],[-104.98889977799557,19.317104349406975],[-105.49290985819717,19.946742447128926],[-105.73051461029222,20.434204200203993],[-105.39930798615973,20.532373581031607],[-105.50011000220005,20.81672627032539],[-105.26970539410789,21.07738290217803],[-105.26250525010501,21.4226683106062],[-105.60091201824038,21.86950825092501],[-105.69451389027782,22.26895607636152],[-106.0257205144103,22.773343584751686],[-106.91133822676454,23.768577997279934],[-107.91215824316487,24.55054789283784],[-108.40176803536072,25.17341568843375],[-109.25858517170344,25.579633815996303],[-109.44578891577832,25.823364692533843],[-109.29458589171784,26.442847337066723],[-109.79859597191944,26.676422760415193],[-110.38900778015561,27.16049936242723],[-110.6410128202564,27.86122563247264],[-111.18102362047242,27.942469257985152],[-111.75703514070283,28.467167672753448],[-112.22504450089002,28.9546294258285],[-112.2682453649073,29.266063323626454],[-112.80825616512331,30.020952010680205],[-113.16106322126443,30.785996150922998],[-113.14666293325867,31.171903372107423],[-113.87387747754956,31.56796604648092],[-114.20508410168205,31.523959082661634],[-114.77389547790956,31.79815631876636],[-114.9394987899758,31.391938191203806],[-114.77389547790956,30.91463189131781],[-114.67309346186924,30.16312835532709],[-114.327486549731,29.750139925638493],[-113.58587171743436,29.062954259845185],[-113.427468549371,28.8259936854337],[-113.26906538130764,28.754905513110245],[-113.13946278925579,28.409620104682077],[-112.95945918918379,28.42654585999719],[-112.76505530110603,27.779982006960125],[-112.4554491089822,27.526095677233528],[-112.24664493289866,27.170654815616302],[-111.61303226064523,26.662882156163107],[-111.28182563651274,25.73196561383226],[-110.98661973239466,25.29528112670252],[-110.71301426028522,24.824745128942567],[-110.65541310826217,24.30004671417427],[-110.17300346006921,24.266195203544058],[-109.76979539590792,23.812584961099205],[-109.40978819576392,23.36574502078041],[-109.43138862777256,23.186332014440282],[-109.8561971239425,22.817350548570957],[-110.02900058001161,22.824120850697],[-110.29540590811817,23.43006289097781],[-110.95061901238026,24.002153420628403],[-111.67063341266827,24.482844871577413],[-112.18184363687274,24.73673120130401],[-112.14584291685834,25.471308981979632],[-112.3042460849217,26.012933152063027],[-112.77945558911179,26.320981898797967],[-113.4634692693854,26.767821839116763],[-113.60027200544012,26.639186098721964],[-113.85227704554092,26.899842730574605],[-114.46428928578572,27.14357360711213],[-115.0547010940219,27.72243443888877],[-114.98269965399308,27.796907762275225],[-114.57229144582892,27.742745345266897],[-114.19788395767917,28.115111962199236],[-114.16188323766477,28.56533705358106],[-114.93229864597292,29.27960392787854],[-115.51551031020621,29.55718631504628],[-115.88991779835598,30.180054110642203],[-116.25712514250286,30.836773416868326],[-116.71793435868719,31.635669067741347],[-117.12834256685134,32.536119250504996],[-115.9907198143963,32.61397772495448],[-114.7234944698894,32.722302558971165],[-114.81709634192684,32.52596379731594],[-113.30506610132204,32.03850204424087],[-111.02262045240906,31.33439062313245],[-109.03538070761417,31.341160925258492],[-108.24336486729736,31.341160925258492],[-108.24336486729736,31.75414935494709],[-106.50813016260327,31.75414935494709],[-106.14092281845637,31.39870849332985],[-105.6297125942519,31.08388944446888],[-105.03930078601573,30.643819806276113],[-104.70809416188325,30.122506542570832],[-104.45608912178244,29.570726919298366],[-103.93767875357509,29.269448474689483],[-103.10966219324388,28.971555181143614],[-102.48324966499331,29.760295378827564],[-101.66243324866498,29.780606285205693],[-100.95681913638273,29.381158459769182],[-100.45280905618114,28.69735794503889],[-100.10720214404289,28.108341660073194],[-99.51679033580673,27.539636281485613],[-99.30078601572032,26.83891001144022],[-99.019980399608,26.368374013680267],[-98.24236484729695,26.060325266945327],[-97.52955059101183,25.840290447848943],[-97.14074281485631,25.87075680741613]]]}},{"type":"Feature","id":"MKD","properties":{"name":"Macedonia"},"geometry":{"type":"Polygon","coordinates":[[[20.588811776235502,41.855440127002524],[20.71841436828734,41.84866982487648],[20.76161523230462,42.05177888865775],[21.352027040540776,42.207495837556735],[21.575231504630068,42.24473249924996],[21.91363827276544,42.302280067321334],[22.38164763295265,42.319205822636434],[22.87845756915135,41.99761647164942],[22.95045900918015,41.33751201436027],[22.763255265105272,41.30366050373006],[22.597651953039048,41.13101779951597],[22.057641152823038,41.1513287058941],[21.676033520670387,40.93129388679772],[21.0208204164083,40.84327995915916],[20.603212064241262,41.0870108356967],[20.46640932818653,41.513539869637384],[20.588811776235502,41.855440127002524]]]}},{"type":"Feature","id":"MLI","properties":{"name":"Mali"},"geometry":{"type":"Polygon","coordinates":[[[-12.171843436868755,14.618514673933461],[-11.833436668733384,14.797927680273588],[-11.66783335666716,15.386943965239297],[-11.351027020540442,15.41064002268044],[-10.652613052261074,15.1330576355127],[-10.083801676033545,15.329396397167926],[-9.702194043880894,15.265078526970527],[-9.55099101982043,15.48511334606691],[-5.540510810216233,15.50203910138201],[-5.317306346126941,16.202765371427418],[-5.490109802196059,16.32463080969619],[-5.972519450389029,20.64069841504829],[-6.454929098581999,24.956766020400394],[-4.92129842596853,24.973691775715494],[-1.5516310326206622,22.793654491129814],[1.8252365047300714,20.61023205548109],[2.0628412568251235,20.143081208784167],[2.682053641072798,19.855343368427356],[3.1500630012600084,19.69285611740233],[3.157263145262874,19.056447717554335],[4.266085321706413,19.154617098381948],[4.273285465709307,16.852714375527498],[3.7260745214904034,16.185839616112304],[3.639672793455844,15.569742122642438],[2.746854937098732,15.41064002268044],[1.386027720554381,15.322626095041883],[1.0188203764075183,14.967185233424658],[0.37800756015118964,14.929948571731416],[-0.26280525610513905,14.923178269605387],[-0.5148102962059511,15.116131880197585],[-1.0692213844277205,14.9739555355507],[-1.9980399607992467,14.55758195479909],[-2.192443848876991,14.246148057001122],[-2.9700594011880526,13.799308116682326],[-3.106862137242757,13.5420366358927],[-3.524470489409822,13.33892757211143],[-4.006880137602764,13.470948463569258],[-4.280485609712201,13.227217587031731],[-4.4244884897698284,12.543417072301438],[-5.223704474089516,11.714055061861231],[-5.194903898077968,11.375539955559105],[-5.468509370187434,10.952396072681438],[-5.4037080741615,10.370150089841786],[-5.814116282325671,10.221203443068845],[-6.051721034420694,10.09595285373706],[-6.202924058481187,10.522481887677742],[-6.490929818596385,10.410771902598043],[-6.663733274665503,10.431082808976171],[-6.850937018740382,10.139959817556345],[-7.621352427048549,10.146730119682388],[-7.902158043160881,10.299061917518344],[-8.03176063521272,10.20766283881676],[-8.334166683333677,10.49540067917357],[-8.283765675313532,10.79329397271944],[-8.406168123362477,10.908389108862167],[-8.622172443448875,10.810219728034554],[-8.578971579431595,11.135194230084593],[-8.377367547350957,11.392465710874205],[-8.787775755515128,11.812224442688844],[-8.902978059561207,12.089806829856585],[-9.126182523650499,12.30645649788994],[-9.327786555731137,12.333537706394111],[-9.56539130782619,12.19474651281024],[-9.889397787955772,12.0593404702894],[-10.16300326006521,11.84269080225603],[-10.595011900238035,11.923934427768543],[-10.868617372347472,12.177820757495141],[-11.034220684413697,12.211672268125355],[-11.300626012520269,12.079651376667528],[-11.459029180583627,12.076266225604499],[-11.516630332606667,12.441862540410796],[-11.466229324586521,12.75329643820875],[-11.55263105262108,13.142588810456203],[-11.927038540770837,13.423556348686958],[-12.12144242884861,13.995646878337553],[-12.171843436868755,14.618514673933461]]]}},{"type":"Feature","id":"MLT","properties":{"name":"Malta"},"geometry":{"type":"MultiPolygon","coordinates":[[[[14.56949138982776,35.853567292265836],[14.533490669813375,35.81971578163562],[14.439888797775922,35.82310093269864],[14.353487069741362,35.873878198643965],[14.353487069741362,35.97881788159762],[14.447088941778816,35.95850697521949],[14.533490669813375,35.887418802896036],[14.56949138982776,35.853567292265836]]],[[[14.310286205724083,36.02620999647992],[14.252685053701043,36.012669392227835],[14.195083901678004,36.04313575179502],[14.180683613672244,36.06006150711012],[14.259885197703937,36.076987262425234],[14.303086061721217,36.06344665817315],[14.317486349726977,36.03636544966898],[14.310286205724083,36.02620999647992]]]]}},{"type":"Feature","id":"MMR","properties":{"name":"Myanmar"},"geometry":{"type":"Polygon","coordinates":[[[98.55197103942078,9.933465602712047],[98.4583691673833,10.674813685513698],[98.76797535950715,11.439857825756505],[98.42956859137178,12.032259261785228],[98.50877017540347,13.122277904078075],[98.1055621112422,13.640206016720327],[97.77435548710969,14.838549493029845],[97.5943518870377,16.101210839536776],[97.1623432468649,16.92718769891397],[96.50713014260282,16.426185341586816],[95.36950739014776,15.715303618352351],[94.80789615792315,15.803317545990907],[94.18868377367545,16.036892969339377],[94.53429068581369,17.27585825840515],[94.32548650973018,18.213545102862042],[93.54067081341623,19.36788161535229],[93.66307326146517,19.726707628032543],[93.07986159723191,19.855343368427356],[92.36704734094678,20.671164774615477],[92.30224604492088,21.47683072761454],[92.65505310106198,21.324498929778585],[92.66945338906777,22.042150955139093],[93.16626332526647,22.279111529550576],[93.05826116522326,22.70225541242823],[93.28866577331542,23.044155669793383],[93.32466649332986,24.080011895077888],[94.10948218964376,23.849821622792447],[94.55589111782234,24.675798482169625],[94.60629212584246,25.163260235244692],[95.15350307006139,26.00277769887397],[95.12470249404987,26.57486822852455],[96.42072841456826,27.265439045380887],[97.13354267085339,27.082640887977746],[97.0543410868217,27.698738381447612],[97.39994799895993,27.881536538850767],[97.32794655893116,28.26067345790915],[97.91115822316442,28.335146781295606],[98.24956499129979,27.74613049632991],[98.68157363147259,27.509169921918428],[98.71037420748411,26.74412578167562],[98.67437348746972,25.91814892229843],[97.72395447908957,25.08201660973218],[97.60155203104057,23.897213737674747],[98.65997319946393,24.063086139762788],[98.89757795155901,23.142325050620997],[99.53119062381245,22.949371440028784],[99.24318486369725,22.116624278525563],[99.9847996959939,21.744257661593224],[100.4168083361667,21.558074353127054],[101.15122302446048,21.84919734454688],[101.180023600472,21.436208914858284],[100.33040660813214,20.786259910758204],[100.11440228804571,20.41727844488888],[99.54559091181818,20.18708817260344],[98.96237924758492,19.753788836536714],[98.25676513530266,19.709781872717443],[97.79595591911834,18.62653353255064],[97.37834756695133,18.44712052621051],[97.86075721514425,17.56698124982499],[98.49436988739774,16.839173771275412],[98.90477809556188,16.17906931398626],[98.53757075141499,15.309085490789798],[98.19196383927675,15.122902182323628],[98.42956859137178,14.62189982499649],[99.09918198363965,13.826389325186497],[99.21438428768573,13.267839399787988],[99.19278385567708,12.804073704154078],[99.58879177583549,11.893468068201358],[99.04158083161661,10.95916637480748],[98.55197103942078,9.933465602712047]]]}},{"type":"Feature","id":"MNE","properties":{"name":"Montenegro"},"geometry":{"type":"Polygon","coordinates":[[[19.37198743974878,41.87913618444367],[19.163183263665246,41.95360950783014],[18.882377647552914,42.281969160943206],[18.450369007380118,42.47830792259845],[18.55837116742333,42.65095062681252],[18.709574191483796,43.19934509902197],[19.033580671613407,43.43292052237044],[19.220784415688286,43.524319601071994],[19.487189743794858,43.351676896857924],[19.631192623852456,43.212885703274054],[19.955199103982068,43.10456086925737],[20.33680673613469,42.89806665441307],[20.257605152103025,42.81343787783754],[20.070401408028147,42.590017907678146],[19.803996079921575,42.49861882897656],[19.73919478389564,42.68818728850576],[19.307186143722845,42.19734038436768],[19.37198743974878,41.87913618444367]]]}},{"type":"Feature","id":"MNG","properties":{"name":"Mongolia"},"geometry":{"type":"Polygon","coordinates":[[[87.75175503510064,49.29600216352324],[88.80297605952114,49.47203001880035],[90.71101422028437,50.331858388807746],[92.23744474889497,50.80239438656773],[93.10146202924057,50.49434563983277],[94.14548290965814,50.48080503558069],[94.81509630192602,50.01365418888375],[95.81591631832634,49.976417527190534],[97.2631452629052,49.725916348526965],[98.23516470329406,50.42325746750933],[97.82475649512986,51.01227375247504],[98.86157723154457,52.048129977759544],[99.9847996959939,51.63514154807095],[100.8920178403568,51.51666126086519],[102.06564131282624,51.259389780075594],[102.2528450569011,50.51127139514787],[103.67847356947135,50.09151266333325],[104.62169243384864,50.27431082073639],[105.88891777835556,50.40633171219423],[106.88973779475589,50.27431082073639],[107.86895737914756,49.793619369787365],[108.47376947538947,49.282461559271155],[109.40258805176103,49.29261701246023],[110.66261325226503,49.1301297614352],[111.58423168463366,49.377245789035754],[112.89465789315784,49.543118191123796],[114.36348726974535,50.24722961223222],[114.9610992219844,50.13890477821556],[115.48670973419468,49.803774822976436],[116.68193363867272,49.888403599551964],[116.19232384647688,49.13351491249824],[115.48670973419468,48.13489534890695],[115.74591491829835,47.7252920702814],[116.30752615052296,47.8539278106762],[117.29394587891755,47.69821086177723],[118.06436128722572,48.067192327646524],[118.86357727154541,47.74560297665951],[119.77079541590831,47.04826185767715],[119.6627932558651,46.69282099605991],[118.87077741554828,46.80453098113961],[117.42354847096937,46.672510089681765],[116.71793435868716,46.388157400387996],[115.98351967039338,45.728052943098845],[114.45708914178277,45.338760570851406],[113.46346926938537,44.807291853957054],[112.43384867697353,45.01040091773834],[111.87223744474886,45.10179999643992],[111.34662693253864,44.45862129446587],[111.67063341266822,44.072714073281446],[111.82903658073155,43.74435442016838],[111.13062261245221,43.40583931386627],[110.41060821216422,42.8709854459089],[109.24418488369764,42.5189297353547],[107.74655493109861,42.48169307366146],[106.12652253045059,42.133022514170264],[104.96729934598687,41.59816864621291],[104.52089041780835,41.909602544010866],[103.31126622532446,41.90621739294784],[101.83523670473409,42.51554458429166],[100.84881697633949,42.6644912310646],[99.51679033580666,42.52570003748073],[97.4503490069801,42.74912000764013],[96.34872697453943,42.725423950199],[95.76551531030617,43.317825386227696],[95.30470609412185,44.2419716264325],[94.68549370987415,44.3536816115122],[93.48306966139319,44.97654940710814],[92.13664273285463,45.11534060069201],[90.94861897237939,45.28459815384306],[90.58861177223542,45.72128264097282],[90.97021940438805,46.889159757715134],[90.27900558011157,47.694825710714184],[88.85337706754132,48.070577478709566],[88.01096021920438,48.598661044540876],[87.75175503510064,49.29600216352324]]]}},{"type":"Feature","id":"MOZ","properties":{"name":"Mozambique"},"geometry":{"type":"Polygon","coordinates":[[[34.55709114182281,-11.521621834716697],[35.31310626212522,-11.440378209204198],[36.51553031060618,-11.721345747434953],[36.77473549470986,-11.596095158103168],[37.47314946298923,-11.569013949598997],[37.82595651913036,-11.267735504990114],[38.43076861537227,-11.284661260305214],[39.51799035980716,-10.895368888057774],[40.317206344126845,-10.316508056281137],[40.47560951219023,-10.766733147662961],[40.43960879217582,-11.76196756019121],[40.56201124022479,-12.638721685513715],[40.59801196023918,-14.202661476629544],[40.77801556031119,-14.690123229704596],[40.47560951219023,-15.407775255065104],[40.08680173603469,-16.10173122298447],[39.45318906378125,-16.721213867517363],[38.538770775415486,-17.100350786575746],[37.40834816696332,-17.5878125396508],[36.27792555851116,-18.660905426628545],[35.896317926358506,-18.843703584031687],[35.19790395807914,-19.551200156203137],[34.78749574991497,-19.784775579551592],[34.70109402188041,-20.495657302786057],[35.176303526070484,-21.25393114090282],[35.37070741414826,-21.839562274805502],[35.385107702154016,-22.140840719414392],[35.56511130222603,-22.090063453469078],[35.53631072621451,-23.07175726174524],[35.37070741414826,-23.535522957379158],[35.60831216624331,-23.70816566159324],[35.457109142182816,-24.12115409128183],[35.03950079001578,-24.479980103962085],[34.21868437368744,-24.81511005920119],[33.016260325206474,-25.35673422928459],[32.577051541030784,-25.72571569515391],[32.66345326906534,-26.14885957803157],[32.915458309166155,-26.21656259929199],[32.829056581131596,-26.741261014060285],[32.07304146082919,-26.734490711934242],[31.98663973279463,-26.29103592267846],[31.835436708734164,-25.84419598235965],[31.749034980699577,-25.485369969679397],[31.92903858077159,-24.368270118882386],[31.66983339666791,-23.65738839564792],[31.194623892477836,-22.252550704494098],[32.24584491689831,-21.11513994731895],[32.51225024500488,-20.39410277089543],[32.65625312506248,-20.302703692193845],[32.771455429108556,-19.71707255829118],[32.6130522610452,-19.419179264745296],[32.65625312506248,-18.671060879817603],[32.85065701314025,-17.980490062961266],[32.85065701314025,-16.71444356539132],[32.32504650093,-16.392854214404295],[31.849836996739924,-16.318380891017824],[31.633832676653498,-16.07126486341727],[31.17302346046918,-15.861385497509957],[30.33780675613511,-15.881696403888085],[30.273005460109175,-15.509329786955746],[30.17940358807175,-14.795062912658267],[33.21066421328425,-13.972471204344089],[33.78667573351464,-14.453162655293113],[34.06748134962697,-14.358378425528514],[34.45628912578249,-14.612264755255111],[34.521090421808424,-15.015097731754636],[34.305086101722,-15.47886342738856],[34.38428768575369,-16.182974848496983],[35.032300646012885,-16.802457493029863],[35.34190683813674,-16.108501525110512],[35.77391547830953,-15.895237008140171],[35.687513750274974,-14.612264755255111],[35.26990539810794,-13.887842427768561],[34.90989819796394,-13.56625307678155],[34.55709114182281,-13.579793681033635],[34.28348566971337,-12.279895672833462],[34.55709114182281,-11.521621834716697]]]}},{"type":"Feature","id":"MRT","properties":{"name":"Mauritania"},"geometry":{"type":"Polygon","coordinates":[[[-12.171843436868755,14.618514673933461],[-12.83425668513371,15.302315188663755],[-13.439068781375653,16.04027812040239],[-14.101482029640607,16.30431990331806],[-14.576691533830683,16.5988280458009],[-15.138302766055347,16.588672592611843],[-15.620712414248317,16.36863777351546],[-16.117522350447018,16.456651701154016],[-16.463129262585284,16.13506235016699],[-16.549530990619843,16.67330136918737],[-16.26872537450751,17.16753342438848],[-16.146322926458538,18.108605419908386],[-16.25432508650175,19.09706953031059],[-16.376727534550696,19.594686736574715],[-16.275925518510377,20.09230394283884],[-16.535130702614083,20.56622509166182],[-17.060741214824304,20.999524427728545],[-16.844736894737906,21.334654382967642],[-12.927858557171163,21.3278840808416],[-13.122262445248936,22.769958433688657],[-12.87745754915099,23.284501395267895],[-11.934238684773703,23.375900473969466],[-11.970239404788117,25.931689526550514],[-8.686973739474809,25.8809122606052],[-8.686973739474809,27.3940747857757],[-4.92129842596853,24.973691775715494],[-6.454929098581999,24.956766020400394],[-5.972519450389029,20.64069841504829],[-5.490109802196059,16.32463080969619],[-5.317306346126941,16.202765371427418],[-5.540510810216233,15.50203910138201],[-9.55099101982043,15.48511334606691],[-9.702194043880894,15.265078526970527],[-10.083801676033545,15.329396397167926],[-10.652613052261074,15.1330576355127],[-11.351027020540442,15.41064002268044],[-11.66783335666716,15.386943965239297],[-11.833436668733384,14.797927680273588],[-12.171843436868755,14.618514673933461]]]}},{"type":"Feature","id":"MWI","properties":{"name":"Malawi"},"geometry":{"type":"Polygon","coordinates":[[[34.55709114182281,-11.521621834716697],[34.28348566971337,-12.279895672833462],[34.55709114182281,-13.579793681033635],[34.90989819796394,-13.56625307678155],[35.26990539810794,-13.887842427768561],[35.687513750274974,-14.612264755255111],[35.77391547830953,-15.895237008140171],[35.34190683813674,-16.108501525110512],[35.032300646012885,-16.802457493029863],[34.38428768575369,-16.182974848496983],[34.305086101722,-15.47886342738856],[34.521090421808424,-15.015097731754636],[34.45628912578249,-14.612264755255111],[34.06748134962697,-14.358378425528514],[33.78667573351464,-14.453162655293113],[33.21066421328425,-13.972471204344089],[32.685053701074,-13.711814572491463],[32.99465989319785,-12.784283181223628],[33.30426608532167,-12.435612621732446],[33.11706234124679,-11.60625061129224],[33.31866637332743,-10.797199507230147],[33.484269685393684,-10.52638742218845],[33.23226464529287,-9.676714505370114],[32.757055141102796,-9.229874565051304],[33.736274725494496,-9.416057873517474],[33.937878757575135,-9.693640260685228],[34.28348566971337,-10.160791107382153],[34.55709114182281,-11.521621834716697]]]}},{"type":"Feature","id":"MYS","properties":{"name":"Malaysia"},"geometry":{"type":"MultiPolygon","coordinates":[[[[102.13764275285502,6.2199548865777246],[102.36804736094717,6.12855580787614],[102.95845916918336,5.52599891865836],[103.38326766535329,4.8557390081801515],[103.44086881737633,4.182093946638929],[103.33286665733311,3.7250985531310477],[103.42646852937054,3.383198295765908],[103.50567011340223,2.790796859737185],[103.85127702554047,2.516599623632459],[104.24728494569888,1.6296900451208955],[104.22568451369023,1.2945600898817844],[103.52007040140802,1.2268570686213565],[102.57685153703073,1.968205151423021],[101.3888277765555,2.7603305001699994],[101.27362547250942,3.271488310686209],[100.69761395227903,3.9383630701013885],[100.5608112162243,4.767725080541595],[100.1936038720774,5.312734401688019],[100.30880617612348,6.040541880237598],[100.08560171203419,6.463685763115251],[100.25840516810331,6.643098769455378],[101.07202144042878,6.206414282325639],[101.15122302446048,5.691871320746401],[101.81363627272543,5.810351607952143],[102.13764275285502,6.2199548865777246]]],[[[117.88435768715368,4.138086982819644],[117.01314026280522,4.307344535970714],[115.8683173663473,4.307344535970714],[115.5155103102062,3.169933778795567],[115.13390267805352,2.8212632193043703],[114.62269245384903,1.4299661324026403],[113.80907618152361,1.2167016154322994],[112.85865717314346,1.4976691536630682],[112.38344766895335,1.4096552260245119],[111.80023600472003,0.9052677176343451],[111.15942318846373,0.9763558899577873],[110.51141022820451,0.7732468261765177],[109.8273965479309,1.3385670537010697],[109.6617932358647,2.0054418131162493],[110.39620792415843,1.6635415557511095],[111.1666233324666,1.8497248642172792],[111.36822736454724,2.6960126299725857],[111.80023600472003,2.885581089501784],[112.99545990919813,3.102230757535139],[113.71547430948618,3.8943561062821175],[114.20508410168202,4.527379355067097],[114.65869317386347,4.0060660913618165],[114.86749734994697,4.34796634872697],[115.34990699813994,4.317499989159771],[115.40750815016298,4.953908389007765],[115.45070901418023,5.4481404442088746],[116.2211244224884,6.142096412128225],[116.72513450269003,6.924066307686147],[117.1283425668513,6.927451458749161],[117.64675293505866,6.423063950358994],[117.68995379907597,5.986379463229255],[118.34516690333805,5.708797076061515],[119.18038360767213,5.407518631452618],[119.1083821676433,5.01484110814215],[118.43876877537548,4.9674489932598505],[118.61877237544746,4.476602089121769],[117.88435768715368,4.138086982819644]]]]}},{"type":"Feature","id":"NAM","properties":{"name":"Namibia"},"geometry":{"type":"Polygon","coordinates":[[[16.347926958539148,-28.57601289021781],[15.599111982239634,-27.821124203164068],[15.21030420608409,-27.089931573551475],[14.987099741994825,-26.118393218464377],[14.742294845896907,-25.393970890977826],[14.411088221764402,-23.853727157303155],[14.382287645752882,-22.65538368099363],[14.259885197703937,-22.110374359847206],[13.87107742154842,-21.69738593015861],[13.352667053341037,-20.871409070781425],[12.827056541130787,-19.673065594471893],[12.611052221044389,-19.04681264781297],[11.797435948718942,-18.068503990599822],[11.732634652693037,-17.303459850357015],[12.215044300886007,-17.110506239764803],[12.812656253125027,-16.941248686613747],[13.46066921338425,-16.971715046180933],[14.058281165623299,-17.421940137562757],[14.209484189683764,-17.35423711630233],[18.26316526330524,-17.310230152483058],[18.954379087581742,-17.787536452369054],[21.37362747254943,-17.929712797015952],[23.216864337286722,-17.5234946694534],[24.03048060961217,-17.296689548230972],[24.685693713874258,-17.35423711630233],[25.074501490029775,-17.57765708646174],[25.08170163403267,-17.66228586303727],[24.520090401808005,-17.885705833196667],[24.217684353687048,-17.889090984259695],[23.57687153743072,-18.281768507570163],[23.19526390527807,-17.868780077881567],[21.65443308866176,-18.220835788435778],[20.912818256365114,-18.251302148002964],[20.884017680353594,-21.815866217364352],[19.89759795195903,-21.849717727994566],[19.89759795195903,-24.767717944318896],[19.89759795195903,-28.46091775407509],[19.004780095601888,-28.9720755645913],[18.464769295385878,-29.046548887977764],[17.83835676713531,-28.856980428448573],[17.384747694953887,-28.78250710506211],[17.219144382887634,-28.355978071121427],[16.823136462729224,-28.08178083501671],[16.347926958539148,-28.57601289021781]]]}},{"type":"Feature","id":"NCL","properties":{"name":"New Caledonia"},"geometry":{"type":"Polygon","coordinates":[[[165.77971559431182,-21.081288436688737],[166.60053201064017,-21.70077108122163],[167.11894237884752,-22.16115162579252],[166.7373347466949,-22.401497351267032],[166.19012380247602,-22.130685266225335],[165.4773095461909,-21.680460174843503],[164.82929658593167,-21.148991457949165],[164.16688333766672,-20.444880036840743],[164.03008060161199,-20.106364930538618],[164.46208924178478,-20.119905534790703],[165.01650033000658,-20.45842064109283],[165.4629092581851,-20.800320898457983],[165.77971559431182,-21.081288436688737]]]}},{"type":"Feature","id":"NER","properties":{"name":"Niger"},"geometry":{"type":"Polygon","coordinates":[[[2.1564431288625485,11.940860183083643],[2.1780435608712025,12.624660697813951],[1.026020520410384,12.851465819036363],[0.9900198003959986,13.335542421048416],[0.428408568171335,13.98887657621151],[0.2988059761194961,14.445871969719377],[0.37800756015118964,14.929948571731416],[1.0188203764075183,14.967185233424658],[1.386027720554381,15.322626095041883],[2.746854937098732,15.41064002268044],[3.639672793455844,15.569742122642438],[3.7260745214904034,16.185839616112304],[4.273285465709307,16.852714375527498],[4.266085321706413,19.154617098381948],[5.677313546270909,19.601457038700758],[8.571771435428673,21.564844655253097],[11.99903998079958,23.470684703734065],[13.583071661433195,23.040770518730355],[14.144682893657858,22.492376046520917],[14.850297005940092,22.861357512390228],[15.09510190203801,21.30757317446347],[15.469509390187795,21.046916542610845],[15.483909678193555,20.732097493749862],[15.901518030360592,20.386812085321694],[15.685513710274193,19.956897900317998],[15.303906078121543,17.92919241356826],[15.246304926098503,16.62590925430507],[13.97187943758874,15.684837258785166],[13.539870797415915,14.368013495269892],[13.95747914958298,13.995646878337553],[13.95747914958298,13.352468176363516],[14.59829196583928,13.328772118922373],[14.497489949798961,12.858236121162406],[14.216684333686658,12.80068855309105],[14.180683613672244,12.482484353167052],[13.993479869597365,12.462173446788924],[13.316666333326651,13.555577240144785],[13.086261725234493,13.596199052901042],[12.301446028920566,13.037649127502533],[11.531030620612398,13.328772118922373],[10.991019820396389,13.38631968699373],[10.703014060281191,13.24752849340986],[10.112602252045008,13.277994852977045],[9.522190443808853,12.851465819036363],[9.018180363607257,12.82776976159522],[7.8013560271205336,13.342312723174459],[7.333346666933323,13.098581846636918],[6.822136442728834,13.115507601952032],[6.447728954579077,13.491259369947386],[5.439708794175857,13.867011137942754],[4.366887337746732,13.748530850736998],[4.107682153643054,13.531881182703643],[3.9708794175883213,12.956405501990034],[3.682873657473124,12.553572525490495],[3.6108722174443244,11.659892644852889],[2.847656953139051,12.235368325566498],[2.4876497529950257,12.231983174503483],[2.1564431288625485,11.940860183083643]]]}},{"type":"Feature","id":"NGA","properties":{"name":"Nigeria"},"geometry":{"type":"Polygon","coordinates":[[[8.499769995399873,4.771110231604624],[7.462949258985162,4.41228421892437],[7.081341626832511,4.463061484869684],[6.69973399467986,4.239641514710286],[5.900518010360173,4.263337572151428],[5.360507210144192,4.889590518810365],[5.0365007300145805,5.610627695233887],[4.3236864737294525,6.270732152523038],[3.574871497429939,6.257191548270953],[2.6892537850756923,6.257191548270953],[2.746854937098732,7.871908605332095],[2.725254505090078,8.50831700518009],[2.912458249164956,9.13795510290204],[3.2220644412888078,9.442618698573966],[3.704474089481778,10.062101343106846],[3.5964719294385645,10.332913428148558],[3.798075961519203,10.735746404648083],[3.574871497429939,11.328147840676806],[3.6108722174443244,11.659892644852889],[3.682873657473124,12.553572525490495],[3.9708794175883213,12.956405501990034],[4.107682153643054,13.531881182703643],[4.366887337746732,13.748530850736998],[5.439708794175857,13.867011137942754],[6.447728954579077,13.491259369947386],[6.822136442728834,13.115507601952032],[7.333346666933323,13.098581846636918],[7.8013560271205336,13.342312723174459],[9.018180363607257,12.82776976159522],[9.522190443808853,12.851465819036363],[10.112602252045008,13.277994852977045],[10.703014060281191,13.24752849340986],[10.991019820396389,13.38631968699373],[11.531030620612398,13.328772118922373],[12.301446028920566,13.037649127502533],[13.086261725234493,13.596199052901042],[13.316666333326651,13.555577240144785],[13.993479869597365,12.462173446788924],[14.180683613672244,12.482484353167052],[14.576691533830655,12.08642167879357],[14.468689373787441,11.903623521390415],[14.418288365767296,11.571878717214332],[13.575871517430329,10.800064274845482],[13.309466189323757,10.160270723934474],[13.165463309266158,9.638957460229193],[12.956659133182654,9.41892264113281],[12.755055101101988,8.718196371087416],[12.222244444888872,8.30520794139882],[12.063841276825514,7.800820433008653],[11.840636812736221,7.397987456509114],[11.747034940698796,6.981613875757503],[11.055821116422294,6.643098769455378],[10.494209884197659,7.056087199143974],[10.119802396047902,7.03916144382886],[9.522190443808853,6.453530309926194],[9.234184683693655,6.4433748567371225],[8.75897517950358,5.47860680377606],[8.499769995399873,4.771110231604624]]]}},{"type":"Feature","id":"NIC","properties":{"name":"Nicaragua"},"geometry":{"type":"Polygon","coordinates":[[[-85.71411428228566,11.087802115202294],[-86.0597211944239,11.402621164063277],[-86.5277305546111,11.805454140562802],[-86.74373487469751,12.143969246864927],[-87.16854337086743,12.45878829572591],[-87.66535330706616,12.909013387107734],[-87.55735114702296,13.064730336006704],[-87.3917478349567,12.912398538170748],[-87.3197463949279,12.983486710494205],[-87.00294005880119,13.024108523250447],[-86.88053761075223,13.254298795535902],[-86.73653473069463,13.26445424872496],[-86.75813516270327,13.75530115286304],[-86.52053041060822,13.778997210304198],[-86.3117262345247,13.772226908178155],[-86.0957219144383,14.039653842156838],[-85.80051601032022,13.836544778375554],[-85.69971399427989,13.958410216644324],[-85.51251025020501,14.08027565491308],[-85.16690333806677,14.354472891017807],[-85.14530290605813,14.560967105862105],[-85.0517010340207,14.550811652673048],[-84.92209844196886,14.791157378147545],[-84.82129642592852,14.818238586651717],[-84.6484929698594,14.66590678881576],[-84.44688893777877,14.62189982499649],[-84.23088461769237,14.747150414328274],[-83.97887957759156,14.750535565391303],[-83.62607252145044,14.879171305786102],[-83.48926978539572,15.014577348306958],[-83.14366287325748,14.99426644192883],[-83.23006460129204,14.89948221216423],[-83.28766575331508,14.676062242004832],[-83.17966359327188,14.310465927198535],[-83.41006820136404,13.968565669833382],[-83.51807036140724,13.569117844396871],[-83.55407108142164,13.12566305514109],[-83.4964699293986,12.868391574351477],[-83.47486949738996,12.418166482969653],[-83.62607252145044,12.319997102142025],[-83.71967439348788,11.893468068201358],[-83.64767295345908,11.629426285285689],[-83.8564771295426,11.372154804496077],[-83.80607612152244,11.104727870517394],[-83.65487309746196,10.938855468429352],[-83.892477849557,10.725590951459012],[-84.18768375367509,10.79329397271944],[-84.35328706574133,10.999788187563738],[-84.67009340186804,11.081031813076251],[-84.90049800996022,10.952396072681438],[-85.56291125822517,11.216437855597107],[-85.71411428228566,11.087802115202294]]]}},{"type":"Feature","id":"NLD","properties":{"name":"Netherlands"},"geometry":{"type":"Polygon","coordinates":[[[6.908538170763393,53.48343402848056],[7.0885417708354055,53.14491892217842],[6.843736874737459,52.22754298409967],[6.591731834636676,51.85179121610432],[5.986919738394732,51.85179121610432],[6.159723194463879,50.80239438656773],[5.60531210624211,51.03596980991617],[4.971699433988647,51.476039448108935],[4.050081001620015,51.26616008220162],[3.3156663133262327,51.347403707714136],[3.8268765375307225,51.62160094381886],[4.705294105882103,53.09075650517008],[6.07332146642932,53.51051523698473],[6.908538170763393,53.48343402848056]]]}},{"type":"Feature","id":"NOR","properties":{"name":"Norway"},"geometry":{"type":"MultiPolygon","coordinates":[[[[31.101022020440382,69.55951642676851],[29.40178803576069,69.15668345026899],[28.595371907438135,69.0652843715674],[29.012980259605172,69.76601064161281],[27.731354627092514,70.16545846704932],[26.17612352247042,69.82694336074721],[25.686513730274584,69.09236558007157],[24.736094721894403,68.64891079081579],[23.66327326546528,68.89264166735333],[22.35284705694113,68.841864401408],[21.24402488049759,69.36994796723931],[20.646412928258542,69.10590618432366],[20.027200544010867,69.0652843715674],[19.875997519950374,68.40856506534129],[17.996759935198668,68.56766716530328],[17.730354607092124,68.00911723990478],[16.765535310706184,68.0125023909678],[16.110322206444096,67.30162066773335],[15.10950219004377,66.19467627012537],[13.554271085421675,64.78645342790853],[13.921478429568566,64.4445531705434],[13.568671373427435,64.0484904961699],[12.58225164503287,64.065416251485],[11.92703854077078,63.12772940702811],[11.991839836796714,61.80075019032378],[12.632652653053043,61.29297753087059],[12.301446028920566,60.11833011200221],[11.466229324586465,59.43114444620892],[11.027020540410774,58.855668765495295],[10.357407148142954,59.46838110790213],[8.384567691353794,58.3140445954119],[7.045340906818126,58.08046917206343],[5.662913258265149,58.588241831516626],[5.310106202124018,59.66471986955736],[4.993299865997301,61.97000774347484],[5.914918298365933,62.61318644544889],[8.550171003420047,63.45270390907817],[10.530210604212073,64.48517498329966],[12.359047180943605,65.87985722126442],[14.763895277905533,67.80939332718651],[16.434328686573707,68.56428201424026],[19.1847836956739,69.81678790755814],[21.380827616552295,70.2568575457509],[23.02246044920895,70.20269512874256],[24.548890977819525,71.03205713918277],[26.370527410548192,70.98466502430045],[28.16336326726531,71.18438893701872],[31.295425908518155,70.45319630740613],[30.006600132002603,70.18576937342746],[31.101022020440382,69.55951642676851]]],[[[24.721694433888644,77.8531365311706],[22.489649792995834,77.44353325254502],[20.725614512290235,77.67710867589349],[21.41682833656671,77.93438015668312],[20.812016240324795,78.25596950767013],[22.885657713154245,78.4556934203884],[23.281665633312656,78.07994165239302],[24.721694433888644,77.8531365311706]]],[[[18.24876497529948,79.70142901158022],[21.54643092861855,78.95669577771554],[19.02638052761054,78.56401825440506],[18.471969439388772,77.82605532266643],[17.59355187103739,77.63648686313724],[17.118342366847315,76.81051000376004],[15.915918318366352,76.76988819100379],[13.763075261505207,77.37921538234764],[14.670293405868108,77.73465624396485],[13.172663453269053,78.02577923538468],[11.221424428488547,78.86868185007697],[10.443808876177513,79.6540368966979],[13.172663453269053,80.00947775831514],[13.719874397487928,79.66080719882396],[15.145502910058184,79.67434780307605],[15.51991039820794,80.0162480604412],[16.988739774795476,80.0500995710714],[18.24876497529948,79.70142901158022]]],[[[25.44890897817953,80.40892558375165],[27.407348146962903,80.05686987319746],[25.924118482369636,79.51863085417708],[23.02246044920895,79.40015056697132],[20.077601552031012,79.56602296905936],[19.89759795195903,79.8436053562271],[18.464769295385878,79.8605311115422],[17.370347406948127,80.31752650505007],[20.459209184183663,80.59849404328085],[21.906438128762545,80.35814831780633],[22.92165843316863,80.65604161135221],[25.44890897817953,80.40892558375165]]]]}},{"type":"Feature","id":"NPL","properties":{"name":"Nepal"},"geometry":{"type":"Polygon","coordinates":[[[88.11896237924753,27.87815138778774],[88.0397607952159,27.444852051721014],[88.17656353127057,26.81182880293605],[88.0613612272245,26.415766128562552],[87.22614452289042,26.398840373247452],[86.02372047440946,26.63241579659592],[85.25330506610129,26.727200026360507],[84.6772935458709,27.234972685813702],[83.30206604132081,27.363608426208515],[81.9988399767995,27.92554350267004],[81.05562111242222,28.41639040680812],[80.09080181603628,28.7955273258665],[80.47960959219182,29.729829019260364],[81.11322226444526,30.183439261705217],[81.5236304726094,30.42378498717973],[82.33004660093201,30.11573624044479],[83.3380667613352,29.462402085281695],[83.89967799355986,29.320225740634797],[84.23808476169518,28.839534289685773],[85.00850017000334,28.643195528030546],[85.82211644232882,28.20312588983778],[86.95253905078101,27.972935617552338],[88.11896237924753,27.87815138778774]]]}},{"type":"Feature","id":"NZL","properties":{"name":"New Zealand"},"geometry":{"type":"MultiPolygon","coordinates":[[[[173.02306046120918,-40.918273665993325],[173.24626492529848,-41.331262095681915],[173.9590791815836,-40.92504396811937],[174.2470849416988,-41.34818785099702],[174.2470849416988,-41.77133173387468],[173.8798775975519,-42.23171227844557],[173.22466449328982,-42.96967521018421],[172.71345426908533,-43.37250818668374],[173.08066161323222,-43.853199637632756],[172.31024620492406,-43.86674024188484],[171.45342906858133,-44.2424920098802],[171.18702374047479,-44.8958261650433],[170.61821236424726,-45.90798633288666],[169.8333966679333,-46.35482627320547],[169.32938658773173,-46.64256411356227],[168.40776815536304,-46.61886805612112],[167.76695533910674,-46.29050840300806],[166.67973359467186,-46.21942023068462],[166.50693013860274,-45.85382391587832],[167.04694093881875,-45.112475833076665],[168.30696613932275,-44.12401172267446],[168.94777895557905,-43.93444326314527],[169.6677933558671,-43.55530634408689],[170.52461049220983,-43.03060792931859],[171.12222244444882,-42.51267981667634],[171.5686313726274,-41.76794658281166],[171.95023900478003,-41.51406025308506],[172.09424188483763,-40.95551032768656],[172.7998559971199,-40.495129783115665],[173.02306046120918,-40.918273665993325]]],[[[174.6142922858457,-36.15536612032241],[175.3343066861337,-37.208148100922024],[175.35590711814234,-36.52773273725475],[175.8095161903238,-36.79854482229645],[175.96071921438426,-37.556818660413214],[176.75993519870394,-37.881793162463254],[177.43674873497469,-37.959651636912746],[178.01276025520508,-37.58051471785436],[178.51677033540665,-37.695609853997084],[178.27196543930876,-38.582519432508654],[177.96955939118777,-39.16476541534831],[177.20634412688247,-39.144454508970185],[176.93993879877593,-39.449118104642096],[177.03354067081335,-39.8790322896458],[176.8823376467529,-40.06521559811197],[176.50793015860313,-40.60345461713235],[176.01112022240443,-41.290640282925665],[175.24070481409626,-41.68670295729915],[175.06790135802714,-41.426046325446514],[174.65029300586008,-41.2804848297366],[175.22630452609047,-40.45789312142243],[174.9022980459609,-39.90949864921299],[173.82227644552887,-39.51005082377648],[173.8510770215404,-39.147839660033206],[174.57829156583125,-38.79916910054202],[174.7438948778975,-38.02735465817317],[174.69349386987733,-37.38079080513611],[174.29028580571605,-36.7105308946579],[174.31908638172757,-36.534503039380795],[173.84387687753753,-36.1215146096922],[173.0518610372207,-35.23799018224365],[172.63425268505364,-34.530493610072206],[173.0086601732034,-34.4492499845597],[173.5486709734194,-35.0077999099582],[174.3262865257305,-35.26507139074782],[174.6142922858457,-36.15536612032241]]]]}},{"type":"Feature","id":"OMN","properties":{"name":"Oman"},"geometry":{"type":"MultiPolygon","coordinates":[[[[53.11186223724471,16.649605311746228],[52.78065561311223,17.35033158179162],[52.0030400608012,18.998900149482978],[54.99829996599928,20.00090486413727],[55.66791335826713,22.001529142382836],[55.20710414208281,22.709025714554272],[55.23590471809433,23.11185869105381],[55.52391047820953,23.524847120742407],[55.531110622212424,23.934450399367975],[55.984719694393874,24.130789161023202],[55.80471609432186,24.269580354607072],[55.88391767835353,24.919529358707166],[56.395127902558016,24.92629966083321],[56.84873697473947,24.242499146102915],[57.403148062961236,23.87690283129662],[58.13756275125499,23.748267090901805],[58.72797455949117,23.56546893349865],[59.181583631672595,22.99337840384807],[59.44798895977917,22.661633599671987],[59.807996159923164,22.532997859277174],[59.807996159923164,22.309577889117776],[59.4407888157763,21.713791302026024],[59.282385647712914,21.43282376379527],[58.85757715154301,21.11461956387126],[58.49036980739612,20.42743389807795],[58.03676073521467,20.481596315086293],[57.82795655913117,20.244635740674795],[57.662353247064914,19.736863081221614],[57.79195583911675,19.066603170743406],[57.691153823076434,18.944737732474636],[57.23754475089498,18.948122883537664],[56.611132222644414,18.575756266605325],[56.510330206604095,18.088294513530258],[56.27992559851194,17.875029996559917],[55.66071321426426,17.885185449748988],[55.271905438108746,17.63129912002239],[55.271905438108746,17.22846614352285],[54.789495789915776,16.95088375635511],[54.2422848456969,17.04566798611971],[53.57267145342905,16.707152879817585],[53.11186223724471,16.649605311746228]]],[[[56.25832516650331,25.71503985851716],[56.07112142242843,26.0569401158823],[56.35912718254363,26.395455222184424],[56.48872977459547,26.30744129454588],[56.38792775855515,25.894452864857286],[56.25832516650331,25.71503985851716]]]]}},{"type":"Feature","id":"PAK","properties":{"name":"Pakistan"},"geometry":{"type":"Polygon","coordinates":[[[75.15870317406345,37.13315439408787],[75.9003180063601,36.66600354739093],[76.19552391047819,35.89757425608511],[77.83715674313481,35.49474127958558],[76.87233744674893,34.655223815956305],[75.7563151263025,34.50627716918336],[74.23708474169482,34.750008045720904],[73.74747494949895,34.31670870965418],[74.10748214964298,33.43995458433167],[74.45308906178121,32.766309522790436],[75.25950519010377,32.27207746758934],[74.40268805376104,31.693216635812703],[74.4242884857697,30.97894976151521],[73.45226904538089,29.97694504686092],[72.82585651713032,28.961399727954543],[71.77463549270982,27.912002898417953],[70.61541230824614,27.989861372867438],[69.51379027580549,26.940464543330847],[70.16900338006758,26.490239451949023],[70.28420568411366,25.7218101606432],[70.8458169163383,25.214037501190006],[71.04022080441607,24.35759428224563],[68.84417688353764,24.35759428224563],[68.1745634912698,23.69071952283045],[67.44014880297604,23.944605852557032],[67.14494289885795,24.66225787791754],[66.37452749054978,25.423916867097333],[64.53129062581249,25.237733558631163],[62.904058081161594,25.217422652253035],[61.50003000059999,25.078631458669165],[61.87443748874975,26.239738273285454],[63.314466289325765,26.757666385927706],[63.23526470529407,27.218046930498602],[62.7528550571011,27.380534181523615],[62.731254625092475,28.26067345790915],[61.77363547270943,28.700743096101903],[61.37042740854815,29.303299985319697],[60.87361747234942,29.827998400087992],[62.55125102502046,29.320225740634797],[63.55207104142079,29.46917238740774],[64.14968299365984,29.340536647012925],[64.35128702574048,29.56057146610931],[65.04970099401984,29.472557538470753],[66.34572691453826,29.888931119222377],[66.38172763455267,30.738604036040712],[66.93613872277442,31.30392426356525],[67.68495369907396,31.30392426356525],[67.79295585911714,31.581506650733004],[68.55617112342244,31.713527542190832],[68.92337846756934,31.618743312426233],[69.31938638772772,31.903096001720016],[69.26178523570468,32.50226773987478],[69.68659373187461,33.10482462909256],[70.32020640412804,33.35871095881916],[69.93139862797253,34.01881541610831],[70.88181763635271,33.98834905654111],[71.15542310846214,34.35056022028439],[71.11222224444487,34.73308229040579],[71.61623232464646,35.15284102222043],[71.50103002060038,35.65045822848455],[71.26342526850533,36.073602111362206],[71.84663693273862,36.51028659849196],[72.91945838916774,36.72016596439927],[74.0642812856257,36.835261100542],[74.57549150983016,37.02144440900817],[75.15870317406345,37.13315439408787]]]}},{"type":"Feature","id":"PAN","properties":{"name":"Panama"},"geometry":{"type":"Polygon","coordinates":[[[-77.88035760715215,7.22534475229503],[-78.21156423128464,7.513082592651841],[-78.42756855137104,8.051321611672222],[-78.18276365527312,8.318748545650905],[-78.43476869537392,8.386451566911333],[-78.6219724394488,8.718196371087416],[-79.11878237564753,8.995778758255156],[-79.5579911598232,8.931460888057757],[-79.75959519190386,8.586175479629588],[-80.16280325606513,8.33228914990299],[-80.38600772015441,8.298437639272777],[-80.47960959219185,8.091943424428479],[-80.00440008800177,7.546934103282055],[-80.27800556011121,7.418298362887242],[-80.42200844016881,7.272736867177329],[-80.88281765635314,7.221959601232015],[-81.06282125642514,7.817746188323753],[-81.19242384847698,7.648488635172697],[-81.51643032860659,7.706036203244054],[-81.71803436068723,8.108869179743579],[-82.12844256885138,8.176572201004007],[-82.38764775295508,8.291667337146734],[-82.81965639312787,8.291667337146734],[-82.84845696913939,8.075017669113365],[-82.96365927318547,8.223964315886306],[-82.91325826516531,8.423688228604561],[-82.82685653713075,8.626797292385831],[-82.87005740114803,8.806210298725958],[-82.71885437708755,8.924690585931714],[-82.92765855317107,9.073637232704641],[-82.93485869717395,9.476470209204166],[-82.54605092101843,9.564484136842722],[-82.18604372087442,9.209043275225497],[-82.20764415288306,8.995778758255156],[-81.81163623272467,8.95177179443587],[-81.71083421668435,9.033015419948384],[-81.43722874457491,8.78589939234783],[-80.94761895237906,8.856987564671286],[-80.52281045620913,9.110873894397884],[-79.91799835996721,9.313982958179153],[-79.57239144782896,9.611876251725022],[-79.01798035960721,9.554328683653665],[-79.06118122362449,9.456159302826052],[-78.49956999139984,9.41892264113281],[-78.05316106322128,9.246279936918725],[-77.72915458309167,8.948386643372856],[-77.35474709494191,8.670804256205116],[-77.47714954299087,8.525242760495203],[-77.23954479089583,7.9362264755294945],[-77.4339486789736,7.638333181983626],[-77.75075501510031,7.709421354307068],[-77.88035760715215,7.22534475229503]]]}},{"type":"Feature","id":"PER","properties":{"name":"Peru"},"geometry":{"type":"Polygon","coordinates":[[[-69.59299185983721,-17.581042237524755],[-69.85939718794377,-18.092200048040965],[-70.37060741214826,-18.34947152883059],[-71.37862757255147,-17.773995848116968],[-71.46502930058602,-17.3643925694914],[-73.44506890137804,-16.35900270377408],[-75.23790475809517,-15.26559891041822],[-76.00832016640334,-14.649501416948354],[-76.42592851857039,-13.823524557571162],[-76.26032520650415,-13.53578671721435],[-77.10274205484112,-12.222348104762105],[-78.08916178323568,-10.377440775415522],[-79.03958079161585,-8.386971950359012],[-79.44278885577712,-7.929976556851145],[-79.75959519190386,-7.195398776175537],[-80.53721074421489,-6.542064621012429],[-81.25002500050002,-6.1358464934498755],[-80.92601852037042,-5.689006553131065],[-81.40842816856339,-4.737779104422103],[-81.09882197643954,-4.037052834376695],[-80.29960599211985,-3.404029585591715],[-80.18440368807377,-3.8204031663433398],[-80.47240944818897,-4.060748891817852],[-80.44360887217745,-4.426345206624148],[-80.02600052001041,-4.345101581111635],[-79.62279245584912,-4.453426415128305],[-79.20518410368209,-4.957813923518486],[-78.63637272745456,-4.5482106448929045],[-78.44916898337968,-3.874565583351682],[-77.83715674313487,-3.0045817601552187],[-76.6347326946539,-2.6085190857817224],[-75.54751095021902,-1.5625074073081606],[-75.23070461409229,-0.9125584032080809],[-75.37470749414989,-0.150899414028288],[-75.10830216604333,-0.05611518426368889],[-74.43868877377548,-0.5300363330866702],[-74.12188243764876,-1.0039574819096515],[-73.66107322146445,-1.2612289626992634],[-73.07066141322828,-2.3106257922358537],[-72.32904658093163,-2.4358763815676383],[-71.77463549270986,-2.168449447588955],[-71.41462829256587,-2.3444773028660677],[-70.81701634032682,-2.2564633752275114],[-70.04660093201865,-2.72361422192445],[-70.69461389227786,-3.7425446918938405],[-70.3922078441569,-3.7662407493349974],[-69.89539790795817,-4.297709466229335],[-70.79541590831818,-4.250317351347036],[-70.9322186443729,-4.4026491491829916],[-71.74583491669834,-4.595602759775204],[-72.89065781315628,-5.276018123442483],[-72.96265925318508,-5.7397838190763935],[-73.22186443728876,-6.088454378567576],[-73.12106242124844,-6.630078548650985],[-73.72587451749037,-6.917816389007783],[-73.72587451749037,-7.34096027188545],[-73.98507970159405,-7.523758429288591],[-73.567471349427,-8.424208612052254],[-73.01306026120524,-9.033535803396077],[-73.22906458129164,-9.463449988399773],[-72.55945118902379,-9.520997556471144],[-72.18504370087403,-10.052466273365482],[-71.29942598851979,-10.07954748186964],[-70.47860957219146,-9.490531196903945],[-70.55061101222026,-11.010464024200488],[-70.09700194003881,-11.125559160343215],[-69.5281905638113,-10.952916456129131],[-68.66417328346569,-12.56086321106423],[-68.88017760355208,-12.899378317366356],[-68.93057861157224,-13.603489738474778],[-68.95217904358088,-14.453162655293113],[-69.3409868197364,-14.954165012620265],[-69.1609832196644,-15.323146478489576],[-69.39138782775657,-15.661661584791702],[-68.95937918758376,-16.50117904842098],[-69.59299185983721,-17.581042237524755]]]}},{"type":"Feature","id":"PHL","properties":{"name":"Philippines"},"geometry":{"type":"MultiPolygon","coordinates":[[[[126.37332746654931,8.41353277541549],[126.48132962659247,7.750043167063325],[126.53893077861551,7.188108090601801],[126.19332386647727,6.274117303586067],[125.8333166663333,7.2930477735554575],[125.36530730614606,6.7852751141022765],[125.68211364227284,6.050697333426655],[125.39410788215758,5.580161335666702],[124.22048440968814,6.162407318506354],[123.93967879357581,6.88344449492989],[124.2420848416968,7.3607507948158855],[123.60847216944336,7.834671943638867],[123.29886597731951,7.418298362887242],[122.8236564731294,7.458920175643499],[122.08204164083276,6.90037025024499],[121.91643832876656,7.191493241664816],[122.31244624892497,8.034395856357122],[122.93885877717548,8.315363394587877],[123.48606972139441,8.694500313646259],[123.83887677753552,8.240890071201406],[124.60209204184082,8.515087307306132],[124.76769535390702,8.961927247624942],[125.47330946618928,8.985623305066085],[125.41570831416624,9.760822898497963],[126.22212444248879,9.286901749674982],[126.30852617052335,8.782514241284815],[126.37332746654931,8.41353277541549]]],[[[123.98287965759312,10.278751011140216],[123.62287245744909,9.950391358027147],[123.3132662653253,9.317368109242167],[122.99645992919852,9.022859966759327],[122.37724754495088,9.713430783615664],[122.58605172103438,9.980857717594347],[122.83805676113519,10.261825255825102],[122.9460589211784,10.881307900357996],[123.50047000940015,10.942240619492381],[123.3348666973339,10.268595557951144],[124.07648152963054,11.233363610912207],[123.98287965759312,10.278751011140216]]],[[[118.50357007140138,9.317368109242167],[117.17154343086861,8.366140660533205],[117.66115322306445,9.066866930578598],[118.3883677673553,9.682964424048464],[118.98597971959435,10.376920391967829],[119.51159023180458,11.368769653433063],[119.69159383187662,10.552948247244927],[119.02918058361166,10.00455377503549],[118.50357007140138,9.317368109242167]]],[[[121.88043760875212,11.89008291713833],[122.48524970499409,11.582034170403404],[123.11886237724752,11.582034170403404],[123.09726194523887,11.165660589651779],[122.63645272905455,10.742516706774126],[122.00284005680112,10.441238262165228],[121.96683933678668,10.905003957799138],[122.0388407768155,11.416161768315348],[121.88043760875212,11.89008291713833]]],[[[125.5021100422008,12.164280153243055],[125.78291565831313,11.047180302446037],[125.01250025000496,11.311222085361692],[125.03410068201362,10.976092130122595],[125.2789055781115,10.359994636652715],[124.80369607392146,10.133189515430303],[124.76049520990415,10.837300936538725],[124.45808916178322,10.891463353547053],[124.29968599371983,11.494020242764847],[124.89009780195602,11.416161768315348],[124.87569751395023,11.79529868737373],[124.26368527370545,12.556957676553523],[125.22850457009139,12.536646770175395],[125.5021100422008,12.164280153243055]]],[[[121.52763055261101,13.068115487069733],[121.26122522450447,12.204901965999312],[120.83641672833454,12.70590432332645],[120.32520650413005,13.467563312506243],[121.18202364047278,13.430326650813],[121.52763055261101,13.068115487069733]]],[[[121.31882637652751,18.504668094281868],[121.93803876077516,18.21693025392507],[122.24764495289901,18.477586885777697],[122.33404668093357,18.223700556051114],[122.17564351287024,17.810712126362517],[122.51405028100561,17.09306010100201],[122.25484509690193,16.263698090561803],[121.66443328866575,15.93195328638572],[121.50603012060236,15.126287333386657],[121.72923458469165,14.327391682513635],[122.2620452409048,14.219066848496965],[122.70125402508046,14.337547135702707],[123.94687893757873,13.782382361367212],[123.85327706554125,13.237373040220788],[124.18448368967375,12.997027314746276],[124.07648152963054,12.536646770175395],[123.29886597731951,13.027493674313476],[122.93165863317262,13.552192089081771],[122.67245344906894,13.186595774275474],[122.03164063281264,13.78576751243024],[121.12442248844974,13.636820865657299],[120.62761255225104,13.856855684753683],[120.67801356027115,14.269844114442279],[120.99481989639787,14.523730444168876],[120.69241384827694,14.757305867517331],[120.56281125622507,14.395094703774063],[120.07320146402924,14.970570384487672],[119.92199843996877,15.407254871617425],[119.88599771995439,16.36525262245243],[120.28920578411567,16.033507818276348],[120.39000780015596,17.597447609392177],[120.7140142802856,18.504668094281868],[121.31882637652751,18.504668094281868]]]]}},{"type":"Feature","id":"PNG","properties":{"name":"Papua New Guinea"},"geometry":{"type":"MultiPolygon","coordinates":[[[[155.87951759035178,-6.819647008180169],[155.59871197423945,-6.921201540070811],[155.16670333406665,-6.535294318886386],[154.72749454989093,-5.902271070101406],[154.51149022980456,-5.140612080921628],[154.65549310986216,-5.042442700094014],[154.76349526990538,-5.340335993639883],[155.0659013180263,-5.567141114862309],[155.54831096621928,-6.200164363647289],[156.02352047040938,-6.538679469949415],[155.87951759035178,-6.819647008180169]]],[[[151.98423968479364,-5.479127187223753],[151.45862917258341,-5.5603708127362665],[151.30022600452003,-5.841338350967035],[150.75301506030115,-6.085069227504562],[150.24180483609666,-6.318644650853031],[149.70899417988358,-6.3152594997900025],[148.88817776355523,-6.027521659433191],[148.3193663873277,-5.746554121202436],[148.3985679713594,-5.438505374467496],[149.29858597171938,-5.584066870177409],[149.8457969159383,-5.506208395727924],[149.99699993999877,-5.0255169447789],[150.14100282005637,-5.001820887337757],[150.2346046920938,-5.533289604232095],[150.8106162123242,-5.45543112978261],[151.09142182843652,-5.113530872417456],[151.64583291665832,-4.758090010800231],[151.5378307566151,-4.169073725834522],[152.13544270885416,-4.148762819456394],[152.3370467409348,-4.314635221544435],[152.31544630892614,-4.866414844816902],[151.98423968479364,-5.479127187223753]]],[[[141.0328206564131,-9.118164579971605],[141.0184203684073,-5.858264106282135],[140.9968199363987,-2.6017487836556796],[142.73205464109276,-3.288934449449002],[144.58249164983295,-3.8610249790995965],[145.27370547410942,-4.372182789615806],[145.82811656233122,-4.876570298005973],[145.97931958639168,-5.465586582971667],[147.64975299505988,-6.085069227504562],[147.89455789115777,-6.613152793335871],[146.97293945878914,-6.721477627352556],[147.1889437788755,-7.38835238676775],[148.08176163523268,-8.045071692993872],[148.73697473949477,-9.10462397571952],[149.3057861157223,-9.070772465089306],[149.26978539570786,-9.514227254345101],[150.04020080401602,-9.683484807496157],[149.7377947558951,-9.873053267025355],[150.80341606832133,-10.29281199883998],[150.68821376427525,-10.58393499025982],[150.0258005160103,-10.651638011520234],[149.78099561991235,-10.394366530730622],[148.92417848356962,-10.279271394587894],[147.91615832316643,-10.130324747814967],[147.1385427708554,-9.493916347966973],[146.56973139462787,-8.942136724694507],[146.0513210264205,-8.068767750435015],[144.74089481789633,-7.6286981122422475],[143.89847796955934,-7.916435952599059],[143.28646572931456,-8.244795605712127],[143.41606832136637,-8.982758537450763],[142.63125262505247,-9.328043945878932],[142.0696413928278,-9.158786392727862],[141.0328206564131,-9.118164579971605]]],[[[153.14346286925735,-4.500818530010605],[152.82665653313063,-4.764860312926274],[152.63945278905572,-4.175844027960565],[152.40904818096357,-3.78993680677614],[151.95543910878212,-3.461577153663086],[151.3866277325546,-3.035048119722404],[150.65941318826373,-2.74053997723955],[150.94021880437606,-2.500194251765052],[151.48022960459207,-2.7811617899958065],[151.81863637272744,-3.00119660909219],[152.2434448688973,-3.2415423345667023],[152.63945278905572,-3.6613010663813412],[153.0210604212084,-3.9795052663053383],[153.14346286925735,-4.500818530010605]]]]}},{"type":"Feature","id":"POL","properties":{"name":"Poland"},"geometry":{"type":"Polygon","coordinates":[[[15.015900318006345,51.10705798223964],[14.605492109842174,51.74685153315065],[14.684693693873868,52.0887517905158],[14.439888797775922,52.62360565847314],[14.072681453629059,52.98243167115339],[14.353487069741362,53.24985860513209],[14.123082461649204,53.757631264585285],[14.799895997919947,54.052139407068125],[16.362327246544908,54.51251995163901],[17.62235244704891,54.85103505794115],[18.623172463449237,54.68177750479009],[18.695173903478036,54.43804662825255],[19.659993199863976,54.424506024000465],[20.89121782435646,54.312796038920766],[22.734454689093752,54.32633664317285],[23.245664913298242,54.22139696021918],[23.483269665393294,53.913348213484255],[23.526470529410574,53.469893424228474],[23.807276145522877,53.09075650517008],[23.80007600152001,52.69130867973357],[23.202464049280962,52.48819961595231],[23.50487009740192,52.02443392031839],[23.526470529410574,51.57759397999959],[24.03048060961217,50.704225005740085],[23.922478449568956,50.42325746750933],[23.425668513370255,50.30816233136662],[22.518450369007354,49.47541516986337],[22.777655553111032,49.02857522954457],[22.561651233024634,49.08612279761593],[21.611232224644482,49.46864486773734],[20.89121782435646,49.32985367415347],[20.416008320166384,49.4314082060441],[19.82559651193023,49.21814368907377],[19.321586431728605,49.57019939962797],[18.911178223564463,49.43479335710714],[18.853577071541395,49.49572607624151],[18.39276785535708,49.98995813144262],[17.65115302306043,50.04750569951398],[17.557551151023006,50.36232474837496],[16.866337326746503,50.47403473345466],[16.722334446688905,50.21676325266503],[16.17512350247003,50.42325746750933],[16.239924798495935,50.697454703614056],[15.491109822196421,50.7854686312526],[15.015900318006345,51.10705798223964]]]}},{"type":"Feature","id":"PRI","properties":{"name":"Puerto Rico"},"geometry":{"type":"Polygon","coordinates":[[[-66.28092561851238,18.51482354747094],[-65.7697153943079,18.426809619832383],[-65.5897117942359,18.227085707114128],[-65.84891697833957,17.97658452845056],[-66.5977319546391,17.9833548305766],[-67.18094361887239,17.94611816888336],[-67.24574491489831,18.37603235388707],[-67.10174203484071,18.521593849596982],[-66.28092561851238,18.51482354747094]]]}},{"type":"Feature","id":"PRK","properties":{"name":"North Korea"},"geometry":{"type":"Polygon","coordinates":[[[130.64301286025716,42.39367914602292],[130.7798155963119,42.22103644180882],[130.39820796415927,42.27858400988018],[129.96619932398642,41.94006890357805],[129.6637932758655,41.601553797275926],[129.70699413988274,40.88390177191542],[129.18858377167538,40.66048180175602],[129.0085801716034,40.48445394647891],[128.63417268345364,40.18994580399607],[127.96455929118576,40.024073401908026],[127.53255065101297,39.75664646792934],[127.50375007500145,39.32334713186262],[127.38854777095537,39.21502229784595],[127.78455569111378,39.05253504682092],[128.34616692333844,38.612465408628154],[128.20216404328085,38.36873453209063],[127.77735554711091,38.30441666189323],[127.07174143482865,38.25702454701093],[126.68293365867316,37.803414304566076],[126.23652473049458,37.840650966259304],[126.17172343446867,37.74925188755773],[125.6893137862757,37.93882034708693],[125.5669113382267,37.75263703862076],[125.2789055781115,37.66800826204522],[125.24290485809712,37.85757672157442],[124.98369967399344,37.94897580027599],[124.71009420188398,38.10807790023799],[124.98369967399344,38.548147538430754],[125.22130442608847,38.666627825636496],[125.1349026980539,38.84942598303965],[125.38690773815472,39.38766500206003],[125.32210644212881,39.550152253085045],[124.7388947778955,39.661862238164744],[124.26368527370545,39.92928917214343],[125.07730154603087,40.56908272305445],[126.17892357847154,41.10732174207483],[126.87013740274801,41.818203465309296],[127.34534690693812,41.50338441644831],[128.2093641872837,41.466147754755085],[128.05096101922032,41.994231320586394],[129.59899197983958,42.424145505590104],[129.994999899998,42.98608058205161],[130.64301286025716,42.39367914602292]]]}},{"type":"Feature","id":"PRT","properties":{"name":"Portugal"},"geometry":{"type":"Polygon","coordinates":[[[-9.032580651613046,41.87913618444367],[-8.672573451469049,42.133022514170264],[-8.262165243304878,42.281969160943206],[-8.010160203204094,41.791122256805124],[-7.419748394967911,41.791122256805124],[-7.254145082901687,41.91975799719992],[-6.6709334186683975,41.882521335506695],[-6.390127802556066,41.38151897817954],[-6.850937018740382,41.110706893137845],[-6.865337306746142,40.33212214864295],[-7.023740474809529,40.183175501870025],[-7.066941338826808,39.71263950411007],[-7.498949978999605,39.62801072753453],[-7.095741914838328,39.02883898937978],[-7.376547530950631,38.37211968315364],[-7.030940618812394,38.07422638960777],[-7.167743354867127,37.803414304566076],[-7.53495069901399,37.42766253657072],[-7.455749114982325,37.09930288345765],[-7.8589571791436015,36.83864625160501],[-8.384567691353851,36.97743744518888],[-8.895777915558341,36.86911261117221],[-8.744574891497848,37.65108250673012],[-8.838176763535301,38.267180000199986],[-9.284585691713858,38.358579078901556],[-9.529390587811776,38.73771599795994],[-9.450189003780082,39.39105015312305],[-9.046980939618805,39.75664646792934],[-8.974979499590006,40.15947944442887],[-8.766175323506502,40.76203633364666],[-8.787775755515128,41.185180216524316],[-8.989379787595766,41.54400622920457],[-9.032580651613046,41.87913618444367]]]}},{"type":"Feature","id":"PRY","properties":{"name":"Paraguay"},"geometry":{"type":"Polygon","coordinates":[[[-62.68805376107524,-22.249165553431077],[-62.29204584091683,-21.050822077121552],[-62.26324526490531,-20.51258305810117],[-61.78803576071523,-19.632443781715637],[-60.04560091201826,-19.34132079029581],[-59.11678233564673,-19.358246545610925],[-58.180763615272326,-19.869404356127134],[-58.166363327266566,-20.17745310286206],[-57.871157423148475,-20.732617877197555],[-57.935958719174394,-22.090063453469078],[-56.88473769475391,-22.28301706406129],[-56.47432948658975,-22.086678302406057],[-55.797515950319024,-22.357490387447754],[-55.610312206244146,-22.65538368099363],[-55.51671033420669,-23.572759619072386],[-55.40150803016061,-23.95528168919379],[-55.02710054201086,-24.00267380407609],[-54.652693053861086,-23.84018655305107],[-54.29268585371709,-24.019599559391196],[-54.29268585371709,-24.571379182663662],[-54.42948858977181,-25.16378061869238],[-54.623892477849566,-25.739256299405994],[-54.78949578991582,-26.622780726854543],[-55.696713934278705,-27.38782486709735],[-56.48872977459551,-27.54692696705935],[-57.6119522390448,-27.394595169223393],[-58.619972399448,-27.12378308418169],[-57.63355267105344,-25.603850256885146],[-57.777555551111035,-25.16378061869238],[-58.80717614352288,-24.771103095381918],[-60.0312006240125,-24.03314016364328],[-60.844816896337946,-23.880808365807326],[-62.68805376107524,-22.249165553431077]]]}},{"type":"Feature","id":"QAT","properties":{"name":"Qatar"},"geometry":{"type":"Polygon","coordinates":[[[50.8078161563231,24.753656956619125],[50.743014860297166,25.48146443516869],[51.01662033240663,26.006162849936985],[51.283025660513175,26.11448768395367],[51.59263185263703,25.799668635092686],[51.60703214064279,25.214037501190006],[51.39102782055639,24.628406367287326],[51.11022220444406,24.557318194963884],[50.8078161563231,24.753656956619125]]]}},{"type":"Feature","id":"ROU","properties":{"name":"Romania"},"geometry":{"type":"Polygon","coordinates":[[[22.712854257085127,47.88100901918037],[23.144862897257923,48.09765868721374],[23.764075281505598,47.98594870213404],[24.404888097761926,47.982563551070996],[24.865697313946242,47.738832674533484],[25.211304226084508,47.89116447236944],[25.94571891437826,47.98594870213404],[26.197723954479073,48.21952412548248],[26.622532450648976,48.21952412548248],[26.92493849876996,48.12473989571791],[27.234544690893784,47.826846602172026],[27.55135102702053,47.40370271929436],[28.127362547250925,46.811301283265635],[28.16336326726531,46.371231645072896],[28.055361107222126,45.944702611132215],[28.23536470729411,45.48770721762435],[28.681773635472695,45.30490906022118],[29.149782995659876,45.46401116018319],[29.603392067841327,45.294753607032135],[29.62499249984998,45.034096975179494],[29.14258285165701,44.82083245820914],[28.840176803536053,44.912231536910724],[28.55937118742372,43.707117758475164],[27.968959379187567,43.812057441428806],[27.24174483489668,44.17765375623512],[26.068121362427235,43.94407833288665],[25.571311426228505,43.68680685209702],[24.10248204964097,43.74096926910536],[23.3320666413328,43.896686218004334],[22.943258865177285,43.82221289461788],[22.655253105062087,44.23520132430647],[22.475249504990074,44.40784402852054],[22.705654113082232,44.57710158167163],[22.460849216984315,44.70235217100341],[22.144042880857597,44.478932200844014],[21.560831216624308,44.77005519226384],[21.481629632592615,45.17965847088939],[20.8768175363507,45.41661904530088],[20.76161523230462,45.7348232452249],[20.22160443208861,46.127500768535356],[21.0208204164083,46.317069228064554],[21.625632512650242,46.994099440668805],[22.100842016840318,47.671129653273056],[22.712854257085127,47.88100901918037]]]}},{"type":"Feature","id":"RUS","properties":{"name":"Russia"},"geometry":{"type":"MultiPolygon","coordinates":[[[[143.64647292945853,50.748231969559384],[144.65449308986177,48.977797963599244],[143.17126342526848,49.30615761671231],[142.55925118502364,47.860698112802226],[143.53127062541245,46.838382491769806],[143.50247004940093,46.13765622172443],[142.74645492909855,46.74021311094219],[142.09124182483646,45.96839866857334],[141.90403808076155,46.80453098113961],[142.01924038480763,47.77945448728974],[141.90403808076155,48.859317676393516],[142.13444268885377,49.61420636344724],[142.17764355287102,50.95134103334064],[141.59443188863776,51.936419992679845],[141.68083361667232,53.30063587107742],[142.60965219304381,53.7610164156483],[142.20644412888254,54.224782111282195],[142.65285305706112,54.36695845592911],[142.9120582411648,53.70346884757694],[143.25766515330304,52.742085945678895],[143.23606472129438,51.75700698633972],[143.64647292945853,50.748231969559384]]],[[[22.734454689093752,54.32633664317285],[20.89121782435646,54.312796038920766],[19.659993199863976,54.424506024000465],[19.890397807956134,54.86457566219323],[21.265625312506216,55.18955016424326],[22.316846336926716,55.01690746002919],[22.756055121102406,54.857805360067175],[22.648052961059193,54.58360812396245],[22.734454689093752,54.32633664317285]]],[[[-175.017500350007,66.58396864237284],[-174.34068681373628,66.33685261477228],[-174.57109142182844,67.06127494225882],[-171.85663713274266,66.91232829548588],[-169.8981979639593,65.97802660209203],[-170.89181783635672,65.54134211496228],[-172.53345066901338,65.43640243200863],[-172.55505110102203,64.4614789258585],[-172.9582591651833,64.25159955995119],[-173.8942778855577,64.28206591951837],[-174.657493149863,64.63073647900956],[-175.98231964639294,64.92185947042938],[-176.2055241104822,65.35515880649612],[-177.2207444148883,65.52103120858416],[-178.35836716734335,65.38901031712632],[-178.90557811156222,65.74106602768055],[-178.68957379147582,66.11343264461289],[-179.88479769595392,65.87308691913836],[-179.43118862377247,65.4025509213784],[-180.0,64.97940703850074],[-180.0,68.96372983967677],[-177.5519510390208,68.19868569943398],[-174.93109862197244,67.20683643796875],[-175.017500350007,66.58396864237284]]],[[[179.99999999999994,70.8323332264645],[178.9055781115622,70.7815559605192],[178.7255745114902,71.0997601604432],[179.99999999999994,71.5161337411948],[179.99999999999994,70.8323332264645]]],[[[-178.69677393547872,70.8932659455989],[-180.0,70.8323332264645],[-180.0,71.5161337411948],[-179.87039740794816,71.55675555395106],[-179.0207804156083,71.55675555395106],[-177.5807516150323,71.26901771359425],[-177.66715334306687,71.1336116710734],[-178.69677393547872,70.8932659455989]]],[[[143.60327206544127,73.21209442376846],[142.0840416808336,73.2053241216424],[140.03920078401563,73.3170341067221],[139.86639732794652,73.37119652373045],[140.8096161923238,73.76387404704093],[142.06244124882494,73.85865827680553],[143.48086961739233,73.47613620668412],[143.60327206544127,73.21209442376846]]],[[[150.73141462829255,75.0840829616192],[149.5793915878317,74.68802028724573],[147.98095961919233,74.77941936594729],[146.11612232244642,75.17209688925777],[146.36092721854436,75.4970713913078],[148.22576451529028,75.34473959347184],[150.73141462829255,75.0840829616192]]],[[[145.08650173003457,75.56138926150521],[144.3016860337206,74.82004117870355],[140.61521230424603,74.84712238720772],[138.95197903958075,74.61016181279624],[136.97193943878875,75.26011081689632],[137.51195023900476,75.95068163375265],[138.8295765915318,76.13686494221884],[141.47202944058876,76.09285797839954],[145.08650173003457,75.56138926150521]]],[[[57.532750655013075,70.7206232413848],[56.94233884677692,70.63260931374626],[53.68067361347224,70.76124505414106],[53.414268285365694,71.20808499445988],[51.59983199663989,71.47551192843855],[51.455829116582294,72.01375094745893],[52.47824956499127,72.2304006154923],[52.44224884497686,72.77540993663871],[54.42948858977178,73.62846800452007],[53.50787015740312,73.75033344278884],[55.90551811036218,74.62708756811134],[55.63191263825274,75.08069781055619],[57.871157423148446,75.6087813763875],[61.168823376467515,76.25196007836155],[64.49528990579807,76.4381433868277],[66.20892417848353,76.81051000376004],[68.16016320326403,76.93914574415487],[68.85137702754054,76.54646822084439],[68.18176363527269,76.23503432304645],[64.6392927858557,75.73741711678232],[61.58643172863455,75.26011081689632],[58.47596951939036,74.30888336818734],[56.9855397107942,73.33395986203723],[55.415908318166345,72.37257696013918],[55.62471249424985,71.53982979863596],[57.532750655013075,70.7206232413848]]],[[[130.7798155963119,42.22103644180882],[130.64301286025716,42.39367914602292],[130.6358127162543,42.901451805476086],[131.14702294045878,42.92853301398026],[131.29102582051638,44.10995073497469],[131.02462049240984,44.96639395391907],[131.88143762875256,45.321834815536306],[133.09826196523926,45.14242180919618],[133.76787535750714,46.117345315346284],[134.11348226964537,47.21413425976519],[134.50229004580086,47.57973057457147],[135.02790055801114,48.476795606272105],[133.37186743734873,48.182287463789265],[132.50785015700308,47.78960994047878],[130.9886197723954,47.78960994047878],[130.58541170823412,48.73068193599872],[129.39738794775894,49.44156365923317],[127.65495309906197,49.759767859157165],[127.28774575491508,50.74146166743333],[126.94213884277684,51.35417400984019],[126.56773135462709,51.78408819484389],[125.94851897037938,52.79286321162422],[125.070101402028,53.16184467749352],[123.57247144942897,53.4597379710394],[122.24764495289901,53.43265676253523],[121.0020200404008,53.24985860513209],[120.17400348006959,52.752241398867966],[120.72841456829133,52.51528082445648],[120.7356147122942,51.963501201184016],[120.18120362407245,51.641911850196976],[119.28118562371242,50.58235956747134],[119.28838576771534,50.142289929278576],[117.87715754315082,49.51265183155661],[116.68193363867272,49.888403599551964],[115.48670973419468,49.803774822976436],[114.9610992219844,50.13890477821556],[114.36348726974535,50.24722961223222],[112.89465789315784,49.543118191123796],[111.58423168463366,49.377245789035754],[110.66261325226503,49.1301297614352],[109.40258805176103,49.29261701246023],[108.47376947538947,49.282461559271155],[107.86895737914756,49.793619369787365],[106.88973779475589,50.27431082073639],[105.88891777835556,50.40633171219423],[104.62169243384864,50.27431082073639],[103.67847356947135,50.09151266333325],[102.2528450569011,50.51127139514787],[102.06564131282624,51.259389780075594],[100.8920178403568,51.51666126086519],[99.9847996959939,51.63514154807095],[98.86157723154457,52.048129977759544],[97.82475649512986,51.01227375247504],[98.23516470329406,50.42325746750933],[97.2631452629052,49.725916348526965],[95.81591631832634,49.976417527190534],[94.81509630192602,50.01365418888375],[94.14548290965814,50.48080503558069],[93.10146202924057,50.49434563983277],[92.23744474889497,50.80239438656773],[90.71101422028437,50.331858388807746],[88.80297605952114,49.47203001880035],[87.75175503510064,49.29600216352324],[87.36294725894516,49.214758538010756],[86.83013660273201,49.82747088041759],[85.54131082621649,49.69206483789674],[85.11650233004656,50.11859387183742],[84.41808836176722,50.31154748242963],[83.93567871357425,50.89040831420627],[83.38126762535245,51.069821320546396],[81.94843896877933,50.81254983975677],[80.56601132022638,51.38802552047039],[80.03320066401324,50.8633271057021],[77.80115602312043,53.40557555403106],[76.52673053461064,54.17738999639991],[76.89393787875753,54.49220904526089],[74.38828776575528,53.547751898677944],[73.42346846936937,53.49020433060659],[73.50987019740393,54.035213651753025],[72.22104442088838,54.37711390911815],[71.17702354047077,54.13338303258064],[70.86741734834695,55.169239257865144],[69.06738134762693,55.38588892589851],[68.16736334726693,54.969515345146874],[65.66891337826755,54.60053387927758],[65.17930358607168,54.35341785167702],[61.43522870457406,54.00474729218584],[60.98161963239261,53.6662321858837],[61.70163403268063,52.97904652009038],[60.73681473629469,52.71838988823774],[60.92401848036957,52.447577803196054],[59.96639932798652,51.96011605012097],[61.58643172863455,51.27293038432768],[61.33442668853374,50.799009235504684],[59.93039860797214,50.84301619932398],[59.64239284785694,50.5451229057781],[58.36076721534428,51.06305101842034],[56.77673553471067,51.042740112042225],[55.7183143662873,50.6229813802276],[54.5302906058121,51.025814356727125],[52.32704654093078,51.719770324646476],[50.76461529230582,51.692689116142304],[48.70537410748213,50.60605562491247],[48.57577151543029,49.87486299529988],[47.546150923018445,50.453723827076516],[46.75413508270162,49.35693488265764],[47.04214084281682,49.15044066781334],[46.466129322586426,48.39555198075959],[47.31574631492626,47.71513661709233],[48.057361147222906,47.7422178255965],[48.698173963479235,47.07534306618132],[48.59017180343605,46.560800104602066],[49.10138202764054,46.39831285357707],[48.64777295545909,45.805911417548344],[47.675753515070284,45.6400390154603],[46.682133642672824,44.60756794123881],[47.589351787035724,43.65972564359285],[47.49574991499827,42.98608058205161],[48.582971659433156,41.808048012120224],[47.98535970719411,41.4052150356207],[47.81255625112499,41.1513287058941],[47.373347466949326,41.21903172715453],[46.68933378667572,41.82835891849835],[46.408528170563386,41.86221042912857],[45.77491549830995,42.09240070141401],[45.472509450188966,42.502003980039575],[44.536490729814574,42.711883345946916],[43.93167863357266,42.55616639704792],[43.75887517750351,42.7423497055141],[42.390847816956324,43.21965600540008],[40.92201844036879,43.38214325642511],[40.07960159203182,43.55478596063921],[39.95719914398285,43.43630567343345],[38.682773655473085,44.279208288125744],[37.53795075901516,44.65834520718414],[36.67393347866954,45.24397634108681],[37.40114802296043,45.40307844104879],[38.23636472729453,46.239210753615055],[37.674753495069865,46.63527342798855],[39.150783015660295,47.044876706614104],[39.121982439648775,47.26491152571049],[38.22196443928877,47.10242427468549],[38.257965159303154,47.54587906394127],[38.769175383507644,47.826846602172026],[39.74119482389645,47.89793477449547],[39.89239784795694,48.233064729734565],[39.676393527870545,48.78484435300703],[40.07960159203182,49.30615761671231],[40.07240144802893,49.60066575919518],[38.596371927438526,49.925640261245206],[38.013160263205236,49.915484808056135],[37.39394787895756,50.382635654753074],[36.623532470649394,50.226918705854104],[35.3563071261425,50.575589265345286],[35.37790755815115,50.775313178063556],[35.02510050201002,51.208612514130266],[34.22588451769033,51.25600462901255],[34.13948278965577,51.56743852681052],[34.39148782975656,51.770547590591804],[33.750675013500256,52.335867818116355],[32.71385427708552,52.23769843728874],[32.41144822896456,52.28847570323404],[32.15944318886375,52.06167058201163],[31.78503570071399,52.102292394767886],[31.540230804616073,52.742085945678895],[31.30262605252102,53.07383074985498],[31.497029940598793,53.168614979619576],[32.303446068921346,53.131378317926334],[32.69225384507689,53.35141313702272],[32.404248084961665,53.618840071001415],[31.734634692693817,53.7948679262785],[31.792235844716856,53.974280932618626],[31.381827636552714,54.157079090021796],[30.755415108302145,54.81041324518489],[30.971419428388543,55.08122533022657],[30.870617412348224,55.551761327986554],[29.89859797195942,55.78872190239804],[29.37298745974917,55.67024161519228],[29.22898457969157,55.91735764279284],[28.17776355527107,56.167858821456406],[27.853757075141488,56.76026025748513],[27.76735534710693,57.24433685949717],[27.28494569891396,57.47452713178262],[27.716954339086755,57.79273133170662],[27.421748434968663,58.723647874037454],[28.13456269125379,59.30250870581409],[27.983359667193326,59.47515141002819],[29.120982419648357,60.026931033300656],[28.069761395227886,60.50423733318664],[30.20820416408327,61.78043928394567],[31.137022740454796,62.359300115722306],[31.51863037260742,62.86707277517547],[30.035400708014123,63.554258440968795],[30.445808916178294,64.20420744506887],[29.545790915818287,64.94894067893355],[30.215404308086136,65.80538389787793],[29.05618112362245,66.94279465505309],[29.977799555991083,67.69768334210681],[28.444168883377642,68.36455810152202],[28.595371907438135,69.0652843715674],[29.40178803576069,69.15668345026899],[31.101022020440382,69.55951642676851],[32.13064261285223,69.90480183519668],[33.77227544550888,69.30224494597891],[36.51553031060618,69.06189922050439],[40.29560591211822,67.93125876545528],[41.05882117642349,67.45733761663232],[41.123622472449426,66.79046285721714],[40.01480029600589,66.26576444244884],[38.38036760735213,65.99833750847014],[33.91627832556648,66.75999649764992],[33.18186363727273,66.63136075725512],[34.81629632592649,65.90016812764253],[34.88109762195242,65.43640243200863],[34.945898917978326,64.41408681097619],[36.23472469449388,64.10942321530428],[37.01234024680491,63.84876658345166],[37.14194283885675,64.33622833652672],[36.537130742614835,64.76614252153041],[37.17794355887116,65.14189428952577],[39.589991799835985,64.52241164499287],[40.432408648172924,64.76614252153041],[39.762795255905104,65.497335151143],[42.09564191283823,66.47564380835615],[43.017260345206864,66.4180962402848],[43.953279065581285,66.06942568079359],[44.52929058581168,66.75661134658691],[43.70127402548047,67.35239793367865],[44.19088381767634,67.95156967183343],[43.44926898537969,68.57105231636632],[46.25012500250003,68.24946296537928],[46.81893637872756,67.69091303998079],[45.55171103422066,67.565662450649],[45.558911178223525,67.01049767631352],[46.35092701854035,66.66859741894837],[47.89175783515668,66.8852470869817],[48.1365627312546,67.52165548682973],[50.22460449208981,67.99896178671571],[53.71667433348665,68.8587901567231],[54.47268945378906,68.8080128907778],[53.48626972539449,68.202070850497],[54.72469449388984,68.09713116754332],[55.444708894177865,68.43903142490848],[57.31674633492668,68.46611263341265],[58.79997599951997,68.88248621416426],[59.9447988959779,68.27992932494647],[61.07522150443006,68.94003378223562],[60.031200624012456,69.51889461401225],[60.54961099221981,69.85063941818834],[63.50167003340064,69.54597582251643],[64.89129782595649,69.23454192471849],[68.51297025940517,68.09374601648031],[69.18258365167301,68.61505928018559],[68.16736334726693,69.1431428460169],[68.13856277125541,69.35640736298723],[66.92893857877155,69.45457674381487],[67.26014520290403,69.92849789263784],[66.72733454669091,70.71046778819576],[66.6913338266765,71.02867198811975],[68.54177083541668,71.93589247300943],[69.19698393967877,72.84311295789914],[69.93859877197542,73.03945171955436],[72.58825176503527,72.77540993663871],[72.7970559411188,72.22024516230323],[71.84663693273862,71.40780890717812],[72.47304946098919,71.08960470725413],[72.7898557971159,70.39226358827173],[72.56665133302664,69.02127740774813],[73.66827336546729,68.40856506534129],[73.23626472529449,67.74169030592611],[71.27782555651109,66.31992685945718],[72.42264845296904,66.17098021268424],[72.81865637312742,66.53319137642751],[73.92027840556807,66.79046285721714],[74.18668373367464,67.28469491241822],[75.05070101402026,67.76200121230423],[74.46748934978697,68.32732143982878],[74.93549870997418,68.99081104818094],[73.8410768215364,69.07205467369346],[73.60347206944135,69.62721944802894],[74.40268805376104,70.63260931374626],[73.09946198923976,71.44843071993438],[74.8922978459569,72.12207578147562],[74.66189323786472,72.83295750471007],[75.15870317406345,72.85665356215122],[75.6843136862737,72.30148878781574],[75.28830576611529,71.33672073485468],[76.36112722254444,71.15392257745154],[75.9003180063601,71.87495975387506],[77.57795155903113,72.26763727718551],[79.65159303186061,72.32179969419386],[81.5020300406008,71.74970916454328],[80.60921218424363,72.5824563260465],[80.50841016820334,73.64877891089819],[82.25084501690031,73.84850282361646],[84.65569311386224,73.80449585979719],[86.82293645872915,73.936516751255],[86.00932018640367,74.4612151660233],[87.16854337086738,75.11793447224943],[88.3133662673253,75.1450156807536],[90.25740514810292,75.63924773595471],[92.89985799715993,75.77465377847554],[93.23106462129238,76.04885101458026],[95.8591171823436,76.14025009328185],[96.67993359867194,75.91683012312245],[98.91917838356761,76.44829884001678],[100.76241524830493,76.43137308470168],[101.0360207204144,76.86128726970537],[101.99363987279742,77.28781630364605],[104.34808696173923,77.69741958227164],[106.06892137842755,77.37244508022158],[104.7080941618832,77.12871420368404],[106.96893937878752,76.97299725478507],[107.24254485089699,76.47876519958396],[108.15696313926276,76.7224960761215],[111.08022160443204,76.70895547186942],[113.3338666773335,76.22149371879436],[114.13308266165319,75.84912710186202],[113.8882777655553,75.32781383815674],[112.77945558911176,75.0333056956739],[110.15140302806054,74.4781409213384],[109.40258805176103,74.18024762779254],[110.64101282025638,74.04145643420867],[112.11704234084681,73.78757010448206],[113.01706034120679,73.97713856401126],[113.52827056541128,73.33395986203723],[113.96747934958694,73.59461649388984],[115.56591131822631,73.75371859385186],[118.77717554351085,73.58784619176382],[119.02198043960874,73.12069534506688],[123.19806396127922,72.97174869829394],[123.25566511330226,73.73340768747374],[125.37970759415185,73.56076498325965],[126.97813956279123,73.56415013432266],[128.59097181943633,73.03945171955436],[129.05178103562065,72.39965816864336],[128.46136922738452,71.9798994368287],[129.71419428388566,71.1945443902078],[131.29102582051638,70.78832626264523],[132.25584511690232,71.83772309218182],[133.8542770855417,71.38749800080001],[135.56071121422423,71.65492493477868],[137.49754995099897,71.34687618804375],[138.23196463929276,71.6278437262745],[139.86639732794652,71.48905253269064],[139.14638292765852,72.41658392395846],[140.47120942418843,72.8498832600252],[149.50019000380001,72.19993425592509],[150.34980699613988,71.60753281989639],[152.97065941318823,70.84248867965357],[157.00994019880392,71.03205713918277],[158.99717994359884,70.86618473709473],[159.8323966479329,70.45319630740613],[159.70999419988397,69.72200367779354],[160.94121882437645,69.43765098849974],[162.28044560891215,69.64076005228102],[164.05168103362064,69.6678412607852],[165.9381187623752,69.47150249912997],[167.83895677913551,69.58321248420967],[169.57419148382962,68.69291775463506],[170.8198163963279,69.0145071056221],[170.00620012400242,69.65430065653311],[170.452609052181,70.09775544578889],[173.6422728454569,69.81678790755814],[175.72311446228923,69.87772062669251],[178.6031720634412,69.40041432680653],[179.99999999999994,68.96372983967677],[179.99999999999994,64.97940703850074],[179.99279985599708,64.97602188743772],[178.70397407948155,64.53595224924496],[177.40794815896317,64.6070404215684],[178.315166303326,64.07557170467408],[178.9055781115622,63.2529799963599],[179.37358747174937,62.982167911318214],[179.48878977579545,62.56917948162962],[179.22958459169178,62.30513769871396],[177.36474729494586,62.521787366747304],[174.57109142182838,61.7702838307566],[173.67827356547127,61.65180354355084],[172.15184303686067,60.95107727350546],[170.69741394827895,60.33497978003558],[170.33020660413206,59.88136953759073],[168.89737794755894,60.571940354447065],[166.29812596251924,59.78997045888917],[165.83731674633486,60.15895192475847],[164.87969759395185,59.73242289081779],[163.54047080941615,59.86782893333864],[163.21646432928657,59.211109627112535],[162.0140402808056,58.24295642308843],[162.05004100082,57.840123446588905],[163.1948638972779,57.61670347642951],[163.05806116122318,56.157703368267335],[162.12924258485168,56.123851857637135],[161.70443408868175,55.28433439400786],[162.1148422968459,54.85442020900416],[160.36520730414605,54.34326239848795],[160.01960039200782,53.202466490249776],[158.52917058341166,52.958735613712264],[158.23396467929354,51.94319029480587],[156.78673573471468,51.01227375247504],[156.4195283905678,51.69945941826836],[155.99471989439786,53.158459526430505],[155.4331086621732,55.38250377483547],[155.91551831036617,56.767030559611186],[156.75793515870316,57.36620229776594],[156.80833616672328,57.833353144462876],[158.3635672713454,58.056773114622274],[160.14920298405963,59.31604931006618],[161.870037400748,60.34175008216164],[163.67007340146802,61.14064573303463],[164.47648952979057,62.55225372631452],[163.25966519330382,62.46762494973896],[162.6548530970619,61.6416480903618],[160.1204024080481,60.544859145942894],[159.29958599171982,61.77366898181961],[156.72193443868872,61.4351538755175],[154.2162843256865,59.75950409932196],[155.0443008860177,59.14340660585211],[152.81225624512484,58.882749973999466],[151.26422528450564,58.78119544210881],[151.33622672453447,59.505617769595375],[149.78099561991235,59.654564416368316],[148.542570851417,59.16371751223022],[145.48970979419585,59.33636021644432],[142.19924398487967,59.03846692289844],[138.95917918358361,57.0886199105982],[135.12870257405143,54.729169619672376],[136.6983339666793,54.60391903034059],[137.19514390287804,53.97766608368167],[138.16716334326685,53.75424611352224],[138.80797615952315,54.25524847084941],[139.9023980479609,54.190930600651996],[141.34242684853695,53.09075650517008],[141.37842756855133,52.23769843728874],[140.6008120162403,51.23907887369745],[140.51441028820574,50.04412054845096],[140.0608012160243,48.44632924670492],[138.55597111942234,47.00086974279483],[138.21756435128697,46.30691377487548],[136.86393727874554,45.14242180919618],[135.51751035020698,43.98808529670592],[134.86949738994775,43.39906901174021],[133.53747074941498,42.81005272677453],[132.9038580771615,42.79989727358546],[132.27744554891092,43.283973875597496],[130.93821876437528,42.5527812459849],[130.7798155963119,42.22103644180882]]],[[[105.07530150603009,78.30674677361546],[99.43758875177502,77.92083955243103],[101.26642532850656,79.23427816488328],[102.08724174483484,79.34598814996298],[102.83605672113441,79.28167027976556],[105.37050741014815,78.712964901178],[105.07530150603009,78.30674677361546]]],[[[51.139022780455576,80.54771677733552],[49.792595851917014,80.41569588587771],[48.89257785155701,80.34122256249123],[48.755775115502274,80.17535016040318],[47.589351787035724,80.00947775831514],[46.50213004260084,80.24643833272663],[47.07094141882834,80.5578722305246],[44.846096921938425,80.58833859009178],[46.7973359467189,80.77113674749492],[48.31656633132661,80.784677351747],[48.525370507410116,80.51386526670532],[49.094181883637646,80.75421099217982],[50.03740074801493,80.92008339426786],[51.52063041260823,80.70004857517148],[51.139022780455576,80.54771677733552]]],[[[99.94159883197659,78.88222245432905],[97.75995519910396,78.75697186499727],[94.97349946998935,79.04470970535408],[93.31026620532407,79.42723177547549],[92.54705094101877,80.144883800836],[91.17902358047155,80.34122256249123],[93.77827556551125,81.02502307722153],[95.93831876637529,81.25182819844395],[97.8823576471529,80.74744069005379],[100.18640372807454,79.77928748602969],[99.94159883197659,78.88222245432905]]]]}},{"type":"Feature","id":"RWA","properties":{"name":"Rwanda"},"geometry":{"type":"Polygon","coordinates":[[[30.417008340166774,-1.1359783733674789],[30.813016260325185,-1.6979134498290023],[30.755415108302145,-2.286929734794711],[30.467409348186948,-2.4121803241264956],[29.941798835976698,-2.347862453929082],[29.632192643852846,-2.9165678325166624],[29.02738054761093,-2.8387093580671774],[29.120982419648357,-2.293700036920754],[29.25778515570309,-2.2158415624712546],[29.293785875717504,-1.6200549753795173],[29.5817916358327,-1.342472588211777],[29.819396387927725,-1.4440271201024188],[30.417008340166774,-1.1359783733674789]]]}},{"type":"Feature","id":"ESH","properties":{"name":"Western Sahara"},"geometry":{"type":"Polygon","coordinates":[[[-8.665373307466183,27.658116568691355],[-8.665373307466183,27.59041354743094],[-8.686973739474809,27.3940747857757],[-8.686973739474809,25.8809122606052],[-11.970239404788117,25.931689526550514],[-11.934238684773703,23.375900473969466],[-12.87745754915099,23.284501395267895],[-13.122262445248936,22.769958433688657],[-12.927858557171163,21.3278840808416],[-16.844736894737906,21.334654382967642],[-17.060741214824304,20.999524427728545],[-17.017540350807025,21.4226683106062],[-17.003140062801265,21.419283159543184],[-14.74949498989983,21.500526785055683],[-14.634292685853723,21.859352797735937],[-14.22388447768958,22.309577889117776],[-13.892677853557103,23.69071952283045],[-12.503050061001233,24.770582711934225],[-12.027840556811157,26.029858907378127],[-11.718234364687305,26.104332230764598],[-11.394227884557722,26.88291697525949],[-10.551811036220755,26.991241809276175],[-10.19180383607673,26.862606068881362],[-9.738194763895308,26.862606068881362],[-9.414188283765696,27.08941119010379],[-8.794975899518022,27.119877549670974],[-8.816576331526647,27.658116568691355],[-8.665373307466183,27.658116568691355]]]}},{"type":"Feature","id":"SAU","properties":{"name":"Saudi Arabia"},"geometry":{"type":"Polygon","coordinates":[[[42.77965559311184,16.34832686713733],[42.65005300106,16.774855901078013],[42.347646952939044,17.076134345686896],[42.26844536890735,17.475582171123406],[41.75723514470286,17.83440818380366],[41.224424488489745,18.67054049636991],[40.93641872837455,19.486361902558045],[40.245204904098046,20.173547568351353],[39.79879597591949,20.339419970439394],[39.136382727654535,21.29064741914837],[39.021180423608456,21.98798853813075],[39.064381287625736,22.580389974159473],[38.495569911398206,23.68733437176742],[38.02036040720813,24.080011895077888],[37.48034960699212,24.286506109922186],[37.15634312686251,24.85859663957278],[37.20674413488268,25.085401760795207],[36.93313866277322,25.60332987343746],[36.637932758655154,25.826749843596858],[36.24912498249964,26.571483077461536],[35.63711274225483,27.3771490304606],[35.133102662053204,28.06433469625391],[34.62909258185161,28.057564394127866],[34.78749574991497,28.605958866337318],[34.83069661393225,28.95801457689153],[34.95309906198122,29.35746240232804],[36.069121382427625,29.198360302366027],[36.50113002260042,29.506409049100967],[36.73873477469547,29.86523506178122],[37.50195003900075,30.00402625536509],[37.667553351067,30.3391562106042],[37.99875997519948,30.508413763755257],[37.005140102802045,31.507033327346534],[39.006780135602696,32.0114208357367],[39.193983879677575,32.16036748250964],[40.39640792815854,31.88955539746793],[41.8868377367547,31.188829127422537],[44.70929418588369,29.178049395987912],[46.566931338626745,29.100190921538413],[47.459749194983885,29.0020215407108],[47.71175423508467,28.524715240824804],[48.41736834736693,28.551796449328975],[48.80617612352245,27.688582928258555],[49.30298605972118,27.46177780703613],[49.4685893717874,27.109722096481917],[50.15260305206101,26.68996336466728],[50.21020420408405,26.276974934978682],[50.116602332046625,25.9452301308026],[50.23900478009557,25.606715024500474],[50.52701054021077,25.329132637332734],[50.6638132762655,25.000772984219665],[50.8078161563231,24.753656956619125],[51.11022220444406,24.557318194963884],[51.39102782055639,24.628406367287326],[51.57823156463127,24.24588429716593],[51.61423228464565,24.01569402488049],[52.0030400608012,23.000148705974112],[55.005500110002174,22.495761197583946],[55.20710414208281,22.709025714554272],[55.66791335826713,22.001529142382836],[54.99829996599928,20.00090486413727],[52.0030400608012,18.998900149482978],[49.1157823156463,18.61637807936158],[48.17976359527188,18.166152987979743],[47.46694933898675,17.116756158443152],[46.99893997879954,16.95088375635511],[46.74693493869876,17.282628560531194],[46.36532730654611,17.23185129458588],[45.400508010160166,17.333405826476522],[45.21330426608529,17.43496035836715],[44.0612812256245,17.411264300926007],[43.794875897517926,17.319865222224436],[43.37726754535089,17.580521854077062],[43.11806236124721,17.08967494993898],[43.21886437728753,16.666531067061328],[42.77965559311184,16.34832686713733]]]}},{"type":"Feature","id":"SDN","properties":{"name":"Sudan"},"geometry":{"type":"Polygon","coordinates":[[[33.966679333586654,9.462929604952095],[33.822676453529056,9.483240511330209],[33.84427688553768,9.980857717594347],[33.72187443748874,10.326143126022515],[33.20346406928135,10.718820649332969],[33.08826176523527,11.439857825756505],[33.20346406928135,12.177820757495141],[32.74265485309704,12.248908929818583],[32.6778535570711,12.025488959659185],[32.07304146082919,11.974711693713857],[32.31064621292424,11.680203551231017],[32.3970479409588,11.081031813076251],[31.849836996739924,10.532637340866799],[31.353027060541194,9.811600164443277],[30.83461669233381,9.706660481489621],[29.999399987999738,10.292291615392301],[29.617792355847087,10.085797400548003],[29.516990339806767,9.794674409128177],[28.998579971599412,9.605105949598979],[28.969779395587892,9.398611734754681],[27.968959379187567,9.398611734754681],[27.832156643132834,9.605105949598979],[27.11214224284484,9.638957460229193],[26.752135042700843,9.466314756015109],[26.478529570591377,9.554328683653665],[25.96011920238402,10.136574666493317],[25.787315746314903,10.410771902598043],[25.06730134602691,10.275365860077187],[24.793695873917443,9.811600164443277],[24.534490689813765,8.917920283805671],[24.196083921678422,8.728351824276473],[23.88647772955457,8.620026990259788],[23.807276145522877,8.667419105142088],[23.46166923338464,8.9551569454989],[23.396867937358735,9.266590843296854],[23.555271105422094,9.67957927298545],[23.555271105422094,10.089182551611017],[22.97925958519167,10.715435498269954],[22.86405728114559,11.141964532210636],[22.87845756915135,11.385695408748163],[22.51125022500449,11.680203551231017],[22.49684993699873,12.259064383007654],[22.288045760915196,12.644971604192065],[21.935238704774065,12.587424036120709],[22.036040720814384,12.956405501990034],[22.295245904918062,13.372779082741644],[22.180043600871983,13.78576751243024],[22.51125022500449,14.093816259165166],[22.302446048920956,14.327391682513635],[22.568851377027528,14.943489175983501],[23.02246044920895,15.681452107722137],[23.88647772955457,15.610363935398695],[23.836076721534397,19.58114613232263],[23.850477009540157,20.00090486413727],[25.002500050000975,20.004290015200297],[25.002500050000975,22.001529142382836],[29.020180403608038,22.001529142382836],[32.901058021160395,22.001529142382836],[36.86833736674731,22.001529142382836],[37.18514370287403,21.019835334106673],[36.96913938278763,20.837037176703518],[37.11314226284523,19.807951253545056],[37.48034960699212,18.612992928298553],[37.86195723914477,18.369262051761027],[38.40916818336365,17.996895434828687],[37.90515810316205,17.428190056241107],[37.17074341486827,17.262317654153065],[36.85393707874155,16.957654058481154],[36.75313506270123,16.290779299065974],[36.32112642252844,14.821623737714745],[36.42912858257162,14.422175912278234],[36.27072541450826,13.562347542270828],[35.86031720634409,12.577268582931652],[35.26270525410504,12.083036527730542],[34.83069661393225,11.317992387487735],[34.72989459789193,10.911774259925181],[34.25468509370185,10.630806721694427],[33.95947918958376,9.58479504322085],[33.966679333586654,9.462929604952095]]]}},{"type":"Feature","id":"SSD","properties":{"name":"South Sudan"},"geometry":{"type":"Polygon","coordinates":[[[33.966679333586654,9.462929604952095],[33.97387947758952,8.684344860457202],[33.822676453529056,8.37968126478529],[33.297065941318806,8.355985207344133],[32.95145902918057,7.783894677693539],[33.570671413428244,7.7128065053700965],[34.07468149362984,7.22534475229503],[34.24748494969896,6.825896926858533],[34.7082941658833,6.595706654573078],[35.29870597411946,5.505688012280231],[34.62189243784874,4.845583554991094],[34.00268005360104,4.249796967899343],[33.39066781335623,3.7894164233284613],[32.685053701074,3.7928015743914756],[31.878637572751444,3.5592261510430063],[31.24502490049798,3.7826461212024185],[30.83461669233381,3.5084488850976925],[29.956199123982458,4.175323644512886],[29.718594371887406,4.601852678453554],[29.15698313966277,4.388588161483213],[28.696173923478455,4.456291182743641],[28.429768595371883,4.287033629592585],[27.983359667193326,4.408899067861341],[27.371347426948518,5.234875927238534],[27.21294425888516,5.5496949760995165],[26.464129282585617,5.9457576504729985],[26.212124242484833,6.544929388627764],[25.79451589031777,6.978228724694489],[25.12490249804995,7.499541988399756],[25.117702354047054,7.8245164904497955],[24.57049140982818,8.230734618012349],[23.88647772955457,8.620026990259788],[24.196083921678422,8.728351824276473],[24.534490689813765,8.917920283805671],[24.793695873917443,9.811600164443277],[25.06730134602691,10.275365860077187],[25.787315746314903,10.410771902598043],[25.96011920238402,10.136574666493317],[26.478529570591377,9.554328683653665],[26.752135042700843,9.466314756015109],[27.11214224284484,9.638957460229193],[27.832156643132834,9.605105949598979],[27.968959379187567,9.398611734754681],[28.969779395587892,9.398611734754681],[28.998579971599412,9.605105949598979],[29.516990339806767,9.794674409128177],[29.617792355847087,10.085797400548003],[29.999399987999738,10.292291615392301],[30.83461669233381,9.706660481489621],[31.353027060541194,9.811600164443277],[31.849836996739924,10.532637340866799],[32.3970479409588,11.081031813076251],[32.31064621292424,11.680203551231017],[32.07304146082919,11.974711693713857],[32.6778535570711,12.025488959659185],[32.74265485309704,12.248908929818583],[33.20346406928135,12.177820757495141],[33.08826176523527,11.439857825756505],[33.20346406928135,10.718820649332969],[33.72187443748874,10.326143126022515],[33.84427688553768,9.980857717594347],[33.822676453529056,9.483240511330209],[33.966679333586654,9.462929604952095]]]}},{"type":"Feature","id":"SEN","properties":{"name":"Senegal"},"geometry":{"type":"Polygon","coordinates":[[[-16.715134302686067,13.596199052901042],[-17.125542510850238,14.374783797395935],[-17.622352447048968,14.730224659013174],[-17.183143662873277,14.919793118542358],[-16.700734014680307,15.620519388587766],[-16.463129262585284,16.13506235016699],[-16.117522350447018,16.456651701154016],[-15.620712414248317,16.36863777351546],[-15.138302766055347,16.588672592611843],[-14.576691533830683,16.5988280458009],[-14.101482029640607,16.30431990331806],[-13.439068781375653,16.04027812040239],[-12.83425668513371,15.302315188663755],[-12.171843436868755,14.618514673933461],[-12.12144242884861,13.995646878337553],[-11.927038540770837,13.423556348686958],[-11.55263105262108,13.142588810456203],[-11.466229324586521,12.75329643820875],[-11.516630332606667,12.441862540410796],[-11.660633212664266,12.387700123402453],[-12.200644012880275,12.465558597851938],[-12.279845596911969,12.35384861277224],[-12.495849916998367,12.333537706394111],[-13.21586431728636,12.577268582931652],[-13.69827396547933,12.587424036120709],[-15.548710974219517,12.628045848876965],[-15.81511630232606,12.516335863797266],[-16.146322926458538,12.546802223364452],[-16.679133582671682,12.384314972339439],[-16.844736894737906,13.15274426364526],[-15.93031860637214,13.129048206204118],[-15.692713854277116,13.271224550851002],[-15.512710254205103,13.277994852977045],[-15.138302766055347,13.5081851252625],[-14.713494269885416,13.298305759355173],[-14.274285485709726,13.281380004040074],[-13.84227684553693,13.504799974199472],[-14.043880877617568,13.792537814556283],[-14.375087501750045,13.626665412468242],[-14.684693693873896,13.630050563531256],[-15.080701614032307,13.877166591131811],[-15.397507950159024,13.860240835816711],[-15.627912558251182,13.623280261405213],[-16.715134302686067,13.596199052901042]]]}},{"type":"Feature","id":"SLB","properties":{"name":"Solomon Islands"},"geometry":{"type":"MultiPolygon","coordinates":[[[[162.12204244084876,-10.482380458369178],[162.39564791295822,-10.827665866797346],[161.69723394467883,-10.820895564671304],[161.32282645652907,-10.204798071201438],[161.92043840876812,-10.445143796675936],[162.12204244084876,-10.482380458369178]]],[[[160.8548170963419,-9.873053267025355],[160.46600932018634,-9.896749324466498],[159.8467969359387,-9.795194792575856],[159.63799275985514,-9.639477843676886],[159.7027940558811,-9.24341516930339],[160.36520730414605,-9.399132118202374],[160.68921378427564,-9.609011484109686],[160.8548170963419,-9.873053267025355]]],[[[161.6828336566731,-9.59885603092063],[161.53163063261263,-9.785039339386799],[160.79001580031598,-8.91844066725335],[160.58121162423242,-8.319268929098584],[160.9196183923678,-8.319268929098584],[161.27962559251182,-9.121549731034634],[161.6828336566731,-9.59885603092063]]],[[[159.87559751195022,-8.336194684413698],[159.91879837596747,-8.539303748194968],[159.13398267965357,-8.1127747142543],[158.5867717354347,-7.753948701574046],[158.21236424728488,-7.422203897397964],[158.3635672713454,-7.320649365507322],[158.81717634352685,-7.560995090981834],[159.63799275985514,-8.021375635552715],[159.87559751195022,-8.336194684413698]]],[[[157.5355507110142,-7.347730574011493],[157.34114682293642,-7.4052781420828495],[156.90193803876076,-7.178473020860423],[156.49152983059656,-6.765484591171827],[156.54193083861674,-6.5996121890837856],[157.13954279085578,-7.022756071961453],[157.5355507110142,-7.347730574011493]]]]}},{"type":"Feature","id":"SLE","properties":{"name":"Sierra Leone"},"geometry":{"type":"Polygon","coordinates":[[[-11.437428748575002,6.7852751141022765],[-11.71103422068444,6.859748437488733],[-12.431048620972433,7.262581413988272],[-12.949458989179789,7.797435281945624],[-13.122262445248936,8.163031596751921],[-13.24466489329788,8.904379679553585],[-12.711854237084765,9.341064166683324],[-12.596651933038686,9.618646553851065],[-12.423848476969567,9.83529622188442],[-12.15024300486013,9.858992279325577],[-11.919838396767943,10.04856073885476],[-11.120622412448256,10.045175587791746],[-10.839816796335953,9.689734726174507],[-10.623812476249554,9.266590843296854],[-10.652613052261074,8.978853002940042],[-10.494209884197716,8.714811220024387],[-10.508610172203475,8.34921490521809],[-10.227804556091144,8.406762473289461],[-10.695813916278354,7.939611626592523],[-11.149422988459776,7.397987456509114],[-11.19982399647995,7.106864465089288],[-11.437428748575002,6.7852751141022765]]]}},{"type":"Feature","id":"SLV","properties":{"name":"El Salvador"},"geometry":{"type":"Polygon","coordinates":[[[-87.794955899118,13.382934535930701],[-87.9029580591612,13.149359112582246],[-88.48616972339448,13.162899716834332],[-88.84617692353848,13.261069097661945],[-89.25658513170265,13.457407859317172],[-89.8109962199244,13.521725729514571],[-90.09900198003962,13.734990246484912],[-90.06300126002522,13.880551742194825],[-89.72459449188985,14.134438071921423],[-89.53739074781497,14.246148057001122],[-89.58779175583513,14.36124319314385],[-89.35018700374009,14.425561063341249],[-89.054981099622,14.340932286765721],[-88.84617692353848,14.141208374047466],[-88.54377087541752,13.978721123022453],[-88.50057001140024,13.846700231564625],[-88.06856137122743,13.965180518770367],[-87.85975719514391,13.89409234644691],[-87.7229544590892,13.78576751243024],[-87.794955899118,13.382934535930701]]]}},{"type":"Feature","id":"-99","properties":{"name":"Somaliland"},"geometry":{"type":"Polygon","coordinates":[[[47.79095581911636,8.003929496789922],[46.948538970779396,7.99715919466388],[43.67967359347185,9.181962066721326],[43.298065961319196,9.54078807940158],[42.930858617172305,10.02147953035059],[42.55645112902255,10.573259153623056],[42.77965559311184,10.925314864177267],[43.14686293725873,11.463553883197648],[43.470869417388315,11.277370574731478],[43.66527330546609,10.864382145042896],[44.11888237764754,10.444623413228257],[44.61569231384624,10.441238262165228],[45.558911178223525,10.698509742954855],[46.64613292265844,10.816990030160596],[47.52455049100979,11.12842392795855],[48.02136042720852,11.19274179815595],[48.38136762735252,11.375539955559105],[48.95017900358005,11.409391466189305],[48.94297885957715,11.395850861937234],[48.93577871557429,10.982862432248638],[48.93577871557429,9.974087415468304],[48.93577871557429,9.452774151763023],[48.48936978739573,8.836676658293158],[47.79095581911636,8.003929496789922]]]}},{"type":"Feature","id":"SOM","properties":{"name":"Somalia"},"geometry":{"type":"Polygon","coordinates":[[[41.58443168863374,-1.6843728455769167],[40.99401988039759,-0.8583959861997386],[40.97961959239183,2.784026557611142],[41.85803716074318,3.91805216372326],[42.13164263285262,4.232871212584243],[42.772455449108946,4.253182118962371],[43.65807316146319,4.957293540070793],[44.961299225984504,5.001300503890064],[47.79095581911636,8.003929496789922],[48.48936978739573,8.836676658293158],[48.93577871557429,9.452774151763023],[48.93577871557429,9.974087415468304],[48.93577871557429,10.982862432248638],[48.94297885957715,11.395850861937234],[48.95017900358005,11.409391466189305],[49.266985339706764,11.429702372567434],[49.72779455589108,11.578649019340375],[50.260605212104224,11.680203551231017],[50.728614572291406,12.022103808596157],[51.11022220444406,12.025488959659185],[51.13182263645271,11.747906572491445],[51.03822076441526,11.165660589651779],[51.04542090841815,10.640962174883484],[50.83661673233462,10.278751011140216],[50.55581111622229,9.198887822036426],[50.073401468029346,8.081787971239407],[49.45418908378164,6.805586020480405],[48.597371947438916,5.33981561019219],[47.74055481109619,4.219330608332157],[46.566931338626745,2.8551147299345843],[45.56611132222642,2.046063625872506],[44.068481369627364,1.0542143644072723],[43.13246264925297,0.29255537522749364],[42.03804076081519,-0.9193287053341095],[41.807636152723035,-1.4474122711654331],[41.58443168863374,-1.6843728455769167]]]}},{"type":"Feature","id":"SRB","properties":{"name":"Republic of Serbia"},"geometry":{"type":"Polygon","coordinates":[[[22.655253105062087,44.23520132430647],[22.41044820896417,44.00839620308403],[22.49684993699873,43.64279988827775],[22.986459729194564,43.20950055221104],[22.604852097041913,42.89806665441307],[22.43924878497569,42.579862454489074],[22.547250945018874,42.46138216728332],[22.38164763295265,42.319205822636434],[21.91363827276544,42.302280067321334],[21.575231504630068,42.24473249924996],[21.54643092861855,42.319205822636434],[21.661633232664627,42.43768610984219],[21.776835536710706,42.6814169863797],[21.632832656653108,42.67803183531669],[21.438428768575335,42.86421514378287],[21.27282545650911,42.90822210760214],[21.14322286445727,43.06732420756413],[20.956019120382393,43.13164207776154],[20.812016240324795,43.27043327134541],[20.632012640252782,43.21627085433707],[20.49520990419805,42.884526050160986],[20.257605152103025,42.81343787783754],[20.33680673613469,42.89806665441307],[19.955199103982068,43.10456086925737],[19.631192623852456,43.212885703274054],[19.487189743794858,43.351676896857924],[19.220784415688286,43.524319601071994],[19.451189023780444,43.568326564891294],[19.602392047840937,44.038862562651246],[19.119982399647967,44.42138463277263],[19.364787295745884,44.861454270965396],[19.004780095601888,44.861454270965396],[19.393587871757404,45.23720603896075],[19.06958139162782,45.52155872825455],[18.83197663953277,45.90746594943897],[19.595191903838042,46.17150773235463],[20.22160443208861,46.127500768535356],[20.76161523230462,45.7348232452249],[20.8768175363507,45.41661904530088],[21.481629632592615,45.17965847088939],[21.560831216624308,44.77005519226384],[22.144042880857597,44.478932200844014],[22.460849216984315,44.70235217100341],[22.705654113082232,44.57710158167163],[22.475249504990074,44.40784402852054],[22.655253105062087,44.23520132430647]]]}},{"type":"Feature","id":"SUR","properties":{"name":"Suriname"},"geometry":{"type":"Polygon","coordinates":[[[-57.14394287885759,5.97283885897717],[-55.9487189743795,5.773114946258914],[-55.840716814336304,5.952527952599041],[-55.03430068601374,6.0236161249224836],[-53.96147922958461,5.7561891909438145],[-54.47988959779197,4.896360820936408],[-54.40068801376029,4.2125603062061145],[-54.00468009360189,3.6201588701773915],[-54.18468369367389,3.1902446851736954],[-54.27108542170845,2.733249291665828],[-54.52309046180925,2.3134905598511892],[-55.099101982039656,2.5233699257585016],[-55.56711134222685,2.421815393867874],[-55.97031940638814,2.509829321506416],[-56.07112142242846,2.2220914811496186],[-55.90551811036222,2.0223675684313633],[-55.99911998239966,1.8192585046500795],[-56.53913078261567,1.900502130162593],[-57.15114302286047,2.7704859533590565],[-57.280745614912306,3.33242102982058],[-57.60475209504192,3.3358061808836084],[-58.04396087921759,4.060228508370159],[-57.856757135142715,4.578156621012411],[-57.914358287165754,4.81173204436088],[-57.30954619092384,5.072388676213507],[-57.14394287885759,5.97283885897717]]]}},{"type":"Feature","id":"SVK","properties":{"name":"Slovakia"},"geometry":{"type":"Polygon","coordinates":[[[18.853577071541395,49.49572607624151],[18.911178223564463,49.43479335710714],[19.321586431728605,49.57019939962797],[19.82559651193023,49.21814368907377],[20.416008320166384,49.4314082060441],[20.89121782435646,49.32985367415347],[21.611232224644482,49.46864486773734],[22.561651233024634,49.08612279761593],[22.280845616912302,48.82546616576329],[22.086441728834558,48.42263318926376],[21.87043740874816,48.321078657373135],[20.8048160963219,48.62235710198203],[20.473609472189423,48.56142438284763],[20.23600472009437,48.327848959499164],[19.76799535990716,48.20259837016738],[19.659993199863976,48.26691624036479],[19.177583551671006,48.11119929146582],[18.77437548750973,48.08073293189861],[18.695173903478036,47.88100901918037],[17.859957199143963,47.7591435809116],[17.485549710994206,47.86746841492828],[16.981539630792582,48.12473989571791],[16.880737614752263,48.47002530414608],[16.959939198783957,48.598661044540876],[17.103942078841555,48.815310712574245],[17.543150863017246,48.79838495725912],[17.888757775155483,48.90332464021279],[17.91035820716411,48.998108869977386],[18.10476209524188,49.04550098485967],[18.169563391267815,49.27230610608211],[18.399967999359973,49.31631306990138],[18.55837116742333,49.49572607624151],[18.853577071541395,49.49572607624151]]]}},{"type":"Feature","id":"SVN","properties":{"name":"Slovenia"},"geometry":{"type":"Polygon","coordinates":[[[13.806276125522487,46.51002283865677],[14.634292685853694,46.43216436420727],[15.13830276605529,46.65896948542968],[16.009520190403776,46.682665542870836],[16.20392407848155,46.85192309602189],[16.369527390547802,46.84176764283285],[16.563931278625546,46.50325253653071],[15.771915438308753,46.239210753615055],[15.671113422268434,45.832992626052516],[15.325506510130168,45.73143809416186],[15.325506510130168,45.45385570699412],[14.936698733974652,45.47078146230922],[14.59829196583928,45.633268713334246],[14.411088221764402,45.467396311246205],[13.712674253485034,45.50124782187643],[13.935878717574326,45.59264690057799],[13.698273965479274,46.01579078345566],[13.806276125522487,46.51002283865677]]]}},{"type":"Feature","id":"SWE","properties":{"name":"Sweden"},"geometry":{"type":"MultiPolygon","coordinates":[[[[11.027020540410774,58.855668765495295],[11.466229324586465,59.43114444620892],[12.301446028920566,60.11833011200221],[12.632652653053043,61.29297753087059],[11.991839836796714,61.80075019032378],[11.92703854077078,63.12772940702811],[12.58225164503287,64.065416251485],[13.568671373427435,64.0484904961699],[13.921478429568566,64.4445531705434],[13.554271085421675,64.78645342790853],[15.10950219004377,66.19467627012537],[16.110322206444096,67.30162066773335],[16.765535310706184,68.0125023909678],[17.730354607092124,68.00911723990478],[17.996759935198668,68.56766716530328],[19.875997519950374,68.40856506534129],[20.027200544010867,69.0652843715674],[20.646412928258542,69.10590618432366],[21.978439568791345,68.6184444312486],[23.540870817416334,67.9346439165183],[23.56247124942496,66.39440018284364],[23.90087801756033,66.00849296165921],[22.180043600871983,65.72414027236542],[21.21522430448607,65.02679915338305],[21.366427328546536,64.41408681097619],[19.78239564791295,63.60842085797714],[17.845556911138203,62.748592487969745],[17.118342366847315,61.3403696457529],[17.831156623132443,60.63625822464448],[18.78877577551549,60.081093450309],[17.86715734314683,58.95383814632291],[16.830336606732118,58.72026272297444],[16.448728974579467,57.04122779571588],[15.879917598351938,56.10354095125902],[14.663093261865214,56.201710332086634],[14.101482029640579,55.40619983227663],[12.942258845176895,55.362192868457356],[12.625452509050149,56.306650015040276],[11.790235804716076,57.440675621152394],[11.027020540410774,58.855668765495295]]],[[[17.060741214824276,57.38651320414405],[17.21194423888477,57.32558048500968],[16.42712854257084,56.17801427464548],[16.362327246544908,56.557151193703845],[17.060741214824276,57.38651320414405]]],[[[19.35758715174302,57.95860373379466],[18.80317606352125,57.650554987059735],[18.824776495529875,57.44406077221544],[18.997579951599022,57.440675621152394],[18.954379087581742,57.36958744882895],[18.695173903478036,57.30526957863157],[18.709574191483796,57.20371504674091],[18.464769295385878,57.12585657229144],[18.32076641532828,56.92613265957317],[18.10476209524188,56.89228114894297],[18.19116382327644,57.10893081697631],[18.07596151923036,57.268032916938324],[18.155163103262055,57.39328350627011],[18.097561951239015,57.545615304106065],[18.65917318346365,57.928137374227475],[19.0407808156163,57.94167797847956],[19.105582111642207,57.99245524442486],[19.37198743974878,57.9958403954879],[19.35758715174302,57.95860373379466]]],[[[20.84801696033918,63.82507052601051],[21.064021280425578,63.82845567707352],[20.970419408388153,63.71674569199382],[20.826416528330554,63.57795449840995],[20.696813936278716,63.59149510266204],[20.81921638432766,63.71336054093081],[20.797615952319035,63.781063562191235],[20.84801696033918,63.82507052601051]]]]}},{"type":"Feature","id":"SWZ","properties":{"name":"Swaziland"},"geometry":{"type":"Polygon","coordinates":[[[32.07304146082919,-26.734490711934242],[31.87143742874855,-27.17794550119003],[31.281025620512395,-27.28627033520671],[30.683413668273346,-26.744646165123307],[30.67621352427045,-26.39936075669514],[30.94981899637989,-26.023608988699777],[31.043420868417343,-25.73248599727995],[31.33142662853254,-25.661397824956502],[31.835436708734164,-25.84419598235965],[31.98663973279463,-26.29103592267846],[32.07304146082919,-26.734490711934242]]]}},{"type":"Feature","id":"SYR","properties":{"name":"Syria"},"geometry":{"type":"Polygon","coordinates":[[[38.7907758155163,33.37902186519729],[36.8323366467329,32.3126992803456],[35.72351447028939,32.70876195471908],[35.701914038280734,32.71553225684512],[35.83871677433547,32.86786405468108],[35.82431648632971,33.277467333306646],[36.069121382427625,33.8258618055161],[36.609132182643634,34.20161357351145],[36.450729014580276,34.59429109682192],[35.997119942398825,34.64506836276725],[35.90351807036137,35.41011250301004],[36.14832296645932,35.82310093269864],[36.41472829456586,36.039750600732006],[36.6883337666753,36.259785419828376],[36.73873477469547,36.818335345226885],[37.06994139882795,36.62199658357166],[38.16436328726573,36.8995789707394],[38.697173943478845,36.71339566227323],[39.52519050381005,36.71678081333626],[40.670013400267976,37.09253258133161],[41.210024200483986,37.07560682601651],[42.347646952939044,37.23132377491548],[41.836436728734554,36.605070828256544],[41.28922578451565,36.357954800656],[41.382827656553104,35.62676217104341],[41.00842016840335,34.41826324154482],[38.7907758155163,33.37902186519729]]]}},{"type":"Feature","id":"TCD","properties":{"name":"Chad"},"geometry":{"type":"Polygon","coordinates":[[[14.497489949798961,12.858236121162406],[14.59829196583928,13.328772118922373],[13.95747914958298,13.352468176363516],[13.95747914958298,13.995646878337553],[13.539870797415915,14.368013495269892],[13.97187943758874,15.684837258785166],[15.246304926098503,16.62590925430507],[15.303906078121543,17.92919241356826],[15.685513710274193,19.956897900317998],[15.901518030360592,20.386812085321694],[15.483909678193555,20.732097493749862],[15.469509390187795,21.046916542610845],[15.09510190203801,21.30757317446347],[14.850297005940092,22.861357512390228],[15.858317166343312,23.40975198459968],[19.847196943938854,21.49375648292964],[23.836076721534397,19.58114613232263],[23.88647772955457,15.610363935398695],[23.02246044920895,15.681452107722137],[22.568851377027528,14.943489175983501],[22.302446048920956,14.327391682513635],[22.51125022500449,14.093816259165166],[22.180043600871983,13.78576751243024],[22.295245904918062,13.372779082741644],[22.036040720814384,12.956405501990034],[21.935238704774065,12.587424036120709],[22.288045760915196,12.644971604192065],[22.49684993699873,12.259064383007654],[22.51125022500449,11.680203551231017],[22.87845756915135,11.385695408748163],[22.86405728114559,11.141964532210636],[22.230444608892157,10.972706979059566],[21.72643452869056,10.566488851497013],[20.999219984399673,9.476470209204166],[20.063201264025253,9.012704513570256],[19.091181823636447,9.073637232704641],[18.810376207524115,8.98223815400307],[18.911178223564463,8.63018244344886],[18.39276785535708,8.281511883957663],[17.967959359187148,7.892219511710223],[16.707934158683145,7.509697441588827],[16.45592911858236,7.733117411748225],[16.29032580651611,7.753428318126353],[16.10312206244123,7.496156837336741],[15.282305646112889,7.421683513950271],[15.433508670173381,7.692495598991968],[15.12390247804953,8.383066415848305],[14.979899597991931,8.7960548455369],[14.547890957819135,8.965312398687956],[13.95747914958298,9.550943532590637],[14.173483469669378,10.02147953035059],[14.627092541850828,9.919924998459962],[14.907898157963132,9.991013170783404],[15.469509390187795,9.980857717594347],[14.922298445968892,10.891463353547053],[14.958299165983306,11.554952961899232],[14.893497869957372,12.218442570251398],[14.497489949798961,12.858236121162406]]]}},{"type":"Feature","id":"TGO","properties":{"name":"Togo"},"geometry":{"type":"Polygon","coordinates":[[[1.868437368747351,6.142096412128225],[1.062021240424798,5.928831895157899],[0.8388167763355057,6.28088760571211],[0.5724114482289338,6.913910854497075],[0.49320986419726864,7.411528060761199],[0.7092141842836668,8.311978243524862],[0.4644092881857489,8.677574558331159],[0.36360727214542976,9.466314756015109],[0.3708074161482955,10.19073708350166],[-0.04680093601874091,10.705280045080883],[0.025200504010058467,11.020099093941866],[0.8964179283585452,10.996403036500723],[0.774015480309572,10.471704621732428],[1.0764215284305578,10.177196479249574],[1.4220284405687948,9.825140768695363],[1.4652293045860745,9.334293864557281],[1.6668333366667127,9.127799649712983],[1.616432328646539,6.832667228984562],[1.868437368747351,6.142096412128225]]]}},{"type":"Feature","id":"THA","properties":{"name":"Thailand"},"geometry":{"type":"Polygon","coordinates":[[[102.5840516810336,12.187976210684198],[101.68403368067356,12.644971604192065],[100.83441668833376,12.628045848876965],[100.97841956839136,13.413400895497901],[100.10000200003998,13.406630593371858],[100.02080041600829,12.30645649788994],[99.48078961579228,10.847456389727782],[99.15678313566269,9.963931962279233],[99.2215844316886,9.239509634792682],[99.87679753595069,9.209043275225497],[100.28000560011196,8.295052488209748],[100.46000920018395,7.428453816076313],[101.01442028840574,6.856363286425719],[101.62643252865053,6.741268150282991],[102.13764275285502,6.2199548865777246],[101.81363627272543,5.810351607952143],[101.15122302446048,5.691871320746401],[101.07202144042878,6.206414282325639],[100.25840516810331,6.643098769455378],[100.08560171203419,6.463685763115251],[99.68959379187578,6.849592984299676],[99.51679033580666,7.343825039500786],[98.99117982359644,7.909145267025323],[98.5015700314006,8.383066415848305],[98.34316686333722,7.79405013088261],[98.1487629752595,8.34921490521809],[98.25676513530266,8.975467851877028],[98.55197103942078,9.933465602712047],[99.04158083161661,10.95916637480748],[99.58879177583549,11.893468068201358],[99.19278385567708,12.804073704154078],[99.21438428768573,13.267839399787988],[99.09918198363965,13.826389325186497],[98.42956859137178,14.62189982499649],[98.19196383927675,15.122902182323628],[98.53757075141499,15.309085490789798],[98.90477809556188,16.17906931398626],[98.49436988739774,16.839173771275412],[97.86075721514425,17.56698124982499],[97.37834756695133,18.44712052621051],[97.79595591911834,18.62653353255064],[98.25676513530266,19.709781872717443],[98.96237924758492,19.753788836536714],[99.54559091181818,20.18708817260344],[100.11440228804571,20.41727844488888],[100.5464109282185,20.109229698153953],[100.60401208024155,19.50667280893616],[101.28082561651229,19.462665845116888],[101.0360207204144,18.409883864517283],[101.057621152423,17.51281883281665],[102.11604232084636,18.108605419908386],[102.41124822496448,17.932577564631274],[103.00166003320061,17.963043924198473],[103.20326406528125,18.30832933262664],[103.95927918558368,18.240626311366213],[104.71529430588606,17.428190056241107],[104.78009560191202,16.44311109690193],[105.58651173023458,15.569742122642438],[105.54331086621727,14.723454356887132],[105.21930438608769,14.273229265505293],[104.28328566571327,14.415405610152192],[102.98725974519488,14.225837150622993],[102.34644692893852,13.393089989119773],[102.5840516810336,12.187976210684198]]]}},{"type":"Feature","id":"TJK","properties":{"name":"Tajikistan"},"geometry":{"type":"Polygon","coordinates":[[[71.01142022840455,40.24410822100441],[70.65141302826055,39.93605947426947],[69.55699113982277,40.10193187635751],[69.46338926778532,39.5264561956439],[70.5506110122202,39.60431467009339],[71.78183563671271,39.27934016804335],[73.67547350947015,39.4316719658793],[73.92747854957096,38.50414057461148],[74.25868517370344,38.60569510650211],[74.86349726994536,38.378889985279685],[74.82749654993097,37.989597613032245],[74.97869957399146,37.42089223444468],[73.94907898157959,37.42089223444468],[73.25786515730312,37.495365557831136],[72.63865277305544,37.04852561751234],[72.19224384487686,36.9469710856217],[71.84663693273862,36.737091719714385],[71.45062901258024,37.06545137282744],[71.54423088461766,37.90496883645672],[71.2418248364967,37.95236095133902],[71.34982699653989,38.26040969807394],[70.80981619632391,38.48721481929637],[70.37780755615108,38.13854425980519],[70.2698053961079,37.73571128330565],[70.1186023720474,37.58676463653272],[69.52099041980836,37.61046069397386],[69.19698393967877,37.15008014940297],[68.8585771715434,37.34303375999518],[68.13856277125541,37.02144440900817],[67.82895657913156,37.143309847276925],[68.39056781135619,38.15547001512029],[68.1745634912698,38.900203248984965],[67.44014880297604,39.14054897445948],[67.69935398707972,39.58061861265223],[68.53457069141379,39.533226497769945],[69.0097801956039,40.08500612104241],[69.32658653173061,40.72818482301645],[70.66581331626631,40.96176024636492],[70.45700914018278,40.49799455073099],[70.60101202024038,40.21702701250024],[71.01142022840455,40.24410822100441]]]}},{"type":"Feature","id":"TKM","properties":{"name":"Turkmenistan"},"geometry":{"type":"Polygon","coordinates":[[[61.212024240484794,35.65045822848455],[61.125622512450235,36.48997569211383],[60.37680753615069,36.52721235380706],[59.23198463969277,37.414121932318636],[58.43276865537308,37.52244676633531],[57.33114662293244,38.0302194257885],[56.61833236664731,38.12161850449007],[56.17912358247162,37.9354351960239],[55.50951019020377,37.962516404528074],[54.803896077921536,37.39381102594051],[53.91827836556729,37.19747226428527],[53.73827476549528,37.90496883645672],[53.882277645552875,38.95098051493028],[53.09746194923895,39.289495621232405],[53.356667133342654,39.97668128702573],[52.69425388507767,40.03422885509708],[52.917458349166964,40.877131469789376],[53.86067721354425,40.630015442188835],[54.7390947818956,40.95160479317585],[54.011880237604714,41.55077653133061],[53.72387447748952,42.12286706098121],[52.917458349166964,41.86898073125461],[52.816656333126645,41.134402950579],[52.49984999699993,41.78435195467908],[52.94625892517848,42.116096758855164],[54.07668153363065,42.32259097369946],[54.75349506990136,42.04500858653171],[55.45190903818073,41.259653539910786],[55.970319406388114,41.307045654793086],[57.093541870837385,41.323971410108186],[56.935138702774026,41.82497376743534],[57.78475569511389,42.17025917586351],[58.627172543450854,42.752505158703144],[59.97359947198942,42.224421592871835],[60.0816016320326,41.42552594199883],[60.46320926418525,41.21903172715453],[61.55043100862014,41.26642384203683],[61.881637632752614,41.083625684633674],[62.37124742494848,40.05453976147521],[63.5160703214064,39.363968944618875],[64.17128342566849,38.89343294685892],[65.2153043060861,38.40258604272084],[66.5473309466189,37.97605700878016],[66.51853037060738,37.36334466637331],[66.21612432248642,37.39381102594051],[65.74811496229921,37.66123795991918],[65.58971179423585,37.30579709830195],[64.74729494589889,37.11284348770974],[64.54569091381825,36.310562685773704],[63.98407968159361,36.009284241164806],[63.19206384127679,35.85695244332885],[62.98325966519329,35.403342200884],[62.22724454489088,35.27132130942617],[61.212024240484794,35.65045822848455]]]}},{"type":"Feature","id":"TLS","properties":{"name":"East Timor"},"geometry":{"type":"Polygon","coordinates":[[[124.96929938598771,-8.891359458749179],[125.08450169003379,-8.657784035400724],[125.94851897037938,-8.430978914178297],[126.64693293865872,-8.397127403548083],[126.95653913078257,-8.271876814216299],[127.3381467629352,-8.397127403548083],[126.97093941878836,-8.66793948858978],[125.92691853837073,-9.10462397571952],[125.09170183403666,-9.392361816076331],[125.070101402028,-9.091083371467434],[124.96929938598771,-8.891359458749179]]]}},{"type":"Feature","id":"TTO","properties":{"name":"Trinidad and Tobago"},"geometry":{"type":"Polygon","coordinates":[[[-61.68003360067203,10.759442462089226],[-61.104022080441624,10.891463353547053],[-60.895217904358105,10.854226691853825],[-60.938418768375385,10.109493457989146],[-61.76643532870659,10.001168623972461],[-61.94643892877859,10.089182551611017],[-61.65843316866339,10.363379787715743],[-61.68003360067203,10.759442462089226]]]}},{"type":"Feature","id":"TUN","properties":{"name":"Tunisia"},"geometry":{"type":"Polygon","coordinates":[[[9.478989579791573,30.308689851037002],[9.054181083621643,32.10281991443827],[8.442168843376834,32.50565289093781],[8.427768555371074,32.74938376747534],[7.614152283045627,33.345170354567074],[7.5277505550110675,34.096673890557796],[8.139762795255876,34.655223815956305],[8.377367547350929,35.4812006753335],[8.21896437928757,36.43242812404246],[8.420568411368208,36.9469710856217],[9.507790155803093,37.34980406212122],[10.213404268085327,37.23132377491548],[10.177403548070941,36.7235511154623],[11.027020540410774,37.09253258133161],[11.099021980439574,36.8995789707394],[10.602212044240872,36.40873206660132],[10.595011900237978,35.94835152203042],[10.940618812376215,35.69785034336685],[10.811016220324376,34.83463682229643],[10.148602972059422,34.330249313906265],[10.343006860137194,33.78523999275984],[10.854217084341656,33.76831423744473],[11.106222124442468,33.29439308862176],[11.487829756595119,33.138676139722776],[11.43022860457208,32.370246848416954],[10.947818956379109,32.08250900806014],[10.638212764255258,31.76091965707313],[9.946998939978783,31.375012435888706],[10.055001100021968,30.96202400620011],[9.968599371987409,30.538880123322457],[9.478989579791573,30.308689851037002]]]}},{"type":"Feature","id":"TUR","properties":{"name":"Turkey"},"geometry":{"type":"MultiPolygon","coordinates":[[[[41.55563111262222,41.53723592707853],[42.62125242504848,41.584628041960826],[43.586071721434394,41.093781137822745],[43.751675033500646,40.741725427268534],[43.65807316146319,40.25426367419347],[44.39968799375984,40.0037624955299],[44.79569591391825,39.71263950411007],[44.11168223364464,39.428286814816275],[44.421288425768495,38.28072060445207],[44.22688453769072,37.972671857717145],[44.774095481909626,37.170391055781096],[44.291685833716656,37.00113350263004],[43.938878777575525,37.25501983235664],[42.77965559311184,37.38365557275144],[42.347646952939044,37.23132377491548],[41.210024200483986,37.07560682601651],[40.670013400267976,37.09253258133161],[39.52519050381005,36.71678081333626],[38.697173943478845,36.71339566227323],[38.16436328726573,36.8995789707394],[37.06994139882795,36.62199658357166],[36.73873477469547,36.818335345226885],[36.6883337666753,36.259785419828376],[36.41472829456586,36.039750600732006],[36.14832296645932,35.82310093269864],[35.78111562231243,36.27332602408046],[36.16272325446508,36.64907779207583],[35.55071101422027,36.5644490155003],[34.71549430988617,36.79463928778574],[34.024280485609694,36.21916360707213],[32.51225024500488,36.10745362199242],[31.69863397267943,36.6456926410128],[30.618612372247412,36.679544151643015],[30.388207764155254,36.263170570891404],[29.69699393987878,36.14469028368566],[28.73217464349284,36.67615900058],[27.63775275505509,36.659233245264886],[27.047340946818906,37.654467657793134],[26.320126402528018,38.20963243212863],[26.802536050720988,38.98483202556049],[26.168923378467554,39.46213832544649],[27.277745554911064,40.42013607628151],[28.8185763715274,40.460757889037765],[29.24338486769733,41.21903172715453],[31.144222884457662,41.0870108356967],[32.346646932938626,41.73695983979678],[33.513070261405204,42.01792737802755],[35.16910338206762,42.04162343546869],[36.91153823076459,41.33412686329726],[38.34436688733771,40.94821964211283],[39.51079021580429,41.1039365910118],[40.374807496149884,41.01253751231023],[41.55563111262222,41.53723592707853]]],[[[26.053721074421475,40.82296905278103],[26.2913258265165,40.93467903786075],[26.60093201864035,41.56093198451967],[26.11852237044738,41.82835891849835],[27.133742674853465,42.13979281629631],[27.997759955199086,42.00777192483848],[28.112962259245165,41.621864703654055],[28.991379827596518,41.30027535266704],[28.80417608352164,41.0565444761295],[27.616152323046435,40.998996908058146],[27.191343826876505,40.690948161323206],[26.356127122542432,40.152709142302825],[26.04652093041858,40.61647483793675],[26.053721074421475,40.82296905278103]]]]}},{"type":"Feature","id":"TWN","properties":{"name":"Taiwan"},"geometry":{"type":"Polygon","coordinates":[[[121.77963559271183,24.39483094393887],[121.17482349646991,22.790269340066786],[120.75001500029998,21.971062782815636],[120.21720434408684,22.813965397507943],[120.10920218404362,23.555313480309593],[120.69241384827694,24.537007288585755],[121.49162983259663,25.29528112670252],[121.95243904878095,24.99738783315665],[121.77963559271183,24.39483094393887]]]}},{"type":"Feature","id":"TZA","properties":{"name":"United Republic of Tanzania"},"geometry":{"type":"Polygon","coordinates":[[[33.90187803756072,-0.9497950649013092],[34.07468149362984,-1.0615050499810081],[37.69635392707852,-3.0959808388567893],[37.76835536710732,-3.678226821696441],[39.20118402368044,-4.676846385287718],[38.740374807496124,-5.909041372227449],[38.797975959519164,-6.474361599752001],[39.43878877577549,-6.839957914558298],[39.46758935178701,-7.100614546410938],[39.193983879677575,-7.703171435628718],[39.251585031700614,-8.00783503130063],[39.18678373567468,-8.48514133118664],[39.53239064781292,-9.111394277845562],[39.94999899997998,-10.099858388247767],[40.317206344126845,-10.316508056281137],[39.51799035980716,-10.895368888057774],[38.43076861537227,-11.284661260305214],[37.82595651913036,-11.267735504990114],[37.47314946298923,-11.569013949598997],[36.77473549470986,-11.596095158103168],[36.51553031060618,-11.721345747434953],[35.31310626212522,-11.440378209204198],[34.55709114182281,-11.521621834716697],[34.28348566971337,-10.160791107382153],[33.937878757575135,-9.693640260685228],[33.736274725494496,-9.416057873517474],[32.757055141102796,-9.229874565051304],[32.19544390887816,-8.931981271505435],[31.554631092621833,-8.76272371835438],[31.15862317246342,-8.59346616520331],[30.741014820296385,-8.339579835476712],[30.201004020080376,-7.08030364003281],[29.617792355847087,-6.518368563571286],[29.423388467769342,-5.939507731794649],[29.516990339806767,-5.421579619152396],[29.336986739734783,-4.500818530010605],[29.75459509190182,-4.453426415128305],[30.114602292045817,-4.091215251385037],[30.503410068201333,-3.5699019876797564],[30.755415108302145,-3.360022621772444],[30.741014820296385,-3.035048119722404],[30.525010500209987,-2.8082429984999777],[30.467409348186948,-2.4121803241264956],[30.755415108302145,-2.286929734794711],[30.813016260325185,-1.6979134498290023],[30.417008340166774,-1.1359783733674789],[30.769815396307905,-1.0141129350987086],[31.864237284745684,-1.0276535393507942],[33.90187803756072,-0.9497950649013092]]]}},{"type":"Feature","id":"UGA","properties":{"name":"Uganda"},"geometry":{"type":"Polygon","coordinates":[[[30.417008340166774,-1.1359783733674789],[29.819396387927725,-1.4440271201024188],[29.5817916358327,-1.342472588211777],[29.588991779835567,-0.5875839011580268],[29.819396387927725,-0.20506183103663034],[29.876997539950764,0.5972189708994051],[30.085801716034297,1.0609846665333151],[30.467409348186948,1.582297930238596],[30.856217124342464,1.8497248642172792],[31.17302346046918,2.2051657258345045],[30.769815396307905,2.3405717683553604],[30.83461669233381,3.5084488850976925],[31.24502490049798,3.7826461212024185],[31.878637572751444,3.5592261510430063],[32.685053701074,3.7928015743914756],[33.39066781335623,3.7894164233284613],[34.00268005360104,4.249796967899343],[34.477889557791144,3.555840999979992],[34.59309186183722,3.0548386426528396],[35.03950079001578,1.9072724322886359],[34.67229344586889,1.1760798026760426],[34.18268365367305,0.5159753453868916],[33.894677893557855,0.10975721782435244],[33.90187803756072,-0.9497950649013092],[31.864237284745684,-1.0276535393507942],[30.769815396307905,-1.0141129350987086],[30.417008340166774,-1.1359783733674789]]]}},{"type":"Feature","id":"UKR","properties":{"name":"Ukraine"},"geometry":{"type":"Polygon","coordinates":[[[31.78503570071399,52.102292394767886],[32.15944318886375,52.06167058201163],[32.41144822896456,52.28847570323404],[32.71385427708552,52.23769843728874],[33.750675013500256,52.335867818116355],[34.39148782975656,51.770547590591804],[34.13948278965577,51.56743852681052],[34.22588451769033,51.25600462901255],[35.02510050201002,51.208612514130266],[35.37790755815115,50.775313178063556],[35.3563071261425,50.575589265345286],[36.623532470649394,50.226918705854104],[37.39394787895756,50.382635654753074],[38.013160263205236,49.915484808056135],[38.596371927438526,49.925640261245206],[40.07240144802893,49.60066575919518],[40.07960159203182,49.30615761671231],[39.676393527870545,48.78484435300703],[39.89239784795694,48.233064729734565],[39.74119482389645,47.89793477449547],[38.769175383507644,47.826846602172026],[38.257965159303154,47.54587906394127],[38.22196443928877,47.10242427468549],[37.42274845496908,47.021180649172976],[36.7603352067041,46.699591298185936],[35.82431648632971,46.645428881177594],[34.960299205984086,46.273062264245254],[35.017900358007125,45.650194468649346],[35.50751015020299,45.40984874317485],[36.52993059861194,45.47078146230922],[36.3355267105342,45.111955449628965],[35.24110482209642,44.939312745414895],[33.880277605552095,44.36045191363826],[33.325866517330326,44.56356097741954],[33.54907098141962,45.034096975179494],[32.45464909298184,45.328605117662335],[32.62745254905096,45.51817357719153],[33.585071701434,45.849918381367615],[33.297065941318806,46.08010865365307],[31.74183483669671,46.333994983379654],[31.677033540670777,46.70636160031199],[30.74821496429925,46.58449616204322],[30.38100762015239,46.03271653877076],[29.603392067841327,45.294753607032135],[29.149782995659876,45.46401116018319],[28.681773635472695,45.30490906022118],[28.23536470729411,45.48770721762435],[28.487369747394922,45.596032051641004],[28.66017320346404,45.94131746006917],[28.93377867557348,46.2595216599932],[28.86177723554468,46.438934666333324],[29.07058141162821,46.516793140782795],[29.17138342766853,46.378001947198925],[29.761795235904685,46.350920738694754],[30.028200564011257,46.42539406208124],[29.84099681993638,46.526948593971866],[29.905798115962284,46.67589524074481],[29.560191203824047,46.92978157047139],[29.41618832376645,47.346155151223],[29.048980979619557,47.50864240224803],[29.120982419648357,47.85054265961318],[28.667373347466935,48.11796959359185],[28.256965139302764,48.155206255285094],[27.52255045100901,48.466640153083034],[26.860137202744028,48.36847077225542],[26.622532450648976,48.21952412548248],[26.197723954479073,48.21952412548248],[25.94571891437826,47.98594870213404],[25.211304226084508,47.89116447236944],[24.865697313946242,47.738832674533484],[24.404888097761926,47.982563551070996],[23.764075281505598,47.98594870213404],[23.144862897257923,48.09765868721374],[22.712854257085127,47.88100901918037],[22.640852817056327,48.15182110422208],[22.086441728834558,48.42263318926376],[22.280845616912302,48.82546616576329],[22.561651233024634,49.08612279761593],[22.777655553111032,49.02857522954457],[22.518450369007354,49.47541516986337],[23.425668513370255,50.30816233136662],[23.922478449568956,50.42325746750933],[24.03048060961217,50.704225005740085],[23.526470529410574,51.57759397999959],[24.00168003360065,51.61821579275585],[24.55609112182242,51.88902787779753],[25.326506530130587,51.909338784175674],[26.334526690533778,51.831480309726174],[27.450549010980183,51.59113458425168],[28.242564851297004,51.570823677873534],[28.61697233944676,51.42864733322665],[28.991379827596518,51.60129003744072],[29.25778515570309,51.36771461409228],[30.157803156063096,51.415106728974564],[30.553811076221507,51.320322499209965],[30.618612372247412,51.8213248565371],[30.928218564371264,52.04135967563349],[31.78503570071399,52.102292394767886]]]}},{"type":"Feature","id":"URY","properties":{"name":"Uruguay"},"geometry":{"type":"Polygon","coordinates":[[[-57.62635252705056,-30.217811155783124],[-56.97833956679135,-30.10948632176644],[-55.97031940638814,-30.88468591519831],[-55.603112062241266,-30.85421955563112],[-54.573491469829406,-31.494013106542134],[-53.78867577351548,-32.0457927298146],[-53.212664253285084,-32.72620809348187],[-53.65187303746076,-33.203514393367875],[-53.37106742134844,-33.76883462089242],[-53.80307606152124,-34.39847271861438],[-54.93349866997342,-34.953637492949866],[-55.675113502270065,-34.75391358023161],[-56.21512430248606,-34.85885326318527],[-57.13674273485471,-34.42893907818157],[-57.820756415128315,-34.46279058881178],[-58.425568511370244,-33.91101096553932],[-58.346366927338565,-33.26444711250225],[-58.13036260725215,-33.041027142342855],[-58.14476289525791,-32.0457927298146],[-57.878357567151355,-31.01670680665614],[-57.62635252705056,-30.217811155783124]]]}},{"type":"Feature","id":"USA","properties":{"name":"United States of America"},"geometry":{"type":"MultiPolygon","coordinates":[[[[-155.54111082221644,19.083528926058506],[-155.68511370227404,18.917656523970464],[-155.93711874237485,19.059832868617363],[-155.90831816636333,19.337415255785103],[-156.07392147842958,19.7030115705914],[-156.0235204704094,19.8147215556711],[-155.8507170143403,19.977208806696126],[-155.91551831036622,20.173547568351353],[-155.85791715834318,20.268331798115952],[-155.78591571831436,20.248020891737823],[-155.40430808616173,20.078763338586754],[-155.22430448608972,19.994134562011226],[-155.0587011740235,19.85872851949037],[-154.80669613392269,19.510057959999187],[-154.8282965659313,19.45251039192783],[-155.22430448608972,19.23924587495749],[-155.54111082221644,19.083528926058506]]],[[[-156.08112162243245,20.644083566111306],[-156.41232824656493,20.572995393787863],[-156.58513170263404,20.782874759695176],[-156.70033400668012,20.86411838520769],[-156.70753415068302,20.92843625540509],[-156.61393227864556,21.01306503198063],[-156.25392507850157,20.91828080221603],[-155.9947198943979,20.762563853317047],[-156.08112162243245,20.644083566111306]]],[[[-156.75793515870316,21.175552283005644],[-156.78673573471468,21.067227448988973],[-157.3267465349307,21.09769380855616],[-157.24754495089903,21.21955924682493],[-156.75793515870316,21.175552283005644]]],[[[-157.6507530150603,21.321113778715556],[-157.70835416708334,21.2635662106442],[-157.78035560711214,21.277106814896285],[-158.12596251925038,21.3109583255265],[-158.25556511130222,21.537763446748926],[-158.29156583131663,21.578385259505183],[-158.02516050321006,21.717176453089053],[-157.9387587751755,21.65285858289164],[-157.6507530150603,21.321113778715556]]],[[[-159.34278685573713,21.981218236004707],[-159.46518930378608,21.883048855177094],[-159.80359607192145,22.065847012580235],[-159.7459949198984,22.13693518490369],[-159.59479189583791,22.235104565731305],[-159.36438728774576,22.214793659353177],[-159.34278685573713,21.981218236004707]]],[[[-73.34426688533772,45.00701576667532],[-71.5082301646033,45.00701576667532],[-71.40742814856299,45.25413179427588],[-71.08342166843339,45.30490906022118],[-70.65861317226346,45.460626009120176],[-70.30580611612234,45.91423625156503],[-70.00340006800137,46.69282099605991],[-69.24018480369608,47.44770968311366],[-68.90177803556072,47.183667900197975],[-68.23216464329288,47.35631060441207],[-67.7929558591172,47.06518761299225],[-67.7929558591172,45.70435688565769],[-67.13774275485511,45.139036658133136],[-66.96493929878599,44.810677005020096],[-68.03056061121224,44.32660040300806],[-69.06018120362408,43.98131499457986],[-70.11860237204745,43.68342170103401],[-70.6442128842577,43.091020265005284],[-70.81701634032682,42.86421514378287],[-70.8242164843297,42.33613157795155],[-70.49300986019722,41.80466286105721],[-70.08260165203305,41.78096680361605],[-70.18340366807337,42.14656311842235],[-69.88819776395529,41.92314314826295],[-69.96739934798697,41.63879045896917],[-70.63701274025482,41.47630320794414],[-71.11942238844779,41.493228963259256],[-71.86103722074442,41.32058625904517],[-72.29304586091723,41.26980899309984],[-72.87625752515052,41.21903172715453],[-73.71147422948461,40.93129388679772],[-72.24264485289707,41.120862346326916],[-71.947438948779,40.93129388679772],[-73.34426688533772,40.630015442188835],[-73.98507970159405,40.62663029112581],[-73.94907898157965,40.75188088045759],[-74.25868517370348,40.47429849328985],[-73.9634792695854,40.42690637840755],[-74.1794835896718,39.709254353047044],[-74.90669813396269,38.94082506174122],[-74.97869957399149,39.19471139146782],[-75.20190403808077,39.24887380847615],[-75.52591051821038,39.49937498713973],[-75.31710634212685,38.96113596811935],[-75.07230144602893,38.781722961779224],[-75.05790115802317,38.40258604272084],[-75.37470749414989,38.016678821536416],[-75.94351887037742,37.217783170663395],[-76.02992059841198,37.25501983235664],[-75.72031440628814,37.9354351960239],[-76.23152463049261,38.317957266145314],[-76.34672693453871,39.150704427648535],[-76.54113082261647,38.71740509158181],[-76.33232664653295,38.084381842796844],[-76.98753975079502,38.240098791695814],[-76.30352607052143,37.9185094407088],[-76.26032520650415,36.967281991999826],[-75.97231944638894,36.896193819676384],[-75.87151743034862,36.550908411248216],[-75.72751455029102,35.55228884765694],[-76.36112722254447,34.80755561379226],[-77.3979479589592,34.513047471309406],[-78.05316106322128,33.92403118634371],[-78.55717114342288,33.85971331614631],[-79.06118122362449,33.494117001340015],[-79.20518410368209,33.158987046100904],[-80.29960599211985,32.509038042000824],[-80.86841736834738,32.03173174211483],[-81.33642672853458,31.439330306086106],[-81.48762975259507,30.72844858285164],[-81.31482629652594,30.03449261493229],[-80.97641952839058,29.181434547050927],[-80.53721074421489,28.470552823816462],[-80.53001060021201,28.040638638812766],[-80.05480109602193,26.879531824196476],[-80.09080181603633,26.20588676265524],[-80.13400268005361,25.8165943904078],[-80.37880757615153,25.207267199063963],[-80.6812136242725,25.078631458669165],[-81.17082341646834,25.20049689693792],[-81.3292265845317,25.640566535130688],[-81.71083421668435,25.87075680741613],[-82.23644472889458,26.730585177423535],[-82.70445408908179,27.495629317666342],[-82.85565711314227,27.88492168991378],[-82.64685293705875,28.548411298265947],[-82.92765855317107,29.100190921538413],[-83.712474249485,29.936323234104663],[-84.10128202564053,30.08865503194062],[-85.10930218604373,29.63504478949578],[-85.28930578611573,29.685822055441093],[-85.7717154343087,30.152972902138032],[-86.39812796255926,30.400088929738587],[-87.52855057101144,30.274838340406788],[-88.42136842736856,30.3865483254865],[-89.17738354767097,30.315460153163045],[-89.594991899838,30.159743204264075],[-89.41498829976601,29.895701421348406],[-89.42938858777177,29.489483293785867],[-89.22058441168825,29.28975938106761],[-89.40778815576313,29.1611236406728],[-89.78219564391289,29.30668513638271],[-90.15660313206266,29.117116676853527],[-90.88381767635354,29.147583036420713],[-91.62543250865018,29.675666602252036],[-92.49664993299866,29.553801163983266],[-93.22386447728955,29.783991436268707],[-93.85027700554012,29.712903263945265],[-94.69269385387709,29.479327840596795],[-95.59991199823997,28.737979757795145],[-96.59353187063742,28.30806557279145],[-97.14074281485631,27.83075927290544],[-97.37114742294847,27.380534181523615],[-97.37834756695135,26.68996336466728],[-97.32794655893119,26.209271913718254],[-97.14074281485631,25.87075680741613],[-97.52955059101183,25.840290447848943],[-98.24236484729695,26.060325266945327],[-99.019980399608,26.368374013680267],[-99.30078601572032,26.83891001144022],[-99.51679033580673,27.539636281485613],[-100.10720214404289,28.108341660073194],[-100.45280905618114,28.69735794503889],[-100.95681913638273,29.381158459769182],[-101.66243324866498,29.780606285205693],[-102.48324966499331,29.760295378827564],[-103.10966219324388,28.971555181143614],[-103.93767875357509,29.269448474689483],[-104.45608912178244,29.570726919298366],[-104.70809416188325,30.122506542570832],[-105.03930078601573,30.643819806276113],[-105.6297125942519,31.08388944446888],[-106.14092281845637,31.39870849332985],[-106.50813016260327,31.75414935494709],[-108.24336486729736,31.75414935494709],[-108.24336486729736,31.341160925258492],[-109.03538070761417,31.341160925258492],[-111.02262045240906,31.33439062313245],[-113.30506610132204,32.03850204424087],[-114.81709634192684,32.52596379731594],[-114.7234944698894,32.722302558971165],[-115.9907198143963,32.61397772495448],[-117.12834256685134,32.536119250504996],[-117.29394587891758,33.047277061021205],[-117.94195883917679,33.622752741734814],[-118.40996819936399,33.74123302894057],[-118.5179703594072,34.02897086929737],[-119.07958159163184,34.07636298417967],[-119.43958879177583,34.347175069221365],[-120.36840736814736,34.44872960111201],[-120.62041240824817,34.607831701074005],[-120.74281485629713,35.15622617328346],[-121.71483429668595,36.16161603900076],[-122.55005100102002,37.552913125902506],[-122.51405028100562,37.78310339818795],[-122.9532590651813,38.11484820236403],[-123.72367447348947,38.95098051493028],[-123.86767735354708,39.7668019211184],[-124.40048800976021,40.311811242264824],[-124.17728354567092,41.141173252705045],[-124.21328426568532,42.00100162271244],[-124.53009060181205,42.76604576295523],[-124.14128282565652,43.707117758475164],[-124.01888037760756,44.61433824336484],[-123.8964779295586,45.52494387931756],[-124.0764815296306,46.86546370027398],[-124.39328786575732,47.71852176815534],[-124.68849376987541,48.18567261485228],[-124.56609132182643,48.37862622544449],[-123.11886237724755,48.04011111914235],[-122.58605172103444,47.09565397255943],[-122.3412468249365,47.35969575547509],[-122.49964999299986,48.17890231272625],[-122.83805676113522,49.0014940210404],[-120.0012000240005,49.0014940210404],[-117.0347406948139,49.0014940210404],[-116.04832096641934,49.0014940210404],[-113.00266005320107,49.0014940210404],[-110.05060101202025,49.0014940210404],[-107.04814096281926,49.0014940210404],[-104.04568091361828,49.0014940210404],[-100.6472129442589,49.0014940210404],[-97.22714454289087,49.0014940210404],[-95.16070321406428,49.0014940210404],[-95.1535030700614,49.38401609116181],[-94.81509630192605,49.387401242224826],[-94.64229284585693,48.839006770015374],[-94.33268665373309,48.66974921686432],[-93.63427268545372,48.60881649772995],[-92.61185223704476,48.449714397767934],[-91.63983279665594,48.14166565103301],[-90.83341666833337,48.27030139142781],[-89.60219204384089,48.00964475957517],[-89.27098541970841,48.01980021276424],[-88.37816756335128,48.304152902058036],[-87.44214884297688,47.938556587251725],[-86.46292925858518,47.5526493660673],[-85.64931298625973,47.22090456189122],[-84.87889757795158,46.899315210904206],[-84.77809556191124,46.638658579051565],[-84.5404908098162,46.53710404716094],[-84.60529210584212,46.438934666333324],[-84.33888677773557,46.40846830676611],[-84.14448288965781,46.51340798971978],[-84.09408188163765,46.2764474153083],[-83.892477849557,46.117345315346284],[-83.61887237744756,46.117345315346284],[-83.46766935338708,45.995479877077514],[-83.59007180143604,45.81606687073739],[-82.55325106502131,45.34891602404048],[-82.33724674493492,44.43831038808776],[-82.13564271285426,43.57171171595431],[-82.43084861697236,42.979310279925585],[-82.89885797715955,42.43091580771613],[-83.12206244124883,42.07886009716192],[-83.14366287325748,41.977305565271294],[-83.02846056921139,41.83174406956138],[-82.69005380107603,41.6760271206624],[-82.43804876097524,41.6760271206624],[-81.27882557651154,42.207495837556735],[-80.24920498409969,42.36659793751873],[-78.93877877557553,42.86421514378287],[-78.91717834356689,42.9657696756735],[-79.01078021560433,43.27043327134541],[-79.16918338366769,43.46677203300064],[-78.72277445548912,43.62587413296265],[-77.73635472709455,43.629259284025665],[-76.82193643872878,43.629259284025665],[-76.49792995859919,44.018551656273104],[-76.37552751055023,44.0964101307226],[-75.31710634212685,44.817447307146125],[-74.86349726994541,45.000245464549266],[-73.34426688533772,45.00701576667532]]],[[[-153.00666013320267,57.11570111910237],[-154.007480149603,56.73317904898096],[-154.5186903738075,56.9938356808336],[-154.66989339786795,57.46098652753054],[-153.76267525350508,57.816427389147776],[-153.22986459729196,57.96875918698373],[-152.56745134902698,57.901056165723304],[-152.14264285285705,57.589622267925336],[-153.00666013320267,57.11570111910237]]],[[[-165.57811156223124,59.9084507460949],[-166.19012380247605,59.756118948258944],[-166.84533690673814,59.94230225672513],[-167.45734914698295,60.21311434176681],[-166.47092941858838,60.38575704598091],[-165.6717134342687,60.294357967279325],[-165.57811156223124,59.9084507460949]]],[[[-171.7342346846937,63.781063562191235],[-171.11502230044601,63.59149510266204],[-170.48860977219545,63.69643478561571],[-169.6821936438729,63.432393002700024],[-168.68857377147543,63.2969869601792],[-168.77497549951,63.18866212616251],[-169.5309906198124,62.97539760919216],[-170.2870057401148,63.19543242828854],[-170.66861337226746,63.37484543462867],[-171.5542310846217,63.31729786655731],[-171.79183583671673,63.40531179419585],[-171.7342346846937,63.781063562191235]]],[[[-140.98241964839298,69.71184822460447],[-140.98961979239584,65.99833750847014],[-140.99681993639874,60.30789857153141],[-140.01040020800417,60.277432211964225],[-139.03838076761537,59.999849824796485],[-138.339966799336,59.56316533766673],[-137.45434908698175,58.90644603144062],[-136.48232964659294,59.46499595683912],[-135.47430948618972,59.78658530782613],[-134.9414988299766,59.272042346246906],[-134.27188543770876,58.862439067621324],[-133.357467149343,58.4088288251765],[-132.73105462109243,57.694561950879006],[-131.70863417268345,56.55376604264083],[-130.00940018800378,55.91735764279284],[-129.98059961199226,55.28433439400786],[-130.535010700214,54.80364294305883],[-131.08222164443288,55.179394711054215],[-131.96783935678712,55.49759891097821],[-132.24864497289946,56.37096788523769],[-133.53747074941498,57.18001898929978],[-134.077481549631,58.1244761358827],[-135.03510070201406,58.188794006080116],[-136.62633252665054,58.212490063521244],[-137.79995599912,58.500227903878056],[-139.86639732794657,59.53608412916256],[-140.82401648032962,59.72903773975477],[-142.57365147302946,60.08447860137201],[-143.95607912158243,59.999849824796485],[-145.92891857837157,60.460230369367366],[-147.1169423388468,60.883374252245034],[-148.2257645152903,60.67349488633772],[-148.01696033920678,59.97953891841834],[-148.57137142742855,59.91522104822096],[-149.73059461189223,59.705341682313616],[-150.6090121802436,59.366826576011505],[-151.71783435668715,59.15694721010419],[-151.86183723674475,59.74596349506987],[-151.4082281645633,60.72427215228302],[-150.34980699613993,61.032320899017975],[-150.62341246824937,61.282822077681544],[-151.89783795675913,60.727657303346035],[-152.58185163703274,60.060782543930856],[-154.02188043760876,59.349900820696405],[-153.287465749315,58.86582421868437],[-154.2306846136923,58.144787042260816],[-155.31070621412428,57.728413461509206],[-156.3115262305246,57.423749865837294],[-156.55633112662252,56.98029507658151],[-158.1187623752475,56.462366963939274],[-158.43556871137423,55.995216117242336],[-159.6019920398408,55.56530193223864],[-160.29320586411728,55.64316040668811],[-161.2220244404888,55.36557801952037],[-162.2372447448949,55.023677762155216],[-163.072461449229,54.68854780691612],[-164.78609572191445,54.40419511762232],[-164.9444988899778,54.573452670773406],[-163.85007700154003,55.040603517470345],[-162.87085741714833,55.34865226420527],[-161.8052361047221,55.89366158535168],[-160.56681133622672,56.00875672149442],[-160.070001400028,56.418360000119975],[-158.68757375147504,57.017531738274755],[-158.46436928738575,57.217255650992996],[-157.7227544550891,57.56931136154722],[-157.54995099901998,58.327585199663986],[-157.0387407748155,58.91998663569271],[-158.19796395927918,58.61532304002077],[-158.51477029540592,58.78796574423487],[-159.0619812396248,58.4257545804916],[-159.709994199884,58.93014208888175],[-159.98359967199343,58.5713160762015],[-160.35800716014322,59.072318433528665],[-161.35162703254065,58.66948545702911],[-161.97083941678835,58.672870608092154],[-162.0572411448229,59.26527204412088],[-161.8772375447509,59.634253509990174],[-162.51805036100723,59.98969437160741],[-163.8212764255285,59.7967407610152],[-164.66369327386548,60.267276758775154],[-165.34770695413908,60.50762248424968],[-165.34770695413908,61.0729427117742],[-166.11812236244725,61.499471745714885],[-165.7365147302946,62.07494742642851],[-164.9156983139663,62.63349735182703],[-164.56289125782516,63.148040313406256],[-163.7564751295026,63.2191284857297],[-163.0652613052261,63.060026385767685],[-162.25884517690355,63.54071783671671],[-161.53163063261266,63.45608906014118],[-160.77561551231025,63.76752295793915],[-160.95561911238224,64.221133200384],[-161.5172303446069,64.40393135778714],[-160.77561551231025,64.78983857897157],[-161.39482789655793,64.77629797471948],[-162.4532490649813,64.55964830668611],[-162.75565511310225,64.33961348758973],[-163.54767095341907,64.55964830668611],[-164.95889917798357,64.44793832160642],[-166.4277285545711,64.68828404708091],[-166.84533690673814,65.08773187251742],[-168.11256225124504,65.66997785535708],[-166.7085341706834,66.08973658717173],[-164.4764895297906,66.57719834024678],[-163.65567311346229,66.57719834024678],[-163.78527570551412,66.07619598291964],[-161.67563351267026,66.1168177956759],[-162.4892497849957,66.7363004402088],[-163.7204744094882,67.11543735926716],[-164.43328866577332,67.6164397165943],[-165.39090781815636,68.04296875053498],[-166.76613532270645,68.35778779939596],[-166.2045240904818,68.88248621416426],[-164.43328866577332,68.91633772479449],[-163.16606332126642,69.36994796723931],[-162.9284585691714,69.8574097203144],[-161.90603812076242,70.33471602020037],[-160.9340186803736,70.44642600528007],[-159.04038080761615,70.8932659455989],[-158.1187623752475,70.82556292433847],[-156.57793155863118,71.3570316412328],[-155.06590131802636,71.14715227532548],[-154.34588691773837,70.69692718394367],[-153.89947798955978,70.88988079453588],[-152.20744414888298,70.82894807540148],[-152.2722454449089,70.59875780311603],[-150.73861477229545,70.42950024996497],[-149.72339446788936,70.53105478185563],[-147.6137522750455,70.21285058193163],[-145.69131382627654,70.12145150323005],[-144.92089841796837,69.9894306117722],[-143.58887177743554,70.15191786279723],[-142.06964139282786,69.85063941818834],[-140.98241964839298,69.71184822460447]]]]}},{"type":"Feature","id":"UZB","properties":{"name":"Uzbekistan"},"geometry":{"type":"Polygon","coordinates":[[[66.51853037060738,37.36334466637331],[66.5473309466189,37.97605700878016],[65.2153043060861,38.40258604272084],[64.17128342566849,38.89343294685892],[63.5160703214064,39.363968944618875],[62.37124742494848,40.05453976147521],[61.881637632752614,41.083625684633674],[61.55043100862014,41.26642384203683],[60.46320926418525,41.21903172715453],[60.0816016320326,41.42552594199883],[59.97359947198942,42.224421592871835],[58.627172543450854,42.752505158703144],[57.78475569511389,42.17025917586351],[56.935138702774026,41.82497376743534],[57.093541870837385,41.323971410108186],[55.970319406388114,41.307045654793086],[55.927118542370806,44.99686031348625],[58.50477009540188,45.58587659845196],[58.69197383947676,45.50124782187643],[60.24000480009599,44.783595796515925],[61.0608212164243,44.40445887745753],[62.01124022480448,43.50400869469388],[63.184863697273926,43.64957019040378],[64.89849796995938,43.72742866485328],[66.10092201844034,42.996236035240685],[66.02172043440865,41.994231320586394],[66.51133022660451,41.98746101846035],[66.71293425868515,41.1682544612092],[67.98735974719492,41.134402950579],[68.26096521930435,40.663866952819035],[68.63537270745411,40.66725210388206],[69.06738134762693,41.38490412924257],[70.39220784415684,42.08224524822495],[70.96101922038437,42.26504340562809],[71.25622512450246,42.16687402480048],[70.42100842016836,41.52031017176341],[71.15542310846214,41.14455840376806],[71.86823736474727,41.391674431368614],[73.05626112522248,40.86697601660032],[71.77463549270982,40.14593884017678],[71.01142022840455,40.24410822100441],[70.60101202024038,40.21702701250024],[70.45700914018278,40.49799455073099],[70.66581331626631,40.96176024636492],[69.32658653173061,40.72818482301645],[69.0097801956039,40.08500612104241],[68.53457069141379,39.533226497769945],[67.69935398707972,39.58061861265223],[67.44014880297604,39.14054897445948],[68.1745634912698,38.900203248984965],[68.39056781135619,38.15547001512029],[67.82895657913156,37.143309847276925],[67.07294145882915,37.356574364247265],[66.51853037060738,37.36334466637331]]]}},{"type":"Feature","id":"VEN","properties":{"name":"Venezuela"},"geometry":{"type":"Polygon","coordinates":[[[-71.3282265645313,11.774987780995602],[-71.35702714054283,11.541412357647147],[-71.947438948779,11.42293207044139],[-71.62343246864938,10.969321827996552],[-71.63063261265226,10.448008564291271],[-72.07704154083083,9.86576258145162],[-71.69543390867818,9.073637232704641],[-71.26342526850539,9.13795510290204],[-71.0402208044161,9.858992279325577],[-71.34982699653995,10.211047989879788],[-71.4002280045601,10.969321827996552],[-70.15460309206185,11.375539955559105],[-70.29140582811658,11.846075953319058],[-69.94579891597833,12.160895002180027],[-69.58579171583433,11.460168732134633],[-68.88017760355208,11.44324297681952],[-68.23216464329288,10.88469305142101],[-68.19616392327848,10.556333398307956],[-67.29614592291847,10.546177945118885],[-66.23052461049222,10.647732477009527],[-65.65451309026182,10.200892536690716],[-64.89129782595653,10.075641947358932],[-64.32968659373189,10.390460996219915],[-64.31528630572613,10.640962174883484],[-63.076861537230755,10.701894894017869],[-61.88163763275267,10.715435498269954],[-62.73125462509252,10.4209273557871],[-62.38564771295427,9.947006206964133],[-61.58643172863458,9.872532883577662],[-60.830416608332186,9.381685979439581],[-60.67201344026881,8.579405177503546],[-60.15360307206146,8.603101234944688],[-59.75759515190305,8.366140660533205],[-60.549610992219854,7.780509526630524],[-60.63601272025441,7.414913211824228],[-60.297605952119056,7.042546594891888],[-60.542410848216974,6.856363286425719],[-61.16162323246466,6.69726118646372],[-61.14002280045602,6.23349549082981],[-61.41362827256546,5.959298254725084],[-60.73681473629473,5.20102441660832],[-60.600012000240014,4.916671727314537],[-60.967219344386905,4.537534808256154],[-62.08324166483331,4.161783040260801],[-62.80325606512132,4.0060660913618165],[-63.091261825236515,3.769105516950333],[-63.8904778095562,4.019606695613902],[-64.63209264185285,4.148242436008715],[-64.81929638592773,4.05684335730713],[-64.36568731374629,3.796186725454504],[-64.40888817776357,3.125926814976296],[-64.27208544170885,2.4962887172543304],[-63.422468449369006,2.4116599406788026],[-63.37206744134885,2.2017805747714903],[-64.08488169763396,1.917427885477693],[-64.20008400168005,1.4942840026000397],[-64.61049220984421,1.3284116005119984],[-65.35210704214086,1.094836177163529],[-65.54651093021862,0.7901725814916176],[-66.32412648252966,0.7258547112942182],[-66.87853757075143,1.2539382771255276],[-67.18094361887239,2.24917268965379],[-67.44734894697895,2.601228400208001],[-67.80735614712296,2.8212632193043703],[-67.30334606692135,3.3188804255684943],[-67.33934678693575,3.5423003957279064],[-67.62015240304807,3.840193689273775],[-67.82175643512872,4.50368329762594],[-67.74255485109704,5.221335322986448],[-67.51935038700775,5.556465278225559],[-67.33934678693575,6.09470429724594],[-67.69215384307688,6.267347001460024],[-68.26816536330728,6.152251865317297],[-68.98817976359528,6.206414282325639],[-69.39138782775657,6.101474599371983],[-70.08980179603593,6.961302969379375],[-70.67301346026922,7.086553558711159],[-71.96183923678475,6.9917693289465745],[-72.19944398887979,7.340439888437757],[-72.44424888497771,7.425068665013285],[-72.48024960499211,7.631562879857583],[-72.35784715694315,8.003929496789922],[-72.43704874097483,8.406762473289461],[-72.66025320506411,8.626797292385831],[-72.78985579711595,9.083792685893712],[-73.30826616532332,9.151495707154126],[-73.027460549211,9.737126841056806],[-72.90505810116204,10.4513937153543],[-72.61705234104683,10.82037518122361],[-72.22824456489131,11.108113021580422],[-71.97623952479051,11.60911537890756],[-71.3282265645313,11.774987780995602]]]}},{"type":"Feature","id":"VNM","properties":{"name":"Vietnam"},"geometry":{"type":"Polygon","coordinates":[[[108.04896097921954,21.55130405100101],[106.71693433868671,20.698245983119648],[105.88171763435264,19.7504036854737],[105.65851317026335,19.059832868617363],[106.42892857857152,18.00366573695473],[107.36494729894594,16.696997426628513],[108.27216544330884,16.080899933158648],[108.87697753955075,15.275233980159598],[109.33778675573507,13.426941499749987],[109.20098401968033,11.666662946978931],[108.36576731534626,11.009943640752809],[107.22094441888834,10.363379787715743],[106.40732814656292,9.530632626212508],[105.16170323406465,8.59971608388166],[104.79449588991775,9.239509634792682],[105.07530150603009,9.919924998459962],[104.33368667373344,10.485245225984514],[105.19770395407903,10.888078202484039],[106.24892497849953,10.96255152587051],[105.80971619432387,11.568493566151318],[107.4945498909978,12.33692285745714],[107.61695233904675,13.535266333766657],[107.37934758695172,14.20214109318185],[107.56655133102657,15.200760656773127],[107.31454629092576,15.908257228944564],[106.55853117062338,16.605598347926943],[105.92491849836995,17.485737624312478],[105.09690193803874,18.667155345306895],[103.89447788955778,19.26632708346166],[104.18248364967297,19.625153096141915],[104.82329646592927,19.88580972799454],[104.43448868977379,20.759178702254033],[103.20326406528125,20.765949004380076],[102.75685513710272,21.676554640332796],[102.1736434728694,22.465294838016746],[102.70645412908254,22.709025714554272],[103.50567011340223,22.70225541242823],[104.47768955379104,22.820735699633985],[105.3273065461309,23.352204416528323],[105.80971619432387,22.976452648532955],[106.72413448268964,22.793654491129814],[106.56573131462625,22.21817881041619],[107.04094081881635,21.811960682853638],[108.04896097921954,21.55130405100101]]]}},{"type":"Feature","id":"VUT","properties":{"name":"Vanuatu"},"geometry":{"type":"MultiPolygon","coordinates":[[[[167.84615692313844,-16.467327537790766],[167.51495029900593,-16.599348429248593],[167.17654353087056,-16.159278791055826],[167.21974439488787,-15.891851857077143],[167.84615692313844,-16.467327537790766]]],[[[167.1045420908418,-14.933854106242137],[167.27014540290804,-15.739520059241187],[167.00374007480144,-15.614269469909402],[166.79493589871794,-15.668431886917745],[166.65093301866034,-15.394234650813019],[166.62933258665169,-14.625805359507197],[167.1045420908418,-14.933854106242137]]]]}},{"type":"Feature","id":"PSE","properties":{"name":"West Bank"},"geometry":{"type":"Polygon","coordinates":[[[35.543510870217375,32.3939429058581],[35.543510870217375,31.78123056345126],[35.399507990159776,31.49010757203142],[34.9242984859697,31.354701529510578],[34.96749934998698,31.61535816136322],[35.22670453409066,31.75414935494709],[34.974699493989846,31.865859340026788],[35.18350367007338,32.53273409944198],[35.543510870217375,32.3939429058581]]]}},{"type":"Feature","id":"YEM","properties":{"name":"Yemen"},"geometry":{"type":"Polygon","coordinates":[[[53.11186223724471,16.649605311746228],[52.38464769295382,16.382178377767545],[52.190243804876076,15.938723588511763],[52.16864337286742,15.59682333114661],[51.17502350046999,15.173679448268956],[49.576591531830616,14.709913752635046],[48.67657353147061,14.002417180463596],[48.23736474729492,13.948254763455253],[47.94215884317683,14.005802331526624],[47.35174703494067,13.592813901838028],[46.71813436268724,13.399860291245815],[45.87571751435027,13.349083025300487],[45.62371247424946,13.29153545722913],[45.40770815416306,13.027493674313476],[45.14130282605649,12.953020350927005],[44.990099801996024,12.699134021200408],[44.493289865797294,12.722830078641564],[44.17648352967058,12.587424036120709],[43.485269705394074,12.638201302066037],[43.2260645212904,13.220447284905688],[43.254865097301916,13.768841757115126],[43.08926178523569,14.06334989959798],[42.89485789715792,14.801312831336617],[42.60685213704272,15.214301261025213],[42.80845616912336,15.261693375907512],[42.70045400908015,15.71868876941538],[42.82285645712912,15.911642380007592],[42.77965559311184,16.34832686713733],[43.21886437728753,16.666531067061328],[43.11806236124721,17.08967494993898],[43.37726754535089,17.580521854077062],[43.794875897517926,17.319865222224436],[44.0612812256245,17.411264300926007],[45.21330426608529,17.43496035836715],[45.400508010160166,17.333405826476522],[46.36532730654611,17.23185129458588],[46.74693493869876,17.282628560531194],[46.99893997879954,16.95088375635511],[47.46694933898675,17.116756158443152],[48.17976359527188,18.166152987979743],[49.1157823156463,18.61637807936158],[52.0030400608012,18.998900149482978],[52.78065561311223,17.35033158179162],[53.11186223724471,16.649605311746228]]]}},{"type":"Feature","id":"ZAF","properties":{"name":"South Africa"},"geometry":{"type":"Polygon","coordinates":[[[16.347926958539148,-28.57601289021781],[16.823136462729224,-28.08178083501671],[17.219144382887634,-28.355978071121427],[17.384747694953887,-28.78250710506211],[17.83835676713531,-28.856980428448573],[18.464769295385878,-29.046548887977764],[19.004780095601888,-28.9720755645913],[19.89759795195903,-28.46091775407509],[19.89759795195903,-24.767717944318896],[20.16400328006557,-24.91666459109183],[20.76161523230462,-25.8678920398008],[20.668013360267196,-26.47721923114463],[20.89121782435646,-26.82927494169884],[21.604032080641588,-26.7277204098082],[22.108042160843183,-26.280880469489396],[22.576051521030394,-25.979602024880506],[22.82085641712831,-25.498910573931482],[23.310466209324176,-25.26872030164604],[23.735274705494078,-25.390585739914805],[24.210484209684182,-25.671553278145566],[25.02410048200963,-25.718945393027866],[25.66491329826593,-25.485369969679397],[25.76571531430625,-25.173936071881442],[25.938518770375396,-24.696629771995447],[26.48572971459427,-24.615386146482933],[26.78813576271523,-24.23963437848758],[27.119342386847705,-23.572759619072386],[28.019360387207712,-22.828026385207714],[29.430588611772208,-22.090063453469078],[29.84099681993638,-22.103604057721164],[30.32340646812935,-22.272861610872226],[30.661813236264692,-22.150996172603456],[31.194623892477836,-22.252550704494098],[31.66983339666791,-23.65738839564792],[31.92903858077159,-24.368270118882386],[31.749034980699577,-25.485369969679397],[31.835436708734164,-25.84419598235965],[31.33142662853254,-25.661397824956502],[31.043420868417343,-25.73248599727995],[30.94981899637989,-26.023608988699777],[30.67621352427045,-26.39936075669514],[30.683413668273346,-26.744646165123307],[31.281025620512395,-27.28627033520671],[31.87143742874855,-27.17794550119003],[32.07304146082919,-26.734490711934242],[32.829056581131596,-26.741261014060285],[32.577051541030784,-27.469068492609857],[32.461849236984705,-28.301815654113085],[32.20264405288103,-28.752040745494917],[31.51863037260742,-29.256428253885083],[31.324226484529675,-29.401989749594996],[30.899417988359744,-29.909762409048184],[30.625812516250306,-30.424305370627415],[30.057001140022777,-31.141957395987923],[28.926578531570613,-32.17104331914639],[28.22096441928835,-32.77360020836417],[27.464949298985943,-33.227210450809025],[26.420928418568337,-33.616502823056464],[25.909718194363876,-33.667280089001785],[25.78011560231201,-33.944862476169526],[25.175303506070094,-33.79591582939659],[24.678493569871364,-33.98548428892578],[23.59127182543648,-33.79591582939659],[22.986459729194564,-33.91778126766536],[22.576051521030394,-33.86361885065702],[21.539230784615683,-34.25968152503051],[20.68961379227582,-34.41878362499251],[20.070401408028147,-34.79453539298787],[19.616792335846696,-34.81823145042901],[19.191983839676766,-34.46279058881178],[18.853577071541395,-34.44586483349668],[18.4215684313686,-33.99902489317787],[18.37836756735132,-34.13781608676174],[18.241564831296614,-33.86700400172004],[18.24876497529948,-33.28137286781736],[17.92475849516987,-32.61111295733915],[18.24876497529948,-32.428314799936004],[18.21996439928796,-31.663270659693197],[17.56475129502587,-30.725583815236313],[17.06794135882714,-29.879296049481],[17.060741214824276,-29.875910898417978],[16.347926958539148,-28.57601289021781]],[[28.976979539590758,-28.955149809276193],[28.54497089941796,-28.64710106254126],[28.07696153923075,-28.85021012632253],[27.529750595011876,-29.242887649632998],[26.99693993879876,-29.875910898417978],[27.75295505910117,-30.6443401897238],[28.10576211524227,-30.546170808896186],[28.29296585931715,-30.224581457909167],[28.84737694753892,-30.068864509010183],[29.020180403608038,-29.743890006960143],[29.322586451729023,-29.256428253885083],[28.976979539590758,-28.955149809276193]]]}},{"type":"Feature","id":"ZMB","properties":{"name":"Zambia"},"geometry":{"type":"Polygon","coordinates":[[[32.757055141102796,-9.229874565051304],[33.23226464529287,-9.676714505370114],[33.484269685393684,-10.52638742218845],[33.31866637332743,-10.797199507230147],[33.11706234124679,-11.60625061129224],[33.30426608532167,-12.435612621732446],[32.99465989319785,-12.784283181223628],[32.685053701074,-13.711814572491463],[33.21066421328425,-13.972471204344089],[30.17940358807175,-14.795062912658267],[30.273005460109175,-15.509329786955746],[29.516990339806767,-15.644735829476602],[28.948178963579238,-16.044183654913112],[28.825776515530293,-16.38946906334128],[28.465769315386297,-16.467327537790766],[27.601752035040676,-17.28991924610493],[27.047340946818906,-17.936483099141995],[26.708934178683563,-17.960179156583138],[26.384927698553952,-17.84508402044041],[25.261705234104653,-17.73675918642374],[25.08170163403267,-17.66228586303727],[25.074501490029775,-17.57765708646174],[24.685693713874258,-17.35423711630233],[24.03048060961217,-17.296689548230972],[23.216864337286722,-17.5234946694534],[22.561651233024634,-16.897241722794462],[21.88483769675392,-16.08142031660634],[21.935238704774065,-12.899378317366356],[24.01608032160641,-12.909533770555413],[23.92967859357185,-12.564248362127245],[24.080881617632343,-12.191881745194905],[23.90087801756033,-11.721345747434953],[24.01608032160641,-11.237269145422914],[23.91527830556609,-10.92583524762496],[24.25368507370146,-10.952916456129131],[24.3112862257245,-11.264350353927085],[24.786495729914577,-11.237269145422914],[25.42010840216801,-11.332053375187513],[25.75131502630049,-11.785663617632366],[26.550531010620176,-11.924454811216236],[27.162543250864985,-11.609635762355254],[27.385747714954277,-12.134334177123549],[28.156163123262445,-12.273125370707419],[28.523370467409336,-12.6996544046481],[28.93377867557348,-13.248048876857538],[29.69699393987878,-13.25820433004661],[29.617792355847087,-12.178341140942834],[29.34418688373765,-12.361139298345975],[28.64577291545828,-11.971846926098536],[28.372167443348843,-11.792433919758409],[28.494569891397816,-10.790429205104104],[28.6745734914698,-9.605626333046672],[28.451369027380537,-9.165556694853905],[28.73217464349284,-8.525763143942882],[29.005780115602278,-8.40728285673714],[30.345006900137975,-8.238025303586085],[30.741014820296385,-8.339579835476712],[31.15862317246342,-8.59346616520331],[31.554631092621833,-8.76272371835438],[32.19544390887816,-8.931981271505435],[32.757055141102796,-9.229874565051304]]]}},{"type":"Feature","id":"ZWE","properties":{"name":"Zimbabwe"},"geometry":{"type":"Polygon","coordinates":[[[31.194623892477836,-22.252550704494098],[30.661813236264692,-22.150996172603456],[30.32340646812935,-22.272861610872226],[29.84099681993638,-22.103604057721164],[29.430588611772208,-22.090063453469078],[28.796975939518774,-21.639838362087247],[28.019360387207712,-21.48750656425129],[27.72415448308965,-20.851098164403297],[27.72415448308965,-20.499042453849086],[27.299345986919718,-20.3907176198324],[26.16172323446466,-19.29392867541351],[25.852117042340836,-18.715067843636874],[25.65051301026017,-18.535654837296747],[25.261705234104653,-17.73675918642374],[26.384927698553952,-17.84508402044041],[26.708934178683563,-17.960179156583138],[27.047340946818906,-17.936483099141995],[27.601752035040676,-17.28991924610493],[28.465769315386297,-16.467327537790766],[28.825776515530293,-16.38946906334128],[28.948178963579238,-16.044183654913112],[29.516990339806767,-15.644735829476602],[30.273005460109175,-15.509329786955746],[30.33780675613511,-15.881696403888085],[31.17302346046918,-15.861385497509957],[31.633832676653498,-16.07126486341727],[31.849836996739924,-16.318380891017824],[32.32504650093,-16.392854214404295],[32.85065701314025,-16.71444356539132],[32.85065701314025,-17.980490062961266],[32.65625312506248,-18.671060879817603],[32.6130522610452,-19.419179264745296],[32.771455429108556,-19.71707255829118],[32.65625312506248,-20.302703692193845],[32.51225024500488,-20.39410277089543],[32.24584491689831,-21.11513994731895],[31.194623892477836,-22.252550704494098]]]}}]}